Matrix source row,Requirement,Type,Module,Requirement title,Resolution status,API operationId,API method,API path,Permission,Server handler planned,Screen Stage 3.5,FLOW Stage 3.5,Test type,Source evidence,Resolution rationale
wave-c.csv:18,DATA-014,DATA,MOD-014,Данные модуля: DTO/агрегаты и их поля по OpenAPI,unresolved,,,,,,SCR-133 Глобальный поиск; SCR-134 Полные результаты поиска; SCR-135 Фильтры поиска; SCR-136 Partial/offline search banner,FLOW-019 Глобальный поиск,Boundary/contract UI,implementation_matrix.csv wave-c.csv:18 Source='DEC-036/037/041'; traceability 4.5 DATA-014 API cell='OpenAPI operations of module'; openapi.yaml contains no operationId for this requirement.,Sources name module operations without an operationId; the DTO field contract is enforced by the module AC rows (resolved individually); no confirmed API link for the module-level row.
wave-c.csv:19,PERM-014,PERM,MOD-014,Права модуля: capabilities и scopes по OpenAPI,unresolved,,,,,,SCR-133 Глобальный поиск; SCR-134 Полные результаты поиска; SCR-135 Фильтры поиска; SCR-136 Partial/offline search banner,FLOW-019 Глобальный поиск,Security/authorization,implementation_matrix.csv wave-c.csv:19 Source='DEC-004/030; OpenAPI'; traceability 4.5 PERM-014 API cell='OpenAPI operations of module'; openapi.yaml contains no operationId for this requirement.,Sources name module operations without an operationId; the permission set is enforced by the module Permission-denial AC rows (resolved individually); no confirmed API link for the module-level row.
wave-c.csv:20,ERR-014,ERR,MOD-014,"Ошибки модуля: стабильные коды, HTTP-статусы и recovery по OpenAPI",unresolved,,,,,,SCR-133 Глобальный поиск; SCR-134 Полные результаты поиска; SCR-135 Фильтры поиска; SCR-136 Partial/offline search banner,FLOW-019 Глобальный поиск,Error handling,implementation_matrix.csv wave-c.csv:20 Source='errors.csv; State Matrix'; traceability 4.5 ERR-014 API cell='OpenAPI operations of module'; openapi.yaml contains no operationId for this requirement.,Sources name module operations without an operationId; stable error handling is enforced by the module AC rows (resolved individually); no confirmed API link for the module-level row.
wave-c.csv:22,AUDIT-014,AUDIT,MOD-014,"Аудит и история действий модуля (append-only, redaction-aware)",unresolved,,,,,,SCR-133 Глобальный поиск; SCR-134 Полные результаты поиска; SCR-135 Фильтры поиска; SCR-136 Partial/offline search banner,FLOW-019 Глобальный поиск,Audit/security,implementation_matrix.csv wave-c.csv:22 Source='Architecture audit principles; OpenAPI side effects'; traceability 4.5 AUDIT-014 API cell='Domain command + audit/history endpoints'; openapi.yaml contains no operationId for this requirement.,Sources name domain command + audit/history endpoints without an operationId; audit evidence is enforced by the module AC rows (resolved individually); no confirmed API link for the module-level row.
wave-c.csv:42,DATA-015,DATA,MOD-015,Данные модуля: DTO/агрегаты и их поля по OpenAPI,unresolved,,,,,,SCR-130 Центр уведомлений; SCR-131 Windows desktop notification; SCR-132 Результат notification action; SCR-212 Toast deep-link activation,FLOW-020 Действие из notification,Boundary/contract UI,implementation_matrix.csv wave-c.csv:42 Source='DEC-036/037/041'; traceability 4.5 DATA-015 API cell='OpenAPI operations of module'; openapi.yaml contains no operationId for this requirement.,Sources name module operations without an operationId; the DTO field contract is enforced by the module AC rows (resolved individually); no confirmed API link for the module-level row.
wave-c.csv:43,PERM-015,PERM,MOD-015,Права модуля: capabilities и scopes по OpenAPI,unresolved,,,,,,SCR-130 Центр уведомлений; SCR-131 Windows desktop notification; SCR-132 Результат notification action; SCR-212 Toast deep-link activation,FLOW-020 Действие из notification,Security/authorization,implementation_matrix.csv wave-c.csv:43 Source='DEC-004/030; OpenAPI'; traceability 4.5 PERM-015 API cell='OpenAPI operations of module'; openapi.yaml contains no operationId for this requirement.,Sources name module operations without an operationId; the permission set is enforced by the module Permission-denial AC rows (resolved individually); no confirmed API link for the module-level row.
wave-c.csv:44,ERR-015,ERR,MOD-015,"Ошибки модуля: стабильные коды, HTTP-статусы и recovery по OpenAPI",unresolved,,,,,,SCR-130 Центр уведомлений; SCR-131 Windows desktop notification; SCR-132 Результат notification action; SCR-212 Toast deep-link activation,FLOW-020 Действие из notification,Error handling,implementation_matrix.csv wave-c.csv:44 Source='errors.csv; State Matrix'; traceability 4.5 ERR-015 API cell='OpenAPI operations of module'; openapi.yaml contains no operationId for this requirement.,Sources name module operations without an operationId; stable error handling is enforced by the module AC rows (resolved individually); no confirmed API link for the module-level row.
wave-c.csv:46,AUDIT-015,AUDIT,MOD-015,"Аудит и история действий модуля (append-only, redaction-aware)",unresolved,,,,,,SCR-130 Центр уведомлений; SCR-131 Windows desktop notification; SCR-132 Результат notification action; SCR-212 Toast deep-link activation,FLOW-020 Действие из notification,Audit/security,implementation_matrix.csv wave-c.csv:46 Source='Architecture audit principles; OpenAPI side effects'; traceability 4.5 AUDIT-015 API cell='Domain command + audit/history endpoints'; openapi.yaml contains no operationId for this requirement.,Sources name domain command + audit/history endpoints without an operationId; audit evidence is enforced by the module AC rows (resolved individually); no confirmed API link for the module-level row.
wave-c.csv:59,DATA-016,DATA,MOD-016,Данные модуля: DTO/агрегаты и их поля по OpenAPI,unresolved,,,,,,SCR-140 Архив,FLOW-026 Архивирование,Contract/UI,implementation_matrix.csv wave-c.csv:59 Source='DEC-036/037/041'; traceability 4.5 DATA-016 API cell='OpenAPI operations of module'; openapi.yaml contains no operationId for this requirement.,Sources name module operations without an operationId; the DTO field contract is enforced by the module AC rows (resolved individually); no confirmed API link for the module-level row.
wave-c.csv:60,PERM-016,PERM,MOD-016,Права модуля: capabilities и scopes по OpenAPI,unresolved,,,,,,SCR-140 Архив,FLOW-026 Архивирование,Security/authorization,implementation_matrix.csv wave-c.csv:60 Source='DEC-004/030; OpenAPI'; traceability 4.5 PERM-016 API cell='OpenAPI operations of module'; openapi.yaml contains no operationId for this requirement.,Sources name module operations without an operationId; the permission set is enforced by the module Permission-denial AC rows (resolved individually); no confirmed API link for the module-level row.
wave-c.csv:61,ERR-016,ERR,MOD-016,"Ошибки модуля: стабильные коды, HTTP-статусы и recovery по OpenAPI",unresolved,,,,,,SCR-140 Архив,FLOW-026 Архивирование,Error handling,implementation_matrix.csv wave-c.csv:61 Source='errors.csv; State Matrix'; traceability 4.5 ERR-016 API cell='OpenAPI operations of module'; openapi.yaml contains no operationId for this requirement.,Sources name module operations without an operationId; stable error handling is enforced by the module AC rows (resolved individually); no confirmed API link for the module-level row.
wave-c.csv:63,AUDIT-016,AUDIT,MOD-016,"Аудит и история действий модуля (append-only, redaction-aware)",unresolved,,,,,,SCR-140 Архив,FLOW-026 Архивирование,Audit/security,implementation_matrix.csv wave-c.csv:63 Source='Architecture audit principles; OpenAPI side effects'; traceability 4.5 AUDIT-016 API cell='Domain command + audit/history endpoints'; openapi.yaml contains no operationId for this requirement.,Sources name domain command + audit/history endpoints without an operationId; audit evidence is enforced by the module AC rows (resolved individually); no confirmed API link for the module-level row.
wave-c.csv:70,DATA-017,DATA,MOD-017,Данные модуля: DTO/агрегаты и их поля по OpenAPI,unresolved,,,,,,SCR-141 Корзина; SCR-142 Восстановление / restore conflict; SCR-143 Purge metadata,FLOW-027 Перемещение в корзину; FLOW-028 Восстановление из корзины,Boundary/contract UI,implementation_matrix.csv wave-c.csv:70 Source='DEC-036/037/041'; traceability 4.5 DATA-017 API cell='OpenAPI operations of module'; openapi.yaml contains no operationId for this requirement.,Sources name module operations without an operationId; the DTO field contract is enforced by the module AC rows (resolved individually); no confirmed API link for the module-level row.
wave-c.csv:71,PERM-017,PERM,MOD-017,Права модуля: capabilities и scopes по OpenAPI,unresolved,,,,,,SCR-141 Корзина; SCR-142 Восстановление / restore conflict; SCR-143 Purge metadata,FLOW-027 Перемещение в корзину; FLOW-028 Восстановление из корзины,Security/authorization,implementation_matrix.csv wave-c.csv:71 Source='DEC-004/030; OpenAPI'; traceability 4.5 PERM-017 API cell='OpenAPI operations of module'; openapi.yaml contains no operationId for this requirement.,Sources name module operations without an operationId; the permission set is enforced by the module Permission-denial AC rows (resolved individually); no confirmed API link for the module-level row.
wave-c.csv:72,ERR-017,ERR,MOD-017,"Ошибки модуля: стабильные коды, HTTP-статусы и recovery по OpenAPI",unresolved,,,,,,SCR-141 Корзина; SCR-142 Восстановление / restore conflict; SCR-143 Purge metadata,FLOW-027 Перемещение в корзину; FLOW-028 Восстановление из корзины,Error handling,implementation_matrix.csv wave-c.csv:72 Source='errors.csv; State Matrix'; traceability 4.5 ERR-017 API cell='OpenAPI operations of module'; openapi.yaml contains no operationId for this requirement.,Sources name module operations without an operationId; stable error handling is enforced by the module AC rows (resolved individually); no confirmed API link for the module-level row.
wave-c.csv:74,AUDIT-017,AUDIT,MOD-017,"Аудит и история действий модуля (append-only, redaction-aware)",unresolved,,,,,,SCR-141 Корзина; SCR-142 Восстановление / restore conflict; SCR-143 Purge metadata,FLOW-027 Перемещение в корзину; FLOW-028 Восстановление из корзины,Audit/security,implementation_matrix.csv wave-c.csv:74 Source='Architecture audit principles; OpenAPI side effects'; traceability 4.5 AUDIT-017 API cell='Domain command + audit/history endpoints'; openapi.yaml contains no operationId for this requirement.,Sources name domain command + audit/history endpoints without an operationId; audit evidence is enforced by the module AC rows (resolved individually); no confirmed API link for the module-level row.
wave-c.csv:83,DATA-018,DATA,MOD-018,Данные модуля: DTO/агрегаты и их поля по OpenAPI,unresolved,,,,,,"SCR-150 Настройки; SCR-151 Профиль; SCR-152 Пароль и безопасность; SCR-153 Notifications и DND; SCR-154 Calendar preferences; SCR-155 Startup, tray и device; SCR-156 Cache и sync; SCR-157 Подключение; SCR-158 Доступность; SCR-159 Диагностика клиента; SCR-161 Мои devices и sessions",FLOW-002 Обычный вход; FLOW-003 Истечение сессии,Boundary/contract UI,implementation_matrix.csv wave-c.csv:83 Source='DEC-036/037/041'; traceability 4.5 DATA-018 API cell='OpenAPI operations of module'; openapi.yaml contains no operationId for this requirement.,Sources name module operations without an operationId; the DTO field contract is enforced by the module AC rows (resolved individually); no confirmed API link for the module-level row.
wave-c.csv:84,PERM-018,PERM,MOD-018,Права модуля: capabilities и scopes по OpenAPI,unresolved,,,,,,"SCR-150 Настройки; SCR-151 Профиль; SCR-152 Пароль и безопасность; SCR-153 Notifications и DND; SCR-154 Calendar preferences; SCR-155 Startup, tray и device; SCR-156 Cache и sync; SCR-157 Подключение; SCR-158 Доступность; SCR-159 Диагностика клиента; SCR-161 Мои devices и sessions",FLOW-002 Обычный вход; FLOW-003 Истечение сессии,Security/authorization,implementation_matrix.csv wave-c.csv:84 Source='DEC-004/030; OpenAPI'; traceability 4.5 PERM-018 API cell='OpenAPI operations of module'; openapi.yaml contains no operationId for this requirement.,Sources name module operations without an operationId; the permission set is enforced by the module Permission-denial AC rows (resolved individually); no confirmed API link for the module-level row.
wave-c.csv:85,ERR-018,ERR,MOD-018,"Ошибки модуля: стабильные коды, HTTP-статусы и recovery по OpenAPI",unresolved,,,,,,"SCR-150 Настройки; SCR-151 Профиль; SCR-152 Пароль и безопасность; SCR-153 Notifications и DND; SCR-154 Calendar preferences; SCR-155 Startup, tray и device; SCR-156 Cache и sync; SCR-157 Подключение; SCR-158 Доступность; SCR-159 Диагностика клиента; SCR-161 Мои devices и sessions",FLOW-002 Обычный вход; FLOW-003 Истечение сессии,Error handling,implementation_matrix.csv wave-c.csv:85 Source='errors.csv; State Matrix'; traceability 4.5 ERR-018 API cell='OpenAPI operations of module'; openapi.yaml contains no operationId for this requirement.,Sources name module operations without an operationId; stable error handling is enforced by the module AC rows (resolved individually); no confirmed API link for the module-level row.
wave-c.csv:87,AUDIT-018,AUDIT,MOD-018,"Аудит и история действий модуля (append-only, redaction-aware)",unresolved,,,,,,"SCR-150 Настройки; SCR-151 Профиль; SCR-152 Пароль и безопасность; SCR-153 Notifications и DND; SCR-154 Calendar preferences; SCR-155 Startup, tray и device; SCR-156 Cache и sync; SCR-157 Подключение; SCR-158 Доступность; SCR-159 Диагностика клиента; SCR-161 Мои devices и sessions",FLOW-002 Обычный вход; FLOW-003 Истечение сессии,Audit/security,implementation_matrix.csv wave-c.csv:87 Source='Architecture audit principles; OpenAPI side effects'; traceability 4.5 AUDIT-018 API cell='Domain command + audit/history endpoints'; openapi.yaml contains no operationId for this requirement.,Sources name domain command + audit/history endpoints without an operationId; audit evidence is enforced by the module AC rows (resolved individually); no confirmed API link for the module-level row.
wave-c.csv:109,DATA-019,DATA,MOD-019,Данные модуля: DTO/агрегаты и их поля по OpenAPI,unresolved,,,,,,"SCR-170 Администрирование; SCR-171 Пользователи; SCR-172 Карточка пользователя; SCR-173 Создание/активация пользователя; SCR-174 Block/deactivate user; SCR-175 Отделы; SCR-176 Audit, policy engine, management APIs; SCR-177 Роли и permissions; SCR-178 Audit, policy engine, management APIs; SCR-179 Effective permission diagnostics; SCR-180 Устройства; SCR-181 Sessions и login attempts; SCR-182 Сетевые ресурсы; SCR-183 Settings APIs, Windows settings; SCR-184 Фоновые задания; SCR-185 Резервные копии; SCR-186 Audit; SCR-187 Organization settings / feature flags; SCR-188 Audit, policy engine, management APIs",FLOW-029 Блокировка пользователя; FLOW-030 Изменение permissions,Boundary/contract UI,implementation_matrix.csv wave-c.csv:109 Source='DEC-036/037/041'; traceability 4.5 DATA-019 API cell='OpenAPI operations of module'; openapi.yaml contains no operationId for this requirement.,Sources name module operations without an operationId; the DTO field contract is enforced by the module AC rows (resolved individually); no confirmed API link for the module-level row.
wave-c.csv:110,PERM-019,PERM,MOD-019,Права модуля: capabilities и scopes по OpenAPI,unresolved,,,,,,"SCR-170 Администрирование; SCR-171 Пользователи; SCR-172 Карточка пользователя; SCR-173 Создание/активация пользователя; SCR-174 Block/deactivate user; SCR-175 Отделы; SCR-176 Audit, policy engine, management APIs; SCR-177 Роли и permissions; SCR-178 Audit, policy engine, management APIs; SCR-179 Effective permission diagnostics; SCR-180 Устройства; SCR-181 Sessions и login attempts; SCR-182 Сетевые ресурсы; SCR-183 Settings APIs, Windows settings; SCR-184 Фоновые задания; SCR-185 Резервные копии; SCR-186 Audit; SCR-187 Organization settings / feature flags; SCR-188 Audit, policy engine, management APIs",FLOW-029 Блокировка пользователя; FLOW-030 Изменение permissions,Security/authorization,implementation_matrix.csv wave-c.csv:110 Source='DEC-004/030; OpenAPI'; traceability 4.5 PERM-019 API cell='OpenAPI operations of module'; openapi.yaml contains no operationId for this requirement.,Sources name module operations without an operationId; the permission set is enforced by the module Permission-denial AC rows (resolved individually); no confirmed API link for the module-level row.
wave-c.csv:111,ERR-019,ERR,MOD-019,"Ошибки модуля: стабильные коды, HTTP-статусы и recovery по OpenAPI",unresolved,,,,,,"SCR-170 Администрирование; SCR-171 Пользователи; SCR-172 Карточка пользователя; SCR-173 Создание/активация пользователя; SCR-174 Block/deactivate user; SCR-175 Отделы; SCR-176 Audit, policy engine, management APIs; SCR-177 Роли и permissions; SCR-178 Audit, policy engine, management APIs; SCR-179 Effective permission diagnostics; SCR-180 Устройства; SCR-181 Sessions и login attempts; SCR-182 Сетевые ресурсы; SCR-183 Settings APIs, Windows settings; SCR-184 Фоновые задания; SCR-185 Резервные копии; SCR-186 Audit; SCR-187 Organization settings / feature flags; SCR-188 Audit, policy engine, management APIs",FLOW-029 Блокировка пользователя; FLOW-030 Изменение permissions,Error handling,implementation_matrix.csv wave-c.csv:111 Source='errors.csv; State Matrix'; traceability 4.5 ERR-019 API cell='OpenAPI operations of module'; openapi.yaml contains no operationId for this requirement.,Sources name module operations without an operationId; stable error handling is enforced by the module AC rows (resolved individually); no confirmed API link for the module-level row.
wave-c.csv:113,AUDIT-019,AUDIT,MOD-019,"Аудит и история действий модуля (append-only, redaction-aware)",unresolved,,,,,,"SCR-170 Администрирование; SCR-171 Пользователи; SCR-172 Карточка пользователя; SCR-173 Создание/активация пользователя; SCR-174 Block/deactivate user; SCR-175 Отделы; SCR-176 Audit, policy engine, management APIs; SCR-177 Роли и permissions; SCR-178 Audit, policy engine, management APIs; SCR-179 Effective permission diagnostics; SCR-180 Устройства; SCR-181 Sessions и login attempts; SCR-182 Сетевые ресурсы; SCR-183 Settings APIs, Windows settings; SCR-184 Фоновые задания; SCR-185 Резервные копии; SCR-186 Audit; SCR-187 Organization settings / feature flags; SCR-188 Audit, policy engine, management APIs",FLOW-029 Блокировка пользователя; FLOW-030 Изменение permissions,Audit/security,implementation_matrix.csv wave-c.csv:113 Source='Architecture audit principles; OpenAPI side effects'; traceability 4.5 AUDIT-019 API cell='Domain command + audit/history endpoints'; openapi.yaml contains no operationId for this requirement.,Sources name domain command + audit/history endpoints without an operationId; audit evidence is enforced by the module AC rows (resolved individually); no confirmed API link for the module-level row.
wave-c.csv:201,AC-1683,AC,MOD-014,[STATE-007] Field contract: (query parameters).contactIds respects type/required/nullable/limits/PATCH semantics,resolved,GET_api_v1_search,GET,/api/v1/search,Search.Use,Task.Application.MOD-014.GET_api_v1_searchHandler,SCR-133 Глобальный поиск; SCR-134 Полные результаты поиска; SCR-135 Фильтры поиска; SCR-136 Partial/offline search banner,FLOW-019 Глобальный поиск,Boundary/contract UI,implementation_matrix.csv wave-c.csv:201 Source='openapi.yaml#/paths//api/v1/search/get/parameters/contactIds' (exact OpenAPI path+method of the parameter); openapi.yaml maps GET /api/v1/search to operationId GET_api_v1_search; traceability 4.5 FR-159 Permission=Search.Use,Matrix row Source references the exact path+method in openapi.yaml; operationId GET_api_v1_search resolved from openapi.yaml at that path; permission confirmed via traceability FR-159.
wave-c.csv:202,AC-1684,AC,MOD-014,[STATE-007] Field contract: (query parameters).cursor respects type/required/nullable/limits/PATCH semantics,resolved,GET_api_v1_search,GET,/api/v1/search,Search.Use,Task.Application.MOD-014.GET_api_v1_searchHandler,SCR-133 Глобальный поиск; SCR-134 Полные результаты поиска; SCR-135 Фильтры поиска; SCR-136 Partial/offline search banner,FLOW-019 Глобальный поиск,Boundary/contract UI,implementation_matrix.csv wave-c.csv:202 Source='openapi.yaml#/paths//api/v1/search/get/parameters/cursor' (exact OpenAPI path+method of the parameter); openapi.yaml maps GET /api/v1/search to operationId GET_api_v1_search; traceability 4.5 FR-159 Permission=Search.Use,Matrix row Source references the exact path+method in openapi.yaml; operationId GET_api_v1_search resolved from openapi.yaml at that path; permission confirmed via traceability FR-159.
wave-c.csv:203,AC-1685,AC,MOD-014,[STATE-007] Field contract: (query parameters).departments respects type/required/nullable/limits/PATCH semantics,resolved,GET_api_v1_search,GET,/api/v1/search,Search.Use,Task.Application.MOD-014.GET_api_v1_searchHandler,SCR-133 Глобальный поиск; SCR-134 Полные результаты поиска; SCR-135 Фильтры поиска; SCR-136 Partial/offline search banner,FLOW-019 Глобальный поиск,Boundary/contract UI,implementation_matrix.csv wave-c.csv:203 Source='openapi.yaml#/paths//api/v1/search/get/parameters/departments' (exact OpenAPI path+method of the parameter); openapi.yaml maps GET /api/v1/search to operationId GET_api_v1_search; traceability 4.5 FR-159 Permission=Search.Use,Matrix row Source references the exact path+method in openapi.yaml; operationId GET_api_v1_search resolved from openapi.yaml at that path; permission confirmed via traceability FR-159.
wave-c.csv:204,AC-1686,AC,MOD-014,[STATE-007] Field contract: (query parameters).from respects type/required/nullable/limits/PATCH semantics,resolved,GET_api_v1_search,GET,/api/v1/search,Search.Use,Task.Application.MOD-014.GET_api_v1_searchHandler,SCR-133 Глобальный поиск; SCR-134 Полные результаты поиска; SCR-135 Фильтры поиска; SCR-136 Partial/offline search banner,FLOW-019 Глобальный поиск,Boundary/contract UI,implementation_matrix.csv wave-c.csv:204 Source='openapi.yaml#/paths//api/v1/search/get/parameters/from' (exact OpenAPI path+method of the parameter); openapi.yaml maps GET /api/v1/search to operationId GET_api_v1_search; traceability 4.5 FR-159 Permission=Search.Use,Matrix row Source references the exact path+method in openapi.yaml; operationId GET_api_v1_search resolved from openapi.yaml at that path; permission confirmed via traceability FR-159.
wave-c.csv:205,AC-1687,AC,MOD-014,[STATE-007] Field contract: (query parameters).hasFiles respects type/required/nullable/limits/PATCH semantics,resolved,GET_api_v1_search,GET,/api/v1/search,Search.Use,Task.Application.MOD-014.GET_api_v1_searchHandler,SCR-133 Глобальный поиск; SCR-134 Полные результаты поиска; SCR-135 Фильтры поиска; SCR-136 Partial/offline search banner,FLOW-019 Глобальный поиск,Boundary/contract UI,implementation_matrix.csv wave-c.csv:205 Source='openapi.yaml#/paths//api/v1/search/get/parameters/hasFiles' (exact OpenAPI path+method of the parameter); openapi.yaml maps GET /api/v1/search to operationId GET_api_v1_search; traceability 4.5 FR-159 Permission=Search.Use,Matrix row Source references the exact path+method in openapi.yaml; operationId GET_api_v1_search resolved from openapi.yaml at that path; permission confirmed via traceability FR-159.
wave-c.csv:206,AC-1688,AC,MOD-014,[STATE-007] Field contract: (query parameters).lifecycle respects type/required/nullable/limits/PATCH semantics,resolved,GET_api_v1_search,GET,/api/v1/search,Search.Use,Task.Application.MOD-014.GET_api_v1_searchHandler,SCR-133 Глобальный поиск; SCR-134 Полные результаты поиска; SCR-135 Фильтры поиска; SCR-136 Partial/offline search banner,FLOW-019 Глобальный поиск,Boundary/contract UI,implementation_matrix.csv wave-c.csv:206 Source='openapi.yaml#/paths//api/v1/search/get/parameters/lifecycle' (exact OpenAPI path+method of the parameter); openapi.yaml maps GET /api/v1/search to operationId GET_api_v1_search; traceability 4.5 FR-159 Permission=Search.Use,Matrix row Source references the exact path+method in openapi.yaml; operationId GET_api_v1_search resolved from openapi.yaml at that path; permission confirmed via traceability FR-159.
wave-c.csv:207,AC-1689,AC,MOD-014,[STATE-007] Field contract: (query parameters).limit respects type/required/nullable/limits/PATCH semantics,resolved,GET_api_v1_search,GET,/api/v1/search,Search.Use,Task.Application.MOD-014.GET_api_v1_searchHandler,SCR-133 Глобальный поиск; SCR-134 Полные результаты поиска; SCR-135 Фильтры поиска; SCR-136 Partial/offline search banner,FLOW-019 Глобальный поиск,Boundary/contract UI,implementation_matrix.csv wave-c.csv:207 Source='openapi.yaml#/paths//api/v1/search/get/parameters/limit' (exact OpenAPI path+method of the parameter); openapi.yaml maps GET /api/v1/search to operationId GET_api_v1_search; traceability 4.5 FR-159 Permission=Search.Use,Matrix row Source references the exact path+method in openapi.yaml; operationId GET_api_v1_search resolved from openapi.yaml at that path; permission confirmed via traceability FR-159.
wave-c.csv:208,AC-1690,AC,MOD-014,[STATE-007] Field contract: (query parameters).projectIds respects type/required/nullable/limits/PATCH semantics,resolved,GET_api_v1_search,GET,/api/v1/search,Search.Use,Task.Application.MOD-014.GET_api_v1_searchHandler,SCR-133 Глобальный поиск; SCR-134 Полные результаты поиска; SCR-135 Фильтры поиска; SCR-136 Partial/offline search banner,FLOW-019 Глобальный поиск,Boundary/contract UI,implementation_matrix.csv wave-c.csv:208 Source='openapi.yaml#/paths//api/v1/search/get/parameters/projectIds' (exact OpenAPI path+method of the parameter); openapi.yaml maps GET /api/v1/search to operationId GET_api_v1_search; traceability 4.5 FR-159 Permission=Search.Use,Matrix row Source references the exact path+method in openapi.yaml; operationId GET_api_v1_search resolved from openapi.yaml at that path; permission confirmed via traceability FR-159.
wave-c.csv:209,AC-1691,AC,MOD-014,[STATE-007] Field contract: (query parameters).q respects type/required/nullable/limits/PATCH semantics,resolved,GET_api_v1_search,GET,/api/v1/search,Search.Use,Task.Application.MOD-014.GET_api_v1_searchHandler,SCR-133 Глобальный поиск; SCR-134 Полные результаты поиска; SCR-135 Фильтры поиска; SCR-136 Partial/offline search banner,FLOW-019 Глобальный поиск,Boundary/contract UI,implementation_matrix.csv wave-c.csv:209 Source='openapi.yaml#/paths//api/v1/search/get/parameters/q' (exact OpenAPI path+method of the parameter); openapi.yaml maps GET /api/v1/search to operationId GET_api_v1_search; traceability 4.5 FR-159 Permission=Search.Use,Matrix row Source references the exact path+method in openapi.yaml; operationId GET_api_v1_search resolved from openapi.yaml at that path; permission confirmed via traceability FR-159.
wave-c.csv:210,AC-1692,AC,MOD-014,[STATE-007] Field contract: (query parameters).to respects type/required/nullable/limits/PATCH semantics,resolved,GET_api_v1_search,GET,/api/v1/search,Search.Use,Task.Application.MOD-014.GET_api_v1_searchHandler,SCR-133 Глобальный поиск; SCR-134 Полные результаты поиска; SCR-135 Фильтры поиска; SCR-136 Partial/offline search banner,FLOW-019 Глобальный поиск,Boundary/contract UI,implementation_matrix.csv wave-c.csv:210 Source='openapi.yaml#/paths//api/v1/search/get/parameters/to' (exact OpenAPI path+method of the parameter); openapi.yaml maps GET /api/v1/search to operationId GET_api_v1_search; traceability 4.5 FR-159 Permission=Search.Use,Matrix row Source references the exact path+method in openapi.yaml; operationId GET_api_v1_search resolved from openapi.yaml at that path; permission confirmed via traceability FR-159.
wave-c.csv:211,AC-1693,AC,MOD-014,[STATE-007/STATE-031] Field contract: (query parameters).types respects type/required/nullable/limits/PATCH semantics,resolved,GET_api_v1_search,GET,/api/v1/search,Search.Use,Task.Application.MOD-014.GET_api_v1_searchHandler,SCR-133 Глобальный поиск; SCR-134 Полные результаты поиска; SCR-135 Фильтры поиска; SCR-136 Partial/offline search banner,FLOW-019 Глобальный поиск,Boundary/contract UI,implementation_matrix.csv wave-c.csv:211 Source='openapi.yaml#/paths//api/v1/search/get/parameters/types' (exact OpenAPI path+method of the parameter); openapi.yaml maps GET /api/v1/search to operationId GET_api_v1_search; traceability 4.5 FR-159 Permission=Search.Use,Matrix row Source references the exact path+method in openapi.yaml; operationId GET_api_v1_search resolved from openapi.yaml at that path; permission confirmed via traceability FR-159.
wave-c.csv:212,AC-1694,AC,MOD-014,[STATE-007] Field contract: (query parameters).userIds respects type/required/nullable/limits/PATCH semantics,resolved,GET_api_v1_search,GET,/api/v1/search,Search.Use,Task.Application.MOD-014.GET_api_v1_searchHandler,SCR-133 Глобальный поиск; SCR-134 Полные результаты поиска; SCR-135 Фильтры поиска; SCR-136 Partial/offline search banner,FLOW-019 Глобальный поиск,Boundary/contract UI,implementation_matrix.csv wave-c.csv:212 Source='openapi.yaml#/paths//api/v1/search/get/parameters/userIds' (exact OpenAPI path+method of the parameter); openapi.yaml maps GET /api/v1/search to operationId GET_api_v1_search; traceability 4.5 FR-159 Permission=Search.Use,Matrix row Source references the exact path+method in openapi.yaml; operationId GET_api_v1_search resolved from openapi.yaml at that path; permission confirmed via traceability FR-159.
wave-c.csv:213,AC-1695,AC,MOD-014,[STATE-007] Field contract: —.tookMs respects type/required/nullable/limits/PATCH semantics,resolved,GET_api_v1_search,GET,/api/v1/search,Search.Use,Task.Application.MOD-014.GET_api_v1_searchHandler,SCR-133 Глобальный поиск; SCR-134 Полные результаты поиска; SCR-135 Фильтры поиска; SCR-136 Partial/offline search banner,FLOW-019 Глобальный поиск,Boundary/contract UI,implementation_matrix.csv wave-c.csv:213 Source='dto_field_catalog.csv:SearchPage.tookMs; openapi.yaml operation GET_api_v1_search'; openapi.yaml operationId GET_api_v1_search = GET /api/v1/search; traceability 4.5 FR-159 Permission=Search.Use,Source field of the matrix row confirms operationId GET_api_v1_search; method and path verified in openapi.yaml; permission confirmed via traceability FR-159.
wave-c.csv:214,AC-1696,AC,MOD-014,[STATE-007] Field contract: —.nextCursor respects type/required/nullable/limits/PATCH semantics,resolved,GET_api_v1_search,GET,/api/v1/search,Search.Use,Task.Application.MOD-014.GET_api_v1_searchHandler,SCR-133 Глобальный поиск; SCR-134 Полные результаты поиска; SCR-135 Фильтры поиска; SCR-136 Partial/offline search banner,FLOW-019 Глобальный поиск,Boundary/contract UI,implementation_matrix.csv wave-c.csv:214 Source='dto_field_catalog.csv:SearchPage.nextCursor; openapi.yaml operation GET_api_v1_search'; openapi.yaml operationId GET_api_v1_search = GET /api/v1/search; traceability 4.5 FR-159 Permission=Search.Use,Source field of the matrix row confirms operationId GET_api_v1_search; method and path verified in openapi.yaml; permission confirmed via traceability FR-159.
wave-c.csv:231,AC-1841,AC,MOD-014,Permission denial for FR-159,resolved,GET_api_v1_search,GET,/api/v1/search,Search.Use,Task.Application.MOD-014.GET_api_v1_searchHandler,SCR-133 Глобальный поиск; SCR-134 Полные результаты поиска; SCR-135 Фильтры поиска; SCR-136 Partial/offline search banner,FLOW-019 Глобальный поиск,Security/authorization,implementation_matrix.csv wave-c.csv:231 title='Permission denial for FR-159'; traceability 4.5 FR-159 API cell='GET /api/v1/search (GET_api_v1_search)'; openapi.yaml operationId GET_api_v1_search = GET /api/v1/search,Matrix row belongs to FR-159; traceability 4.5 supplies operationId GET_api_v1_search; method and path verified in openapi.yaml; permission confirmed via traceability FR-159.
wave-c.csv:232,AC-1862,AC,MOD-014,Stable error handling for FR-159,resolved,GET_api_v1_search,GET,/api/v1/search,Search.Use,Task.Application.MOD-014.GET_api_v1_searchHandler,SCR-133 Глобальный поиск; SCR-134 Полные результаты поиска; SCR-135 Фильтры поиска; SCR-136 Partial/offline search banner,FLOW-019 Глобальный поиск,Error handling,implementation_matrix.csv wave-c.csv:232 title='Stable error handling for FR-159'; traceability 4.5 FR-159 API cell='GET /api/v1/search (GET_api_v1_search)'; openapi.yaml operationId GET_api_v1_search = GET /api/v1/search,Matrix row belongs to FR-159; traceability 4.5 supplies operationId GET_api_v1_search; method and path verified in openapi.yaml; permission confirmed via traceability FR-159.
wave-c.csv:234,AC-1904,AC,MOD-014,Audit evidence for FR-159,resolved,GET_api_v1_search,GET,/api/v1/search,Search.Use,Task.Application.MOD-014.GET_api_v1_searchHandler,SCR-133 Глобальный поиск; SCR-134 Полные результаты поиска; SCR-135 Фильтры поиска; SCR-136 Partial/offline search banner,FLOW-019 Глобальный поиск,Audit/security,implementation_matrix.csv wave-c.csv:234 title='Audit evidence for FR-159'; traceability 4.5 FR-159 API cell='GET /api/v1/search (GET_api_v1_search)'; openapi.yaml operationId GET_api_v1_search = GET /api/v1/search,Matrix row belongs to FR-159; traceability 4.5 supplies operationId GET_api_v1_search; method and path verified in openapi.yaml; permission confirmed via traceability FR-159.
wave-c.csv:235,AC-2086,AC,MOD-014,Permission denial for FR-160,resolved,GET_api_v1_search_suggestions,GET,/api/v1/search/suggestions,Search.Use,Task.Application.MOD-014.GET_api_v1_search_suggestionsHandler,SCR-133 Глобальный поиск; SCR-134 Полные результаты поиска; SCR-135 Фильтры поиска; SCR-136 Partial/offline search banner,FLOW-019 Глобальный поиск,Security/authorization,implementation_matrix.csv wave-c.csv:235 title='Permission denial for FR-160'; traceability 4.5 FR-160 API cell='GET /api/v1/search/suggestions (GET_api_v1_search_suggestions)'; openapi.yaml operationId GET_api_v1_search_suggestions = GET /api/v1/search/suggestions,Matrix row belongs to FR-160; traceability 4.5 supplies operationId GET_api_v1_search_suggestions; method and path verified in openapi.yaml; permission confirmed via traceability FR-160.
wave-c.csv:236,AC-2087,AC,MOD-014,Permission denial for FR-260,unresolved,,,,,,SCR-133 Глобальный поиск; SCR-134 Полные результаты поиска; SCR-135 Фильтры поиска; SCR-136 Partial/offline search banner,FLOW-019 Глобальный поиск,Security/authorization,implementation_matrix.csv wave-c.csv:236 title='Permission denial for FR-260'; traceability 4.5 FR-260 API cell='Desktop-only; использует существующие read/command API при необходимости'.,FR-260 is a Desktop-only/Desktop-behavior requirement with no dedicated server operation; the allowed sources confirm no new server operation for this AC.
wave-c.csv:237,AC-2088,AC,MOD-014,Permission denial for FR-275,unresolved,,,,,,SCR-133 Глобальный поиск; SCR-134 Полные результаты поиска; SCR-135 Фильтры поиска; SCR-136 Partial/offline search banner,FLOW-019 Глобальный поиск,Security/authorization,implementation_matrix.csv wave-c.csv:237 title='Permission denial for FR-275'; traceability 4.5 FR-275 API cell='Desktop behavior over GET /api/v1/search'.,FR-275 is a Desktop-only/Desktop-behavior requirement with no dedicated server operation; the allowed sources confirm no new server operation for this AC.
wave-c.csv:238,AC-2089,AC,MOD-014,Permission denial for FR-276,unresolved,,,,,,SCR-133 Глобальный поиск; SCR-134 Полные результаты поиска; SCR-135 Фильтры поиска; SCR-136 Partial/offline search banner,FLOW-019 Глобальный поиск,Security/authorization,implementation_matrix.csv wave-c.csv:238 title='Permission denial for FR-276'; traceability 4.5 FR-276 API cell='Desktop behavior over GET /api/v1/search'.,FR-276 is a Desktop-only/Desktop-behavior requirement with no dedicated server operation; the allowed sources confirm no new server operation for this AC.
wave-c.csv:239,AC-2090,AC,MOD-014,Permission denial for FR-277,unresolved,,,,,,SCR-133 Глобальный поиск; SCR-134 Полные результаты поиска; SCR-135 Фильтры поиска; SCR-136 Partial/offline search banner,FLOW-019 Глобальный поиск,Security/authorization,implementation_matrix.csv wave-c.csv:239 title='Permission denial for FR-277'; traceability 4.5 FR-277 API cell='Desktop behavior over GET /api/v1/search'.,FR-277 is a Desktop-only/Desktop-behavior requirement with no dedicated server operation; the allowed sources confirm no new server operation for this AC.
wave-c.csv:240,AC-2091,AC,MOD-014,Permission denial for FR-278,unresolved,,,,,,SCR-133 Глобальный поиск; SCR-134 Полные результаты поиска; SCR-135 Фильтры поиска; SCR-136 Partial/offline search banner,FLOW-019 Глобальный поиск,Security/authorization,implementation_matrix.csv wave-c.csv:240 title='Permission denial for FR-278'; traceability 4.5 FR-278 API cell='Desktop behavior over GET /api/v1/search'.,FR-278 is a Desktop-only/Desktop-behavior requirement with no dedicated server operation; the allowed sources confirm no new server operation for this AC.
wave-c.csv:241,AC-2344,AC,MOD-014,Stable error handling for FR-160,resolved,GET_api_v1_search_suggestions,GET,/api/v1/search/suggestions,Search.Use,Task.Application.MOD-014.GET_api_v1_search_suggestionsHandler,SCR-133 Глобальный поиск; SCR-134 Полные результаты поиска; SCR-135 Фильтры поиска; SCR-136 Partial/offline search banner,FLOW-019 Глобальный поиск,Error handling,implementation_matrix.csv wave-c.csv:241 title='Stable error handling for FR-160'; traceability 4.5 FR-160 API cell='GET /api/v1/search/suggestions (GET_api_v1_search_suggestions)'; openapi.yaml operationId GET_api_v1_search_suggestions = GET /api/v1/search/suggestions,Matrix row belongs to FR-160; traceability 4.5 supplies operationId GET_api_v1_search_suggestions; method and path verified in openapi.yaml; permission confirmed via traceability FR-160.
wave-c.csv:242,AC-2345,AC,MOD-014,Stable error handling for FR-260,unresolved,,,,,,SCR-133 Глобальный поиск; SCR-134 Полные результаты поиска; SCR-135 Фильтры поиска; SCR-136 Partial/offline search banner,FLOW-019 Глобальный поиск,Error handling,implementation_matrix.csv wave-c.csv:242 title='Stable error handling for FR-260'; traceability 4.5 FR-260 API cell='Desktop-only; использует существующие read/command API при необходимости'.,FR-260 is a Desktop-only/Desktop-behavior requirement with no dedicated server operation; the allowed sources confirm no new server operation for this AC.
wave-c.csv:243,AC-2346,AC,MOD-014,Stable error handling for FR-275,unresolved,,,,,,SCR-133 Глобальный поиск; SCR-134 Полные результаты поиска; SCR-135 Фильтры поиска; SCR-136 Partial/offline search banner,FLOW-019 Глобальный поиск,Error handling,implementation_matrix.csv wave-c.csv:243 title='Stable error handling for FR-275'; traceability 4.5 FR-275 API cell='Desktop behavior over GET /api/v1/search'.,FR-275 is a Desktop-only/Desktop-behavior requirement with no dedicated server operation; the allowed sources confirm no new server operation for this AC.
wave-c.csv:244,AC-2347,AC,MOD-014,Stable error handling for FR-276,unresolved,,,,,,SCR-133 Глобальный поиск; SCR-134 Полные результаты поиска; SCR-135 Фильтры поиска; SCR-136 Partial/offline search banner,FLOW-019 Глобальный поиск,Error handling,implementation_matrix.csv wave-c.csv:244 title='Stable error handling for FR-276'; traceability 4.5 FR-276 API cell='Desktop behavior over GET /api/v1/search'.,FR-276 is a Desktop-only/Desktop-behavior requirement with no dedicated server operation; the allowed sources confirm no new server operation for this AC.
wave-c.csv:245,AC-2348,AC,MOD-014,Stable error handling for FR-277,unresolved,,,,,,SCR-133 Глобальный поиск; SCR-134 Полные результаты поиска; SCR-135 Фильтры поиска; SCR-136 Partial/offline search banner,FLOW-019 Глобальный поиск,Error handling,implementation_matrix.csv wave-c.csv:245 title='Stable error handling for FR-277'; traceability 4.5 FR-277 API cell='Desktop behavior over GET /api/v1/search'.,FR-277 is a Desktop-only/Desktop-behavior requirement with no dedicated server operation; the allowed sources confirm no new server operation for this AC.
wave-c.csv:246,AC-2349,AC,MOD-014,Stable error handling for FR-278,unresolved,,,,,,SCR-133 Глобальный поиск; SCR-134 Полные результаты поиска; SCR-135 Фильтры поиска; SCR-136 Partial/offline search banner,FLOW-019 Глобальный поиск,Error handling,implementation_matrix.csv wave-c.csv:246 title='Stable error handling for FR-278'; traceability 4.5 FR-278 API cell='Desktop behavior over GET /api/v1/search'.,FR-278 is a Desktop-only/Desktop-behavior requirement with no dedicated server operation; the allowed sources confirm no new server operation for this AC.
wave-c.csv:253,AC-2860,AC,MOD-014,Audit evidence for FR-160,resolved,GET_api_v1_search_suggestions,GET,/api/v1/search/suggestions,Search.Use,Task.Application.MOD-014.GET_api_v1_search_suggestionsHandler,SCR-133 Глобальный поиск; SCR-134 Полные результаты поиска; SCR-135 Фильтры поиска; SCR-136 Partial/offline search banner,FLOW-019 Глобальный поиск,Audit/security,implementation_matrix.csv wave-c.csv:253 title='Audit evidence for FR-160'; traceability 4.5 FR-160 API cell='GET /api/v1/search/suggestions (GET_api_v1_search_suggestions)'; openapi.yaml operationId GET_api_v1_search_suggestions = GET /api/v1/search/suggestions,Matrix row belongs to FR-160; traceability 4.5 supplies operationId GET_api_v1_search_suggestions; method and path verified in openapi.yaml; permission confirmed via traceability FR-160.
wave-c.csv:254,AC-2861,AC,MOD-014,Audit evidence for FR-260,unresolved,,,,,,SCR-133 Глобальный поиск; SCR-134 Полные результаты поиска; SCR-135 Фильтры поиска; SCR-136 Partial/offline search banner,FLOW-019 Глобальный поиск,Audit/security,implementation_matrix.csv wave-c.csv:254 title='Audit evidence for FR-260'; traceability 4.5 FR-260 API cell='Desktop-only; использует существующие read/command API при необходимости'.,FR-260 is a Desktop-only/Desktop-behavior requirement with no dedicated server operation; the allowed sources confirm no new server operation for this AC.
wave-c.csv:255,AC-2862,AC,MOD-014,Audit evidence for FR-275,unresolved,,,,,,SCR-133 Глобальный поиск; SCR-134 Полные результаты поиска; SCR-135 Фильтры поиска; SCR-136 Partial/offline search banner,FLOW-019 Глобальный поиск,Audit/security,implementation_matrix.csv wave-c.csv:255 title='Audit evidence for FR-275'; traceability 4.5 FR-275 API cell='Desktop behavior over GET /api/v1/search'.,FR-275 is a Desktop-only/Desktop-behavior requirement with no dedicated server operation; the allowed sources confirm no new server operation for this AC.
wave-c.csv:256,AC-2863,AC,MOD-014,Audit evidence for FR-276,unresolved,,,,,,SCR-133 Глобальный поиск; SCR-134 Полные результаты поиска; SCR-135 Фильтры поиска; SCR-136 Partial/offline search banner,FLOW-019 Глобальный поиск,Audit/security,implementation_matrix.csv wave-c.csv:256 title='Audit evidence for FR-276'; traceability 4.5 FR-276 API cell='Desktop behavior over GET /api/v1/search'.,FR-276 is a Desktop-only/Desktop-behavior requirement with no dedicated server operation; the allowed sources confirm no new server operation for this AC.
wave-c.csv:257,AC-2864,AC,MOD-014,Audit evidence for FR-277,unresolved,,,,,,SCR-133 Глобальный поиск; SCR-134 Полные результаты поиска; SCR-135 Фильтры поиска; SCR-136 Partial/offline search banner,FLOW-019 Глобальный поиск,Audit/security,implementation_matrix.csv wave-c.csv:257 title='Audit evidence for FR-277'; traceability 4.5 FR-277 API cell='Desktop behavior over GET /api/v1/search'.,FR-277 is a Desktop-only/Desktop-behavior requirement with no dedicated server operation; the allowed sources confirm no new server operation for this AC.
wave-c.csv:258,AC-2865,AC,MOD-014,Audit evidence for FR-278,unresolved,,,,,,SCR-133 Глобальный поиск; SCR-134 Полные результаты поиска; SCR-135 Фильтры поиска; SCR-136 Partial/offline search banner,FLOW-019 Глобальный поиск,Audit/security,implementation_matrix.csv wave-c.csv:258 title='Audit evidence for FR-278'; traceability 4.5 FR-278 API cell='Desktop behavior over GET /api/v1/search'.,FR-278 is a Desktop-only/Desktop-behavior requirement with no dedicated server operation; the allowed sources confirm no new server operation for this AC.
wave-c.csv:287,AC-1697,AC,MOD-015,[STATE-007] Field contract: NotificationActionRequest.action respects type/required/nullable/limits/PATCH semantics,unresolved,,,,,,SCR-130 Центр уведомлений; SCR-131 Windows desktop notification; SCR-132 Результат notification action; SCR-212 Toast deep-link activation,FLOW-020 Действие из notification,Boundary/contract UI,"implementation_matrix.csv wave-c.csv:287 Source='openapi.yaml:NotificationActionRequest.action' (reference to an OpenAPI schema or parameter, no operationId); traceability 4.5 DATA-015 API cell='OpenAPI operations of module' (no operationId).",The source references only an OpenAPI schema/parameter; the field-to-operation mapping is not confirmed by the allowed sources; no operationId to report.
wave-c.csv:288,AC-1698,AC,MOD-015,[STATE-007] Field contract: NotificationActionRequest.expectedVersion respects type/required/nullable/limits/PATCH semantics,unresolved,,,,,,SCR-130 Центр уведомлений; SCR-131 Windows desktop notification; SCR-132 Результат notification action; SCR-212 Toast deep-link activation,FLOW-020 Действие из notification,Boundary/contract UI,"implementation_matrix.csv wave-c.csv:288 Source='openapi.yaml:NotificationActionRequest.expectedVersion' (reference to an OpenAPI schema or parameter, no operationId); traceability 4.5 DATA-015 API cell='OpenAPI operations of module' (no operationId).",The source references only an OpenAPI schema/parameter; the field-to-operation mapping is not confirmed by the allowed sources; no operationId to report.
wave-c.csv:289,AC-1699,AC,MOD-015,[STATE-007] Field contract: ReadAllRequest.notificationIds respects type/required/nullable/limits/PATCH semantics,unresolved,,,,,,SCR-130 Центр уведомлений; SCR-131 Windows desktop notification; SCR-132 Результат notification action; SCR-212 Toast deep-link activation,FLOW-020 Действие из notification,Boundary/contract UI,"implementation_matrix.csv wave-c.csv:289 Source='openapi.yaml:ReadAllRequest.notificationIds' (reference to an OpenAPI schema or parameter, no operationId); traceability 4.5 DATA-015 API cell='OpenAPI operations of module' (no operationId).",The source references only an OpenAPI schema/parameter; the field-to-operation mapping is not confirmed by the allowed sources; no operationId to report.
wave-c.csv:292,AC-1842,AC,MOD-015,Permission denial for FR-161,resolved,GET_api_v1_notifications,GET,/api/v1/notifications,Notification.ReadOwn,Task.Application.MOD-015.GET_api_v1_notificationsHandler,SCR-130 Центр уведомлений; SCR-131 Windows desktop notification; SCR-132 Результат notification action; SCR-212 Toast deep-link activation,FLOW-020 Действие из notification,Security/authorization,implementation_matrix.csv wave-c.csv:292 Source='OpenAPI `GET_api_v1_notifications`; Stage_3_Field_Traceability_Final_3.5.csv; cross-cutting requirement PERM-015'; openapi.yaml operationId GET_api_v1_notifications = GET /api/v1/notifications; traceability 4.5 FR-161 Permission=Notification.ReadOwn,Source field of the matrix row confirms operationId GET_api_v1_notifications; method and path verified in openapi.yaml; permission confirmed via traceability FR-161.
wave-c.csv:293,AC-1863,AC,MOD-015,Stable error handling for FR-161,resolved,GET_api_v1_notifications,GET,/api/v1/notifications,Notification.ReadOwn,Task.Application.MOD-015.GET_api_v1_notificationsHandler,SCR-130 Центр уведомлений; SCR-131 Windows desktop notification; SCR-132 Результат notification action; SCR-212 Toast deep-link activation,FLOW-020 Действие из notification,Error handling,implementation_matrix.csv wave-c.csv:293 Source='OpenAPI `GET_api_v1_notifications`; Stage_3_Field_Traceability_Final_3.5.csv; cross-cutting requirement ERR-015'; openapi.yaml operationId GET_api_v1_notifications = GET /api/v1/notifications; traceability 4.5 FR-161 Permission=Notification.ReadOwn,Source field of the matrix row confirms operationId GET_api_v1_notifications; method and path verified in openapi.yaml; permission confirmed via traceability FR-161.
wave-c.csv:295,AC-1905,AC,MOD-015,Audit evidence for FR-161,resolved,GET_api_v1_notifications,GET,/api/v1/notifications,Notification.ReadOwn,Task.Application.MOD-015.GET_api_v1_notificationsHandler,SCR-130 Центр уведомлений; SCR-131 Windows desktop notification; SCR-132 Результат notification action; SCR-212 Toast deep-link activation,FLOW-020 Действие из notification,Audit/security,implementation_matrix.csv wave-c.csv:295 Source='OpenAPI `GET_api_v1_notifications`; Stage_3_Field_Traceability_Final_3.5.csv; cross-cutting requirement AUDIT-015'; openapi.yaml operationId GET_api_v1_notifications = GET /api/v1/notifications; traceability 4.5 FR-161 Permission=Notification.ReadOwn,Source field of the matrix row confirms operationId GET_api_v1_notifications; method and path verified in openapi.yaml; permission confirmed via traceability FR-161.
wave-c.csv:296,AC-2092,AC,MOD-015,Permission denial for FR-162,resolved,POST_api_v1_notifications_read_all,POST,/api/v1/notifications/read-all,Notification.ReadOwn,Task.Application.MOD-015.POST_api_v1_notifications_read_allHandler,SCR-130 Центр уведомлений; SCR-131 Windows desktop notification; SCR-132 Результат notification action; SCR-212 Toast deep-link activation,FLOW-020 Действие из notification,Security/authorization,implementation_matrix.csv wave-c.csv:296 Source='OpenAPI `POST_api_v1_notifications_read_all`; Stage_3_Field_Traceability_Final_3.5.csv; cross-cutting requirement PERM-015'; openapi.yaml operationId POST_api_v1_notifications_read_all = POST /api/v1/notifications/read-all; traceability 4.5 FR-162 Permission=Notification.ReadOwn,Source field of the matrix row confirms operationId POST_api_v1_notifications_read_all; method and path verified in openapi.yaml; permission confirmed via traceability FR-162.
wave-c.csv:297,AC-2093,AC,MOD-015,Permission denial for FR-163,resolved,GET_api_v1_notifications_id,GET,/api/v1/notifications/{id},Notification.ReadOwn,Task.Application.MOD-015.GET_api_v1_notifications_idHandler,SCR-130 Центр уведомлений; SCR-131 Windows desktop notification; SCR-132 Результат notification action; SCR-212 Toast deep-link activation,FLOW-020 Действие из notification,Security/authorization,implementation_matrix.csv wave-c.csv:297 Source='OpenAPI `GET_api_v1_notifications_id`; Stage_3_Field_Traceability_Final_3.5.csv; cross-cutting requirement PERM-015'; openapi.yaml operationId GET_api_v1_notifications_id = GET /api/v1/notifications/{id}; traceability 4.5 FR-163 Permission=Notification.ReadOwn,Source field of the matrix row confirms operationId GET_api_v1_notifications_id; method and path verified in openapi.yaml; permission confirmed via traceability FR-163.
wave-c.csv:298,AC-2094,AC,MOD-015,Permission denial for FR-164,resolved,POST_api_v1_notifications_id_action,POST,/api/v1/notifications/{id}/action,Notification.ManageOwn,Task.Application.MOD-015.POST_api_v1_notifications_id_actionHandler,SCR-130 Центр уведомлений; SCR-131 Windows desktop notification; SCR-132 Результат notification action; SCR-212 Toast deep-link activation,FLOW-020 Действие из notification,Security/authorization,implementation_matrix.csv wave-c.csv:298 Source='OpenAPI `POST_api_v1_notifications_id_action`; Stage_3_Field_Traceability_Final_3.5.csv; cross-cutting requirement PERM-015'; openapi.yaml operationId POST_api_v1_notifications_id_action = POST /api/v1/notifications/{id}/action; traceability 4.5 FR-164 Permission=Notification.ManageOwn,Source field of the matrix row confirms operationId POST_api_v1_notifications_id_action; method and path verified in openapi.yaml; permission confirmed via traceability FR-164.
wave-c.csv:299,AC-2095,AC,MOD-015,Permission denial for FR-165,resolved,POST_api_v1_notifications_id_read,POST,/api/v1/notifications/{id}/read,Notification.ReadOwn,Task.Application.MOD-015.POST_api_v1_notifications_id_readHandler,SCR-130 Центр уведомлений; SCR-131 Windows desktop notification; SCR-132 Результат notification action; SCR-212 Toast deep-link activation,FLOW-020 Действие из notification,Security/authorization,implementation_matrix.csv wave-c.csv:299 Source='OpenAPI `POST_api_v1_notifications_id_read`; Stage_3_Field_Traceability_Final_3.5.csv; cross-cutting requirement PERM-015'; openapi.yaml operationId POST_api_v1_notifications_id_read = POST /api/v1/notifications/{id}/read; traceability 4.5 FR-165 Permission=Notification.ReadOwn,Source field of the matrix row confirms operationId POST_api_v1_notifications_id_read; method and path verified in openapi.yaml; permission confirmed via traceability FR-165.
wave-c.csv:300,AC-2096,AC,MOD-015,Permission denial for FR-261,unresolved,,,,,,SCR-130 Центр уведомлений; SCR-131 Windows desktop notification; SCR-132 Результат notification action; SCR-212 Toast deep-link activation,FLOW-020 Действие из notification,Security/authorization,implementation_matrix.csv wave-c.csv:300 title='Permission denial for FR-261'; traceability 4.5 FR-261 API cell='Desktop-only; использует существующие read/command API при необходимости'.,FR-261 is a Desktop-only/Desktop-behavior requirement with no dedicated server operation; the allowed sources confirm no new server operation for this AC.
wave-c.csv:301,AC-2097,AC,MOD-015,Permission denial for FR-279,unresolved,,,,,,SCR-130 Центр уведомлений; SCR-131 Windows desktop notification; SCR-132 Результат notification action; SCR-212 Toast deep-link activation,FLOW-020 Действие из notification,Security/authorization,implementation_matrix.csv wave-c.csv:301 title='Permission denial for FR-279'; traceability 4.5 FR-279 API cell='Desktop projection behavior'.,FR-279 is a Desktop-only/Desktop-behavior requirement with no dedicated server operation; the allowed sources confirm no new server operation for this AC.
wave-c.csv:302,AC-2350,AC,MOD-015,Stable error handling for FR-162,resolved,POST_api_v1_notifications_read_all,POST,/api/v1/notifications/read-all,Notification.ReadOwn,Task.Application.MOD-015.POST_api_v1_notifications_read_allHandler,SCR-130 Центр уведомлений; SCR-131 Windows desktop notification; SCR-132 Результат notification action; SCR-212 Toast deep-link activation,FLOW-020 Действие из notification,Error handling,implementation_matrix.csv wave-c.csv:302 Source='OpenAPI `POST_api_v1_notifications_read_all`; Stage_3_Field_Traceability_Final_3.5.csv; cross-cutting requirement ERR-015'; openapi.yaml operationId POST_api_v1_notifications_read_all = POST /api/v1/notifications/read-all; traceability 4.5 FR-162 Permission=Notification.ReadOwn,Source field of the matrix row confirms operationId POST_api_v1_notifications_read_all; method and path verified in openapi.yaml; permission confirmed via traceability FR-162.
wave-c.csv:303,AC-2351,AC,MOD-015,Stable error handling for FR-163,resolved,GET_api_v1_notifications_id,GET,/api/v1/notifications/{id},Notification.ReadOwn,Task.Application.MOD-015.GET_api_v1_notifications_idHandler,SCR-130 Центр уведомлений; SCR-131 Windows desktop notification; SCR-132 Результат notification action; SCR-212 Toast deep-link activation,FLOW-020 Действие из notification,Error handling,implementation_matrix.csv wave-c.csv:303 Source='OpenAPI `GET_api_v1_notifications_id`; Stage_3_Field_Traceability_Final_3.5.csv; cross-cutting requirement ERR-015'; openapi.yaml operationId GET_api_v1_notifications_id = GET /api/v1/notifications/{id}; traceability 4.5 FR-163 Permission=Notification.ReadOwn,Source field of the matrix row confirms operationId GET_api_v1_notifications_id; method and path verified in openapi.yaml; permission confirmed via traceability FR-163.
wave-c.csv:304,AC-2352,AC,MOD-015,Stable error handling for FR-164,resolved,POST_api_v1_notifications_id_action,POST,/api/v1/notifications/{id}/action,Notification.ManageOwn,Task.Application.MOD-015.POST_api_v1_notifications_id_actionHandler,SCR-130 Центр уведомлений; SCR-131 Windows desktop notification; SCR-132 Результат notification action; SCR-212 Toast deep-link activation,FLOW-020 Действие из notification,Error handling,implementation_matrix.csv wave-c.csv:304 Source='OpenAPI `POST_api_v1_notifications_id_action`; Stage_3_Field_Traceability_Final_3.5.csv; cross-cutting requirement ERR-015'; openapi.yaml operationId POST_api_v1_notifications_id_action = POST /api/v1/notifications/{id}/action; traceability 4.5 FR-164 Permission=Notification.ManageOwn,Source field of the matrix row confirms operationId POST_api_v1_notifications_id_action; method and path verified in openapi.yaml; permission confirmed via traceability FR-164.
wave-c.csv:305,AC-2353,AC,MOD-015,Stable error handling for FR-165,resolved,POST_api_v1_notifications_id_read,POST,/api/v1/notifications/{id}/read,Notification.ReadOwn,Task.Application.MOD-015.POST_api_v1_notifications_id_readHandler,SCR-130 Центр уведомлений; SCR-131 Windows desktop notification; SCR-132 Результат notification action; SCR-212 Toast deep-link activation,FLOW-020 Действие из notification,Error handling,implementation_matrix.csv wave-c.csv:305 Source='OpenAPI `POST_api_v1_notifications_id_read`; Stage_3_Field_Traceability_Final_3.5.csv; cross-cutting requirement ERR-015'; openapi.yaml operationId POST_api_v1_notifications_id_read = POST /api/v1/notifications/{id}/read; traceability 4.5 FR-165 Permission=Notification.ReadOwn,Source field of the matrix row confirms operationId POST_api_v1_notifications_id_read; method and path verified in openapi.yaml; permission confirmed via traceability FR-165.
wave-c.csv:306,AC-2354,AC,MOD-015,Stable error handling for FR-261,unresolved,,,,,,SCR-130 Центр уведомлений; SCR-131 Windows desktop notification; SCR-132 Результат notification action; SCR-212 Toast deep-link activation,FLOW-020 Действие из notification,Error handling,implementation_matrix.csv wave-c.csv:306 title='Stable error handling for FR-261'; traceability 4.5 FR-261 API cell='Desktop-only; использует существующие read/command API при необходимости'.,FR-261 is a Desktop-only/Desktop-behavior requirement with no dedicated server operation; the allowed sources confirm no new server operation for this AC.
wave-c.csv:307,AC-2355,AC,MOD-015,Stable error handling for FR-279,unresolved,,,,,,SCR-130 Центр уведомлений; SCR-131 Windows desktop notification; SCR-132 Результат notification action; SCR-212 Toast deep-link activation,FLOW-020 Действие из notification,Error handling,implementation_matrix.csv wave-c.csv:307 title='Stable error handling for FR-279'; traceability 4.5 FR-279 API cell='Desktop projection behavior'.,FR-279 is a Desktop-only/Desktop-behavior requirement with no dedicated server operation; the allowed sources confirm no new server operation for this AC.
wave-c.csv:314,AC-2866,AC,MOD-015,Audit evidence for FR-162,resolved,POST_api_v1_notifications_read_all,POST,/api/v1/notifications/read-all,Notification.ReadOwn,Task.Application.MOD-015.POST_api_v1_notifications_read_allHandler,SCR-130 Центр уведомлений; SCR-131 Windows desktop notification; SCR-132 Результат notification action; SCR-212 Toast deep-link activation,FLOW-020 Действие из notification,Audit/security,implementation_matrix.csv wave-c.csv:314 Source='OpenAPI `POST_api_v1_notifications_read_all`; Stage_3_Field_Traceability_Final_3.5.csv; cross-cutting requirement AUDIT-015'; openapi.yaml operationId POST_api_v1_notifications_read_all = POST /api/v1/notifications/read-all; traceability 4.5 FR-162 Permission=Notification.ReadOwn,Source field of the matrix row confirms operationId POST_api_v1_notifications_read_all; method and path verified in openapi.yaml; permission confirmed via traceability FR-162.
wave-c.csv:315,AC-2867,AC,MOD-015,Audit evidence for FR-163,resolved,GET_api_v1_notifications_id,GET,/api/v1/notifications/{id},Notification.ReadOwn,Task.Application.MOD-015.GET_api_v1_notifications_idHandler,SCR-130 Центр уведомлений; SCR-131 Windows desktop notification; SCR-132 Результат notification action; SCR-212 Toast deep-link activation,FLOW-020 Действие из notification,Audit/security,implementation_matrix.csv wave-c.csv:315 Source='OpenAPI `GET_api_v1_notifications_id`; Stage_3_Field_Traceability_Final_3.5.csv; cross-cutting requirement AUDIT-015'; openapi.yaml operationId GET_api_v1_notifications_id = GET /api/v1/notifications/{id}; traceability 4.5 FR-163 Permission=Notification.ReadOwn,Source field of the matrix row confirms operationId GET_api_v1_notifications_id; method and path verified in openapi.yaml; permission confirmed via traceability FR-163.
wave-c.csv:316,AC-2868,AC,MOD-015,Audit evidence for FR-164,resolved,POST_api_v1_notifications_id_action,POST,/api/v1/notifications/{id}/action,Notification.ManageOwn,Task.Application.MOD-015.POST_api_v1_notifications_id_actionHandler,SCR-130 Центр уведомлений; SCR-131 Windows desktop notification; SCR-132 Результат notification action; SCR-212 Toast deep-link activation,FLOW-020 Действие из notification,Audit/security,implementation_matrix.csv wave-c.csv:316 Source='OpenAPI `POST_api_v1_notifications_id_action`; Stage_3_Field_Traceability_Final_3.5.csv; cross-cutting requirement AUDIT-015'; openapi.yaml operationId POST_api_v1_notifications_id_action = POST /api/v1/notifications/{id}/action; traceability 4.5 FR-164 Permission=Notification.ManageOwn,Source field of the matrix row confirms operationId POST_api_v1_notifications_id_action; method and path verified in openapi.yaml; permission confirmed via traceability FR-164.
wave-c.csv:317,AC-2869,AC,MOD-015,Audit evidence for FR-165,resolved,POST_api_v1_notifications_id_read,POST,/api/v1/notifications/{id}/read,Notification.ReadOwn,Task.Application.MOD-015.POST_api_v1_notifications_id_readHandler,SCR-130 Центр уведомлений; SCR-131 Windows desktop notification; SCR-132 Результат notification action; SCR-212 Toast deep-link activation,FLOW-020 Действие из notification,Audit/security,implementation_matrix.csv wave-c.csv:317 Source='OpenAPI `POST_api_v1_notifications_id_read`; Stage_3_Field_Traceability_Final_3.5.csv; cross-cutting requirement AUDIT-015'; openapi.yaml operationId POST_api_v1_notifications_id_read = POST /api/v1/notifications/{id}/read; traceability 4.5 FR-165 Permission=Notification.ReadOwn,Source field of the matrix row confirms operationId POST_api_v1_notifications_id_read; method and path verified in openapi.yaml; permission confirmed via traceability FR-165.
wave-c.csv:318,AC-2870,AC,MOD-015,Audit evidence for FR-261,unresolved,,,,,,SCR-130 Центр уведомлений; SCR-131 Windows desktop notification; SCR-132 Результат notification action; SCR-212 Toast deep-link activation,FLOW-020 Действие из notification,Audit/security,implementation_matrix.csv wave-c.csv:318 title='Audit evidence for FR-261'; traceability 4.5 FR-261 API cell='Desktop-only; использует существующие read/command API при необходимости'.,FR-261 is a Desktop-only/Desktop-behavior requirement with no dedicated server operation; the allowed sources confirm no new server operation for this AC.
wave-c.csv:319,AC-2871,AC,MOD-015,Audit evidence for FR-279,unresolved,,,,,,SCR-130 Центр уведомлений; SCR-131 Windows desktop notification; SCR-132 Результат notification action; SCR-212 Toast deep-link activation,FLOW-020 Действие из notification,Audit/security,implementation_matrix.csv wave-c.csv:319 title='Audit evidence for FR-279'; traceability 4.5 FR-279 API cell='Desktop projection behavior'.,FR-279 is a Desktop-only/Desktop-behavior requirement with no dedicated server operation; the allowed sources confirm no new server operation for this AC.
wave-c.csv:333,AC-1827,AC,MOD-016,Contract projection for FR-166,resolved,GET_api_v1_archive,GET,/api/v1/archive,History.Read,Task.Application.MOD-016.GET_api_v1_archiveHandler,SCR-140 Архив,FLOW-026 Архивирование,Contract/UI,implementation_matrix.csv wave-c.csv:333 Source='OpenAPI `GET_api_v1_archive`; Stage_3_Field_Traceability_Final_3.5.csv; cross-cutting requirement DATA-016'; openapi.yaml operationId GET_api_v1_archive = GET /api/v1/archive; traceability 4.5 FR-166 Permission=History.Read,Source field of the matrix row confirms operationId GET_api_v1_archive; method and path verified in openapi.yaml; permission confirmed via traceability FR-166.
wave-c.csv:334,AC-1843,AC,MOD-016,Permission denial for FR-166,resolved,GET_api_v1_archive,GET,/api/v1/archive,History.Read,Task.Application.MOD-016.GET_api_v1_archiveHandler,SCR-140 Архив,FLOW-026 Архивирование,Security/authorization,implementation_matrix.csv wave-c.csv:334 Source='OpenAPI `GET_api_v1_archive`; Stage_3_Field_Traceability_Final_3.5.csv; cross-cutting requirement PERM-016'; openapi.yaml operationId GET_api_v1_archive = GET /api/v1/archive; traceability 4.5 FR-166 Permission=History.Read,Source field of the matrix row confirms operationId GET_api_v1_archive; method and path verified in openapi.yaml; permission confirmed via traceability FR-166.
wave-c.csv:335,AC-1864,AC,MOD-016,Stable error handling for FR-166,resolved,GET_api_v1_archive,GET,/api/v1/archive,History.Read,Task.Application.MOD-016.GET_api_v1_archiveHandler,SCR-140 Архив,FLOW-026 Архивирование,Error handling,implementation_matrix.csv wave-c.csv:335 Source='OpenAPI `GET_api_v1_archive`; Stage_3_Field_Traceability_Final_3.5.csv; cross-cutting requirement ERR-016'; openapi.yaml operationId GET_api_v1_archive = GET /api/v1/archive; traceability 4.5 FR-166 Permission=History.Read,Source field of the matrix row confirms operationId GET_api_v1_archive; method and path verified in openapi.yaml; permission confirmed via traceability FR-166.
wave-c.csv:337,AC-1906,AC,MOD-016,Audit evidence for FR-166,resolved,GET_api_v1_archive,GET,/api/v1/archive,History.Read,Task.Application.MOD-016.GET_api_v1_archiveHandler,SCR-140 Архив,FLOW-026 Архивирование,Audit/security,implementation_matrix.csv wave-c.csv:337 Source='OpenAPI `GET_api_v1_archive`; Stage_3_Field_Traceability_Final_3.5.csv; cross-cutting requirement AUDIT-016'; openapi.yaml operationId GET_api_v1_archive = GET /api/v1/archive; traceability 4.5 FR-166 Permission=History.Read,Source field of the matrix row confirms operationId GET_api_v1_archive; method and path verified in openapi.yaml; permission confirmed via traceability FR-166.
wave-c.csv:338,AC-1921,AC,MOD-016,Contract projection for FR-167,resolved,POST_api_v1_archive_objectId_restore,POST,/api/v1/archive/{objectId}/restore,Archive.Restore,Task.Application.MOD-016.POST_api_v1_archive_objectId_restoreHandler,SCR-140 Архив,FLOW-026 Архивирование,Contract/UI,implementation_matrix.csv wave-c.csv:338 Source='OpenAPI `POST_api_v1_archive_objectId_restore`; Stage_3_Field_Traceability_Final_3.5.csv; cross-cutting requirement DATA-016'; openapi.yaml operationId POST_api_v1_archive_objectId_restore = POST /api/v1/archive/{objectId}/restore; traceability 4.5 FR-167 Permission=Archive.Restore,Source field of the matrix row confirms operationId POST_api_v1_archive_objectId_restore; method and path verified in openapi.yaml; permission confirmed via traceability FR-167.
wave-c.csv:339,AC-1922,AC,MOD-016,Contract projection for FR-262,unresolved,,,,,,SCR-140 Архив,FLOW-026 Архивирование,Contract/UI,implementation_matrix.csv wave-c.csv:339 title='Contract projection for FR-262'; traceability 4.5 FR-262 API cell='Desktop-only; использует существующие read/command API при необходимости'.,FR-262 is a Desktop-only/Desktop-behavior requirement with no dedicated server operation; the allowed sources confirm no new server operation for this AC.
wave-c.csv:340,AC-2098,AC,MOD-016,Permission denial for FR-167,resolved,POST_api_v1_archive_objectId_restore,POST,/api/v1/archive/{objectId}/restore,Archive.Restore,Task.Application.MOD-016.POST_api_v1_archive_objectId_restoreHandler,SCR-140 Архив,FLOW-026 Архивирование,Security/authorization,implementation_matrix.csv wave-c.csv:340 Source='OpenAPI `POST_api_v1_archive_objectId_restore`; Stage_3_Field_Traceability_Final_3.5.csv; cross-cutting requirement PERM-016'; openapi.yaml operationId POST_api_v1_archive_objectId_restore = POST /api/v1/archive/{objectId}/restore; traceability 4.5 FR-167 Permission=Archive.Restore,Source field of the matrix row confirms operationId POST_api_v1_archive_objectId_restore; method and path verified in openapi.yaml; permission confirmed via traceability FR-167.
wave-c.csv:341,AC-2099,AC,MOD-016,Permission denial for FR-262,unresolved,,,,,,SCR-140 Архив,FLOW-026 Архивирование,Security/authorization,implementation_matrix.csv wave-c.csv:341 title='Permission denial for FR-262'; traceability 4.5 FR-262 API cell='Desktop-only; использует существующие read/command API при необходимости'.,FR-262 is a Desktop-only/Desktop-behavior requirement with no dedicated server operation; the allowed sources confirm no new server operation for this AC.
wave-c.csv:342,AC-2356,AC,MOD-016,Stable error handling for FR-167,resolved,POST_api_v1_archive_objectId_restore,POST,/api/v1/archive/{objectId}/restore,Archive.Restore,Task.Application.MOD-016.POST_api_v1_archive_objectId_restoreHandler,SCR-140 Архив,FLOW-026 Архивирование,Error handling,implementation_matrix.csv wave-c.csv:342 Source='OpenAPI `POST_api_v1_archive_objectId_restore`; Stage_3_Field_Traceability_Final_3.5.csv; cross-cutting requirement ERR-016'; openapi.yaml operationId POST_api_v1_archive_objectId_restore = POST /api/v1/archive/{objectId}/restore; traceability 4.5 FR-167 Permission=Archive.Restore,Source field of the matrix row confirms operationId POST_api_v1_archive_objectId_restore; method and path verified in openapi.yaml; permission confirmed via traceability FR-167.
wave-c.csv:343,AC-2357,AC,MOD-016,Stable error handling for FR-262,unresolved,,,,,,SCR-140 Архив,FLOW-026 Архивирование,Error handling,implementation_matrix.csv wave-c.csv:343 title='Stable error handling for FR-262'; traceability 4.5 FR-262 API cell='Desktop-only; использует существующие read/command API при необходимости'.,FR-262 is a Desktop-only/Desktop-behavior requirement with no dedicated server operation; the allowed sources confirm no new server operation for this AC.
wave-c.csv:346,AC-2872,AC,MOD-016,Audit evidence for FR-167,resolved,POST_api_v1_archive_objectId_restore,POST,/api/v1/archive/{objectId}/restore,Archive.Restore,Task.Application.MOD-016.POST_api_v1_archive_objectId_restoreHandler,SCR-140 Архив,FLOW-026 Архивирование,Audit/security,implementation_matrix.csv wave-c.csv:346 Source='OpenAPI `POST_api_v1_archive_objectId_restore`; Stage_3_Field_Traceability_Final_3.5.csv; cross-cutting requirement AUDIT-016'; openapi.yaml operationId POST_api_v1_archive_objectId_restore = POST /api/v1/archive/{objectId}/restore; traceability 4.5 FR-167 Permission=Archive.Restore,Source field of the matrix row confirms operationId POST_api_v1_archive_objectId_restore; method and path verified in openapi.yaml; permission confirmed via traceability FR-167.
wave-c.csv:347,AC-2873,AC,MOD-016,Audit evidence for FR-262,unresolved,,,,,,SCR-140 Архив,FLOW-026 Архивирование,Audit/security,implementation_matrix.csv wave-c.csv:347 title='Audit evidence for FR-262'; traceability 4.5 FR-262 API cell='Desktop-only; использует существующие read/command API при необходимости'.,FR-262 is a Desktop-only/Desktop-behavior requirement with no dedicated server operation; the allowed sources confirm no new server operation for this AC.
wave-c.csv:370,AC-1700,AC,MOD-017,[STATE-007/Trashed (Stage 3.5 State Matrix)] Field contract: PurgeRequest.confirmObjectId respects type/required/nullable/limits/PATCH semantics,unresolved,,,,,,SCR-141 Корзина; SCR-142 Восстановление / restore conflict; SCR-143 Purge metadata,FLOW-027 Перемещение в корзину; FLOW-028 Восстановление из корзины,Boundary/contract UI,"implementation_matrix.csv wave-c.csv:370 Source='openapi.yaml:PurgeRequest.confirmObjectId' (reference to an OpenAPI schema or parameter, no operationId); traceability 4.5 DATA-017 API cell='OpenAPI operations of module' (no operationId).",The source references only an OpenAPI schema/parameter; the field-to-operation mapping is not confirmed by the allowed sources; no operationId to report.
wave-c.csv:371,AC-1701,AC,MOD-017,[STATE-007/Trashed (Stage 3.5 State Matrix)] Field contract: PurgeRequest.expectedVersion respects type/required/nullable/limits/PATCH semantics,unresolved,,,,,,SCR-141 Корзина; SCR-142 Восстановление / restore conflict; SCR-143 Purge metadata,FLOW-027 Перемещение в корзину; FLOW-028 Восстановление из корзины,Boundary/contract UI,"implementation_matrix.csv wave-c.csv:371 Source='openapi.yaml:PurgeRequest.expectedVersion' (reference to an OpenAPI schema or parameter, no operationId); traceability 4.5 DATA-017 API cell='OpenAPI operations of module' (no operationId).",The source references only an OpenAPI schema/parameter; the field-to-operation mapping is not confirmed by the allowed sources; no operationId to report.
wave-c.csv:372,AC-1702,AC,MOD-017,[STATE-007/Trashed (Stage 3.5 State Matrix)] Field contract: PurgeRequest.reason respects type/required/nullable/limits/PATCH semantics,unresolved,,,,,,SCR-141 Корзина; SCR-142 Восстановление / restore conflict; SCR-143 Purge metadata,FLOW-027 Перемещение в корзину; FLOW-028 Восстановление из корзины,Boundary/contract UI,"implementation_matrix.csv wave-c.csv:372 Source='openapi.yaml:PurgeRequest.reason' (reference to an OpenAPI schema or parameter, no operationId); traceability 4.5 DATA-017 API cell='OpenAPI operations of module' (no operationId).",The source references only an OpenAPI schema/parameter; the field-to-operation mapping is not confirmed by the allowed sources; no operationId to report.
wave-c.csv:373,AC-1703,AC,MOD-017,[STATE-007/Trashed (Stage 3.5 State Matrix)] Field contract: RestoreRequest.expectedVersion respects type/required/nullable/limits/PATCH semantics,unresolved,,,,,,SCR-141 Корзина; SCR-142 Восстановление / restore conflict; SCR-143 Purge metadata,FLOW-027 Перемещение в корзину; FLOW-028 Восстановление из корзины,Boundary/contract UI,"implementation_matrix.csv wave-c.csv:373 Source='openapi.yaml:RestoreRequest.expectedVersion' (reference to an OpenAPI schema or parameter, no operationId); traceability 4.5 DATA-017 API cell='OpenAPI operations of module' (no operationId).",The source references only an OpenAPI schema/parameter; the field-to-operation mapping is not confirmed by the allowed sources; no operationId to report.
wave-c.csv:374,AC-1704,AC,MOD-017,[STATE-007/Trashed (Stage 3.5 State Matrix)] Field contract: RestoreRequest.reason respects type/required/nullable/limits/PATCH semantics,unresolved,,,,,,SCR-141 Корзина; SCR-142 Восстановление / restore conflict; SCR-143 Purge metadata,FLOW-027 Перемещение в корзину; FLOW-028 Восстановление из корзины,Boundary/contract UI,"implementation_matrix.csv wave-c.csv:374 Source='openapi.yaml:RestoreRequest.reason' (reference to an OpenAPI schema or parameter, no operationId); traceability 4.5 DATA-017 API cell='OpenAPI operations of module' (no operationId).",The source references only an OpenAPI schema/parameter; the field-to-operation mapping is not confirmed by the allowed sources; no operationId to report.
wave-c.csv:375,AC-1844,AC,MOD-017,Permission denial for FR-168,resolved,GET_api_v1_trash,GET,/api/v1/trash,Trash.Read,Task.Application.MOD-017.GET_api_v1_trashHandler,SCR-141 Корзина; SCR-142 Восстановление / restore conflict; SCR-143 Purge metadata,FLOW-027 Перемещение в корзину; FLOW-028 Восстановление из корзины,Security/authorization,implementation_matrix.csv wave-c.csv:375 Source='OpenAPI `GET_api_v1_trash`; Stage_3_Field_Traceability_Final_3.5.csv; cross-cutting requirement PERM-017'; openapi.yaml operationId GET_api_v1_trash = GET /api/v1/trash; traceability 4.5 FR-168 Permission=Trash.Read,Source field of the matrix row confirms operationId GET_api_v1_trash; method and path verified in openapi.yaml; permission confirmed via traceability FR-168.
wave-c.csv:376,AC-1865,AC,MOD-017,Stable error handling for FR-168,resolved,GET_api_v1_trash,GET,/api/v1/trash,Trash.Read,Task.Application.MOD-017.GET_api_v1_trashHandler,SCR-141 Корзина; SCR-142 Восстановление / restore conflict; SCR-143 Purge metadata,FLOW-027 Перемещение в корзину; FLOW-028 Восстановление из корзины,Error handling,implementation_matrix.csv wave-c.csv:376 Source='OpenAPI `GET_api_v1_trash`; Stage_3_Field_Traceability_Final_3.5.csv; cross-cutting requirement ERR-017'; openapi.yaml operationId GET_api_v1_trash = GET /api/v1/trash; traceability 4.5 FR-168 Permission=Trash.Read,Source field of the matrix row confirms operationId GET_api_v1_trash; method and path verified in openapi.yaml; permission confirmed via traceability FR-168.
wave-c.csv:378,AC-1907,AC,MOD-017,Audit evidence for FR-168,resolved,GET_api_v1_trash,GET,/api/v1/trash,Trash.Read,Task.Application.MOD-017.GET_api_v1_trashHandler,SCR-141 Корзина; SCR-142 Восстановление / restore conflict; SCR-143 Purge metadata,FLOW-027 Перемещение в корзину; FLOW-028 Восстановление из корзины,Audit/security,implementation_matrix.csv wave-c.csv:378 Source='OpenAPI `GET_api_v1_trash`; Stage_3_Field_Traceability_Final_3.5.csv; cross-cutting requirement AUDIT-017'; openapi.yaml operationId GET_api_v1_trash = GET /api/v1/trash; traceability 4.5 FR-168 Permission=Trash.Read,Source field of the matrix row confirms operationId GET_api_v1_trash; method and path verified in openapi.yaml; permission confirmed via traceability FR-168.
wave-c.csv:379,AC-2100,AC,MOD-017,Permission denial for FR-169,resolved,DELETE_api_v1_trash_objectId,DELETE,/api/v1/trash/{objectId},Trash.Purge,Task.Application.MOD-017.DELETE_api_v1_trash_objectIdHandler,SCR-141 Корзина; SCR-142 Восстановление / restore conflict; SCR-143 Purge metadata,FLOW-027 Перемещение в корзину; FLOW-028 Восстановление из корзины,Security/authorization,implementation_matrix.csv wave-c.csv:379 Source='OpenAPI `DELETE_api_v1_trash_objectId`; Stage_3_Field_Traceability_Final_3.5.csv; cross-cutting requirement PERM-017'; openapi.yaml operationId DELETE_api_v1_trash_objectId = DELETE /api/v1/trash/{objectId}; traceability 4.5 FR-169 Permission=Trash.Purge,Source field of the matrix row confirms operationId DELETE_api_v1_trash_objectId; method and path verified in openapi.yaml; permission confirmed via traceability FR-169.
wave-c.csv:380,AC-2101,AC,MOD-017,Permission denial for FR-170,resolved,POST_api_v1_trash_objectId_restore,POST,/api/v1/trash/{objectId}/restore,Trash.Restore,Task.Application.MOD-017.POST_api_v1_trash_objectId_restoreHandler,SCR-141 Корзина; SCR-142 Восстановление / restore conflict; SCR-143 Purge metadata,FLOW-027 Перемещение в корзину; FLOW-028 Восстановление из корзины,Security/authorization,implementation_matrix.csv wave-c.csv:380 Source='OpenAPI `POST_api_v1_trash_objectId_restore`; Stage_3_Field_Traceability_Final_3.5.csv; cross-cutting requirement PERM-017'; openapi.yaml operationId POST_api_v1_trash_objectId_restore = POST /api/v1/trash/{objectId}/restore; traceability 4.5 FR-170 Permission=Trash.Restore,Source field of the matrix row confirms operationId POST_api_v1_trash_objectId_restore; method and path verified in openapi.yaml; permission confirmed via traceability FR-170.
wave-c.csv:381,AC-2102,AC,MOD-017,Permission denial for FR-263,unresolved,,,,,,SCR-141 Корзина; SCR-142 Восстановление / restore conflict; SCR-143 Purge metadata,FLOW-027 Перемещение в корзину; FLOW-028 Восстановление из корзины,Security/authorization,implementation_matrix.csv wave-c.csv:381 title='Permission denial for FR-263'; traceability 4.5 FR-263 API cell='Desktop-only; использует существующие read/command API при необходимости'.,FR-263 is a Desktop-only/Desktop-behavior requirement with no dedicated server operation; the allowed sources confirm no new server operation for this AC.
wave-c.csv:382,AC-2358,AC,MOD-017,Stable error handling for FR-169,resolved,DELETE_api_v1_trash_objectId,DELETE,/api/v1/trash/{objectId},Trash.Purge,Task.Application.MOD-017.DELETE_api_v1_trash_objectIdHandler,SCR-141 Корзина; SCR-142 Восстановление / restore conflict; SCR-143 Purge metadata,FLOW-027 Перемещение в корзину; FLOW-028 Восстановление из корзины,Error handling,implementation_matrix.csv wave-c.csv:382 Source='OpenAPI `DELETE_api_v1_trash_objectId`; Stage_3_Field_Traceability_Final_3.5.csv; cross-cutting requirement ERR-017'; openapi.yaml operationId DELETE_api_v1_trash_objectId = DELETE /api/v1/trash/{objectId}; traceability 4.5 FR-169 Permission=Trash.Purge,Source field of the matrix row confirms operationId DELETE_api_v1_trash_objectId; method and path verified in openapi.yaml; permission confirmed via traceability FR-169.
wave-c.csv:383,AC-2359,AC,MOD-017,Stable error handling for FR-170,resolved,POST_api_v1_trash_objectId_restore,POST,/api/v1/trash/{objectId}/restore,Trash.Restore,Task.Application.MOD-017.POST_api_v1_trash_objectId_restoreHandler,SCR-141 Корзина; SCR-142 Восстановление / restore conflict; SCR-143 Purge metadata,FLOW-027 Перемещение в корзину; FLOW-028 Восстановление из корзины,Error handling,implementation_matrix.csv wave-c.csv:383 Source='OpenAPI `POST_api_v1_trash_objectId_restore`; Stage_3_Field_Traceability_Final_3.5.csv; cross-cutting requirement ERR-017'; openapi.yaml operationId POST_api_v1_trash_objectId_restore = POST /api/v1/trash/{objectId}/restore; traceability 4.5 FR-170 Permission=Trash.Restore,Source field of the matrix row confirms operationId POST_api_v1_trash_objectId_restore; method and path verified in openapi.yaml; permission confirmed via traceability FR-170.
wave-c.csv:384,AC-2360,AC,MOD-017,Stable error handling for FR-263,unresolved,,,,,,SCR-141 Корзина; SCR-142 Восстановление / restore conflict; SCR-143 Purge metadata,FLOW-027 Перемещение в корзину; FLOW-028 Восстановление из корзины,Error handling,implementation_matrix.csv wave-c.csv:384 title='Stable error handling for FR-263'; traceability 4.5 FR-263 API cell='Desktop-only; использует существующие read/command API при необходимости'.,FR-263 is a Desktop-only/Desktop-behavior requirement with no dedicated server operation; the allowed sources confirm no new server operation for this AC.
wave-c.csv:388,AC-2874,AC,MOD-017,Audit evidence for FR-169,resolved,DELETE_api_v1_trash_objectId,DELETE,/api/v1/trash/{objectId},Trash.Purge,Task.Application.MOD-017.DELETE_api_v1_trash_objectIdHandler,SCR-141 Корзина; SCR-142 Восстановление / restore conflict; SCR-143 Purge metadata,FLOW-027 Перемещение в корзину; FLOW-028 Восстановление из корзины,Audit/security,implementation_matrix.csv wave-c.csv:388 Source='OpenAPI `DELETE_api_v1_trash_objectId`; Stage_3_Field_Traceability_Final_3.5.csv; cross-cutting requirement AUDIT-017'; openapi.yaml operationId DELETE_api_v1_trash_objectId = DELETE /api/v1/trash/{objectId}; traceability 4.5 FR-169 Permission=Trash.Purge,Source field of the matrix row confirms operationId DELETE_api_v1_trash_objectId; method and path verified in openapi.yaml; permission confirmed via traceability FR-169.
wave-c.csv:389,AC-2875,AC,MOD-017,Audit evidence for FR-170,resolved,POST_api_v1_trash_objectId_restore,POST,/api/v1/trash/{objectId}/restore,Trash.Restore,Task.Application.MOD-017.POST_api_v1_trash_objectId_restoreHandler,SCR-141 Корзина; SCR-142 Восстановление / restore conflict; SCR-143 Purge metadata,FLOW-027 Перемещение в корзину; FLOW-028 Восстановление из корзины,Audit/security,implementation_matrix.csv wave-c.csv:389 Source='OpenAPI `POST_api_v1_trash_objectId_restore`; Stage_3_Field_Traceability_Final_3.5.csv; cross-cutting requirement AUDIT-017'; openapi.yaml operationId POST_api_v1_trash_objectId_restore = POST /api/v1/trash/{objectId}/restore; traceability 4.5 FR-170 Permission=Trash.Restore,Source field of the matrix row confirms operationId POST_api_v1_trash_objectId_restore; method and path verified in openapi.yaml; permission confirmed via traceability FR-170.
wave-c.csv:390,AC-2876,AC,MOD-017,Audit evidence for FR-263,unresolved,,,,,,SCR-141 Корзина; SCR-142 Восстановление / restore conflict; SCR-143 Purge metadata,FLOW-027 Перемещение в корзину; FLOW-028 Восстановление из корзины,Audit/security,implementation_matrix.csv wave-c.csv:390 title='Audit evidence for FR-263'; traceability 4.5 FR-263 API cell='Desktop-only; использует существующие read/command API при необходимости'.,FR-263 is a Desktop-only/Desktop-behavior requirement with no dedicated server operation; the allowed sources confirm no new server operation for this AC.
wave-c.csv:425,AC-1705,AC,MOD-018,[STATE-007] Field contract: DevicePatch.status respects type/required/nullable/limits/PATCH semantics,resolved,PATCH_api_v1_devices_id,PATCH,/api/v1/devices/{id},Device.UpdateOwnOrAll,Task.Application.MOD-018.PATCH_api_v1_devices_idHandler,"SCR-150 Настройки; SCR-151 Профиль; SCR-152 Пароль и безопасность; SCR-153 Notifications и DND; SCR-154 Calendar preferences; SCR-155 Startup, tray и device; SCR-156 Cache и sync; SCR-157 Подключение; SCR-158 Доступность; SCR-159 Диагностика клиента; SCR-161 Мои devices и sessions",FLOW-002 Обычный вход; FLOW-003 Истечение сессии,Boundary/contract UI,implementation_matrix.csv wave-c.csv:425 Source='dto_field_catalog.csv:DevicePatch.status; openapi.yaml operation PATCH_api_v1_devices_id'; openapi.yaml operationId PATCH_api_v1_devices_id = PATCH /api/v1/devices/{id}; traceability 4.5 FR-202 Permission=Device.UpdateOwnOrAll,Source field of the matrix row confirms operationId PATCH_api_v1_devices_id; method and path verified in openapi.yaml; permission confirmed via traceability FR-202.
wave-c.csv:426,AC-1706,AC,MOD-018,[STATE-007] Field contract: NotificationPreferencesPatch.defaultSnoozeMinutes respects type/required/nullable/limits/PATCH semantics,resolved,PUT_api_v1_notifications_preferences,PUT,/api/v1/notifications/preferences,Settings.UpdateOwn,Task.Application.MOD-018.PUT_api_v1_notifications_preferencesHandler,"SCR-150 Настройки; SCR-151 Профиль; SCR-152 Пароль и безопасность; SCR-153 Notifications и DND; SCR-154 Calendar preferences; SCR-155 Startup, tray и device; SCR-156 Cache и sync; SCR-157 Подключение; SCR-158 Доступность; SCR-159 Диагностика клиента; SCR-161 Мои devices и sessions",FLOW-002 Обычный вход; FLOW-003 Истечение сессии,Boundary/contract UI,implementation_matrix.csv wave-c.csv:426 Source='dto_field_catalog.csv:NotificationPreferencesPatch.defaultSnoozeMinutes; openapi.yaml operation PUT_api_v1_notifications_preferences'; openapi.yaml operationId PUT_api_v1_notifications_preferences = PUT /api/v1/notifications/preferences; traceability 4.5 FR-172 Permission=Settings.UpdateOwn,Source field of the matrix row confirms operationId PUT_api_v1_notifications_preferences; method and path verified in openapi.yaml; permission confirmed via traceability FR-172.
wave-c.csv:427,AC-1707,AC,MOD-018,[STATE-007] Field contract: NotificationPreferencesPatch.desktopEnabled respects type/required/nullable/limits/PATCH semantics,resolved,PUT_api_v1_notifications_preferences,PUT,/api/v1/notifications/preferences,Settings.UpdateOwn,Task.Application.MOD-018.PUT_api_v1_notifications_preferencesHandler,"SCR-150 Настройки; SCR-151 Профиль; SCR-152 Пароль и безопасность; SCR-153 Notifications и DND; SCR-154 Calendar preferences; SCR-155 Startup, tray и device; SCR-156 Cache и sync; SCR-157 Подключение; SCR-158 Доступность; SCR-159 Диагностика клиента; SCR-161 Мои devices и sessions",FLOW-002 Обычный вход; FLOW-003 Истечение сессии,Boundary/contract UI,implementation_matrix.csv wave-c.csv:427 Source='dto_field_catalog.csv:NotificationPreferencesPatch.desktopEnabled; openapi.yaml operation PUT_api_v1_notifications_preferences'; openapi.yaml operationId PUT_api_v1_notifications_preferences = PUT /api/v1/notifications/preferences; traceability 4.5 FR-172 Permission=Settings.UpdateOwn,Source field of the matrix row confirms operationId PUT_api_v1_notifications_preferences; method and path verified in openapi.yaml; permission confirmed via traceability FR-172.
wave-c.csv:428,AC-1708,AC,MOD-018,[STATE-007] Field contract: NotificationPreferencesPatch.enabled respects type/required/nullable/limits/PATCH semantics,resolved,PUT_api_v1_notifications_preferences,PUT,/api/v1/notifications/preferences,Settings.UpdateOwn,Task.Application.MOD-018.PUT_api_v1_notifications_preferencesHandler,"SCR-150 Настройки; SCR-151 Профиль; SCR-152 Пароль и безопасность; SCR-153 Notifications и DND; SCR-154 Calendar preferences; SCR-155 Startup, tray и device; SCR-156 Cache и sync; SCR-157 Подключение; SCR-158 Доступность; SCR-159 Диагностика клиента; SCR-161 Мои devices и sessions",FLOW-002 Обычный вход; FLOW-003 Истечение сессии,Boundary/contract UI,implementation_matrix.csv wave-c.csv:428 Source='dto_field_catalog.csv:NotificationPreferencesPatch.enabled; openapi.yaml operation PUT_api_v1_notifications_preferences'; openapi.yaml operationId PUT_api_v1_notifications_preferences = PUT /api/v1/notifications/preferences; traceability 4.5 FR-172 Permission=Settings.UpdateOwn,Source field of the matrix row confirms operationId PUT_api_v1_notifications_preferences; method and path verified in openapi.yaml; permission confirmed via traceability FR-172.
wave-c.csv:429,AC-1709,AC,MOD-018,[STATE-007] Field contract: NotificationPreferencesPatch.quietHoursEnd respects type/required/nullable/limits/PATCH semantics,resolved,PUT_api_v1_notifications_preferences,PUT,/api/v1/notifications/preferences,Settings.UpdateOwn,Task.Application.MOD-018.PUT_api_v1_notifications_preferencesHandler,"SCR-150 Настройки; SCR-151 Профиль; SCR-152 Пароль и безопасность; SCR-153 Notifications и DND; SCR-154 Calendar preferences; SCR-155 Startup, tray и device; SCR-156 Cache и sync; SCR-157 Подключение; SCR-158 Доступность; SCR-159 Диагностика клиента; SCR-161 Мои devices и sessions",FLOW-002 Обычный вход; FLOW-003 Истечение сессии,Boundary/contract UI,implementation_matrix.csv wave-c.csv:429 Source='dto_field_catalog.csv:NotificationPreferencesPatch.quietHoursEnd; openapi.yaml operation PUT_api_v1_notifications_preferences'; openapi.yaml operationId PUT_api_v1_notifications_preferences = PUT /api/v1/notifications/preferences; traceability 4.5 FR-172 Permission=Settings.UpdateOwn,Source field of the matrix row confirms operationId PUT_api_v1_notifications_preferences; method and path verified in openapi.yaml; permission confirmed via traceability FR-172.
wave-c.csv:430,AC-1710,AC,MOD-018,[STATE-007] Field contract: NotificationPreferencesPatch.quietHoursStart respects type/required/nullable/limits/PATCH semantics,resolved,PUT_api_v1_notifications_preferences,PUT,/api/v1/notifications/preferences,Settings.UpdateOwn,Task.Application.MOD-018.PUT_api_v1_notifications_preferencesHandler,"SCR-150 Настройки; SCR-151 Профиль; SCR-152 Пароль и безопасность; SCR-153 Notifications и DND; SCR-154 Calendar preferences; SCR-155 Startup, tray и device; SCR-156 Cache и sync; SCR-157 Подключение; SCR-158 Доступность; SCR-159 Диагностика клиента; SCR-161 Мои devices и sessions",FLOW-002 Обычный вход; FLOW-003 Истечение сессии,Boundary/contract UI,implementation_matrix.csv wave-c.csv:430 Source='dto_field_catalog.csv:NotificationPreferencesPatch.quietHoursStart; openapi.yaml operation PUT_api_v1_notifications_preferences'; openapi.yaml operationId PUT_api_v1_notifications_preferences = PUT /api/v1/notifications/preferences; traceability 4.5 FR-172 Permission=Settings.UpdateOwn,Source field of the matrix row confirms operationId PUT_api_v1_notifications_preferences; method and path verified in openapi.yaml; permission confirmed via traceability FR-172.
wave-c.csv:431,AC-1711,AC,MOD-018,[STATE-007] Field contract: NotificationPreferencesPatch.soundEnabled respects type/required/nullable/limits/PATCH semantics,resolved,PUT_api_v1_notifications_preferences,PUT,/api/v1/notifications/preferences,Settings.UpdateOwn,Task.Application.MOD-018.PUT_api_v1_notifications_preferencesHandler,"SCR-150 Настройки; SCR-151 Профиль; SCR-152 Пароль и безопасность; SCR-153 Notifications и DND; SCR-154 Calendar preferences; SCR-155 Startup, tray и device; SCR-156 Cache и sync; SCR-157 Подключение; SCR-158 Доступность; SCR-159 Диагностика клиента; SCR-161 Мои devices и sessions",FLOW-002 Обычный вход; FLOW-003 Истечение сессии,Boundary/contract UI,implementation_matrix.csv wave-c.csv:431 Source='dto_field_catalog.csv:NotificationPreferencesPatch.soundEnabled; openapi.yaml operation PUT_api_v1_notifications_preferences'; openapi.yaml operationId PUT_api_v1_notifications_preferences = PUT /api/v1/notifications/preferences; traceability 4.5 FR-172 Permission=Settings.UpdateOwn,Source field of the matrix row confirms operationId PUT_api_v1_notifications_preferences; method and path verified in openapi.yaml; permission confirmed via traceability FR-172.
wave-c.csv:432,AC-1712,AC,MOD-018,[STATE-007] Field contract: UserSettingsPatch.firstDayOfWeek respects type/required/nullable/limits/PATCH semantics,resolved,PATCH_api_v1_settings_me,PATCH,/api/v1/settings/me,Settings.UpdateOwn,Task.Application.MOD-018.PATCH_api_v1_settings_meHandler,"SCR-150 Настройки; SCR-151 Профиль; SCR-152 Пароль и безопасность; SCR-153 Notifications и DND; SCR-154 Calendar preferences; SCR-155 Startup, tray и device; SCR-156 Cache и sync; SCR-157 Подключение; SCR-158 Доступность; SCR-159 Диагностика клиента; SCR-161 Мои devices и sessions",FLOW-002 Обычный вход; FLOW-003 Истечение сессии,Boundary/contract UI,implementation_matrix.csv wave-c.csv:432 Source='dto_field_catalog.csv:UserSettingsPatch.firstDayOfWeek; openapi.yaml operation PATCH_api_v1_settings_me'; openapi.yaml operationId PATCH_api_v1_settings_me = PATCH /api/v1/settings/me; traceability 4.5 FR-174 Permission=Settings.UpdateOwn,Source field of the matrix row confirms operationId PATCH_api_v1_settings_me; method and path verified in openapi.yaml; permission confirmed via traceability FR-174.
wave-c.csv:433,AC-1713,AC,MOD-018,[STATE-007] Field contract: UserSettingsPatch.language respects type/required/nullable/limits/PATCH semantics,resolved,PATCH_api_v1_settings_me,PATCH,/api/v1/settings/me,Settings.UpdateOwn,Task.Application.MOD-018.PATCH_api_v1_settings_meHandler,"SCR-150 Настройки; SCR-151 Профиль; SCR-152 Пароль и безопасность; SCR-153 Notifications и DND; SCR-154 Calendar preferences; SCR-155 Startup, tray и device; SCR-156 Cache и sync; SCR-157 Подключение; SCR-158 Доступность; SCR-159 Диагностика клиента; SCR-161 Мои devices и sessions",FLOW-002 Обычный вход; FLOW-003 Истечение сессии,Boundary/contract UI,implementation_matrix.csv wave-c.csv:433 Source='dto_field_catalog.csv:UserSettingsPatch.language; openapi.yaml operation PATCH_api_v1_settings_me'; openapi.yaml operationId PATCH_api_v1_settings_me = PATCH /api/v1/settings/me; traceability 4.5 FR-174 Permission=Settings.UpdateOwn,Source field of the matrix row confirms operationId PATCH_api_v1_settings_me; method and path verified in openapi.yaml; permission confirmed via traceability FR-174.
wave-c.csv:434,AC-1714,AC,MOD-018,[STATE-007] Field contract: UserSettingsPatch.timeFormat respects type/required/nullable/limits/PATCH semantics,resolved,PATCH_api_v1_settings_me,PATCH,/api/v1/settings/me,Settings.UpdateOwn,Task.Application.MOD-018.PATCH_api_v1_settings_meHandler,"SCR-150 Настройки; SCR-151 Профиль; SCR-152 Пароль и безопасность; SCR-153 Notifications и DND; SCR-154 Calendar preferences; SCR-155 Startup, tray и device; SCR-156 Cache и sync; SCR-157 Подключение; SCR-158 Доступность; SCR-159 Диагностика клиента; SCR-161 Мои devices и sessions",FLOW-002 Обычный вход; FLOW-003 Истечение сессии,Boundary/contract UI,implementation_matrix.csv wave-c.csv:434 Source='dto_field_catalog.csv:UserSettingsPatch.timeFormat; openapi.yaml operation PATCH_api_v1_settings_me'; openapi.yaml operationId PATCH_api_v1_settings_me = PATCH /api/v1/settings/me; traceability 4.5 FR-174 Permission=Settings.UpdateOwn,Source field of the matrix row confirms operationId PATCH_api_v1_settings_me; method and path verified in openapi.yaml; permission confirmed via traceability FR-174.
wave-c.csv:435,AC-1715,AC,MOD-018,[STATE-007] Field contract: UserSettingsPatch.workdayEnd respects type/required/nullable/limits/PATCH semantics,resolved,PATCH_api_v1_settings_me,PATCH,/api/v1/settings/me,Settings.UpdateOwn,Task.Application.MOD-018.PATCH_api_v1_settings_meHandler,"SCR-150 Настройки; SCR-151 Профиль; SCR-152 Пароль и безопасность; SCR-153 Notifications и DND; SCR-154 Calendar preferences; SCR-155 Startup, tray и device; SCR-156 Cache и sync; SCR-157 Подключение; SCR-158 Доступность; SCR-159 Диагностика клиента; SCR-161 Мои devices и sessions",FLOW-002 Обычный вход; FLOW-003 Истечение сессии,Boundary/contract UI,implementation_matrix.csv wave-c.csv:435 Source='dto_field_catalog.csv:UserSettingsPatch.workdayEnd; openapi.yaml operation PATCH_api_v1_settings_me'; openapi.yaml operationId PATCH_api_v1_settings_me = PATCH /api/v1/settings/me; traceability 4.5 FR-174 Permission=Settings.UpdateOwn,Source field of the matrix row confirms operationId PATCH_api_v1_settings_me; method and path verified in openapi.yaml; permission confirmed via traceability FR-174.
wave-c.csv:436,AC-1716,AC,MOD-018,[STATE-007] Field contract: UserSettingsPatch.workdayStart respects type/required/nullable/limits/PATCH semantics,resolved,PATCH_api_v1_settings_me,PATCH,/api/v1/settings/me,Settings.UpdateOwn,Task.Application.MOD-018.PATCH_api_v1_settings_meHandler,"SCR-150 Настройки; SCR-151 Профиль; SCR-152 Пароль и безопасность; SCR-153 Notifications и DND; SCR-154 Calendar preferences; SCR-155 Startup, tray и device; SCR-156 Cache и sync; SCR-157 Подключение; SCR-158 Доступность; SCR-159 Диагностика клиента; SCR-161 Мои devices и sessions",FLOW-002 Обычный вход; FLOW-003 Истечение сессии,Boundary/contract UI,implementation_matrix.csv wave-c.csv:436 Source='dto_field_catalog.csv:UserSettingsPatch.workdayStart; openapi.yaml operation PATCH_api_v1_settings_me'; openapi.yaml operationId PATCH_api_v1_settings_me = PATCH /api/v1/settings/me; traceability 4.5 FR-174 Permission=Settings.UpdateOwn,Source field of the matrix row confirms operationId PATCH_api_v1_settings_me; method and path verified in openapi.yaml; permission confirmed via traceability FR-174.
wave-c.csv:437,AC-1717,AC,MOD-018,[STATE-007] Field contract: DevicePatch.appVersion respects type/required/nullable/limits/PATCH semantics,resolved,PATCH_api_v1_devices_id,PATCH,/api/v1/devices/{id},Device.UpdateOwnOrAll,Task.Application.MOD-018.PATCH_api_v1_devices_idHandler,"SCR-150 Настройки; SCR-151 Профиль; SCR-152 Пароль и безопасность; SCR-153 Notifications и DND; SCR-154 Calendar preferences; SCR-155 Startup, tray и device; SCR-156 Cache и sync; SCR-157 Подключение; SCR-158 Доступность; SCR-159 Диагностика клиента; SCR-161 Мои devices и sessions",FLOW-002 Обычный вход; FLOW-003 Истечение сессии,Boundary/contract UI,implementation_matrix.csv wave-c.csv:437 Source='dto_field_catalog.csv:DevicePatch.appVersion; openapi.yaml operation PATCH_api_v1_devices_id'; openapi.yaml operationId PATCH_api_v1_devices_id = PATCH /api/v1/devices/{id}; traceability 4.5 FR-202 Permission=Device.UpdateOwnOrAll,Source field of the matrix row confirms operationId PATCH_api_v1_devices_id; method and path verified in openapi.yaml; permission confirmed via traceability FR-202.
wave-c.csv:438,AC-1718,AC,MOD-018,[STATE-007] Field contract: DevicePatch.deviceKey respects type/required/nullable/limits/PATCH semantics,resolved,PATCH_api_v1_devices_id,PATCH,/api/v1/devices/{id},Device.UpdateOwnOrAll,Task.Application.MOD-018.PATCH_api_v1_devices_idHandler,"SCR-150 Настройки; SCR-151 Профиль; SCR-152 Пароль и безопасность; SCR-153 Notifications и DND; SCR-154 Calendar preferences; SCR-155 Startup, tray и device; SCR-156 Cache и sync; SCR-157 Подключение; SCR-158 Доступность; SCR-159 Диагностика клиента; SCR-161 Мои devices и sessions",FLOW-002 Обычный вход; FLOW-003 Истечение сессии,Boundary/contract UI,implementation_matrix.csv wave-c.csv:438 Source='dto_field_catalog.csv:DevicePatch.deviceKey; openapi.yaml operation PATCH_api_v1_devices_id'; openapi.yaml operationId PATCH_api_v1_devices_id = PATCH /api/v1/devices/{id}; traceability 4.5 FR-202 Permission=Device.UpdateOwnOrAll,Source field of the matrix row confirms operationId PATCH_api_v1_devices_id; method and path verified in openapi.yaml; permission confirmed via traceability FR-202.
wave-c.csv:439,AC-1719,AC,MOD-018,[STATE-007] Field contract: DevicePatch.deviceName respects type/required/nullable/limits/PATCH semantics,resolved,PATCH_api_v1_devices_id,PATCH,/api/v1/devices/{id},Device.UpdateOwnOrAll,Task.Application.MOD-018.PATCH_api_v1_devices_idHandler,"SCR-150 Настройки; SCR-151 Профиль; SCR-152 Пароль и безопасность; SCR-153 Notifications и DND; SCR-154 Calendar preferences; SCR-155 Startup, tray и device; SCR-156 Cache и sync; SCR-157 Подключение; SCR-158 Доступность; SCR-159 Диагностика клиента; SCR-161 Мои devices и sessions",FLOW-002 Обычный вход; FLOW-003 Истечение сессии,Boundary/contract UI,implementation_matrix.csv wave-c.csv:439 Source='dto_field_catalog.csv:DevicePatch.deviceName; openapi.yaml operation PATCH_api_v1_devices_id'; openapi.yaml operationId PATCH_api_v1_devices_id = PATCH /api/v1/devices/{id}; traceability 4.5 FR-202 Permission=Device.UpdateOwnOrAll,Source field of the matrix row confirms operationId PATCH_api_v1_devices_id; method and path verified in openapi.yaml; permission confirmed via traceability FR-202.
wave-c.csv:440,AC-1720,AC,MOD-018,[STATE-007] Field contract: DevicePatch.platform respects type/required/nullable/limits/PATCH semantics,resolved,PATCH_api_v1_devices_id,PATCH,/api/v1/devices/{id},Device.UpdateOwnOrAll,Task.Application.MOD-018.PATCH_api_v1_devices_idHandler,"SCR-150 Настройки; SCR-151 Профиль; SCR-152 Пароль и безопасность; SCR-153 Notifications и DND; SCR-154 Calendar preferences; SCR-155 Startup, tray и device; SCR-156 Cache и sync; SCR-157 Подключение; SCR-158 Доступность; SCR-159 Диагностика клиента; SCR-161 Мои devices и sessions",FLOW-002 Обычный вход; FLOW-003 Истечение сессии,Boundary/contract UI,implementation_matrix.csv wave-c.csv:440 Source='dto_field_catalog.csv:DevicePatch.platform; openapi.yaml operation PATCH_api_v1_devices_id'; openapi.yaml operationId PATCH_api_v1_devices_id = PATCH /api/v1/devices/{id}; traceability 4.5 FR-202 Permission=Device.UpdateOwnOrAll,Source field of the matrix row confirms operationId PATCH_api_v1_devices_id; method and path verified in openapi.yaml; permission confirmed via traceability FR-202.
wave-c.csv:441,AC-1721,AC,MOD-018,[STATE-007] Field contract: NotificationPreferencesPatch.quietHoursTimeZone respects type/required/nullable/limits/PATCH semantics,resolved,PUT_api_v1_notifications_preferences,PUT,/api/v1/notifications/preferences,Settings.UpdateOwn,Task.Application.MOD-018.PUT_api_v1_notifications_preferencesHandler,"SCR-150 Настройки; SCR-151 Профиль; SCR-152 Пароль и безопасность; SCR-153 Notifications и DND; SCR-154 Calendar preferences; SCR-155 Startup, tray и device; SCR-156 Cache и sync; SCR-157 Подключение; SCR-158 Доступность; SCR-159 Диагностика клиента; SCR-161 Мои devices и sessions",FLOW-002 Обычный вход; FLOW-003 Истечение сессии,Boundary/contract UI,implementation_matrix.csv wave-c.csv:441 Source='dto_field_catalog.csv:NotificationPreferencesPatch.quietHoursTimeZone; openapi.yaml operation PUT_api_v1_notifications_preferences'; openapi.yaml operationId PUT_api_v1_notifications_preferences = PUT /api/v1/notifications/preferences; traceability 4.5 FR-172 Permission=Settings.UpdateOwn,Source field of the matrix row confirms operationId PUT_api_v1_notifications_preferences; method and path verified in openapi.yaml; permission confirmed via traceability FR-172.
wave-c.csv:442,AC-1722,AC,MOD-018,[STATE-007] Field contract: UserSettingsPatch.allowLocalPaths respects type/required/nullable/limits/PATCH semantics,resolved,PATCH_api_v1_settings_me,PATCH,/api/v1/settings/me,Settings.UpdateOwn,Task.Application.MOD-018.PATCH_api_v1_settings_meHandler,"SCR-150 Настройки; SCR-151 Профиль; SCR-152 Пароль и безопасность; SCR-153 Notifications и DND; SCR-154 Calendar preferences; SCR-155 Startup, tray и device; SCR-156 Cache и sync; SCR-157 Подключение; SCR-158 Доступность; SCR-159 Диагностика клиента; SCR-161 Мои devices и sessions",FLOW-002 Обычный вход; FLOW-003 Истечение сессии,Boundary/contract UI,implementation_matrix.csv wave-c.csv:442 Source='dto_field_catalog.csv:UserSettingsPatch.allowLocalPaths; openapi.yaml operation PATCH_api_v1_settings_me'; openapi.yaml operationId PATCH_api_v1_settings_me = PATCH /api/v1/settings/me; traceability 4.5 FR-174 Permission=Settings.UpdateOwn,Source field of the matrix row confirms operationId PATCH_api_v1_settings_me; method and path verified in openapi.yaml; permission confirmed via traceability FR-174.
wave-c.csv:443,AC-1723,AC,MOD-018,[STATE-007] Field contract: UserSettingsPatch.autostartEnabled respects type/required/nullable/limits/PATCH semantics,resolved,PATCH_api_v1_settings_me,PATCH,/api/v1/settings/me,Settings.UpdateOwn,Task.Application.MOD-018.PATCH_api_v1_settings_meHandler,"SCR-150 Настройки; SCR-151 Профиль; SCR-152 Пароль и безопасность; SCR-153 Notifications и DND; SCR-154 Calendar preferences; SCR-155 Startup, tray и device; SCR-156 Cache и sync; SCR-157 Подключение; SCR-158 Доступность; SCR-159 Диагностика клиента; SCR-161 Мои devices и sessions",FLOW-002 Обычный вход; FLOW-003 Истечение сессии,Boundary/contract UI,implementation_matrix.csv wave-c.csv:443 Source='dto_field_catalog.csv:UserSettingsPatch.autostartEnabled; openapi.yaml operation PATCH_api_v1_settings_me'; openapi.yaml operationId PATCH_api_v1_settings_me = PATCH /api/v1/settings/me; traceability 4.5 FR-174 Permission=Settings.UpdateOwn,Source field of the matrix row confirms operationId PATCH_api_v1_settings_me; method and path verified in openapi.yaml; permission confirmed via traceability FR-174.
wave-c.csv:444,AC-1724,AC,MOD-018,[STATE-007] Field contract: UserSettingsPatch.confirmCatalogDelete respects type/required/nullable/limits/PATCH semantics,resolved,PATCH_api_v1_settings_me,PATCH,/api/v1/settings/me,Settings.UpdateOwn,Task.Application.MOD-018.PATCH_api_v1_settings_meHandler,"SCR-150 Настройки; SCR-151 Профиль; SCR-152 Пароль и безопасность; SCR-153 Notifications и DND; SCR-154 Calendar preferences; SCR-155 Startup, tray и device; SCR-156 Cache и sync; SCR-157 Подключение; SCR-158 Доступность; SCR-159 Диагностика клиента; SCR-161 Мои devices и sessions",FLOW-002 Обычный вход; FLOW-003 Истечение сессии,Boundary/contract UI,implementation_matrix.csv wave-c.csv:444 Source='dto_field_catalog.csv:UserSettingsPatch.confirmCatalogDelete; openapi.yaml operation PATCH_api_v1_settings_me'; openapi.yaml operationId PATCH_api_v1_settings_me = PATCH /api/v1/settings/me; traceability 4.5 FR-174 Permission=Settings.UpdateOwn,Source field of the matrix row confirms operationId PATCH_api_v1_settings_me; method and path verified in openapi.yaml; permission confirmed via traceability FR-174.
wave-c.csv:445,AC-1725,AC,MOD-018,[STATE-007] Field contract: UserSettingsPatch.defaultReminderOffsetMinutes respects type/required/nullable/limits/PATCH semantics,resolved,PATCH_api_v1_settings_me,PATCH,/api/v1/settings/me,Settings.UpdateOwn,Task.Application.MOD-018.PATCH_api_v1_settings_meHandler,"SCR-150 Настройки; SCR-151 Профиль; SCR-152 Пароль и безопасность; SCR-153 Notifications и DND; SCR-154 Calendar preferences; SCR-155 Startup, tray и device; SCR-156 Cache и sync; SCR-157 Подключение; SCR-158 Доступность; SCR-159 Диагностика клиента; SCR-161 Мои devices и sessions",FLOW-002 Обычный вход; FLOW-003 Истечение сессии,Boundary/contract UI,implementation_matrix.csv wave-c.csv:445 Source='dto_field_catalog.csv:UserSettingsPatch.defaultReminderOffsetMinutes; openapi.yaml operation PATCH_api_v1_settings_me'; openapi.yaml operationId PATCH_api_v1_settings_me = PATCH /api/v1/settings/me; traceability 4.5 FR-174 Permission=Settings.UpdateOwn,Source field of the matrix row confirms operationId PATCH_api_v1_settings_me; method and path verified in openapi.yaml; permission confirmed via traceability FR-174.
wave-c.csv:446,AC-1726,AC,MOD-018,[STATE-007] Field contract: UserSettingsPatch.defaultTaskDurationMinutes respects type/required/nullable/limits/PATCH semantics,resolved,PATCH_api_v1_settings_me,PATCH,/api/v1/settings/me,Settings.UpdateOwn,Task.Application.MOD-018.PATCH_api_v1_settings_meHandler,"SCR-150 Настройки; SCR-151 Профиль; SCR-152 Пароль и безопасность; SCR-153 Notifications и DND; SCR-154 Calendar preferences; SCR-155 Startup, tray и device; SCR-156 Cache и sync; SCR-157 Подключение; SCR-158 Доступность; SCR-159 Диагностика клиента; SCR-161 Мои devices и sessions",FLOW-002 Обычный вход; FLOW-003 Истечение сессии,Boundary/contract UI,implementation_matrix.csv wave-c.csv:446 Source='dto_field_catalog.csv:UserSettingsPatch.defaultTaskDurationMinutes; openapi.yaml operation PATCH_api_v1_settings_me'; openapi.yaml operationId PATCH_api_v1_settings_me = PATCH /api/v1/settings/me; traceability 4.5 FR-174 Permission=Settings.UpdateOwn,Source field of the matrix row confirms operationId PATCH_api_v1_settings_me; method and path verified in openapi.yaml; permission confirmed via traceability FR-174.
wave-c.csv:447,AC-1727,AC,MOD-018,[STATE-007] Field contract: UserSettingsPatch.missingFileBehavior respects type/required/nullable/limits/PATCH semantics,resolved,PATCH_api_v1_settings_me,PATCH,/api/v1/settings/me,Settings.UpdateOwn,Task.Application.MOD-018.PATCH_api_v1_settings_meHandler,"SCR-150 Настройки; SCR-151 Профиль; SCR-152 Пароль и безопасность; SCR-153 Notifications и DND; SCR-154 Calendar preferences; SCR-155 Startup, tray и device; SCR-156 Cache и sync; SCR-157 Подключение; SCR-158 Доступность; SCR-159 Диагностика клиента; SCR-161 Мои devices и sessions",FLOW-002 Обычный вход; FLOW-003 Истечение сессии,Boundary/contract UI,implementation_matrix.csv wave-c.csv:447 Source='dto_field_catalog.csv:UserSettingsPatch.missingFileBehavior; openapi.yaml operation PATCH_api_v1_settings_me'; openapi.yaml operationId PATCH_api_v1_settings_me = PATCH /api/v1/settings/me; traceability 4.5 FR-174 Permission=Settings.UpdateOwn,Source field of the matrix row confirms operationId PATCH_api_v1_settings_me; method and path verified in openapi.yaml; permission confirmed via traceability FR-174.
wave-c.csv:448,AC-1728,AC,MOD-018,[STATE-007] Field contract: UserSettingsPatch.weekendDays respects type/required/nullable/limits/PATCH semantics,resolved,PATCH_api_v1_settings_me,PATCH,/api/v1/settings/me,Settings.UpdateOwn,Task.Application.MOD-018.PATCH_api_v1_settings_meHandler,"SCR-150 Настройки; SCR-151 Профиль; SCR-152 Пароль и безопасность; SCR-153 Notifications и DND; SCR-154 Calendar preferences; SCR-155 Startup, tray и device; SCR-156 Cache и sync; SCR-157 Подключение; SCR-158 Доступность; SCR-159 Диагностика клиента; SCR-161 Мои devices и sessions",FLOW-002 Обычный вход; FLOW-003 Истечение сессии,Boundary/contract UI,implementation_matrix.csv wave-c.csv:448 Source='dto_field_catalog.csv:UserSettingsPatch.weekendDays; openapi.yaml operation PATCH_api_v1_settings_me'; openapi.yaml operationId PATCH_api_v1_settings_me = PATCH /api/v1/settings/me; traceability 4.5 FR-174 Permission=Settings.UpdateOwn,Source field of the matrix row confirms operationId PATCH_api_v1_settings_me; method and path verified in openapi.yaml; permission confirmed via traceability FR-174.
wave-c.csv:464,AC-1845,AC,MOD-018,Permission denial for FR-171,resolved,GET_api_v1_notifications_preferences,GET,/api/v1/notifications/preferences,Settings.ReadOwn,Task.Application.MOD-018.GET_api_v1_notifications_preferencesHandler,"SCR-150 Настройки; SCR-151 Профиль; SCR-152 Пароль и безопасность; SCR-153 Notifications и DND; SCR-154 Calendar preferences; SCR-155 Startup, tray и device; SCR-156 Cache и sync; SCR-157 Подключение; SCR-158 Доступность; SCR-159 Диагностика клиента; SCR-161 Мои devices и sessions",FLOW-002 Обычный вход; FLOW-003 Истечение сессии,Security/authorization,implementation_matrix.csv wave-c.csv:464 Source='OpenAPI `GET_api_v1_notifications_preferences`; Stage_3_Field_Traceability_Final_3.5.csv; cross-cutting requirement PERM-018'; openapi.yaml operationId GET_api_v1_notifications_preferences = GET /api/v1/notifications/preferences; traceability 4.5 FR-171 Permission=Settings.ReadOwn,Source field of the matrix row confirms operationId GET_api_v1_notifications_preferences; method and path verified in openapi.yaml; permission confirmed via traceability FR-171.
wave-c.csv:465,AC-1866,AC,MOD-018,Stable error handling for FR-171,resolved,GET_api_v1_notifications_preferences,GET,/api/v1/notifications/preferences,Settings.ReadOwn,Task.Application.MOD-018.GET_api_v1_notifications_preferencesHandler,"SCR-150 Настройки; SCR-151 Профиль; SCR-152 Пароль и безопасность; SCR-153 Notifications и DND; SCR-154 Calendar preferences; SCR-155 Startup, tray и device; SCR-156 Cache и sync; SCR-157 Подключение; SCR-158 Доступность; SCR-159 Диагностика клиента; SCR-161 Мои devices и sessions",FLOW-002 Обычный вход; FLOW-003 Истечение сессии,Error handling,implementation_matrix.csv wave-c.csv:465 Source='OpenAPI `GET_api_v1_notifications_preferences`; Stage_3_Field_Traceability_Final_3.5.csv; cross-cutting requirement ERR-018'; openapi.yaml operationId GET_api_v1_notifications_preferences = GET /api/v1/notifications/preferences; traceability 4.5 FR-171 Permission=Settings.ReadOwn,Source field of the matrix row confirms operationId GET_api_v1_notifications_preferences; method and path verified in openapi.yaml; permission confirmed via traceability FR-171.
wave-c.csv:467,AC-1908,AC,MOD-018,Audit evidence for FR-171,resolved,GET_api_v1_notifications_preferences,GET,/api/v1/notifications/preferences,Settings.ReadOwn,Task.Application.MOD-018.GET_api_v1_notifications_preferencesHandler,"SCR-150 Настройки; SCR-151 Профиль; SCR-152 Пароль и безопасность; SCR-153 Notifications и DND; SCR-154 Calendar preferences; SCR-155 Startup, tray и device; SCR-156 Cache и sync; SCR-157 Подключение; SCR-158 Доступность; SCR-159 Диагностика клиента; SCR-161 Мои devices и sessions",FLOW-002 Обычный вход; FLOW-003 Истечение сессии,Audit/security,implementation_matrix.csv wave-c.csv:467 Source='OpenAPI `GET_api_v1_notifications_preferences`; Stage_3_Field_Traceability_Final_3.5.csv; cross-cutting requirement AUDIT-018'; openapi.yaml operationId GET_api_v1_notifications_preferences = GET /api/v1/notifications/preferences; traceability 4.5 FR-171 Permission=Settings.ReadOwn,Source field of the matrix row confirms operationId GET_api_v1_notifications_preferences; method and path verified in openapi.yaml; permission confirmed via traceability FR-171.
wave-c.csv:468,AC-2103,AC,MOD-018,Permission denial for FR-172,resolved,PUT_api_v1_notifications_preferences,PUT,/api/v1/notifications/preferences,Settings.UpdateOwn,Task.Application.MOD-018.PUT_api_v1_notifications_preferencesHandler,"SCR-150 Настройки; SCR-151 Профиль; SCR-152 Пароль и безопасность; SCR-153 Notifications и DND; SCR-154 Calendar preferences; SCR-155 Startup, tray и device; SCR-156 Cache и sync; SCR-157 Подключение; SCR-158 Доступность; SCR-159 Диагностика клиента; SCR-161 Мои devices и sessions",FLOW-002 Обычный вход; FLOW-003 Истечение сессии,Security/authorization,implementation_matrix.csv wave-c.csv:468 Source='OpenAPI `PUT_api_v1_notifications_preferences`; Stage_3_Field_Traceability_Final_3.5.csv; cross-cutting requirement PERM-018'; openapi.yaml operationId PUT_api_v1_notifications_preferences = PUT /api/v1/notifications/preferences; traceability 4.5 FR-172 Permission=Settings.UpdateOwn,Source field of the matrix row confirms operationId PUT_api_v1_notifications_preferences; method and path verified in openapi.yaml; permission confirmed via traceability FR-172.
wave-c.csv:469,AC-2104,AC,MOD-018,Permission denial for FR-173,resolved,GET_api_v1_settings_me,GET,/api/v1/settings/me,Settings.ReadOwn,Task.Application.MOD-018.GET_api_v1_settings_meHandler,"SCR-150 Настройки; SCR-151 Профиль; SCR-152 Пароль и безопасность; SCR-153 Notifications и DND; SCR-154 Calendar preferences; SCR-155 Startup, tray и device; SCR-156 Cache и sync; SCR-157 Подключение; SCR-158 Доступность; SCR-159 Диагностика клиента; SCR-161 Мои devices и sessions",FLOW-002 Обычный вход; FLOW-003 Истечение сессии,Security/authorization,implementation_matrix.csv wave-c.csv:469 Source='OpenAPI `GET_api_v1_settings_me`; Stage_3_Field_Traceability_Final_3.5.csv; cross-cutting requirement PERM-018'; openapi.yaml operationId GET_api_v1_settings_me = GET /api/v1/settings/me; traceability 4.5 FR-173 Permission=Settings.ReadOwn,Source field of the matrix row confirms operationId GET_api_v1_settings_me; method and path verified in openapi.yaml; permission confirmed via traceability FR-173.
wave-c.csv:470,AC-2105,AC,MOD-018,Permission denial for FR-174,resolved,PATCH_api_v1_settings_me,PATCH,/api/v1/settings/me,Settings.UpdateOwn,Task.Application.MOD-018.PATCH_api_v1_settings_meHandler,"SCR-150 Настройки; SCR-151 Профиль; SCR-152 Пароль и безопасность; SCR-153 Notifications и DND; SCR-154 Calendar preferences; SCR-155 Startup, tray и device; SCR-156 Cache и sync; SCR-157 Подключение; SCR-158 Доступность; SCR-159 Диагностика клиента; SCR-161 Мои devices и sessions",FLOW-002 Обычный вход; FLOW-003 Истечение сессии,Security/authorization,implementation_matrix.csv wave-c.csv:470 Source='OpenAPI `PATCH_api_v1_settings_me`; Stage_3_Field_Traceability_Final_3.5.csv; cross-cutting requirement PERM-018'; openapi.yaml operationId PATCH_api_v1_settings_me = PATCH /api/v1/settings/me; traceability 4.5 FR-174 Permission=Settings.UpdateOwn,Source field of the matrix row confirms operationId PATCH_api_v1_settings_me; method and path verified in openapi.yaml; permission confirmed via traceability FR-174.
wave-c.csv:471,AC-2106,AC,MOD-018,Permission denial for FR-175,resolved,GET_api_v1_settings_organization,GET,/api/v1/settings/organization,Organization.Read,Task.Application.MOD-018.GET_api_v1_settings_organizationHandler,"SCR-150 Настройки; SCR-151 Профиль; SCR-152 Пароль и безопасность; SCR-153 Notifications и DND; SCR-154 Calendar preferences; SCR-155 Startup, tray и device; SCR-156 Cache и sync; SCR-157 Подключение; SCR-158 Доступность; SCR-159 Диагностика клиента; SCR-161 Мои devices и sessions",FLOW-002 Обычный вход; FLOW-003 Истечение сессии,Security/authorization,implementation_matrix.csv wave-c.csv:471 Source='OpenAPI `GET_api_v1_settings_organization`; Stage_3_Field_Traceability_Final_3.5.csv; cross-cutting requirement PERM-018'; openapi.yaml operationId GET_api_v1_settings_organization = GET /api/v1/settings/organization; traceability 4.5 FR-175 Permission=Organization.Read,Source field of the matrix row confirms operationId GET_api_v1_settings_organization; method and path verified in openapi.yaml; permission confirmed via traceability FR-175.
wave-c.csv:472,AC-2107,AC,MOD-018,Permission denial for FR-176,resolved,PATCH_api_v1_settings_organization,PATCH,/api/v1/settings/organization,Organization.Update,Task.Application.MOD-018.PATCH_api_v1_settings_organizationHandler,"SCR-150 Настройки; SCR-151 Профиль; SCR-152 Пароль и безопасность; SCR-153 Notifications и DND; SCR-154 Calendar preferences; SCR-155 Startup, tray и device; SCR-156 Cache и sync; SCR-157 Подключение; SCR-158 Доступность; SCR-159 Диагностика клиента; SCR-161 Мои devices и sessions",FLOW-002 Обычный вход; FLOW-003 Истечение сессии,Security/authorization,implementation_matrix.csv wave-c.csv:472 Source='OpenAPI `PATCH_api_v1_settings_organization`; Stage_3_Field_Traceability_Final_3.5.csv; cross-cutting requirement PERM-018'; openapi.yaml operationId PATCH_api_v1_settings_organization = PATCH /api/v1/settings/organization; traceability 4.5 FR-176 Permission=Organization.Update,Source field of the matrix row confirms operationId PATCH_api_v1_settings_organization; method and path verified in openapi.yaml; permission confirmed via traceability FR-176.
wave-c.csv:473,AC-2108,AC,MOD-018,Permission denial for FR-264,resolved,GET_api_v1_settings_notification_urgency_scale; PUT_api_v1_settings_notification_urgency_scale; POST_api_v1_settings_notification_urgency_scale_reset,GET; PUT; POST,/api/v1/settings/notification-urgency-scale; /api/v1/settings/notification-urgency-scale; /api/v1/settings/notification-urgency-scale/reset,Settings.ReadOwn;System.Configure,Task.Application.MOD-018.GET_api_v1_settings_notification_urgency_scaleHandler; Task.Application.MOD-018.PUT_api_v1_settings_notification_urgency_scaleHandler; Task.Application.MOD-018.POST_api_v1_settings_notification_urgency_scale_resetHandler,"SCR-150 Настройки; SCR-151 Профиль; SCR-152 Пароль и безопасность; SCR-153 Notifications и DND; SCR-154 Calendar preferences; SCR-155 Startup, tray и device; SCR-156 Cache и sync; SCR-157 Подключение; SCR-158 Доступность; SCR-159 Диагностика клиента; SCR-161 Мои devices и sessions",FLOW-002 Обычный вход; FLOW-003 Истечение сессии,Security/authorization,implementation_matrix.csv wave-c.csv:473 title='Permission denial for FR-264'; traceability 4.5 FR-264 API cell='GET/PUT /api/v1/settings/notification-urgency-scale; POST /reset'; openapi.yaml operationId GET_api_v1_settings_notification_urgency_scale = GET /api/v1/settings/notification-urgency-scale; PUT_api_v1_settings_notification_urgency_scale = PUT /api/v1/settings/notification-urgency-scale; POST_api_v1_settings_notification_urgency_scale_reset = POST /api/v1/settings/notification-urgency-scale/reset,Matrix row belongs to FR-264; traceability 4.5 supplies the operation set GET/PUT/POST /api/v1/settings/notification-urgency-scale(/reset); method and path of each operation verified in openapi.yaml; permission confirmed via traceability FR-264.
wave-c.csv:474,AC-2109,AC,MOD-018,Permission denial for FR-270,resolved,GET_api_v1_settings_notification_urgency_scale,GET,/api/v1/settings/notification-urgency-scale,Settings.ReadOwn,Task.Application.MOD-018.GET_api_v1_settings_notification_urgency_scaleHandler,"SCR-150 Настройки; SCR-151 Профиль; SCR-152 Пароль и безопасность; SCR-153 Notifications и DND; SCR-154 Calendar preferences; SCR-155 Startup, tray и device; SCR-156 Cache и sync; SCR-157 Подключение; SCR-158 Доступность; SCR-159 Диагностика клиента; SCR-161 Мои devices и sessions",FLOW-002 Обычный вход; FLOW-003 Истечение сессии,Security/authorization,implementation_matrix.csv wave-c.csv:474 title='Permission denial for FR-270'; traceability 4.5 FR-270 API cell='GET /api/v1/settings/notification-urgency-scale (GET_api_v1_settings_notification_urgency_scale)'; openapi.yaml operationId GET_api_v1_settings_notification_urgency_scale = GET /api/v1/settings/notification-urgency-scale,Matrix row belongs to FR-270; traceability 4.5 supplies operationId GET_api_v1_settings_notification_urgency_scale; method and path verified in openapi.yaml; permission confirmed via traceability FR-270.
wave-c.csv:475,AC-2110,AC,MOD-018,Permission denial for FR-271,resolved,PUT_api_v1_settings_notification_urgency_scale,PUT,/api/v1/settings/notification-urgency-scale,System.Configure,Task.Application.MOD-018.PUT_api_v1_settings_notification_urgency_scaleHandler,"SCR-150 Настройки; SCR-151 Профиль; SCR-152 Пароль и безопасность; SCR-153 Notifications и DND; SCR-154 Calendar preferences; SCR-155 Startup, tray и device; SCR-156 Cache и sync; SCR-157 Подключение; SCR-158 Доступность; SCR-159 Диагностика клиента; SCR-161 Мои devices и sessions",FLOW-002 Обычный вход; FLOW-003 Истечение сессии,Security/authorization,implementation_matrix.csv wave-c.csv:475 title='Permission denial for FR-271'; traceability 4.5 FR-271 API cell='PUT /api/v1/settings/notification-urgency-scale (PUT_api_v1_settings_notification_urgency_scale)'; openapi.yaml operationId PUT_api_v1_settings_notification_urgency_scale = PUT /api/v1/settings/notification-urgency-scale,Matrix row belongs to FR-271; traceability 4.5 supplies operationId PUT_api_v1_settings_notification_urgency_scale; method and path verified in openapi.yaml; permission confirmed via traceability FR-271.
wave-c.csv:476,AC-2111,AC,MOD-018,Permission denial for FR-272,resolved,POST_api_v1_settings_notification_urgency_scale_reset,POST,/api/v1/settings/notification-urgency-scale/reset,System.Configure,Task.Application.MOD-018.POST_api_v1_settings_notification_urgency_scale_resetHandler,"SCR-150 Настройки; SCR-151 Профиль; SCR-152 Пароль и безопасность; SCR-153 Notifications и DND; SCR-154 Calendar preferences; SCR-155 Startup, tray и device; SCR-156 Cache и sync; SCR-157 Подключение; SCR-158 Доступность; SCR-159 Диагностика клиента; SCR-161 Мои devices и sessions",FLOW-002 Обычный вход; FLOW-003 Истечение сессии,Security/authorization,implementation_matrix.csv wave-c.csv:476 title='Permission denial for FR-272'; traceability 4.5 FR-272 API cell='POST /api/v1/settings/notification-urgency-scale/reset (POST_api_v1_settings_notification_urgency_scale_reset)'; openapi.yaml operationId POST_api_v1_settings_notification_urgency_scale_reset = POST /api/v1/settings/notification-urgency-scale/reset,Matrix row belongs to FR-272; traceability 4.5 supplies operationId POST_api_v1_settings_notification_urgency_scale_reset; method and path verified in openapi.yaml; permission confirmed via traceability FR-272.
wave-c.csv:477,AC-2112,AC,MOD-018,Permission denial for FR-273,unresolved,,,,,,"SCR-150 Настройки; SCR-151 Профиль; SCR-152 Пароль и безопасность; SCR-153 Notifications и DND; SCR-154 Calendar preferences; SCR-155 Startup, tray и device; SCR-156 Cache и sync; SCR-157 Подключение; SCR-158 Доступность; SCR-159 Диагностика клиента; SCR-161 Мои devices и sessions",FLOW-002 Обычный вход; FLOW-003 Истечение сессии,Security/authorization,implementation_matrix.csv wave-c.csv:477 title='Permission denial for FR-273'; traceability 4.5 FR-273 API cell='Desktop behavior over urgency-scale GET/PUT/reset'.,FR-273 is a Desktop-only/Desktop-behavior requirement with no dedicated server operation; the allowed sources confirm no new server operation for this AC.
wave-c.csv:478,AC-2113,AC,MOD-018,Permission denial for FR-274,unresolved,,,,,,"SCR-150 Настройки; SCR-151 Профиль; SCR-152 Пароль и безопасность; SCR-153 Notifications и DND; SCR-154 Calendar preferences; SCR-155 Startup, tray и device; SCR-156 Cache и sync; SCR-157 Подключение; SCR-158 Доступность; SCR-159 Диагностика клиента; SCR-161 Мои devices и sessions",FLOW-002 Обычный вход; FLOW-003 Истечение сессии,Security/authorization,implementation_matrix.csv wave-c.csv:478 title='Permission denial for FR-274'; traceability 4.5 FR-274 API cell='Desktop recovery over urgency-scale PUT/reset'.,FR-274 is a Desktop-only/Desktop-behavior requirement with no dedicated server operation; the allowed sources confirm no new server operation for this AC.
wave-c.csv:479,AC-2361,AC,MOD-018,Stable error handling for FR-172,resolved,PUT_api_v1_notifications_preferences,PUT,/api/v1/notifications/preferences,Settings.UpdateOwn,Task.Application.MOD-018.PUT_api_v1_notifications_preferencesHandler,"SCR-150 Настройки; SCR-151 Профиль; SCR-152 Пароль и безопасность; SCR-153 Notifications и DND; SCR-154 Calendar preferences; SCR-155 Startup, tray и device; SCR-156 Cache и sync; SCR-157 Подключение; SCR-158 Доступность; SCR-159 Диагностика клиента; SCR-161 Мои devices и sessions",FLOW-002 Обычный вход; FLOW-003 Истечение сессии,Error handling,implementation_matrix.csv wave-c.csv:479 Source='OpenAPI `PUT_api_v1_notifications_preferences`; Stage_3_Field_Traceability_Final_3.5.csv; cross-cutting requirement ERR-018'; openapi.yaml operationId PUT_api_v1_notifications_preferences = PUT /api/v1/notifications/preferences; traceability 4.5 FR-172 Permission=Settings.UpdateOwn,Source field of the matrix row confirms operationId PUT_api_v1_notifications_preferences; method and path verified in openapi.yaml; permission confirmed via traceability FR-172.
wave-c.csv:480,AC-2362,AC,MOD-018,Stable error handling for FR-173,resolved,GET_api_v1_settings_me,GET,/api/v1/settings/me,Settings.ReadOwn,Task.Application.MOD-018.GET_api_v1_settings_meHandler,"SCR-150 Настройки; SCR-151 Профиль; SCR-152 Пароль и безопасность; SCR-153 Notifications и DND; SCR-154 Calendar preferences; SCR-155 Startup, tray и device; SCR-156 Cache и sync; SCR-157 Подключение; SCR-158 Доступность; SCR-159 Диагностика клиента; SCR-161 Мои devices и sessions",FLOW-002 Обычный вход; FLOW-003 Истечение сессии,Error handling,implementation_matrix.csv wave-c.csv:480 Source='OpenAPI `GET_api_v1_settings_me`; Stage_3_Field_Traceability_Final_3.5.csv; cross-cutting requirement ERR-018'; openapi.yaml operationId GET_api_v1_settings_me = GET /api/v1/settings/me; traceability 4.5 FR-173 Permission=Settings.ReadOwn,Source field of the matrix row confirms operationId GET_api_v1_settings_me; method and path verified in openapi.yaml; permission confirmed via traceability FR-173.
wave-c.csv:481,AC-2363,AC,MOD-018,Stable error handling for FR-174,resolved,PATCH_api_v1_settings_me,PATCH,/api/v1/settings/me,Settings.UpdateOwn,Task.Application.MOD-018.PATCH_api_v1_settings_meHandler,"SCR-150 Настройки; SCR-151 Профиль; SCR-152 Пароль и безопасность; SCR-153 Notifications и DND; SCR-154 Calendar preferences; SCR-155 Startup, tray и device; SCR-156 Cache и sync; SCR-157 Подключение; SCR-158 Доступность; SCR-159 Диагностика клиента; SCR-161 Мои devices и sessions",FLOW-002 Обычный вход; FLOW-003 Истечение сессии,Error handling,implementation_matrix.csv wave-c.csv:481 Source='OpenAPI `PATCH_api_v1_settings_me`; Stage_3_Field_Traceability_Final_3.5.csv; cross-cutting requirement ERR-018'; openapi.yaml operationId PATCH_api_v1_settings_me = PATCH /api/v1/settings/me; traceability 4.5 FR-174 Permission=Settings.UpdateOwn,Source field of the matrix row confirms operationId PATCH_api_v1_settings_me; method and path verified in openapi.yaml; permission confirmed via traceability FR-174.
wave-c.csv:482,AC-2364,AC,MOD-018,Stable error handling for FR-175,resolved,GET_api_v1_settings_organization,GET,/api/v1/settings/organization,Organization.Read,Task.Application.MOD-018.GET_api_v1_settings_organizationHandler,"SCR-150 Настройки; SCR-151 Профиль; SCR-152 Пароль и безопасность; SCR-153 Notifications и DND; SCR-154 Calendar preferences; SCR-155 Startup, tray и device; SCR-156 Cache и sync; SCR-157 Подключение; SCR-158 Доступность; SCR-159 Диагностика клиента; SCR-161 Мои devices и sessions",FLOW-002 Обычный вход; FLOW-003 Истечение сессии,Error handling,implementation_matrix.csv wave-c.csv:482 Source='OpenAPI `GET_api_v1_settings_organization`; Stage_3_Field_Traceability_Final_3.5.csv; cross-cutting requirement ERR-018'; openapi.yaml operationId GET_api_v1_settings_organization = GET /api/v1/settings/organization; traceability 4.5 FR-175 Permission=Organization.Read,Source field of the matrix row confirms operationId GET_api_v1_settings_organization; method and path verified in openapi.yaml; permission confirmed via traceability FR-175.
wave-c.csv:483,AC-2365,AC,MOD-018,Stable error handling for FR-176,resolved,PATCH_api_v1_settings_organization,PATCH,/api/v1/settings/organization,Organization.Update,Task.Application.MOD-018.PATCH_api_v1_settings_organizationHandler,"SCR-150 Настройки; SCR-151 Профиль; SCR-152 Пароль и безопасность; SCR-153 Notifications и DND; SCR-154 Calendar preferences; SCR-155 Startup, tray и device; SCR-156 Cache и sync; SCR-157 Подключение; SCR-158 Доступность; SCR-159 Диагностика клиента; SCR-161 Мои devices и sessions",FLOW-002 Обычный вход; FLOW-003 Истечение сессии,Error handling,implementation_matrix.csv wave-c.csv:483 Source='OpenAPI `PATCH_api_v1_settings_organization`; Stage_3_Field_Traceability_Final_3.5.csv; cross-cutting requirement ERR-018'; openapi.yaml operationId PATCH_api_v1_settings_organization = PATCH /api/v1/settings/organization; traceability 4.5 FR-176 Permission=Organization.Update,Source field of the matrix row confirms operationId PATCH_api_v1_settings_organization; method and path verified in openapi.yaml; permission confirmed via traceability FR-176.
wave-c.csv:484,AC-2366,AC,MOD-018,Stable error handling for FR-264,resolved,GET_api_v1_settings_notification_urgency_scale; PUT_api_v1_settings_notification_urgency_scale; POST_api_v1_settings_notification_urgency_scale_reset,GET; PUT; POST,/api/v1/settings/notification-urgency-scale; /api/v1/settings/notification-urgency-scale; /api/v1/settings/notification-urgency-scale/reset,Settings.ReadOwn;System.Configure,Task.Application.MOD-018.GET_api_v1_settings_notification_urgency_scaleHandler; Task.Application.MOD-018.PUT_api_v1_settings_notification_urgency_scaleHandler; Task.Application.MOD-018.POST_api_v1_settings_notification_urgency_scale_resetHandler,"SCR-150 Настройки; SCR-151 Профиль; SCR-152 Пароль и безопасность; SCR-153 Notifications и DND; SCR-154 Calendar preferences; SCR-155 Startup, tray и device; SCR-156 Cache и sync; SCR-157 Подключение; SCR-158 Доступность; SCR-159 Диагностика клиента; SCR-161 Мои devices и sessions",FLOW-002 Обычный вход; FLOW-003 Истечение сессии,Error handling,implementation_matrix.csv wave-c.csv:484 title='Stable error handling for FR-264'; traceability 4.5 FR-264 API cell='GET/PUT /api/v1/settings/notification-urgency-scale; POST /reset'; openapi.yaml operationId GET_api_v1_settings_notification_urgency_scale = GET /api/v1/settings/notification-urgency-scale; PUT_api_v1_settings_notification_urgency_scale = PUT /api/v1/settings/notification-urgency-scale; POST_api_v1_settings_notification_urgency_scale_reset = POST /api/v1/settings/notification-urgency-scale/reset,Matrix row belongs to FR-264; traceability 4.5 supplies the operation set GET/PUT/POST /api/v1/settings/notification-urgency-scale(/reset); method and path of each operation verified in openapi.yaml; permission confirmed via traceability FR-264.
wave-c.csv:485,AC-2367,AC,MOD-018,Stable error handling for FR-270,resolved,GET_api_v1_settings_notification_urgency_scale,GET,/api/v1/settings/notification-urgency-scale,Settings.ReadOwn,Task.Application.MOD-018.GET_api_v1_settings_notification_urgency_scaleHandler,"SCR-150 Настройки; SCR-151 Профиль; SCR-152 Пароль и безопасность; SCR-153 Notifications и DND; SCR-154 Calendar preferences; SCR-155 Startup, tray и device; SCR-156 Cache и sync; SCR-157 Подключение; SCR-158 Доступность; SCR-159 Диагностика клиента; SCR-161 Мои devices и sessions",FLOW-002 Обычный вход; FLOW-003 Истечение сессии,Error handling,implementation_matrix.csv wave-c.csv:485 title='Stable error handling for FR-270'; traceability 4.5 FR-270 API cell='GET /api/v1/settings/notification-urgency-scale (GET_api_v1_settings_notification_urgency_scale)'; openapi.yaml operationId GET_api_v1_settings_notification_urgency_scale = GET /api/v1/settings/notification-urgency-scale,Matrix row belongs to FR-270; traceability 4.5 supplies operationId GET_api_v1_settings_notification_urgency_scale; method and path verified in openapi.yaml; permission confirmed via traceability FR-270.
wave-c.csv:486,AC-2368,AC,MOD-018,Stable error handling for FR-271,resolved,PUT_api_v1_settings_notification_urgency_scale,PUT,/api/v1/settings/notification-urgency-scale,System.Configure,Task.Application.MOD-018.PUT_api_v1_settings_notification_urgency_scaleHandler,"SCR-150 Настройки; SCR-151 Профиль; SCR-152 Пароль и безопасность; SCR-153 Notifications и DND; SCR-154 Calendar preferences; SCR-155 Startup, tray и device; SCR-156 Cache и sync; SCR-157 Подключение; SCR-158 Доступность; SCR-159 Диагностика клиента; SCR-161 Мои devices и sessions",FLOW-002 Обычный вход; FLOW-003 Истечение сессии,Error handling,implementation_matrix.csv wave-c.csv:486 title='Stable error handling for FR-271'; traceability 4.5 FR-271 API cell='PUT /api/v1/settings/notification-urgency-scale (PUT_api_v1_settings_notification_urgency_scale)'; openapi.yaml operationId PUT_api_v1_settings_notification_urgency_scale = PUT /api/v1/settings/notification-urgency-scale,Matrix row belongs to FR-271; traceability 4.5 supplies operationId PUT_api_v1_settings_notification_urgency_scale; method and path verified in openapi.yaml; permission confirmed via traceability FR-271.
wave-c.csv:487,AC-2369,AC,MOD-018,Stable error handling for FR-272,resolved,POST_api_v1_settings_notification_urgency_scale_reset,POST,/api/v1/settings/notification-urgency-scale/reset,System.Configure,Task.Application.MOD-018.POST_api_v1_settings_notification_urgency_scale_resetHandler,"SCR-150 Настройки; SCR-151 Профиль; SCR-152 Пароль и безопасность; SCR-153 Notifications и DND; SCR-154 Calendar preferences; SCR-155 Startup, tray и device; SCR-156 Cache и sync; SCR-157 Подключение; SCR-158 Доступность; SCR-159 Диагностика клиента; SCR-161 Мои devices и sessions",FLOW-002 Обычный вход; FLOW-003 Истечение сессии,Error handling,implementation_matrix.csv wave-c.csv:487 title='Stable error handling for FR-272'; traceability 4.5 FR-272 API cell='POST /api/v1/settings/notification-urgency-scale/reset (POST_api_v1_settings_notification_urgency_scale_reset)'; openapi.yaml operationId POST_api_v1_settings_notification_urgency_scale_reset = POST /api/v1/settings/notification-urgency-scale/reset,Matrix row belongs to FR-272; traceability 4.5 supplies operationId POST_api_v1_settings_notification_urgency_scale_reset; method and path verified in openapi.yaml; permission confirmed via traceability FR-272.
wave-c.csv:488,AC-2370,AC,MOD-018,Stable error handling for FR-273,unresolved,,,,,,"SCR-150 Настройки; SCR-151 Профиль; SCR-152 Пароль и безопасность; SCR-153 Notifications и DND; SCR-154 Calendar preferences; SCR-155 Startup, tray и device; SCR-156 Cache и sync; SCR-157 Подключение; SCR-158 Доступность; SCR-159 Диагностика клиента; SCR-161 Мои devices и sessions",FLOW-002 Обычный вход; FLOW-003 Истечение сессии,Error handling,implementation_matrix.csv wave-c.csv:488 title='Stable error handling for FR-273'; traceability 4.5 FR-273 API cell='Desktop behavior over urgency-scale GET/PUT/reset'.,FR-273 is a Desktop-only/Desktop-behavior requirement with no dedicated server operation; the allowed sources confirm no new server operation for this AC.
wave-c.csv:489,AC-2371,AC,MOD-018,Stable error handling for FR-274,unresolved,,,,,,"SCR-150 Настройки; SCR-151 Профиль; SCR-152 Пароль и безопасность; SCR-153 Notifications и DND; SCR-154 Calendar preferences; SCR-155 Startup, tray и device; SCR-156 Cache и sync; SCR-157 Подключение; SCR-158 Доступность; SCR-159 Диагностика клиента; SCR-161 Мои devices и sessions",FLOW-002 Обычный вход; FLOW-003 Истечение сессии,Error handling,implementation_matrix.csv wave-c.csv:489 title='Stable error handling for FR-274'; traceability 4.5 FR-274 API cell='Desktop recovery over urgency-scale PUT/reset'.,FR-274 is a Desktop-only/Desktop-behavior requirement with no dedicated server operation; the allowed sources confirm no new server operation for this AC.
wave-c.csv:501,AC-2877,AC,MOD-018,Audit evidence for FR-172,resolved,PUT_api_v1_notifications_preferences,PUT,/api/v1/notifications/preferences,Settings.UpdateOwn,Task.Application.MOD-018.PUT_api_v1_notifications_preferencesHandler,"SCR-150 Настройки; SCR-151 Профиль; SCR-152 Пароль и безопасность; SCR-153 Notifications и DND; SCR-154 Calendar preferences; SCR-155 Startup, tray и device; SCR-156 Cache и sync; SCR-157 Подключение; SCR-158 Доступность; SCR-159 Диагностика клиента; SCR-161 Мои devices и sessions",FLOW-002 Обычный вход; FLOW-003 Истечение сессии,Audit/security,implementation_matrix.csv wave-c.csv:501 Source='OpenAPI `PUT_api_v1_notifications_preferences`; Stage_3_Field_Traceability_Final_3.5.csv; cross-cutting requirement AUDIT-018'; openapi.yaml operationId PUT_api_v1_notifications_preferences = PUT /api/v1/notifications/preferences; traceability 4.5 FR-172 Permission=Settings.UpdateOwn,Source field of the matrix row confirms operationId PUT_api_v1_notifications_preferences; method and path verified in openapi.yaml; permission confirmed via traceability FR-172.
wave-c.csv:502,AC-2878,AC,MOD-018,Audit evidence for FR-173,resolved,GET_api_v1_settings_me,GET,/api/v1/settings/me,Settings.ReadOwn,Task.Application.MOD-018.GET_api_v1_settings_meHandler,"SCR-150 Настройки; SCR-151 Профиль; SCR-152 Пароль и безопасность; SCR-153 Notifications и DND; SCR-154 Calendar preferences; SCR-155 Startup, tray и device; SCR-156 Cache и sync; SCR-157 Подключение; SCR-158 Доступность; SCR-159 Диагностика клиента; SCR-161 Мои devices и sessions",FLOW-002 Обычный вход; FLOW-003 Истечение сессии,Audit/security,implementation_matrix.csv wave-c.csv:502 Source='OpenAPI `GET_api_v1_settings_me`; Stage_3_Field_Traceability_Final_3.5.csv; cross-cutting requirement AUDIT-018'; openapi.yaml operationId GET_api_v1_settings_me = GET /api/v1/settings/me; traceability 4.5 FR-173 Permission=Settings.ReadOwn,Source field of the matrix row confirms operationId GET_api_v1_settings_me; method and path verified in openapi.yaml; permission confirmed via traceability FR-173.
wave-c.csv:503,AC-2879,AC,MOD-018,Audit evidence for FR-174,resolved,PATCH_api_v1_settings_me,PATCH,/api/v1/settings/me,Settings.UpdateOwn,Task.Application.MOD-018.PATCH_api_v1_settings_meHandler,"SCR-150 Настройки; SCR-151 Профиль; SCR-152 Пароль и безопасность; SCR-153 Notifications и DND; SCR-154 Calendar preferences; SCR-155 Startup, tray и device; SCR-156 Cache и sync; SCR-157 Подключение; SCR-158 Доступность; SCR-159 Диагностика клиента; SCR-161 Мои devices и sessions",FLOW-002 Обычный вход; FLOW-003 Истечение сессии,Audit/security,implementation_matrix.csv wave-c.csv:503 Source='OpenAPI `PATCH_api_v1_settings_me`; Stage_3_Field_Traceability_Final_3.5.csv; cross-cutting requirement AUDIT-018'; openapi.yaml operationId PATCH_api_v1_settings_me = PATCH /api/v1/settings/me; traceability 4.5 FR-174 Permission=Settings.UpdateOwn,Source field of the matrix row confirms operationId PATCH_api_v1_settings_me; method and path verified in openapi.yaml; permission confirmed via traceability FR-174.
wave-c.csv:504,AC-2880,AC,MOD-018,Audit evidence for FR-175,resolved,GET_api_v1_settings_organization,GET,/api/v1/settings/organization,Organization.Read,Task.Application.MOD-018.GET_api_v1_settings_organizationHandler,"SCR-150 Настройки; SCR-151 Профиль; SCR-152 Пароль и безопасность; SCR-153 Notifications и DND; SCR-154 Calendar preferences; SCR-155 Startup, tray и device; SCR-156 Cache и sync; SCR-157 Подключение; SCR-158 Доступность; SCR-159 Диагностика клиента; SCR-161 Мои devices и sessions",FLOW-002 Обычный вход; FLOW-003 Истечение сессии,Audit/security,implementation_matrix.csv wave-c.csv:504 Source='OpenAPI `GET_api_v1_settings_organization`; Stage_3_Field_Traceability_Final_3.5.csv; cross-cutting requirement AUDIT-018'; openapi.yaml operationId GET_api_v1_settings_organization = GET /api/v1/settings/organization; traceability 4.5 FR-175 Permission=Organization.Read,Source field of the matrix row confirms operationId GET_api_v1_settings_organization; method and path verified in openapi.yaml; permission confirmed via traceability FR-175.
wave-c.csv:505,AC-2881,AC,MOD-018,Audit evidence for FR-176,resolved,PATCH_api_v1_settings_organization,PATCH,/api/v1/settings/organization,Organization.Update,Task.Application.MOD-018.PATCH_api_v1_settings_organizationHandler,"SCR-150 Настройки; SCR-151 Профиль; SCR-152 Пароль и безопасность; SCR-153 Notifications и DND; SCR-154 Calendar preferences; SCR-155 Startup, tray и device; SCR-156 Cache и sync; SCR-157 Подключение; SCR-158 Доступность; SCR-159 Диагностика клиента; SCR-161 Мои devices и sessions",FLOW-002 Обычный вход; FLOW-003 Истечение сессии,Audit/security,implementation_matrix.csv wave-c.csv:505 Source='OpenAPI `PATCH_api_v1_settings_organization`; Stage_3_Field_Traceability_Final_3.5.csv; cross-cutting requirement AUDIT-018'; openapi.yaml operationId PATCH_api_v1_settings_organization = PATCH /api/v1/settings/organization; traceability 4.5 FR-176 Permission=Organization.Update,Source field of the matrix row confirms operationId PATCH_api_v1_settings_organization; method and path verified in openapi.yaml; permission confirmed via traceability FR-176.
wave-c.csv:506,AC-2882,AC,MOD-018,Audit evidence for FR-264,resolved,GET_api_v1_settings_notification_urgency_scale; PUT_api_v1_settings_notification_urgency_scale; POST_api_v1_settings_notification_urgency_scale_reset,GET; PUT; POST,/api/v1/settings/notification-urgency-scale; /api/v1/settings/notification-urgency-scale; /api/v1/settings/notification-urgency-scale/reset,Settings.ReadOwn;System.Configure,Task.Application.MOD-018.GET_api_v1_settings_notification_urgency_scaleHandler; Task.Application.MOD-018.PUT_api_v1_settings_notification_urgency_scaleHandler; Task.Application.MOD-018.POST_api_v1_settings_notification_urgency_scale_resetHandler,"SCR-150 Настройки; SCR-151 Профиль; SCR-152 Пароль и безопасность; SCR-153 Notifications и DND; SCR-154 Calendar preferences; SCR-155 Startup, tray и device; SCR-156 Cache и sync; SCR-157 Подключение; SCR-158 Доступность; SCR-159 Диагностика клиента; SCR-161 Мои devices и sessions",FLOW-002 Обычный вход; FLOW-003 Истечение сессии,Audit/security,implementation_matrix.csv wave-c.csv:506 title='Audit evidence for FR-264'; traceability 4.5 FR-264 API cell='GET/PUT /api/v1/settings/notification-urgency-scale; POST /reset'; openapi.yaml operationId GET_api_v1_settings_notification_urgency_scale = GET /api/v1/settings/notification-urgency-scale; PUT_api_v1_settings_notification_urgency_scale = PUT /api/v1/settings/notification-urgency-scale; POST_api_v1_settings_notification_urgency_scale_reset = POST /api/v1/settings/notification-urgency-scale/reset,Matrix row belongs to FR-264; traceability 4.5 supplies the operation set GET/PUT/POST /api/v1/settings/notification-urgency-scale(/reset); method and path of each operation verified in openapi.yaml; permission confirmed via traceability FR-264.
wave-c.csv:507,AC-2883,AC,MOD-018,Audit evidence for FR-270,resolved,GET_api_v1_settings_notification_urgency_scale,GET,/api/v1/settings/notification-urgency-scale,Settings.ReadOwn,Task.Application.MOD-018.GET_api_v1_settings_notification_urgency_scaleHandler,"SCR-150 Настройки; SCR-151 Профиль; SCR-152 Пароль и безопасность; SCR-153 Notifications и DND; SCR-154 Calendar preferences; SCR-155 Startup, tray и device; SCR-156 Cache и sync; SCR-157 Подключение; SCR-158 Доступность; SCR-159 Диагностика клиента; SCR-161 Мои devices и sessions",FLOW-002 Обычный вход; FLOW-003 Истечение сессии,Audit/security,implementation_matrix.csv wave-c.csv:507 title='Audit evidence for FR-270'; traceability 4.5 FR-270 API cell='GET /api/v1/settings/notification-urgency-scale (GET_api_v1_settings_notification_urgency_scale)'; openapi.yaml operationId GET_api_v1_settings_notification_urgency_scale = GET /api/v1/settings/notification-urgency-scale,Matrix row belongs to FR-270; traceability 4.5 supplies operationId GET_api_v1_settings_notification_urgency_scale; method and path verified in openapi.yaml; permission confirmed via traceability FR-270.
wave-c.csv:508,AC-2884,AC,MOD-018,Audit evidence for FR-271,resolved,PUT_api_v1_settings_notification_urgency_scale,PUT,/api/v1/settings/notification-urgency-scale,System.Configure,Task.Application.MOD-018.PUT_api_v1_settings_notification_urgency_scaleHandler,"SCR-150 Настройки; SCR-151 Профиль; SCR-152 Пароль и безопасность; SCR-153 Notifications и DND; SCR-154 Calendar preferences; SCR-155 Startup, tray и device; SCR-156 Cache и sync; SCR-157 Подключение; SCR-158 Доступность; SCR-159 Диагностика клиента; SCR-161 Мои devices и sessions",FLOW-002 Обычный вход; FLOW-003 Истечение сессии,Audit/security,implementation_matrix.csv wave-c.csv:508 title='Audit evidence for FR-271'; traceability 4.5 FR-271 API cell='PUT /api/v1/settings/notification-urgency-scale (PUT_api_v1_settings_notification_urgency_scale)'; openapi.yaml operationId PUT_api_v1_settings_notification_urgency_scale = PUT /api/v1/settings/notification-urgency-scale,Matrix row belongs to FR-271; traceability 4.5 supplies operationId PUT_api_v1_settings_notification_urgency_scale; method and path verified in openapi.yaml; permission confirmed via traceability FR-271.
wave-c.csv:509,AC-2885,AC,MOD-018,Audit evidence for FR-272,resolved,POST_api_v1_settings_notification_urgency_scale_reset,POST,/api/v1/settings/notification-urgency-scale/reset,System.Configure,Task.Application.MOD-018.POST_api_v1_settings_notification_urgency_scale_resetHandler,"SCR-150 Настройки; SCR-151 Профиль; SCR-152 Пароль и безопасность; SCR-153 Notifications и DND; SCR-154 Calendar preferences; SCR-155 Startup, tray и device; SCR-156 Cache и sync; SCR-157 Подключение; SCR-158 Доступность; SCR-159 Диагностика клиента; SCR-161 Мои devices и sessions",FLOW-002 Обычный вход; FLOW-003 Истечение сессии,Audit/security,implementation_matrix.csv wave-c.csv:509 title='Audit evidence for FR-272'; traceability 4.5 FR-272 API cell='POST /api/v1/settings/notification-urgency-scale/reset (POST_api_v1_settings_notification_urgency_scale_reset)'; openapi.yaml operationId POST_api_v1_settings_notification_urgency_scale_reset = POST /api/v1/settings/notification-urgency-scale/reset,Matrix row belongs to FR-272; traceability 4.5 supplies operationId POST_api_v1_settings_notification_urgency_scale_reset; method and path verified in openapi.yaml; permission confirmed via traceability FR-272.
wave-c.csv:510,AC-2886,AC,MOD-018,Audit evidence for FR-273,unresolved,,,,,,"SCR-150 Настройки; SCR-151 Профиль; SCR-152 Пароль и безопасность; SCR-153 Notifications и DND; SCR-154 Calendar preferences; SCR-155 Startup, tray и device; SCR-156 Cache и sync; SCR-157 Подключение; SCR-158 Доступность; SCR-159 Диагностика клиента; SCR-161 Мои devices и sessions",FLOW-002 Обычный вход; FLOW-003 Истечение сессии,Audit/security,implementation_matrix.csv wave-c.csv:510 title='Audit evidence for FR-273'; traceability 4.5 FR-273 API cell='Desktop behavior over urgency-scale GET/PUT/reset'.,FR-273 is a Desktop-only/Desktop-behavior requirement with no dedicated server operation; the allowed sources confirm no new server operation for this AC.
wave-c.csv:511,AC-2887,AC,MOD-018,Audit evidence for FR-274,unresolved,,,,,,"SCR-150 Настройки; SCR-151 Профиль; SCR-152 Пароль и безопасность; SCR-153 Notifications и DND; SCR-154 Calendar preferences; SCR-155 Startup, tray и device; SCR-156 Cache и sync; SCR-157 Подключение; SCR-158 Доступность; SCR-159 Диагностика клиента; SCR-161 Мои devices и sessions",FLOW-002 Обычный вход; FLOW-003 Истечение сессии,Audit/security,implementation_matrix.csv wave-c.csv:511 title='Audit evidence for FR-274'; traceability 4.5 FR-274 API cell='Desktop recovery over urgency-scale PUT/reset'.,FR-274 is a Desktop-only/Desktop-behavior requirement with no dedicated server operation; the allowed sources confirm no new server operation for this AC.
wave-c.csv:790,AC-1729,AC,MOD-019,[STATE-007] Field contract: DepartmentCreate.name respects type/required/nullable/limits/PATCH semantics,resolved,POST_api_v1_departments,POST,/api/v1/departments,Department.Manage,Task.Application.MOD-019.POST_api_v1_departmentsHandler,"SCR-170 Администрирование; SCR-171 Пользователи; SCR-172 Карточка пользователя; SCR-173 Создание/активация пользователя; SCR-174 Block/deactivate user; SCR-175 Отделы; SCR-176 Audit, policy engine, management APIs; SCR-177 Роли и permissions; SCR-178 Audit, policy engine, management APIs; SCR-179 Effective permission diagnostics; SCR-180 Устройства; SCR-181 Sessions и login attempts; SCR-182 Сетевые ресурсы; SCR-183 Settings APIs, Windows settings; SCR-184 Фоновые задания; SCR-185 Резервные копии; SCR-186 Audit; SCR-187 Organization settings / feature flags; SCR-188 Audit, policy engine, management APIs",FLOW-029 Блокировка пользователя; FLOW-030 Изменение permissions,Boundary/contract UI,implementation_matrix.csv wave-c.csv:790 Source='dto_field_catalog.csv:DepartmentCreate.name; openapi.yaml operation POST_api_v1_departments'; openapi.yaml operationId POST_api_v1_departments = POST /api/v1/departments; traceability 4.5 FR-191 Permission=Department.Manage,Source field of the matrix row confirms operationId POST_api_v1_departments; method and path verified in openapi.yaml; permission confirmed via traceability FR-191.
wave-c.csv:791,AC-1730,AC,MOD-019,[STATE-007] Field contract: NetworkResourceCreate.name respects type/required/nullable/limits/PATCH semantics,resolved,POST_api_v1_network_resources,POST,/api/v1/network-resources,NetworkResource.Manage,Task.Application.MOD-019.POST_api_v1_network_resourcesHandler,"SCR-170 Администрирование; SCR-171 Пользователи; SCR-172 Карточка пользователя; SCR-173 Создание/активация пользователя; SCR-174 Block/deactivate user; SCR-175 Отделы; SCR-176 Audit, policy engine, management APIs; SCR-177 Роли и permissions; SCR-178 Audit, policy engine, management APIs; SCR-179 Effective permission diagnostics; SCR-180 Устройства; SCR-181 Sessions и login attempts; SCR-182 Сетевые ресурсы; SCR-183 Settings APIs, Windows settings; SCR-184 Фоновые задания; SCR-185 Резервные копии; SCR-186 Audit; SCR-187 Organization settings / feature flags; SCR-188 Audit, policy engine, management APIs",FLOW-029 Блокировка пользователя; FLOW-030 Изменение permissions,Boundary/contract UI,implementation_matrix.csv wave-c.csv:791 Source='dto_field_catalog.csv:NetworkResourceCreate.name; openapi.yaml operation POST_api_v1_network_resources'; openapi.yaml operationId POST_api_v1_network_resources = POST /api/v1/network-resources; traceability 4.5 FR-206 Permission=NetworkResource.Manage,Source field of the matrix row confirms operationId POST_api_v1_network_resources; method and path verified in openapi.yaml; permission confirmed via traceability FR-206.
wave-c.csv:792,AC-1731,AC,MOD-019,[STATE-007] Field contract: RoleCreate.name respects type/required/nullable/limits/PATCH semantics,resolved,POST_api_v1_roles,POST,/api/v1/roles,Role.Manage,Task.Application.MOD-019.POST_api_v1_rolesHandler,"SCR-170 Администрирование; SCR-171 Пользователи; SCR-172 Карточка пользователя; SCR-173 Создание/активация пользователя; SCR-174 Block/deactivate user; SCR-175 Отделы; SCR-176 Audit, policy engine, management APIs; SCR-177 Роли и permissions; SCR-178 Audit, policy engine, management APIs; SCR-179 Effective permission diagnostics; SCR-180 Устройства; SCR-181 Sessions и login attempts; SCR-182 Сетевые ресурсы; SCR-183 Settings APIs, Windows settings; SCR-184 Фоновые задания; SCR-185 Резервные копии; SCR-186 Audit; SCR-187 Organization settings / feature flags; SCR-188 Audit, policy engine, management APIs",FLOW-029 Блокировка пользователя; FLOW-030 Изменение permissions,Boundary/contract UI,implementation_matrix.csv wave-c.csv:792 Source='dto_field_catalog.csv:RoleCreate.name; openapi.yaml operation POST_api_v1_roles'; openapi.yaml operationId POST_api_v1_roles = POST /api/v1/roles; traceability 4.5 FR-214 Permission=Role.Manage,Source field of the matrix row confirms operationId POST_api_v1_roles; method and path verified in openapi.yaml; permission confirmed via traceability FR-214.
wave-c.csv:793,AC-1732,AC,MOD-019,[STATE-007] Field contract: UserCreate.login respects type/required/nullable/limits/PATCH semantics,resolved,POST_api_v1_users,POST,/api/v1/users,User.Create,Task.Application.MOD-019.POST_api_v1_usersHandler,"SCR-170 Администрирование; SCR-171 Пользователи; SCR-172 Карточка пользователя; SCR-173 Создание/активация пользователя; SCR-174 Block/deactivate user; SCR-175 Отделы; SCR-176 Audit, policy engine, management APIs; SCR-177 Роли и permissions; SCR-178 Audit, policy engine, management APIs; SCR-179 Effective permission diagnostics; SCR-180 Устройства; SCR-181 Sessions и login attempts; SCR-182 Сетевые ресурсы; SCR-183 Settings APIs, Windows settings; SCR-184 Фоновые задания; SCR-185 Резервные копии; SCR-186 Audit; SCR-187 Organization settings / feature flags; SCR-188 Audit, policy engine, management APIs",FLOW-029 Блокировка пользователя; FLOW-030 Изменение permissions,Boundary/contract UI,implementation_matrix.csv wave-c.csv:793 Source='dto_field_catalog.csv:UserCreate.login; openapi.yaml operation POST_api_v1_users'; openapi.yaml operationId POST_api_v1_users = POST /api/v1/users; traceability 4.5 FR-222 Permission=User.Create,Source field of the matrix row confirms operationId POST_api_v1_users; method and path verified in openapi.yaml; permission confirmed via traceability FR-222.
wave-c.csv:794,AC-1733,AC,MOD-019,[STATE-007] Field contract: ProbeRequest.deviceId respects type/required/nullable/limits/PATCH semantics,resolved,POST_api_v1_network_resources_id_probe,POST,/api/v1/network-resources/{id}/probe,NetworkResource.Manage,Task.Application.MOD-019.POST_api_v1_network_resources_id_probeHandler,"SCR-170 Администрирование; SCR-171 Пользователи; SCR-172 Карточка пользователя; SCR-173 Создание/активация пользователя; SCR-174 Block/deactivate user; SCR-175 Отделы; SCR-176 Audit, policy engine, management APIs; SCR-177 Роли и permissions; SCR-178 Audit, policy engine, management APIs; SCR-179 Effective permission diagnostics; SCR-180 Устройства; SCR-181 Sessions и login attempts; SCR-182 Сетевые ресурсы; SCR-183 Settings APIs, Windows settings; SCR-184 Фоновые задания; SCR-185 Резервные копии; SCR-186 Audit; SCR-187 Organization settings / feature flags; SCR-188 Audit, policy engine, management APIs",FLOW-029 Блокировка пользователя; FLOW-030 Изменение permissions,Boundary/contract UI,implementation_matrix.csv wave-c.csv:794 Source='dto_field_catalog.csv:ProbeRequest.deviceId; openapi.yaml operation POST_api_v1_network_resources_id_probe'; openapi.yaml operationId POST_api_v1_network_resources_id_probe = POST /api/v1/network-resources/{id}/probe; traceability 4.5 FR-208 Permission=NetworkResource.Manage,Source field of the matrix row confirms operationId POST_api_v1_network_resources_id_probe; method and path verified in openapi.yaml; permission confirmed via traceability FR-208.
wave-c.csv:795,AC-1734,AC,MOD-019,[STATE-007] Field contract: UserCreate.firstName respects type/required/nullable/limits/PATCH semantics,resolved,POST_api_v1_users,POST,/api/v1/users,User.Create,Task.Application.MOD-019.POST_api_v1_usersHandler,"SCR-170 Администрирование; SCR-171 Пользователи; SCR-172 Карточка пользователя; SCR-173 Создание/активация пользователя; SCR-174 Block/deactivate user; SCR-175 Отделы; SCR-176 Audit, policy engine, management APIs; SCR-177 Роли и permissions; SCR-178 Audit, policy engine, management APIs; SCR-179 Effective permission diagnostics; SCR-180 Устройства; SCR-181 Sessions и login attempts; SCR-182 Сетевые ресурсы; SCR-183 Settings APIs, Windows settings; SCR-184 Фоновые задания; SCR-185 Резервные копии; SCR-186 Audit; SCR-187 Organization settings / feature flags; SCR-188 Audit, policy engine, management APIs",FLOW-029 Блокировка пользователя; FLOW-030 Изменение permissions,Boundary/contract UI,implementation_matrix.csv wave-c.csv:795 Source='dto_field_catalog.csv:UserCreate.firstName; openapi.yaml operation POST_api_v1_users'; openapi.yaml operationId POST_api_v1_users = POST /api/v1/users; traceability 4.5 FR-222 Permission=User.Create,Source field of the matrix row confirms operationId POST_api_v1_users; method and path verified in openapi.yaml; permission confirmed via traceability FR-222.
wave-c.csv:796,AC-1735,AC,MOD-019,[STATE-007] Field contract: UserCreate.lastName respects type/required/nullable/limits/PATCH semantics,resolved,POST_api_v1_users,POST,/api/v1/users,User.Create,Task.Application.MOD-019.POST_api_v1_usersHandler,"SCR-170 Администрирование; SCR-171 Пользователи; SCR-172 Карточка пользователя; SCR-173 Создание/активация пользователя; SCR-174 Block/deactivate user; SCR-175 Отделы; SCR-176 Audit, policy engine, management APIs; SCR-177 Роли и permissions; SCR-178 Audit, policy engine, management APIs; SCR-179 Effective permission diagnostics; SCR-180 Устройства; SCR-181 Sessions и login attempts; SCR-182 Сетевые ресурсы; SCR-183 Settings APIs, Windows settings; SCR-184 Фоновые задания; SCR-185 Резервные копии; SCR-186 Audit; SCR-187 Organization settings / feature flags; SCR-188 Audit, policy engine, management APIs",FLOW-029 Блокировка пользователя; FLOW-030 Изменение permissions,Boundary/contract UI,implementation_matrix.csv wave-c.csv:796 Source='dto_field_catalog.csv:UserCreate.lastName; openapi.yaml operation POST_api_v1_users'; openapi.yaml operationId POST_api_v1_users = POST /api/v1/users; traceability 4.5 FR-222 Permission=User.Create,Source field of the matrix row confirms operationId POST_api_v1_users; method and path verified in openapi.yaml; permission confirmed via traceability FR-222.
wave-c.csv:797,AC-1736,AC,MOD-019,[STATE-007] Field contract: MaintenanceModeRequest.enabled respects type/required/nullable/limits/PATCH semantics,unresolved,,,,,,"SCR-170 Администрирование; SCR-171 Пользователи; SCR-172 Карточка пользователя; SCR-173 Создание/активация пользователя; SCR-174 Block/deactivate user; SCR-175 Отделы; SCR-176 Audit, policy engine, management APIs; SCR-177 Роли и permissions; SCR-178 Audit, policy engine, management APIs; SCR-179 Effective permission diagnostics; SCR-180 Устройства; SCR-181 Sessions и login attempts; SCR-182 Сетевые ресурсы; SCR-183 Settings APIs, Windows settings; SCR-184 Фоновые задания; SCR-185 Резервные копии; SCR-186 Audit; SCR-187 Organization settings / feature flags; SCR-188 Audit, policy engine, management APIs",FLOW-029 Блокировка пользователя; FLOW-030 Изменение permissions,Boundary/contract UI,"implementation_matrix.csv wave-c.csv:797 Source='openapi.yaml:MaintenanceModeRequest.enabled' (reference to an OpenAPI schema or parameter, no operationId); traceability 4.5 DATA-019 API cell='OpenAPI operations of module' (no operationId).",The source references only an OpenAPI schema/parameter; the field-to-operation mapping is not confirmed by the allowed sources; no operationId to report.
wave-c.csv:798,AC-1737,AC,MOD-019,[STATE-007] Field contract: DepartmentPatch.name respects type/required/nullable/limits/PATCH semantics,resolved,PATCH_api_v1_departments_id,PATCH,/api/v1/departments/{id},Department.Manage,Task.Application.MOD-019.PATCH_api_v1_departments_idHandler,"SCR-170 Администрирование; SCR-171 Пользователи; SCR-172 Карточка пользователя; SCR-173 Создание/активация пользователя; SCR-174 Block/deactivate user; SCR-175 Отделы; SCR-176 Audit, policy engine, management APIs; SCR-177 Роли и permissions; SCR-178 Audit, policy engine, management APIs; SCR-179 Effective permission diagnostics; SCR-180 Устройства; SCR-181 Sessions и login attempts; SCR-182 Сетевые ресурсы; SCR-183 Settings APIs, Windows settings; SCR-184 Фоновые задания; SCR-185 Резервные копии; SCR-186 Audit; SCR-187 Organization settings / feature flags; SCR-188 Audit, policy engine, management APIs",FLOW-029 Блокировка пользователя; FLOW-030 Изменение permissions,Boundary/contract UI,implementation_matrix.csv wave-c.csv:798 Source='dto_field_catalog.csv:DepartmentPatch.name; openapi.yaml operation PATCH_api_v1_departments_id'; openapi.yaml operationId PATCH_api_v1_departments_id = PATCH /api/v1/departments/{id}; traceability 4.5 FR-195 Permission=Department.Manage,Source field of the matrix row confirms operationId PATCH_api_v1_departments_id; method and path verified in openapi.yaml; permission confirmed via traceability FR-195.
wave-c.csv:799,AC-1738,AC,MOD-019,[STATE-007] Field contract: NetworkResourcePatch.name respects type/required/nullable/limits/PATCH semantics,resolved,PATCH_api_v1_network_resources_id,PATCH,/api/v1/network-resources/{id},NetworkResource.Manage,Task.Application.MOD-019.PATCH_api_v1_network_resources_idHandler,"SCR-170 Администрирование; SCR-171 Пользователи; SCR-172 Карточка пользователя; SCR-173 Создание/активация пользователя; SCR-174 Block/deactivate user; SCR-175 Отделы; SCR-176 Audit, policy engine, management APIs; SCR-177 Роли и permissions; SCR-178 Audit, policy engine, management APIs; SCR-179 Effective permission diagnostics; SCR-180 Устройства; SCR-181 Sessions и login attempts; SCR-182 Сетевые ресурсы; SCR-183 Settings APIs, Windows settings; SCR-184 Фоновые задания; SCR-185 Резервные копии; SCR-186 Audit; SCR-187 Organization settings / feature flags; SCR-188 Audit, policy engine, management APIs",FLOW-029 Блокировка пользователя; FLOW-030 Изменение permissions,Boundary/contract UI,implementation_matrix.csv wave-c.csv:799 Source='dto_field_catalog.csv:NetworkResourcePatch.name; openapi.yaml operation PATCH_api_v1_network_resources_id'; openapi.yaml operationId PATCH_api_v1_network_resources_id = PATCH /api/v1/network-resources/{id}; traceability 4.5 FR-207 Permission=NetworkResource.Manage,Source field of the matrix row confirms operationId PATCH_api_v1_network_resources_id; method and path verified in openapi.yaml; permission confirmed via traceability FR-207.
wave-c.csv:800,AC-1739,AC,MOD-019,[STATE-007] Field contract: RolePatch.name respects type/required/nullable/limits/PATCH semantics,resolved,PATCH_api_v1_roles_id,PATCH,/api/v1/roles/{id},Role.Manage,Task.Application.MOD-019.PATCH_api_v1_roles_idHandler,"SCR-170 Администрирование; SCR-171 Пользователи; SCR-172 Карточка пользователя; SCR-173 Создание/активация пользователя; SCR-174 Block/deactivate user; SCR-175 Отделы; SCR-176 Audit, policy engine, management APIs; SCR-177 Роли и permissions; SCR-178 Audit, policy engine, management APIs; SCR-179 Effective permission diagnostics; SCR-180 Устройства; SCR-181 Sessions и login attempts; SCR-182 Сетевые ресурсы; SCR-183 Settings APIs, Windows settings; SCR-184 Фоновые задания; SCR-185 Резервные копии; SCR-186 Audit; SCR-187 Organization settings / feature flags; SCR-188 Audit, policy engine, management APIs",FLOW-029 Блокировка пользователя; FLOW-030 Изменение permissions,Boundary/contract UI,implementation_matrix.csv wave-c.csv:800 Source='dto_field_catalog.csv:RolePatch.name; openapi.yaml operation PATCH_api_v1_roles_id'; openapi.yaml operationId PATCH_api_v1_roles_id = PATCH /api/v1/roles/{id}; traceability 4.5 FR-217 Permission=Role.Manage,Source field of the matrix row confirms operationId PATCH_api_v1_roles_id; method and path verified in openapi.yaml; permission confirmed via traceability FR-217.
wave-c.csv:801,AC-1740,AC,MOD-019,[STATE-007] Field contract: UserPatch.login respects type/required/nullable/limits/PATCH semantics,resolved,PATCH_api_v1_users_id,PATCH,/api/v1/users/{id},User.Update,Task.Application.MOD-019.PATCH_api_v1_users_idHandler,"SCR-170 Администрирование; SCR-171 Пользователи; SCR-172 Карточка пользователя; SCR-173 Создание/активация пользователя; SCR-174 Block/deactivate user; SCR-175 Отделы; SCR-176 Audit, policy engine, management APIs; SCR-177 Роли и permissions; SCR-178 Audit, policy engine, management APIs; SCR-179 Effective permission diagnostics; SCR-180 Устройства; SCR-181 Sessions и login attempts; SCR-182 Сетевые ресурсы; SCR-183 Settings APIs, Windows settings; SCR-184 Фоновые задания; SCR-185 Резервные копии; SCR-186 Audit; SCR-187 Organization settings / feature flags; SCR-188 Audit, policy engine, management APIs",FLOW-029 Блокировка пользователя; FLOW-030 Изменение permissions,Boundary/contract UI,implementation_matrix.csv wave-c.csv:801 Source='dto_field_catalog.csv:UserPatch.login; openapi.yaml operation PATCH_api_v1_users_id'; openapi.yaml operationId PATCH_api_v1_users_id = PATCH /api/v1/users/{id}; traceability 4.5 FR-224 Permission=User.Update,Source field of the matrix row confirms operationId PATCH_api_v1_users_id; method and path verified in openapi.yaml; permission confirmed via traceability FR-224.
wave-c.csv:802,AC-1741,AC,MOD-019,[STATE-007] Field contract: DepartmentCreate.description respects type/required/nullable/limits/PATCH semantics,resolved,POST_api_v1_departments,POST,/api/v1/departments,Department.Manage,Task.Application.MOD-019.POST_api_v1_departmentsHandler,"SCR-170 Администрирование; SCR-171 Пользователи; SCR-172 Карточка пользователя; SCR-173 Создание/активация пользователя; SCR-174 Block/deactivate user; SCR-175 Отделы; SCR-176 Audit, policy engine, management APIs; SCR-177 Роли и permissions; SCR-178 Audit, policy engine, management APIs; SCR-179 Effective permission diagnostics; SCR-180 Устройства; SCR-181 Sessions и login attempts; SCR-182 Сетевые ресурсы; SCR-183 Settings APIs, Windows settings; SCR-184 Фоновые задания; SCR-185 Резервные копии; SCR-186 Audit; SCR-187 Organization settings / feature flags; SCR-188 Audit, policy engine, management APIs",FLOW-029 Блокировка пользователя; FLOW-030 Изменение permissions,Boundary/contract UI,implementation_matrix.csv wave-c.csv:802 Source='dto_field_catalog.csv:DepartmentCreate.description; openapi.yaml operation POST_api_v1_departments'; openapi.yaml operationId POST_api_v1_departments = POST /api/v1/departments; traceability 4.5 FR-191 Permission=Department.Manage,Source field of the matrix row confirms operationId POST_api_v1_departments; method and path verified in openapi.yaml; permission confirmed via traceability FR-191.
wave-c.csv:803,AC-1742,AC,MOD-019,[STATE-007] Field contract: DepartmentPatch.description respects type/required/nullable/limits/PATCH semantics,resolved,PATCH_api_v1_departments_id,PATCH,/api/v1/departments/{id},Department.Manage,Task.Application.MOD-019.PATCH_api_v1_departments_idHandler,"SCR-170 Администрирование; SCR-171 Пользователи; SCR-172 Карточка пользователя; SCR-173 Создание/активация пользователя; SCR-174 Block/deactivate user; SCR-175 Отделы; SCR-176 Audit, policy engine, management APIs; SCR-177 Роли и permissions; SCR-178 Audit, policy engine, management APIs; SCR-179 Effective permission diagnostics; SCR-180 Устройства; SCR-181 Sessions и login attempts; SCR-182 Сетевые ресурсы; SCR-183 Settings APIs, Windows settings; SCR-184 Фоновые задания; SCR-185 Резервные копии; SCR-186 Audit; SCR-187 Organization settings / feature flags; SCR-188 Audit, policy engine, management APIs",FLOW-029 Блокировка пользователя; FLOW-030 Изменение permissions,Boundary/contract UI,implementation_matrix.csv wave-c.csv:803 Source='dto_field_catalog.csv:DepartmentPatch.description; openapi.yaml operation PATCH_api_v1_departments_id'; openapi.yaml operationId PATCH_api_v1_departments_id = PATCH /api/v1/departments/{id}; traceability 4.5 FR-195 Permission=Department.Manage,Source field of the matrix row confirms operationId PATCH_api_v1_departments_id; method and path verified in openapi.yaml; permission confirmed via traceability FR-195.
wave-c.csv:804,AC-1743,AC,MOD-019,[STATE-007] Field contract: DevicePatch.status respects type/required/nullable/limits/PATCH semantics,resolved,PATCH_api_v1_devices_id,PATCH,/api/v1/devices/{id},Device.UpdateOwnOrAll,Task.Application.MOD-019.PATCH_api_v1_devices_idHandler,"SCR-170 Администрирование; SCR-171 Пользователи; SCR-172 Карточка пользователя; SCR-173 Создание/активация пользователя; SCR-174 Block/deactivate user; SCR-175 Отделы; SCR-176 Audit, policy engine, management APIs; SCR-177 Роли и permissions; SCR-178 Audit, policy engine, management APIs; SCR-179 Effective permission diagnostics; SCR-180 Устройства; SCR-181 Sessions и login attempts; SCR-182 Сетевые ресурсы; SCR-183 Settings APIs, Windows settings; SCR-184 Фоновые задания; SCR-185 Резервные копии; SCR-186 Audit; SCR-187 Organization settings / feature flags; SCR-188 Audit, policy engine, management APIs",FLOW-029 Блокировка пользователя; FLOW-030 Изменение permissions,Boundary/contract UI,implementation_matrix.csv wave-c.csv:804 Source='dto_field_catalog.csv:DevicePatch.status; openapi.yaml operation PATCH_api_v1_devices_id'; openapi.yaml operationId PATCH_api_v1_devices_id = PATCH /api/v1/devices/{id}; traceability 4.5 FR-202 Permission=Device.UpdateOwnOrAll,Source field of the matrix row confirms operationId PATCH_api_v1_devices_id; method and path verified in openapi.yaml; permission confirmed via traceability FR-202.
wave-c.csv:805,AC-1744,AC,MOD-019,[STATE-007] Field contract: NetworkResourceCreate.status respects type/required/nullable/limits/PATCH semantics,resolved,POST_api_v1_network_resources,POST,/api/v1/network-resources,NetworkResource.Manage,Task.Application.MOD-019.POST_api_v1_network_resourcesHandler,"SCR-170 Администрирование; SCR-171 Пользователи; SCR-172 Карточка пользователя; SCR-173 Создание/активация пользователя; SCR-174 Block/deactivate user; SCR-175 Отделы; SCR-176 Audit, policy engine, management APIs; SCR-177 Роли и permissions; SCR-178 Audit, policy engine, management APIs; SCR-179 Effective permission diagnostics; SCR-180 Устройства; SCR-181 Sessions и login attempts; SCR-182 Сетевые ресурсы; SCR-183 Settings APIs, Windows settings; SCR-184 Фоновые задания; SCR-185 Резервные копии; SCR-186 Audit; SCR-187 Organization settings / feature flags; SCR-188 Audit, policy engine, management APIs",FLOW-029 Блокировка пользователя; FLOW-030 Изменение permissions,Boundary/contract UI,implementation_matrix.csv wave-c.csv:805 Source='dto_field_catalog.csv:NetworkResourceCreate.status; openapi.yaml operation POST_api_v1_network_resources'; openapi.yaml operationId POST_api_v1_network_resources = POST /api/v1/network-resources; traceability 4.5 FR-206 Permission=NetworkResource.Manage,Source field of the matrix row confirms operationId POST_api_v1_network_resources; method and path verified in openapi.yaml; permission confirmed via traceability FR-206.
wave-c.csv:806,AC-1745,AC,MOD-019,[STATE-007] Field contract: NetworkResourcePatch.status respects type/required/nullable/limits/PATCH semantics,resolved,PATCH_api_v1_network_resources_id,PATCH,/api/v1/network-resources/{id},NetworkResource.Manage,Task.Application.MOD-019.PATCH_api_v1_network_resources_idHandler,"SCR-170 Администрирование; SCR-171 Пользователи; SCR-172 Карточка пользователя; SCR-173 Создание/активация пользователя; SCR-174 Block/deactivate user; SCR-175 Отделы; SCR-176 Audit, policy engine, management APIs; SCR-177 Роли и permissions; SCR-178 Audit, policy engine, management APIs; SCR-179 Effective permission diagnostics; SCR-180 Устройства; SCR-181 Sessions и login attempts; SCR-182 Сетевые ресурсы; SCR-183 Settings APIs, Windows settings; SCR-184 Фоновые задания; SCR-185 Резервные копии; SCR-186 Audit; SCR-187 Organization settings / feature flags; SCR-188 Audit, policy engine, management APIs",FLOW-029 Блокировка пользователя; FLOW-030 Изменение permissions,Boundary/contract UI,implementation_matrix.csv wave-c.csv:806 Source='dto_field_catalog.csv:NetworkResourcePatch.status; openapi.yaml operation PATCH_api_v1_network_resources_id'; openapi.yaml operationId PATCH_api_v1_network_resources_id = PATCH /api/v1/network-resources/{id}; traceability 4.5 FR-207 Permission=NetworkResource.Manage,Source field of the matrix row confirms operationId PATCH_api_v1_network_resources_id; method and path verified in openapi.yaml; permission confirmed via traceability FR-207.
wave-c.csv:807,AC-1746,AC,MOD-019,[STATE-007] Field contract: RoleCreate.status respects type/required/nullable/limits/PATCH semantics,resolved,POST_api_v1_roles,POST,/api/v1/roles,Role.Manage,Task.Application.MOD-019.POST_api_v1_rolesHandler,"SCR-170 Администрирование; SCR-171 Пользователи; SCR-172 Карточка пользователя; SCR-173 Создание/активация пользователя; SCR-174 Block/deactivate user; SCR-175 Отделы; SCR-176 Audit, policy engine, management APIs; SCR-177 Роли и permissions; SCR-178 Audit, policy engine, management APIs; SCR-179 Effective permission diagnostics; SCR-180 Устройства; SCR-181 Sessions и login attempts; SCR-182 Сетевые ресурсы; SCR-183 Settings APIs, Windows settings; SCR-184 Фоновые задания; SCR-185 Резервные копии; SCR-186 Audit; SCR-187 Organization settings / feature flags; SCR-188 Audit, policy engine, management APIs",FLOW-029 Блокировка пользователя; FLOW-030 Изменение permissions,Boundary/contract UI,implementation_matrix.csv wave-c.csv:807 Source='dto_field_catalog.csv:RoleCreate.status; openapi.yaml operation POST_api_v1_roles'; openapi.yaml operationId POST_api_v1_roles = POST /api/v1/roles; traceability 4.5 FR-214 Permission=Role.Manage,Source field of the matrix row confirms operationId POST_api_v1_roles; method and path verified in openapi.yaml; permission confirmed via traceability FR-214.
wave-c.csv:808,AC-1747,AC,MOD-019,[STATE-007] Field contract: RolePatch.status respects type/required/nullable/limits/PATCH semantics,resolved,PATCH_api_v1_roles_id,PATCH,/api/v1/roles/{id},Role.Manage,Task.Application.MOD-019.PATCH_api_v1_roles_idHandler,"SCR-170 Администрирование; SCR-171 Пользователи; SCR-172 Карточка пользователя; SCR-173 Создание/активация пользователя; SCR-174 Block/deactivate user; SCR-175 Отделы; SCR-176 Audit, policy engine, management APIs; SCR-177 Роли и permissions; SCR-178 Audit, policy engine, management APIs; SCR-179 Effective permission diagnostics; SCR-180 Устройства; SCR-181 Sessions и login attempts; SCR-182 Сетевые ресурсы; SCR-183 Settings APIs, Windows settings; SCR-184 Фоновые задания; SCR-185 Резервные копии; SCR-186 Audit; SCR-187 Organization settings / feature flags; SCR-188 Audit, policy engine, management APIs",FLOW-029 Блокировка пользователя; FLOW-030 Изменение permissions,Boundary/contract UI,implementation_matrix.csv wave-c.csv:808 Source='dto_field_catalog.csv:RolePatch.status; openapi.yaml operation PATCH_api_v1_roles_id'; openapi.yaml operationId PATCH_api_v1_roles_id = PATCH /api/v1/roles/{id}; traceability 4.5 FR-217 Permission=Role.Manage,Source field of the matrix row confirms operationId PATCH_api_v1_roles_id; method and path verified in openapi.yaml; permission confirmed via traceability FR-217.
wave-c.csv:809,AC-1748,AC,MOD-019,[STATE-007] Field contract: UserPatch.firstName respects type/required/nullable/limits/PATCH semantics,resolved,PATCH_api_v1_users_id,PATCH,/api/v1/users/{id},User.Update,Task.Application.MOD-019.PATCH_api_v1_users_idHandler,"SCR-170 Администрирование; SCR-171 Пользователи; SCR-172 Карточка пользователя; SCR-173 Создание/активация пользователя; SCR-174 Block/deactivate user; SCR-175 Отделы; SCR-176 Audit, policy engine, management APIs; SCR-177 Роли и permissions; SCR-178 Audit, policy engine, management APIs; SCR-179 Effective permission diagnostics; SCR-180 Устройства; SCR-181 Sessions и login attempts; SCR-182 Сетевые ресурсы; SCR-183 Settings APIs, Windows settings; SCR-184 Фоновые задания; SCR-185 Резервные копии; SCR-186 Audit; SCR-187 Organization settings / feature flags; SCR-188 Audit, policy engine, management APIs",FLOW-029 Блокировка пользователя; FLOW-030 Изменение permissions,Boundary/contract UI,implementation_matrix.csv wave-c.csv:809 Source='dto_field_catalog.csv:UserPatch.firstName; openapi.yaml operation PATCH_api_v1_users_id'; openapi.yaml operationId PATCH_api_v1_users_id = PATCH /api/v1/users/{id}; traceability 4.5 FR-224 Permission=User.Update,Source field of the matrix row confirms operationId PATCH_api_v1_users_id; method and path verified in openapi.yaml; permission confirmed via traceability FR-224.
wave-c.csv:810,AC-1749,AC,MOD-019,[STATE-007] Field contract: UserPatch.lastName respects type/required/nullable/limits/PATCH semantics,resolved,PATCH_api_v1_users_id,PATCH,/api/v1/users/{id},User.Update,Task.Application.MOD-019.PATCH_api_v1_users_idHandler,"SCR-170 Администрирование; SCR-171 Пользователи; SCR-172 Карточка пользователя; SCR-173 Создание/активация пользователя; SCR-174 Block/deactivate user; SCR-175 Отделы; SCR-176 Audit, policy engine, management APIs; SCR-177 Роли и permissions; SCR-178 Audit, policy engine, management APIs; SCR-179 Effective permission diagnostics; SCR-180 Устройства; SCR-181 Sessions и login attempts; SCR-182 Сетевые ресурсы; SCR-183 Settings APIs, Windows settings; SCR-184 Фоновые задания; SCR-185 Резервные копии; SCR-186 Audit; SCR-187 Organization settings / feature flags; SCR-188 Audit, policy engine, management APIs",FLOW-029 Блокировка пользователя; FLOW-030 Изменение permissions,Boundary/contract UI,implementation_matrix.csv wave-c.csv:810 Source='dto_field_catalog.csv:UserPatch.lastName; openapi.yaml operation PATCH_api_v1_users_id'; openapi.yaml operationId PATCH_api_v1_users_id = PATCH /api/v1/users/{id}; traceability 4.5 FR-224 Permission=User.Update,Source field of the matrix row confirms operationId PATCH_api_v1_users_id; method and path verified in openapi.yaml; permission confirmed via traceability FR-224.
wave-c.csv:811,AC-1750,AC,MOD-019,[STATE-007] Field contract: (query parameters).status respects type/required/nullable/limits/PATCH semantics,resolved,GET_api_v1_network_resources,GET,/api/v1/network-resources,FileCatalog.Read,Task.Application.MOD-019.GET_api_v1_network_resourcesHandler,"SCR-170 Администрирование; SCR-171 Пользователи; SCR-172 Карточка пользователя; SCR-173 Создание/активация пользователя; SCR-174 Block/deactivate user; SCR-175 Отделы; SCR-176 Audit, policy engine, management APIs; SCR-177 Роли и permissions; SCR-178 Audit, policy engine, management APIs; SCR-179 Effective permission diagnostics; SCR-180 Устройства; SCR-181 Sessions и login attempts; SCR-182 Сетевые ресурсы; SCR-183 Settings APIs, Windows settings; SCR-184 Фоновые задания; SCR-185 Резервные копии; SCR-186 Audit; SCR-187 Organization settings / feature flags; SCR-188 Audit, policy engine, management APIs",FLOW-029 Блокировка пользователя; FLOW-030 Изменение permissions,Boundary/contract UI,implementation_matrix.csv wave-c.csv:811 Source='openapi.yaml#/paths//api/v1/network-resources/get/parameters/status' (exact OpenAPI path+method of the parameter); openapi.yaml maps GET /api/v1/network-resources to operationId GET_api_v1_network_resources; traceability 4.5 FR-205 Permission=FileCatalog.Read,Matrix row Source references the exact path+method in openapi.yaml; operationId GET_api_v1_network_resources resolved from openapi.yaml at that path; permission confirmed via traceability FR-205.
wave-c.csv:812,AC-1751,AC,MOD-019,[STATE-007] Field contract: FeatureFlagPatch.enabled respects type/required/nullable/limits/PATCH semantics,unresolved,,,,,,"SCR-170 Администрирование; SCR-171 Пользователи; SCR-172 Карточка пользователя; SCR-173 Создание/активация пользователя; SCR-174 Block/deactivate user; SCR-175 Отделы; SCR-176 Audit, policy engine, management APIs; SCR-177 Роли и permissions; SCR-178 Audit, policy engine, management APIs; SCR-179 Effective permission diagnostics; SCR-180 Устройства; SCR-181 Sessions и login attempts; SCR-182 Сетевые ресурсы; SCR-183 Settings APIs, Windows settings; SCR-184 Фоновые задания; SCR-185 Резервные копии; SCR-186 Audit; SCR-187 Organization settings / feature flags; SCR-188 Audit, policy engine, management APIs",FLOW-029 Блокировка пользователя; FLOW-030 Изменение permissions,Boundary/contract UI,"implementation_matrix.csv wave-c.csv:812 Source='openapi.yaml:FeatureFlagPatch.enabled' (reference to an OpenAPI schema or parameter, no operationId); traceability 4.5 DATA-019 API cell='OpenAPI operations of module' (no operationId).",The source references only an OpenAPI schema/parameter; the field-to-operation mapping is not confirmed by the allowed sources; no operationId to report.
wave-c.csv:813,AC-1752,AC,MOD-019,[STATE-007] Field contract: PermissionCodes.status respects type/required/nullable/limits/PATCH semantics,resolved,PUT_api_v1_project_roles_id_permissions,PUT,/api/v1/project-roles/{id}/permissions,Role.Manage,Task.Application.MOD-019.PUT_api_v1_project_roles_id_permissionsHandler,"SCR-170 Администрирование; SCR-171 Пользователи; SCR-172 Карточка пользователя; SCR-173 Создание/активация пользователя; SCR-174 Block/deactivate user; SCR-175 Отделы; SCR-176 Audit, policy engine, management APIs; SCR-177 Роли и permissions; SCR-178 Audit, policy engine, management APIs; SCR-179 Effective permission diagnostics; SCR-180 Устройства; SCR-181 Sessions и login attempts; SCR-182 Сетевые ресурсы; SCR-183 Settings APIs, Windows settings; SCR-184 Фоновые задания; SCR-185 Резервные копии; SCR-186 Audit; SCR-187 Organization settings / feature flags; SCR-188 Audit, policy engine, management APIs",FLOW-029 Блокировка пользователя; FLOW-030 Изменение permissions,Boundary/contract UI,implementation_matrix.csv wave-c.csv:813 Source='dto_field_catalog.csv:ProjectRole.status; openapi.yaml operation PUT_api_v1_project_roles_id_permissions'; openapi.yaml operationId PUT_api_v1_project_roles_id_permissions = PUT /api/v1/project-roles/{id}/permissions; traceability 4.5 FR-212 Permission=Role.Manage,Source field of the matrix row confirms operationId PUT_api_v1_project_roles_id_permissions; method and path verified in openapi.yaml; permission confirmed via traceability FR-212.
wave-c.csv:814,AC-1846,AC,MOD-019,Permission denial for FR-177,resolved,GET_api_v1_admin_backups,GET,/api/v1/admin/backups,Backup.Read,Task.Application.MOD-019.GET_api_v1_admin_backupsHandler,"SCR-170 Администрирование; SCR-171 Пользователи; SCR-172 Карточка пользователя; SCR-173 Создание/активация пользователя; SCR-174 Block/deactivate user; SCR-175 Отделы; SCR-176 Audit, policy engine, management APIs; SCR-177 Роли и permissions; SCR-178 Audit, policy engine, management APIs; SCR-179 Effective permission diagnostics; SCR-180 Устройства; SCR-181 Sessions и login attempts; SCR-182 Сетевые ресурсы; SCR-183 Settings APIs, Windows settings; SCR-184 Фоновые задания; SCR-185 Резервные копии; SCR-186 Audit; SCR-187 Organization settings / feature flags; SCR-188 Audit, policy engine, management APIs",FLOW-029 Блокировка пользователя; FLOW-030 Изменение permissions,Security/authorization,implementation_matrix.csv wave-c.csv:814 Source='OpenAPI `GET_api_v1_admin_backups`; Stage_3_Field_Traceability_Final_3.5.csv; cross-cutting requirement PERM-019'; openapi.yaml operationId GET_api_v1_admin_backups = GET /api/v1/admin/backups; traceability 4.5 FR-177 Permission=Backup.Read,Source field of the matrix row confirms operationId GET_api_v1_admin_backups; method and path verified in openapi.yaml; permission confirmed via traceability FR-177.
wave-c.csv:815,AC-1867,AC,MOD-019,Stable error handling for FR-177,resolved,GET_api_v1_admin_backups,GET,/api/v1/admin/backups,Backup.Read,Task.Application.MOD-019.GET_api_v1_admin_backupsHandler,"SCR-170 Администрирование; SCR-171 Пользователи; SCR-172 Карточка пользователя; SCR-173 Создание/активация пользователя; SCR-174 Block/deactivate user; SCR-175 Отделы; SCR-176 Audit, policy engine, management APIs; SCR-177 Роли и permissions; SCR-178 Audit, policy engine, management APIs; SCR-179 Effective permission diagnostics; SCR-180 Устройства; SCR-181 Sessions и login attempts; SCR-182 Сетевые ресурсы; SCR-183 Settings APIs, Windows settings; SCR-184 Фоновые задания; SCR-185 Резервные копии; SCR-186 Audit; SCR-187 Organization settings / feature flags; SCR-188 Audit, policy engine, management APIs",FLOW-029 Блокировка пользователя; FLOW-030 Изменение permissions,Error handling,implementation_matrix.csv wave-c.csv:815 Source='OpenAPI `GET_api_v1_admin_backups`; Stage_3_Field_Traceability_Final_3.5.csv; cross-cutting requirement ERR-019'; openapi.yaml operationId GET_api_v1_admin_backups = GET /api/v1/admin/backups; traceability 4.5 FR-177 Permission=Backup.Read,Source field of the matrix row confirms operationId GET_api_v1_admin_backups; method and path verified in openapi.yaml; permission confirmed via traceability FR-177.
wave-c.csv:817,AC-1909,AC,MOD-019,Audit evidence for FR-177,resolved,GET_api_v1_admin_backups,GET,/api/v1/admin/backups,Backup.Read,Task.Application.MOD-019.GET_api_v1_admin_backupsHandler,"SCR-170 Администрирование; SCR-171 Пользователи; SCR-172 Карточка пользователя; SCR-173 Создание/активация пользователя; SCR-174 Block/deactivate user; SCR-175 Отделы; SCR-176 Audit, policy engine, management APIs; SCR-177 Роли и permissions; SCR-178 Audit, policy engine, management APIs; SCR-179 Effective permission diagnostics; SCR-180 Устройства; SCR-181 Sessions и login attempts; SCR-182 Сетевые ресурсы; SCR-183 Settings APIs, Windows settings; SCR-184 Фоновые задания; SCR-185 Резервные копии; SCR-186 Audit; SCR-187 Organization settings / feature flags; SCR-188 Audit, policy engine, management APIs",FLOW-029 Блокировка пользователя; FLOW-030 Изменение permissions,Audit/security,implementation_matrix.csv wave-c.csv:817 Source='OpenAPI `GET_api_v1_admin_backups`; Stage_3_Field_Traceability_Final_3.5.csv; cross-cutting requirement AUDIT-019'; openapi.yaml operationId GET_api_v1_admin_backups = GET /api/v1/admin/backups; traceability 4.5 FR-177 Permission=Backup.Read,Source field of the matrix row confirms operationId GET_api_v1_admin_backups; method and path verified in openapi.yaml; permission confirmed via traceability FR-177.
wave-c.csv:818,AC-2114,AC,MOD-019,Permission denial for FR-178,resolved,POST_api_v1_admin_backups,POST,/api/v1/admin/backups,Backup.Execute,Task.Application.MOD-019.POST_api_v1_admin_backupsHandler,"SCR-170 Администрирование; SCR-171 Пользователи; SCR-172 Карточка пользователя; SCR-173 Создание/активация пользователя; SCR-174 Block/deactivate user; SCR-175 Отделы; SCR-176 Audit, policy engine, management APIs; SCR-177 Роли и permissions; SCR-178 Audit, policy engine, management APIs; SCR-179 Effective permission diagnostics; SCR-180 Устройства; SCR-181 Sessions и login attempts; SCR-182 Сетевые ресурсы; SCR-183 Settings APIs, Windows settings; SCR-184 Фоновые задания; SCR-185 Резервные копии; SCR-186 Audit; SCR-187 Organization settings / feature flags; SCR-188 Audit, policy engine, management APIs",FLOW-029 Блокировка пользователя; FLOW-030 Изменение permissions,Security/authorization,implementation_matrix.csv wave-c.csv:818 Source='OpenAPI `POST_api_v1_admin_backups`; Stage_3_Field_Traceability_Final_3.5.csv; cross-cutting requirement PERM-019'; openapi.yaml operationId POST_api_v1_admin_backups = POST /api/v1/admin/backups; traceability 4.5 FR-178 Permission=Backup.Execute,Source field of the matrix row confirms operationId POST_api_v1_admin_backups; method and path verified in openapi.yaml; permission confirmed via traceability FR-178.
wave-c.csv:819,AC-2115,AC,MOD-019,Permission denial for FR-179,resolved,POST_api_v1_admin_backups_id_restore,POST,/api/v1/admin/backups/{id}/restore,Backup.Restore,Task.Application.MOD-019.POST_api_v1_admin_backups_id_restoreHandler,"SCR-170 Администрирование; SCR-171 Пользователи; SCR-172 Карточка пользователя; SCR-173 Создание/активация пользователя; SCR-174 Block/deactivate user; SCR-175 Отделы; SCR-176 Audit, policy engine, management APIs; SCR-177 Роли и permissions; SCR-178 Audit, policy engine, management APIs; SCR-179 Effective permission diagnostics; SCR-180 Устройства; SCR-181 Sessions и login attempts; SCR-182 Сетевые ресурсы; SCR-183 Settings APIs, Windows settings; SCR-184 Фоновые задания; SCR-185 Резервные копии; SCR-186 Audit; SCR-187 Organization settings / feature flags; SCR-188 Audit, policy engine, management APIs",FLOW-029 Блокировка пользователя; FLOW-030 Изменение permissions,Security/authorization,implementation_matrix.csv wave-c.csv:819 Source='OpenAPI `POST_api_v1_admin_backups_id_restore`; Stage_3_Field_Traceability_Final_3.5.csv; cross-cutting requirement PERM-019'; openapi.yaml operationId POST_api_v1_admin_backups_id_restore = POST /api/v1/admin/backups/{id}/restore; traceability 4.5 FR-179 Permission=Backup.Restore,Source field of the matrix row confirms operationId POST_api_v1_admin_backups_id_restore; method and path verified in openapi.yaml; permission confirmed via traceability FR-179.
wave-c.csv:820,AC-2116,AC,MOD-019,Permission denial for FR-180,resolved,POST_api_v1_admin_backups_id_verify,POST,/api/v1/admin/backups/{id}/verify,Backup.RestoreTest,Task.Application.MOD-019.POST_api_v1_admin_backups_id_verifyHandler,"SCR-170 Администрирование; SCR-171 Пользователи; SCR-172 Карточка пользователя; SCR-173 Создание/активация пользователя; SCR-174 Block/deactivate user; SCR-175 Отделы; SCR-176 Audit, policy engine, management APIs; SCR-177 Роли и permissions; SCR-178 Audit, policy engine, management APIs; SCR-179 Effective permission diagnostics; SCR-180 Устройства; SCR-181 Sessions и login attempts; SCR-182 Сетевые ресурсы; SCR-183 Settings APIs, Windows settings; SCR-184 Фоновые задания; SCR-185 Резервные копии; SCR-186 Audit; SCR-187 Organization settings / feature flags; SCR-188 Audit, policy engine, management APIs",FLOW-029 Блокировка пользователя; FLOW-030 Изменение permissions,Security/authorization,implementation_matrix.csv wave-c.csv:820 Source='OpenAPI `POST_api_v1_admin_backups_id_verify`; Stage_3_Field_Traceability_Final_3.5.csv; cross-cutting requirement PERM-019'; openapi.yaml operationId POST_api_v1_admin_backups_id_verify = POST /api/v1/admin/backups/{id}/verify; traceability 4.5 FR-180 Permission=Backup.RestoreTest,Source field of the matrix row confirms operationId POST_api_v1_admin_backups_id_verify; method and path verified in openapi.yaml; permission confirmed via traceability FR-180.
wave-c.csv:821,AC-2117,AC,MOD-019,Permission denial for FR-181,resolved,POST_api_v1_admin_change_feed_compact,POST,/api/v1/admin/change-feed/compact,System.Configure,Task.Application.MOD-019.POST_api_v1_admin_change_feed_compactHandler,"SCR-170 Администрирование; SCR-171 Пользователи; SCR-172 Карточка пользователя; SCR-173 Создание/активация пользователя; SCR-174 Block/deactivate user; SCR-175 Отделы; SCR-176 Audit, policy engine, management APIs; SCR-177 Роли и permissions; SCR-178 Audit, policy engine, management APIs; SCR-179 Effective permission diagnostics; SCR-180 Устройства; SCR-181 Sessions и login attempts; SCR-182 Сетевые ресурсы; SCR-183 Settings APIs, Windows settings; SCR-184 Фоновые задания; SCR-185 Резервные копии; SCR-186 Audit; SCR-187 Organization settings / feature flags; SCR-188 Audit, policy engine, management APIs",FLOW-029 Блокировка пользователя; FLOW-030 Изменение permissions,Security/authorization,implementation_matrix.csv wave-c.csv:821 Source='OpenAPI `POST_api_v1_admin_change_feed_compact`; Stage_3_Field_Traceability_Final_3.5.csv; cross-cutting requirement PERM-019'; openapi.yaml operationId POST_api_v1_admin_change_feed_compact = POST /api/v1/admin/change-feed/compact; traceability 4.5 FR-181 Permission=System.Configure,Source field of the matrix row confirms operationId POST_api_v1_admin_change_feed_compact; method and path verified in openapi.yaml; permission confirmed via traceability FR-181.
wave-c.csv:822,AC-2118,AC,MOD-019,Permission denial for FR-182,resolved,PUT_api_v1_admin_feature_flags_key,PUT,/api/v1/admin/feature-flags/{key},System.Configure,Task.Application.MOD-019.PUT_api_v1_admin_feature_flags_keyHandler,"SCR-170 Администрирование; SCR-171 Пользователи; SCR-172 Карточка пользователя; SCR-173 Создание/активация пользователя; SCR-174 Block/deactivate user; SCR-175 Отделы; SCR-176 Audit, policy engine, management APIs; SCR-177 Роли и permissions; SCR-178 Audit, policy engine, management APIs; SCR-179 Effective permission diagnostics; SCR-180 Устройства; SCR-181 Sessions и login attempts; SCR-182 Сетевые ресурсы; SCR-183 Settings APIs, Windows settings; SCR-184 Фоновые задания; SCR-185 Резервные копии; SCR-186 Audit; SCR-187 Organization settings / feature flags; SCR-188 Audit, policy engine, management APIs",FLOW-029 Блокировка пользователя; FLOW-030 Изменение permissions,Security/authorization,implementation_matrix.csv wave-c.csv:822 Source='OpenAPI `PUT_api_v1_admin_feature_flags_key`; Stage_3_Field_Traceability_Final_3.5.csv; cross-cutting requirement PERM-019'; openapi.yaml operationId PUT_api_v1_admin_feature_flags_key = PUT /api/v1/admin/feature-flags/{key}; traceability 4.5 FR-182 Permission=System.Configure,Source field of the matrix row confirms operationId PUT_api_v1_admin_feature_flags_key; method and path verified in openapi.yaml; permission confirmed via traceability FR-182.
wave-c.csv:823,AC-2119,AC,MOD-019,Permission denial for FR-183,resolved,GET_api_v1_admin_jobs,GET,/api/v1/admin/jobs,System.HealthRead,Task.Application.MOD-019.GET_api_v1_admin_jobsHandler,"SCR-170 Администрирование; SCR-171 Пользователи; SCR-172 Карточка пользователя; SCR-173 Создание/активация пользователя; SCR-174 Block/deactivate user; SCR-175 Отделы; SCR-176 Audit, policy engine, management APIs; SCR-177 Роли и permissions; SCR-178 Audit, policy engine, management APIs; SCR-179 Effective permission diagnostics; SCR-180 Устройства; SCR-181 Sessions и login attempts; SCR-182 Сетевые ресурсы; SCR-183 Settings APIs, Windows settings; SCR-184 Фоновые задания; SCR-185 Резервные копии; SCR-186 Audit; SCR-187 Organization settings / feature flags; SCR-188 Audit, policy engine, management APIs",FLOW-029 Блокировка пользователя; FLOW-030 Изменение permissions,Security/authorization,implementation_matrix.csv wave-c.csv:823 Source='OpenAPI `GET_api_v1_admin_jobs`; Stage_3_Field_Traceability_Final_3.5.csv; cross-cutting requirement PERM-019'; openapi.yaml operationId GET_api_v1_admin_jobs = GET /api/v1/admin/jobs; traceability 4.5 FR-183 Permission=System.HealthRead,Source field of the matrix row confirms operationId GET_api_v1_admin_jobs; method and path verified in openapi.yaml; permission confirmed via traceability FR-183.
wave-c.csv:824,AC-2120,AC,MOD-019,Permission denial for FR-184,resolved,POST_api_v1_admin_jobs_code_run,POST,/api/v1/admin/jobs/{code}/run,System.Configure,Task.Application.MOD-019.POST_api_v1_admin_jobs_code_runHandler,"SCR-170 Администрирование; SCR-171 Пользователи; SCR-172 Карточка пользователя; SCR-173 Создание/активация пользователя; SCR-174 Block/deactivate user; SCR-175 Отделы; SCR-176 Audit, policy engine, management APIs; SCR-177 Роли и permissions; SCR-178 Audit, policy engine, management APIs; SCR-179 Effective permission diagnostics; SCR-180 Устройства; SCR-181 Sessions и login attempts; SCR-182 Сетевые ресурсы; SCR-183 Settings APIs, Windows settings; SCR-184 Фоновые задания; SCR-185 Резервные копии; SCR-186 Audit; SCR-187 Organization settings / feature flags; SCR-188 Audit, policy engine, management APIs",FLOW-029 Блокировка пользователя; FLOW-030 Изменение permissions,Security/authorization,implementation_matrix.csv wave-c.csv:824 Source='OpenAPI `POST_api_v1_admin_jobs_code_run`; Stage_3_Field_Traceability_Final_3.5.csv; cross-cutting requirement PERM-019'; openapi.yaml operationId POST_api_v1_admin_jobs_code_run = POST /api/v1/admin/jobs/{code}/run; traceability 4.5 FR-184 Permission=System.Configure,Source field of the matrix row confirms operationId POST_api_v1_admin_jobs_code_run; method and path verified in openapi.yaml; permission confirmed via traceability FR-184.
wave-c.csv:825,AC-2121,AC,MOD-019,Permission denial for FR-185,resolved,GET_api_v1_admin_jobs_code_runs,GET,/api/v1/admin/jobs/{code}/runs,System.HealthRead,Task.Application.MOD-019.GET_api_v1_admin_jobs_code_runsHandler,"SCR-170 Администрирование; SCR-171 Пользователи; SCR-172 Карточка пользователя; SCR-173 Создание/активация пользователя; SCR-174 Block/deactivate user; SCR-175 Отделы; SCR-176 Audit, policy engine, management APIs; SCR-177 Роли и permissions; SCR-178 Audit, policy engine, management APIs; SCR-179 Effective permission diagnostics; SCR-180 Устройства; SCR-181 Sessions и login attempts; SCR-182 Сетевые ресурсы; SCR-183 Settings APIs, Windows settings; SCR-184 Фоновые задания; SCR-185 Резервные копии; SCR-186 Audit; SCR-187 Organization settings / feature flags; SCR-188 Audit, policy engine, management APIs",FLOW-029 Блокировка пользователя; FLOW-030 Изменение permissions,Security/authorization,implementation_matrix.csv wave-c.csv:825 Source='OpenAPI `GET_api_v1_admin_jobs_code_runs`; Stage_3_Field_Traceability_Final_3.5.csv; cross-cutting requirement PERM-019'; openapi.yaml operationId GET_api_v1_admin_jobs_code_runs = GET /api/v1/admin/jobs/{code}/runs; traceability 4.5 FR-185 Permission=System.HealthRead,Source field of the matrix row confirms operationId GET_api_v1_admin_jobs_code_runs; method and path verified in openapi.yaml; permission confirmed via traceability FR-185.
wave-c.csv:826,AC-2122,AC,MOD-019,Permission denial for FR-186,resolved,POST_api_v1_admin_maintenance_mode,POST,/api/v1/admin/maintenance-mode,System.Configure,Task.Application.MOD-019.POST_api_v1_admin_maintenance_modeHandler,"SCR-170 Администрирование; SCR-171 Пользователи; SCR-172 Карточка пользователя; SCR-173 Создание/активация пользователя; SCR-174 Block/deactivate user; SCR-175 Отделы; SCR-176 Audit, policy engine, management APIs; SCR-177 Роли и permissions; SCR-178 Audit, policy engine, management APIs; SCR-179 Effective permission diagnostics; SCR-180 Устройства; SCR-181 Sessions и login attempts; SCR-182 Сетевые ресурсы; SCR-183 Settings APIs, Windows settings; SCR-184 Фоновые задания; SCR-185 Резервные копии; SCR-186 Audit; SCR-187 Organization settings / feature flags; SCR-188 Audit, policy engine, management APIs",FLOW-029 Блокировка пользователя; FLOW-030 Изменение permissions,Security/authorization,implementation_matrix.csv wave-c.csv:826 Source='OpenAPI `POST_api_v1_admin_maintenance_mode`; Stage_3_Field_Traceability_Final_3.5.csv; cross-cutting requirement PERM-019'; openapi.yaml operationId POST_api_v1_admin_maintenance_mode = POST /api/v1/admin/maintenance-mode; traceability 4.5 FR-186 Permission=System.Configure,Source field of the matrix row confirms operationId POST_api_v1_admin_maintenance_mode; method and path verified in openapi.yaml; permission confirmed via traceability FR-186.
wave-c.csv:827,AC-2123,AC,MOD-019,Permission denial for FR-187,resolved,POST_api_v1_admin_search_reindex,POST,/api/v1/admin/search/reindex,System.Configure,Task.Application.MOD-019.POST_api_v1_admin_search_reindexHandler,"SCR-170 Администрирование; SCR-171 Пользователи; SCR-172 Карточка пользователя; SCR-173 Создание/активация пользователя; SCR-174 Block/deactivate user; SCR-175 Отделы; SCR-176 Audit, policy engine, management APIs; SCR-177 Роли и permissions; SCR-178 Audit, policy engine, management APIs; SCR-179 Effective permission diagnostics; SCR-180 Устройства; SCR-181 Sessions и login attempts; SCR-182 Сетевые ресурсы; SCR-183 Settings APIs, Windows settings; SCR-184 Фоновые задания; SCR-185 Резервные копии; SCR-186 Audit; SCR-187 Organization settings / feature flags; SCR-188 Audit, policy engine, management APIs",FLOW-029 Блокировка пользователя; FLOW-030 Изменение permissions,Security/authorization,implementation_matrix.csv wave-c.csv:827 Source='OpenAPI `POST_api_v1_admin_search_reindex`; Stage_3_Field_Traceability_Final_3.5.csv; cross-cutting requirement PERM-019'; openapi.yaml operationId POST_api_v1_admin_search_reindex = POST /api/v1/admin/search/reindex; traceability 4.5 FR-187 Permission=System.Configure,Source field of the matrix row confirms operationId POST_api_v1_admin_search_reindex; method and path verified in openapi.yaml; permission confirmed via traceability FR-187.
wave-c.csv:828,AC-2124,AC,MOD-019,Permission denial for FR-188,resolved,GET_api_v1_admin_server_capabilities,GET,/api/v1/admin/server-capabilities,System.Configure,Task.Application.MOD-019.GET_api_v1_admin_server_capabilitiesHandler,"SCR-170 Администрирование; SCR-171 Пользователи; SCR-172 Карточка пользователя; SCR-173 Создание/активация пользователя; SCR-174 Block/deactivate user; SCR-175 Отделы; SCR-176 Audit, policy engine, management APIs; SCR-177 Роли и permissions; SCR-178 Audit, policy engine, management APIs; SCR-179 Effective permission diagnostics; SCR-180 Устройства; SCR-181 Sessions и login attempts; SCR-182 Сетевые ресурсы; SCR-183 Settings APIs, Windows settings; SCR-184 Фоновые задания; SCR-185 Резервные копии; SCR-186 Audit; SCR-187 Organization settings / feature flags; SCR-188 Audit, policy engine, management APIs",FLOW-029 Блокировка пользователя; FLOW-030 Изменение permissions,Security/authorization,implementation_matrix.csv wave-c.csv:828 Source='OpenAPI `GET_api_v1_admin_server_capabilities`; Stage_3_Field_Traceability_Final_3.5.csv; cross-cutting requirement PERM-019'; openapi.yaml operationId GET_api_v1_admin_server_capabilities = GET /api/v1/admin/server-capabilities; traceability 4.5 FR-188 Permission=System.Configure,Source field of the matrix row confirms operationId GET_api_v1_admin_server_capabilities; method and path verified in openapi.yaml; permission confirmed via traceability FR-188.
wave-c.csv:829,AC-2125,AC,MOD-019,Permission denial for FR-189,resolved,GET_api_v1_admin_storage,GET,/api/v1/admin/storage,System.HealthRead,Task.Application.MOD-019.GET_api_v1_admin_storageHandler,"SCR-170 Администрирование; SCR-171 Пользователи; SCR-172 Карточка пользователя; SCR-173 Создание/активация пользователя; SCR-174 Block/deactivate user; SCR-175 Отделы; SCR-176 Audit, policy engine, management APIs; SCR-177 Роли и permissions; SCR-178 Audit, policy engine, management APIs; SCR-179 Effective permission diagnostics; SCR-180 Устройства; SCR-181 Sessions и login attempts; SCR-182 Сетевые ресурсы; SCR-183 Settings APIs, Windows settings; SCR-184 Фоновые задания; SCR-185 Резервные копии; SCR-186 Audit; SCR-187 Organization settings / feature flags; SCR-188 Audit, policy engine, management APIs",FLOW-029 Блокировка пользователя; FLOW-030 Изменение permissions,Security/authorization,implementation_matrix.csv wave-c.csv:829 Source='OpenAPI `GET_api_v1_admin_storage`; Stage_3_Field_Traceability_Final_3.5.csv; cross-cutting requirement PERM-019'; openapi.yaml operationId GET_api_v1_admin_storage = GET /api/v1/admin/storage; traceability 4.5 FR-189 Permission=System.HealthRead,Source field of the matrix row confirms operationId GET_api_v1_admin_storage; method and path verified in openapi.yaml; permission confirmed via traceability FR-189.
wave-c.csv:830,AC-2126,AC,MOD-019,Permission denial for FR-190,resolved,GET_api_v1_departments,GET,/api/v1/departments,Department.Read,Task.Application.MOD-019.GET_api_v1_departmentsHandler,"SCR-170 Администрирование; SCR-171 Пользователи; SCR-172 Карточка пользователя; SCR-173 Создание/активация пользователя; SCR-174 Block/deactivate user; SCR-175 Отделы; SCR-176 Audit, policy engine, management APIs; SCR-177 Роли и permissions; SCR-178 Audit, policy engine, management APIs; SCR-179 Effective permission diagnostics; SCR-180 Устройства; SCR-181 Sessions и login attempts; SCR-182 Сетевые ресурсы; SCR-183 Settings APIs, Windows settings; SCR-184 Фоновые задания; SCR-185 Резервные копии; SCR-186 Audit; SCR-187 Organization settings / feature flags; SCR-188 Audit, policy engine, management APIs",FLOW-029 Блокировка пользователя; FLOW-030 Изменение permissions,Security/authorization,implementation_matrix.csv wave-c.csv:830 Source='OpenAPI `GET_api_v1_departments`; Stage_3_Field_Traceability_Final_3.5.csv; cross-cutting requirement PERM-019'; openapi.yaml operationId GET_api_v1_departments = GET /api/v1/departments; traceability 4.5 FR-190 Permission=Department.Read,Source field of the matrix row confirms operationId GET_api_v1_departments; method and path verified in openapi.yaml; permission confirmed via traceability FR-190.
wave-c.csv:831,AC-2127,AC,MOD-019,Permission denial for FR-191,resolved,POST_api_v1_departments,POST,/api/v1/departments,Department.Manage,Task.Application.MOD-019.POST_api_v1_departmentsHandler,"SCR-170 Администрирование; SCR-171 Пользователи; SCR-172 Карточка пользователя; SCR-173 Создание/активация пользователя; SCR-174 Block/deactivate user; SCR-175 Отделы; SCR-176 Audit, policy engine, management APIs; SCR-177 Роли и permissions; SCR-178 Audit, policy engine, management APIs; SCR-179 Effective permission diagnostics; SCR-180 Устройства; SCR-181 Sessions и login attempts; SCR-182 Сетевые ресурсы; SCR-183 Settings APIs, Windows settings; SCR-184 Фоновые задания; SCR-185 Резервные копии; SCR-186 Audit; SCR-187 Organization settings / feature flags; SCR-188 Audit, policy engine, management APIs",FLOW-029 Блокировка пользователя; FLOW-030 Изменение permissions,Security/authorization,implementation_matrix.csv wave-c.csv:831 Source='OpenAPI `POST_api_v1_departments`; Stage_3_Field_Traceability_Final_3.5.csv; cross-cutting requirement PERM-019'; openapi.yaml operationId POST_api_v1_departments = POST /api/v1/departments; traceability 4.5 FR-191 Permission=Department.Manage,Source field of the matrix row confirms operationId POST_api_v1_departments; method and path verified in openapi.yaml; permission confirmed via traceability FR-191.
wave-c.csv:832,AC-2128,AC,MOD-019,Permission denial for FR-192,resolved,GET_api_v1_departments_tree,GET,/api/v1/departments/tree,Department.Read,Task.Application.MOD-019.GET_api_v1_departments_treeHandler,"SCR-170 Администрирование; SCR-171 Пользователи; SCR-172 Карточка пользователя; SCR-173 Создание/активация пользователя; SCR-174 Block/deactivate user; SCR-175 Отделы; SCR-176 Audit, policy engine, management APIs; SCR-177 Роли и permissions; SCR-178 Audit, policy engine, management APIs; SCR-179 Effective permission diagnostics; SCR-180 Устройства; SCR-181 Sessions и login attempts; SCR-182 Сетевые ресурсы; SCR-183 Settings APIs, Windows settings; SCR-184 Фоновые задания; SCR-185 Резервные копии; SCR-186 Audit; SCR-187 Organization settings / feature flags; SCR-188 Audit, policy engine, management APIs",FLOW-029 Блокировка пользователя; FLOW-030 Изменение permissions,Security/authorization,implementation_matrix.csv wave-c.csv:832 Source='OpenAPI `GET_api_v1_departments_tree`; Stage_3_Field_Traceability_Final_3.5.csv; cross-cutting requirement PERM-019'; openapi.yaml operationId GET_api_v1_departments_tree = GET /api/v1/departments/tree; traceability 4.5 FR-192 Permission=Department.Read,Source field of the matrix row confirms operationId GET_api_v1_departments_tree; method and path verified in openapi.yaml; permission confirmed via traceability FR-192.
wave-c.csv:833,AC-2129,AC,MOD-019,Permission denial for FR-193,resolved,DELETE_api_v1_departments_id,DELETE,/api/v1/departments/{id},Department.Manage,Task.Application.MOD-019.DELETE_api_v1_departments_idHandler,"SCR-170 Администрирование; SCR-171 Пользователи; SCR-172 Карточка пользователя; SCR-173 Создание/активация пользователя; SCR-174 Block/deactivate user; SCR-175 Отделы; SCR-176 Audit, policy engine, management APIs; SCR-177 Роли и permissions; SCR-178 Audit, policy engine, management APIs; SCR-179 Effective permission diagnostics; SCR-180 Устройства; SCR-181 Sessions и login attempts; SCR-182 Сетевые ресурсы; SCR-183 Settings APIs, Windows settings; SCR-184 Фоновые задания; SCR-185 Резервные копии; SCR-186 Audit; SCR-187 Organization settings / feature flags; SCR-188 Audit, policy engine, management APIs",FLOW-029 Блокировка пользователя; FLOW-030 Изменение permissions,Security/authorization,implementation_matrix.csv wave-c.csv:833 Source='OpenAPI `DELETE_api_v1_departments_id`; Stage_3_Field_Traceability_Final_3.5.csv; cross-cutting requirement PERM-019'; openapi.yaml operationId DELETE_api_v1_departments_id = DELETE /api/v1/departments/{id}; traceability 4.5 FR-193 Permission=Department.Manage,Source field of the matrix row confirms operationId DELETE_api_v1_departments_id; method and path verified in openapi.yaml; permission confirmed via traceability FR-193.
wave-c.csv:834,AC-2130,AC,MOD-019,Permission denial for FR-194,resolved,GET_api_v1_departments_id,GET,/api/v1/departments/{id},Department.Read,Task.Application.MOD-019.GET_api_v1_departments_idHandler,"SCR-170 Администрирование; SCR-171 Пользователи; SCR-172 Карточка пользователя; SCR-173 Создание/активация пользователя; SCR-174 Block/deactivate user; SCR-175 Отделы; SCR-176 Audit, policy engine, management APIs; SCR-177 Роли и permissions; SCR-178 Audit, policy engine, management APIs; SCR-179 Effective permission diagnostics; SCR-180 Устройства; SCR-181 Sessions и login attempts; SCR-182 Сетевые ресурсы; SCR-183 Settings APIs, Windows settings; SCR-184 Фоновые задания; SCR-185 Резервные копии; SCR-186 Audit; SCR-187 Organization settings / feature flags; SCR-188 Audit, policy engine, management APIs",FLOW-029 Блокировка пользователя; FLOW-030 Изменение permissions,Security/authorization,implementation_matrix.csv wave-c.csv:834 Source='OpenAPI `GET_api_v1_departments_id`; Stage_3_Field_Traceability_Final_3.5.csv; cross-cutting requirement PERM-019'; openapi.yaml operationId GET_api_v1_departments_id = GET /api/v1/departments/{id}; traceability 4.5 FR-194 Permission=Department.Read,Source field of the matrix row confirms operationId GET_api_v1_departments_id; method and path verified in openapi.yaml; permission confirmed via traceability FR-194.
wave-c.csv:835,AC-2131,AC,MOD-019,Permission denial for FR-195,resolved,PATCH_api_v1_departments_id,PATCH,/api/v1/departments/{id},Department.Manage,Task.Application.MOD-019.PATCH_api_v1_departments_idHandler,"SCR-170 Администрирование; SCR-171 Пользователи; SCR-172 Карточка пользователя; SCR-173 Создание/активация пользователя; SCR-174 Block/deactivate user; SCR-175 Отделы; SCR-176 Audit, policy engine, management APIs; SCR-177 Роли и permissions; SCR-178 Audit, policy engine, management APIs; SCR-179 Effective permission diagnostics; SCR-180 Устройства; SCR-181 Sessions и login attempts; SCR-182 Сетевые ресурсы; SCR-183 Settings APIs, Windows settings; SCR-184 Фоновые задания; SCR-185 Резервные копии; SCR-186 Audit; SCR-187 Organization settings / feature flags; SCR-188 Audit, policy engine, management APIs",FLOW-029 Блокировка пользователя; FLOW-030 Изменение permissions,Security/authorization,implementation_matrix.csv wave-c.csv:835 Source='OpenAPI `PATCH_api_v1_departments_id`; Stage_3_Field_Traceability_Final_3.5.csv; cross-cutting requirement PERM-019'; openapi.yaml operationId PATCH_api_v1_departments_id = PATCH /api/v1/departments/{id}; traceability 4.5 FR-195 Permission=Department.Manage,Source field of the matrix row confirms operationId PATCH_api_v1_departments_id; method and path verified in openapi.yaml; permission confirmed via traceability FR-195.
wave-c.csv:836,AC-2132,AC,MOD-019,Permission denial for FR-196,resolved,POST_api_v1_departments_id_archive,POST,/api/v1/departments/{id}/archive,Department.Manage,Task.Application.MOD-019.POST_api_v1_departments_id_archiveHandler,"SCR-170 Администрирование; SCR-171 Пользователи; SCR-172 Карточка пользователя; SCR-173 Создание/активация пользователя; SCR-174 Block/deactivate user; SCR-175 Отделы; SCR-176 Audit, policy engine, management APIs; SCR-177 Роли и permissions; SCR-178 Audit, policy engine, management APIs; SCR-179 Effective permission diagnostics; SCR-180 Устройства; SCR-181 Sessions и login attempts; SCR-182 Сетевые ресурсы; SCR-183 Settings APIs, Windows settings; SCR-184 Фоновые задания; SCR-185 Резервные копии; SCR-186 Audit; SCR-187 Organization settings / feature flags; SCR-188 Audit, policy engine, management APIs",FLOW-029 Блокировка пользователя; FLOW-030 Изменение permissions,Security/authorization,implementation_matrix.csv wave-c.csv:836 Source='OpenAPI `POST_api_v1_departments_id_archive`; Stage_3_Field_Traceability_Final_3.5.csv; cross-cutting requirement PERM-019'; openapi.yaml operationId POST_api_v1_departments_id_archive = POST /api/v1/departments/{id}/archive; traceability 4.5 FR-196 Permission=Department.Manage,Source field of the matrix row confirms operationId POST_api_v1_departments_id_archive; method and path verified in openapi.yaml; permission confirmed via traceability FR-196.
wave-c.csv:837,AC-2133,AC,MOD-019,Permission denial for FR-197,resolved,PUT_api_v1_departments_id_managers,PUT,/api/v1/departments/{id}/managers,Department.Manage,Task.Application.MOD-019.PUT_api_v1_departments_id_managersHandler,"SCR-170 Администрирование; SCR-171 Пользователи; SCR-172 Карточка пользователя; SCR-173 Создание/активация пользователя; SCR-174 Block/deactivate user; SCR-175 Отделы; SCR-176 Audit, policy engine, management APIs; SCR-177 Роли и permissions; SCR-178 Audit, policy engine, management APIs; SCR-179 Effective permission diagnostics; SCR-180 Устройства; SCR-181 Sessions и login attempts; SCR-182 Сетевые ресурсы; SCR-183 Settings APIs, Windows settings; SCR-184 Фоновые задания; SCR-185 Резервные копии; SCR-186 Audit; SCR-187 Organization settings / feature flags; SCR-188 Audit, policy engine, management APIs",FLOW-029 Блокировка пользователя; FLOW-030 Изменение permissions,Security/authorization,implementation_matrix.csv wave-c.csv:837 Source='OpenAPI `PUT_api_v1_departments_id_managers`; Stage_3_Field_Traceability_Final_3.5.csv; cross-cutting requirement PERM-019'; openapi.yaml operationId PUT_api_v1_departments_id_managers = PUT /api/v1/departments/{id}/managers; traceability 4.5 FR-197 Permission=Department.Manage,Source field of the matrix row confirms operationId PUT_api_v1_departments_id_managers; method and path verified in openapi.yaml; permission confirmed via traceability FR-197.
wave-c.csv:838,AC-2134,AC,MOD-019,Permission denial for FR-198,resolved,POST_api_v1_departments_id_restore,POST,/api/v1/departments/{id}/restore,Department.Manage,Task.Application.MOD-019.POST_api_v1_departments_id_restoreHandler,"SCR-170 Администрирование; SCR-171 Пользователи; SCR-172 Карточка пользователя; SCR-173 Создание/активация пользователя; SCR-174 Block/deactivate user; SCR-175 Отделы; SCR-176 Audit, policy engine, management APIs; SCR-177 Роли и permissions; SCR-178 Audit, policy engine, management APIs; SCR-179 Effective permission diagnostics; SCR-180 Устройства; SCR-181 Sessions и login attempts; SCR-182 Сетевые ресурсы; SCR-183 Settings APIs, Windows settings; SCR-184 Фоновые задания; SCR-185 Резервные копии; SCR-186 Audit; SCR-187 Organization settings / feature flags; SCR-188 Audit, policy engine, management APIs",FLOW-029 Блокировка пользователя; FLOW-030 Изменение permissions,Security/authorization,implementation_matrix.csv wave-c.csv:838 Source='OpenAPI `POST_api_v1_departments_id_restore`; Stage_3_Field_Traceability_Final_3.5.csv; cross-cutting requirement PERM-019'; openapi.yaml operationId POST_api_v1_departments_id_restore = POST /api/v1/departments/{id}/restore; traceability 4.5 FR-198 Permission=Department.Manage,Source field of the matrix row confirms operationId POST_api_v1_departments_id_restore; method and path verified in openapi.yaml; permission confirmed via traceability FR-198.
wave-c.csv:839,AC-2135,AC,MOD-019,Permission denial for FR-199,resolved,POST_api_v1_departments_id_unarchive,POST,/api/v1/departments/{id}/unarchive,Department.Manage,Task.Application.MOD-019.POST_api_v1_departments_id_unarchiveHandler,"SCR-170 Администрирование; SCR-171 Пользователи; SCR-172 Карточка пользователя; SCR-173 Создание/активация пользователя; SCR-174 Block/deactivate user; SCR-175 Отделы; SCR-176 Audit, policy engine, management APIs; SCR-177 Роли и permissions; SCR-178 Audit, policy engine, management APIs; SCR-179 Effective permission diagnostics; SCR-180 Устройства; SCR-181 Sessions и login attempts; SCR-182 Сетевые ресурсы; SCR-183 Settings APIs, Windows settings; SCR-184 Фоновые задания; SCR-185 Резервные копии; SCR-186 Audit; SCR-187 Organization settings / feature flags; SCR-188 Audit, policy engine, management APIs",FLOW-029 Блокировка пользователя; FLOW-030 Изменение permissions,Security/authorization,implementation_matrix.csv wave-c.csv:839 Source='OpenAPI `POST_api_v1_departments_id_unarchive`; Stage_3_Field_Traceability_Final_3.5.csv; cross-cutting requirement PERM-019'; openapi.yaml operationId POST_api_v1_departments_id_unarchive = POST /api/v1/departments/{id}/unarchive; traceability 4.5 FR-199 Permission=Department.Manage,Source field of the matrix row confirms operationId POST_api_v1_departments_id_unarchive; method and path verified in openapi.yaml; permission confirmed via traceability FR-199.
wave-c.csv:840,AC-2136,AC,MOD-019,Permission denial for FR-200,resolved,GET_api_v1_devices,GET,/api/v1/devices,Device.ReadOwnOrAll,Task.Application.MOD-019.GET_api_v1_devicesHandler,"SCR-170 Администрирование; SCR-171 Пользователи; SCR-172 Карточка пользователя; SCR-173 Создание/активация пользователя; SCR-174 Block/deactivate user; SCR-175 Отделы; SCR-176 Audit, policy engine, management APIs; SCR-177 Роли и permissions; SCR-178 Audit, policy engine, management APIs; SCR-179 Effective permission diagnostics; SCR-180 Устройства; SCR-181 Sessions и login attempts; SCR-182 Сетевые ресурсы; SCR-183 Settings APIs, Windows settings; SCR-184 Фоновые задания; SCR-185 Резервные копии; SCR-186 Audit; SCR-187 Organization settings / feature flags; SCR-188 Audit, policy engine, management APIs",FLOW-029 Блокировка пользователя; FLOW-030 Изменение permissions,Security/authorization,implementation_matrix.csv wave-c.csv:840 Source='OpenAPI `GET_api_v1_devices`; Stage_3_Field_Traceability_Final_3.5.csv; cross-cutting requirement PERM-019'; openapi.yaml operationId GET_api_v1_devices = GET /api/v1/devices; traceability 4.5 FR-200 Permission=Device.ReadOwnOrAll,Source field of the matrix row confirms operationId GET_api_v1_devices; method and path verified in openapi.yaml; permission confirmed via traceability FR-200.
wave-c.csv:841,AC-2137,AC,MOD-019,Permission denial for FR-201,resolved,GET_api_v1_devices_id,GET,/api/v1/devices/{id},Device.ReadOwnOrAll,Task.Application.MOD-019.GET_api_v1_devices_idHandler,"SCR-170 Администрирование; SCR-171 Пользователи; SCR-172 Карточка пользователя; SCR-173 Создание/активация пользователя; SCR-174 Block/deactivate user; SCR-175 Отделы; SCR-176 Audit, policy engine, management APIs; SCR-177 Роли и permissions; SCR-178 Audit, policy engine, management APIs; SCR-179 Effective permission diagnostics; SCR-180 Устройства; SCR-181 Sessions и login attempts; SCR-182 Сетевые ресурсы; SCR-183 Settings APIs, Windows settings; SCR-184 Фоновые задания; SCR-185 Резервные копии; SCR-186 Audit; SCR-187 Organization settings / feature flags; SCR-188 Audit, policy engine, management APIs",FLOW-029 Блокировка пользователя; FLOW-030 Изменение permissions,Security/authorization,implementation_matrix.csv wave-c.csv:841 Source='OpenAPI `GET_api_v1_devices_id`; Stage_3_Field_Traceability_Final_3.5.csv; cross-cutting requirement PERM-019'; openapi.yaml operationId GET_api_v1_devices_id = GET /api/v1/devices/{id}; traceability 4.5 FR-201 Permission=Device.ReadOwnOrAll,Source field of the matrix row confirms operationId GET_api_v1_devices_id; method and path verified in openapi.yaml; permission confirmed via traceability FR-201.
wave-c.csv:842,AC-2138,AC,MOD-019,Permission denial for FR-202,resolved,PATCH_api_v1_devices_id,PATCH,/api/v1/devices/{id},Device.UpdateOwnOrAll,Task.Application.MOD-019.PATCH_api_v1_devices_idHandler,"SCR-170 Администрирование; SCR-171 Пользователи; SCR-172 Карточка пользователя; SCR-173 Создание/активация пользователя; SCR-174 Block/deactivate user; SCR-175 Отделы; SCR-176 Audit, policy engine, management APIs; SCR-177 Роли и permissions; SCR-178 Audit, policy engine, management APIs; SCR-179 Effective permission diagnostics; SCR-180 Устройства; SCR-181 Sessions и login attempts; SCR-182 Сетевые ресурсы; SCR-183 Settings APIs, Windows settings; SCR-184 Фоновые задания; SCR-185 Резервные копии; SCR-186 Audit; SCR-187 Organization settings / feature flags; SCR-188 Audit, policy engine, management APIs",FLOW-029 Блокировка пользователя; FLOW-030 Изменение permissions,Security/authorization,implementation_matrix.csv wave-c.csv:842 Source='OpenAPI `PATCH_api_v1_devices_id`; Stage_3_Field_Traceability_Final_3.5.csv; cross-cutting requirement PERM-019'; openapi.yaml operationId PATCH_api_v1_devices_id = PATCH /api/v1/devices/{id}; traceability 4.5 FR-202 Permission=Device.UpdateOwnOrAll,Source field of the matrix row confirms operationId PATCH_api_v1_devices_id; method and path verified in openapi.yaml; permission confirmed via traceability FR-202.
wave-c.csv:843,AC-2139,AC,MOD-019,Permission denial for FR-203,resolved,POST_api_v1_devices_id_heartbeat,POST,/api/v1/devices/{id}/heartbeat,Authenticated,Task.Application.MOD-019.POST_api_v1_devices_id_heartbeatHandler,"SCR-170 Администрирование; SCR-171 Пользователи; SCR-172 Карточка пользователя; SCR-173 Создание/активация пользователя; SCR-174 Block/deactivate user; SCR-175 Отделы; SCR-176 Audit, policy engine, management APIs; SCR-177 Роли и permissions; SCR-178 Audit, policy engine, management APIs; SCR-179 Effective permission diagnostics; SCR-180 Устройства; SCR-181 Sessions и login attempts; SCR-182 Сетевые ресурсы; SCR-183 Settings APIs, Windows settings; SCR-184 Фоновые задания; SCR-185 Резервные копии; SCR-186 Audit; SCR-187 Organization settings / feature flags; SCR-188 Audit, policy engine, management APIs",FLOW-029 Блокировка пользователя; FLOW-030 Изменение permissions,Security/authorization,implementation_matrix.csv wave-c.csv:843 Source='OpenAPI `POST_api_v1_devices_id_heartbeat`; Stage_3_Field_Traceability_Final_3.5.csv; cross-cutting requirement PERM-019'; openapi.yaml operationId POST_api_v1_devices_id_heartbeat = POST /api/v1/devices/{id}/heartbeat; traceability 4.5 FR-203 Permission=Authenticated,Source field of the matrix row confirms operationId POST_api_v1_devices_id_heartbeat; method and path verified in openapi.yaml; permission confirmed via traceability FR-203.
wave-c.csv:844,AC-2140,AC,MOD-019,Permission denial for FR-204,resolved,POST_api_v1_devices_id_revoke,POST,/api/v1/devices/{id}/revoke,Device.Revoke,Task.Application.MOD-019.POST_api_v1_devices_id_revokeHandler,"SCR-170 Администрирование; SCR-171 Пользователи; SCR-172 Карточка пользователя; SCR-173 Создание/активация пользователя; SCR-174 Block/deactivate user; SCR-175 Отделы; SCR-176 Audit, policy engine, management APIs; SCR-177 Роли и permissions; SCR-178 Audit, policy engine, management APIs; SCR-179 Effective permission diagnostics; SCR-180 Устройства; SCR-181 Sessions и login attempts; SCR-182 Сетевые ресурсы; SCR-183 Settings APIs, Windows settings; SCR-184 Фоновые задания; SCR-185 Резервные копии; SCR-186 Audit; SCR-187 Organization settings / feature flags; SCR-188 Audit, policy engine, management APIs",FLOW-029 Блокировка пользователя; FLOW-030 Изменение permissions,Security/authorization,implementation_matrix.csv wave-c.csv:844 Source='OpenAPI `POST_api_v1_devices_id_revoke`; Stage_3_Field_Traceability_Final_3.5.csv; cross-cutting requirement PERM-019'; openapi.yaml operationId POST_api_v1_devices_id_revoke = POST /api/v1/devices/{id}/revoke; traceability 4.5 FR-204 Permission=Device.Revoke,Source field of the matrix row confirms operationId POST_api_v1_devices_id_revoke; method and path verified in openapi.yaml; permission confirmed via traceability FR-204.
wave-c.csv:845,AC-2141,AC,MOD-019,Permission denial for FR-205,resolved,GET_api_v1_network_resources,GET,/api/v1/network-resources,FileCatalog.Read,Task.Application.MOD-019.GET_api_v1_network_resourcesHandler,"SCR-170 Администрирование; SCR-171 Пользователи; SCR-172 Карточка пользователя; SCR-173 Создание/активация пользователя; SCR-174 Block/deactivate user; SCR-175 Отделы; SCR-176 Audit, policy engine, management APIs; SCR-177 Роли и permissions; SCR-178 Audit, policy engine, management APIs; SCR-179 Effective permission diagnostics; SCR-180 Устройства; SCR-181 Sessions и login attempts; SCR-182 Сетевые ресурсы; SCR-183 Settings APIs, Windows settings; SCR-184 Фоновые задания; SCR-185 Резервные копии; SCR-186 Audit; SCR-187 Organization settings / feature flags; SCR-188 Audit, policy engine, management APIs",FLOW-029 Блокировка пользователя; FLOW-030 Изменение permissions,Security/authorization,implementation_matrix.csv wave-c.csv:845 Source='OpenAPI `GET_api_v1_network_resources`; Stage_3_Field_Traceability_Final_3.5.csv; cross-cutting requirement PERM-019'; openapi.yaml operationId GET_api_v1_network_resources = GET /api/v1/network-resources; traceability 4.5 FR-205 Permission=FileCatalog.Read,Source field of the matrix row confirms operationId GET_api_v1_network_resources; method and path verified in openapi.yaml; permission confirmed via traceability FR-205.
wave-c.csv:846,AC-2142,AC,MOD-019,Permission denial for FR-206,resolved,POST_api_v1_network_resources,POST,/api/v1/network-resources,NetworkResource.Manage,Task.Application.MOD-019.POST_api_v1_network_resourcesHandler,"SCR-170 Администрирование; SCR-171 Пользователи; SCR-172 Карточка пользователя; SCR-173 Создание/активация пользователя; SCR-174 Block/deactivate user; SCR-175 Отделы; SCR-176 Audit, policy engine, management APIs; SCR-177 Роли и permissions; SCR-178 Audit, policy engine, management APIs; SCR-179 Effective permission diagnostics; SCR-180 Устройства; SCR-181 Sessions и login attempts; SCR-182 Сетевые ресурсы; SCR-183 Settings APIs, Windows settings; SCR-184 Фоновые задания; SCR-185 Резервные копии; SCR-186 Audit; SCR-187 Organization settings / feature flags; SCR-188 Audit, policy engine, management APIs",FLOW-029 Блокировка пользователя; FLOW-030 Изменение permissions,Security/authorization,implementation_matrix.csv wave-c.csv:846 Source='OpenAPI `POST_api_v1_network_resources`; Stage_3_Field_Traceability_Final_3.5.csv; cross-cutting requirement PERM-019'; openapi.yaml operationId POST_api_v1_network_resources = POST /api/v1/network-resources; traceability 4.5 FR-206 Permission=NetworkResource.Manage,Source field of the matrix row confirms operationId POST_api_v1_network_resources; method and path verified in openapi.yaml; permission confirmed via traceability FR-206.
wave-c.csv:847,AC-2143,AC,MOD-019,Permission denial for FR-207,resolved,PATCH_api_v1_network_resources_id,PATCH,/api/v1/network-resources/{id},NetworkResource.Manage,Task.Application.MOD-019.PATCH_api_v1_network_resources_idHandler,"SCR-170 Администрирование; SCR-171 Пользователи; SCR-172 Карточка пользователя; SCR-173 Создание/активация пользователя; SCR-174 Block/deactivate user; SCR-175 Отделы; SCR-176 Audit, policy engine, management APIs; SCR-177 Роли и permissions; SCR-178 Audit, policy engine, management APIs; SCR-179 Effective permission diagnostics; SCR-180 Устройства; SCR-181 Sessions и login attempts; SCR-182 Сетевые ресурсы; SCR-183 Settings APIs, Windows settings; SCR-184 Фоновые задания; SCR-185 Резервные копии; SCR-186 Audit; SCR-187 Organization settings / feature flags; SCR-188 Audit, policy engine, management APIs",FLOW-029 Блокировка пользователя; FLOW-030 Изменение permissions,Security/authorization,implementation_matrix.csv wave-c.csv:847 Source='OpenAPI `PATCH_api_v1_network_resources_id`; Stage_3_Field_Traceability_Final_3.5.csv; cross-cutting requirement PERM-019'; openapi.yaml operationId PATCH_api_v1_network_resources_id = PATCH /api/v1/network-resources/{id}; traceability 4.5 FR-207 Permission=NetworkResource.Manage,Source field of the matrix row confirms operationId PATCH_api_v1_network_resources_id; method and path verified in openapi.yaml; permission confirmed via traceability FR-207.
wave-c.csv:848,AC-2144,AC,MOD-019,Permission denial for FR-208,resolved,POST_api_v1_network_resources_id_probe,POST,/api/v1/network-resources/{id}/probe,NetworkResource.Manage,Task.Application.MOD-019.POST_api_v1_network_resources_id_probeHandler,"SCR-170 Администрирование; SCR-171 Пользователи; SCR-172 Карточка пользователя; SCR-173 Создание/активация пользователя; SCR-174 Block/deactivate user; SCR-175 Отделы; SCR-176 Audit, policy engine, management APIs; SCR-177 Роли и permissions; SCR-178 Audit, policy engine, management APIs; SCR-179 Effective permission diagnostics; SCR-180 Устройства; SCR-181 Sessions и login attempts; SCR-182 Сетевые ресурсы; SCR-183 Settings APIs, Windows settings; SCR-184 Фоновые задания; SCR-185 Резервные копии; SCR-186 Audit; SCR-187 Organization settings / feature flags; SCR-188 Audit, policy engine, management APIs",FLOW-029 Блокировка пользователя; FLOW-030 Изменение permissions,Security/authorization,implementation_matrix.csv wave-c.csv:848 Source='OpenAPI `POST_api_v1_network_resources_id_probe`; Stage_3_Field_Traceability_Final_3.5.csv; cross-cutting requirement PERM-019'; openapi.yaml operationId POST_api_v1_network_resources_id_probe = POST /api/v1/network-resources/{id}/probe; traceability 4.5 FR-208 Permission=NetworkResource.Manage,Source field of the matrix row confirms operationId POST_api_v1_network_resources_id_probe; method and path verified in openapi.yaml; permission confirmed via traceability FR-208.
wave-c.csv:849,AC-2145,AC,MOD-019,Permission denial for FR-209,resolved,GET_health_details,GET,/health/details,System.HealthRead,Task.Application.MOD-019.GET_health_detailsHandler,"SCR-170 Администрирование; SCR-171 Пользователи; SCR-172 Карточка пользователя; SCR-173 Создание/активация пользователя; SCR-174 Block/deactivate user; SCR-175 Отделы; SCR-176 Audit, policy engine, management APIs; SCR-177 Роли и permissions; SCR-178 Audit, policy engine, management APIs; SCR-179 Effective permission diagnostics; SCR-180 Устройства; SCR-181 Sessions и login attempts; SCR-182 Сетевые ресурсы; SCR-183 Settings APIs, Windows settings; SCR-184 Фоновые задания; SCR-185 Резервные копии; SCR-186 Audit; SCR-187 Organization settings / feature flags; SCR-188 Audit, policy engine, management APIs",FLOW-029 Блокировка пользователя; FLOW-030 Изменение permissions,Security/authorization,implementation_matrix.csv wave-c.csv:849 Source='OpenAPI `GET_health_details`; Stage_3_Field_Traceability_Final_3.5.csv; cross-cutting requirement PERM-019'; openapi.yaml operationId GET_health_details = GET /health/details; traceability 4.5 FR-209 Permission=System.HealthRead,Source field of the matrix row confirms operationId GET_health_details; method and path verified in openapi.yaml; permission confirmed via traceability FR-209.
wave-c.csv:850,AC-2146,AC,MOD-019,Permission denial for FR-210,resolved,GET_api_v1_permissions,GET,/api/v1/permissions,Role.Read,Task.Application.MOD-019.GET_api_v1_permissionsHandler,"SCR-170 Администрирование; SCR-171 Пользователи; SCR-172 Карточка пользователя; SCR-173 Создание/активация пользователя; SCR-174 Block/deactivate user; SCR-175 Отделы; SCR-176 Audit, policy engine, management APIs; SCR-177 Роли и permissions; SCR-178 Audit, policy engine, management APIs; SCR-179 Effective permission diagnostics; SCR-180 Устройства; SCR-181 Sessions и login attempts; SCR-182 Сетевые ресурсы; SCR-183 Settings APIs, Windows settings; SCR-184 Фоновые задания; SCR-185 Резервные копии; SCR-186 Audit; SCR-187 Organization settings / feature flags; SCR-188 Audit, policy engine, management APIs",FLOW-029 Блокировка пользователя; FLOW-030 Изменение permissions,Security/authorization,implementation_matrix.csv wave-c.csv:850 Source='OpenAPI `GET_api_v1_permissions`; Stage_3_Field_Traceability_Final_3.5.csv; cross-cutting requirement PERM-019'; openapi.yaml operationId GET_api_v1_permissions = GET /api/v1/permissions; traceability 4.5 FR-210 Permission=Role.Read,Source field of the matrix row confirms operationId GET_api_v1_permissions; method and path verified in openapi.yaml; permission confirmed via traceability FR-210.
wave-c.csv:851,AC-2147,AC,MOD-019,Permission denial for FR-211,resolved,GET_api_v1_project_roles,GET,/api/v1/project-roles,Project.Read,Task.Application.MOD-019.GET_api_v1_project_rolesHandler,"SCR-170 Администрирование; SCR-171 Пользователи; SCR-172 Карточка пользователя; SCR-173 Создание/активация пользователя; SCR-174 Block/deactivate user; SCR-175 Отделы; SCR-176 Audit, policy engine, management APIs; SCR-177 Роли и permissions; SCR-178 Audit, policy engine, management APIs; SCR-179 Effective permission diagnostics; SCR-180 Устройства; SCR-181 Sessions и login attempts; SCR-182 Сетевые ресурсы; SCR-183 Settings APIs, Windows settings; SCR-184 Фоновые задания; SCR-185 Резервные копии; SCR-186 Audit; SCR-187 Organization settings / feature flags; SCR-188 Audit, policy engine, management APIs",FLOW-029 Блокировка пользователя; FLOW-030 Изменение permissions,Security/authorization,implementation_matrix.csv wave-c.csv:851 Source='OpenAPI `GET_api_v1_project_roles`; Stage_3_Field_Traceability_Final_3.5.csv; cross-cutting requirement PERM-019'; openapi.yaml operationId GET_api_v1_project_roles = GET /api/v1/project-roles; traceability 4.5 FR-211 Permission=Project.Read,Source field of the matrix row confirms operationId GET_api_v1_project_roles; method and path verified in openapi.yaml; permission confirmed via traceability FR-211.
wave-c.csv:852,AC-2148,AC,MOD-019,Permission denial for FR-212,resolved,PUT_api_v1_project_roles_id_permissions,PUT,/api/v1/project-roles/{id}/permissions,Role.Manage,Task.Application.MOD-019.PUT_api_v1_project_roles_id_permissionsHandler,"SCR-170 Администрирование; SCR-171 Пользователи; SCR-172 Карточка пользователя; SCR-173 Создание/активация пользователя; SCR-174 Block/deactivate user; SCR-175 Отделы; SCR-176 Audit, policy engine, management APIs; SCR-177 Роли и permissions; SCR-178 Audit, policy engine, management APIs; SCR-179 Effective permission diagnostics; SCR-180 Устройства; SCR-181 Sessions и login attempts; SCR-182 Сетевые ресурсы; SCR-183 Settings APIs, Windows settings; SCR-184 Фоновые задания; SCR-185 Резервные копии; SCR-186 Audit; SCR-187 Organization settings / feature flags; SCR-188 Audit, policy engine, management APIs",FLOW-029 Блокировка пользователя; FLOW-030 Изменение permissions,Security/authorization,implementation_matrix.csv wave-c.csv:852 Source='OpenAPI `PUT_api_v1_project_roles_id_permissions`; Stage_3_Field_Traceability_Final_3.5.csv; cross-cutting requirement PERM-019'; openapi.yaml operationId PUT_api_v1_project_roles_id_permissions = PUT /api/v1/project-roles/{id}/permissions; traceability 4.5 FR-212 Permission=Role.Manage,Source field of the matrix row confirms operationId PUT_api_v1_project_roles_id_permissions; method and path verified in openapi.yaml; permission confirmed via traceability FR-212.
wave-c.csv:853,AC-2149,AC,MOD-019,Permission denial for FR-213,resolved,GET_api_v1_roles,GET,/api/v1/roles,Role.Read,Task.Application.MOD-019.GET_api_v1_rolesHandler,"SCR-170 Администрирование; SCR-171 Пользователи; SCR-172 Карточка пользователя; SCR-173 Создание/активация пользователя; SCR-174 Block/deactivate user; SCR-175 Отделы; SCR-176 Audit, policy engine, management APIs; SCR-177 Роли и permissions; SCR-178 Audit, policy engine, management APIs; SCR-179 Effective permission diagnostics; SCR-180 Устройства; SCR-181 Sessions и login attempts; SCR-182 Сетевые ресурсы; SCR-183 Settings APIs, Windows settings; SCR-184 Фоновые задания; SCR-185 Резервные копии; SCR-186 Audit; SCR-187 Organization settings / feature flags; SCR-188 Audit, policy engine, management APIs",FLOW-029 Блокировка пользователя; FLOW-030 Изменение permissions,Security/authorization,implementation_matrix.csv wave-c.csv:853 Source='OpenAPI `GET_api_v1_roles`; Stage_3_Field_Traceability_Final_3.5.csv; cross-cutting requirement PERM-019'; openapi.yaml operationId GET_api_v1_roles = GET /api/v1/roles; traceability 4.5 FR-213 Permission=Role.Read,Source field of the matrix row confirms operationId GET_api_v1_roles; method and path verified in openapi.yaml; permission confirmed via traceability FR-213.
wave-c.csv:854,AC-2150,AC,MOD-019,Permission denial for FR-214,resolved,POST_api_v1_roles,POST,/api/v1/roles,Role.Manage,Task.Application.MOD-019.POST_api_v1_rolesHandler,"SCR-170 Администрирование; SCR-171 Пользователи; SCR-172 Карточка пользователя; SCR-173 Создание/активация пользователя; SCR-174 Block/deactivate user; SCR-175 Отделы; SCR-176 Audit, policy engine, management APIs; SCR-177 Роли и permissions; SCR-178 Audit, policy engine, management APIs; SCR-179 Effective permission diagnostics; SCR-180 Устройства; SCR-181 Sessions и login attempts; SCR-182 Сетевые ресурсы; SCR-183 Settings APIs, Windows settings; SCR-184 Фоновые задания; SCR-185 Резервные копии; SCR-186 Audit; SCR-187 Organization settings / feature flags; SCR-188 Audit, policy engine, management APIs",FLOW-029 Блокировка пользователя; FLOW-030 Изменение permissions,Security/authorization,implementation_matrix.csv wave-c.csv:854 Source='OpenAPI `POST_api_v1_roles`; Stage_3_Field_Traceability_Final_3.5.csv; cross-cutting requirement PERM-019'; openapi.yaml operationId POST_api_v1_roles = POST /api/v1/roles; traceability 4.5 FR-214 Permission=Role.Manage,Source field of the matrix row confirms operationId POST_api_v1_roles; method and path verified in openapi.yaml; permission confirmed via traceability FR-214.
wave-c.csv:855,AC-2151,AC,MOD-019,Permission denial for FR-215,resolved,DELETE_api_v1_roles_id,DELETE,/api/v1/roles/{id},Role.Manage,Task.Application.MOD-019.DELETE_api_v1_roles_idHandler,"SCR-170 Администрирование; SCR-171 Пользователи; SCR-172 Карточка пользователя; SCR-173 Создание/активация пользователя; SCR-174 Block/deactivate user; SCR-175 Отделы; SCR-176 Audit, policy engine, management APIs; SCR-177 Роли и permissions; SCR-178 Audit, policy engine, management APIs; SCR-179 Effective permission diagnostics; SCR-180 Устройства; SCR-181 Sessions и login attempts; SCR-182 Сетевые ресурсы; SCR-183 Settings APIs, Windows settings; SCR-184 Фоновые задания; SCR-185 Резервные копии; SCR-186 Audit; SCR-187 Organization settings / feature flags; SCR-188 Audit, policy engine, management APIs",FLOW-029 Блокировка пользователя; FLOW-030 Изменение permissions,Security/authorization,implementation_matrix.csv wave-c.csv:855 Source='OpenAPI `DELETE_api_v1_roles_id`; Stage_3_Field_Traceability_Final_3.5.csv; cross-cutting requirement PERM-019'; openapi.yaml operationId DELETE_api_v1_roles_id = DELETE /api/v1/roles/{id}; traceability 4.5 FR-215 Permission=Role.Manage,Source field of the matrix row confirms operationId DELETE_api_v1_roles_id; method and path verified in openapi.yaml; permission confirmed via traceability FR-215.
wave-c.csv:856,AC-2152,AC,MOD-019,Permission denial for FR-216,resolved,GET_api_v1_roles_id,GET,/api/v1/roles/{id},Role.Read,Task.Application.MOD-019.GET_api_v1_roles_idHandler,"SCR-170 Администрирование; SCR-171 Пользователи; SCR-172 Карточка пользователя; SCR-173 Создание/активация пользователя; SCR-174 Block/deactivate user; SCR-175 Отделы; SCR-176 Audit, policy engine, management APIs; SCR-177 Роли и permissions; SCR-178 Audit, policy engine, management APIs; SCR-179 Effective permission diagnostics; SCR-180 Устройства; SCR-181 Sessions и login attempts; SCR-182 Сетевые ресурсы; SCR-183 Settings APIs, Windows settings; SCR-184 Фоновые задания; SCR-185 Резервные копии; SCR-186 Audit; SCR-187 Organization settings / feature flags; SCR-188 Audit, policy engine, management APIs",FLOW-029 Блокировка пользователя; FLOW-030 Изменение permissions,Security/authorization,implementation_matrix.csv wave-c.csv:856 Source='OpenAPI `GET_api_v1_roles_id`; Stage_3_Field_Traceability_Final_3.5.csv; cross-cutting requirement PERM-019'; openapi.yaml operationId GET_api_v1_roles_id = GET /api/v1/roles/{id}; traceability 4.5 FR-216 Permission=Role.Read,Source field of the matrix row confirms operationId GET_api_v1_roles_id; method and path verified in openapi.yaml; permission confirmed via traceability FR-216.
wave-c.csv:857,AC-2153,AC,MOD-019,Permission denial for FR-217,resolved,PATCH_api_v1_roles_id,PATCH,/api/v1/roles/{id},Role.Manage,Task.Application.MOD-019.PATCH_api_v1_roles_idHandler,"SCR-170 Администрирование; SCR-171 Пользователи; SCR-172 Карточка пользователя; SCR-173 Создание/активация пользователя; SCR-174 Block/deactivate user; SCR-175 Отделы; SCR-176 Audit, policy engine, management APIs; SCR-177 Роли и permissions; SCR-178 Audit, policy engine, management APIs; SCR-179 Effective permission diagnostics; SCR-180 Устройства; SCR-181 Sessions и login attempts; SCR-182 Сетевые ресурсы; SCR-183 Settings APIs, Windows settings; SCR-184 Фоновые задания; SCR-185 Резервные копии; SCR-186 Audit; SCR-187 Organization settings / feature flags; SCR-188 Audit, policy engine, management APIs",FLOW-029 Блокировка пользователя; FLOW-030 Изменение permissions,Security/authorization,implementation_matrix.csv wave-c.csv:857 Source='OpenAPI `PATCH_api_v1_roles_id`; Stage_3_Field_Traceability_Final_3.5.csv; cross-cutting requirement PERM-019'; openapi.yaml operationId PATCH_api_v1_roles_id = PATCH /api/v1/roles/{id}; traceability 4.5 FR-217 Permission=Role.Manage,Source field of the matrix row confirms operationId PATCH_api_v1_roles_id; method and path verified in openapi.yaml; permission confirmed via traceability FR-217.
wave-c.csv:858,AC-2154,AC,MOD-019,Permission denial for FR-218,resolved,POST_api_v1_roles_id_activate,POST,/api/v1/roles/{id}/activate,Role.Manage,Task.Application.MOD-019.POST_api_v1_roles_id_activateHandler,"SCR-170 Администрирование; SCR-171 Пользователи; SCR-172 Карточка пользователя; SCR-173 Создание/активация пользователя; SCR-174 Block/deactivate user; SCR-175 Отделы; SCR-176 Audit, policy engine, management APIs; SCR-177 Роли и permissions; SCR-178 Audit, policy engine, management APIs; SCR-179 Effective permission diagnostics; SCR-180 Устройства; SCR-181 Sessions и login attempts; SCR-182 Сетевые ресурсы; SCR-183 Settings APIs, Windows settings; SCR-184 Фоновые задания; SCR-185 Резервные копии; SCR-186 Audit; SCR-187 Organization settings / feature flags; SCR-188 Audit, policy engine, management APIs",FLOW-029 Блокировка пользователя; FLOW-030 Изменение permissions,Security/authorization,implementation_matrix.csv wave-c.csv:858 Source='OpenAPI `POST_api_v1_roles_id_activate`; Stage_3_Field_Traceability_Final_3.5.csv; cross-cutting requirement PERM-019'; openapi.yaml operationId POST_api_v1_roles_id_activate = POST /api/v1/roles/{id}/activate; traceability 4.5 FR-218 Permission=Role.Manage,Source field of the matrix row confirms operationId POST_api_v1_roles_id_activate; method and path verified in openapi.yaml; permission confirmed via traceability FR-218.
wave-c.csv:859,AC-2155,AC,MOD-019,Permission denial for FR-219,resolved,PUT_api_v1_roles_id_permissions,PUT,/api/v1/roles/{id}/permissions,Role.Manage,Task.Application.MOD-019.PUT_api_v1_roles_id_permissionsHandler,"SCR-170 Администрирование; SCR-171 Пользователи; SCR-172 Карточка пользователя; SCR-173 Создание/активация пользователя; SCR-174 Block/deactivate user; SCR-175 Отделы; SCR-176 Audit, policy engine, management APIs; SCR-177 Роли и permissions; SCR-178 Audit, policy engine, management APIs; SCR-179 Effective permission diagnostics; SCR-180 Устройства; SCR-181 Sessions и login attempts; SCR-182 Сетевые ресурсы; SCR-183 Settings APIs, Windows settings; SCR-184 Фоновые задания; SCR-185 Резервные копии; SCR-186 Audit; SCR-187 Organization settings / feature flags; SCR-188 Audit, policy engine, management APIs",FLOW-029 Блокировка пользователя; FLOW-030 Изменение permissions,Security/authorization,implementation_matrix.csv wave-c.csv:859 Source='OpenAPI `PUT_api_v1_roles_id_permissions`; Stage_3_Field_Traceability_Final_3.5.csv; cross-cutting requirement PERM-019'; openapi.yaml operationId PUT_api_v1_roles_id_permissions = PUT /api/v1/roles/{id}/permissions; traceability 4.5 FR-219 Permission=Role.Manage,Source field of the matrix row confirms operationId PUT_api_v1_roles_id_permissions; method and path verified in openapi.yaml; permission confirmed via traceability FR-219.
wave-c.csv:860,AC-2156,AC,MOD-019,Permission denial for FR-220,resolved,PUT_api_v1_users_id_roles,PUT,/api/v1/users/{id}/roles,User.ManageRoles,Task.Application.MOD-019.PUT_api_v1_users_id_rolesHandler,"SCR-170 Администрирование; SCR-171 Пользователи; SCR-172 Карточка пользователя; SCR-173 Создание/активация пользователя; SCR-174 Block/deactivate user; SCR-175 Отделы; SCR-176 Audit, policy engine, management APIs; SCR-177 Роли и permissions; SCR-178 Audit, policy engine, management APIs; SCR-179 Effective permission diagnostics; SCR-180 Устройства; SCR-181 Sessions и login attempts; SCR-182 Сетевые ресурсы; SCR-183 Settings APIs, Windows settings; SCR-184 Фоновые задания; SCR-185 Резервные копии; SCR-186 Audit; SCR-187 Organization settings / feature flags; SCR-188 Audit, policy engine, management APIs",FLOW-029 Блокировка пользователя; FLOW-030 Изменение permissions,Security/authorization,implementation_matrix.csv wave-c.csv:860 Source='OpenAPI `PUT_api_v1_users_id_roles`; Stage_3_Field_Traceability_Final_3.5.csv; cross-cutting requirement PERM-019'; openapi.yaml operationId PUT_api_v1_users_id_roles = PUT /api/v1/users/{id}/roles; traceability 4.5 FR-220 Permission=User.ManageRoles,Source field of the matrix row confirms operationId PUT_api_v1_users_id_roles; method and path verified in openapi.yaml; permission confirmed via traceability FR-220.
wave-c.csv:861,AC-2157,AC,MOD-019,Permission denial for FR-221,resolved,GET_api_v1_users,GET,/api/v1/users,User.Read,Task.Application.MOD-019.GET_api_v1_usersHandler,"SCR-170 Администрирование; SCR-171 Пользователи; SCR-172 Карточка пользователя; SCR-173 Создание/активация пользователя; SCR-174 Block/deactivate user; SCR-175 Отделы; SCR-176 Audit, policy engine, management APIs; SCR-177 Роли и permissions; SCR-178 Audit, policy engine, management APIs; SCR-179 Effective permission diagnostics; SCR-180 Устройства; SCR-181 Sessions и login attempts; SCR-182 Сетевые ресурсы; SCR-183 Settings APIs, Windows settings; SCR-184 Фоновые задания; SCR-185 Резервные копии; SCR-186 Audit; SCR-187 Organization settings / feature flags; SCR-188 Audit, policy engine, management APIs",FLOW-029 Блокировка пользователя; FLOW-030 Изменение permissions,Security/authorization,implementation_matrix.csv wave-c.csv:861 Source='OpenAPI `GET_api_v1_users`; Stage_3_Field_Traceability_Final_3.5.csv; cross-cutting requirement PERM-019'; openapi.yaml operationId GET_api_v1_users = GET /api/v1/users; traceability 4.5 FR-221 Permission=User.Read,Source field of the matrix row confirms operationId GET_api_v1_users; method and path verified in openapi.yaml; permission confirmed via traceability FR-221.
wave-c.csv:862,AC-2158,AC,MOD-019,Permission denial for FR-222,resolved,POST_api_v1_users,POST,/api/v1/users,User.Create,Task.Application.MOD-019.POST_api_v1_usersHandler,"SCR-170 Администрирование; SCR-171 Пользователи; SCR-172 Карточка пользователя; SCR-173 Создание/активация пользователя; SCR-174 Block/deactivate user; SCR-175 Отделы; SCR-176 Audit, policy engine, management APIs; SCR-177 Роли и permissions; SCR-178 Audit, policy engine, management APIs; SCR-179 Effective permission diagnostics; SCR-180 Устройства; SCR-181 Sessions и login attempts; SCR-182 Сетевые ресурсы; SCR-183 Settings APIs, Windows settings; SCR-184 Фоновые задания; SCR-185 Резервные копии; SCR-186 Audit; SCR-187 Organization settings / feature flags; SCR-188 Audit, policy engine, management APIs",FLOW-029 Блокировка пользователя; FLOW-030 Изменение permissions,Security/authorization,implementation_matrix.csv wave-c.csv:862 Source='OpenAPI `POST_api_v1_users`; Stage_3_Field_Traceability_Final_3.5.csv; cross-cutting requirement PERM-019'; openapi.yaml operationId POST_api_v1_users = POST /api/v1/users; traceability 4.5 FR-222 Permission=User.Create,Source field of the matrix row confirms operationId POST_api_v1_users; method and path verified in openapi.yaml; permission confirmed via traceability FR-222.
wave-c.csv:863,AC-2159,AC,MOD-019,Permission denial for FR-223,resolved,GET_api_v1_users_id,GET,/api/v1/users/{id},User.Read,Task.Application.MOD-019.GET_api_v1_users_idHandler,"SCR-170 Администрирование; SCR-171 Пользователи; SCR-172 Карточка пользователя; SCR-173 Создание/активация пользователя; SCR-174 Block/deactivate user; SCR-175 Отделы; SCR-176 Audit, policy engine, management APIs; SCR-177 Роли и permissions; SCR-178 Audit, policy engine, management APIs; SCR-179 Effective permission diagnostics; SCR-180 Устройства; SCR-181 Sessions и login attempts; SCR-182 Сетевые ресурсы; SCR-183 Settings APIs, Windows settings; SCR-184 Фоновые задания; SCR-185 Резервные копии; SCR-186 Audit; SCR-187 Organization settings / feature flags; SCR-188 Audit, policy engine, management APIs",FLOW-029 Блокировка пользователя; FLOW-030 Изменение permissions,Security/authorization,implementation_matrix.csv wave-c.csv:863 Source='OpenAPI `GET_api_v1_users_id`; Stage_3_Field_Traceability_Final_3.5.csv; cross-cutting requirement PERM-019'; openapi.yaml operationId GET_api_v1_users_id = GET /api/v1/users/{id}; traceability 4.5 FR-223 Permission=User.Read,Source field of the matrix row confirms operationId GET_api_v1_users_id; method and path verified in openapi.yaml; permission confirmed via traceability FR-223.
wave-c.csv:864,AC-2160,AC,MOD-019,Permission denial for FR-224,resolved,PATCH_api_v1_users_id,PATCH,/api/v1/users/{id},User.Update,Task.Application.MOD-019.PATCH_api_v1_users_idHandler,"SCR-170 Администрирование; SCR-171 Пользователи; SCR-172 Карточка пользователя; SCR-173 Создание/активация пользователя; SCR-174 Block/deactivate user; SCR-175 Отделы; SCR-176 Audit, policy engine, management APIs; SCR-177 Роли и permissions; SCR-178 Audit, policy engine, management APIs; SCR-179 Effective permission diagnostics; SCR-180 Устройства; SCR-181 Sessions и login attempts; SCR-182 Сетевые ресурсы; SCR-183 Settings APIs, Windows settings; SCR-184 Фоновые задания; SCR-185 Резервные копии; SCR-186 Audit; SCR-187 Organization settings / feature flags; SCR-188 Audit, policy engine, management APIs",FLOW-029 Блокировка пользователя; FLOW-030 Изменение permissions,Security/authorization,implementation_matrix.csv wave-c.csv:864 Source='OpenAPI `PATCH_api_v1_users_id`; Stage_3_Field_Traceability_Final_3.5.csv; cross-cutting requirement PERM-019'; openapi.yaml operationId PATCH_api_v1_users_id = PATCH /api/v1/users/{id}; traceability 4.5 FR-224 Permission=User.Update,Source field of the matrix row confirms operationId PATCH_api_v1_users_id; method and path verified in openapi.yaml; permission confirmed via traceability FR-224.
wave-c.csv:865,AC-2161,AC,MOD-019,Permission denial for FR-225,resolved,POST_api_v1_users_id_activate,POST,/api/v1/users/{id}/activate,User.Create,Task.Application.MOD-019.POST_api_v1_users_id_activateHandler,"SCR-170 Администрирование; SCR-171 Пользователи; SCR-172 Карточка пользователя; SCR-173 Создание/активация пользователя; SCR-174 Block/deactivate user; SCR-175 Отделы; SCR-176 Audit, policy engine, management APIs; SCR-177 Роли и permissions; SCR-178 Audit, policy engine, management APIs; SCR-179 Effective permission diagnostics; SCR-180 Устройства; SCR-181 Sessions и login attempts; SCR-182 Сетевые ресурсы; SCR-183 Settings APIs, Windows settings; SCR-184 Фоновые задания; SCR-185 Резервные копии; SCR-186 Audit; SCR-187 Organization settings / feature flags; SCR-188 Audit, policy engine, management APIs",FLOW-029 Блокировка пользователя; FLOW-030 Изменение permissions,Security/authorization,implementation_matrix.csv wave-c.csv:865 Source='OpenAPI `POST_api_v1_users_id_activate`; Stage_3_Field_Traceability_Final_3.5.csv; cross-cutting requirement PERM-019'; openapi.yaml operationId POST_api_v1_users_id_activate = POST /api/v1/users/{id}/activate; traceability 4.5 FR-225 Permission=User.Create,Source field of the matrix row confirms operationId POST_api_v1_users_id_activate; method and path verified in openapi.yaml; permission confirmed via traceability FR-225.
wave-c.csv:866,AC-2162,AC,MOD-019,Permission denial for FR-226,resolved,POST_api_v1_users_id_block,POST,/api/v1/users/{id}/block,User.Block,Task.Application.MOD-019.POST_api_v1_users_id_blockHandler,"SCR-170 Администрирование; SCR-171 Пользователи; SCR-172 Карточка пользователя; SCR-173 Создание/активация пользователя; SCR-174 Block/deactivate user; SCR-175 Отделы; SCR-176 Audit, policy engine, management APIs; SCR-177 Роли и permissions; SCR-178 Audit, policy engine, management APIs; SCR-179 Effective permission diagnostics; SCR-180 Устройства; SCR-181 Sessions и login attempts; SCR-182 Сетевые ресурсы; SCR-183 Settings APIs, Windows settings; SCR-184 Фоновые задания; SCR-185 Резервные копии; SCR-186 Audit; SCR-187 Organization settings / feature flags; SCR-188 Audit, policy engine, management APIs",FLOW-029 Блокировка пользователя; FLOW-030 Изменение permissions,Security/authorization,implementation_matrix.csv wave-c.csv:866 Source='OpenAPI `POST_api_v1_users_id_block`; Stage_3_Field_Traceability_Final_3.5.csv; cross-cutting requirement PERM-019'; openapi.yaml operationId POST_api_v1_users_id_block = POST /api/v1/users/{id}/block; traceability 4.5 FR-226 Permission=User.Block,Source field of the matrix row confirms operationId POST_api_v1_users_id_block; method and path verified in openapi.yaml; permission confirmed via traceability FR-226.
wave-c.csv:867,AC-2163,AC,MOD-019,Permission denial for FR-227,resolved,POST_api_v1_users_id_deactivate,POST,/api/v1/users/{id}/deactivate,User.Block,Task.Application.MOD-019.POST_api_v1_users_id_deactivateHandler,"SCR-170 Администрирование; SCR-171 Пользователи; SCR-172 Карточка пользователя; SCR-173 Создание/активация пользователя; SCR-174 Block/deactivate user; SCR-175 Отделы; SCR-176 Audit, policy engine, management APIs; SCR-177 Роли и permissions; SCR-178 Audit, policy engine, management APIs; SCR-179 Effective permission diagnostics; SCR-180 Устройства; SCR-181 Sessions и login attempts; SCR-182 Сетевые ресурсы; SCR-183 Settings APIs, Windows settings; SCR-184 Фоновые задания; SCR-185 Резервные копии; SCR-186 Audit; SCR-187 Organization settings / feature flags; SCR-188 Audit, policy engine, management APIs",FLOW-029 Блокировка пользователя; FLOW-030 Изменение permissions,Security/authorization,implementation_matrix.csv wave-c.csv:867 Source='OpenAPI `POST_api_v1_users_id_deactivate`; Stage_3_Field_Traceability_Final_3.5.csv; cross-cutting requirement PERM-019'; openapi.yaml operationId POST_api_v1_users_id_deactivate = POST /api/v1/users/{id}/deactivate; traceability 4.5 FR-227 Permission=User.Block,Source field of the matrix row confirms operationId POST_api_v1_users_id_deactivate; method and path verified in openapi.yaml; permission confirmed via traceability FR-227.
wave-c.csv:868,AC-2164,AC,MOD-019,Permission denial for FR-228,resolved,GET_api_v1_users_id_effective_permissions,GET,/api/v1/users/{id}/effective-permissions,Authorization.Explain,Task.Application.MOD-019.GET_api_v1_users_id_effective_permissionsHandler,"SCR-170 Администрирование; SCR-171 Пользователи; SCR-172 Карточка пользователя; SCR-173 Создание/активация пользователя; SCR-174 Block/deactivate user; SCR-175 Отделы; SCR-176 Audit, policy engine, management APIs; SCR-177 Роли и permissions; SCR-178 Audit, policy engine, management APIs; SCR-179 Effective permission diagnostics; SCR-180 Устройства; SCR-181 Sessions и login attempts; SCR-182 Сетевые ресурсы; SCR-183 Settings APIs, Windows settings; SCR-184 Фоновые задания; SCR-185 Резервные копии; SCR-186 Audit; SCR-187 Organization settings / feature flags; SCR-188 Audit, policy engine, management APIs",FLOW-029 Блокировка пользователя; FLOW-030 Изменение permissions,Security/authorization,implementation_matrix.csv wave-c.csv:868 Source='OpenAPI `GET_api_v1_users_id_effective_permissions`; Stage_3_Field_Traceability_Final_3.5.csv; cross-cutting requirement PERM-019'; openapi.yaml operationId GET_api_v1_users_id_effective_permissions = GET /api/v1/users/{id}/effective-permissions; traceability 4.5 FR-228 Permission=Authorization.Explain,Source field of the matrix row confirms operationId GET_api_v1_users_id_effective_permissions; method and path verified in openapi.yaml; permission confirmed via traceability FR-228.
wave-c.csv:869,AC-2165,AC,MOD-019,Permission denial for FR-229,resolved,POST_api_v1_users_id_reactivate,POST,/api/v1/users/{id}/reactivate,User.Block,Task.Application.MOD-019.POST_api_v1_users_id_reactivateHandler,"SCR-170 Администрирование; SCR-171 Пользователи; SCR-172 Карточка пользователя; SCR-173 Создание/активация пользователя; SCR-174 Block/deactivate user; SCR-175 Отделы; SCR-176 Audit, policy engine, management APIs; SCR-177 Роли и permissions; SCR-178 Audit, policy engine, management APIs; SCR-179 Effective permission diagnostics; SCR-180 Устройства; SCR-181 Sessions и login attempts; SCR-182 Сетевые ресурсы; SCR-183 Settings APIs, Windows settings; SCR-184 Фоновые задания; SCR-185 Резервные копии; SCR-186 Audit; SCR-187 Organization settings / feature flags; SCR-188 Audit, policy engine, management APIs",FLOW-029 Блокировка пользователя; FLOW-030 Изменение permissions,Security/authorization,implementation_matrix.csv wave-c.csv:869 Source='OpenAPI `POST_api_v1_users_id_reactivate`; Stage_3_Field_Traceability_Final_3.5.csv; cross-cutting requirement PERM-019'; openapi.yaml operationId POST_api_v1_users_id_reactivate = POST /api/v1/users/{id}/reactivate; traceability 4.5 FR-229 Permission=User.Block,Source field of the matrix row confirms operationId POST_api_v1_users_id_reactivate; method and path verified in openapi.yaml; permission confirmed via traceability FR-229.
wave-c.csv:870,AC-2166,AC,MOD-019,Permission denial for FR-230,resolved,POST_api_v1_users_id_unblock,POST,/api/v1/users/{id}/unblock,User.Block,Task.Application.MOD-019.POST_api_v1_users_id_unblockHandler,"SCR-170 Администрирование; SCR-171 Пользователи; SCR-172 Карточка пользователя; SCR-173 Создание/активация пользователя; SCR-174 Block/deactivate user; SCR-175 Отделы; SCR-176 Audit, policy engine, management APIs; SCR-177 Роли и permissions; SCR-178 Audit, policy engine, management APIs; SCR-179 Effective permission diagnostics; SCR-180 Устройства; SCR-181 Sessions и login attempts; SCR-182 Сетевые ресурсы; SCR-183 Settings APIs, Windows settings; SCR-184 Фоновые задания; SCR-185 Резервные копии; SCR-186 Audit; SCR-187 Organization settings / feature flags; SCR-188 Audit, policy engine, management APIs",FLOW-029 Блокировка пользователя; FLOW-030 Изменение permissions,Security/authorization,implementation_matrix.csv wave-c.csv:870 Source='OpenAPI `POST_api_v1_users_id_unblock`; Stage_3_Field_Traceability_Final_3.5.csv; cross-cutting requirement PERM-019'; openapi.yaml operationId POST_api_v1_users_id_unblock = POST /api/v1/users/{id}/unblock; traceability 4.5 FR-230 Permission=User.Block,Source field of the matrix row confirms operationId POST_api_v1_users_id_unblock; method and path verified in openapi.yaml; permission confirmed via traceability FR-230.
wave-c.csv:871,AC-2167,AC,MOD-019,Permission denial for FR-265,unresolved,,,,,,"SCR-170 Администрирование; SCR-171 Пользователи; SCR-172 Карточка пользователя; SCR-173 Создание/активация пользователя; SCR-174 Block/deactivate user; SCR-175 Отделы; SCR-176 Audit, policy engine, management APIs; SCR-177 Роли и permissions; SCR-178 Audit, policy engine, management APIs; SCR-179 Effective permission diagnostics; SCR-180 Устройства; SCR-181 Sessions и login attempts; SCR-182 Сетевые ресурсы; SCR-183 Settings APIs, Windows settings; SCR-184 Фоновые задания; SCR-185 Резервные копии; SCR-186 Audit; SCR-187 Organization settings / feature flags; SCR-188 Audit, policy engine, management APIs",FLOW-029 Блокировка пользователя; FLOW-030 Изменение permissions,Security/authorization,implementation_matrix.csv wave-c.csv:871 title='Permission denial for FR-265'; traceability 4.5 FR-265 API cell='Desktop-only; использует существующие read/command API при необходимости'.,FR-265 is a Desktop-only/Desktop-behavior requirement with no dedicated server operation; the allowed sources confirm no new server operation for this AC.
wave-c.csv:872,AC-2372,AC,MOD-019,Stable error handling for FR-178,resolved,POST_api_v1_admin_backups,POST,/api/v1/admin/backups,Backup.Execute,Task.Application.MOD-019.POST_api_v1_admin_backupsHandler,"SCR-170 Администрирование; SCR-171 Пользователи; SCR-172 Карточка пользователя; SCR-173 Создание/активация пользователя; SCR-174 Block/deactivate user; SCR-175 Отделы; SCR-176 Audit, policy engine, management APIs; SCR-177 Роли и permissions; SCR-178 Audit, policy engine, management APIs; SCR-179 Effective permission diagnostics; SCR-180 Устройства; SCR-181 Sessions и login attempts; SCR-182 Сетевые ресурсы; SCR-183 Settings APIs, Windows settings; SCR-184 Фоновые задания; SCR-185 Резервные копии; SCR-186 Audit; SCR-187 Organization settings / feature flags; SCR-188 Audit, policy engine, management APIs",FLOW-029 Блокировка пользователя; FLOW-030 Изменение permissions,Error handling,implementation_matrix.csv wave-c.csv:872 Source='OpenAPI `POST_api_v1_admin_backups`; Stage_3_Field_Traceability_Final_3.5.csv; cross-cutting requirement ERR-019'; openapi.yaml operationId POST_api_v1_admin_backups = POST /api/v1/admin/backups; traceability 4.5 FR-178 Permission=Backup.Execute,Source field of the matrix row confirms operationId POST_api_v1_admin_backups; method and path verified in openapi.yaml; permission confirmed via traceability FR-178.
wave-c.csv:873,AC-2373,AC,MOD-019,Stable error handling for FR-179,resolved,POST_api_v1_admin_backups_id_restore,POST,/api/v1/admin/backups/{id}/restore,Backup.Restore,Task.Application.MOD-019.POST_api_v1_admin_backups_id_restoreHandler,"SCR-170 Администрирование; SCR-171 Пользователи; SCR-172 Карточка пользователя; SCR-173 Создание/активация пользователя; SCR-174 Block/deactivate user; SCR-175 Отделы; SCR-176 Audit, policy engine, management APIs; SCR-177 Роли и permissions; SCR-178 Audit, policy engine, management APIs; SCR-179 Effective permission diagnostics; SCR-180 Устройства; SCR-181 Sessions и login attempts; SCR-182 Сетевые ресурсы; SCR-183 Settings APIs, Windows settings; SCR-184 Фоновые задания; SCR-185 Резервные копии; SCR-186 Audit; SCR-187 Organization settings / feature flags; SCR-188 Audit, policy engine, management APIs",FLOW-029 Блокировка пользователя; FLOW-030 Изменение permissions,Error handling,implementation_matrix.csv wave-c.csv:873 Source='OpenAPI `POST_api_v1_admin_backups_id_restore`; Stage_3_Field_Traceability_Final_3.5.csv; cross-cutting requirement ERR-019'; openapi.yaml operationId POST_api_v1_admin_backups_id_restore = POST /api/v1/admin/backups/{id}/restore; traceability 4.5 FR-179 Permission=Backup.Restore,Source field of the matrix row confirms operationId POST_api_v1_admin_backups_id_restore; method and path verified in openapi.yaml; permission confirmed via traceability FR-179.
wave-c.csv:874,AC-2374,AC,MOD-019,Stable error handling for FR-180,resolved,POST_api_v1_admin_backups_id_verify,POST,/api/v1/admin/backups/{id}/verify,Backup.RestoreTest,Task.Application.MOD-019.POST_api_v1_admin_backups_id_verifyHandler,"SCR-170 Администрирование; SCR-171 Пользователи; SCR-172 Карточка пользователя; SCR-173 Создание/активация пользователя; SCR-174 Block/deactivate user; SCR-175 Отделы; SCR-176 Audit, policy engine, management APIs; SCR-177 Роли и permissions; SCR-178 Audit, policy engine, management APIs; SCR-179 Effective permission diagnostics; SCR-180 Устройства; SCR-181 Sessions и login attempts; SCR-182 Сетевые ресурсы; SCR-183 Settings APIs, Windows settings; SCR-184 Фоновые задания; SCR-185 Резервные копии; SCR-186 Audit; SCR-187 Organization settings / feature flags; SCR-188 Audit, policy engine, management APIs",FLOW-029 Блокировка пользователя; FLOW-030 Изменение permissions,Error handling,implementation_matrix.csv wave-c.csv:874 Source='OpenAPI `POST_api_v1_admin_backups_id_verify`; Stage_3_Field_Traceability_Final_3.5.csv; cross-cutting requirement ERR-019'; openapi.yaml operationId POST_api_v1_admin_backups_id_verify = POST /api/v1/admin/backups/{id}/verify; traceability 4.5 FR-180 Permission=Backup.RestoreTest,Source field of the matrix row confirms operationId POST_api_v1_admin_backups_id_verify; method and path verified in openapi.yaml; permission confirmed via traceability FR-180.
wave-c.csv:875,AC-2375,AC,MOD-019,Stable error handling for FR-181,resolved,POST_api_v1_admin_change_feed_compact,POST,/api/v1/admin/change-feed/compact,System.Configure,Task.Application.MOD-019.POST_api_v1_admin_change_feed_compactHandler,"SCR-170 Администрирование; SCR-171 Пользователи; SCR-172 Карточка пользователя; SCR-173 Создание/активация пользователя; SCR-174 Block/deactivate user; SCR-175 Отделы; SCR-176 Audit, policy engine, management APIs; SCR-177 Роли и permissions; SCR-178 Audit, policy engine, management APIs; SCR-179 Effective permission diagnostics; SCR-180 Устройства; SCR-181 Sessions и login attempts; SCR-182 Сетевые ресурсы; SCR-183 Settings APIs, Windows settings; SCR-184 Фоновые задания; SCR-185 Резервные копии; SCR-186 Audit; SCR-187 Organization settings / feature flags; SCR-188 Audit, policy engine, management APIs",FLOW-029 Блокировка пользователя; FLOW-030 Изменение permissions,Error handling,implementation_matrix.csv wave-c.csv:875 Source='OpenAPI `POST_api_v1_admin_change_feed_compact`; Stage_3_Field_Traceability_Final_3.5.csv; cross-cutting requirement ERR-019'; openapi.yaml operationId POST_api_v1_admin_change_feed_compact = POST /api/v1/admin/change-feed/compact; traceability 4.5 FR-181 Permission=System.Configure,Source field of the matrix row confirms operationId POST_api_v1_admin_change_feed_compact; method and path verified in openapi.yaml; permission confirmed via traceability FR-181.
wave-c.csv:876,AC-2376,AC,MOD-019,Stable error handling for FR-182,resolved,PUT_api_v1_admin_feature_flags_key,PUT,/api/v1/admin/feature-flags/{key},System.Configure,Task.Application.MOD-019.PUT_api_v1_admin_feature_flags_keyHandler,"SCR-170 Администрирование; SCR-171 Пользователи; SCR-172 Карточка пользователя; SCR-173 Создание/активация пользователя; SCR-174 Block/deactivate user; SCR-175 Отделы; SCR-176 Audit, policy engine, management APIs; SCR-177 Роли и permissions; SCR-178 Audit, policy engine, management APIs; SCR-179 Effective permission diagnostics; SCR-180 Устройства; SCR-181 Sessions и login attempts; SCR-182 Сетевые ресурсы; SCR-183 Settings APIs, Windows settings; SCR-184 Фоновые задания; SCR-185 Резервные копии; SCR-186 Audit; SCR-187 Organization settings / feature flags; SCR-188 Audit, policy engine, management APIs",FLOW-029 Блокировка пользователя; FLOW-030 Изменение permissions,Error handling,implementation_matrix.csv wave-c.csv:876 Source='OpenAPI `PUT_api_v1_admin_feature_flags_key`; Stage_3_Field_Traceability_Final_3.5.csv; cross-cutting requirement ERR-019'; openapi.yaml operationId PUT_api_v1_admin_feature_flags_key = PUT /api/v1/admin/feature-flags/{key}; traceability 4.5 FR-182 Permission=System.Configure,Source field of the matrix row confirms operationId PUT_api_v1_admin_feature_flags_key; method and path verified in openapi.yaml; permission confirmed via traceability FR-182.
wave-c.csv:877,AC-2377,AC,MOD-019,Stable error handling for FR-183,resolved,GET_api_v1_admin_jobs,GET,/api/v1/admin/jobs,System.HealthRead,Task.Application.MOD-019.GET_api_v1_admin_jobsHandler,"SCR-170 Администрирование; SCR-171 Пользователи; SCR-172 Карточка пользователя; SCR-173 Создание/активация пользователя; SCR-174 Block/deactivate user; SCR-175 Отделы; SCR-176 Audit, policy engine, management APIs; SCR-177 Роли и permissions; SCR-178 Audit, policy engine, management APIs; SCR-179 Effective permission diagnostics; SCR-180 Устройства; SCR-181 Sessions и login attempts; SCR-182 Сетевые ресурсы; SCR-183 Settings APIs, Windows settings; SCR-184 Фоновые задания; SCR-185 Резервные копии; SCR-186 Audit; SCR-187 Organization settings / feature flags; SCR-188 Audit, policy engine, management APIs",FLOW-029 Блокировка пользователя; FLOW-030 Изменение permissions,Error handling,implementation_matrix.csv wave-c.csv:877 Source='OpenAPI `GET_api_v1_admin_jobs`; Stage_3_Field_Traceability_Final_3.5.csv; cross-cutting requirement ERR-019'; openapi.yaml operationId GET_api_v1_admin_jobs = GET /api/v1/admin/jobs; traceability 4.5 FR-183 Permission=System.HealthRead,Source field of the matrix row confirms operationId GET_api_v1_admin_jobs; method and path verified in openapi.yaml; permission confirmed via traceability FR-183.
wave-c.csv:878,AC-2378,AC,MOD-019,Stable error handling for FR-184,resolved,POST_api_v1_admin_jobs_code_run,POST,/api/v1/admin/jobs/{code}/run,System.Configure,Task.Application.MOD-019.POST_api_v1_admin_jobs_code_runHandler,"SCR-170 Администрирование; SCR-171 Пользователи; SCR-172 Карточка пользователя; SCR-173 Создание/активация пользователя; SCR-174 Block/deactivate user; SCR-175 Отделы; SCR-176 Audit, policy engine, management APIs; SCR-177 Роли и permissions; SCR-178 Audit, policy engine, management APIs; SCR-179 Effective permission diagnostics; SCR-180 Устройства; SCR-181 Sessions и login attempts; SCR-182 Сетевые ресурсы; SCR-183 Settings APIs, Windows settings; SCR-184 Фоновые задания; SCR-185 Резервные копии; SCR-186 Audit; SCR-187 Organization settings / feature flags; SCR-188 Audit, policy engine, management APIs",FLOW-029 Блокировка пользователя; FLOW-030 Изменение permissions,Error handling,implementation_matrix.csv wave-c.csv:878 Source='OpenAPI `POST_api_v1_admin_jobs_code_run`; Stage_3_Field_Traceability_Final_3.5.csv; cross-cutting requirement ERR-019'; openapi.yaml operationId POST_api_v1_admin_jobs_code_run = POST /api/v1/admin/jobs/{code}/run; traceability 4.5 FR-184 Permission=System.Configure,Source field of the matrix row confirms operationId POST_api_v1_admin_jobs_code_run; method and path verified in openapi.yaml; permission confirmed via traceability FR-184.
wave-c.csv:879,AC-2379,AC,MOD-019,Stable error handling for FR-185,resolved,GET_api_v1_admin_jobs_code_runs,GET,/api/v1/admin/jobs/{code}/runs,System.HealthRead,Task.Application.MOD-019.GET_api_v1_admin_jobs_code_runsHandler,"SCR-170 Администрирование; SCR-171 Пользователи; SCR-172 Карточка пользователя; SCR-173 Создание/активация пользователя; SCR-174 Block/deactivate user; SCR-175 Отделы; SCR-176 Audit, policy engine, management APIs; SCR-177 Роли и permissions; SCR-178 Audit, policy engine, management APIs; SCR-179 Effective permission diagnostics; SCR-180 Устройства; SCR-181 Sessions и login attempts; SCR-182 Сетевые ресурсы; SCR-183 Settings APIs, Windows settings; SCR-184 Фоновые задания; SCR-185 Резервные копии; SCR-186 Audit; SCR-187 Organization settings / feature flags; SCR-188 Audit, policy engine, management APIs",FLOW-029 Блокировка пользователя; FLOW-030 Изменение permissions,Error handling,implementation_matrix.csv wave-c.csv:879 Source='OpenAPI `GET_api_v1_admin_jobs_code_runs`; Stage_3_Field_Traceability_Final_3.5.csv; cross-cutting requirement ERR-019'; openapi.yaml operationId GET_api_v1_admin_jobs_code_runs = GET /api/v1/admin/jobs/{code}/runs; traceability 4.5 FR-185 Permission=System.HealthRead,Source field of the matrix row confirms operationId GET_api_v1_admin_jobs_code_runs; method and path verified in openapi.yaml; permission confirmed via traceability FR-185.
wave-c.csv:880,AC-2380,AC,MOD-019,Stable error handling for FR-186,resolved,POST_api_v1_admin_maintenance_mode,POST,/api/v1/admin/maintenance-mode,System.Configure,Task.Application.MOD-019.POST_api_v1_admin_maintenance_modeHandler,"SCR-170 Администрирование; SCR-171 Пользователи; SCR-172 Карточка пользователя; SCR-173 Создание/активация пользователя; SCR-174 Block/deactivate user; SCR-175 Отделы; SCR-176 Audit, policy engine, management APIs; SCR-177 Роли и permissions; SCR-178 Audit, policy engine, management APIs; SCR-179 Effective permission diagnostics; SCR-180 Устройства; SCR-181 Sessions и login attempts; SCR-182 Сетевые ресурсы; SCR-183 Settings APIs, Windows settings; SCR-184 Фоновые задания; SCR-185 Резервные копии; SCR-186 Audit; SCR-187 Organization settings / feature flags; SCR-188 Audit, policy engine, management APIs",FLOW-029 Блокировка пользователя; FLOW-030 Изменение permissions,Error handling,implementation_matrix.csv wave-c.csv:880 Source='OpenAPI `POST_api_v1_admin_maintenance_mode`; Stage_3_Field_Traceability_Final_3.5.csv; cross-cutting requirement ERR-019'; openapi.yaml operationId POST_api_v1_admin_maintenance_mode = POST /api/v1/admin/maintenance-mode; traceability 4.5 FR-186 Permission=System.Configure,Source field of the matrix row confirms operationId POST_api_v1_admin_maintenance_mode; method and path verified in openapi.yaml; permission confirmed via traceability FR-186.
wave-c.csv:881,AC-2381,AC,MOD-019,Stable error handling for FR-187,resolved,POST_api_v1_admin_search_reindex,POST,/api/v1/admin/search/reindex,System.Configure,Task.Application.MOD-019.POST_api_v1_admin_search_reindexHandler,"SCR-170 Администрирование; SCR-171 Пользователи; SCR-172 Карточка пользователя; SCR-173 Создание/активация пользователя; SCR-174 Block/deactivate user; SCR-175 Отделы; SCR-176 Audit, policy engine, management APIs; SCR-177 Роли и permissions; SCR-178 Audit, policy engine, management APIs; SCR-179 Effective permission diagnostics; SCR-180 Устройства; SCR-181 Sessions и login attempts; SCR-182 Сетевые ресурсы; SCR-183 Settings APIs, Windows settings; SCR-184 Фоновые задания; SCR-185 Резервные копии; SCR-186 Audit; SCR-187 Organization settings / feature flags; SCR-188 Audit, policy engine, management APIs",FLOW-029 Блокировка пользователя; FLOW-030 Изменение permissions,Error handling,implementation_matrix.csv wave-c.csv:881 Source='OpenAPI `POST_api_v1_admin_search_reindex`; Stage_3_Field_Traceability_Final_3.5.csv; cross-cutting requirement ERR-019'; openapi.yaml operationId POST_api_v1_admin_search_reindex = POST /api/v1/admin/search/reindex; traceability 4.5 FR-187 Permission=System.Configure,Source field of the matrix row confirms operationId POST_api_v1_admin_search_reindex; method and path verified in openapi.yaml; permission confirmed via traceability FR-187.
wave-c.csv:882,AC-2382,AC,MOD-019,Stable error handling for FR-188,resolved,GET_api_v1_admin_server_capabilities,GET,/api/v1/admin/server-capabilities,System.Configure,Task.Application.MOD-019.GET_api_v1_admin_server_capabilitiesHandler,"SCR-170 Администрирование; SCR-171 Пользователи; SCR-172 Карточка пользователя; SCR-173 Создание/активация пользователя; SCR-174 Block/deactivate user; SCR-175 Отделы; SCR-176 Audit, policy engine, management APIs; SCR-177 Роли и permissions; SCR-178 Audit, policy engine, management APIs; SCR-179 Effective permission diagnostics; SCR-180 Устройства; SCR-181 Sessions и login attempts; SCR-182 Сетевые ресурсы; SCR-183 Settings APIs, Windows settings; SCR-184 Фоновые задания; SCR-185 Резервные копии; SCR-186 Audit; SCR-187 Organization settings / feature flags; SCR-188 Audit, policy engine, management APIs",FLOW-029 Блокировка пользователя; FLOW-030 Изменение permissions,Error handling,implementation_matrix.csv wave-c.csv:882 Source='OpenAPI `GET_api_v1_admin_server_capabilities`; Stage_3_Field_Traceability_Final_3.5.csv; cross-cutting requirement ERR-019'; openapi.yaml operationId GET_api_v1_admin_server_capabilities = GET /api/v1/admin/server-capabilities; traceability 4.5 FR-188 Permission=System.Configure,Source field of the matrix row confirms operationId GET_api_v1_admin_server_capabilities; method and path verified in openapi.yaml; permission confirmed via traceability FR-188.
wave-c.csv:883,AC-2383,AC,MOD-019,Stable error handling for FR-189,resolved,GET_api_v1_admin_storage,GET,/api/v1/admin/storage,System.HealthRead,Task.Application.MOD-019.GET_api_v1_admin_storageHandler,"SCR-170 Администрирование; SCR-171 Пользователи; SCR-172 Карточка пользователя; SCR-173 Создание/активация пользователя; SCR-174 Block/deactivate user; SCR-175 Отделы; SCR-176 Audit, policy engine, management APIs; SCR-177 Роли и permissions; SCR-178 Audit, policy engine, management APIs; SCR-179 Effective permission diagnostics; SCR-180 Устройства; SCR-181 Sessions и login attempts; SCR-182 Сетевые ресурсы; SCR-183 Settings APIs, Windows settings; SCR-184 Фоновые задания; SCR-185 Резервные копии; SCR-186 Audit; SCR-187 Organization settings / feature flags; SCR-188 Audit, policy engine, management APIs",FLOW-029 Блокировка пользователя; FLOW-030 Изменение permissions,Error handling,implementation_matrix.csv wave-c.csv:883 Source='OpenAPI `GET_api_v1_admin_storage`; Stage_3_Field_Traceability_Final_3.5.csv; cross-cutting requirement ERR-019'; openapi.yaml operationId GET_api_v1_admin_storage = GET /api/v1/admin/storage; traceability 4.5 FR-189 Permission=System.HealthRead,Source field of the matrix row confirms operationId GET_api_v1_admin_storage; method and path verified in openapi.yaml; permission confirmed via traceability FR-189.
wave-c.csv:884,AC-2384,AC,MOD-019,Stable error handling for FR-190,resolved,GET_api_v1_departments,GET,/api/v1/departments,Department.Read,Task.Application.MOD-019.GET_api_v1_departmentsHandler,"SCR-170 Администрирование; SCR-171 Пользователи; SCR-172 Карточка пользователя; SCR-173 Создание/активация пользователя; SCR-174 Block/deactivate user; SCR-175 Отделы; SCR-176 Audit, policy engine, management APIs; SCR-177 Роли и permissions; SCR-178 Audit, policy engine, management APIs; SCR-179 Effective permission diagnostics; SCR-180 Устройства; SCR-181 Sessions и login attempts; SCR-182 Сетевые ресурсы; SCR-183 Settings APIs, Windows settings; SCR-184 Фоновые задания; SCR-185 Резервные копии; SCR-186 Audit; SCR-187 Organization settings / feature flags; SCR-188 Audit, policy engine, management APIs",FLOW-029 Блокировка пользователя; FLOW-030 Изменение permissions,Error handling,implementation_matrix.csv wave-c.csv:884 Source='OpenAPI `GET_api_v1_departments`; Stage_3_Field_Traceability_Final_3.5.csv; cross-cutting requirement ERR-019'; openapi.yaml operationId GET_api_v1_departments = GET /api/v1/departments; traceability 4.5 FR-190 Permission=Department.Read,Source field of the matrix row confirms operationId GET_api_v1_departments; method and path verified in openapi.yaml; permission confirmed via traceability FR-190.
wave-c.csv:885,AC-2385,AC,MOD-019,Stable error handling for FR-191,resolved,POST_api_v1_departments,POST,/api/v1/departments,Department.Manage,Task.Application.MOD-019.POST_api_v1_departmentsHandler,"SCR-170 Администрирование; SCR-171 Пользователи; SCR-172 Карточка пользователя; SCR-173 Создание/активация пользователя; SCR-174 Block/deactivate user; SCR-175 Отделы; SCR-176 Audit, policy engine, management APIs; SCR-177 Роли и permissions; SCR-178 Audit, policy engine, management APIs; SCR-179 Effective permission diagnostics; SCR-180 Устройства; SCR-181 Sessions и login attempts; SCR-182 Сетевые ресурсы; SCR-183 Settings APIs, Windows settings; SCR-184 Фоновые задания; SCR-185 Резервные копии; SCR-186 Audit; SCR-187 Organization settings / feature flags; SCR-188 Audit, policy engine, management APIs",FLOW-029 Блокировка пользователя; FLOW-030 Изменение permissions,Error handling,implementation_matrix.csv wave-c.csv:885 Source='OpenAPI `POST_api_v1_departments`; Stage_3_Field_Traceability_Final_3.5.csv; cross-cutting requirement ERR-019'; openapi.yaml operationId POST_api_v1_departments = POST /api/v1/departments; traceability 4.5 FR-191 Permission=Department.Manage,Source field of the matrix row confirms operationId POST_api_v1_departments; method and path verified in openapi.yaml; permission confirmed via traceability FR-191.
wave-c.csv:886,AC-2386,AC,MOD-019,Stable error handling for FR-192,resolved,GET_api_v1_departments_tree,GET,/api/v1/departments/tree,Department.Read,Task.Application.MOD-019.GET_api_v1_departments_treeHandler,"SCR-170 Администрирование; SCR-171 Пользователи; SCR-172 Карточка пользователя; SCR-173 Создание/активация пользователя; SCR-174 Block/deactivate user; SCR-175 Отделы; SCR-176 Audit, policy engine, management APIs; SCR-177 Роли и permissions; SCR-178 Audit, policy engine, management APIs; SCR-179 Effective permission diagnostics; SCR-180 Устройства; SCR-181 Sessions и login attempts; SCR-182 Сетевые ресурсы; SCR-183 Settings APIs, Windows settings; SCR-184 Фоновые задания; SCR-185 Резервные копии; SCR-186 Audit; SCR-187 Organization settings / feature flags; SCR-188 Audit, policy engine, management APIs",FLOW-029 Блокировка пользователя; FLOW-030 Изменение permissions,Error handling,implementation_matrix.csv wave-c.csv:886 Source='OpenAPI `GET_api_v1_departments_tree`; Stage_3_Field_Traceability_Final_3.5.csv; cross-cutting requirement ERR-019'; openapi.yaml operationId GET_api_v1_departments_tree = GET /api/v1/departments/tree; traceability 4.5 FR-192 Permission=Department.Read,Source field of the matrix row confirms operationId GET_api_v1_departments_tree; method and path verified in openapi.yaml; permission confirmed via traceability FR-192.
wave-c.csv:887,AC-2387,AC,MOD-019,Stable error handling for FR-193,resolved,DELETE_api_v1_departments_id,DELETE,/api/v1/departments/{id},Department.Manage,Task.Application.MOD-019.DELETE_api_v1_departments_idHandler,"SCR-170 Администрирование; SCR-171 Пользователи; SCR-172 Карточка пользователя; SCR-173 Создание/активация пользователя; SCR-174 Block/deactivate user; SCR-175 Отделы; SCR-176 Audit, policy engine, management APIs; SCR-177 Роли и permissions; SCR-178 Audit, policy engine, management APIs; SCR-179 Effective permission diagnostics; SCR-180 Устройства; SCR-181 Sessions и login attempts; SCR-182 Сетевые ресурсы; SCR-183 Settings APIs, Windows settings; SCR-184 Фоновые задания; SCR-185 Резервные копии; SCR-186 Audit; SCR-187 Organization settings / feature flags; SCR-188 Audit, policy engine, management APIs",FLOW-029 Блокировка пользователя; FLOW-030 Изменение permissions,Error handling,implementation_matrix.csv wave-c.csv:887 Source='OpenAPI `DELETE_api_v1_departments_id`; Stage_3_Field_Traceability_Final_3.5.csv; cross-cutting requirement ERR-019'; openapi.yaml operationId DELETE_api_v1_departments_id = DELETE /api/v1/departments/{id}; traceability 4.5 FR-193 Permission=Department.Manage,Source field of the matrix row confirms operationId DELETE_api_v1_departments_id; method and path verified in openapi.yaml; permission confirmed via traceability FR-193.
wave-c.csv:888,AC-2388,AC,MOD-019,Stable error handling for FR-194,resolved,GET_api_v1_departments_id,GET,/api/v1/departments/{id},Department.Read,Task.Application.MOD-019.GET_api_v1_departments_idHandler,"SCR-170 Администрирование; SCR-171 Пользователи; SCR-172 Карточка пользователя; SCR-173 Создание/активация пользователя; SCR-174 Block/deactivate user; SCR-175 Отделы; SCR-176 Audit, policy engine, management APIs; SCR-177 Роли и permissions; SCR-178 Audit, policy engine, management APIs; SCR-179 Effective permission diagnostics; SCR-180 Устройства; SCR-181 Sessions и login attempts; SCR-182 Сетевые ресурсы; SCR-183 Settings APIs, Windows settings; SCR-184 Фоновые задания; SCR-185 Резервные копии; SCR-186 Audit; SCR-187 Organization settings / feature flags; SCR-188 Audit, policy engine, management APIs",FLOW-029 Блокировка пользователя; FLOW-030 Изменение permissions,Error handling,implementation_matrix.csv wave-c.csv:888 Source='OpenAPI `GET_api_v1_departments_id`; Stage_3_Field_Traceability_Final_3.5.csv; cross-cutting requirement ERR-019'; openapi.yaml operationId GET_api_v1_departments_id = GET /api/v1/departments/{id}; traceability 4.5 FR-194 Permission=Department.Read,Source field of the matrix row confirms operationId GET_api_v1_departments_id; method and path verified in openapi.yaml; permission confirmed via traceability FR-194.
wave-c.csv:889,AC-2389,AC,MOD-019,Stable error handling for FR-195,resolved,PATCH_api_v1_departments_id,PATCH,/api/v1/departments/{id},Department.Manage,Task.Application.MOD-019.PATCH_api_v1_departments_idHandler,"SCR-170 Администрирование; SCR-171 Пользователи; SCR-172 Карточка пользователя; SCR-173 Создание/активация пользователя; SCR-174 Block/deactivate user; SCR-175 Отделы; SCR-176 Audit, policy engine, management APIs; SCR-177 Роли и permissions; SCR-178 Audit, policy engine, management APIs; SCR-179 Effective permission diagnostics; SCR-180 Устройства; SCR-181 Sessions и login attempts; SCR-182 Сетевые ресурсы; SCR-183 Settings APIs, Windows settings; SCR-184 Фоновые задания; SCR-185 Резервные копии; SCR-186 Audit; SCR-187 Organization settings / feature flags; SCR-188 Audit, policy engine, management APIs",FLOW-029 Блокировка пользователя; FLOW-030 Изменение permissions,Error handling,implementation_matrix.csv wave-c.csv:889 Source='OpenAPI `PATCH_api_v1_departments_id`; Stage_3_Field_Traceability_Final_3.5.csv; cross-cutting requirement ERR-019'; openapi.yaml operationId PATCH_api_v1_departments_id = PATCH /api/v1/departments/{id}; traceability 4.5 FR-195 Permission=Department.Manage,Source field of the matrix row confirms operationId PATCH_api_v1_departments_id; method and path verified in openapi.yaml; permission confirmed via traceability FR-195.
wave-c.csv:890,AC-2390,AC,MOD-019,Stable error handling for FR-196,resolved,POST_api_v1_departments_id_archive,POST,/api/v1/departments/{id}/archive,Department.Manage,Task.Application.MOD-019.POST_api_v1_departments_id_archiveHandler,"SCR-170 Администрирование; SCR-171 Пользователи; SCR-172 Карточка пользователя; SCR-173 Создание/активация пользователя; SCR-174 Block/deactivate user; SCR-175 Отделы; SCR-176 Audit, policy engine, management APIs; SCR-177 Роли и permissions; SCR-178 Audit, policy engine, management APIs; SCR-179 Effective permission diagnostics; SCR-180 Устройства; SCR-181 Sessions и login attempts; SCR-182 Сетевые ресурсы; SCR-183 Settings APIs, Windows settings; SCR-184 Фоновые задания; SCR-185 Резервные копии; SCR-186 Audit; SCR-187 Organization settings / feature flags; SCR-188 Audit, policy engine, management APIs",FLOW-029 Блокировка пользователя; FLOW-030 Изменение permissions,Error handling,implementation_matrix.csv wave-c.csv:890 Source='OpenAPI `POST_api_v1_departments_id_archive`; Stage_3_Field_Traceability_Final_3.5.csv; cross-cutting requirement ERR-019'; openapi.yaml operationId POST_api_v1_departments_id_archive = POST /api/v1/departments/{id}/archive; traceability 4.5 FR-196 Permission=Department.Manage,Source field of the matrix row confirms operationId POST_api_v1_departments_id_archive; method and path verified in openapi.yaml; permission confirmed via traceability FR-196.
wave-c.csv:891,AC-2391,AC,MOD-019,Stable error handling for FR-197,resolved,PUT_api_v1_departments_id_managers,PUT,/api/v1/departments/{id}/managers,Department.Manage,Task.Application.MOD-019.PUT_api_v1_departments_id_managersHandler,"SCR-170 Администрирование; SCR-171 Пользователи; SCR-172 Карточка пользователя; SCR-173 Создание/активация пользователя; SCR-174 Block/deactivate user; SCR-175 Отделы; SCR-176 Audit, policy engine, management APIs; SCR-177 Роли и permissions; SCR-178 Audit, policy engine, management APIs; SCR-179 Effective permission diagnostics; SCR-180 Устройства; SCR-181 Sessions и login attempts; SCR-182 Сетевые ресурсы; SCR-183 Settings APIs, Windows settings; SCR-184 Фоновые задания; SCR-185 Резервные копии; SCR-186 Audit; SCR-187 Organization settings / feature flags; SCR-188 Audit, policy engine, management APIs",FLOW-029 Блокировка пользователя; FLOW-030 Изменение permissions,Error handling,implementation_matrix.csv wave-c.csv:891 Source='OpenAPI `PUT_api_v1_departments_id_managers`; Stage_3_Field_Traceability_Final_3.5.csv; cross-cutting requirement ERR-019'; openapi.yaml operationId PUT_api_v1_departments_id_managers = PUT /api/v1/departments/{id}/managers; traceability 4.5 FR-197 Permission=Department.Manage,Source field of the matrix row confirms operationId PUT_api_v1_departments_id_managers; method and path verified in openapi.yaml; permission confirmed via traceability FR-197.
wave-c.csv:892,AC-2392,AC,MOD-019,Stable error handling for FR-198,resolved,POST_api_v1_departments_id_restore,POST,/api/v1/departments/{id}/restore,Department.Manage,Task.Application.MOD-019.POST_api_v1_departments_id_restoreHandler,"SCR-170 Администрирование; SCR-171 Пользователи; SCR-172 Карточка пользователя; SCR-173 Создание/активация пользователя; SCR-174 Block/deactivate user; SCR-175 Отделы; SCR-176 Audit, policy engine, management APIs; SCR-177 Роли и permissions; SCR-178 Audit, policy engine, management APIs; SCR-179 Effective permission diagnostics; SCR-180 Устройства; SCR-181 Sessions и login attempts; SCR-182 Сетевые ресурсы; SCR-183 Settings APIs, Windows settings; SCR-184 Фоновые задания; SCR-185 Резервные копии; SCR-186 Audit; SCR-187 Organization settings / feature flags; SCR-188 Audit, policy engine, management APIs",FLOW-029 Блокировка пользователя; FLOW-030 Изменение permissions,Error handling,implementation_matrix.csv wave-c.csv:892 Source='OpenAPI `POST_api_v1_departments_id_restore`; Stage_3_Field_Traceability_Final_3.5.csv; cross-cutting requirement ERR-019'; openapi.yaml operationId POST_api_v1_departments_id_restore = POST /api/v1/departments/{id}/restore; traceability 4.5 FR-198 Permission=Department.Manage,Source field of the matrix row confirms operationId POST_api_v1_departments_id_restore; method and path verified in openapi.yaml; permission confirmed via traceability FR-198.
wave-c.csv:893,AC-2393,AC,MOD-019,Stable error handling for FR-199,resolved,POST_api_v1_departments_id_unarchive,POST,/api/v1/departments/{id}/unarchive,Department.Manage,Task.Application.MOD-019.POST_api_v1_departments_id_unarchiveHandler,"SCR-170 Администрирование; SCR-171 Пользователи; SCR-172 Карточка пользователя; SCR-173 Создание/активация пользователя; SCR-174 Block/deactivate user; SCR-175 Отделы; SCR-176 Audit, policy engine, management APIs; SCR-177 Роли и permissions; SCR-178 Audit, policy engine, management APIs; SCR-179 Effective permission diagnostics; SCR-180 Устройства; SCR-181 Sessions и login attempts; SCR-182 Сетевые ресурсы; SCR-183 Settings APIs, Windows settings; SCR-184 Фоновые задания; SCR-185 Резервные копии; SCR-186 Audit; SCR-187 Organization settings / feature flags; SCR-188 Audit, policy engine, management APIs",FLOW-029 Блокировка пользователя; FLOW-030 Изменение permissions,Error handling,implementation_matrix.csv wave-c.csv:893 Source='OpenAPI `POST_api_v1_departments_id_unarchive`; Stage_3_Field_Traceability_Final_3.5.csv; cross-cutting requirement ERR-019'; openapi.yaml operationId POST_api_v1_departments_id_unarchive = POST /api/v1/departments/{id}/unarchive; traceability 4.5 FR-199 Permission=Department.Manage,Source field of the matrix row confirms operationId POST_api_v1_departments_id_unarchive; method and path verified in openapi.yaml; permission confirmed via traceability FR-199.
wave-c.csv:894,AC-2394,AC,MOD-019,Stable error handling for FR-200,resolved,GET_api_v1_devices,GET,/api/v1/devices,Device.ReadOwnOrAll,Task.Application.MOD-019.GET_api_v1_devicesHandler,"SCR-170 Администрирование; SCR-171 Пользователи; SCR-172 Карточка пользователя; SCR-173 Создание/активация пользователя; SCR-174 Block/deactivate user; SCR-175 Отделы; SCR-176 Audit, policy engine, management APIs; SCR-177 Роли и permissions; SCR-178 Audit, policy engine, management APIs; SCR-179 Effective permission diagnostics; SCR-180 Устройства; SCR-181 Sessions и login attempts; SCR-182 Сетевые ресурсы; SCR-183 Settings APIs, Windows settings; SCR-184 Фоновые задания; SCR-185 Резервные копии; SCR-186 Audit; SCR-187 Organization settings / feature flags; SCR-188 Audit, policy engine, management APIs",FLOW-029 Блокировка пользователя; FLOW-030 Изменение permissions,Error handling,implementation_matrix.csv wave-c.csv:894 Source='OpenAPI `GET_api_v1_devices`; Stage_3_Field_Traceability_Final_3.5.csv; cross-cutting requirement ERR-019'; openapi.yaml operationId GET_api_v1_devices = GET /api/v1/devices; traceability 4.5 FR-200 Permission=Device.ReadOwnOrAll,Source field of the matrix row confirms operationId GET_api_v1_devices; method and path verified in openapi.yaml; permission confirmed via traceability FR-200.
wave-c.csv:895,AC-2395,AC,MOD-019,Stable error handling for FR-201,resolved,GET_api_v1_devices_id,GET,/api/v1/devices/{id},Device.ReadOwnOrAll,Task.Application.MOD-019.GET_api_v1_devices_idHandler,"SCR-170 Администрирование; SCR-171 Пользователи; SCR-172 Карточка пользователя; SCR-173 Создание/активация пользователя; SCR-174 Block/deactivate user; SCR-175 Отделы; SCR-176 Audit, policy engine, management APIs; SCR-177 Роли и permissions; SCR-178 Audit, policy engine, management APIs; SCR-179 Effective permission diagnostics; SCR-180 Устройства; SCR-181 Sessions и login attempts; SCR-182 Сетевые ресурсы; SCR-183 Settings APIs, Windows settings; SCR-184 Фоновые задания; SCR-185 Резервные копии; SCR-186 Audit; SCR-187 Organization settings / feature flags; SCR-188 Audit, policy engine, management APIs",FLOW-029 Блокировка пользователя; FLOW-030 Изменение permissions,Error handling,implementation_matrix.csv wave-c.csv:895 Source='OpenAPI `GET_api_v1_devices_id`; Stage_3_Field_Traceability_Final_3.5.csv; cross-cutting requirement ERR-019'; openapi.yaml operationId GET_api_v1_devices_id = GET /api/v1/devices/{id}; traceability 4.5 FR-201 Permission=Device.ReadOwnOrAll,Source field of the matrix row confirms operationId GET_api_v1_devices_id; method and path verified in openapi.yaml; permission confirmed via traceability FR-201.
wave-c.csv:896,AC-2396,AC,MOD-019,Stable error handling for FR-202,resolved,PATCH_api_v1_devices_id,PATCH,/api/v1/devices/{id},Device.UpdateOwnOrAll,Task.Application.MOD-019.PATCH_api_v1_devices_idHandler,"SCR-170 Администрирование; SCR-171 Пользователи; SCR-172 Карточка пользователя; SCR-173 Создание/активация пользователя; SCR-174 Block/deactivate user; SCR-175 Отделы; SCR-176 Audit, policy engine, management APIs; SCR-177 Роли и permissions; SCR-178 Audit, policy engine, management APIs; SCR-179 Effective permission diagnostics; SCR-180 Устройства; SCR-181 Sessions и login attempts; SCR-182 Сетевые ресурсы; SCR-183 Settings APIs, Windows settings; SCR-184 Фоновые задания; SCR-185 Резервные копии; SCR-186 Audit; SCR-187 Organization settings / feature flags; SCR-188 Audit, policy engine, management APIs",FLOW-029 Блокировка пользователя; FLOW-030 Изменение permissions,Error handling,implementation_matrix.csv wave-c.csv:896 Source='OpenAPI `PATCH_api_v1_devices_id`; Stage_3_Field_Traceability_Final_3.5.csv; cross-cutting requirement ERR-019'; openapi.yaml operationId PATCH_api_v1_devices_id = PATCH /api/v1/devices/{id}; traceability 4.5 FR-202 Permission=Device.UpdateOwnOrAll,Source field of the matrix row confirms operationId PATCH_api_v1_devices_id; method and path verified in openapi.yaml; permission confirmed via traceability FR-202.
wave-c.csv:897,AC-2397,AC,MOD-019,Stable error handling for FR-203,resolved,POST_api_v1_devices_id_heartbeat,POST,/api/v1/devices/{id}/heartbeat,Authenticated,Task.Application.MOD-019.POST_api_v1_devices_id_heartbeatHandler,"SCR-170 Администрирование; SCR-171 Пользователи; SCR-172 Карточка пользователя; SCR-173 Создание/активация пользователя; SCR-174 Block/deactivate user; SCR-175 Отделы; SCR-176 Audit, policy engine, management APIs; SCR-177 Роли и permissions; SCR-178 Audit, policy engine, management APIs; SCR-179 Effective permission diagnostics; SCR-180 Устройства; SCR-181 Sessions и login attempts; SCR-182 Сетевые ресурсы; SCR-183 Settings APIs, Windows settings; SCR-184 Фоновые задания; SCR-185 Резервные копии; SCR-186 Audit; SCR-187 Organization settings / feature flags; SCR-188 Audit, policy engine, management APIs",FLOW-029 Блокировка пользователя; FLOW-030 Изменение permissions,Error handling,implementation_matrix.csv wave-c.csv:897 Source='OpenAPI `POST_api_v1_devices_id_heartbeat`; Stage_3_Field_Traceability_Final_3.5.csv; cross-cutting requirement ERR-019'; openapi.yaml operationId POST_api_v1_devices_id_heartbeat = POST /api/v1/devices/{id}/heartbeat; traceability 4.5 FR-203 Permission=Authenticated,Source field of the matrix row confirms operationId POST_api_v1_devices_id_heartbeat; method and path verified in openapi.yaml; permission confirmed via traceability FR-203.
wave-c.csv:898,AC-2398,AC,MOD-019,Stable error handling for FR-204,resolved,POST_api_v1_devices_id_revoke,POST,/api/v1/devices/{id}/revoke,Device.Revoke,Task.Application.MOD-019.POST_api_v1_devices_id_revokeHandler,"SCR-170 Администрирование; SCR-171 Пользователи; SCR-172 Карточка пользователя; SCR-173 Создание/активация пользователя; SCR-174 Block/deactivate user; SCR-175 Отделы; SCR-176 Audit, policy engine, management APIs; SCR-177 Роли и permissions; SCR-178 Audit, policy engine, management APIs; SCR-179 Effective permission diagnostics; SCR-180 Устройства; SCR-181 Sessions и login attempts; SCR-182 Сетевые ресурсы; SCR-183 Settings APIs, Windows settings; SCR-184 Фоновые задания; SCR-185 Резервные копии; SCR-186 Audit; SCR-187 Organization settings / feature flags; SCR-188 Audit, policy engine, management APIs",FLOW-029 Блокировка пользователя; FLOW-030 Изменение permissions,Error handling,implementation_matrix.csv wave-c.csv:898 Source='OpenAPI `POST_api_v1_devices_id_revoke`; Stage_3_Field_Traceability_Final_3.5.csv; cross-cutting requirement ERR-019'; openapi.yaml operationId POST_api_v1_devices_id_revoke = POST /api/v1/devices/{id}/revoke; traceability 4.5 FR-204 Permission=Device.Revoke,Source field of the matrix row confirms operationId POST_api_v1_devices_id_revoke; method and path verified in openapi.yaml; permission confirmed via traceability FR-204.
wave-c.csv:899,AC-2399,AC,MOD-019,Stable error handling for FR-205,resolved,GET_api_v1_network_resources,GET,/api/v1/network-resources,FileCatalog.Read,Task.Application.MOD-019.GET_api_v1_network_resourcesHandler,"SCR-170 Администрирование; SCR-171 Пользователи; SCR-172 Карточка пользователя; SCR-173 Создание/активация пользователя; SCR-174 Block/deactivate user; SCR-175 Отделы; SCR-176 Audit, policy engine, management APIs; SCR-177 Роли и permissions; SCR-178 Audit, policy engine, management APIs; SCR-179 Effective permission diagnostics; SCR-180 Устройства; SCR-181 Sessions и login attempts; SCR-182 Сетевые ресурсы; SCR-183 Settings APIs, Windows settings; SCR-184 Фоновые задания; SCR-185 Резервные копии; SCR-186 Audit; SCR-187 Organization settings / feature flags; SCR-188 Audit, policy engine, management APIs",FLOW-029 Блокировка пользователя; FLOW-030 Изменение permissions,Error handling,implementation_matrix.csv wave-c.csv:899 Source='OpenAPI `GET_api_v1_network_resources`; Stage_3_Field_Traceability_Final_3.5.csv; cross-cutting requirement ERR-019'; openapi.yaml operationId GET_api_v1_network_resources = GET /api/v1/network-resources; traceability 4.5 FR-205 Permission=FileCatalog.Read,Source field of the matrix row confirms operationId GET_api_v1_network_resources; method and path verified in openapi.yaml; permission confirmed via traceability FR-205.
wave-c.csv:900,AC-2400,AC,MOD-019,Stable error handling for FR-206,resolved,POST_api_v1_network_resources,POST,/api/v1/network-resources,NetworkResource.Manage,Task.Application.MOD-019.POST_api_v1_network_resourcesHandler,"SCR-170 Администрирование; SCR-171 Пользователи; SCR-172 Карточка пользователя; SCR-173 Создание/активация пользователя; SCR-174 Block/deactivate user; SCR-175 Отделы; SCR-176 Audit, policy engine, management APIs; SCR-177 Роли и permissions; SCR-178 Audit, policy engine, management APIs; SCR-179 Effective permission diagnostics; SCR-180 Устройства; SCR-181 Sessions и login attempts; SCR-182 Сетевые ресурсы; SCR-183 Settings APIs, Windows settings; SCR-184 Фоновые задания; SCR-185 Резервные копии; SCR-186 Audit; SCR-187 Organization settings / feature flags; SCR-188 Audit, policy engine, management APIs",FLOW-029 Блокировка пользователя; FLOW-030 Изменение permissions,Error handling,implementation_matrix.csv wave-c.csv:900 Source='OpenAPI `POST_api_v1_network_resources`; Stage_3_Field_Traceability_Final_3.5.csv; cross-cutting requirement ERR-019'; openapi.yaml operationId POST_api_v1_network_resources = POST /api/v1/network-resources; traceability 4.5 FR-206 Permission=NetworkResource.Manage,Source field of the matrix row confirms operationId POST_api_v1_network_resources; method and path verified in openapi.yaml; permission confirmed via traceability FR-206.
wave-c.csv:901,AC-2401,AC,MOD-019,Stable error handling for FR-207,resolved,PATCH_api_v1_network_resources_id,PATCH,/api/v1/network-resources/{id},NetworkResource.Manage,Task.Application.MOD-019.PATCH_api_v1_network_resources_idHandler,"SCR-170 Администрирование; SCR-171 Пользователи; SCR-172 Карточка пользователя; SCR-173 Создание/активация пользователя; SCR-174 Block/deactivate user; SCR-175 Отделы; SCR-176 Audit, policy engine, management APIs; SCR-177 Роли и permissions; SCR-178 Audit, policy engine, management APIs; SCR-179 Effective permission diagnostics; SCR-180 Устройства; SCR-181 Sessions и login attempts; SCR-182 Сетевые ресурсы; SCR-183 Settings APIs, Windows settings; SCR-184 Фоновые задания; SCR-185 Резервные копии; SCR-186 Audit; SCR-187 Organization settings / feature flags; SCR-188 Audit, policy engine, management APIs",FLOW-029 Блокировка пользователя; FLOW-030 Изменение permissions,Error handling,implementation_matrix.csv wave-c.csv:901 Source='OpenAPI `PATCH_api_v1_network_resources_id`; Stage_3_Field_Traceability_Final_3.5.csv; cross-cutting requirement ERR-019'; openapi.yaml operationId PATCH_api_v1_network_resources_id = PATCH /api/v1/network-resources/{id}; traceability 4.5 FR-207 Permission=NetworkResource.Manage,Source field of the matrix row confirms operationId PATCH_api_v1_network_resources_id; method and path verified in openapi.yaml; permission confirmed via traceability FR-207.
wave-c.csv:902,AC-2402,AC,MOD-019,Stable error handling for FR-208,resolved,POST_api_v1_network_resources_id_probe,POST,/api/v1/network-resources/{id}/probe,NetworkResource.Manage,Task.Application.MOD-019.POST_api_v1_network_resources_id_probeHandler,"SCR-170 Администрирование; SCR-171 Пользователи; SCR-172 Карточка пользователя; SCR-173 Создание/активация пользователя; SCR-174 Block/deactivate user; SCR-175 Отделы; SCR-176 Audit, policy engine, management APIs; SCR-177 Роли и permissions; SCR-178 Audit, policy engine, management APIs; SCR-179 Effective permission diagnostics; SCR-180 Устройства; SCR-181 Sessions и login attempts; SCR-182 Сетевые ресурсы; SCR-183 Settings APIs, Windows settings; SCR-184 Фоновые задания; SCR-185 Резервные копии; SCR-186 Audit; SCR-187 Organization settings / feature flags; SCR-188 Audit, policy engine, management APIs",FLOW-029 Блокировка пользователя; FLOW-030 Изменение permissions,Error handling,implementation_matrix.csv wave-c.csv:902 Source='OpenAPI `POST_api_v1_network_resources_id_probe`; Stage_3_Field_Traceability_Final_3.5.csv; cross-cutting requirement ERR-019'; openapi.yaml operationId POST_api_v1_network_resources_id_probe = POST /api/v1/network-resources/{id}/probe; traceability 4.5 FR-208 Permission=NetworkResource.Manage,Source field of the matrix row confirms operationId POST_api_v1_network_resources_id_probe; method and path verified in openapi.yaml; permission confirmed via traceability FR-208.
wave-c.csv:903,AC-2403,AC,MOD-019,Stable error handling for FR-209,resolved,GET_health_details,GET,/health/details,System.HealthRead,Task.Application.MOD-019.GET_health_detailsHandler,"SCR-170 Администрирование; SCR-171 Пользователи; SCR-172 Карточка пользователя; SCR-173 Создание/активация пользователя; SCR-174 Block/deactivate user; SCR-175 Отделы; SCR-176 Audit, policy engine, management APIs; SCR-177 Роли и permissions; SCR-178 Audit, policy engine, management APIs; SCR-179 Effective permission diagnostics; SCR-180 Устройства; SCR-181 Sessions и login attempts; SCR-182 Сетевые ресурсы; SCR-183 Settings APIs, Windows settings; SCR-184 Фоновые задания; SCR-185 Резервные копии; SCR-186 Audit; SCR-187 Organization settings / feature flags; SCR-188 Audit, policy engine, management APIs",FLOW-029 Блокировка пользователя; FLOW-030 Изменение permissions,Error handling,implementation_matrix.csv wave-c.csv:903 Source='OpenAPI `GET_health_details`; Stage_3_Field_Traceability_Final_3.5.csv; cross-cutting requirement ERR-019'; openapi.yaml operationId GET_health_details = GET /health/details; traceability 4.5 FR-209 Permission=System.HealthRead,Source field of the matrix row confirms operationId GET_health_details; method and path verified in openapi.yaml; permission confirmed via traceability FR-209.
wave-c.csv:904,AC-2404,AC,MOD-019,Stable error handling for FR-210,resolved,GET_api_v1_permissions,GET,/api/v1/permissions,Role.Read,Task.Application.MOD-019.GET_api_v1_permissionsHandler,"SCR-170 Администрирование; SCR-171 Пользователи; SCR-172 Карточка пользователя; SCR-173 Создание/активация пользователя; SCR-174 Block/deactivate user; SCR-175 Отделы; SCR-176 Audit, policy engine, management APIs; SCR-177 Роли и permissions; SCR-178 Audit, policy engine, management APIs; SCR-179 Effective permission diagnostics; SCR-180 Устройства; SCR-181 Sessions и login attempts; SCR-182 Сетевые ресурсы; SCR-183 Settings APIs, Windows settings; SCR-184 Фоновые задания; SCR-185 Резервные копии; SCR-186 Audit; SCR-187 Organization settings / feature flags; SCR-188 Audit, policy engine, management APIs",FLOW-029 Блокировка пользователя; FLOW-030 Изменение permissions,Error handling,implementation_matrix.csv wave-c.csv:904 Source='OpenAPI `GET_api_v1_permissions`; Stage_3_Field_Traceability_Final_3.5.csv; cross-cutting requirement ERR-019'; openapi.yaml operationId GET_api_v1_permissions = GET /api/v1/permissions; traceability 4.5 FR-210 Permission=Role.Read,Source field of the matrix row confirms operationId GET_api_v1_permissions; method and path verified in openapi.yaml; permission confirmed via traceability FR-210.
wave-c.csv:905,AC-2405,AC,MOD-019,Stable error handling for FR-211,resolved,GET_api_v1_project_roles,GET,/api/v1/project-roles,Project.Read,Task.Application.MOD-019.GET_api_v1_project_rolesHandler,"SCR-170 Администрирование; SCR-171 Пользователи; SCR-172 Карточка пользователя; SCR-173 Создание/активация пользователя; SCR-174 Block/deactivate user; SCR-175 Отделы; SCR-176 Audit, policy engine, management APIs; SCR-177 Роли и permissions; SCR-178 Audit, policy engine, management APIs; SCR-179 Effective permission diagnostics; SCR-180 Устройства; SCR-181 Sessions и login attempts; SCR-182 Сетевые ресурсы; SCR-183 Settings APIs, Windows settings; SCR-184 Фоновые задания; SCR-185 Резервные копии; SCR-186 Audit; SCR-187 Organization settings / feature flags; SCR-188 Audit, policy engine, management APIs",FLOW-029 Блокировка пользователя; FLOW-030 Изменение permissions,Error handling,implementation_matrix.csv wave-c.csv:905 Source='OpenAPI `GET_api_v1_project_roles`; Stage_3_Field_Traceability_Final_3.5.csv; cross-cutting requirement ERR-019'; openapi.yaml operationId GET_api_v1_project_roles = GET /api/v1/project-roles; traceability 4.5 FR-211 Permission=Project.Read,Source field of the matrix row confirms operationId GET_api_v1_project_roles; method and path verified in openapi.yaml; permission confirmed via traceability FR-211.
wave-c.csv:906,AC-2406,AC,MOD-019,Stable error handling for FR-212,resolved,PUT_api_v1_project_roles_id_permissions,PUT,/api/v1/project-roles/{id}/permissions,Role.Manage,Task.Application.MOD-019.PUT_api_v1_project_roles_id_permissionsHandler,"SCR-170 Администрирование; SCR-171 Пользователи; SCR-172 Карточка пользователя; SCR-173 Создание/активация пользователя; SCR-174 Block/deactivate user; SCR-175 Отделы; SCR-176 Audit, policy engine, management APIs; SCR-177 Роли и permissions; SCR-178 Audit, policy engine, management APIs; SCR-179 Effective permission diagnostics; SCR-180 Устройства; SCR-181 Sessions и login attempts; SCR-182 Сетевые ресурсы; SCR-183 Settings APIs, Windows settings; SCR-184 Фоновые задания; SCR-185 Резервные копии; SCR-186 Audit; SCR-187 Organization settings / feature flags; SCR-188 Audit, policy engine, management APIs",FLOW-029 Блокировка пользователя; FLOW-030 Изменение permissions,Error handling,implementation_matrix.csv wave-c.csv:906 Source='OpenAPI `PUT_api_v1_project_roles_id_permissions`; Stage_3_Field_Traceability_Final_3.5.csv; cross-cutting requirement ERR-019'; openapi.yaml operationId PUT_api_v1_project_roles_id_permissions = PUT /api/v1/project-roles/{id}/permissions; traceability 4.5 FR-212 Permission=Role.Manage,Source field of the matrix row confirms operationId PUT_api_v1_project_roles_id_permissions; method and path verified in openapi.yaml; permission confirmed via traceability FR-212.
wave-c.csv:907,AC-2407,AC,MOD-019,Stable error handling for FR-213,resolved,GET_api_v1_roles,GET,/api/v1/roles,Role.Read,Task.Application.MOD-019.GET_api_v1_rolesHandler,"SCR-170 Администрирование; SCR-171 Пользователи; SCR-172 Карточка пользователя; SCR-173 Создание/активация пользователя; SCR-174 Block/deactivate user; SCR-175 Отделы; SCR-176 Audit, policy engine, management APIs; SCR-177 Роли и permissions; SCR-178 Audit, policy engine, management APIs; SCR-179 Effective permission diagnostics; SCR-180 Устройства; SCR-181 Sessions и login attempts; SCR-182 Сетевые ресурсы; SCR-183 Settings APIs, Windows settings; SCR-184 Фоновые задания; SCR-185 Резервные копии; SCR-186 Audit; SCR-187 Organization settings / feature flags; SCR-188 Audit, policy engine, management APIs",FLOW-029 Блокировка пользователя; FLOW-030 Изменение permissions,Error handling,implementation_matrix.csv wave-c.csv:907 Source='OpenAPI `GET_api_v1_roles`; Stage_3_Field_Traceability_Final_3.5.csv; cross-cutting requirement ERR-019'; openapi.yaml operationId GET_api_v1_roles = GET /api/v1/roles; traceability 4.5 FR-213 Permission=Role.Read,Source field of the matrix row confirms operationId GET_api_v1_roles; method and path verified in openapi.yaml; permission confirmed via traceability FR-213.
wave-c.csv:908,AC-2408,AC,MOD-019,Stable error handling for FR-214,resolved,POST_api_v1_roles,POST,/api/v1/roles,Role.Manage,Task.Application.MOD-019.POST_api_v1_rolesHandler,"SCR-170 Администрирование; SCR-171 Пользователи; SCR-172 Карточка пользователя; SCR-173 Создание/активация пользователя; SCR-174 Block/deactivate user; SCR-175 Отделы; SCR-176 Audit, policy engine, management APIs; SCR-177 Роли и permissions; SCR-178 Audit, policy engine, management APIs; SCR-179 Effective permission diagnostics; SCR-180 Устройства; SCR-181 Sessions и login attempts; SCR-182 Сетевые ресурсы; SCR-183 Settings APIs, Windows settings; SCR-184 Фоновые задания; SCR-185 Резервные копии; SCR-186 Audit; SCR-187 Organization settings / feature flags; SCR-188 Audit, policy engine, management APIs",FLOW-029 Блокировка пользователя; FLOW-030 Изменение permissions,Error handling,implementation_matrix.csv wave-c.csv:908 Source='OpenAPI `POST_api_v1_roles`; Stage_3_Field_Traceability_Final_3.5.csv; cross-cutting requirement ERR-019'; openapi.yaml operationId POST_api_v1_roles = POST /api/v1/roles; traceability 4.5 FR-214 Permission=Role.Manage,Source field of the matrix row confirms operationId POST_api_v1_roles; method and path verified in openapi.yaml; permission confirmed via traceability FR-214.
wave-c.csv:909,AC-2409,AC,MOD-019,Stable error handling for FR-215,resolved,DELETE_api_v1_roles_id,DELETE,/api/v1/roles/{id},Role.Manage,Task.Application.MOD-019.DELETE_api_v1_roles_idHandler,"SCR-170 Администрирование; SCR-171 Пользователи; SCR-172 Карточка пользователя; SCR-173 Создание/активация пользователя; SCR-174 Block/deactivate user; SCR-175 Отделы; SCR-176 Audit, policy engine, management APIs; SCR-177 Роли и permissions; SCR-178 Audit, policy engine, management APIs; SCR-179 Effective permission diagnostics; SCR-180 Устройства; SCR-181 Sessions и login attempts; SCR-182 Сетевые ресурсы; SCR-183 Settings APIs, Windows settings; SCR-184 Фоновые задания; SCR-185 Резервные копии; SCR-186 Audit; SCR-187 Organization settings / feature flags; SCR-188 Audit, policy engine, management APIs",FLOW-029 Блокировка пользователя; FLOW-030 Изменение permissions,Error handling,implementation_matrix.csv wave-c.csv:909 Source='OpenAPI `DELETE_api_v1_roles_id`; Stage_3_Field_Traceability_Final_3.5.csv; cross-cutting requirement ERR-019'; openapi.yaml operationId DELETE_api_v1_roles_id = DELETE /api/v1/roles/{id}; traceability 4.5 FR-215 Permission=Role.Manage,Source field of the matrix row confirms operationId DELETE_api_v1_roles_id; method and path verified in openapi.yaml; permission confirmed via traceability FR-215.
wave-c.csv:910,AC-2410,AC,MOD-019,Stable error handling for FR-216,resolved,GET_api_v1_roles_id,GET,/api/v1/roles/{id},Role.Read,Task.Application.MOD-019.GET_api_v1_roles_idHandler,"SCR-170 Администрирование; SCR-171 Пользователи; SCR-172 Карточка пользователя; SCR-173 Создание/активация пользователя; SCR-174 Block/deactivate user; SCR-175 Отделы; SCR-176 Audit, policy engine, management APIs; SCR-177 Роли и permissions; SCR-178 Audit, policy engine, management APIs; SCR-179 Effective permission diagnostics; SCR-180 Устройства; SCR-181 Sessions и login attempts; SCR-182 Сетевые ресурсы; SCR-183 Settings APIs, Windows settings; SCR-184 Фоновые задания; SCR-185 Резервные копии; SCR-186 Audit; SCR-187 Organization settings / feature flags; SCR-188 Audit, policy engine, management APIs",FLOW-029 Блокировка пользователя; FLOW-030 Изменение permissions,Error handling,implementation_matrix.csv wave-c.csv:910 Source='OpenAPI `GET_api_v1_roles_id`; Stage_3_Field_Traceability_Final_3.5.csv; cross-cutting requirement ERR-019'; openapi.yaml operationId GET_api_v1_roles_id = GET /api/v1/roles/{id}; traceability 4.5 FR-216 Permission=Role.Read,Source field of the matrix row confirms operationId GET_api_v1_roles_id; method and path verified in openapi.yaml; permission confirmed via traceability FR-216.
wave-c.csv:911,AC-2411,AC,MOD-019,Stable error handling for FR-217,resolved,PATCH_api_v1_roles_id,PATCH,/api/v1/roles/{id},Role.Manage,Task.Application.MOD-019.PATCH_api_v1_roles_idHandler,"SCR-170 Администрирование; SCR-171 Пользователи; SCR-172 Карточка пользователя; SCR-173 Создание/активация пользователя; SCR-174 Block/deactivate user; SCR-175 Отделы; SCR-176 Audit, policy engine, management APIs; SCR-177 Роли и permissions; SCR-178 Audit, policy engine, management APIs; SCR-179 Effective permission diagnostics; SCR-180 Устройства; SCR-181 Sessions и login attempts; SCR-182 Сетевые ресурсы; SCR-183 Settings APIs, Windows settings; SCR-184 Фоновые задания; SCR-185 Резервные копии; SCR-186 Audit; SCR-187 Organization settings / feature flags; SCR-188 Audit, policy engine, management APIs",FLOW-029 Блокировка пользователя; FLOW-030 Изменение permissions,Error handling,implementation_matrix.csv wave-c.csv:911 Source='OpenAPI `PATCH_api_v1_roles_id`; Stage_3_Field_Traceability_Final_3.5.csv; cross-cutting requirement ERR-019'; openapi.yaml operationId PATCH_api_v1_roles_id = PATCH /api/v1/roles/{id}; traceability 4.5 FR-217 Permission=Role.Manage,Source field of the matrix row confirms operationId PATCH_api_v1_roles_id; method and path verified in openapi.yaml; permission confirmed via traceability FR-217.
wave-c.csv:912,AC-2412,AC,MOD-019,Stable error handling for FR-218,resolved,POST_api_v1_roles_id_activate,POST,/api/v1/roles/{id}/activate,Role.Manage,Task.Application.MOD-019.POST_api_v1_roles_id_activateHandler,"SCR-170 Администрирование; SCR-171 Пользователи; SCR-172 Карточка пользователя; SCR-173 Создание/активация пользователя; SCR-174 Block/deactivate user; SCR-175 Отделы; SCR-176 Audit, policy engine, management APIs; SCR-177 Роли и permissions; SCR-178 Audit, policy engine, management APIs; SCR-179 Effective permission diagnostics; SCR-180 Устройства; SCR-181 Sessions и login attempts; SCR-182 Сетевые ресурсы; SCR-183 Settings APIs, Windows settings; SCR-184 Фоновые задания; SCR-185 Резервные копии; SCR-186 Audit; SCR-187 Organization settings / feature flags; SCR-188 Audit, policy engine, management APIs",FLOW-029 Блокировка пользователя; FLOW-030 Изменение permissions,Error handling,implementation_matrix.csv wave-c.csv:912 Source='OpenAPI `POST_api_v1_roles_id_activate`; Stage_3_Field_Traceability_Final_3.5.csv; cross-cutting requirement ERR-019'; openapi.yaml operationId POST_api_v1_roles_id_activate = POST /api/v1/roles/{id}/activate; traceability 4.5 FR-218 Permission=Role.Manage,Source field of the matrix row confirms operationId POST_api_v1_roles_id_activate; method and path verified in openapi.yaml; permission confirmed via traceability FR-218.
wave-c.csv:913,AC-2413,AC,MOD-019,Stable error handling for FR-219,resolved,PUT_api_v1_roles_id_permissions,PUT,/api/v1/roles/{id}/permissions,Role.Manage,Task.Application.MOD-019.PUT_api_v1_roles_id_permissionsHandler,"SCR-170 Администрирование; SCR-171 Пользователи; SCR-172 Карточка пользователя; SCR-173 Создание/активация пользователя; SCR-174 Block/deactivate user; SCR-175 Отделы; SCR-176 Audit, policy engine, management APIs; SCR-177 Роли и permissions; SCR-178 Audit, policy engine, management APIs; SCR-179 Effective permission diagnostics; SCR-180 Устройства; SCR-181 Sessions и login attempts; SCR-182 Сетевые ресурсы; SCR-183 Settings APIs, Windows settings; SCR-184 Фоновые задания; SCR-185 Резервные копии; SCR-186 Audit; SCR-187 Organization settings / feature flags; SCR-188 Audit, policy engine, management APIs",FLOW-029 Блокировка пользователя; FLOW-030 Изменение permissions,Error handling,implementation_matrix.csv wave-c.csv:913 Source='OpenAPI `PUT_api_v1_roles_id_permissions`; Stage_3_Field_Traceability_Final_3.5.csv; cross-cutting requirement ERR-019'; openapi.yaml operationId PUT_api_v1_roles_id_permissions = PUT /api/v1/roles/{id}/permissions; traceability 4.5 FR-219 Permission=Role.Manage,Source field of the matrix row confirms operationId PUT_api_v1_roles_id_permissions; method and path verified in openapi.yaml; permission confirmed via traceability FR-219.
wave-c.csv:914,AC-2414,AC,MOD-019,Stable error handling for FR-220,resolved,PUT_api_v1_users_id_roles,PUT,/api/v1/users/{id}/roles,User.ManageRoles,Task.Application.MOD-019.PUT_api_v1_users_id_rolesHandler,"SCR-170 Администрирование; SCR-171 Пользователи; SCR-172 Карточка пользователя; SCR-173 Создание/активация пользователя; SCR-174 Block/deactivate user; SCR-175 Отделы; SCR-176 Audit, policy engine, management APIs; SCR-177 Роли и permissions; SCR-178 Audit, policy engine, management APIs; SCR-179 Effective permission diagnostics; SCR-180 Устройства; SCR-181 Sessions и login attempts; SCR-182 Сетевые ресурсы; SCR-183 Settings APIs, Windows settings; SCR-184 Фоновые задания; SCR-185 Резервные копии; SCR-186 Audit; SCR-187 Organization settings / feature flags; SCR-188 Audit, policy engine, management APIs",FLOW-029 Блокировка пользователя; FLOW-030 Изменение permissions,Error handling,implementation_matrix.csv wave-c.csv:914 Source='OpenAPI `PUT_api_v1_users_id_roles`; Stage_3_Field_Traceability_Final_3.5.csv; cross-cutting requirement ERR-019'; openapi.yaml operationId PUT_api_v1_users_id_roles = PUT /api/v1/users/{id}/roles; traceability 4.5 FR-220 Permission=User.ManageRoles,Source field of the matrix row confirms operationId PUT_api_v1_users_id_roles; method and path verified in openapi.yaml; permission confirmed via traceability FR-220.
wave-c.csv:915,AC-2415,AC,MOD-019,Stable error handling for FR-221,resolved,GET_api_v1_users,GET,/api/v1/users,User.Read,Task.Application.MOD-019.GET_api_v1_usersHandler,"SCR-170 Администрирование; SCR-171 Пользователи; SCR-172 Карточка пользователя; SCR-173 Создание/активация пользователя; SCR-174 Block/deactivate user; SCR-175 Отделы; SCR-176 Audit, policy engine, management APIs; SCR-177 Роли и permissions; SCR-178 Audit, policy engine, management APIs; SCR-179 Effective permission diagnostics; SCR-180 Устройства; SCR-181 Sessions и login attempts; SCR-182 Сетевые ресурсы; SCR-183 Settings APIs, Windows settings; SCR-184 Фоновые задания; SCR-185 Резервные копии; SCR-186 Audit; SCR-187 Organization settings / feature flags; SCR-188 Audit, policy engine, management APIs",FLOW-029 Блокировка пользователя; FLOW-030 Изменение permissions,Error handling,implementation_matrix.csv wave-c.csv:915 Source='OpenAPI `GET_api_v1_users`; Stage_3_Field_Traceability_Final_3.5.csv; cross-cutting requirement ERR-019'; openapi.yaml operationId GET_api_v1_users = GET /api/v1/users; traceability 4.5 FR-221 Permission=User.Read,Source field of the matrix row confirms operationId GET_api_v1_users; method and path verified in openapi.yaml; permission confirmed via traceability FR-221.
wave-c.csv:916,AC-2416,AC,MOD-019,Stable error handling for FR-222,resolved,POST_api_v1_users,POST,/api/v1/users,User.Create,Task.Application.MOD-019.POST_api_v1_usersHandler,"SCR-170 Администрирование; SCR-171 Пользователи; SCR-172 Карточка пользователя; SCR-173 Создание/активация пользователя; SCR-174 Block/deactivate user; SCR-175 Отделы; SCR-176 Audit, policy engine, management APIs; SCR-177 Роли и permissions; SCR-178 Audit, policy engine, management APIs; SCR-179 Effective permission diagnostics; SCR-180 Устройства; SCR-181 Sessions и login attempts; SCR-182 Сетевые ресурсы; SCR-183 Settings APIs, Windows settings; SCR-184 Фоновые задания; SCR-185 Резервные копии; SCR-186 Audit; SCR-187 Organization settings / feature flags; SCR-188 Audit, policy engine, management APIs",FLOW-029 Блокировка пользователя; FLOW-030 Изменение permissions,Error handling,implementation_matrix.csv wave-c.csv:916 Source='OpenAPI `POST_api_v1_users`; Stage_3_Field_Traceability_Final_3.5.csv; cross-cutting requirement ERR-019'; openapi.yaml operationId POST_api_v1_users = POST /api/v1/users; traceability 4.5 FR-222 Permission=User.Create,Source field of the matrix row confirms operationId POST_api_v1_users; method and path verified in openapi.yaml; permission confirmed via traceability FR-222.
wave-c.csv:917,AC-2417,AC,MOD-019,Stable error handling for FR-223,resolved,GET_api_v1_users_id,GET,/api/v1/users/{id},User.Read,Task.Application.MOD-019.GET_api_v1_users_idHandler,"SCR-170 Администрирование; SCR-171 Пользователи; SCR-172 Карточка пользователя; SCR-173 Создание/активация пользователя; SCR-174 Block/deactivate user; SCR-175 Отделы; SCR-176 Audit, policy engine, management APIs; SCR-177 Роли и permissions; SCR-178 Audit, policy engine, management APIs; SCR-179 Effective permission diagnostics; SCR-180 Устройства; SCR-181 Sessions и login attempts; SCR-182 Сетевые ресурсы; SCR-183 Settings APIs, Windows settings; SCR-184 Фоновые задания; SCR-185 Резервные копии; SCR-186 Audit; SCR-187 Organization settings / feature flags; SCR-188 Audit, policy engine, management APIs",FLOW-029 Блокировка пользователя; FLOW-030 Изменение permissions,Error handling,implementation_matrix.csv wave-c.csv:917 Source='OpenAPI `GET_api_v1_users_id`; Stage_3_Field_Traceability_Final_3.5.csv; cross-cutting requirement ERR-019'; openapi.yaml operationId GET_api_v1_users_id = GET /api/v1/users/{id}; traceability 4.5 FR-223 Permission=User.Read,Source field of the matrix row confirms operationId GET_api_v1_users_id; method and path verified in openapi.yaml; permission confirmed via traceability FR-223.
wave-c.csv:918,AC-2418,AC,MOD-019,Stable error handling for FR-224,resolved,PATCH_api_v1_users_id,PATCH,/api/v1/users/{id},User.Update,Task.Application.MOD-019.PATCH_api_v1_users_idHandler,"SCR-170 Администрирование; SCR-171 Пользователи; SCR-172 Карточка пользователя; SCR-173 Создание/активация пользователя; SCR-174 Block/deactivate user; SCR-175 Отделы; SCR-176 Audit, policy engine, management APIs; SCR-177 Роли и permissions; SCR-178 Audit, policy engine, management APIs; SCR-179 Effective permission diagnostics; SCR-180 Устройства; SCR-181 Sessions и login attempts; SCR-182 Сетевые ресурсы; SCR-183 Settings APIs, Windows settings; SCR-184 Фоновые задания; SCR-185 Резервные копии; SCR-186 Audit; SCR-187 Organization settings / feature flags; SCR-188 Audit, policy engine, management APIs",FLOW-029 Блокировка пользователя; FLOW-030 Изменение permissions,Error handling,implementation_matrix.csv wave-c.csv:918 Source='OpenAPI `PATCH_api_v1_users_id`; Stage_3_Field_Traceability_Final_3.5.csv; cross-cutting requirement ERR-019'; openapi.yaml operationId PATCH_api_v1_users_id = PATCH /api/v1/users/{id}; traceability 4.5 FR-224 Permission=User.Update,Source field of the matrix row confirms operationId PATCH_api_v1_users_id; method and path verified in openapi.yaml; permission confirmed via traceability FR-224.
wave-c.csv:919,AC-2419,AC,MOD-019,Stable error handling for FR-225,resolved,POST_api_v1_users_id_activate,POST,/api/v1/users/{id}/activate,User.Create,Task.Application.MOD-019.POST_api_v1_users_id_activateHandler,"SCR-170 Администрирование; SCR-171 Пользователи; SCR-172 Карточка пользователя; SCR-173 Создание/активация пользователя; SCR-174 Block/deactivate user; SCR-175 Отделы; SCR-176 Audit, policy engine, management APIs; SCR-177 Роли и permissions; SCR-178 Audit, policy engine, management APIs; SCR-179 Effective permission diagnostics; SCR-180 Устройства; SCR-181 Sessions и login attempts; SCR-182 Сетевые ресурсы; SCR-183 Settings APIs, Windows settings; SCR-184 Фоновые задания; SCR-185 Резервные копии; SCR-186 Audit; SCR-187 Organization settings / feature flags; SCR-188 Audit, policy engine, management APIs",FLOW-029 Блокировка пользователя; FLOW-030 Изменение permissions,Error handling,implementation_matrix.csv wave-c.csv:919 Source='OpenAPI `POST_api_v1_users_id_activate`; Stage_3_Field_Traceability_Final_3.5.csv; cross-cutting requirement ERR-019'; openapi.yaml operationId POST_api_v1_users_id_activate = POST /api/v1/users/{id}/activate; traceability 4.5 FR-225 Permission=User.Create,Source field of the matrix row confirms operationId POST_api_v1_users_id_activate; method and path verified in openapi.yaml; permission confirmed via traceability FR-225.
wave-c.csv:920,AC-2420,AC,MOD-019,Stable error handling for FR-226,resolved,POST_api_v1_users_id_block,POST,/api/v1/users/{id}/block,User.Block,Task.Application.MOD-019.POST_api_v1_users_id_blockHandler,"SCR-170 Администрирование; SCR-171 Пользователи; SCR-172 Карточка пользователя; SCR-173 Создание/активация пользователя; SCR-174 Block/deactivate user; SCR-175 Отделы; SCR-176 Audit, policy engine, management APIs; SCR-177 Роли и permissions; SCR-178 Audit, policy engine, management APIs; SCR-179 Effective permission diagnostics; SCR-180 Устройства; SCR-181 Sessions и login attempts; SCR-182 Сетевые ресурсы; SCR-183 Settings APIs, Windows settings; SCR-184 Фоновые задания; SCR-185 Резервные копии; SCR-186 Audit; SCR-187 Organization settings / feature flags; SCR-188 Audit, policy engine, management APIs",FLOW-029 Блокировка пользователя; FLOW-030 Изменение permissions,Error handling,implementation_matrix.csv wave-c.csv:920 Source='OpenAPI `POST_api_v1_users_id_block`; Stage_3_Field_Traceability_Final_3.5.csv; cross-cutting requirement ERR-019'; openapi.yaml operationId POST_api_v1_users_id_block = POST /api/v1/users/{id}/block; traceability 4.5 FR-226 Permission=User.Block,Source field of the matrix row confirms operationId POST_api_v1_users_id_block; method and path verified in openapi.yaml; permission confirmed via traceability FR-226.
wave-c.csv:921,AC-2421,AC,MOD-019,Stable error handling for FR-227,resolved,POST_api_v1_users_id_deactivate,POST,/api/v1/users/{id}/deactivate,User.Block,Task.Application.MOD-019.POST_api_v1_users_id_deactivateHandler,"SCR-170 Администрирование; SCR-171 Пользователи; SCR-172 Карточка пользователя; SCR-173 Создание/активация пользователя; SCR-174 Block/deactivate user; SCR-175 Отделы; SCR-176 Audit, policy engine, management APIs; SCR-177 Роли и permissions; SCR-178 Audit, policy engine, management APIs; SCR-179 Effective permission diagnostics; SCR-180 Устройства; SCR-181 Sessions и login attempts; SCR-182 Сетевые ресурсы; SCR-183 Settings APIs, Windows settings; SCR-184 Фоновые задания; SCR-185 Резервные копии; SCR-186 Audit; SCR-187 Organization settings / feature flags; SCR-188 Audit, policy engine, management APIs",FLOW-029 Блокировка пользователя; FLOW-030 Изменение permissions,Error handling,implementation_matrix.csv wave-c.csv:921 Source='OpenAPI `POST_api_v1_users_id_deactivate`; Stage_3_Field_Traceability_Final_3.5.csv; cross-cutting requirement ERR-019'; openapi.yaml operationId POST_api_v1_users_id_deactivate = POST /api/v1/users/{id}/deactivate; traceability 4.5 FR-227 Permission=User.Block,Source field of the matrix row confirms operationId POST_api_v1_users_id_deactivate; method and path verified in openapi.yaml; permission confirmed via traceability FR-227.
wave-c.csv:922,AC-2422,AC,MOD-019,Stable error handling for FR-228,resolved,GET_api_v1_users_id_effective_permissions,GET,/api/v1/users/{id}/effective-permissions,Authorization.Explain,Task.Application.MOD-019.GET_api_v1_users_id_effective_permissionsHandler,"SCR-170 Администрирование; SCR-171 Пользователи; SCR-172 Карточка пользователя; SCR-173 Создание/активация пользователя; SCR-174 Block/deactivate user; SCR-175 Отделы; SCR-176 Audit, policy engine, management APIs; SCR-177 Роли и permissions; SCR-178 Audit, policy engine, management APIs; SCR-179 Effective permission diagnostics; SCR-180 Устройства; SCR-181 Sessions и login attempts; SCR-182 Сетевые ресурсы; SCR-183 Settings APIs, Windows settings; SCR-184 Фоновые задания; SCR-185 Резервные копии; SCR-186 Audit; SCR-187 Organization settings / feature flags; SCR-188 Audit, policy engine, management APIs",FLOW-029 Блокировка пользователя; FLOW-030 Изменение permissions,Error handling,implementation_matrix.csv wave-c.csv:922 Source='OpenAPI `GET_api_v1_users_id_effective_permissions`; Stage_3_Field_Traceability_Final_3.5.csv; cross-cutting requirement ERR-019'; openapi.yaml operationId GET_api_v1_users_id_effective_permissions = GET /api/v1/users/{id}/effective-permissions; traceability 4.5 FR-228 Permission=Authorization.Explain,Source field of the matrix row confirms operationId GET_api_v1_users_id_effective_permissions; method and path verified in openapi.yaml; permission confirmed via traceability FR-228.
wave-c.csv:923,AC-2423,AC,MOD-019,Stable error handling for FR-229,resolved,POST_api_v1_users_id_reactivate,POST,/api/v1/users/{id}/reactivate,User.Block,Task.Application.MOD-019.POST_api_v1_users_id_reactivateHandler,"SCR-170 Администрирование; SCR-171 Пользователи; SCR-172 Карточка пользователя; SCR-173 Создание/активация пользователя; SCR-174 Block/deactivate user; SCR-175 Отделы; SCR-176 Audit, policy engine, management APIs; SCR-177 Роли и permissions; SCR-178 Audit, policy engine, management APIs; SCR-179 Effective permission diagnostics; SCR-180 Устройства; SCR-181 Sessions и login attempts; SCR-182 Сетевые ресурсы; SCR-183 Settings APIs, Windows settings; SCR-184 Фоновые задания; SCR-185 Резервные копии; SCR-186 Audit; SCR-187 Organization settings / feature flags; SCR-188 Audit, policy engine, management APIs",FLOW-029 Блокировка пользователя; FLOW-030 Изменение permissions,Error handling,implementation_matrix.csv wave-c.csv:923 Source='OpenAPI `POST_api_v1_users_id_reactivate`; Stage_3_Field_Traceability_Final_3.5.csv; cross-cutting requirement ERR-019'; openapi.yaml operationId POST_api_v1_users_id_reactivate = POST /api/v1/users/{id}/reactivate; traceability 4.5 FR-229 Permission=User.Block,Source field of the matrix row confirms operationId POST_api_v1_users_id_reactivate; method and path verified in openapi.yaml; permission confirmed via traceability FR-229.
wave-c.csv:924,AC-2424,AC,MOD-019,Stable error handling for FR-230,resolved,POST_api_v1_users_id_unblock,POST,/api/v1/users/{id}/unblock,User.Block,Task.Application.MOD-019.POST_api_v1_users_id_unblockHandler,"SCR-170 Администрирование; SCR-171 Пользователи; SCR-172 Карточка пользователя; SCR-173 Создание/активация пользователя; SCR-174 Block/deactivate user; SCR-175 Отделы; SCR-176 Audit, policy engine, management APIs; SCR-177 Роли и permissions; SCR-178 Audit, policy engine, management APIs; SCR-179 Effective permission diagnostics; SCR-180 Устройства; SCR-181 Sessions и login attempts; SCR-182 Сетевые ресурсы; SCR-183 Settings APIs, Windows settings; SCR-184 Фоновые задания; SCR-185 Резервные копии; SCR-186 Audit; SCR-187 Organization settings / feature flags; SCR-188 Audit, policy engine, management APIs",FLOW-029 Блокировка пользователя; FLOW-030 Изменение permissions,Error handling,implementation_matrix.csv wave-c.csv:924 Source='OpenAPI `POST_api_v1_users_id_unblock`; Stage_3_Field_Traceability_Final_3.5.csv; cross-cutting requirement ERR-019'; openapi.yaml operationId POST_api_v1_users_id_unblock = POST /api/v1/users/{id}/unblock; traceability 4.5 FR-230 Permission=User.Block,Source field of the matrix row confirms operationId POST_api_v1_users_id_unblock; method and path verified in openapi.yaml; permission confirmed via traceability FR-230.
wave-c.csv:925,AC-2425,AC,MOD-019,Stable error handling for FR-265,unresolved,,,,,,"SCR-170 Администрирование; SCR-171 Пользователи; SCR-172 Карточка пользователя; SCR-173 Создание/активация пользователя; SCR-174 Block/deactivate user; SCR-175 Отделы; SCR-176 Audit, policy engine, management APIs; SCR-177 Роли и permissions; SCR-178 Audit, policy engine, management APIs; SCR-179 Effective permission diagnostics; SCR-180 Устройства; SCR-181 Sessions и login attempts; SCR-182 Сетевые ресурсы; SCR-183 Settings APIs, Windows settings; SCR-184 Фоновые задания; SCR-185 Резервные копии; SCR-186 Audit; SCR-187 Organization settings / feature flags; SCR-188 Audit, policy engine, management APIs",FLOW-029 Блокировка пользователя; FLOW-030 Изменение permissions,Error handling,implementation_matrix.csv wave-c.csv:925 title='Stable error handling for FR-265'; traceability 4.5 FR-265 API cell='Desktop-only; использует существующие read/command API при необходимости'.,FR-265 is a Desktop-only/Desktop-behavior requirement with no dedicated server operation; the allowed sources confirm no new server operation for this AC.
wave-c.csv:980,AC-2888,AC,MOD-019,Audit evidence for FR-178,resolved,POST_api_v1_admin_backups,POST,/api/v1/admin/backups,Backup.Execute,Task.Application.MOD-019.POST_api_v1_admin_backupsHandler,"SCR-170 Администрирование; SCR-171 Пользователи; SCR-172 Карточка пользователя; SCR-173 Создание/активация пользователя; SCR-174 Block/deactivate user; SCR-175 Отделы; SCR-176 Audit, policy engine, management APIs; SCR-177 Роли и permissions; SCR-178 Audit, policy engine, management APIs; SCR-179 Effective permission diagnostics; SCR-180 Устройства; SCR-181 Sessions и login attempts; SCR-182 Сетевые ресурсы; SCR-183 Settings APIs, Windows settings; SCR-184 Фоновые задания; SCR-185 Резервные копии; SCR-186 Audit; SCR-187 Organization settings / feature flags; SCR-188 Audit, policy engine, management APIs",FLOW-029 Блокировка пользователя; FLOW-030 Изменение permissions,Audit/security,implementation_matrix.csv wave-c.csv:980 Source='OpenAPI `POST_api_v1_admin_backups`; Stage_3_Field_Traceability_Final_3.5.csv; cross-cutting requirement AUDIT-019'; openapi.yaml operationId POST_api_v1_admin_backups = POST /api/v1/admin/backups; traceability 4.5 FR-178 Permission=Backup.Execute,Source field of the matrix row confirms operationId POST_api_v1_admin_backups; method and path verified in openapi.yaml; permission confirmed via traceability FR-178.
wave-c.csv:981,AC-2889,AC,MOD-019,Audit evidence for FR-179,resolved,POST_api_v1_admin_backups_id_restore,POST,/api/v1/admin/backups/{id}/restore,Backup.Restore,Task.Application.MOD-019.POST_api_v1_admin_backups_id_restoreHandler,"SCR-170 Администрирование; SCR-171 Пользователи; SCR-172 Карточка пользователя; SCR-173 Создание/активация пользователя; SCR-174 Block/deactivate user; SCR-175 Отделы; SCR-176 Audit, policy engine, management APIs; SCR-177 Роли и permissions; SCR-178 Audit, policy engine, management APIs; SCR-179 Effective permission diagnostics; SCR-180 Устройства; SCR-181 Sessions и login attempts; SCR-182 Сетевые ресурсы; SCR-183 Settings APIs, Windows settings; SCR-184 Фоновые задания; SCR-185 Резервные копии; SCR-186 Audit; SCR-187 Organization settings / feature flags; SCR-188 Audit, policy engine, management APIs",FLOW-029 Блокировка пользователя; FLOW-030 Изменение permissions,Audit/security,implementation_matrix.csv wave-c.csv:981 Source='OpenAPI `POST_api_v1_admin_backups_id_restore`; Stage_3_Field_Traceability_Final_3.5.csv; cross-cutting requirement AUDIT-019'; openapi.yaml operationId POST_api_v1_admin_backups_id_restore = POST /api/v1/admin/backups/{id}/restore; traceability 4.5 FR-179 Permission=Backup.Restore,Source field of the matrix row confirms operationId POST_api_v1_admin_backups_id_restore; method and path verified in openapi.yaml; permission confirmed via traceability FR-179.
wave-c.csv:982,AC-2890,AC,MOD-019,Audit evidence for FR-180,resolved,POST_api_v1_admin_backups_id_verify,POST,/api/v1/admin/backups/{id}/verify,Backup.RestoreTest,Task.Application.MOD-019.POST_api_v1_admin_backups_id_verifyHandler,"SCR-170 Администрирование; SCR-171 Пользователи; SCR-172 Карточка пользователя; SCR-173 Создание/активация пользователя; SCR-174 Block/deactivate user; SCR-175 Отделы; SCR-176 Audit, policy engine, management APIs; SCR-177 Роли и permissions; SCR-178 Audit, policy engine, management APIs; SCR-179 Effective permission diagnostics; SCR-180 Устройства; SCR-181 Sessions и login attempts; SCR-182 Сетевые ресурсы; SCR-183 Settings APIs, Windows settings; SCR-184 Фоновые задания; SCR-185 Резервные копии; SCR-186 Audit; SCR-187 Organization settings / feature flags; SCR-188 Audit, policy engine, management APIs",FLOW-029 Блокировка пользователя; FLOW-030 Изменение permissions,Audit/security,implementation_matrix.csv wave-c.csv:982 Source='OpenAPI `POST_api_v1_admin_backups_id_verify`; Stage_3_Field_Traceability_Final_3.5.csv; cross-cutting requirement AUDIT-019'; openapi.yaml operationId POST_api_v1_admin_backups_id_verify = POST /api/v1/admin/backups/{id}/verify; traceability 4.5 FR-180 Permission=Backup.RestoreTest,Source field of the matrix row confirms operationId POST_api_v1_admin_backups_id_verify; method and path verified in openapi.yaml; permission confirmed via traceability FR-180.
wave-c.csv:983,AC-2891,AC,MOD-019,Audit evidence for FR-181,resolved,POST_api_v1_admin_change_feed_compact,POST,/api/v1/admin/change-feed/compact,System.Configure,Task.Application.MOD-019.POST_api_v1_admin_change_feed_compactHandler,"SCR-170 Администрирование; SCR-171 Пользователи; SCR-172 Карточка пользователя; SCR-173 Создание/активация пользователя; SCR-174 Block/deactivate user; SCR-175 Отделы; SCR-176 Audit, policy engine, management APIs; SCR-177 Роли и permissions; SCR-178 Audit, policy engine, management APIs; SCR-179 Effective permission diagnostics; SCR-180 Устройства; SCR-181 Sessions и login attempts; SCR-182 Сетевые ресурсы; SCR-183 Settings APIs, Windows settings; SCR-184 Фоновые задания; SCR-185 Резервные копии; SCR-186 Audit; SCR-187 Organization settings / feature flags; SCR-188 Audit, policy engine, management APIs",FLOW-029 Блокировка пользователя; FLOW-030 Изменение permissions,Audit/security,implementation_matrix.csv wave-c.csv:983 Source='OpenAPI `POST_api_v1_admin_change_feed_compact`; Stage_3_Field_Traceability_Final_3.5.csv; cross-cutting requirement AUDIT-019'; openapi.yaml operationId POST_api_v1_admin_change_feed_compact = POST /api/v1/admin/change-feed/compact; traceability 4.5 FR-181 Permission=System.Configure,Source field of the matrix row confirms operationId POST_api_v1_admin_change_feed_compact; method and path verified in openapi.yaml; permission confirmed via traceability FR-181.
wave-c.csv:984,AC-2892,AC,MOD-019,Audit evidence for FR-182,resolved,PUT_api_v1_admin_feature_flags_key,PUT,/api/v1/admin/feature-flags/{key},System.Configure,Task.Application.MOD-019.PUT_api_v1_admin_feature_flags_keyHandler,"SCR-170 Администрирование; SCR-171 Пользователи; SCR-172 Карточка пользователя; SCR-173 Создание/активация пользователя; SCR-174 Block/deactivate user; SCR-175 Отделы; SCR-176 Audit, policy engine, management APIs; SCR-177 Роли и permissions; SCR-178 Audit, policy engine, management APIs; SCR-179 Effective permission diagnostics; SCR-180 Устройства; SCR-181 Sessions и login attempts; SCR-182 Сетевые ресурсы; SCR-183 Settings APIs, Windows settings; SCR-184 Фоновые задания; SCR-185 Резервные копии; SCR-186 Audit; SCR-187 Organization settings / feature flags; SCR-188 Audit, policy engine, management APIs",FLOW-029 Блокировка пользователя; FLOW-030 Изменение permissions,Audit/security,implementation_matrix.csv wave-c.csv:984 Source='OpenAPI `PUT_api_v1_admin_feature_flags_key`; Stage_3_Field_Traceability_Final_3.5.csv; cross-cutting requirement AUDIT-019'; openapi.yaml operationId PUT_api_v1_admin_feature_flags_key = PUT /api/v1/admin/feature-flags/{key}; traceability 4.5 FR-182 Permission=System.Configure,Source field of the matrix row confirms operationId PUT_api_v1_admin_feature_flags_key; method and path verified in openapi.yaml; permission confirmed via traceability FR-182.
wave-c.csv:985,AC-2893,AC,MOD-019,Audit evidence for FR-183,resolved,GET_api_v1_admin_jobs,GET,/api/v1/admin/jobs,System.HealthRead,Task.Application.MOD-019.GET_api_v1_admin_jobsHandler,"SCR-170 Администрирование; SCR-171 Пользователи; SCR-172 Карточка пользователя; SCR-173 Создание/активация пользователя; SCR-174 Block/deactivate user; SCR-175 Отделы; SCR-176 Audit, policy engine, management APIs; SCR-177 Роли и permissions; SCR-178 Audit, policy engine, management APIs; SCR-179 Effective permission diagnostics; SCR-180 Устройства; SCR-181 Sessions и login attempts; SCR-182 Сетевые ресурсы; SCR-183 Settings APIs, Windows settings; SCR-184 Фоновые задания; SCR-185 Резервные копии; SCR-186 Audit; SCR-187 Organization settings / feature flags; SCR-188 Audit, policy engine, management APIs",FLOW-029 Блокировка пользователя; FLOW-030 Изменение permissions,Audit/security,implementation_matrix.csv wave-c.csv:985 Source='OpenAPI `GET_api_v1_admin_jobs`; Stage_3_Field_Traceability_Final_3.5.csv; cross-cutting requirement AUDIT-019'; openapi.yaml operationId GET_api_v1_admin_jobs = GET /api/v1/admin/jobs; traceability 4.5 FR-183 Permission=System.HealthRead,Source field of the matrix row confirms operationId GET_api_v1_admin_jobs; method and path verified in openapi.yaml; permission confirmed via traceability FR-183.
wave-c.csv:986,AC-2894,AC,MOD-019,Audit evidence for FR-184,resolved,POST_api_v1_admin_jobs_code_run,POST,/api/v1/admin/jobs/{code}/run,System.Configure,Task.Application.MOD-019.POST_api_v1_admin_jobs_code_runHandler,"SCR-170 Администрирование; SCR-171 Пользователи; SCR-172 Карточка пользователя; SCR-173 Создание/активация пользователя; SCR-174 Block/deactivate user; SCR-175 Отделы; SCR-176 Audit, policy engine, management APIs; SCR-177 Роли и permissions; SCR-178 Audit, policy engine, management APIs; SCR-179 Effective permission diagnostics; SCR-180 Устройства; SCR-181 Sessions и login attempts; SCR-182 Сетевые ресурсы; SCR-183 Settings APIs, Windows settings; SCR-184 Фоновые задания; SCR-185 Резервные копии; SCR-186 Audit; SCR-187 Organization settings / feature flags; SCR-188 Audit, policy engine, management APIs",FLOW-029 Блокировка пользователя; FLOW-030 Изменение permissions,Audit/security,implementation_matrix.csv wave-c.csv:986 Source='OpenAPI `POST_api_v1_admin_jobs_code_run`; Stage_3_Field_Traceability_Final_3.5.csv; cross-cutting requirement AUDIT-019'; openapi.yaml operationId POST_api_v1_admin_jobs_code_run = POST /api/v1/admin/jobs/{code}/run; traceability 4.5 FR-184 Permission=System.Configure,Source field of the matrix row confirms operationId POST_api_v1_admin_jobs_code_run; method and path verified in openapi.yaml; permission confirmed via traceability FR-184.
wave-c.csv:987,AC-2895,AC,MOD-019,Audit evidence for FR-185,resolved,GET_api_v1_admin_jobs_code_runs,GET,/api/v1/admin/jobs/{code}/runs,System.HealthRead,Task.Application.MOD-019.GET_api_v1_admin_jobs_code_runsHandler,"SCR-170 Администрирование; SCR-171 Пользователи; SCR-172 Карточка пользователя; SCR-173 Создание/активация пользователя; SCR-174 Block/deactivate user; SCR-175 Отделы; SCR-176 Audit, policy engine, management APIs; SCR-177 Роли и permissions; SCR-178 Audit, policy engine, management APIs; SCR-179 Effective permission diagnostics; SCR-180 Устройства; SCR-181 Sessions и login attempts; SCR-182 Сетевые ресурсы; SCR-183 Settings APIs, Windows settings; SCR-184 Фоновые задания; SCR-185 Резервные копии; SCR-186 Audit; SCR-187 Organization settings / feature flags; SCR-188 Audit, policy engine, management APIs",FLOW-029 Блокировка пользователя; FLOW-030 Изменение permissions,Audit/security,implementation_matrix.csv wave-c.csv:987 Source='OpenAPI `GET_api_v1_admin_jobs_code_runs`; Stage_3_Field_Traceability_Final_3.5.csv; cross-cutting requirement AUDIT-019'; openapi.yaml operationId GET_api_v1_admin_jobs_code_runs = GET /api/v1/admin/jobs/{code}/runs; traceability 4.5 FR-185 Permission=System.HealthRead,Source field of the matrix row confirms operationId GET_api_v1_admin_jobs_code_runs; method and path verified in openapi.yaml; permission confirmed via traceability FR-185.
wave-c.csv:988,AC-2896,AC,MOD-019,Audit evidence for FR-186,resolved,POST_api_v1_admin_maintenance_mode,POST,/api/v1/admin/maintenance-mode,System.Configure,Task.Application.MOD-019.POST_api_v1_admin_maintenance_modeHandler,"SCR-170 Администрирование; SCR-171 Пользователи; SCR-172 Карточка пользователя; SCR-173 Создание/активация пользователя; SCR-174 Block/deactivate user; SCR-175 Отделы; SCR-176 Audit, policy engine, management APIs; SCR-177 Роли и permissions; SCR-178 Audit, policy engine, management APIs; SCR-179 Effective permission diagnostics; SCR-180 Устройства; SCR-181 Sessions и login attempts; SCR-182 Сетевые ресурсы; SCR-183 Settings APIs, Windows settings; SCR-184 Фоновые задания; SCR-185 Резервные копии; SCR-186 Audit; SCR-187 Organization settings / feature flags; SCR-188 Audit, policy engine, management APIs",FLOW-029 Блокировка пользователя; FLOW-030 Изменение permissions,Audit/security,implementation_matrix.csv wave-c.csv:988 Source='OpenAPI `POST_api_v1_admin_maintenance_mode`; Stage_3_Field_Traceability_Final_3.5.csv; cross-cutting requirement AUDIT-019'; openapi.yaml operationId POST_api_v1_admin_maintenance_mode = POST /api/v1/admin/maintenance-mode; traceability 4.5 FR-186 Permission=System.Configure,Source field of the matrix row confirms operationId POST_api_v1_admin_maintenance_mode; method and path verified in openapi.yaml; permission confirmed via traceability FR-186.
wave-c.csv:989,AC-2897,AC,MOD-019,Audit evidence for FR-187,resolved,POST_api_v1_admin_search_reindex,POST,/api/v1/admin/search/reindex,System.Configure,Task.Application.MOD-019.POST_api_v1_admin_search_reindexHandler,"SCR-170 Администрирование; SCR-171 Пользователи; SCR-172 Карточка пользователя; SCR-173 Создание/активация пользователя; SCR-174 Block/deactivate user; SCR-175 Отделы; SCR-176 Audit, policy engine, management APIs; SCR-177 Роли и permissions; SCR-178 Audit, policy engine, management APIs; SCR-179 Effective permission diagnostics; SCR-180 Устройства; SCR-181 Sessions и login attempts; SCR-182 Сетевые ресурсы; SCR-183 Settings APIs, Windows settings; SCR-184 Фоновые задания; SCR-185 Резервные копии; SCR-186 Audit; SCR-187 Organization settings / feature flags; SCR-188 Audit, policy engine, management APIs",FLOW-029 Блокировка пользователя; FLOW-030 Изменение permissions,Audit/security,implementation_matrix.csv wave-c.csv:989 Source='OpenAPI `POST_api_v1_admin_search_reindex`; Stage_3_Field_Traceability_Final_3.5.csv; cross-cutting requirement AUDIT-019'; openapi.yaml operationId POST_api_v1_admin_search_reindex = POST /api/v1/admin/search/reindex; traceability 4.5 FR-187 Permission=System.Configure,Source field of the matrix row confirms operationId POST_api_v1_admin_search_reindex; method and path verified in openapi.yaml; permission confirmed via traceability FR-187.
wave-c.csv:990,AC-2898,AC,MOD-019,Audit evidence for FR-188,resolved,GET_api_v1_admin_server_capabilities,GET,/api/v1/admin/server-capabilities,System.Configure,Task.Application.MOD-019.GET_api_v1_admin_server_capabilitiesHandler,"SCR-170 Администрирование; SCR-171 Пользователи; SCR-172 Карточка пользователя; SCR-173 Создание/активация пользователя; SCR-174 Block/deactivate user; SCR-175 Отделы; SCR-176 Audit, policy engine, management APIs; SCR-177 Роли и permissions; SCR-178 Audit, policy engine, management APIs; SCR-179 Effective permission diagnostics; SCR-180 Устройства; SCR-181 Sessions и login attempts; SCR-182 Сетевые ресурсы; SCR-183 Settings APIs, Windows settings; SCR-184 Фоновые задания; SCR-185 Резервные копии; SCR-186 Audit; SCR-187 Organization settings / feature flags; SCR-188 Audit, policy engine, management APIs",FLOW-029 Блокировка пользователя; FLOW-030 Изменение permissions,Audit/security,implementation_matrix.csv wave-c.csv:990 Source='OpenAPI `GET_api_v1_admin_server_capabilities`; Stage_3_Field_Traceability_Final_3.5.csv; cross-cutting requirement AUDIT-019'; openapi.yaml operationId GET_api_v1_admin_server_capabilities = GET /api/v1/admin/server-capabilities; traceability 4.5 FR-188 Permission=System.Configure,Source field of the matrix row confirms operationId GET_api_v1_admin_server_capabilities; method and path verified in openapi.yaml; permission confirmed via traceability FR-188.
wave-c.csv:991,AC-2899,AC,MOD-019,Audit evidence for FR-189,resolved,GET_api_v1_admin_storage,GET,/api/v1/admin/storage,System.HealthRead,Task.Application.MOD-019.GET_api_v1_admin_storageHandler,"SCR-170 Администрирование; SCR-171 Пользователи; SCR-172 Карточка пользователя; SCR-173 Создание/активация пользователя; SCR-174 Block/deactivate user; SCR-175 Отделы; SCR-176 Audit, policy engine, management APIs; SCR-177 Роли и permissions; SCR-178 Audit, policy engine, management APIs; SCR-179 Effective permission diagnostics; SCR-180 Устройства; SCR-181 Sessions и login attempts; SCR-182 Сетевые ресурсы; SCR-183 Settings APIs, Windows settings; SCR-184 Фоновые задания; SCR-185 Резервные копии; SCR-186 Audit; SCR-187 Organization settings / feature flags; SCR-188 Audit, policy engine, management APIs",FLOW-029 Блокировка пользователя; FLOW-030 Изменение permissions,Audit/security,implementation_matrix.csv wave-c.csv:991 Source='OpenAPI `GET_api_v1_admin_storage`; Stage_3_Field_Traceability_Final_3.5.csv; cross-cutting requirement AUDIT-019'; openapi.yaml operationId GET_api_v1_admin_storage = GET /api/v1/admin/storage; traceability 4.5 FR-189 Permission=System.HealthRead,Source field of the matrix row confirms operationId GET_api_v1_admin_storage; method and path verified in openapi.yaml; permission confirmed via traceability FR-189.
wave-c.csv:992,AC-2900,AC,MOD-019,Audit evidence for FR-190,resolved,GET_api_v1_departments,GET,/api/v1/departments,Department.Read,Task.Application.MOD-019.GET_api_v1_departmentsHandler,"SCR-170 Администрирование; SCR-171 Пользователи; SCR-172 Карточка пользователя; SCR-173 Создание/активация пользователя; SCR-174 Block/deactivate user; SCR-175 Отделы; SCR-176 Audit, policy engine, management APIs; SCR-177 Роли и permissions; SCR-178 Audit, policy engine, management APIs; SCR-179 Effective permission diagnostics; SCR-180 Устройства; SCR-181 Sessions и login attempts; SCR-182 Сетевые ресурсы; SCR-183 Settings APIs, Windows settings; SCR-184 Фоновые задания; SCR-185 Резервные копии; SCR-186 Audit; SCR-187 Organization settings / feature flags; SCR-188 Audit, policy engine, management APIs",FLOW-029 Блокировка пользователя; FLOW-030 Изменение permissions,Audit/security,implementation_matrix.csv wave-c.csv:992 Source='OpenAPI `GET_api_v1_departments`; Stage_3_Field_Traceability_Final_3.5.csv; cross-cutting requirement AUDIT-019'; openapi.yaml operationId GET_api_v1_departments = GET /api/v1/departments; traceability 4.5 FR-190 Permission=Department.Read,Source field of the matrix row confirms operationId GET_api_v1_departments; method and path verified in openapi.yaml; permission confirmed via traceability FR-190.
wave-c.csv:993,AC-2901,AC,MOD-019,Audit evidence for FR-191,resolved,POST_api_v1_departments,POST,/api/v1/departments,Department.Manage,Task.Application.MOD-019.POST_api_v1_departmentsHandler,"SCR-170 Администрирование; SCR-171 Пользователи; SCR-172 Карточка пользователя; SCR-173 Создание/активация пользователя; SCR-174 Block/deactivate user; SCR-175 Отделы; SCR-176 Audit, policy engine, management APIs; SCR-177 Роли и permissions; SCR-178 Audit, policy engine, management APIs; SCR-179 Effective permission diagnostics; SCR-180 Устройства; SCR-181 Sessions и login attempts; SCR-182 Сетевые ресурсы; SCR-183 Settings APIs, Windows settings; SCR-184 Фоновые задания; SCR-185 Резервные копии; SCR-186 Audit; SCR-187 Organization settings / feature flags; SCR-188 Audit, policy engine, management APIs",FLOW-029 Блокировка пользователя; FLOW-030 Изменение permissions,Audit/security,implementation_matrix.csv wave-c.csv:993 Source='OpenAPI `POST_api_v1_departments`; Stage_3_Field_Traceability_Final_3.5.csv; cross-cutting requirement AUDIT-019'; openapi.yaml operationId POST_api_v1_departments = POST /api/v1/departments; traceability 4.5 FR-191 Permission=Department.Manage,Source field of the matrix row confirms operationId POST_api_v1_departments; method and path verified in openapi.yaml; permission confirmed via traceability FR-191.
wave-c.csv:994,AC-2902,AC,MOD-019,Audit evidence for FR-192,resolved,GET_api_v1_departments_tree,GET,/api/v1/departments/tree,Department.Read,Task.Application.MOD-019.GET_api_v1_departments_treeHandler,"SCR-170 Администрирование; SCR-171 Пользователи; SCR-172 Карточка пользователя; SCR-173 Создание/активация пользователя; SCR-174 Block/deactivate user; SCR-175 Отделы; SCR-176 Audit, policy engine, management APIs; SCR-177 Роли и permissions; SCR-178 Audit, policy engine, management APIs; SCR-179 Effective permission diagnostics; SCR-180 Устройства; SCR-181 Sessions и login attempts; SCR-182 Сетевые ресурсы; SCR-183 Settings APIs, Windows settings; SCR-184 Фоновые задания; SCR-185 Резервные копии; SCR-186 Audit; SCR-187 Organization settings / feature flags; SCR-188 Audit, policy engine, management APIs",FLOW-029 Блокировка пользователя; FLOW-030 Изменение permissions,Audit/security,implementation_matrix.csv wave-c.csv:994 Source='OpenAPI `GET_api_v1_departments_tree`; Stage_3_Field_Traceability_Final_3.5.csv; cross-cutting requirement AUDIT-019'; openapi.yaml operationId GET_api_v1_departments_tree = GET /api/v1/departments/tree; traceability 4.5 FR-192 Permission=Department.Read,Source field of the matrix row confirms operationId GET_api_v1_departments_tree; method and path verified in openapi.yaml; permission confirmed via traceability FR-192.
wave-c.csv:995,AC-2903,AC,MOD-019,Audit evidence for FR-193,resolved,DELETE_api_v1_departments_id,DELETE,/api/v1/departments/{id},Department.Manage,Task.Application.MOD-019.DELETE_api_v1_departments_idHandler,"SCR-170 Администрирование; SCR-171 Пользователи; SCR-172 Карточка пользователя; SCR-173 Создание/активация пользователя; SCR-174 Block/deactivate user; SCR-175 Отделы; SCR-176 Audit, policy engine, management APIs; SCR-177 Роли и permissions; SCR-178 Audit, policy engine, management APIs; SCR-179 Effective permission diagnostics; SCR-180 Устройства; SCR-181 Sessions и login attempts; SCR-182 Сетевые ресурсы; SCR-183 Settings APIs, Windows settings; SCR-184 Фоновые задания; SCR-185 Резервные копии; SCR-186 Audit; SCR-187 Organization settings / feature flags; SCR-188 Audit, policy engine, management APIs",FLOW-029 Блокировка пользователя; FLOW-030 Изменение permissions,Audit/security,implementation_matrix.csv wave-c.csv:995 Source='OpenAPI `DELETE_api_v1_departments_id`; Stage_3_Field_Traceability_Final_3.5.csv; cross-cutting requirement AUDIT-019'; openapi.yaml operationId DELETE_api_v1_departments_id = DELETE /api/v1/departments/{id}; traceability 4.5 FR-193 Permission=Department.Manage,Source field of the matrix row confirms operationId DELETE_api_v1_departments_id; method and path verified in openapi.yaml; permission confirmed via traceability FR-193.
wave-c.csv:996,AC-2904,AC,MOD-019,Audit evidence for FR-194,resolved,GET_api_v1_departments_id,GET,/api/v1/departments/{id},Department.Read,Task.Application.MOD-019.GET_api_v1_departments_idHandler,"SCR-170 Администрирование; SCR-171 Пользователи; SCR-172 Карточка пользователя; SCR-173 Создание/активация пользователя; SCR-174 Block/deactivate user; SCR-175 Отделы; SCR-176 Audit, policy engine, management APIs; SCR-177 Роли и permissions; SCR-178 Audit, policy engine, management APIs; SCR-179 Effective permission diagnostics; SCR-180 Устройства; SCR-181 Sessions и login attempts; SCR-182 Сетевые ресурсы; SCR-183 Settings APIs, Windows settings; SCR-184 Фоновые задания; SCR-185 Резервные копии; SCR-186 Audit; SCR-187 Organization settings / feature flags; SCR-188 Audit, policy engine, management APIs",FLOW-029 Блокировка пользователя; FLOW-030 Изменение permissions,Audit/security,implementation_matrix.csv wave-c.csv:996 Source='OpenAPI `GET_api_v1_departments_id`; Stage_3_Field_Traceability_Final_3.5.csv; cross-cutting requirement AUDIT-019'; openapi.yaml operationId GET_api_v1_departments_id = GET /api/v1/departments/{id}; traceability 4.5 FR-194 Permission=Department.Read,Source field of the matrix row confirms operationId GET_api_v1_departments_id; method and path verified in openapi.yaml; permission confirmed via traceability FR-194.
wave-c.csv:997,AC-2905,AC,MOD-019,Audit evidence for FR-195,resolved,PATCH_api_v1_departments_id,PATCH,/api/v1/departments/{id},Department.Manage,Task.Application.MOD-019.PATCH_api_v1_departments_idHandler,"SCR-170 Администрирование; SCR-171 Пользователи; SCR-172 Карточка пользователя; SCR-173 Создание/активация пользователя; SCR-174 Block/deactivate user; SCR-175 Отделы; SCR-176 Audit, policy engine, management APIs; SCR-177 Роли и permissions; SCR-178 Audit, policy engine, management APIs; SCR-179 Effective permission diagnostics; SCR-180 Устройства; SCR-181 Sessions и login attempts; SCR-182 Сетевые ресурсы; SCR-183 Settings APIs, Windows settings; SCR-184 Фоновые задания; SCR-185 Резервные копии; SCR-186 Audit; SCR-187 Organization settings / feature flags; SCR-188 Audit, policy engine, management APIs",FLOW-029 Блокировка пользователя; FLOW-030 Изменение permissions,Audit/security,implementation_matrix.csv wave-c.csv:997 Source='OpenAPI `PATCH_api_v1_departments_id`; Stage_3_Field_Traceability_Final_3.5.csv; cross-cutting requirement AUDIT-019'; openapi.yaml operationId PATCH_api_v1_departments_id = PATCH /api/v1/departments/{id}; traceability 4.5 FR-195 Permission=Department.Manage,Source field of the matrix row confirms operationId PATCH_api_v1_departments_id; method and path verified in openapi.yaml; permission confirmed via traceability FR-195.
wave-c.csv:998,AC-2906,AC,MOD-019,Audit evidence for FR-196,resolved,POST_api_v1_departments_id_archive,POST,/api/v1/departments/{id}/archive,Department.Manage,Task.Application.MOD-019.POST_api_v1_departments_id_archiveHandler,"SCR-170 Администрирование; SCR-171 Пользователи; SCR-172 Карточка пользователя; SCR-173 Создание/активация пользователя; SCR-174 Block/deactivate user; SCR-175 Отделы; SCR-176 Audit, policy engine, management APIs; SCR-177 Роли и permissions; SCR-178 Audit, policy engine, management APIs; SCR-179 Effective permission diagnostics; SCR-180 Устройства; SCR-181 Sessions и login attempts; SCR-182 Сетевые ресурсы; SCR-183 Settings APIs, Windows settings; SCR-184 Фоновые задания; SCR-185 Резервные копии; SCR-186 Audit; SCR-187 Organization settings / feature flags; SCR-188 Audit, policy engine, management APIs",FLOW-029 Блокировка пользователя; FLOW-030 Изменение permissions,Audit/security,implementation_matrix.csv wave-c.csv:998 Source='OpenAPI `POST_api_v1_departments_id_archive`; Stage_3_Field_Traceability_Final_3.5.csv; cross-cutting requirement AUDIT-019'; openapi.yaml operationId POST_api_v1_departments_id_archive = POST /api/v1/departments/{id}/archive; traceability 4.5 FR-196 Permission=Department.Manage,Source field of the matrix row confirms operationId POST_api_v1_departments_id_archive; method and path verified in openapi.yaml; permission confirmed via traceability FR-196.
wave-c.csv:999,AC-2907,AC,MOD-019,Audit evidence for FR-197,resolved,PUT_api_v1_departments_id_managers,PUT,/api/v1/departments/{id}/managers,Department.Manage,Task.Application.MOD-019.PUT_api_v1_departments_id_managersHandler,"SCR-170 Администрирование; SCR-171 Пользователи; SCR-172 Карточка пользователя; SCR-173 Создание/активация пользователя; SCR-174 Block/deactivate user; SCR-175 Отделы; SCR-176 Audit, policy engine, management APIs; SCR-177 Роли и permissions; SCR-178 Audit, policy engine, management APIs; SCR-179 Effective permission diagnostics; SCR-180 Устройства; SCR-181 Sessions и login attempts; SCR-182 Сетевые ресурсы; SCR-183 Settings APIs, Windows settings; SCR-184 Фоновые задания; SCR-185 Резервные копии; SCR-186 Audit; SCR-187 Organization settings / feature flags; SCR-188 Audit, policy engine, management APIs",FLOW-029 Блокировка пользователя; FLOW-030 Изменение permissions,Audit/security,implementation_matrix.csv wave-c.csv:999 Source='OpenAPI `PUT_api_v1_departments_id_managers`; Stage_3_Field_Traceability_Final_3.5.csv; cross-cutting requirement AUDIT-019'; openapi.yaml operationId PUT_api_v1_departments_id_managers = PUT /api/v1/departments/{id}/managers; traceability 4.5 FR-197 Permission=Department.Manage,Source field of the matrix row confirms operationId PUT_api_v1_departments_id_managers; method and path verified in openapi.yaml; permission confirmed via traceability FR-197.
wave-c.csv:1000,AC-2908,AC,MOD-019,Audit evidence for FR-198,resolved,POST_api_v1_departments_id_restore,POST,/api/v1/departments/{id}/restore,Department.Manage,Task.Application.MOD-019.POST_api_v1_departments_id_restoreHandler,"SCR-170 Администрирование; SCR-171 Пользователи; SCR-172 Карточка пользователя; SCR-173 Создание/активация пользователя; SCR-174 Block/deactivate user; SCR-175 Отделы; SCR-176 Audit, policy engine, management APIs; SCR-177 Роли и permissions; SCR-178 Audit, policy engine, management APIs; SCR-179 Effective permission diagnostics; SCR-180 Устройства; SCR-181 Sessions и login attempts; SCR-182 Сетевые ресурсы; SCR-183 Settings APIs, Windows settings; SCR-184 Фоновые задания; SCR-185 Резервные копии; SCR-186 Audit; SCR-187 Organization settings / feature flags; SCR-188 Audit, policy engine, management APIs",FLOW-029 Блокировка пользователя; FLOW-030 Изменение permissions,Audit/security,implementation_matrix.csv wave-c.csv:1000 Source='OpenAPI `POST_api_v1_departments_id_restore`; Stage_3_Field_Traceability_Final_3.5.csv; cross-cutting requirement AUDIT-019'; openapi.yaml operationId POST_api_v1_departments_id_restore = POST /api/v1/departments/{id}/restore; traceability 4.5 FR-198 Permission=Department.Manage,Source field of the matrix row confirms operationId POST_api_v1_departments_id_restore; method and path verified in openapi.yaml; permission confirmed via traceability FR-198.
wave-c.csv:1001,AC-2909,AC,MOD-019,Audit evidence for FR-199,resolved,POST_api_v1_departments_id_unarchive,POST,/api/v1/departments/{id}/unarchive,Department.Manage,Task.Application.MOD-019.POST_api_v1_departments_id_unarchiveHandler,"SCR-170 Администрирование; SCR-171 Пользователи; SCR-172 Карточка пользователя; SCR-173 Создание/активация пользователя; SCR-174 Block/deactivate user; SCR-175 Отделы; SCR-176 Audit, policy engine, management APIs; SCR-177 Роли и permissions; SCR-178 Audit, policy engine, management APIs; SCR-179 Effective permission diagnostics; SCR-180 Устройства; SCR-181 Sessions и login attempts; SCR-182 Сетевые ресурсы; SCR-183 Settings APIs, Windows settings; SCR-184 Фоновые задания; SCR-185 Резервные копии; SCR-186 Audit; SCR-187 Organization settings / feature flags; SCR-188 Audit, policy engine, management APIs",FLOW-029 Блокировка пользователя; FLOW-030 Изменение permissions,Audit/security,implementation_matrix.csv wave-c.csv:1001 Source='OpenAPI `POST_api_v1_departments_id_unarchive`; Stage_3_Field_Traceability_Final_3.5.csv; cross-cutting requirement AUDIT-019'; openapi.yaml operationId POST_api_v1_departments_id_unarchive = POST /api/v1/departments/{id}/unarchive; traceability 4.5 FR-199 Permission=Department.Manage,Source field of the matrix row confirms operationId POST_api_v1_departments_id_unarchive; method and path verified in openapi.yaml; permission confirmed via traceability FR-199.
wave-c.csv:1002,AC-2910,AC,MOD-019,Audit evidence for FR-200,resolved,GET_api_v1_devices,GET,/api/v1/devices,Device.ReadOwnOrAll,Task.Application.MOD-019.GET_api_v1_devicesHandler,"SCR-170 Администрирование; SCR-171 Пользователи; SCR-172 Карточка пользователя; SCR-173 Создание/активация пользователя; SCR-174 Block/deactivate user; SCR-175 Отделы; SCR-176 Audit, policy engine, management APIs; SCR-177 Роли и permissions; SCR-178 Audit, policy engine, management APIs; SCR-179 Effective permission diagnostics; SCR-180 Устройства; SCR-181 Sessions и login attempts; SCR-182 Сетевые ресурсы; SCR-183 Settings APIs, Windows settings; SCR-184 Фоновые задания; SCR-185 Резервные копии; SCR-186 Audit; SCR-187 Organization settings / feature flags; SCR-188 Audit, policy engine, management APIs",FLOW-029 Блокировка пользователя; FLOW-030 Изменение permissions,Audit/security,implementation_matrix.csv wave-c.csv:1002 Source='OpenAPI `GET_api_v1_devices`; Stage_3_Field_Traceability_Final_3.5.csv; cross-cutting requirement AUDIT-019'; openapi.yaml operationId GET_api_v1_devices = GET /api/v1/devices; traceability 4.5 FR-200 Permission=Device.ReadOwnOrAll,Source field of the matrix row confirms operationId GET_api_v1_devices; method and path verified in openapi.yaml; permission confirmed via traceability FR-200.
wave-c.csv:1003,AC-2911,AC,MOD-019,Audit evidence for FR-201,resolved,GET_api_v1_devices_id,GET,/api/v1/devices/{id},Device.ReadOwnOrAll,Task.Application.MOD-019.GET_api_v1_devices_idHandler,"SCR-170 Администрирование; SCR-171 Пользователи; SCR-172 Карточка пользователя; SCR-173 Создание/активация пользователя; SCR-174 Block/deactivate user; SCR-175 Отделы; SCR-176 Audit, policy engine, management APIs; SCR-177 Роли и permissions; SCR-178 Audit, policy engine, management APIs; SCR-179 Effective permission diagnostics; SCR-180 Устройства; SCR-181 Sessions и login attempts; SCR-182 Сетевые ресурсы; SCR-183 Settings APIs, Windows settings; SCR-184 Фоновые задания; SCR-185 Резервные копии; SCR-186 Audit; SCR-187 Organization settings / feature flags; SCR-188 Audit, policy engine, management APIs",FLOW-029 Блокировка пользователя; FLOW-030 Изменение permissions,Audit/security,implementation_matrix.csv wave-c.csv:1003 Source='OpenAPI `GET_api_v1_devices_id`; Stage_3_Field_Traceability_Final_3.5.csv; cross-cutting requirement AUDIT-019'; openapi.yaml operationId GET_api_v1_devices_id = GET /api/v1/devices/{id}; traceability 4.5 FR-201 Permission=Device.ReadOwnOrAll,Source field of the matrix row confirms operationId GET_api_v1_devices_id; method and path verified in openapi.yaml; permission confirmed via traceability FR-201.
wave-c.csv:1004,AC-2912,AC,MOD-019,Audit evidence for FR-202,resolved,PATCH_api_v1_devices_id,PATCH,/api/v1/devices/{id},Device.UpdateOwnOrAll,Task.Application.MOD-019.PATCH_api_v1_devices_idHandler,"SCR-170 Администрирование; SCR-171 Пользователи; SCR-172 Карточка пользователя; SCR-173 Создание/активация пользователя; SCR-174 Block/deactivate user; SCR-175 Отделы; SCR-176 Audit, policy engine, management APIs; SCR-177 Роли и permissions; SCR-178 Audit, policy engine, management APIs; SCR-179 Effective permission diagnostics; SCR-180 Устройства; SCR-181 Sessions и login attempts; SCR-182 Сетевые ресурсы; SCR-183 Settings APIs, Windows settings; SCR-184 Фоновые задания; SCR-185 Резервные копии; SCR-186 Audit; SCR-187 Organization settings / feature flags; SCR-188 Audit, policy engine, management APIs",FLOW-029 Блокировка пользователя; FLOW-030 Изменение permissions,Audit/security,implementation_matrix.csv wave-c.csv:1004 Source='OpenAPI `PATCH_api_v1_devices_id`; Stage_3_Field_Traceability_Final_3.5.csv; cross-cutting requirement AUDIT-019'; openapi.yaml operationId PATCH_api_v1_devices_id = PATCH /api/v1/devices/{id}; traceability 4.5 FR-202 Permission=Device.UpdateOwnOrAll,Source field of the matrix row confirms operationId PATCH_api_v1_devices_id; method and path verified in openapi.yaml; permission confirmed via traceability FR-202.
wave-c.csv:1005,AC-2913,AC,MOD-019,Audit evidence for FR-203,resolved,POST_api_v1_devices_id_heartbeat,POST,/api/v1/devices/{id}/heartbeat,Authenticated,Task.Application.MOD-019.POST_api_v1_devices_id_heartbeatHandler,"SCR-170 Администрирование; SCR-171 Пользователи; SCR-172 Карточка пользователя; SCR-173 Создание/активация пользователя; SCR-174 Block/deactivate user; SCR-175 Отделы; SCR-176 Audit, policy engine, management APIs; SCR-177 Роли и permissions; SCR-178 Audit, policy engine, management APIs; SCR-179 Effective permission diagnostics; SCR-180 Устройства; SCR-181 Sessions и login attempts; SCR-182 Сетевые ресурсы; SCR-183 Settings APIs, Windows settings; SCR-184 Фоновые задания; SCR-185 Резервные копии; SCR-186 Audit; SCR-187 Organization settings / feature flags; SCR-188 Audit, policy engine, management APIs",FLOW-029 Блокировка пользователя; FLOW-030 Изменение permissions,Audit/security,implementation_matrix.csv wave-c.csv:1005 Source='OpenAPI `POST_api_v1_devices_id_heartbeat`; Stage_3_Field_Traceability_Final_3.5.csv; cross-cutting requirement AUDIT-019'; openapi.yaml operationId POST_api_v1_devices_id_heartbeat = POST /api/v1/devices/{id}/heartbeat; traceability 4.5 FR-203 Permission=Authenticated,Source field of the matrix row confirms operationId POST_api_v1_devices_id_heartbeat; method and path verified in openapi.yaml; permission confirmed via traceability FR-203.
wave-c.csv:1006,AC-2914,AC,MOD-019,Audit evidence for FR-204,resolved,POST_api_v1_devices_id_revoke,POST,/api/v1/devices/{id}/revoke,Device.Revoke,Task.Application.MOD-019.POST_api_v1_devices_id_revokeHandler,"SCR-170 Администрирование; SCR-171 Пользователи; SCR-172 Карточка пользователя; SCR-173 Создание/активация пользователя; SCR-174 Block/deactivate user; SCR-175 Отделы; SCR-176 Audit, policy engine, management APIs; SCR-177 Роли и permissions; SCR-178 Audit, policy engine, management APIs; SCR-179 Effective permission diagnostics; SCR-180 Устройства; SCR-181 Sessions и login attempts; SCR-182 Сетевые ресурсы; SCR-183 Settings APIs, Windows settings; SCR-184 Фоновые задания; SCR-185 Резервные копии; SCR-186 Audit; SCR-187 Organization settings / feature flags; SCR-188 Audit, policy engine, management APIs",FLOW-029 Блокировка пользователя; FLOW-030 Изменение permissions,Audit/security,implementation_matrix.csv wave-c.csv:1006 Source='OpenAPI `POST_api_v1_devices_id_revoke`; Stage_3_Field_Traceability_Final_3.5.csv; cross-cutting requirement AUDIT-019'; openapi.yaml operationId POST_api_v1_devices_id_revoke = POST /api/v1/devices/{id}/revoke; traceability 4.5 FR-204 Permission=Device.Revoke,Source field of the matrix row confirms operationId POST_api_v1_devices_id_revoke; method and path verified in openapi.yaml; permission confirmed via traceability FR-204.
wave-c.csv:1007,AC-2915,AC,MOD-019,Audit evidence for FR-205,resolved,GET_api_v1_network_resources,GET,/api/v1/network-resources,FileCatalog.Read,Task.Application.MOD-019.GET_api_v1_network_resourcesHandler,"SCR-170 Администрирование; SCR-171 Пользователи; SCR-172 Карточка пользователя; SCR-173 Создание/активация пользователя; SCR-174 Block/deactivate user; SCR-175 Отделы; SCR-176 Audit, policy engine, management APIs; SCR-177 Роли и permissions; SCR-178 Audit, policy engine, management APIs; SCR-179 Effective permission diagnostics; SCR-180 Устройства; SCR-181 Sessions и login attempts; SCR-182 Сетевые ресурсы; SCR-183 Settings APIs, Windows settings; SCR-184 Фоновые задания; SCR-185 Резервные копии; SCR-186 Audit; SCR-187 Organization settings / feature flags; SCR-188 Audit, policy engine, management APIs",FLOW-029 Блокировка пользователя; FLOW-030 Изменение permissions,Audit/security,implementation_matrix.csv wave-c.csv:1007 Source='OpenAPI `GET_api_v1_network_resources`; Stage_3_Field_Traceability_Final_3.5.csv; cross-cutting requirement AUDIT-019'; openapi.yaml operationId GET_api_v1_network_resources = GET /api/v1/network-resources; traceability 4.5 FR-205 Permission=FileCatalog.Read,Source field of the matrix row confirms operationId GET_api_v1_network_resources; method and path verified in openapi.yaml; permission confirmed via traceability FR-205.
wave-c.csv:1008,AC-2916,AC,MOD-019,Audit evidence for FR-206,resolved,POST_api_v1_network_resources,POST,/api/v1/network-resources,NetworkResource.Manage,Task.Application.MOD-019.POST_api_v1_network_resourcesHandler,"SCR-170 Администрирование; SCR-171 Пользователи; SCR-172 Карточка пользователя; SCR-173 Создание/активация пользователя; SCR-174 Block/deactivate user; SCR-175 Отделы; SCR-176 Audit, policy engine, management APIs; SCR-177 Роли и permissions; SCR-178 Audit, policy engine, management APIs; SCR-179 Effective permission diagnostics; SCR-180 Устройства; SCR-181 Sessions и login attempts; SCR-182 Сетевые ресурсы; SCR-183 Settings APIs, Windows settings; SCR-184 Фоновые задания; SCR-185 Резервные копии; SCR-186 Audit; SCR-187 Organization settings / feature flags; SCR-188 Audit, policy engine, management APIs",FLOW-029 Блокировка пользователя; FLOW-030 Изменение permissions,Audit/security,implementation_matrix.csv wave-c.csv:1008 Source='OpenAPI `POST_api_v1_network_resources`; Stage_3_Field_Traceability_Final_3.5.csv; cross-cutting requirement AUDIT-019'; openapi.yaml operationId POST_api_v1_network_resources = POST /api/v1/network-resources; traceability 4.5 FR-206 Permission=NetworkResource.Manage,Source field of the matrix row confirms operationId POST_api_v1_network_resources; method and path verified in openapi.yaml; permission confirmed via traceability FR-206.
wave-c.csv:1009,AC-2917,AC,MOD-019,Audit evidence for FR-207,resolved,PATCH_api_v1_network_resources_id,PATCH,/api/v1/network-resources/{id},NetworkResource.Manage,Task.Application.MOD-019.PATCH_api_v1_network_resources_idHandler,"SCR-170 Администрирование; SCR-171 Пользователи; SCR-172 Карточка пользователя; SCR-173 Создание/активация пользователя; SCR-174 Block/deactivate user; SCR-175 Отделы; SCR-176 Audit, policy engine, management APIs; SCR-177 Роли и permissions; SCR-178 Audit, policy engine, management APIs; SCR-179 Effective permission diagnostics; SCR-180 Устройства; SCR-181 Sessions и login attempts; SCR-182 Сетевые ресурсы; SCR-183 Settings APIs, Windows settings; SCR-184 Фоновые задания; SCR-185 Резервные копии; SCR-186 Audit; SCR-187 Organization settings / feature flags; SCR-188 Audit, policy engine, management APIs",FLOW-029 Блокировка пользователя; FLOW-030 Изменение permissions,Audit/security,implementation_matrix.csv wave-c.csv:1009 Source='OpenAPI `PATCH_api_v1_network_resources_id`; Stage_3_Field_Traceability_Final_3.5.csv; cross-cutting requirement AUDIT-019'; openapi.yaml operationId PATCH_api_v1_network_resources_id = PATCH /api/v1/network-resources/{id}; traceability 4.5 FR-207 Permission=NetworkResource.Manage,Source field of the matrix row confirms operationId PATCH_api_v1_network_resources_id; method and path verified in openapi.yaml; permission confirmed via traceability FR-207.
wave-c.csv:1010,AC-2918,AC,MOD-019,Audit evidence for FR-208,resolved,POST_api_v1_network_resources_id_probe,POST,/api/v1/network-resources/{id}/probe,NetworkResource.Manage,Task.Application.MOD-019.POST_api_v1_network_resources_id_probeHandler,"SCR-170 Администрирование; SCR-171 Пользователи; SCR-172 Карточка пользователя; SCR-173 Создание/активация пользователя; SCR-174 Block/deactivate user; SCR-175 Отделы; SCR-176 Audit, policy engine, management APIs; SCR-177 Роли и permissions; SCR-178 Audit, policy engine, management APIs; SCR-179 Effective permission diagnostics; SCR-180 Устройства; SCR-181 Sessions и login attempts; SCR-182 Сетевые ресурсы; SCR-183 Settings APIs, Windows settings; SCR-184 Фоновые задания; SCR-185 Резервные копии; SCR-186 Audit; SCR-187 Organization settings / feature flags; SCR-188 Audit, policy engine, management APIs",FLOW-029 Блокировка пользователя; FLOW-030 Изменение permissions,Audit/security,implementation_matrix.csv wave-c.csv:1010 Source='OpenAPI `POST_api_v1_network_resources_id_probe`; Stage_3_Field_Traceability_Final_3.5.csv; cross-cutting requirement AUDIT-019'; openapi.yaml operationId POST_api_v1_network_resources_id_probe = POST /api/v1/network-resources/{id}/probe; traceability 4.5 FR-208 Permission=NetworkResource.Manage,Source field of the matrix row confirms operationId POST_api_v1_network_resources_id_probe; method and path verified in openapi.yaml; permission confirmed via traceability FR-208.
wave-c.csv:1011,AC-2919,AC,MOD-019,Audit evidence for FR-209,resolved,GET_health_details,GET,/health/details,System.HealthRead,Task.Application.MOD-019.GET_health_detailsHandler,"SCR-170 Администрирование; SCR-171 Пользователи; SCR-172 Карточка пользователя; SCR-173 Создание/активация пользователя; SCR-174 Block/deactivate user; SCR-175 Отделы; SCR-176 Audit, policy engine, management APIs; SCR-177 Роли и permissions; SCR-178 Audit, policy engine, management APIs; SCR-179 Effective permission diagnostics; SCR-180 Устройства; SCR-181 Sessions и login attempts; SCR-182 Сетевые ресурсы; SCR-183 Settings APIs, Windows settings; SCR-184 Фоновые задания; SCR-185 Резервные копии; SCR-186 Audit; SCR-187 Organization settings / feature flags; SCR-188 Audit, policy engine, management APIs",FLOW-029 Блокировка пользователя; FLOW-030 Изменение permissions,Audit/security,implementation_matrix.csv wave-c.csv:1011 Source='OpenAPI `GET_health_details`; Stage_3_Field_Traceability_Final_3.5.csv; cross-cutting requirement AUDIT-019'; openapi.yaml operationId GET_health_details = GET /health/details; traceability 4.5 FR-209 Permission=System.HealthRead,Source field of the matrix row confirms operationId GET_health_details; method and path verified in openapi.yaml; permission confirmed via traceability FR-209.
wave-c.csv:1012,AC-2920,AC,MOD-019,Audit evidence for FR-210,resolved,GET_api_v1_permissions,GET,/api/v1/permissions,Role.Read,Task.Application.MOD-019.GET_api_v1_permissionsHandler,"SCR-170 Администрирование; SCR-171 Пользователи; SCR-172 Карточка пользователя; SCR-173 Создание/активация пользователя; SCR-174 Block/deactivate user; SCR-175 Отделы; SCR-176 Audit, policy engine, management APIs; SCR-177 Роли и permissions; SCR-178 Audit, policy engine, management APIs; SCR-179 Effective permission diagnostics; SCR-180 Устройства; SCR-181 Sessions и login attempts; SCR-182 Сетевые ресурсы; SCR-183 Settings APIs, Windows settings; SCR-184 Фоновые задания; SCR-185 Резервные копии; SCR-186 Audit; SCR-187 Organization settings / feature flags; SCR-188 Audit, policy engine, management APIs",FLOW-029 Блокировка пользователя; FLOW-030 Изменение permissions,Audit/security,implementation_matrix.csv wave-c.csv:1012 Source='OpenAPI `GET_api_v1_permissions`; Stage_3_Field_Traceability_Final_3.5.csv; cross-cutting requirement AUDIT-019'; openapi.yaml operationId GET_api_v1_permissions = GET /api/v1/permissions; traceability 4.5 FR-210 Permission=Role.Read,Source field of the matrix row confirms operationId GET_api_v1_permissions; method and path verified in openapi.yaml; permission confirmed via traceability FR-210.
wave-c.csv:1013,AC-2921,AC,MOD-019,Audit evidence for FR-211,resolved,GET_api_v1_project_roles,GET,/api/v1/project-roles,Project.Read,Task.Application.MOD-019.GET_api_v1_project_rolesHandler,"SCR-170 Администрирование; SCR-171 Пользователи; SCR-172 Карточка пользователя; SCR-173 Создание/активация пользователя; SCR-174 Block/deactivate user; SCR-175 Отделы; SCR-176 Audit, policy engine, management APIs; SCR-177 Роли и permissions; SCR-178 Audit, policy engine, management APIs; SCR-179 Effective permission diagnostics; SCR-180 Устройства; SCR-181 Sessions и login attempts; SCR-182 Сетевые ресурсы; SCR-183 Settings APIs, Windows settings; SCR-184 Фоновые задания; SCR-185 Резервные копии; SCR-186 Audit; SCR-187 Organization settings / feature flags; SCR-188 Audit, policy engine, management APIs",FLOW-029 Блокировка пользователя; FLOW-030 Изменение permissions,Audit/security,implementation_matrix.csv wave-c.csv:1013 Source='OpenAPI `GET_api_v1_project_roles`; Stage_3_Field_Traceability_Final_3.5.csv; cross-cutting requirement AUDIT-019'; openapi.yaml operationId GET_api_v1_project_roles = GET /api/v1/project-roles; traceability 4.5 FR-211 Permission=Project.Read,Source field of the matrix row confirms operationId GET_api_v1_project_roles; method and path verified in openapi.yaml; permission confirmed via traceability FR-211.
wave-c.csv:1014,AC-2922,AC,MOD-019,Audit evidence for FR-212,resolved,PUT_api_v1_project_roles_id_permissions,PUT,/api/v1/project-roles/{id}/permissions,Role.Manage,Task.Application.MOD-019.PUT_api_v1_project_roles_id_permissionsHandler,"SCR-170 Администрирование; SCR-171 Пользователи; SCR-172 Карточка пользователя; SCR-173 Создание/активация пользователя; SCR-174 Block/deactivate user; SCR-175 Отделы; SCR-176 Audit, policy engine, management APIs; SCR-177 Роли и permissions; SCR-178 Audit, policy engine, management APIs; SCR-179 Effective permission diagnostics; SCR-180 Устройства; SCR-181 Sessions и login attempts; SCR-182 Сетевые ресурсы; SCR-183 Settings APIs, Windows settings; SCR-184 Фоновые задания; SCR-185 Резервные копии; SCR-186 Audit; SCR-187 Organization settings / feature flags; SCR-188 Audit, policy engine, management APIs",FLOW-029 Блокировка пользователя; FLOW-030 Изменение permissions,Audit/security,implementation_matrix.csv wave-c.csv:1014 Source='OpenAPI `PUT_api_v1_project_roles_id_permissions`; Stage_3_Field_Traceability_Final_3.5.csv; cross-cutting requirement AUDIT-019'; openapi.yaml operationId PUT_api_v1_project_roles_id_permissions = PUT /api/v1/project-roles/{id}/permissions; traceability 4.5 FR-212 Permission=Role.Manage,Source field of the matrix row confirms operationId PUT_api_v1_project_roles_id_permissions; method and path verified in openapi.yaml; permission confirmed via traceability FR-212.
wave-c.csv:1015,AC-2923,AC,MOD-019,Audit evidence for FR-213,resolved,GET_api_v1_roles,GET,/api/v1/roles,Role.Read,Task.Application.MOD-019.GET_api_v1_rolesHandler,"SCR-170 Администрирование; SCR-171 Пользователи; SCR-172 Карточка пользователя; SCR-173 Создание/активация пользователя; SCR-174 Block/deactivate user; SCR-175 Отделы; SCR-176 Audit, policy engine, management APIs; SCR-177 Роли и permissions; SCR-178 Audit, policy engine, management APIs; SCR-179 Effective permission diagnostics; SCR-180 Устройства; SCR-181 Sessions и login attempts; SCR-182 Сетевые ресурсы; SCR-183 Settings APIs, Windows settings; SCR-184 Фоновые задания; SCR-185 Резервные копии; SCR-186 Audit; SCR-187 Organization settings / feature flags; SCR-188 Audit, policy engine, management APIs",FLOW-029 Блокировка пользователя; FLOW-030 Изменение permissions,Audit/security,implementation_matrix.csv wave-c.csv:1015 Source='OpenAPI `GET_api_v1_roles`; Stage_3_Field_Traceability_Final_3.5.csv; cross-cutting requirement AUDIT-019'; openapi.yaml operationId GET_api_v1_roles = GET /api/v1/roles; traceability 4.5 FR-213 Permission=Role.Read,Source field of the matrix row confirms operationId GET_api_v1_roles; method and path verified in openapi.yaml; permission confirmed via traceability FR-213.
wave-c.csv:1016,AC-2924,AC,MOD-019,Audit evidence for FR-214,resolved,POST_api_v1_roles,POST,/api/v1/roles,Role.Manage,Task.Application.MOD-019.POST_api_v1_rolesHandler,"SCR-170 Администрирование; SCR-171 Пользователи; SCR-172 Карточка пользователя; SCR-173 Создание/активация пользователя; SCR-174 Block/deactivate user; SCR-175 Отделы; SCR-176 Audit, policy engine, management APIs; SCR-177 Роли и permissions; SCR-178 Audit, policy engine, management APIs; SCR-179 Effective permission diagnostics; SCR-180 Устройства; SCR-181 Sessions и login attempts; SCR-182 Сетевые ресурсы; SCR-183 Settings APIs, Windows settings; SCR-184 Фоновые задания; SCR-185 Резервные копии; SCR-186 Audit; SCR-187 Organization settings / feature flags; SCR-188 Audit, policy engine, management APIs",FLOW-029 Блокировка пользователя; FLOW-030 Изменение permissions,Audit/security,implementation_matrix.csv wave-c.csv:1016 Source='OpenAPI `POST_api_v1_roles`; Stage_3_Field_Traceability_Final_3.5.csv; cross-cutting requirement AUDIT-019'; openapi.yaml operationId POST_api_v1_roles = POST /api/v1/roles; traceability 4.5 FR-214 Permission=Role.Manage,Source field of the matrix row confirms operationId POST_api_v1_roles; method and path verified in openapi.yaml; permission confirmed via traceability FR-214.
wave-c.csv:1017,AC-2925,AC,MOD-019,Audit evidence for FR-215,resolved,DELETE_api_v1_roles_id,DELETE,/api/v1/roles/{id},Role.Manage,Task.Application.MOD-019.DELETE_api_v1_roles_idHandler,"SCR-170 Администрирование; SCR-171 Пользователи; SCR-172 Карточка пользователя; SCR-173 Создание/активация пользователя; SCR-174 Block/deactivate user; SCR-175 Отделы; SCR-176 Audit, policy engine, management APIs; SCR-177 Роли и permissions; SCR-178 Audit, policy engine, management APIs; SCR-179 Effective permission diagnostics; SCR-180 Устройства; SCR-181 Sessions и login attempts; SCR-182 Сетевые ресурсы; SCR-183 Settings APIs, Windows settings; SCR-184 Фоновые задания; SCR-185 Резервные копии; SCR-186 Audit; SCR-187 Organization settings / feature flags; SCR-188 Audit, policy engine, management APIs",FLOW-029 Блокировка пользователя; FLOW-030 Изменение permissions,Audit/security,implementation_matrix.csv wave-c.csv:1017 Source='OpenAPI `DELETE_api_v1_roles_id`; Stage_3_Field_Traceability_Final_3.5.csv; cross-cutting requirement AUDIT-019'; openapi.yaml operationId DELETE_api_v1_roles_id = DELETE /api/v1/roles/{id}; traceability 4.5 FR-215 Permission=Role.Manage,Source field of the matrix row confirms operationId DELETE_api_v1_roles_id; method and path verified in openapi.yaml; permission confirmed via traceability FR-215.
wave-c.csv:1018,AC-2926,AC,MOD-019,Audit evidence for FR-216,resolved,GET_api_v1_roles_id,GET,/api/v1/roles/{id},Role.Read,Task.Application.MOD-019.GET_api_v1_roles_idHandler,"SCR-170 Администрирование; SCR-171 Пользователи; SCR-172 Карточка пользователя; SCR-173 Создание/активация пользователя; SCR-174 Block/deactivate user; SCR-175 Отделы; SCR-176 Audit, policy engine, management APIs; SCR-177 Роли и permissions; SCR-178 Audit, policy engine, management APIs; SCR-179 Effective permission diagnostics; SCR-180 Устройства; SCR-181 Sessions и login attempts; SCR-182 Сетевые ресурсы; SCR-183 Settings APIs, Windows settings; SCR-184 Фоновые задания; SCR-185 Резервные копии; SCR-186 Audit; SCR-187 Organization settings / feature flags; SCR-188 Audit, policy engine, management APIs",FLOW-029 Блокировка пользователя; FLOW-030 Изменение permissions,Audit/security,implementation_matrix.csv wave-c.csv:1018 Source='OpenAPI `GET_api_v1_roles_id`; Stage_3_Field_Traceability_Final_3.5.csv; cross-cutting requirement AUDIT-019'; openapi.yaml operationId GET_api_v1_roles_id = GET /api/v1/roles/{id}; traceability 4.5 FR-216 Permission=Role.Read,Source field of the matrix row confirms operationId GET_api_v1_roles_id; method and path verified in openapi.yaml; permission confirmed via traceability FR-216.
wave-c.csv:1019,AC-2927,AC,MOD-019,Audit evidence for FR-217,resolved,PATCH_api_v1_roles_id,PATCH,/api/v1/roles/{id},Role.Manage,Task.Application.MOD-019.PATCH_api_v1_roles_idHandler,"SCR-170 Администрирование; SCR-171 Пользователи; SCR-172 Карточка пользователя; SCR-173 Создание/активация пользователя; SCR-174 Block/deactivate user; SCR-175 Отделы; SCR-176 Audit, policy engine, management APIs; SCR-177 Роли и permissions; SCR-178 Audit, policy engine, management APIs; SCR-179 Effective permission diagnostics; SCR-180 Устройства; SCR-181 Sessions и login attempts; SCR-182 Сетевые ресурсы; SCR-183 Settings APIs, Windows settings; SCR-184 Фоновые задания; SCR-185 Резервные копии; SCR-186 Audit; SCR-187 Organization settings / feature flags; SCR-188 Audit, policy engine, management APIs",FLOW-029 Блокировка пользователя; FLOW-030 Изменение permissions,Audit/security,implementation_matrix.csv wave-c.csv:1019 Source='OpenAPI `PATCH_api_v1_roles_id`; Stage_3_Field_Traceability_Final_3.5.csv; cross-cutting requirement AUDIT-019'; openapi.yaml operationId PATCH_api_v1_roles_id = PATCH /api/v1/roles/{id}; traceability 4.5 FR-217 Permission=Role.Manage,Source field of the matrix row confirms operationId PATCH_api_v1_roles_id; method and path verified in openapi.yaml; permission confirmed via traceability FR-217.
wave-c.csv:1020,AC-2928,AC,MOD-019,Audit evidence for FR-218,resolved,POST_api_v1_roles_id_activate,POST,/api/v1/roles/{id}/activate,Role.Manage,Task.Application.MOD-019.POST_api_v1_roles_id_activateHandler,"SCR-170 Администрирование; SCR-171 Пользователи; SCR-172 Карточка пользователя; SCR-173 Создание/активация пользователя; SCR-174 Block/deactivate user; SCR-175 Отделы; SCR-176 Audit, policy engine, management APIs; SCR-177 Роли и permissions; SCR-178 Audit, policy engine, management APIs; SCR-179 Effective permission diagnostics; SCR-180 Устройства; SCR-181 Sessions и login attempts; SCR-182 Сетевые ресурсы; SCR-183 Settings APIs, Windows settings; SCR-184 Фоновые задания; SCR-185 Резервные копии; SCR-186 Audit; SCR-187 Organization settings / feature flags; SCR-188 Audit, policy engine, management APIs",FLOW-029 Блокировка пользователя; FLOW-030 Изменение permissions,Audit/security,implementation_matrix.csv wave-c.csv:1020 Source='OpenAPI `POST_api_v1_roles_id_activate`; Stage_3_Field_Traceability_Final_3.5.csv; cross-cutting requirement AUDIT-019'; openapi.yaml operationId POST_api_v1_roles_id_activate = POST /api/v1/roles/{id}/activate; traceability 4.5 FR-218 Permission=Role.Manage,Source field of the matrix row confirms operationId POST_api_v1_roles_id_activate; method and path verified in openapi.yaml; permission confirmed via traceability FR-218.
wave-c.csv:1021,AC-2929,AC,MOD-019,Audit evidence for FR-219,resolved,PUT_api_v1_roles_id_permissions,PUT,/api/v1/roles/{id}/permissions,Role.Manage,Task.Application.MOD-019.PUT_api_v1_roles_id_permissionsHandler,"SCR-170 Администрирование; SCR-171 Пользователи; SCR-172 Карточка пользователя; SCR-173 Создание/активация пользователя; SCR-174 Block/deactivate user; SCR-175 Отделы; SCR-176 Audit, policy engine, management APIs; SCR-177 Роли и permissions; SCR-178 Audit, policy engine, management APIs; SCR-179 Effective permission diagnostics; SCR-180 Устройства; SCR-181 Sessions и login attempts; SCR-182 Сетевые ресурсы; SCR-183 Settings APIs, Windows settings; SCR-184 Фоновые задания; SCR-185 Резервные копии; SCR-186 Audit; SCR-187 Organization settings / feature flags; SCR-188 Audit, policy engine, management APIs",FLOW-029 Блокировка пользователя; FLOW-030 Изменение permissions,Audit/security,implementation_matrix.csv wave-c.csv:1021 Source='OpenAPI `PUT_api_v1_roles_id_permissions`; Stage_3_Field_Traceability_Final_3.5.csv; cross-cutting requirement AUDIT-019'; openapi.yaml operationId PUT_api_v1_roles_id_permissions = PUT /api/v1/roles/{id}/permissions; traceability 4.5 FR-219 Permission=Role.Manage,Source field of the matrix row confirms operationId PUT_api_v1_roles_id_permissions; method and path verified in openapi.yaml; permission confirmed via traceability FR-219.
wave-c.csv:1022,AC-2930,AC,MOD-019,Audit evidence for FR-220,resolved,PUT_api_v1_users_id_roles,PUT,/api/v1/users/{id}/roles,User.ManageRoles,Task.Application.MOD-019.PUT_api_v1_users_id_rolesHandler,"SCR-170 Администрирование; SCR-171 Пользователи; SCR-172 Карточка пользователя; SCR-173 Создание/активация пользователя; SCR-174 Block/deactivate user; SCR-175 Отделы; SCR-176 Audit, policy engine, management APIs; SCR-177 Роли и permissions; SCR-178 Audit, policy engine, management APIs; SCR-179 Effective permission diagnostics; SCR-180 Устройства; SCR-181 Sessions и login attempts; SCR-182 Сетевые ресурсы; SCR-183 Settings APIs, Windows settings; SCR-184 Фоновые задания; SCR-185 Резервные копии; SCR-186 Audit; SCR-187 Organization settings / feature flags; SCR-188 Audit, policy engine, management APIs",FLOW-029 Блокировка пользователя; FLOW-030 Изменение permissions,Audit/security,implementation_matrix.csv wave-c.csv:1022 Source='OpenAPI `PUT_api_v1_users_id_roles`; Stage_3_Field_Traceability_Final_3.5.csv; cross-cutting requirement AUDIT-019'; openapi.yaml operationId PUT_api_v1_users_id_roles = PUT /api/v1/users/{id}/roles; traceability 4.5 FR-220 Permission=User.ManageRoles,Source field of the matrix row confirms operationId PUT_api_v1_users_id_roles; method and path verified in openapi.yaml; permission confirmed via traceability FR-220.
wave-c.csv:1023,AC-2931,AC,MOD-019,Audit evidence for FR-221,resolved,GET_api_v1_users,GET,/api/v1/users,User.Read,Task.Application.MOD-019.GET_api_v1_usersHandler,"SCR-170 Администрирование; SCR-171 Пользователи; SCR-172 Карточка пользователя; SCR-173 Создание/активация пользователя; SCR-174 Block/deactivate user; SCR-175 Отделы; SCR-176 Audit, policy engine, management APIs; SCR-177 Роли и permissions; SCR-178 Audit, policy engine, management APIs; SCR-179 Effective permission diagnostics; SCR-180 Устройства; SCR-181 Sessions и login attempts; SCR-182 Сетевые ресурсы; SCR-183 Settings APIs, Windows settings; SCR-184 Фоновые задания; SCR-185 Резервные копии; SCR-186 Audit; SCR-187 Organization settings / feature flags; SCR-188 Audit, policy engine, management APIs",FLOW-029 Блокировка пользователя; FLOW-030 Изменение permissions,Audit/security,implementation_matrix.csv wave-c.csv:1023 Source='OpenAPI `GET_api_v1_users`; Stage_3_Field_Traceability_Final_3.5.csv; cross-cutting requirement AUDIT-019'; openapi.yaml operationId GET_api_v1_users = GET /api/v1/users; traceability 4.5 FR-221 Permission=User.Read,Source field of the matrix row confirms operationId GET_api_v1_users; method and path verified in openapi.yaml; permission confirmed via traceability FR-221.
wave-c.csv:1024,AC-2932,AC,MOD-019,Audit evidence for FR-222,resolved,POST_api_v1_users,POST,/api/v1/users,User.Create,Task.Application.MOD-019.POST_api_v1_usersHandler,"SCR-170 Администрирование; SCR-171 Пользователи; SCR-172 Карточка пользователя; SCR-173 Создание/активация пользователя; SCR-174 Block/deactivate user; SCR-175 Отделы; SCR-176 Audit, policy engine, management APIs; SCR-177 Роли и permissions; SCR-178 Audit, policy engine, management APIs; SCR-179 Effective permission diagnostics; SCR-180 Устройства; SCR-181 Sessions и login attempts; SCR-182 Сетевые ресурсы; SCR-183 Settings APIs, Windows settings; SCR-184 Фоновые задания; SCR-185 Резервные копии; SCR-186 Audit; SCR-187 Organization settings / feature flags; SCR-188 Audit, policy engine, management APIs",FLOW-029 Блокировка пользователя; FLOW-030 Изменение permissions,Audit/security,implementation_matrix.csv wave-c.csv:1024 Source='OpenAPI `POST_api_v1_users`; Stage_3_Field_Traceability_Final_3.5.csv; cross-cutting requirement AUDIT-019'; openapi.yaml operationId POST_api_v1_users = POST /api/v1/users; traceability 4.5 FR-222 Permission=User.Create,Source field of the matrix row confirms operationId POST_api_v1_users; method and path verified in openapi.yaml; permission confirmed via traceability FR-222.
wave-c.csv:1025,AC-2933,AC,MOD-019,Audit evidence for FR-223,resolved,GET_api_v1_users_id,GET,/api/v1/users/{id},User.Read,Task.Application.MOD-019.GET_api_v1_users_idHandler,"SCR-170 Администрирование; SCR-171 Пользователи; SCR-172 Карточка пользователя; SCR-173 Создание/активация пользователя; SCR-174 Block/deactivate user; SCR-175 Отделы; SCR-176 Audit, policy engine, management APIs; SCR-177 Роли и permissions; SCR-178 Audit, policy engine, management APIs; SCR-179 Effective permission diagnostics; SCR-180 Устройства; SCR-181 Sessions и login attempts; SCR-182 Сетевые ресурсы; SCR-183 Settings APIs, Windows settings; SCR-184 Фоновые задания; SCR-185 Резервные копии; SCR-186 Audit; SCR-187 Organization settings / feature flags; SCR-188 Audit, policy engine, management APIs",FLOW-029 Блокировка пользователя; FLOW-030 Изменение permissions,Audit/security,implementation_matrix.csv wave-c.csv:1025 Source='OpenAPI `GET_api_v1_users_id`; Stage_3_Field_Traceability_Final_3.5.csv; cross-cutting requirement AUDIT-019'; openapi.yaml operationId GET_api_v1_users_id = GET /api/v1/users/{id}; traceability 4.5 FR-223 Permission=User.Read,Source field of the matrix row confirms operationId GET_api_v1_users_id; method and path verified in openapi.yaml; permission confirmed via traceability FR-223.
wave-c.csv:1026,AC-2934,AC,MOD-019,Audit evidence for FR-224,resolved,PATCH_api_v1_users_id,PATCH,/api/v1/users/{id},User.Update,Task.Application.MOD-019.PATCH_api_v1_users_idHandler,"SCR-170 Администрирование; SCR-171 Пользователи; SCR-172 Карточка пользователя; SCR-173 Создание/активация пользователя; SCR-174 Block/deactivate user; SCR-175 Отделы; SCR-176 Audit, policy engine, management APIs; SCR-177 Роли и permissions; SCR-178 Audit, policy engine, management APIs; SCR-179 Effective permission diagnostics; SCR-180 Устройства; SCR-181 Sessions и login attempts; SCR-182 Сетевые ресурсы; SCR-183 Settings APIs, Windows settings; SCR-184 Фоновые задания; SCR-185 Резервные копии; SCR-186 Audit; SCR-187 Organization settings / feature flags; SCR-188 Audit, policy engine, management APIs",FLOW-029 Блокировка пользователя; FLOW-030 Изменение permissions,Audit/security,implementation_matrix.csv wave-c.csv:1026 Source='OpenAPI `PATCH_api_v1_users_id`; Stage_3_Field_Traceability_Final_3.5.csv; cross-cutting requirement AUDIT-019'; openapi.yaml operationId PATCH_api_v1_users_id = PATCH /api/v1/users/{id}; traceability 4.5 FR-224 Permission=User.Update,Source field of the matrix row confirms operationId PATCH_api_v1_users_id; method and path verified in openapi.yaml; permission confirmed via traceability FR-224.
wave-c.csv:1027,AC-2935,AC,MOD-019,Audit evidence for FR-225,resolved,POST_api_v1_users_id_activate,POST,/api/v1/users/{id}/activate,User.Create,Task.Application.MOD-019.POST_api_v1_users_id_activateHandler,"SCR-170 Администрирование; SCR-171 Пользователи; SCR-172 Карточка пользователя; SCR-173 Создание/активация пользователя; SCR-174 Block/deactivate user; SCR-175 Отделы; SCR-176 Audit, policy engine, management APIs; SCR-177 Роли и permissions; SCR-178 Audit, policy engine, management APIs; SCR-179 Effective permission diagnostics; SCR-180 Устройства; SCR-181 Sessions и login attempts; SCR-182 Сетевые ресурсы; SCR-183 Settings APIs, Windows settings; SCR-184 Фоновые задания; SCR-185 Резервные копии; SCR-186 Audit; SCR-187 Organization settings / feature flags; SCR-188 Audit, policy engine, management APIs",FLOW-029 Блокировка пользователя; FLOW-030 Изменение permissions,Audit/security,implementation_matrix.csv wave-c.csv:1027 Source='OpenAPI `POST_api_v1_users_id_activate`; Stage_3_Field_Traceability_Final_3.5.csv; cross-cutting requirement AUDIT-019'; openapi.yaml operationId POST_api_v1_users_id_activate = POST /api/v1/users/{id}/activate; traceability 4.5 FR-225 Permission=User.Create,Source field of the matrix row confirms operationId POST_api_v1_users_id_activate; method and path verified in openapi.yaml; permission confirmed via traceability FR-225.
wave-c.csv:1028,AC-2936,AC,MOD-019,Audit evidence for FR-226,resolved,POST_api_v1_users_id_block,POST,/api/v1/users/{id}/block,User.Block,Task.Application.MOD-019.POST_api_v1_users_id_blockHandler,"SCR-170 Администрирование; SCR-171 Пользователи; SCR-172 Карточка пользователя; SCR-173 Создание/активация пользователя; SCR-174 Block/deactivate user; SCR-175 Отделы; SCR-176 Audit, policy engine, management APIs; SCR-177 Роли и permissions; SCR-178 Audit, policy engine, management APIs; SCR-179 Effective permission diagnostics; SCR-180 Устройства; SCR-181 Sessions и login attempts; SCR-182 Сетевые ресурсы; SCR-183 Settings APIs, Windows settings; SCR-184 Фоновые задания; SCR-185 Резервные копии; SCR-186 Audit; SCR-187 Organization settings / feature flags; SCR-188 Audit, policy engine, management APIs",FLOW-029 Блокировка пользователя; FLOW-030 Изменение permissions,Audit/security,implementation_matrix.csv wave-c.csv:1028 Source='OpenAPI `POST_api_v1_users_id_block`; Stage_3_Field_Traceability_Final_3.5.csv; cross-cutting requirement AUDIT-019'; openapi.yaml operationId POST_api_v1_users_id_block = POST /api/v1/users/{id}/block; traceability 4.5 FR-226 Permission=User.Block,Source field of the matrix row confirms operationId POST_api_v1_users_id_block; method and path verified in openapi.yaml; permission confirmed via traceability FR-226.
wave-c.csv:1029,AC-2937,AC,MOD-019,Audit evidence for FR-227,resolved,POST_api_v1_users_id_deactivate,POST,/api/v1/users/{id}/deactivate,User.Block,Task.Application.MOD-019.POST_api_v1_users_id_deactivateHandler,"SCR-170 Администрирование; SCR-171 Пользователи; SCR-172 Карточка пользователя; SCR-173 Создание/активация пользователя; SCR-174 Block/deactivate user; SCR-175 Отделы; SCR-176 Audit, policy engine, management APIs; SCR-177 Роли и permissions; SCR-178 Audit, policy engine, management APIs; SCR-179 Effective permission diagnostics; SCR-180 Устройства; SCR-181 Sessions и login attempts; SCR-182 Сетевые ресурсы; SCR-183 Settings APIs, Windows settings; SCR-184 Фоновые задания; SCR-185 Резервные копии; SCR-186 Audit; SCR-187 Organization settings / feature flags; SCR-188 Audit, policy engine, management APIs",FLOW-029 Блокировка пользователя; FLOW-030 Изменение permissions,Audit/security,implementation_matrix.csv wave-c.csv:1029 Source='OpenAPI `POST_api_v1_users_id_deactivate`; Stage_3_Field_Traceability_Final_3.5.csv; cross-cutting requirement AUDIT-019'; openapi.yaml operationId POST_api_v1_users_id_deactivate = POST /api/v1/users/{id}/deactivate; traceability 4.5 FR-227 Permission=User.Block,Source field of the matrix row confirms operationId POST_api_v1_users_id_deactivate; method and path verified in openapi.yaml; permission confirmed via traceability FR-227.
wave-c.csv:1030,AC-2938,AC,MOD-019,Audit evidence for FR-228,resolved,GET_api_v1_users_id_effective_permissions,GET,/api/v1/users/{id}/effective-permissions,Authorization.Explain,Task.Application.MOD-019.GET_api_v1_users_id_effective_permissionsHandler,"SCR-170 Администрирование; SCR-171 Пользователи; SCR-172 Карточка пользователя; SCR-173 Создание/активация пользователя; SCR-174 Block/deactivate user; SCR-175 Отделы; SCR-176 Audit, policy engine, management APIs; SCR-177 Роли и permissions; SCR-178 Audit, policy engine, management APIs; SCR-179 Effective permission diagnostics; SCR-180 Устройства; SCR-181 Sessions и login attempts; SCR-182 Сетевые ресурсы; SCR-183 Settings APIs, Windows settings; SCR-184 Фоновые задания; SCR-185 Резервные копии; SCR-186 Audit; SCR-187 Organization settings / feature flags; SCR-188 Audit, policy engine, management APIs",FLOW-029 Блокировка пользователя; FLOW-030 Изменение permissions,Audit/security,implementation_matrix.csv wave-c.csv:1030 Source='OpenAPI `GET_api_v1_users_id_effective_permissions`; Stage_3_Field_Traceability_Final_3.5.csv; cross-cutting requirement AUDIT-019'; openapi.yaml operationId GET_api_v1_users_id_effective_permissions = GET /api/v1/users/{id}/effective-permissions; traceability 4.5 FR-228 Permission=Authorization.Explain,Source field of the matrix row confirms operationId GET_api_v1_users_id_effective_permissions; method and path verified in openapi.yaml; permission confirmed via traceability FR-228.
wave-c.csv:1031,AC-2939,AC,MOD-019,Audit evidence for FR-229,resolved,POST_api_v1_users_id_reactivate,POST,/api/v1/users/{id}/reactivate,User.Block,Task.Application.MOD-019.POST_api_v1_users_id_reactivateHandler,"SCR-170 Администрирование; SCR-171 Пользователи; SCR-172 Карточка пользователя; SCR-173 Создание/активация пользователя; SCR-174 Block/deactivate user; SCR-175 Отделы; SCR-176 Audit, policy engine, management APIs; SCR-177 Роли и permissions; SCR-178 Audit, policy engine, management APIs; SCR-179 Effective permission diagnostics; SCR-180 Устройства; SCR-181 Sessions и login attempts; SCR-182 Сетевые ресурсы; SCR-183 Settings APIs, Windows settings; SCR-184 Фоновые задания; SCR-185 Резервные копии; SCR-186 Audit; SCR-187 Organization settings / feature flags; SCR-188 Audit, policy engine, management APIs",FLOW-029 Блокировка пользователя; FLOW-030 Изменение permissions,Audit/security,implementation_matrix.csv wave-c.csv:1031 Source='OpenAPI `POST_api_v1_users_id_reactivate`; Stage_3_Field_Traceability_Final_3.5.csv; cross-cutting requirement AUDIT-019'; openapi.yaml operationId POST_api_v1_users_id_reactivate = POST /api/v1/users/{id}/reactivate; traceability 4.5 FR-229 Permission=User.Block,Source field of the matrix row confirms operationId POST_api_v1_users_id_reactivate; method and path verified in openapi.yaml; permission confirmed via traceability FR-229.
wave-c.csv:1032,AC-2940,AC,MOD-019,Audit evidence for FR-230,resolved,POST_api_v1_users_id_unblock,POST,/api/v1/users/{id}/unblock,User.Block,Task.Application.MOD-019.POST_api_v1_users_id_unblockHandler,"SCR-170 Администрирование; SCR-171 Пользователи; SCR-172 Карточка пользователя; SCR-173 Создание/активация пользователя; SCR-174 Block/deactivate user; SCR-175 Отделы; SCR-176 Audit, policy engine, management APIs; SCR-177 Роли и permissions; SCR-178 Audit, policy engine, management APIs; SCR-179 Effective permission diagnostics; SCR-180 Устройства; SCR-181 Sessions и login attempts; SCR-182 Сетевые ресурсы; SCR-183 Settings APIs, Windows settings; SCR-184 Фоновые задания; SCR-185 Резервные копии; SCR-186 Audit; SCR-187 Organization settings / feature flags; SCR-188 Audit, policy engine, management APIs",FLOW-029 Блокировка пользователя; FLOW-030 Изменение permissions,Audit/security,implementation_matrix.csv wave-c.csv:1032 Source='OpenAPI `POST_api_v1_users_id_unblock`; Stage_3_Field_Traceability_Final_3.5.csv; cross-cutting requirement AUDIT-019'; openapi.yaml operationId POST_api_v1_users_id_unblock = POST /api/v1/users/{id}/unblock; traceability 4.5 FR-230 Permission=User.Block,Source field of the matrix row confirms operationId POST_api_v1_users_id_unblock; method and path verified in openapi.yaml; permission confirmed via traceability FR-230.
wave-c.csv:1033,AC-2941,AC,MOD-019,Audit evidence for FR-265,unresolved,,,,,,"SCR-170 Администрирование; SCR-171 Пользователи; SCR-172 Карточка пользователя; SCR-173 Создание/активация пользователя; SCR-174 Block/deactivate user; SCR-175 Отделы; SCR-176 Audit, policy engine, management APIs; SCR-177 Роли и permissions; SCR-178 Audit, policy engine, management APIs; SCR-179 Effective permission diagnostics; SCR-180 Устройства; SCR-181 Sessions и login attempts; SCR-182 Сетевые ресурсы; SCR-183 Settings APIs, Windows settings; SCR-184 Фоновые задания; SCR-185 Резервные копии; SCR-186 Audit; SCR-187 Organization settings / feature flags; SCR-188 Audit, policy engine, management APIs",FLOW-029 Блокировка пользователя; FLOW-030 Изменение permissions,Audit/security,implementation_matrix.csv wave-c.csv:1033 title='Audit evidence for FR-265'; traceability 4.5 FR-265 API cell='Desktop-only; использует существующие read/command API при необходимости'.,FR-265 is a Desktop-only/Desktop-behavior requirement with no dedicated server operation; the allowed sources confirm no new server operation for this AC.
