Matrix source row,Requirement,Type,Module,Requirement title,Resolution status,API operationId,API method,API path,Permission,Server handler planned,Screen Stage 3.5,FLOW Stage 3.5,Test type,Source evidence,Resolution rationale
wave-b.csv:18,DATA-010,DATA,MOD-010,Данные модуля: DTO/агрегаты и их поля по OpenAPI,unresolved,,,,,,SCR-060 Проекты: список; SCR-061 Проект: обзор; SCR-062 Проект: задачи; SCR-063 Проект: календарь; SCR-064 Проект: участники; SCR-065 Проект: файлы; SCR-066 Проект: контакты; SCR-067 Проект: комментарии; SCR-068 Проект: история; SCR-069 Проект: настройки; SCR-070 Создать/редактировать проект; SCR-071 Project role/overrides; SCR-072 Lifecycle проекта,FLOW-013 Создание проекта; FLOW-014 Добавление участника; FLOW-035 Завершение и архивирование проекта,Boundary/contract UI,implementation_matrix.csv wave-b.csv:18 Source='DEC-036/037/041'; traceability 4.5 DATA-010 API cell='OpenAPI operations of module'; openapi.yaml contains no operationId for this requirement.,Sources name module operations without an operationId; the DTO field contract is enforced by the module AC rows (resolved individually); no confirmed API link for the module-level row.
wave-b.csv:19,PERM-010,PERM,MOD-010,Права модуля: capabilities и scopes по OpenAPI,unresolved,,,,,,SCR-060 Проекты: список; SCR-061 Проект: обзор; SCR-062 Проект: задачи; SCR-063 Проект: календарь; SCR-064 Проект: участники; SCR-065 Проект: файлы; SCR-066 Проект: контакты; SCR-067 Проект: комментарии; SCR-068 Проект: история; SCR-069 Проект: настройки; SCR-070 Создать/редактировать проект; SCR-071 Project role/overrides; SCR-072 Lifecycle проекта,FLOW-013 Создание проекта; FLOW-014 Добавление участника; FLOW-035 Завершение и архивирование проекта,Security/authorization,implementation_matrix.csv wave-b.csv:19 Source='DEC-004/030; OpenAPI'; traceability 4.5 PERM-010 API cell='OpenAPI operations of module'; openapi.yaml contains no operationId for this requirement.,Sources name module operations without an operationId; the permission set is enforced by the module Permission-denial AC rows (resolved individually); no confirmed API link for the module-level row.
wave-b.csv:20,ERR-010,ERR,MOD-010,"Ошибки модуля: стабильные коды, HTTP-статусы и recovery по OpenAPI",unresolved,,,,,,SCR-060 Проекты: список; SCR-061 Проект: обзор; SCR-062 Проект: задачи; SCR-063 Проект: календарь; SCR-064 Проект: участники; SCR-065 Проект: файлы; SCR-066 Проект: контакты; SCR-067 Проект: комментарии; SCR-068 Проект: история; SCR-069 Проект: настройки; SCR-070 Создать/редактировать проект; SCR-071 Project role/overrides; SCR-072 Lifecycle проекта,FLOW-013 Создание проекта; FLOW-014 Добавление участника; FLOW-035 Завершение и архивирование проекта,Error handling,implementation_matrix.csv wave-b.csv:20 Source='errors.csv; State Matrix'; traceability 4.5 ERR-010 API cell='OpenAPI operations of module'; openapi.yaml contains no operationId for this requirement.,Sources name module operations without an operationId; stable error handling is enforced by the module AC rows (resolved individually); no confirmed API link for the module-level row.
wave-b.csv:22,AUDIT-010,AUDIT,MOD-010,"Аудит и история действий модуля (append-only, redaction-aware)",unresolved,,,,,,SCR-060 Проекты: список; SCR-061 Проект: обзор; SCR-062 Проект: задачи; SCR-063 Проект: календарь; SCR-064 Проект: участники; SCR-065 Проект: файлы; SCR-066 Проект: контакты; SCR-067 Проект: комментарии; SCR-068 Проект: история; SCR-069 Проект: настройки; SCR-070 Создать/редактировать проект; SCR-071 Project role/overrides; SCR-072 Lifecycle проекта,FLOW-013 Создание проекта; FLOW-014 Добавление участника; FLOW-035 Завершение и архивирование проекта,Audit/security,implementation_matrix.csv wave-b.csv:22 Source='Architecture audit principles; OpenAPI side effects'; traceability 4.5 AUDIT-010 API cell='Domain command + audit/history endpoints'; openapi.yaml contains no operationId for this requirement.,Sources name domain command + audit/history endpoints without an operationId; audit evidence is enforced by the module AC rows (resolved individually); no confirmed API link for the module-level row.
wave-b.csv:42,DATA-011,DATA,MOD-011,Данные модуля: DTO/агрегаты и их поля по OpenAPI,unresolved,,,,,,SCR-080 Каталог файлов; SCR-081 Карточка CatalogItem; SCR-082 Добавить CatalogItem; SCR-083 Управление locations; SCR-084 Выбор пути и открытие; SCR-085 Недоступный файл; SCR-086 Перепривязка location; SCR-087 Добавить альтернативный path; SCR-088 Связи CatalogItem; SCR-089 Контекстное меню каталога; SCR-090 Диагностика availability; SCR-210 Windows file/folder picker,FLOW-015 Открытие файла; FLOW-016 Недоступный файл; FLOW-017 Перепривязка файла; FLOW-036 Добавить альтернативный FileLocation,Boundary/contract UI,implementation_matrix.csv wave-b.csv:42 Source='DEC-036/037/041'; traceability 4.5 DATA-011 API cell='OpenAPI operations of module'; openapi.yaml contains no operationId for this requirement.,Sources name module operations without an operationId; the DTO field contract is enforced by the module AC rows (resolved individually); no confirmed API link for the module-level row.
wave-b.csv:43,PERM-011,PERM,MOD-011,Права модуля: capabilities и scopes по OpenAPI,unresolved,,,,,,SCR-080 Каталог файлов; SCR-081 Карточка CatalogItem; SCR-082 Добавить CatalogItem; SCR-083 Управление locations; SCR-084 Выбор пути и открытие; SCR-085 Недоступный файл; SCR-086 Перепривязка location; SCR-087 Добавить альтернативный path; SCR-088 Связи CatalogItem; SCR-089 Контекстное меню каталога; SCR-090 Диагностика availability; SCR-210 Windows file/folder picker,FLOW-015 Открытие файла; FLOW-016 Недоступный файл; FLOW-017 Перепривязка файла; FLOW-036 Добавить альтернативный FileLocation,Security/authorization,implementation_matrix.csv wave-b.csv:43 Source='DEC-004/030; OpenAPI'; traceability 4.5 PERM-011 API cell='OpenAPI operations of module'; openapi.yaml contains no operationId for this requirement.,Sources name module operations without an operationId; the permission set is enforced by the module Permission-denial AC rows (resolved individually); no confirmed API link for the module-level row.
wave-b.csv:44,ERR-011,ERR,MOD-011,"Ошибки модуля: стабильные коды, HTTP-статусы и recovery по OpenAPI",unresolved,,,,,,SCR-080 Каталог файлов; SCR-081 Карточка CatalogItem; SCR-082 Добавить CatalogItem; SCR-083 Управление locations; SCR-084 Выбор пути и открытие; SCR-085 Недоступный файл; SCR-086 Перепривязка location; SCR-087 Добавить альтернативный path; SCR-088 Связи CatalogItem; SCR-089 Контекстное меню каталога; SCR-090 Диагностика availability; SCR-210 Windows file/folder picker,FLOW-015 Открытие файла; FLOW-016 Недоступный файл; FLOW-017 Перепривязка файла; FLOW-036 Добавить альтернативный FileLocation,Error handling,implementation_matrix.csv wave-b.csv:44 Source='errors.csv; State Matrix'; traceability 4.5 ERR-011 API cell='OpenAPI operations of module'; openapi.yaml contains no operationId for this requirement.,Sources name module operations without an operationId; stable error handling is enforced by the module AC rows (resolved individually); no confirmed API link for the module-level row.
wave-b.csv:46,AUDIT-011,AUDIT,MOD-011,"Аудит и история действий модуля (append-only, redaction-aware)",unresolved,,,,,,SCR-080 Каталог файлов; SCR-081 Карточка CatalogItem; SCR-082 Добавить CatalogItem; SCR-083 Управление locations; SCR-084 Выбор пути и открытие; SCR-085 Недоступный файл; SCR-086 Перепривязка location; SCR-087 Добавить альтернативный path; SCR-088 Связи CatalogItem; SCR-089 Контекстное меню каталога; SCR-090 Диагностика availability; SCR-210 Windows file/folder picker,FLOW-015 Открытие файла; FLOW-016 Недоступный файл; FLOW-017 Перепривязка файла; FLOW-036 Добавить альтернативный FileLocation,Audit/security,implementation_matrix.csv wave-b.csv:46 Source='Architecture audit principles; OpenAPI side effects'; traceability 4.5 AUDIT-011 API cell='Domain command + audit/history endpoints'; openapi.yaml contains no operationId for this requirement.,Sources name domain command + audit/history endpoints without an operationId; audit evidence is enforced by the module AC rows (resolved individually); no confirmed API link for the module-level row.
wave-b.csv:70,DATA-012,DATA,MOD-012,Данные модуля: DTO/агрегаты и их поля по OpenAPI,unresolved,,,,,,SCR-110 Контакты и компании: список; SCR-111 Карточка контакта; SCR-112 Редактор контакта; SCR-113 Карточка компании; SCR-114 Редактор компании; SCR-115 Каналы связи и адреса; SCR-118 Связанные Task/Project/File; SCR-119 Контекстное меню CRM,FLOW-018 Создание контакта,Boundary/contract UI,implementation_matrix.csv wave-b.csv:70 Source='DEC-036/037/041'; traceability 4.5 DATA-012 API cell='OpenAPI operations of module'; openapi.yaml contains no operationId for this requirement.,Sources name module operations without an operationId; the DTO field contract is enforced by the module AC rows (resolved individually); no confirmed API link for the module-level row.
wave-b.csv:71,PERM-012,PERM,MOD-012,Права модуля: capabilities и scopes по OpenAPI,unresolved,,,,,,SCR-110 Контакты и компании: список; SCR-111 Карточка контакта; SCR-112 Редактор контакта; SCR-113 Карточка компании; SCR-114 Редактор компании; SCR-115 Каналы связи и адреса; SCR-118 Связанные Task/Project/File; SCR-119 Контекстное меню CRM,FLOW-018 Создание контакта,Security/authorization,implementation_matrix.csv wave-b.csv:71 Source='DEC-004/030; OpenAPI'; traceability 4.5 PERM-012 API cell='OpenAPI operations of module'; openapi.yaml contains no operationId for this requirement.,Sources name module operations without an operationId; the permission set is enforced by the module Permission-denial AC rows (resolved individually); no confirmed API link for the module-level row.
wave-b.csv:72,ERR-012,ERR,MOD-012,"Ошибки модуля: стабильные коды, HTTP-статусы и recovery по OpenAPI",unresolved,,,,,,SCR-110 Контакты и компании: список; SCR-111 Карточка контакта; SCR-112 Редактор контакта; SCR-113 Карточка компании; SCR-114 Редактор компании; SCR-115 Каналы связи и адреса; SCR-118 Связанные Task/Project/File; SCR-119 Контекстное меню CRM,FLOW-018 Создание контакта,Error handling,implementation_matrix.csv wave-b.csv:72 Source='errors.csv; State Matrix'; traceability 4.5 ERR-012 API cell='OpenAPI operations of module'; openapi.yaml contains no operationId for this requirement.,Sources name module operations without an operationId; stable error handling is enforced by the module AC rows (resolved individually); no confirmed API link for the module-level row.
wave-b.csv:74,AUDIT-012,AUDIT,MOD-012,"Аудит и история действий модуля (append-only, redaction-aware)",unresolved,,,,,,SCR-110 Контакты и компании: список; SCR-111 Карточка контакта; SCR-112 Редактор контакта; SCR-113 Карточка компании; SCR-114 Редактор компании; SCR-115 Каналы связи и адреса; SCR-118 Связанные Task/Project/File; SCR-119 Контекстное меню CRM,FLOW-018 Создание контакта,Audit/security,implementation_matrix.csv wave-b.csv:74 Source='Architecture audit principles; OpenAPI side effects'; traceability 4.5 AUDIT-012 API cell='Domain command + audit/history endpoints'; openapi.yaml contains no operationId for this requirement.,Sources name domain command + audit/history endpoints without an operationId; audit evidence is enforced by the module AC rows (resolved individually); no confirmed API link for the module-level row.
wave-b.csv:101,DATA-013,DATA,MOD-013,Данные модуля: DTO/агрегаты и их поля по OpenAPI,unresolved,,,,,,"SCR-035 Комментарии объекта; SCR-067 Проект: комментарии; SCR-116 Interaction timeline; SCR-117 PII policy, object links; SCR-202 Общие comments; SCR-203 Связи и tags",FLOW-037 Создать Interaction,Boundary/contract UI,implementation_matrix.csv wave-b.csv:101 Source='DEC-036/037/041'; traceability 4.5 DATA-013 API cell='OpenAPI operations of module'; openapi.yaml contains no operationId for this requirement.,Sources name module operations without an operationId; the DTO field contract is enforced by the module AC rows (resolved individually); no confirmed API link for the module-level row.
wave-b.csv:102,PERM-013,PERM,MOD-013,Права модуля: capabilities и scopes по OpenAPI,unresolved,,,,,,"SCR-035 Комментарии объекта; SCR-067 Проект: комментарии; SCR-116 Interaction timeline; SCR-117 PII policy, object links; SCR-202 Общие comments; SCR-203 Связи и tags",FLOW-037 Создать Interaction,Security/authorization,implementation_matrix.csv wave-b.csv:102 Source='DEC-004/030; OpenAPI'; traceability 4.5 PERM-013 API cell='OpenAPI operations of module'; openapi.yaml contains no operationId for this requirement.,Sources name module operations without an operationId; the permission set is enforced by the module Permission-denial AC rows (resolved individually); no confirmed API link for the module-level row.
wave-b.csv:103,ERR-013,ERR,MOD-013,"Ошибки модуля: стабильные коды, HTTP-статусы и recovery по OpenAPI",unresolved,,,,,,"SCR-035 Комментарии объекта; SCR-067 Проект: комментарии; SCR-116 Interaction timeline; SCR-117 PII policy, object links; SCR-202 Общие comments; SCR-203 Связи и tags",FLOW-037 Создать Interaction,Error handling,implementation_matrix.csv wave-b.csv:103 Source='errors.csv; State Matrix'; traceability 4.5 ERR-013 API cell='OpenAPI operations of module'; openapi.yaml contains no operationId for this requirement.,Sources name module operations without an operationId; stable error handling is enforced by the module AC rows (resolved individually); no confirmed API link for the module-level row.
wave-b.csv:105,AUDIT-013,AUDIT,MOD-013,"Аудит и история действий модуля (append-only, redaction-aware)",unresolved,,,,,,"SCR-035 Комментарии объекта; SCR-067 Проект: комментарии; SCR-116 Interaction timeline; SCR-117 PII policy, object links; SCR-202 Общие comments; SCR-203 Связи и tags",FLOW-037 Создать Interaction,Audit/security,implementation_matrix.csv wave-b.csv:105 Source='Architecture audit principles; OpenAPI side effects'; traceability 4.5 AUDIT-013 API cell='Domain command + audit/history endpoints'; openapi.yaml contains no operationId for this requirement.,Sources name domain command + audit/history endpoints without an operationId; audit evidence is enforced by the module AC rows (resolved individually); no confirmed API link for the module-level row.
wave-b.csv:135,DATA-021,DATA,MOD-021,Данные модуля: DTO/агрегаты и их поля по OpenAPI,unresolved,,,,,,"SCR-036 История объекта; SCR-068 Проект: история; SCR-172 Карточка пользователя; SCR-186 Audit; SCR-201 ETag/If-Match, task aggregate, directory",FLOW-025 Optimistic conflict; FLOW-029 Блокировка пользователя; FLOW-030 Изменение permissions,Boundary/contract UI,implementation_matrix.csv wave-b.csv:135 Source='DEC-036/037/041'; traceability 4.5 DATA-021 API cell='OpenAPI operations of module'; openapi.yaml contains no operationId for this requirement.,Sources name module operations without an operationId; the DTO field contract is enforced by the module AC rows (resolved individually); no confirmed API link for the module-level row.
wave-b.csv:136,PERM-021,PERM,MOD-021,Права модуля: capabilities и scopes по OpenAPI,unresolved,,,,,,"SCR-036 История объекта; SCR-068 Проект: история; SCR-172 Карточка пользователя; SCR-186 Audit; SCR-201 ETag/If-Match, task aggregate, directory",FLOW-025 Optimistic conflict; FLOW-029 Блокировка пользователя; FLOW-030 Изменение permissions,Security/authorization,implementation_matrix.csv wave-b.csv:136 Source='DEC-004/030; OpenAPI'; traceability 4.5 PERM-021 API cell='OpenAPI operations of module'; openapi.yaml contains no operationId for this requirement.,Sources name module operations without an operationId; the permission set is enforced by the module Permission-denial AC rows (resolved individually); no confirmed API link for the module-level row.
wave-b.csv:137,ERR-021,ERR,MOD-021,"Ошибки модуля: стабильные коды, HTTP-статусы и recovery по OpenAPI",unresolved,,,,,,"SCR-036 История объекта; SCR-068 Проект: история; SCR-172 Карточка пользователя; SCR-186 Audit; SCR-201 ETag/If-Match, task aggregate, directory",FLOW-025 Optimistic conflict; FLOW-029 Блокировка пользователя; FLOW-030 Изменение permissions,Error handling,implementation_matrix.csv wave-b.csv:137 Source='errors.csv; State Matrix'; traceability 4.5 ERR-021 API cell='OpenAPI operations of module'; openapi.yaml contains no operationId for this requirement.,Sources name module operations without an operationId; stable error handling is enforced by the module AC rows (resolved individually); no confirmed API link for the module-level row.
wave-b.csv:139,AUDIT-021,AUDIT,MOD-021,"Аудит и история действий модуля (append-only, redaction-aware)",unresolved,,,,,,"SCR-036 История объекта; SCR-068 Проект: история; SCR-172 Карточка пользователя; SCR-186 Audit; SCR-201 ETag/If-Match, task aggregate, directory",FLOW-025 Optimistic conflict; FLOW-029 Блокировка пользователя; FLOW-030 Изменение permissions,Audit/security,implementation_matrix.csv wave-b.csv:139 Source='Architecture audit principles; OpenAPI side effects'; traceability 4.5 AUDIT-021 API cell='Domain command + audit/history endpoints'; openapi.yaml contains no operationId for this requirement.,Sources name domain command + audit/history endpoints without an operationId; audit evidence is enforced by the module AC rows (resolved individually); no confirmed API link for the module-level row.
wave-b.csv:264,AC-1587,AC,MOD-010,[STATE-007] Field contract: ProjectCreate.name respects type/required/nullable/limits/PATCH semantics,resolved,POST_api_v1_projects,POST,/api/v1/projects,Project.Create,Task.Application.MOD-010.POST_api_v1_projectsHandler,SCR-060 Проекты: список; SCR-061 Проект: обзор; SCR-062 Проект: задачи; SCR-063 Проект: календарь; SCR-064 Проект: участники; SCR-065 Проект: файлы; SCR-066 Проект: контакты; SCR-067 Проект: комментарии; SCR-068 Проект: история; SCR-069 Проект: настройки; SCR-070 Создать/редактировать проект; SCR-071 Project role/overrides; SCR-072 Lifecycle проекта,FLOW-013 Создание проекта; FLOW-014 Добавление участника; FLOW-035 Завершение и архивирование проекта,Boundary/contract UI,implementation_matrix.csv wave-b.csv:264 Source='dto_field_catalog.csv:ProjectCreate.name; openapi.yaml operation POST_api_v1_projects'; openapi.yaml operationId POST_api_v1_projects = POST /api/v1/projects; traceability 4.5 FR-084 Permission=Project.Create,Source field of the matrix row confirms operationId POST_api_v1_projects; method and path verified in openapi.yaml; permission confirmed via traceability FR-084.
wave-b.csv:265,AC-1588,AC,MOD-010,[STATE-007] Field contract: ProjectPatch.name respects type/required/nullable/limits/PATCH semantics,resolved,PATCH_api_v1_projects_id,PATCH,/api/v1/projects/{id},Project.Update,Task.Application.MOD-010.PATCH_api_v1_projects_idHandler,SCR-060 Проекты: список; SCR-061 Проект: обзор; SCR-062 Проект: задачи; SCR-063 Проект: календарь; SCR-064 Проект: участники; SCR-065 Проект: файлы; SCR-066 Проект: контакты; SCR-067 Проект: комментарии; SCR-068 Проект: история; SCR-069 Проект: настройки; SCR-070 Создать/редактировать проект; SCR-071 Project role/overrides; SCR-072 Lifecycle проекта,FLOW-013 Создание проекта; FLOW-014 Добавление участника; FLOW-035 Завершение и архивирование проекта,Boundary/contract UI,implementation_matrix.csv wave-b.csv:265 Source='dto_field_catalog.csv:ProjectPatch.name; openapi.yaml operation PATCH_api_v1_projects_id'; openapi.yaml operationId PATCH_api_v1_projects_id = PATCH /api/v1/projects/{id}; traceability 4.5 FR-087 Permission=Project.Update,Source field of the matrix row confirms operationId PATCH_api_v1_projects_id; method and path verified in openapi.yaml; permission confirmed via traceability FR-087.
wave-b.csv:266,AC-1589,AC,MOD-010,[STATE-007] Field contract: ProjectCreate.description respects type/required/nullable/limits/PATCH semantics,resolved,POST_api_v1_projects,POST,/api/v1/projects,Project.Create,Task.Application.MOD-010.POST_api_v1_projectsHandler,SCR-060 Проекты: список; SCR-061 Проект: обзор; SCR-062 Проект: задачи; SCR-063 Проект: календарь; SCR-064 Проект: участники; SCR-065 Проект: файлы; SCR-066 Проект: контакты; SCR-067 Проект: комментарии; SCR-068 Проект: история; SCR-069 Проект: настройки; SCR-070 Создать/редактировать проект; SCR-071 Project role/overrides; SCR-072 Lifecycle проекта,FLOW-013 Создание проекта; FLOW-014 Добавление участника; FLOW-035 Завершение и архивирование проекта,Boundary/contract UI,implementation_matrix.csv wave-b.csv:266 Source='dto_field_catalog.csv:ProjectCreate.description; openapi.yaml operation POST_api_v1_projects'; openapi.yaml operationId POST_api_v1_projects = POST /api/v1/projects; traceability 4.5 FR-084 Permission=Project.Create,Source field of the matrix row confirms operationId POST_api_v1_projects; method and path verified in openapi.yaml; permission confirmed via traceability FR-084.
wave-b.csv:267,AC-1590,AC,MOD-010,[STATE-007] Field contract: ProjectPatch.description respects type/required/nullable/limits/PATCH semantics,resolved,PATCH_api_v1_projects_id,PATCH,/api/v1/projects/{id},Project.Update,Task.Application.MOD-010.PATCH_api_v1_projects_idHandler,SCR-060 Проекты: список; SCR-061 Проект: обзор; SCR-062 Проект: задачи; SCR-063 Проект: календарь; SCR-064 Проект: участники; SCR-065 Проект: файлы; SCR-066 Проект: контакты; SCR-067 Проект: комментарии; SCR-068 Проект: история; SCR-069 Проект: настройки; SCR-070 Создать/редактировать проект; SCR-071 Project role/overrides; SCR-072 Lifecycle проекта,FLOW-013 Создание проекта; FLOW-014 Добавление участника; FLOW-035 Завершение и архивирование проекта,Boundary/contract UI,implementation_matrix.csv wave-b.csv:267 Source='dto_field_catalog.csv:ProjectPatch.description; openapi.yaml operation PATCH_api_v1_projects_id'; openapi.yaml operationId PATCH_api_v1_projects_id = PATCH /api/v1/projects/{id}; traceability 4.5 FR-087 Permission=Project.Update,Source field of the matrix row confirms operationId PATCH_api_v1_projects_id; method and path verified in openapi.yaml; permission confirmed via traceability FR-087.
wave-b.csv:268,AC-1591,AC,MOD-010,[STATE-007] Field contract: ProjectCreate.status respects type/required/nullable/limits/PATCH semantics,resolved,POST_api_v1_projects,POST,/api/v1/projects,Project.Create,Task.Application.MOD-010.POST_api_v1_projectsHandler,SCR-060 Проекты: список; SCR-061 Проект: обзор; SCR-062 Проект: задачи; SCR-063 Проект: календарь; SCR-064 Проект: участники; SCR-065 Проект: файлы; SCR-066 Проект: контакты; SCR-067 Проект: комментарии; SCR-068 Проект: история; SCR-069 Проект: настройки; SCR-070 Создать/редактировать проект; SCR-071 Project role/overrides; SCR-072 Lifecycle проекта,FLOW-013 Создание проекта; FLOW-014 Добавление участника; FLOW-035 Завершение и архивирование проекта,Boundary/contract UI,implementation_matrix.csv wave-b.csv:268 Source='dto_field_catalog.csv:ProjectCreate.status; openapi.yaml operation POST_api_v1_projects'; openapi.yaml operationId POST_api_v1_projects = POST /api/v1/projects; traceability 4.5 FR-084 Permission=Project.Create,Source field of the matrix row confirms operationId POST_api_v1_projects; method and path verified in openapi.yaml; permission confirmed via traceability FR-084.
wave-b.csv:269,AC-1592,AC,MOD-010,[STATE-007] Field contract: ProjectMemberCreate.status respects type/required/nullable/limits/PATCH semantics,resolved,POST_api_v1_projects_id_members,POST,/api/v1/projects/{id}/members,Project.ManageMembers,Task.Application.MOD-010.POST_api_v1_projects_id_membersHandler,SCR-060 Проекты: список; SCR-061 Проект: обзор; SCR-062 Проект: задачи; SCR-063 Проект: календарь; SCR-064 Проект: участники; SCR-065 Проект: файлы; SCR-066 Проект: контакты; SCR-067 Проект: комментарии; SCR-068 Проект: история; SCR-069 Проект: настройки; SCR-070 Создать/редактировать проект; SCR-071 Project role/overrides; SCR-072 Lifecycle проекта,FLOW-013 Создание проекта; FLOW-014 Добавление участника; FLOW-035 Завершение и архивирование проекта,Boundary/contract UI,implementation_matrix.csv wave-b.csv:269 Source='dto_field_catalog.csv:ProjectMemberCreate.status; openapi.yaml operation POST_api_v1_projects_id_members'; openapi.yaml operationId POST_api_v1_projects_id_members = POST /api/v1/projects/{id}/members; traceability 4.5 FR-090 Permission=Project.ManageMembers,Source field of the matrix row confirms operationId POST_api_v1_projects_id_members; method and path verified in openapi.yaml; permission confirmed via traceability FR-090.
wave-b.csv:270,AC-1593,AC,MOD-010,[STATE-007] Field contract: ProjectMemberPatch.status respects type/required/nullable/limits/PATCH semantics,resolved,PATCH_api_v1_projects_id_members_userId,PATCH,/api/v1/projects/{id}/members/{userId},Project.ManageMembers,Task.Application.MOD-010.PATCH_api_v1_projects_id_members_userIdHandler,SCR-060 Проекты: список; SCR-061 Проект: обзор; SCR-062 Проект: задачи; SCR-063 Проект: календарь; SCR-064 Проект: участники; SCR-065 Проект: файлы; SCR-066 Проект: контакты; SCR-067 Проект: комментарии; SCR-068 Проект: история; SCR-069 Проект: настройки; SCR-070 Создать/редактировать проект; SCR-071 Project role/overrides; SCR-072 Lifecycle проекта,FLOW-013 Создание проекта; FLOW-014 Добавление участника; FLOW-035 Завершение и архивирование проекта,Boundary/contract UI,implementation_matrix.csv wave-b.csv:270 Source='dto_field_catalog.csv:ProjectMemberPatch.status; openapi.yaml operation PATCH_api_v1_projects_id_members_userId'; openapi.yaml operationId PATCH_api_v1_projects_id_members_userId = PATCH /api/v1/projects/{id}/members/{userId}; traceability 4.5 FR-092 Permission=Project.ManageMembers,Source field of the matrix row confirms operationId PATCH_api_v1_projects_id_members_userId; method and path verified in openapi.yaml; permission confirmed via traceability FR-092.
wave-b.csv:271,AC-1594,AC,MOD-010,[STATE-007] Field contract: ProjectPatch.status respects type/required/nullable/limits/PATCH semantics,resolved,PATCH_api_v1_projects_id,PATCH,/api/v1/projects/{id},Project.Update,Task.Application.MOD-010.PATCH_api_v1_projects_idHandler,SCR-060 Проекты: список; SCR-061 Проект: обзор; SCR-062 Проект: задачи; SCR-063 Проект: календарь; SCR-064 Проект: участники; SCR-065 Проект: файлы; SCR-066 Проект: контакты; SCR-067 Проект: комментарии; SCR-068 Проект: история; SCR-069 Проект: настройки; SCR-070 Создать/редактировать проект; SCR-071 Project role/overrides; SCR-072 Lifecycle проекта,FLOW-013 Создание проекта; FLOW-014 Добавление участника; FLOW-035 Завершение и архивирование проекта,Boundary/contract UI,implementation_matrix.csv wave-b.csv:271 Source='dto_field_catalog.csv:ProjectPatch.status; openapi.yaml operation PATCH_api_v1_projects_id'; openapi.yaml operationId PATCH_api_v1_projects_id = PATCH /api/v1/projects/{id}; traceability 4.5 FR-087 Permission=Project.Update,Source field of the matrix row confirms operationId PATCH_api_v1_projects_id; method and path verified in openapi.yaml; permission confirmed via traceability FR-087.
wave-b.csv:272,AC-1595,AC,MOD-010,[STATE-007] Field contract: ProjectMemberCreate.projectId respects type/required/nullable/limits/PATCH semantics,resolved,POST_api_v1_projects_id_members,POST,/api/v1/projects/{id}/members,Project.ManageMembers,Task.Application.MOD-010.POST_api_v1_projects_id_membersHandler,SCR-060 Проекты: список; SCR-061 Проект: обзор; SCR-062 Проект: задачи; SCR-063 Проект: календарь; SCR-064 Проект: участники; SCR-065 Проект: файлы; SCR-066 Проект: контакты; SCR-067 Проект: комментарии; SCR-068 Проект: история; SCR-069 Проект: настройки; SCR-070 Создать/редактировать проект; SCR-071 Project role/overrides; SCR-072 Lifecycle проекта,FLOW-013 Создание проекта; FLOW-014 Добавление участника; FLOW-035 Завершение и архивирование проекта,Boundary/contract UI,implementation_matrix.csv wave-b.csv:272 Source='dto_field_catalog.csv:ProjectMemberCreate.projectId; openapi.yaml operation POST_api_v1_projects_id_members'; openapi.yaml operationId POST_api_v1_projects_id_members = POST /api/v1/projects/{id}/members; traceability 4.5 FR-090 Permission=Project.ManageMembers,Source field of the matrix row confirms operationId POST_api_v1_projects_id_members; method and path verified in openapi.yaml; permission confirmed via traceability FR-090.
wave-b.csv:273,AC-1596,AC,MOD-010,[STATE-007] Field contract: ProjectMemberPatch.projectId respects type/required/nullable/limits/PATCH semantics,resolved,PATCH_api_v1_projects_id_members_userId,PATCH,/api/v1/projects/{id}/members/{userId},Project.ManageMembers,Task.Application.MOD-010.PATCH_api_v1_projects_id_members_userIdHandler,SCR-060 Проекты: список; SCR-061 Проект: обзор; SCR-062 Проект: задачи; SCR-063 Проект: календарь; SCR-064 Проект: участники; SCR-065 Проект: файлы; SCR-066 Проект: контакты; SCR-067 Проект: комментарии; SCR-068 Проект: история; SCR-069 Проект: настройки; SCR-070 Создать/редактировать проект; SCR-071 Project role/overrides; SCR-072 Lifecycle проекта,FLOW-013 Создание проекта; FLOW-014 Добавление участника; FLOW-035 Завершение и архивирование проекта,Boundary/contract UI,implementation_matrix.csv wave-b.csv:273 Source='dto_field_catalog.csv:ProjectMemberPatch.projectId; openapi.yaml operation PATCH_api_v1_projects_id_members_userId'; openapi.yaml operationId PATCH_api_v1_projects_id_members_userId = PATCH /api/v1/projects/{id}/members/{userId}; traceability 4.5 FR-092 Permission=Project.ManageMembers,Source field of the matrix row confirms operationId PATCH_api_v1_projects_id_members_userId; method and path verified in openapi.yaml; permission confirmed via traceability FR-092.
wave-b.csv:274,AC-1597,AC,MOD-010,[STATE-007] Field contract: (query parameters).status respects type/required/nullable/limits/PATCH semantics,resolved,GET_api_v1_projects_id_members,GET,/api/v1/projects/{id}/members,Project.ManageMembers,Task.Application.MOD-010.GET_api_v1_projects_id_membersHandler,SCR-060 Проекты: список; SCR-061 Проект: обзор; SCR-062 Проект: задачи; SCR-063 Проект: календарь; SCR-064 Проект: участники; SCR-065 Проект: файлы; SCR-066 Проект: контакты; SCR-067 Проект: комментарии; SCR-068 Проект: история; SCR-069 Проект: настройки; SCR-070 Создать/редактировать проект; SCR-071 Project role/overrides; SCR-072 Lifecycle проекта,FLOW-013 Создание проекта; FLOW-014 Добавление участника; FLOW-035 Завершение и архивирование проекта,Boundary/contract UI,implementation_matrix.csv wave-b.csv:274 Source='openapi.yaml#/paths//api/v1/projects/{id}/members/get/parameters/status' (exact OpenAPI path+method of the parameter); openapi.yaml maps GET /api/v1/projects/{id}/members to operationId GET_api_v1_projects_id_members; traceability 4.5 FR-089 Permission=Project.ManageMembers,Matrix row Source references the exact path+method in openapi.yaml; operationId GET_api_v1_projects_id_members resolved from openapi.yaml at that path; permission confirmed via traceability FR-089.
wave-b.csv:275,AC-1598,AC,MOD-010,[STATE-007/Archived (Stage 3.5 State Matrix)] Field contract: ArchiveRequest.status respects type/required/nullable/limits/PATCH semantics,resolved,POST_api_v1_projects_id_archive,POST,/api/v1/projects/{id}/archive,Project.Archive,Task.Application.MOD-010.POST_api_v1_projects_id_archiveHandler,SCR-060 Проекты: список; SCR-061 Проект: обзор; SCR-062 Проект: задачи; SCR-063 Проект: календарь; SCR-064 Проект: участники; SCR-065 Проект: файлы; SCR-066 Проект: контакты; SCR-067 Проект: комментарии; SCR-068 Проект: история; SCR-069 Проект: настройки; SCR-070 Создать/редактировать проект; SCR-071 Project role/overrides; SCR-072 Lifecycle проекта,FLOW-013 Создание проекта; FLOW-014 Добавление участника; FLOW-035 Завершение и архивирование проекта,Boundary/contract UI,implementation_matrix.csv wave-b.csv:275 Source='dto_field_catalog.csv:Project.status; openapi.yaml operation POST_api_v1_projects_id_archive'; openapi.yaml operationId POST_api_v1_projects_id_archive = POST /api/v1/projects/{id}/archive; traceability 4.5 FR-088 Permission=Project.Archive,Source field of the matrix row confirms operationId POST_api_v1_projects_id_archive; method and path verified in openapi.yaml; permission confirmed via traceability FR-088.
wave-b.csv:276,AC-1599,AC,MOD-010,[STATE-007] Field contract: PermissionCodes.status respects type/required/nullable/limits/PATCH semantics,resolved,PUT_api_v1_project_roles_id_permissions,PUT,/api/v1/project-roles/{id}/permissions,Role.Manage,Task.Application.MOD-010.PUT_api_v1_project_roles_id_permissionsHandler,SCR-060 Проекты: список; SCR-061 Проект: обзор; SCR-062 Проект: задачи; SCR-063 Проект: календарь; SCR-064 Проект: участники; SCR-065 Проект: файлы; SCR-066 Проект: контакты; SCR-067 Проект: комментарии; SCR-068 Проект: история; SCR-069 Проект: настройки; SCR-070 Создать/редактировать проект; SCR-071 Project role/overrides; SCR-072 Lifecycle проекта,FLOW-013 Создание проекта; FLOW-014 Добавление участника; FLOW-035 Завершение и архивирование проекта,Boundary/contract UI,implementation_matrix.csv wave-b.csv:276 Source='dto_field_catalog.csv:ProjectRole.status; openapi.yaml operation PUT_api_v1_project_roles_id_permissions'; openapi.yaml operationId PUT_api_v1_project_roles_id_permissions = PUT /api/v1/project-roles/{id}/permissions; traceability 4.5 FR-212 Permission=Role.Manage,Source field of the matrix row confirms operationId PUT_api_v1_project_roles_id_permissions; method and path verified in openapi.yaml; permission confirmed via traceability FR-212.
wave-b.csv:277,AC-1600,AC,MOD-010,[STATE-007] Field contract: PermissionOverrides.status respects type/required/nullable/limits/PATCH semantics,resolved,PUT_api_v1_projects_id_members_userId_overrides,PUT,/api/v1/projects/{id}/members/{userId}/overrides,Project.ManageMembers,Task.Application.MOD-010.PUT_api_v1_projects_id_members_userId_overridesHandler,SCR-060 Проекты: список; SCR-061 Проект: обзор; SCR-062 Проект: задачи; SCR-063 Проект: календарь; SCR-064 Проект: участники; SCR-065 Проект: файлы; SCR-066 Проект: контакты; SCR-067 Проект: комментарии; SCR-068 Проект: история; SCR-069 Проект: настройки; SCR-070 Создать/редактировать проект; SCR-071 Project role/overrides; SCR-072 Lifecycle проекта,FLOW-013 Создание проекта; FLOW-014 Добавление участника; FLOW-035 Завершение и архивирование проекта,Boundary/contract UI,implementation_matrix.csv wave-b.csv:277 Source='dto_field_catalog.csv:ProjectMember.status; openapi.yaml operation PUT_api_v1_projects_id_members_userId_overrides'; openapi.yaml operationId PUT_api_v1_projects_id_members_userId_overrides = PUT /api/v1/projects/{id}/members/{userId}/overrides; traceability 4.5 FR-093 Permission=Project.ManageMembers,Source field of the matrix row confirms operationId PUT_api_v1_projects_id_members_userId_overrides; method and path verified in openapi.yaml; permission confirmed via traceability FR-093.
wave-b.csv:278,AC-1601,AC,MOD-010,[STATE-007/Trashed (Stage 3.5 State Matrix)] Field contract: RestoreRequest.status respects type/required/nullable/limits/PATCH semantics,resolved,POST_api_v1_projects_id_restore,POST,/api/v1/projects/{id}/restore,Project.Restore,Task.Application.MOD-010.POST_api_v1_projects_id_restoreHandler,SCR-060 Проекты: список; SCR-061 Проект: обзор; SCR-062 Проект: задачи; SCR-063 Проект: календарь; SCR-064 Проект: участники; SCR-065 Проект: файлы; SCR-066 Проект: контакты; SCR-067 Проект: комментарии; SCR-068 Проект: история; SCR-069 Проект: настройки; SCR-070 Создать/редактировать проект; SCR-071 Project role/overrides; SCR-072 Lifecycle проекта,FLOW-013 Создание проекта; FLOW-014 Добавление участника; FLOW-035 Завершение и архивирование проекта,Boundary/contract UI,implementation_matrix.csv wave-b.csv:278 Source='dto_field_catalog.csv:Project.status; openapi.yaml operation POST_api_v1_projects_id_restore'; openapi.yaml operationId POST_api_v1_projects_id_restore = POST /api/v1/projects/{id}/restore; traceability 4.5 FR-094 Permission=Project.Restore,Source field of the matrix row confirms operationId POST_api_v1_projects_id_restore; method and path verified in openapi.yaml; permission confirmed via traceability FR-094.
wave-b.csv:279,AC-1602,AC,MOD-010,[STATE-007] Field contract: TransferOwnershipRequest.status respects type/required/nullable/limits/PATCH semantics,resolved,POST_api_v1_projects_id_transfer_ownership,POST,/api/v1/projects/{id}/transfer-ownership,Project.TransferOwnership,Task.Application.MOD-010.POST_api_v1_projects_id_transfer_ownershipHandler,SCR-060 Проекты: список; SCR-061 Проект: обзор; SCR-062 Проект: задачи; SCR-063 Проект: календарь; SCR-064 Проект: участники; SCR-065 Проект: файлы; SCR-066 Проект: контакты; SCR-067 Проект: комментарии; SCR-068 Проект: история; SCR-069 Проект: настройки; SCR-070 Создать/редактировать проект; SCR-071 Project role/overrides; SCR-072 Lifecycle проекта,FLOW-013 Создание проекта; FLOW-014 Добавление участника; FLOW-035 Завершение и архивирование проекта,Boundary/contract UI,implementation_matrix.csv wave-b.csv:279 Source='dto_field_catalog.csv:Project.status; openapi.yaml operation POST_api_v1_projects_id_transfer_ownership'; openapi.yaml operationId POST_api_v1_projects_id_transfer_ownership = POST /api/v1/projects/{id}/transfer-ownership; traceability 4.5 FR-095 Permission=Project.TransferOwnership,Source field of the matrix row confirms operationId POST_api_v1_projects_id_transfer_ownership; method and path verified in openapi.yaml; permission confirmed via traceability FR-095.
wave-b.csv:280,AC-1603,AC,MOD-010,[STATE-007] Field contract: —.status respects type/required/nullable/limits/PATCH semantics,resolved,GET_api_v1_projects_id,GET,/api/v1/projects/{id},Project.Read,Task.Application.MOD-010.GET_api_v1_projects_idHandler,SCR-060 Проекты: список; SCR-061 Проект: обзор; SCR-062 Проект: задачи; SCR-063 Проект: календарь; SCR-064 Проект: участники; SCR-065 Проект: файлы; SCR-066 Проект: контакты; SCR-067 Проект: комментарии; SCR-068 Проект: история; SCR-069 Проект: настройки; SCR-070 Создать/редактировать проект; SCR-071 Project role/overrides; SCR-072 Lifecycle проекта,FLOW-013 Создание проекта; FLOW-014 Добавление участника; FLOW-035 Завершение и архивирование проекта,Boundary/contract UI,implementation_matrix.csv wave-b.csv:280 Source='dto_field_catalog.csv:Project.status; openapi.yaml operation GET_api_v1_projects_id'; openapi.yaml operationId GET_api_v1_projects_id = GET /api/v1/projects/{id}; traceability 4.5 FR-086 Permission=Project.Read,Source field of the matrix row confirms operationId GET_api_v1_projects_id; method and path verified in openapi.yaml; permission confirmed via traceability FR-086.
wave-b.csv:281,AC-1604,AC,MOD-010,[STATE-007] Field contract: —.status respects type/required/nullable/limits/PATCH semantics,resolved,POST_api_v1_projects_id_unarchive,POST,/api/v1/projects/{id}/unarchive,Project.Archive,Task.Application.MOD-010.POST_api_v1_projects_id_unarchiveHandler,SCR-060 Проекты: список; SCR-061 Проект: обзор; SCR-062 Проект: задачи; SCR-063 Проект: календарь; SCR-064 Проект: участники; SCR-065 Проект: файлы; SCR-066 Проект: контакты; SCR-067 Проект: комментарии; SCR-068 Проект: история; SCR-069 Проект: настройки; SCR-070 Создать/редактировать проект; SCR-071 Project role/overrides; SCR-072 Lifecycle проекта,FLOW-013 Создание проекта; FLOW-014 Добавление участника; FLOW-035 Завершение и архивирование проекта,Boundary/contract UI,implementation_matrix.csv wave-b.csv:281 Source='dto_field_catalog.csv:Project.status; openapi.yaml operation POST_api_v1_projects_id_unarchive'; openapi.yaml operationId POST_api_v1_projects_id_unarchive = POST /api/v1/projects/{id}/unarchive; traceability 4.5 FR-096 Permission=Project.Archive,Source field of the matrix row confirms operationId POST_api_v1_projects_id_unarchive; method and path verified in openapi.yaml; permission confirmed via traceability FR-096.
wave-b.csv:282,AC-1605,AC,MOD-010,[STATE-007] Field contract: PermissionCodes.codes respects type/required/nullable/limits/PATCH semantics,resolved,PUT_api_v1_project_roles_id_permissions,PUT,/api/v1/project-roles/{id}/permissions,Role.Manage,Task.Application.MOD-010.PUT_api_v1_project_roles_id_permissionsHandler,SCR-060 Проекты: список; SCR-061 Проект: обзор; SCR-062 Проект: задачи; SCR-063 Проект: календарь; SCR-064 Проект: участники; SCR-065 Проект: файлы; SCR-066 Проект: контакты; SCR-067 Проект: комментарии; SCR-068 Проект: история; SCR-069 Проект: настройки; SCR-070 Создать/редактировать проект; SCR-071 Project role/overrides; SCR-072 Lifecycle проекта,FLOW-013 Создание проекта; FLOW-014 Добавление участника; FLOW-035 Завершение и архивирование проекта,Boundary/contract UI,implementation_matrix.csv wave-b.csv:282 Source='dto_field_catalog.csv:PermissionCodes.codes; openapi.yaml operation PUT_api_v1_project_roles_id_permissions'; openapi.yaml operationId PUT_api_v1_project_roles_id_permissions = PUT /api/v1/project-roles/{id}/permissions; traceability 4.5 FR-212 Permission=Role.Manage,Source field of the matrix row confirms operationId PUT_api_v1_project_roles_id_permissions; method and path verified in openapi.yaml; permission confirmed via traceability FR-212.
wave-b.csv:283,AC-1606,AC,MOD-010,[STATE-007] Field contract: PermissionOverrides.allow respects type/required/nullable/limits/PATCH semantics,resolved,PUT_api_v1_projects_id_members_userId_overrides,PUT,/api/v1/projects/{id}/members/{userId}/overrides,Project.ManageMembers,Task.Application.MOD-010.PUT_api_v1_projects_id_members_userId_overridesHandler,SCR-060 Проекты: список; SCR-061 Проект: обзор; SCR-062 Проект: задачи; SCR-063 Проект: календарь; SCR-064 Проект: участники; SCR-065 Проект: файлы; SCR-066 Проект: контакты; SCR-067 Проект: комментарии; SCR-068 Проект: история; SCR-069 Проект: настройки; SCR-070 Создать/редактировать проект; SCR-071 Project role/overrides; SCR-072 Lifecycle проекта,FLOW-013 Создание проекта; FLOW-014 Добавление участника; FLOW-035 Завершение и архивирование проекта,Boundary/contract UI,implementation_matrix.csv wave-b.csv:283 Source='dto_field_catalog.csv:PermissionOverrides.allow; openapi.yaml operation PUT_api_v1_projects_id_members_userId_overrides'; openapi.yaml operationId PUT_api_v1_projects_id_members_userId_overrides = PUT /api/v1/projects/{id}/members/{userId}/overrides; traceability 4.5 FR-093 Permission=Project.ManageMembers,Source field of the matrix row confirms operationId PUT_api_v1_projects_id_members_userId_overrides; method and path verified in openapi.yaml; permission confirmed via traceability FR-093.
wave-b.csv:284,AC-1607,AC,MOD-010,[STATE-007] Field contract: PermissionOverrides.deny respects type/required/nullable/limits/PATCH semantics,resolved,PUT_api_v1_projects_id_members_userId_overrides,PUT,/api/v1/projects/{id}/members/{userId}/overrides,Project.ManageMembers,Task.Application.MOD-010.PUT_api_v1_projects_id_members_userId_overridesHandler,SCR-060 Проекты: список; SCR-061 Проект: обзор; SCR-062 Проект: задачи; SCR-063 Проект: календарь; SCR-064 Проект: участники; SCR-065 Проект: файлы; SCR-066 Проект: контакты; SCR-067 Проект: комментарии; SCR-068 Проект: история; SCR-069 Проект: настройки; SCR-070 Создать/редактировать проект; SCR-071 Project role/overrides; SCR-072 Lifecycle проекта,FLOW-013 Создание проекта; FLOW-014 Добавление участника; FLOW-035 Завершение и архивирование проекта,Boundary/contract UI,implementation_matrix.csv wave-b.csv:284 Source='dto_field_catalog.csv:PermissionOverrides.deny; openapi.yaml operation PUT_api_v1_projects_id_members_userId_overrides'; openapi.yaml operationId PUT_api_v1_projects_id_members_userId_overrides = PUT /api/v1/projects/{id}/members/{userId}/overrides; traceability 4.5 FR-093 Permission=Project.ManageMembers,Source field of the matrix row confirms operationId PUT_api_v1_projects_id_members_userId_overrides; method and path verified in openapi.yaml; permission confirmed via traceability FR-093.
wave-b.csv:285,AC-1608,AC,MOD-010,[STATE-007] Field contract: PermissionOverrides.expectedMemberVersion respects type/required/nullable/limits/PATCH semantics,resolved,PUT_api_v1_projects_id_members_userId_overrides,PUT,/api/v1/projects/{id}/members/{userId}/overrides,Project.ManageMembers,Task.Application.MOD-010.PUT_api_v1_projects_id_members_userId_overridesHandler,SCR-060 Проекты: список; SCR-061 Проект: обзор; SCR-062 Проект: задачи; SCR-063 Проект: календарь; SCR-064 Проект: участники; SCR-065 Проект: файлы; SCR-066 Проект: контакты; SCR-067 Проект: комментарии; SCR-068 Проект: история; SCR-069 Проект: настройки; SCR-070 Создать/редактировать проект; SCR-071 Project role/overrides; SCR-072 Lifecycle проекта,FLOW-013 Создание проекта; FLOW-014 Добавление участника; FLOW-035 Завершение и архивирование проекта,Boundary/contract UI,implementation_matrix.csv wave-b.csv:285 Source='dto_field_catalog.csv:PermissionOverrides.expectedMemberVersion; openapi.yaml operation PUT_api_v1_projects_id_members_userId_overrides'; openapi.yaml operationId PUT_api_v1_projects_id_members_userId_overrides = PUT /api/v1/projects/{id}/members/{userId}/overrides; traceability 4.5 FR-093 Permission=Project.ManageMembers,Source field of the matrix row confirms operationId PUT_api_v1_projects_id_members_userId_overrides; method and path verified in openapi.yaml; permission confirmed via traceability FR-093.
wave-b.csv:286,AC-1609,AC,MOD-010,[STATE-007] Field contract: ProjectCreate.ownerUserId respects type/required/nullable/limits/PATCH semantics,resolved,POST_api_v1_projects,POST,/api/v1/projects,Project.Create,Task.Application.MOD-010.POST_api_v1_projectsHandler,SCR-060 Проекты: список; SCR-061 Проект: обзор; SCR-062 Проект: задачи; SCR-063 Проект: календарь; SCR-064 Проект: участники; SCR-065 Проект: файлы; SCR-066 Проект: контакты; SCR-067 Проект: комментарии; SCR-068 Проект: история; SCR-069 Проект: настройки; SCR-070 Создать/редактировать проект; SCR-071 Project role/overrides; SCR-072 Lifecycle проекта,FLOW-013 Создание проекта; FLOW-014 Добавление участника; FLOW-035 Завершение и архивирование проекта,Boundary/contract UI,implementation_matrix.csv wave-b.csv:286 Source='dto_field_catalog.csv:ProjectCreate.ownerUserId; openapi.yaml operation POST_api_v1_projects'; openapi.yaml operationId POST_api_v1_projects = POST /api/v1/projects; traceability 4.5 FR-084 Permission=Project.Create,Source field of the matrix row confirms operationId POST_api_v1_projects; method and path verified in openapi.yaml; permission confirmed via traceability FR-084.
wave-b.csv:287,AC-1610,AC,MOD-010,[STATE-007] Field contract: ProjectMemberCreate.projectRoleId respects type/required/nullable/limits/PATCH semantics,resolved,POST_api_v1_projects_id_members,POST,/api/v1/projects/{id}/members,Project.ManageMembers,Task.Application.MOD-010.POST_api_v1_projects_id_membersHandler,SCR-060 Проекты: список; SCR-061 Проект: обзор; SCR-062 Проект: задачи; SCR-063 Проект: календарь; SCR-064 Проект: участники; SCR-065 Проект: файлы; SCR-066 Проект: контакты; SCR-067 Проект: комментарии; SCR-068 Проект: история; SCR-069 Проект: настройки; SCR-070 Создать/редактировать проект; SCR-071 Project role/overrides; SCR-072 Lifecycle проекта,FLOW-013 Создание проекта; FLOW-014 Добавление участника; FLOW-035 Завершение и архивирование проекта,Boundary/contract UI,implementation_matrix.csv wave-b.csv:287 Source='dto_field_catalog.csv:ProjectMemberCreate.projectRoleId; openapi.yaml operation POST_api_v1_projects_id_members'; openapi.yaml operationId POST_api_v1_projects_id_members = POST /api/v1/projects/{id}/members; traceability 4.5 FR-090 Permission=Project.ManageMembers,Source field of the matrix row confirms operationId POST_api_v1_projects_id_members; method and path verified in openapi.yaml; permission confirmed via traceability FR-090.
wave-b.csv:288,AC-1837,AC,MOD-010,Permission denial for FR-083,resolved,GET_api_v1_projects,GET,/api/v1/projects,Project.Read,Task.Application.MOD-010.GET_api_v1_projectsHandler,SCR-060 Проекты: список; SCR-061 Проект: обзор; SCR-062 Проект: задачи; SCR-063 Проект: календарь; SCR-064 Проект: участники; SCR-065 Проект: файлы; SCR-066 Проект: контакты; SCR-067 Проект: комментарии; SCR-068 Проект: история; SCR-069 Проект: настройки; SCR-070 Создать/редактировать проект; SCR-071 Project role/overrides; SCR-072 Lifecycle проекта,FLOW-013 Создание проекта; FLOW-014 Добавление участника; FLOW-035 Завершение и архивирование проекта,Security/authorization,implementation_matrix.csv wave-b.csv:288 Source='OpenAPI `GET_api_v1_projects`; Stage_3_Field_Traceability_Final_3.5.csv; cross-cutting requirement PERM-010'; openapi.yaml operationId GET_api_v1_projects = GET /api/v1/projects; traceability 4.5 FR-083 Permission=Project.Read,Source field of the matrix row confirms operationId GET_api_v1_projects; method and path verified in openapi.yaml; permission confirmed via traceability FR-083.
wave-b.csv:289,AC-1858,AC,MOD-010,Stable error handling for FR-083,resolved,GET_api_v1_projects,GET,/api/v1/projects,Project.Read,Task.Application.MOD-010.GET_api_v1_projectsHandler,SCR-060 Проекты: список; SCR-061 Проект: обзор; SCR-062 Проект: задачи; SCR-063 Проект: календарь; SCR-064 Проект: участники; SCR-065 Проект: файлы; SCR-066 Проект: контакты; SCR-067 Проект: комментарии; SCR-068 Проект: история; SCR-069 Проект: настройки; SCR-070 Создать/редактировать проект; SCR-071 Project role/overrides; SCR-072 Lifecycle проекта,FLOW-013 Создание проекта; FLOW-014 Добавление участника; FLOW-035 Завершение и архивирование проекта,Error handling,implementation_matrix.csv wave-b.csv:289 Source='OpenAPI `GET_api_v1_projects`; Stage_3_Field_Traceability_Final_3.5.csv; cross-cutting requirement ERR-010'; openapi.yaml operationId GET_api_v1_projects = GET /api/v1/projects; traceability 4.5 FR-083 Permission=Project.Read,Source field of the matrix row confirms operationId GET_api_v1_projects; method and path verified in openapi.yaml; permission confirmed via traceability FR-083.
wave-b.csv:291,AC-1900,AC,MOD-010,Audit evidence for FR-083,resolved,GET_api_v1_projects,GET,/api/v1/projects,Project.Read,Task.Application.MOD-010.GET_api_v1_projectsHandler,SCR-060 Проекты: список; SCR-061 Проект: обзор; SCR-062 Проект: задачи; SCR-063 Проект: календарь; SCR-064 Проект: участники; SCR-065 Проект: файлы; SCR-066 Проект: контакты; SCR-067 Проект: комментарии; SCR-068 Проект: история; SCR-069 Проект: настройки; SCR-070 Создать/редактировать проект; SCR-071 Project role/overrides; SCR-072 Lifecycle проекта,FLOW-013 Создание проекта; FLOW-014 Добавление участника; FLOW-035 Завершение и архивирование проекта,Audit/security,implementation_matrix.csv wave-b.csv:291 Source='OpenAPI `GET_api_v1_projects`; Stage_3_Field_Traceability_Final_3.5.csv; cross-cutting requirement AUDIT-010'; openapi.yaml operationId GET_api_v1_projects = GET /api/v1/projects; traceability 4.5 FR-083 Permission=Project.Read,Source field of the matrix row confirms operationId GET_api_v1_projects; method and path verified in openapi.yaml; permission confirmed via traceability FR-083.
wave-b.csv:292,AC-2009,AC,MOD-010,Permission denial for FR-084,resolved,POST_api_v1_projects,POST,/api/v1/projects,Project.Create,Task.Application.MOD-010.POST_api_v1_projectsHandler,SCR-060 Проекты: список; SCR-061 Проект: обзор; SCR-062 Проект: задачи; SCR-063 Проект: календарь; SCR-064 Проект: участники; SCR-065 Проект: файлы; SCR-066 Проект: контакты; SCR-067 Проект: комментарии; SCR-068 Проект: история; SCR-069 Проект: настройки; SCR-070 Создать/редактировать проект; SCR-071 Project role/overrides; SCR-072 Lifecycle проекта,FLOW-013 Создание проекта; FLOW-014 Добавление участника; FLOW-035 Завершение и архивирование проекта,Security/authorization,implementation_matrix.csv wave-b.csv:292 Source='OpenAPI `POST_api_v1_projects`; Stage_3_Field_Traceability_Final_3.5.csv; cross-cutting requirement PERM-010'; openapi.yaml operationId POST_api_v1_projects = POST /api/v1/projects; traceability 4.5 FR-084 Permission=Project.Create,Source field of the matrix row confirms operationId POST_api_v1_projects; method and path verified in openapi.yaml; permission confirmed via traceability FR-084.
wave-b.csv:293,AC-2010,AC,MOD-010,Permission denial for FR-085,resolved,DELETE_api_v1_projects_id,DELETE,/api/v1/projects/{id},Project.Delete,Task.Application.MOD-010.DELETE_api_v1_projects_idHandler,SCR-060 Проекты: список; SCR-061 Проект: обзор; SCR-062 Проект: задачи; SCR-063 Проект: календарь; SCR-064 Проект: участники; SCR-065 Проект: файлы; SCR-066 Проект: контакты; SCR-067 Проект: комментарии; SCR-068 Проект: история; SCR-069 Проект: настройки; SCR-070 Создать/редактировать проект; SCR-071 Project role/overrides; SCR-072 Lifecycle проекта,FLOW-013 Создание проекта; FLOW-014 Добавление участника; FLOW-035 Завершение и архивирование проекта,Security/authorization,implementation_matrix.csv wave-b.csv:293 Source='OpenAPI `DELETE_api_v1_projects_id`; Stage_3_Field_Traceability_Final_3.5.csv; cross-cutting requirement PERM-010'; openapi.yaml operationId DELETE_api_v1_projects_id = DELETE /api/v1/projects/{id}; traceability 4.5 FR-085 Permission=Project.Delete,Source field of the matrix row confirms operationId DELETE_api_v1_projects_id; method and path verified in openapi.yaml; permission confirmed via traceability FR-085.
wave-b.csv:294,AC-2011,AC,MOD-010,Permission denial for FR-086,resolved,GET_api_v1_projects_id,GET,/api/v1/projects/{id},Project.Read,Task.Application.MOD-010.GET_api_v1_projects_idHandler,SCR-060 Проекты: список; SCR-061 Проект: обзор; SCR-062 Проект: задачи; SCR-063 Проект: календарь; SCR-064 Проект: участники; SCR-065 Проект: файлы; SCR-066 Проект: контакты; SCR-067 Проект: комментарии; SCR-068 Проект: история; SCR-069 Проект: настройки; SCR-070 Создать/редактировать проект; SCR-071 Project role/overrides; SCR-072 Lifecycle проекта,FLOW-013 Создание проекта; FLOW-014 Добавление участника; FLOW-035 Завершение и архивирование проекта,Security/authorization,implementation_matrix.csv wave-b.csv:294 Source='OpenAPI `GET_api_v1_projects_id`; Stage_3_Field_Traceability_Final_3.5.csv; cross-cutting requirement PERM-010'; openapi.yaml operationId GET_api_v1_projects_id = GET /api/v1/projects/{id}; traceability 4.5 FR-086 Permission=Project.Read,Source field of the matrix row confirms operationId GET_api_v1_projects_id; method and path verified in openapi.yaml; permission confirmed via traceability FR-086.
wave-b.csv:295,AC-2012,AC,MOD-010,Permission denial for FR-087,resolved,PATCH_api_v1_projects_id,PATCH,/api/v1/projects/{id},Project.Update,Task.Application.MOD-010.PATCH_api_v1_projects_idHandler,SCR-060 Проекты: список; SCR-061 Проект: обзор; SCR-062 Проект: задачи; SCR-063 Проект: календарь; SCR-064 Проект: участники; SCR-065 Проект: файлы; SCR-066 Проект: контакты; SCR-067 Проект: комментарии; SCR-068 Проект: история; SCR-069 Проект: настройки; SCR-070 Создать/редактировать проект; SCR-071 Project role/overrides; SCR-072 Lifecycle проекта,FLOW-013 Создание проекта; FLOW-014 Добавление участника; FLOW-035 Завершение и архивирование проекта,Security/authorization,implementation_matrix.csv wave-b.csv:295 Source='OpenAPI `PATCH_api_v1_projects_id`; Stage_3_Field_Traceability_Final_3.5.csv; cross-cutting requirement PERM-010'; openapi.yaml operationId PATCH_api_v1_projects_id = PATCH /api/v1/projects/{id}; traceability 4.5 FR-087 Permission=Project.Update,Source field of the matrix row confirms operationId PATCH_api_v1_projects_id; method and path verified in openapi.yaml; permission confirmed via traceability FR-087.
wave-b.csv:296,AC-2013,AC,MOD-010,Permission denial for FR-088,resolved,POST_api_v1_projects_id_archive,POST,/api/v1/projects/{id}/archive,Project.Archive,Task.Application.MOD-010.POST_api_v1_projects_id_archiveHandler,SCR-060 Проекты: список; SCR-061 Проект: обзор; SCR-062 Проект: задачи; SCR-063 Проект: календарь; SCR-064 Проект: участники; SCR-065 Проект: файлы; SCR-066 Проект: контакты; SCR-067 Проект: комментарии; SCR-068 Проект: история; SCR-069 Проект: настройки; SCR-070 Создать/редактировать проект; SCR-071 Project role/overrides; SCR-072 Lifecycle проекта,FLOW-013 Создание проекта; FLOW-014 Добавление участника; FLOW-035 Завершение и архивирование проекта,Security/authorization,implementation_matrix.csv wave-b.csv:296 Source='OpenAPI `POST_api_v1_projects_id_archive`; Stage_3_Field_Traceability_Final_3.5.csv; cross-cutting requirement PERM-010'; openapi.yaml operationId POST_api_v1_projects_id_archive = POST /api/v1/projects/{id}/archive; traceability 4.5 FR-088 Permission=Project.Archive,Source field of the matrix row confirms operationId POST_api_v1_projects_id_archive; method and path verified in openapi.yaml; permission confirmed via traceability FR-088.
wave-b.csv:297,AC-2014,AC,MOD-010,Permission denial for FR-089,resolved,GET_api_v1_projects_id_members,GET,/api/v1/projects/{id}/members,Project.ManageMembers,Task.Application.MOD-010.GET_api_v1_projects_id_membersHandler,SCR-060 Проекты: список; SCR-061 Проект: обзор; SCR-062 Проект: задачи; SCR-063 Проект: календарь; SCR-064 Проект: участники; SCR-065 Проект: файлы; SCR-066 Проект: контакты; SCR-067 Проект: комментарии; SCR-068 Проект: история; SCR-069 Проект: настройки; SCR-070 Создать/редактировать проект; SCR-071 Project role/overrides; SCR-072 Lifecycle проекта,FLOW-013 Создание проекта; FLOW-014 Добавление участника; FLOW-035 Завершение и архивирование проекта,Security/authorization,implementation_matrix.csv wave-b.csv:297 Source='OpenAPI `GET_api_v1_projects_id_members`; Stage_3_Field_Traceability_Final_3.5.csv; cross-cutting requirement PERM-010'; openapi.yaml operationId GET_api_v1_projects_id_members = GET /api/v1/projects/{id}/members; traceability 4.5 FR-089 Permission=Project.ManageMembers,Source field of the matrix row confirms operationId GET_api_v1_projects_id_members; method and path verified in openapi.yaml; permission confirmed via traceability FR-089.
wave-b.csv:298,AC-2015,AC,MOD-010,Permission denial for FR-090,resolved,POST_api_v1_projects_id_members,POST,/api/v1/projects/{id}/members,Project.ManageMembers,Task.Application.MOD-010.POST_api_v1_projects_id_membersHandler,SCR-060 Проекты: список; SCR-061 Проект: обзор; SCR-062 Проект: задачи; SCR-063 Проект: календарь; SCR-064 Проект: участники; SCR-065 Проект: файлы; SCR-066 Проект: контакты; SCR-067 Проект: комментарии; SCR-068 Проект: история; SCR-069 Проект: настройки; SCR-070 Создать/редактировать проект; SCR-071 Project role/overrides; SCR-072 Lifecycle проекта,FLOW-013 Создание проекта; FLOW-014 Добавление участника; FLOW-035 Завершение и архивирование проекта,Security/authorization,implementation_matrix.csv wave-b.csv:298 Source='OpenAPI `POST_api_v1_projects_id_members`; Stage_3_Field_Traceability_Final_3.5.csv; cross-cutting requirement PERM-010'; openapi.yaml operationId POST_api_v1_projects_id_members = POST /api/v1/projects/{id}/members; traceability 4.5 FR-090 Permission=Project.ManageMembers,Source field of the matrix row confirms operationId POST_api_v1_projects_id_members; method and path verified in openapi.yaml; permission confirmed via traceability FR-090.
wave-b.csv:299,AC-2016,AC,MOD-010,Permission denial for FR-091,resolved,DELETE_api_v1_projects_id_members_userId,DELETE,/api/v1/projects/{id}/members/{userId},Project.ManageMembers,Task.Application.MOD-010.DELETE_api_v1_projects_id_members_userIdHandler,SCR-060 Проекты: список; SCR-061 Проект: обзор; SCR-062 Проект: задачи; SCR-063 Проект: календарь; SCR-064 Проект: участники; SCR-065 Проект: файлы; SCR-066 Проект: контакты; SCR-067 Проект: комментарии; SCR-068 Проект: история; SCR-069 Проект: настройки; SCR-070 Создать/редактировать проект; SCR-071 Project role/overrides; SCR-072 Lifecycle проекта,FLOW-013 Создание проекта; FLOW-014 Добавление участника; FLOW-035 Завершение и архивирование проекта,Security/authorization,implementation_matrix.csv wave-b.csv:299 Source='OpenAPI `DELETE_api_v1_projects_id_members_userId`; Stage_3_Field_Traceability_Final_3.5.csv; cross-cutting requirement PERM-010'; openapi.yaml operationId DELETE_api_v1_projects_id_members_userId = DELETE /api/v1/projects/{id}/members/{userId}; traceability 4.5 FR-091 Permission=Project.ManageMembers,Source field of the matrix row confirms operationId DELETE_api_v1_projects_id_members_userId; method and path verified in openapi.yaml; permission confirmed via traceability FR-091.
wave-b.csv:300,AC-2017,AC,MOD-010,Permission denial for FR-092,resolved,PATCH_api_v1_projects_id_members_userId,PATCH,/api/v1/projects/{id}/members/{userId},Project.ManageMembers,Task.Application.MOD-010.PATCH_api_v1_projects_id_members_userIdHandler,SCR-060 Проекты: список; SCR-061 Проект: обзор; SCR-062 Проект: задачи; SCR-063 Проект: календарь; SCR-064 Проект: участники; SCR-065 Проект: файлы; SCR-066 Проект: контакты; SCR-067 Проект: комментарии; SCR-068 Проект: история; SCR-069 Проект: настройки; SCR-070 Создать/редактировать проект; SCR-071 Project role/overrides; SCR-072 Lifecycle проекта,FLOW-013 Создание проекта; FLOW-014 Добавление участника; FLOW-035 Завершение и архивирование проекта,Security/authorization,implementation_matrix.csv wave-b.csv:300 Source='OpenAPI `PATCH_api_v1_projects_id_members_userId`; Stage_3_Field_Traceability_Final_3.5.csv; cross-cutting requirement PERM-010'; openapi.yaml operationId PATCH_api_v1_projects_id_members_userId = PATCH /api/v1/projects/{id}/members/{userId}; traceability 4.5 FR-092 Permission=Project.ManageMembers,Source field of the matrix row confirms operationId PATCH_api_v1_projects_id_members_userId; method and path verified in openapi.yaml; permission confirmed via traceability FR-092.
wave-b.csv:301,AC-2018,AC,MOD-010,Permission denial for FR-093,resolved,PUT_api_v1_projects_id_members_userId_overrides,PUT,/api/v1/projects/{id}/members/{userId}/overrides,Project.ManageMembers,Task.Application.MOD-010.PUT_api_v1_projects_id_members_userId_overridesHandler,SCR-060 Проекты: список; SCR-061 Проект: обзор; SCR-062 Проект: задачи; SCR-063 Проект: календарь; SCR-064 Проект: участники; SCR-065 Проект: файлы; SCR-066 Проект: контакты; SCR-067 Проект: комментарии; SCR-068 Проект: история; SCR-069 Проект: настройки; SCR-070 Создать/редактировать проект; SCR-071 Project role/overrides; SCR-072 Lifecycle проекта,FLOW-013 Создание проекта; FLOW-014 Добавление участника; FLOW-035 Завершение и архивирование проекта,Security/authorization,implementation_matrix.csv wave-b.csv:301 Source='OpenAPI `PUT_api_v1_projects_id_members_userId_overrides`; Stage_3_Field_Traceability_Final_3.5.csv; cross-cutting requirement PERM-010'; openapi.yaml operationId PUT_api_v1_projects_id_members_userId_overrides = PUT /api/v1/projects/{id}/members/{userId}/overrides; traceability 4.5 FR-093 Permission=Project.ManageMembers,Source field of the matrix row confirms operationId PUT_api_v1_projects_id_members_userId_overrides; method and path verified in openapi.yaml; permission confirmed via traceability FR-093.
wave-b.csv:302,AC-2019,AC,MOD-010,Permission denial for FR-094,resolved,POST_api_v1_projects_id_restore,POST,/api/v1/projects/{id}/restore,Project.Restore,Task.Application.MOD-010.POST_api_v1_projects_id_restoreHandler,SCR-060 Проекты: список; SCR-061 Проект: обзор; SCR-062 Проект: задачи; SCR-063 Проект: календарь; SCR-064 Проект: участники; SCR-065 Проект: файлы; SCR-066 Проект: контакты; SCR-067 Проект: комментарии; SCR-068 Проект: история; SCR-069 Проект: настройки; SCR-070 Создать/редактировать проект; SCR-071 Project role/overrides; SCR-072 Lifecycle проекта,FLOW-013 Создание проекта; FLOW-014 Добавление участника; FLOW-035 Завершение и архивирование проекта,Security/authorization,implementation_matrix.csv wave-b.csv:302 Source='OpenAPI `POST_api_v1_projects_id_restore`; Stage_3_Field_Traceability_Final_3.5.csv; cross-cutting requirement PERM-010'; openapi.yaml operationId POST_api_v1_projects_id_restore = POST /api/v1/projects/{id}/restore; traceability 4.5 FR-094 Permission=Project.Restore,Source field of the matrix row confirms operationId POST_api_v1_projects_id_restore; method and path verified in openapi.yaml; permission confirmed via traceability FR-094.
wave-b.csv:303,AC-2020,AC,MOD-010,Permission denial for FR-095,resolved,POST_api_v1_projects_id_transfer_ownership,POST,/api/v1/projects/{id}/transfer-ownership,Project.TransferOwnership,Task.Application.MOD-010.POST_api_v1_projects_id_transfer_ownershipHandler,SCR-060 Проекты: список; SCR-061 Проект: обзор; SCR-062 Проект: задачи; SCR-063 Проект: календарь; SCR-064 Проект: участники; SCR-065 Проект: файлы; SCR-066 Проект: контакты; SCR-067 Проект: комментарии; SCR-068 Проект: история; SCR-069 Проект: настройки; SCR-070 Создать/редактировать проект; SCR-071 Project role/overrides; SCR-072 Lifecycle проекта,FLOW-013 Создание проекта; FLOW-014 Добавление участника; FLOW-035 Завершение и архивирование проекта,Security/authorization,implementation_matrix.csv wave-b.csv:303 Source='OpenAPI `POST_api_v1_projects_id_transfer_ownership`; Stage_3_Field_Traceability_Final_3.5.csv; cross-cutting requirement PERM-010'; openapi.yaml operationId POST_api_v1_projects_id_transfer_ownership = POST /api/v1/projects/{id}/transfer-ownership; traceability 4.5 FR-095 Permission=Project.TransferOwnership,Source field of the matrix row confirms operationId POST_api_v1_projects_id_transfer_ownership; method and path verified in openapi.yaml; permission confirmed via traceability FR-095.
wave-b.csv:304,AC-2021,AC,MOD-010,Permission denial for FR-096,resolved,POST_api_v1_projects_id_unarchive,POST,/api/v1/projects/{id}/unarchive,Project.Archive,Task.Application.MOD-010.POST_api_v1_projects_id_unarchiveHandler,SCR-060 Проекты: список; SCR-061 Проект: обзор; SCR-062 Проект: задачи; SCR-063 Проект: календарь; SCR-064 Проект: участники; SCR-065 Проект: файлы; SCR-066 Проект: контакты; SCR-067 Проект: комментарии; SCR-068 Проект: история; SCR-069 Проект: настройки; SCR-070 Создать/редактировать проект; SCR-071 Project role/overrides; SCR-072 Lifecycle проекта,FLOW-013 Создание проекта; FLOW-014 Добавление участника; FLOW-035 Завершение и архивирование проекта,Security/authorization,implementation_matrix.csv wave-b.csv:304 Source='OpenAPI `POST_api_v1_projects_id_unarchive`; Stage_3_Field_Traceability_Final_3.5.csv; cross-cutting requirement PERM-010'; openapi.yaml operationId POST_api_v1_projects_id_unarchive = POST /api/v1/projects/{id}/unarchive; traceability 4.5 FR-096 Permission=Project.Archive,Source field of the matrix row confirms operationId POST_api_v1_projects_id_unarchive; method and path verified in openapi.yaml; permission confirmed via traceability FR-096.
wave-b.csv:305,AC-2022,AC,MOD-010,Permission denial for FR-255,unresolved,,,,,,SCR-060 Проекты: список; SCR-061 Проект: обзор; SCR-062 Проект: задачи; SCR-063 Проект: календарь; SCR-064 Проект: участники; SCR-065 Проект: файлы; SCR-066 Проект: контакты; SCR-067 Проект: комментарии; SCR-068 Проект: история; SCR-069 Проект: настройки; SCR-070 Создать/редактировать проект; SCR-071 Project role/overrides; SCR-072 Lifecycle проекта,FLOW-013 Создание проекта; FLOW-014 Добавление участника; FLOW-035 Завершение и архивирование проекта,Security/authorization,implementation_matrix.csv wave-b.csv:305 title='Permission denial for FR-255'; traceability 4.5 FR-255 API cell='Desktop-only; использует существующие read/command API при необходимости'.,FR-255 is Desktop-only with no dedicated API operation; the allowed sources confirm no server operation for this AC.
wave-b.csv:306,AC-2267,AC,MOD-010,Stable error handling for FR-084,resolved,POST_api_v1_projects,POST,/api/v1/projects,Project.Create,Task.Application.MOD-010.POST_api_v1_projectsHandler,SCR-060 Проекты: список; SCR-061 Проект: обзор; SCR-062 Проект: задачи; SCR-063 Проект: календарь; SCR-064 Проект: участники; SCR-065 Проект: файлы; SCR-066 Проект: контакты; SCR-067 Проект: комментарии; SCR-068 Проект: история; SCR-069 Проект: настройки; SCR-070 Создать/редактировать проект; SCR-071 Project role/overrides; SCR-072 Lifecycle проекта,FLOW-013 Создание проекта; FLOW-014 Добавление участника; FLOW-035 Завершение и архивирование проекта,Error handling,implementation_matrix.csv wave-b.csv:306 Source='OpenAPI `POST_api_v1_projects`; Stage_3_Field_Traceability_Final_3.5.csv; cross-cutting requirement ERR-010'; openapi.yaml operationId POST_api_v1_projects = POST /api/v1/projects; traceability 4.5 FR-084 Permission=Project.Create,Source field of the matrix row confirms operationId POST_api_v1_projects; method and path verified in openapi.yaml; permission confirmed via traceability FR-084.
wave-b.csv:307,AC-2268,AC,MOD-010,Stable error handling for FR-085,resolved,DELETE_api_v1_projects_id,DELETE,/api/v1/projects/{id},Project.Delete,Task.Application.MOD-010.DELETE_api_v1_projects_idHandler,SCR-060 Проекты: список; SCR-061 Проект: обзор; SCR-062 Проект: задачи; SCR-063 Проект: календарь; SCR-064 Проект: участники; SCR-065 Проект: файлы; SCR-066 Проект: контакты; SCR-067 Проект: комментарии; SCR-068 Проект: история; SCR-069 Проект: настройки; SCR-070 Создать/редактировать проект; SCR-071 Project role/overrides; SCR-072 Lifecycle проекта,FLOW-013 Создание проекта; FLOW-014 Добавление участника; FLOW-035 Завершение и архивирование проекта,Error handling,implementation_matrix.csv wave-b.csv:307 Source='OpenAPI `DELETE_api_v1_projects_id`; Stage_3_Field_Traceability_Final_3.5.csv; cross-cutting requirement ERR-010'; openapi.yaml operationId DELETE_api_v1_projects_id = DELETE /api/v1/projects/{id}; traceability 4.5 FR-085 Permission=Project.Delete,Source field of the matrix row confirms operationId DELETE_api_v1_projects_id; method and path verified in openapi.yaml; permission confirmed via traceability FR-085.
wave-b.csv:308,AC-2269,AC,MOD-010,Stable error handling for FR-086,resolved,GET_api_v1_projects_id,GET,/api/v1/projects/{id},Project.Read,Task.Application.MOD-010.GET_api_v1_projects_idHandler,SCR-060 Проекты: список; SCR-061 Проект: обзор; SCR-062 Проект: задачи; SCR-063 Проект: календарь; SCR-064 Проект: участники; SCR-065 Проект: файлы; SCR-066 Проект: контакты; SCR-067 Проект: комментарии; SCR-068 Проект: история; SCR-069 Проект: настройки; SCR-070 Создать/редактировать проект; SCR-071 Project role/overrides; SCR-072 Lifecycle проекта,FLOW-013 Создание проекта; FLOW-014 Добавление участника; FLOW-035 Завершение и архивирование проекта,Error handling,implementation_matrix.csv wave-b.csv:308 Source='OpenAPI `GET_api_v1_projects_id`; Stage_3_Field_Traceability_Final_3.5.csv; cross-cutting requirement ERR-010'; openapi.yaml operationId GET_api_v1_projects_id = GET /api/v1/projects/{id}; traceability 4.5 FR-086 Permission=Project.Read,Source field of the matrix row confirms operationId GET_api_v1_projects_id; method and path verified in openapi.yaml; permission confirmed via traceability FR-086.
wave-b.csv:309,AC-2270,AC,MOD-010,Stable error handling for FR-087,resolved,PATCH_api_v1_projects_id,PATCH,/api/v1/projects/{id},Project.Update,Task.Application.MOD-010.PATCH_api_v1_projects_idHandler,SCR-060 Проекты: список; SCR-061 Проект: обзор; SCR-062 Проект: задачи; SCR-063 Проект: календарь; SCR-064 Проект: участники; SCR-065 Проект: файлы; SCR-066 Проект: контакты; SCR-067 Проект: комментарии; SCR-068 Проект: история; SCR-069 Проект: настройки; SCR-070 Создать/редактировать проект; SCR-071 Project role/overrides; SCR-072 Lifecycle проекта,FLOW-013 Создание проекта; FLOW-014 Добавление участника; FLOW-035 Завершение и архивирование проекта,Error handling,implementation_matrix.csv wave-b.csv:309 Source='OpenAPI `PATCH_api_v1_projects_id`; Stage_3_Field_Traceability_Final_3.5.csv; cross-cutting requirement ERR-010'; openapi.yaml operationId PATCH_api_v1_projects_id = PATCH /api/v1/projects/{id}; traceability 4.5 FR-087 Permission=Project.Update,Source field of the matrix row confirms operationId PATCH_api_v1_projects_id; method and path verified in openapi.yaml; permission confirmed via traceability FR-087.
wave-b.csv:310,AC-2271,AC,MOD-010,Stable error handling for FR-088,resolved,POST_api_v1_projects_id_archive,POST,/api/v1/projects/{id}/archive,Project.Archive,Task.Application.MOD-010.POST_api_v1_projects_id_archiveHandler,SCR-060 Проекты: список; SCR-061 Проект: обзор; SCR-062 Проект: задачи; SCR-063 Проект: календарь; SCR-064 Проект: участники; SCR-065 Проект: файлы; SCR-066 Проект: контакты; SCR-067 Проект: комментарии; SCR-068 Проект: история; SCR-069 Проект: настройки; SCR-070 Создать/редактировать проект; SCR-071 Project role/overrides; SCR-072 Lifecycle проекта,FLOW-013 Создание проекта; FLOW-014 Добавление участника; FLOW-035 Завершение и архивирование проекта,Error handling,implementation_matrix.csv wave-b.csv:310 Source='OpenAPI `POST_api_v1_projects_id_archive`; Stage_3_Field_Traceability_Final_3.5.csv; cross-cutting requirement ERR-010'; openapi.yaml operationId POST_api_v1_projects_id_archive = POST /api/v1/projects/{id}/archive; traceability 4.5 FR-088 Permission=Project.Archive,Source field of the matrix row confirms operationId POST_api_v1_projects_id_archive; method and path verified in openapi.yaml; permission confirmed via traceability FR-088.
wave-b.csv:311,AC-2272,AC,MOD-010,Stable error handling for FR-089,resolved,GET_api_v1_projects_id_members,GET,/api/v1/projects/{id}/members,Project.ManageMembers,Task.Application.MOD-010.GET_api_v1_projects_id_membersHandler,SCR-060 Проекты: список; SCR-061 Проект: обзор; SCR-062 Проект: задачи; SCR-063 Проект: календарь; SCR-064 Проект: участники; SCR-065 Проект: файлы; SCR-066 Проект: контакты; SCR-067 Проект: комментарии; SCR-068 Проект: история; SCR-069 Проект: настройки; SCR-070 Создать/редактировать проект; SCR-071 Project role/overrides; SCR-072 Lifecycle проекта,FLOW-013 Создание проекта; FLOW-014 Добавление участника; FLOW-035 Завершение и архивирование проекта,Error handling,implementation_matrix.csv wave-b.csv:311 Source='OpenAPI `GET_api_v1_projects_id_members`; Stage_3_Field_Traceability_Final_3.5.csv; cross-cutting requirement ERR-010'; openapi.yaml operationId GET_api_v1_projects_id_members = GET /api/v1/projects/{id}/members; traceability 4.5 FR-089 Permission=Project.ManageMembers,Source field of the matrix row confirms operationId GET_api_v1_projects_id_members; method and path verified in openapi.yaml; permission confirmed via traceability FR-089.
wave-b.csv:312,AC-2273,AC,MOD-010,Stable error handling for FR-090,resolved,POST_api_v1_projects_id_members,POST,/api/v1/projects/{id}/members,Project.ManageMembers,Task.Application.MOD-010.POST_api_v1_projects_id_membersHandler,SCR-060 Проекты: список; SCR-061 Проект: обзор; SCR-062 Проект: задачи; SCR-063 Проект: календарь; SCR-064 Проект: участники; SCR-065 Проект: файлы; SCR-066 Проект: контакты; SCR-067 Проект: комментарии; SCR-068 Проект: история; SCR-069 Проект: настройки; SCR-070 Создать/редактировать проект; SCR-071 Project role/overrides; SCR-072 Lifecycle проекта,FLOW-013 Создание проекта; FLOW-014 Добавление участника; FLOW-035 Завершение и архивирование проекта,Error handling,implementation_matrix.csv wave-b.csv:312 Source='OpenAPI `POST_api_v1_projects_id_members`; Stage_3_Field_Traceability_Final_3.5.csv; cross-cutting requirement ERR-010'; openapi.yaml operationId POST_api_v1_projects_id_members = POST /api/v1/projects/{id}/members; traceability 4.5 FR-090 Permission=Project.ManageMembers,Source field of the matrix row confirms operationId POST_api_v1_projects_id_members; method and path verified in openapi.yaml; permission confirmed via traceability FR-090.
wave-b.csv:313,AC-2274,AC,MOD-010,Stable error handling for FR-091,resolved,DELETE_api_v1_projects_id_members_userId,DELETE,/api/v1/projects/{id}/members/{userId},Project.ManageMembers,Task.Application.MOD-010.DELETE_api_v1_projects_id_members_userIdHandler,SCR-060 Проекты: список; SCR-061 Проект: обзор; SCR-062 Проект: задачи; SCR-063 Проект: календарь; SCR-064 Проект: участники; SCR-065 Проект: файлы; SCR-066 Проект: контакты; SCR-067 Проект: комментарии; SCR-068 Проект: история; SCR-069 Проект: настройки; SCR-070 Создать/редактировать проект; SCR-071 Project role/overrides; SCR-072 Lifecycle проекта,FLOW-013 Создание проекта; FLOW-014 Добавление участника; FLOW-035 Завершение и архивирование проекта,Error handling,implementation_matrix.csv wave-b.csv:313 Source='OpenAPI `DELETE_api_v1_projects_id_members_userId`; Stage_3_Field_Traceability_Final_3.5.csv; cross-cutting requirement ERR-010'; openapi.yaml operationId DELETE_api_v1_projects_id_members_userId = DELETE /api/v1/projects/{id}/members/{userId}; traceability 4.5 FR-091 Permission=Project.ManageMembers,Source field of the matrix row confirms operationId DELETE_api_v1_projects_id_members_userId; method and path verified in openapi.yaml; permission confirmed via traceability FR-091.
wave-b.csv:314,AC-2275,AC,MOD-010,Stable error handling for FR-092,resolved,PATCH_api_v1_projects_id_members_userId,PATCH,/api/v1/projects/{id}/members/{userId},Project.ManageMembers,Task.Application.MOD-010.PATCH_api_v1_projects_id_members_userIdHandler,SCR-060 Проекты: список; SCR-061 Проект: обзор; SCR-062 Проект: задачи; SCR-063 Проект: календарь; SCR-064 Проект: участники; SCR-065 Проект: файлы; SCR-066 Проект: контакты; SCR-067 Проект: комментарии; SCR-068 Проект: история; SCR-069 Проект: настройки; SCR-070 Создать/редактировать проект; SCR-071 Project role/overrides; SCR-072 Lifecycle проекта,FLOW-013 Создание проекта; FLOW-014 Добавление участника; FLOW-035 Завершение и архивирование проекта,Error handling,implementation_matrix.csv wave-b.csv:314 Source='OpenAPI `PATCH_api_v1_projects_id_members_userId`; Stage_3_Field_Traceability_Final_3.5.csv; cross-cutting requirement ERR-010'; openapi.yaml operationId PATCH_api_v1_projects_id_members_userId = PATCH /api/v1/projects/{id}/members/{userId}; traceability 4.5 FR-092 Permission=Project.ManageMembers,Source field of the matrix row confirms operationId PATCH_api_v1_projects_id_members_userId; method and path verified in openapi.yaml; permission confirmed via traceability FR-092.
wave-b.csv:315,AC-2276,AC,MOD-010,Stable error handling for FR-093,resolved,PUT_api_v1_projects_id_members_userId_overrides,PUT,/api/v1/projects/{id}/members/{userId}/overrides,Project.ManageMembers,Task.Application.MOD-010.PUT_api_v1_projects_id_members_userId_overridesHandler,SCR-060 Проекты: список; SCR-061 Проект: обзор; SCR-062 Проект: задачи; SCR-063 Проект: календарь; SCR-064 Проект: участники; SCR-065 Проект: файлы; SCR-066 Проект: контакты; SCR-067 Проект: комментарии; SCR-068 Проект: история; SCR-069 Проект: настройки; SCR-070 Создать/редактировать проект; SCR-071 Project role/overrides; SCR-072 Lifecycle проекта,FLOW-013 Создание проекта; FLOW-014 Добавление участника; FLOW-035 Завершение и архивирование проекта,Error handling,implementation_matrix.csv wave-b.csv:315 Source='OpenAPI `PUT_api_v1_projects_id_members_userId_overrides`; Stage_3_Field_Traceability_Final_3.5.csv; cross-cutting requirement ERR-010'; openapi.yaml operationId PUT_api_v1_projects_id_members_userId_overrides = PUT /api/v1/projects/{id}/members/{userId}/overrides; traceability 4.5 FR-093 Permission=Project.ManageMembers,Source field of the matrix row confirms operationId PUT_api_v1_projects_id_members_userId_overrides; method and path verified in openapi.yaml; permission confirmed via traceability FR-093.
wave-b.csv:316,AC-2277,AC,MOD-010,Stable error handling for FR-094,resolved,POST_api_v1_projects_id_restore,POST,/api/v1/projects/{id}/restore,Project.Restore,Task.Application.MOD-010.POST_api_v1_projects_id_restoreHandler,SCR-060 Проекты: список; SCR-061 Проект: обзор; SCR-062 Проект: задачи; SCR-063 Проект: календарь; SCR-064 Проект: участники; SCR-065 Проект: файлы; SCR-066 Проект: контакты; SCR-067 Проект: комментарии; SCR-068 Проект: история; SCR-069 Проект: настройки; SCR-070 Создать/редактировать проект; SCR-071 Project role/overrides; SCR-072 Lifecycle проекта,FLOW-013 Создание проекта; FLOW-014 Добавление участника; FLOW-035 Завершение и архивирование проекта,Error handling,implementation_matrix.csv wave-b.csv:316 Source='OpenAPI `POST_api_v1_projects_id_restore`; Stage_3_Field_Traceability_Final_3.5.csv; cross-cutting requirement ERR-010'; openapi.yaml operationId POST_api_v1_projects_id_restore = POST /api/v1/projects/{id}/restore; traceability 4.5 FR-094 Permission=Project.Restore,Source field of the matrix row confirms operationId POST_api_v1_projects_id_restore; method and path verified in openapi.yaml; permission confirmed via traceability FR-094.
wave-b.csv:317,AC-2278,AC,MOD-010,Stable error handling for FR-095,resolved,POST_api_v1_projects_id_transfer_ownership,POST,/api/v1/projects/{id}/transfer-ownership,Project.TransferOwnership,Task.Application.MOD-010.POST_api_v1_projects_id_transfer_ownershipHandler,SCR-060 Проекты: список; SCR-061 Проект: обзор; SCR-062 Проект: задачи; SCR-063 Проект: календарь; SCR-064 Проект: участники; SCR-065 Проект: файлы; SCR-066 Проект: контакты; SCR-067 Проект: комментарии; SCR-068 Проект: история; SCR-069 Проект: настройки; SCR-070 Создать/редактировать проект; SCR-071 Project role/overrides; SCR-072 Lifecycle проекта,FLOW-013 Создание проекта; FLOW-014 Добавление участника; FLOW-035 Завершение и архивирование проекта,Error handling,implementation_matrix.csv wave-b.csv:317 Source='OpenAPI `POST_api_v1_projects_id_transfer_ownership`; Stage_3_Field_Traceability_Final_3.5.csv; cross-cutting requirement ERR-010'; openapi.yaml operationId POST_api_v1_projects_id_transfer_ownership = POST /api/v1/projects/{id}/transfer-ownership; traceability 4.5 FR-095 Permission=Project.TransferOwnership,Source field of the matrix row confirms operationId POST_api_v1_projects_id_transfer_ownership; method and path verified in openapi.yaml; permission confirmed via traceability FR-095.
wave-b.csv:318,AC-2279,AC,MOD-010,Stable error handling for FR-096,resolved,POST_api_v1_projects_id_unarchive,POST,/api/v1/projects/{id}/unarchive,Project.Archive,Task.Application.MOD-010.POST_api_v1_projects_id_unarchiveHandler,SCR-060 Проекты: список; SCR-061 Проект: обзор; SCR-062 Проект: задачи; SCR-063 Проект: календарь; SCR-064 Проект: участники; SCR-065 Проект: файлы; SCR-066 Проект: контакты; SCR-067 Проект: комментарии; SCR-068 Проект: история; SCR-069 Проект: настройки; SCR-070 Создать/редактировать проект; SCR-071 Project role/overrides; SCR-072 Lifecycle проекта,FLOW-013 Создание проекта; FLOW-014 Добавление участника; FLOW-035 Завершение и архивирование проекта,Error handling,implementation_matrix.csv wave-b.csv:318 Source='OpenAPI `POST_api_v1_projects_id_unarchive`; Stage_3_Field_Traceability_Final_3.5.csv; cross-cutting requirement ERR-010'; openapi.yaml operationId POST_api_v1_projects_id_unarchive = POST /api/v1/projects/{id}/unarchive; traceability 4.5 FR-096 Permission=Project.Archive,Source field of the matrix row confirms operationId POST_api_v1_projects_id_unarchive; method and path verified in openapi.yaml; permission confirmed via traceability FR-096.
wave-b.csv:319,AC-2280,AC,MOD-010,Stable error handling for FR-255,unresolved,,,,,,SCR-060 Проекты: список; SCR-061 Проект: обзор; SCR-062 Проект: задачи; SCR-063 Проект: календарь; SCR-064 Проект: участники; SCR-065 Проект: файлы; SCR-066 Проект: контакты; SCR-067 Проект: комментарии; SCR-068 Проект: история; SCR-069 Проект: настройки; SCR-070 Создать/редактировать проект; SCR-071 Project role/overrides; SCR-072 Lifecycle проекта,FLOW-013 Создание проекта; FLOW-014 Добавление участника; FLOW-035 Завершение и архивирование проекта,Error handling,implementation_matrix.csv wave-b.csv:319 title='Stable error handling for FR-255'; traceability 4.5 FR-255 API cell='Desktop-only; использует существующие read/command API при необходимости'.,FR-255 is Desktop-only with no dedicated API operation; the allowed sources confirm no server operation for this AC.
wave-b.csv:334,AC-2783,AC,MOD-010,Audit evidence for FR-084,resolved,POST_api_v1_projects,POST,/api/v1/projects,Project.Create,Task.Application.MOD-010.POST_api_v1_projectsHandler,SCR-060 Проекты: список; SCR-061 Проект: обзор; SCR-062 Проект: задачи; SCR-063 Проект: календарь; SCR-064 Проект: участники; SCR-065 Проект: файлы; SCR-066 Проект: контакты; SCR-067 Проект: комментарии; SCR-068 Проект: история; SCR-069 Проект: настройки; SCR-070 Создать/редактировать проект; SCR-071 Project role/overrides; SCR-072 Lifecycle проекта,FLOW-013 Создание проекта; FLOW-014 Добавление участника; FLOW-035 Завершение и архивирование проекта,Audit/security,implementation_matrix.csv wave-b.csv:334 Source='OpenAPI `POST_api_v1_projects`; Stage_3_Field_Traceability_Final_3.5.csv; cross-cutting requirement AUDIT-010'; openapi.yaml operationId POST_api_v1_projects = POST /api/v1/projects; traceability 4.5 FR-084 Permission=Project.Create,Source field of the matrix row confirms operationId POST_api_v1_projects; method and path verified in openapi.yaml; permission confirmed via traceability FR-084.
wave-b.csv:335,AC-2784,AC,MOD-010,Audit evidence for FR-085,resolved,DELETE_api_v1_projects_id,DELETE,/api/v1/projects/{id},Project.Delete,Task.Application.MOD-010.DELETE_api_v1_projects_idHandler,SCR-060 Проекты: список; SCR-061 Проект: обзор; SCR-062 Проект: задачи; SCR-063 Проект: календарь; SCR-064 Проект: участники; SCR-065 Проект: файлы; SCR-066 Проект: контакты; SCR-067 Проект: комментарии; SCR-068 Проект: история; SCR-069 Проект: настройки; SCR-070 Создать/редактировать проект; SCR-071 Project role/overrides; SCR-072 Lifecycle проекта,FLOW-013 Создание проекта; FLOW-014 Добавление участника; FLOW-035 Завершение и архивирование проекта,Audit/security,implementation_matrix.csv wave-b.csv:335 Source='OpenAPI `DELETE_api_v1_projects_id`; Stage_3_Field_Traceability_Final_3.5.csv; cross-cutting requirement AUDIT-010'; openapi.yaml operationId DELETE_api_v1_projects_id = DELETE /api/v1/projects/{id}; traceability 4.5 FR-085 Permission=Project.Delete,Source field of the matrix row confirms operationId DELETE_api_v1_projects_id; method and path verified in openapi.yaml; permission confirmed via traceability FR-085.
wave-b.csv:336,AC-2785,AC,MOD-010,Audit evidence for FR-086,resolved,GET_api_v1_projects_id,GET,/api/v1/projects/{id},Project.Read,Task.Application.MOD-010.GET_api_v1_projects_idHandler,SCR-060 Проекты: список; SCR-061 Проект: обзор; SCR-062 Проект: задачи; SCR-063 Проект: календарь; SCR-064 Проект: участники; SCR-065 Проект: файлы; SCR-066 Проект: контакты; SCR-067 Проект: комментарии; SCR-068 Проект: история; SCR-069 Проект: настройки; SCR-070 Создать/редактировать проект; SCR-071 Project role/overrides; SCR-072 Lifecycle проекта,FLOW-013 Создание проекта; FLOW-014 Добавление участника; FLOW-035 Завершение и архивирование проекта,Audit/security,implementation_matrix.csv wave-b.csv:336 Source='OpenAPI `GET_api_v1_projects_id`; Stage_3_Field_Traceability_Final_3.5.csv; cross-cutting requirement AUDIT-010'; openapi.yaml operationId GET_api_v1_projects_id = GET /api/v1/projects/{id}; traceability 4.5 FR-086 Permission=Project.Read,Source field of the matrix row confirms operationId GET_api_v1_projects_id; method and path verified in openapi.yaml; permission confirmed via traceability FR-086.
wave-b.csv:337,AC-2786,AC,MOD-010,Audit evidence for FR-087,resolved,PATCH_api_v1_projects_id,PATCH,/api/v1/projects/{id},Project.Update,Task.Application.MOD-010.PATCH_api_v1_projects_idHandler,SCR-060 Проекты: список; SCR-061 Проект: обзор; SCR-062 Проект: задачи; SCR-063 Проект: календарь; SCR-064 Проект: участники; SCR-065 Проект: файлы; SCR-066 Проект: контакты; SCR-067 Проект: комментарии; SCR-068 Проект: история; SCR-069 Проект: настройки; SCR-070 Создать/редактировать проект; SCR-071 Project role/overrides; SCR-072 Lifecycle проекта,FLOW-013 Создание проекта; FLOW-014 Добавление участника; FLOW-035 Завершение и архивирование проекта,Audit/security,implementation_matrix.csv wave-b.csv:337 Source='OpenAPI `PATCH_api_v1_projects_id`; Stage_3_Field_Traceability_Final_3.5.csv; cross-cutting requirement AUDIT-010'; openapi.yaml operationId PATCH_api_v1_projects_id = PATCH /api/v1/projects/{id}; traceability 4.5 FR-087 Permission=Project.Update,Source field of the matrix row confirms operationId PATCH_api_v1_projects_id; method and path verified in openapi.yaml; permission confirmed via traceability FR-087.
wave-b.csv:338,AC-2787,AC,MOD-010,Audit evidence for FR-088,resolved,POST_api_v1_projects_id_archive,POST,/api/v1/projects/{id}/archive,Project.Archive,Task.Application.MOD-010.POST_api_v1_projects_id_archiveHandler,SCR-060 Проекты: список; SCR-061 Проект: обзор; SCR-062 Проект: задачи; SCR-063 Проект: календарь; SCR-064 Проект: участники; SCR-065 Проект: файлы; SCR-066 Проект: контакты; SCR-067 Проект: комментарии; SCR-068 Проект: история; SCR-069 Проект: настройки; SCR-070 Создать/редактировать проект; SCR-071 Project role/overrides; SCR-072 Lifecycle проекта,FLOW-013 Создание проекта; FLOW-014 Добавление участника; FLOW-035 Завершение и архивирование проекта,Audit/security,implementation_matrix.csv wave-b.csv:338 Source='OpenAPI `POST_api_v1_projects_id_archive`; Stage_3_Field_Traceability_Final_3.5.csv; cross-cutting requirement AUDIT-010'; openapi.yaml operationId POST_api_v1_projects_id_archive = POST /api/v1/projects/{id}/archive; traceability 4.5 FR-088 Permission=Project.Archive,Source field of the matrix row confirms operationId POST_api_v1_projects_id_archive; method and path verified in openapi.yaml; permission confirmed via traceability FR-088.
wave-b.csv:339,AC-2788,AC,MOD-010,Audit evidence for FR-089,resolved,GET_api_v1_projects_id_members,GET,/api/v1/projects/{id}/members,Project.ManageMembers,Task.Application.MOD-010.GET_api_v1_projects_id_membersHandler,SCR-060 Проекты: список; SCR-061 Проект: обзор; SCR-062 Проект: задачи; SCR-063 Проект: календарь; SCR-064 Проект: участники; SCR-065 Проект: файлы; SCR-066 Проект: контакты; SCR-067 Проект: комментарии; SCR-068 Проект: история; SCR-069 Проект: настройки; SCR-070 Создать/редактировать проект; SCR-071 Project role/overrides; SCR-072 Lifecycle проекта,FLOW-013 Создание проекта; FLOW-014 Добавление участника; FLOW-035 Завершение и архивирование проекта,Audit/security,implementation_matrix.csv wave-b.csv:339 Source='OpenAPI `GET_api_v1_projects_id_members`; Stage_3_Field_Traceability_Final_3.5.csv; cross-cutting requirement AUDIT-010'; openapi.yaml operationId GET_api_v1_projects_id_members = GET /api/v1/projects/{id}/members; traceability 4.5 FR-089 Permission=Project.ManageMembers,Source field of the matrix row confirms operationId GET_api_v1_projects_id_members; method and path verified in openapi.yaml; permission confirmed via traceability FR-089.
wave-b.csv:340,AC-2789,AC,MOD-010,Audit evidence for FR-090,resolved,POST_api_v1_projects_id_members,POST,/api/v1/projects/{id}/members,Project.ManageMembers,Task.Application.MOD-010.POST_api_v1_projects_id_membersHandler,SCR-060 Проекты: список; SCR-061 Проект: обзор; SCR-062 Проект: задачи; SCR-063 Проект: календарь; SCR-064 Проект: участники; SCR-065 Проект: файлы; SCR-066 Проект: контакты; SCR-067 Проект: комментарии; SCR-068 Проект: история; SCR-069 Проект: настройки; SCR-070 Создать/редактировать проект; SCR-071 Project role/overrides; SCR-072 Lifecycle проекта,FLOW-013 Создание проекта; FLOW-014 Добавление участника; FLOW-035 Завершение и архивирование проекта,Audit/security,implementation_matrix.csv wave-b.csv:340 Source='OpenAPI `POST_api_v1_projects_id_members`; Stage_3_Field_Traceability_Final_3.5.csv; cross-cutting requirement AUDIT-010'; openapi.yaml operationId POST_api_v1_projects_id_members = POST /api/v1/projects/{id}/members; traceability 4.5 FR-090 Permission=Project.ManageMembers,Source field of the matrix row confirms operationId POST_api_v1_projects_id_members; method and path verified in openapi.yaml; permission confirmed via traceability FR-090.
wave-b.csv:341,AC-2790,AC,MOD-010,Audit evidence for FR-091,resolved,DELETE_api_v1_projects_id_members_userId,DELETE,/api/v1/projects/{id}/members/{userId},Project.ManageMembers,Task.Application.MOD-010.DELETE_api_v1_projects_id_members_userIdHandler,SCR-060 Проекты: список; SCR-061 Проект: обзор; SCR-062 Проект: задачи; SCR-063 Проект: календарь; SCR-064 Проект: участники; SCR-065 Проект: файлы; SCR-066 Проект: контакты; SCR-067 Проект: комментарии; SCR-068 Проект: история; SCR-069 Проект: настройки; SCR-070 Создать/редактировать проект; SCR-071 Project role/overrides; SCR-072 Lifecycle проекта,FLOW-013 Создание проекта; FLOW-014 Добавление участника; FLOW-035 Завершение и архивирование проекта,Audit/security,implementation_matrix.csv wave-b.csv:341 Source='OpenAPI `DELETE_api_v1_projects_id_members_userId`; Stage_3_Field_Traceability_Final_3.5.csv; cross-cutting requirement AUDIT-010'; openapi.yaml operationId DELETE_api_v1_projects_id_members_userId = DELETE /api/v1/projects/{id}/members/{userId}; traceability 4.5 FR-091 Permission=Project.ManageMembers,Source field of the matrix row confirms operationId DELETE_api_v1_projects_id_members_userId; method and path verified in openapi.yaml; permission confirmed via traceability FR-091.
wave-b.csv:342,AC-2791,AC,MOD-010,Audit evidence for FR-092,resolved,PATCH_api_v1_projects_id_members_userId,PATCH,/api/v1/projects/{id}/members/{userId},Project.ManageMembers,Task.Application.MOD-010.PATCH_api_v1_projects_id_members_userIdHandler,SCR-060 Проекты: список; SCR-061 Проект: обзор; SCR-062 Проект: задачи; SCR-063 Проект: календарь; SCR-064 Проект: участники; SCR-065 Проект: файлы; SCR-066 Проект: контакты; SCR-067 Проект: комментарии; SCR-068 Проект: история; SCR-069 Проект: настройки; SCR-070 Создать/редактировать проект; SCR-071 Project role/overrides; SCR-072 Lifecycle проекта,FLOW-013 Создание проекта; FLOW-014 Добавление участника; FLOW-035 Завершение и архивирование проекта,Audit/security,implementation_matrix.csv wave-b.csv:342 Source='OpenAPI `PATCH_api_v1_projects_id_members_userId`; Stage_3_Field_Traceability_Final_3.5.csv; cross-cutting requirement AUDIT-010'; openapi.yaml operationId PATCH_api_v1_projects_id_members_userId = PATCH /api/v1/projects/{id}/members/{userId}; traceability 4.5 FR-092 Permission=Project.ManageMembers,Source field of the matrix row confirms operationId PATCH_api_v1_projects_id_members_userId; method and path verified in openapi.yaml; permission confirmed via traceability FR-092.
wave-b.csv:343,AC-2792,AC,MOD-010,Audit evidence for FR-093,resolved,PUT_api_v1_projects_id_members_userId_overrides,PUT,/api/v1/projects/{id}/members/{userId}/overrides,Project.ManageMembers,Task.Application.MOD-010.PUT_api_v1_projects_id_members_userId_overridesHandler,SCR-060 Проекты: список; SCR-061 Проект: обзор; SCR-062 Проект: задачи; SCR-063 Проект: календарь; SCR-064 Проект: участники; SCR-065 Проект: файлы; SCR-066 Проект: контакты; SCR-067 Проект: комментарии; SCR-068 Проект: история; SCR-069 Проект: настройки; SCR-070 Создать/редактировать проект; SCR-071 Project role/overrides; SCR-072 Lifecycle проекта,FLOW-013 Создание проекта; FLOW-014 Добавление участника; FLOW-035 Завершение и архивирование проекта,Audit/security,implementation_matrix.csv wave-b.csv:343 Source='OpenAPI `PUT_api_v1_projects_id_members_userId_overrides`; Stage_3_Field_Traceability_Final_3.5.csv; cross-cutting requirement AUDIT-010'; openapi.yaml operationId PUT_api_v1_projects_id_members_userId_overrides = PUT /api/v1/projects/{id}/members/{userId}/overrides; traceability 4.5 FR-093 Permission=Project.ManageMembers,Source field of the matrix row confirms operationId PUT_api_v1_projects_id_members_userId_overrides; method and path verified in openapi.yaml; permission confirmed via traceability FR-093.
wave-b.csv:344,AC-2793,AC,MOD-010,Audit evidence for FR-094,resolved,POST_api_v1_projects_id_restore,POST,/api/v1/projects/{id}/restore,Project.Restore,Task.Application.MOD-010.POST_api_v1_projects_id_restoreHandler,SCR-060 Проекты: список; SCR-061 Проект: обзор; SCR-062 Проект: задачи; SCR-063 Проект: календарь; SCR-064 Проект: участники; SCR-065 Проект: файлы; SCR-066 Проект: контакты; SCR-067 Проект: комментарии; SCR-068 Проект: история; SCR-069 Проект: настройки; SCR-070 Создать/редактировать проект; SCR-071 Project role/overrides; SCR-072 Lifecycle проекта,FLOW-013 Создание проекта; FLOW-014 Добавление участника; FLOW-035 Завершение и архивирование проекта,Audit/security,implementation_matrix.csv wave-b.csv:344 Source='OpenAPI `POST_api_v1_projects_id_restore`; Stage_3_Field_Traceability_Final_3.5.csv; cross-cutting requirement AUDIT-010'; openapi.yaml operationId POST_api_v1_projects_id_restore = POST /api/v1/projects/{id}/restore; traceability 4.5 FR-094 Permission=Project.Restore,Source field of the matrix row confirms operationId POST_api_v1_projects_id_restore; method and path verified in openapi.yaml; permission confirmed via traceability FR-094.
wave-b.csv:345,AC-2794,AC,MOD-010,Audit evidence for FR-095,resolved,POST_api_v1_projects_id_transfer_ownership,POST,/api/v1/projects/{id}/transfer-ownership,Project.TransferOwnership,Task.Application.MOD-010.POST_api_v1_projects_id_transfer_ownershipHandler,SCR-060 Проекты: список; SCR-061 Проект: обзор; SCR-062 Проект: задачи; SCR-063 Проект: календарь; SCR-064 Проект: участники; SCR-065 Проект: файлы; SCR-066 Проект: контакты; SCR-067 Проект: комментарии; SCR-068 Проект: история; SCR-069 Проект: настройки; SCR-070 Создать/редактировать проект; SCR-071 Project role/overrides; SCR-072 Lifecycle проекта,FLOW-013 Создание проекта; FLOW-014 Добавление участника; FLOW-035 Завершение и архивирование проекта,Audit/security,implementation_matrix.csv wave-b.csv:345 Source='OpenAPI `POST_api_v1_projects_id_transfer_ownership`; Stage_3_Field_Traceability_Final_3.5.csv; cross-cutting requirement AUDIT-010'; openapi.yaml operationId POST_api_v1_projects_id_transfer_ownership = POST /api/v1/projects/{id}/transfer-ownership; traceability 4.5 FR-095 Permission=Project.TransferOwnership,Source field of the matrix row confirms operationId POST_api_v1_projects_id_transfer_ownership; method and path verified in openapi.yaml; permission confirmed via traceability FR-095.
wave-b.csv:346,AC-2795,AC,MOD-010,Audit evidence for FR-096,resolved,POST_api_v1_projects_id_unarchive,POST,/api/v1/projects/{id}/unarchive,Project.Archive,Task.Application.MOD-010.POST_api_v1_projects_id_unarchiveHandler,SCR-060 Проекты: список; SCR-061 Проект: обзор; SCR-062 Проект: задачи; SCR-063 Проект: календарь; SCR-064 Проект: участники; SCR-065 Проект: файлы; SCR-066 Проект: контакты; SCR-067 Проект: комментарии; SCR-068 Проект: история; SCR-069 Проект: настройки; SCR-070 Создать/редактировать проект; SCR-071 Project role/overrides; SCR-072 Lifecycle проекта,FLOW-013 Создание проекта; FLOW-014 Добавление участника; FLOW-035 Завершение и архивирование проекта,Audit/security,implementation_matrix.csv wave-b.csv:346 Source='OpenAPI `POST_api_v1_projects_id_unarchive`; Stage_3_Field_Traceability_Final_3.5.csv; cross-cutting requirement AUDIT-010'; openapi.yaml operationId POST_api_v1_projects_id_unarchive = POST /api/v1/projects/{id}/unarchive; traceability 4.5 FR-096 Permission=Project.Archive,Source field of the matrix row confirms operationId POST_api_v1_projects_id_unarchive; method and path verified in openapi.yaml; permission confirmed via traceability FR-096.
wave-b.csv:347,AC-2796,AC,MOD-010,Audit evidence for FR-255,unresolved,,,,,,SCR-060 Проекты: список; SCR-061 Проект: обзор; SCR-062 Проект: задачи; SCR-063 Проект: календарь; SCR-064 Проект: участники; SCR-065 Проект: файлы; SCR-066 Проект: контакты; SCR-067 Проект: комментарии; SCR-068 Проект: история; SCR-069 Проект: настройки; SCR-070 Создать/редактировать проект; SCR-071 Project role/overrides; SCR-072 Lifecycle проекта,FLOW-013 Создание проекта; FLOW-014 Добавление участника; FLOW-035 Завершение и архивирование проекта,Audit/security,implementation_matrix.csv wave-b.csv:347 title='Audit evidence for FR-255'; traceability 4.5 FR-255 API cell='Desktop-only; использует существующие read/command API при необходимости'.,FR-255 is Desktop-only with no dedicated API operation; the allowed sources confirm no server operation for this AC.
wave-b.csv:454,AC-1611,AC,MOD-011,[STATE-007/STATE-031] Field contract: FileLocationCheckCreate.status respects type/required/nullable/limits/PATCH semantics,resolved,POST_api_v1_file_locations_id_check_result,POST,/api/v1/file-locations/{id}/check-result,FileReference.Open,Task.Application.MOD-011.POST_api_v1_file_locations_id_check_resultHandler,SCR-080 Каталог файлов; SCR-081 Карточка CatalogItem; SCR-082 Добавить CatalogItem; SCR-083 Управление locations; SCR-084 Выбор пути и открытие; SCR-085 Недоступный файл; SCR-086 Перепривязка location; SCR-087 Добавить альтернативный path; SCR-088 Связи CatalogItem; SCR-089 Контекстное меню каталога; SCR-090 Диагностика availability; SCR-210 Windows file/folder picker,FLOW-015 Открытие файла; FLOW-016 Недоступный файл; FLOW-017 Перепривязка файла; FLOW-036 Добавить альтернативный FileLocation,Boundary/contract UI,implementation_matrix.csv wave-b.csv:454 Source='dto_field_catalog.csv:FileLocationCheckCreate.status; openapi.yaml operation POST_api_v1_file_locations_id_check_result'; openapi.yaml operationId POST_api_v1_file_locations_id_check_result = POST /api/v1/file-locations/{id}/check-result; traceability 4.5 FR-112 Permission=FileReference.Open,Source field of the matrix row confirms operationId POST_api_v1_file_locations_id_check_result; method and path verified in openapi.yaml; permission confirmed via traceability FR-112.
wave-b.csv:455,AC-1612,AC,MOD-011,[STATE-007/STATE-031] Field contract: FileLocationCheckCreate.deviceId respects type/required/nullable/limits/PATCH semantics,resolved,POST_api_v1_file_locations_id_check_result,POST,/api/v1/file-locations/{id}/check-result,FileReference.Open,Task.Application.MOD-011.POST_api_v1_file_locations_id_check_resultHandler,SCR-080 Каталог файлов; SCR-081 Карточка CatalogItem; SCR-082 Добавить CatalogItem; SCR-083 Управление locations; SCR-084 Выбор пути и открытие; SCR-085 Недоступный файл; SCR-086 Перепривязка location; SCR-087 Добавить альтернативный path; SCR-088 Связи CatalogItem; SCR-089 Контекстное меню каталога; SCR-090 Диагностика availability; SCR-210 Windows file/folder picker,FLOW-015 Открытие файла; FLOW-016 Недоступный файл; FLOW-017 Перепривязка файла; FLOW-036 Добавить альтернативный FileLocation,Boundary/contract UI,implementation_matrix.csv wave-b.csv:455 Source='dto_field_catalog.csv:FileLocationCheckCreate.deviceId; openapi.yaml operation POST_api_v1_file_locations_id_check_result'; openapi.yaml operationId POST_api_v1_file_locations_id_check_result = POST /api/v1/file-locations/{id}/check-result; traceability 4.5 FR-112 Permission=FileReference.Open,Source field of the matrix row confirms operationId POST_api_v1_file_locations_id_check_result; method and path verified in openapi.yaml; permission confirmed via traceability FR-112.
wave-b.csv:456,AC-1613,AC,MOD-011,[STATE-007/STATE-031] Field contract: FileLocationCreate.locationType respects type/required/nullable/limits/PATCH semantics,resolved,POST_api_v1_catalog_items_id_locations,POST,/api/v1/catalog-items/{id}/locations,FileLocation.Update,Task.Application.MOD-011.POST_api_v1_catalog_items_id_locationsHandler,SCR-080 Каталог файлов; SCR-081 Карточка CatalogItem; SCR-082 Добавить CatalogItem; SCR-083 Управление locations; SCR-084 Выбор пути и открытие; SCR-085 Недоступный файл; SCR-086 Перепривязка location; SCR-087 Добавить альтернативный path; SCR-088 Связи CatalogItem; SCR-089 Контекстное меню каталога; SCR-090 Диагностика availability; SCR-210 Windows file/folder picker,FLOW-015 Открытие файла; FLOW-016 Недоступный файл; FLOW-017 Перепривязка файла; FLOW-036 Добавить альтернативный FileLocation,Boundary/contract UI,implementation_matrix.csv wave-b.csv:456 Source='dto_field_catalog.csv:FileLocationCreate.locationType; openapi.yaml operation POST_api_v1_catalog_items_id_locations'; openapi.yaml operationId POST_api_v1_catalog_items_id_locations = POST /api/v1/catalog-items/{id}/locations; traceability 4.5 FR-104 Permission=FileLocation.Update,Source field of the matrix row confirms operationId POST_api_v1_catalog_items_id_locations; method and path verified in openapi.yaml; permission confirmed via traceability FR-104.
wave-b.csv:457,AC-1614,AC,MOD-011,[STATE-007] Field contract: ResolveLocationRequest.deviceId respects type/required/nullable/limits/PATCH semantics,resolved,POST_api_v1_catalog_items_id_resolve_location,POST,/api/v1/catalog-items/{id}/resolve-location,FileReference.Open,Task.Application.MOD-011.POST_api_v1_catalog_items_id_resolve_locationHandler,SCR-080 Каталог файлов; SCR-081 Карточка CatalogItem; SCR-082 Добавить CatalogItem; SCR-083 Управление locations; SCR-084 Выбор пути и открытие; SCR-085 Недоступный файл; SCR-086 Перепривязка location; SCR-087 Добавить альтернативный path; SCR-088 Связи CatalogItem; SCR-089 Контекстное меню каталога; SCR-090 Диагностика availability; SCR-210 Windows file/folder picker,FLOW-015 Открытие файла; FLOW-016 Недоступный файл; FLOW-017 Перепривязка файла; FLOW-036 Добавить альтернативный FileLocation,Boundary/contract UI,implementation_matrix.csv wave-b.csv:457 Source='dto_field_catalog.csv:ResolveLocationRequest.deviceId; openapi.yaml operation POST_api_v1_catalog_items_id_resolve_location'; openapi.yaml operationId POST_api_v1_catalog_items_id_resolve_location = POST /api/v1/catalog-items/{id}/resolve-location; traceability 4.5 FR-108 Permission=FileReference.Open,Source field of the matrix row confirms operationId POST_api_v1_catalog_items_id_resolve_location; method and path verified in openapi.yaml; permission confirmed via traceability FR-108.
wave-b.csv:458,AC-1615,AC,MOD-011,[STATE-007] Field contract: CatalogItemCreate.name respects type/required/nullable/limits/PATCH semantics,unresolved,,,,,,SCR-080 Каталог файлов; SCR-081 Карточка CatalogItem; SCR-082 Добавить CatalogItem; SCR-083 Управление locations; SCR-084 Выбор пути и открытие; SCR-085 Недоступный файл; SCR-086 Перепривязка location; SCR-087 Добавить альтернативный path; SCR-088 Связи CatalogItem; SCR-089 Контекстное меню каталога; SCR-090 Диагностика availability; SCR-210 Windows file/folder picker,FLOW-015 Открытие файла; FLOW-016 Недоступный файл; FLOW-017 Перепривязка файла; FLOW-036 Добавить альтернативный FileLocation,Boundary/contract UI,"implementation_matrix.csv wave-b.csv:458 Source='openapi.yaml:CatalogItemCreate.name' (reference to an OpenAPI schema or parameter, no operationId); traceability 4.5 DATA-011 API cell='OpenAPI operations of module' (no operationId).",The source references only an OpenAPI schema/parameter; the field-to-operation mapping is not confirmed by the allowed sources; no operationId to report.
wave-b.csv:459,AC-1616,AC,MOD-011,[STATE-007/STATE-031] Field contract: FileLocationCreate.priority respects type/required/nullable/limits/PATCH semantics,resolved,POST_api_v1_catalog_items_id_locations,POST,/api/v1/catalog-items/{id}/locations,FileLocation.Update,Task.Application.MOD-011.POST_api_v1_catalog_items_id_locationsHandler,SCR-080 Каталог файлов; SCR-081 Карточка CatalogItem; SCR-082 Добавить CatalogItem; SCR-083 Управление locations; SCR-084 Выбор пути и открытие; SCR-085 Недоступный файл; SCR-086 Перепривязка location; SCR-087 Добавить альтернативный path; SCR-088 Связи CatalogItem; SCR-089 Контекстное меню каталога; SCR-090 Диагностика availability; SCR-210 Windows file/folder picker,FLOW-015 Открытие файла; FLOW-016 Недоступный файл; FLOW-017 Перепривязка файла; FLOW-036 Добавить альтернативный FileLocation,Boundary/contract UI,implementation_matrix.csv wave-b.csv:459 Source='dto_field_catalog.csv:FileLocationCreate.priority; openapi.yaml operation POST_api_v1_catalog_items_id_locations'; openapi.yaml operationId POST_api_v1_catalog_items_id_locations = POST /api/v1/catalog-items/{id}/locations; traceability 4.5 FR-104 Permission=FileLocation.Update,Source field of the matrix row confirms operationId POST_api_v1_catalog_items_id_locations; method and path verified in openapi.yaml; permission confirmed via traceability FR-104.
wave-b.csv:460,AC-1617,AC,MOD-011,[STATE-007/STATE-031] Field contract: FileLocationPatch.priority respects type/required/nullable/limits/PATCH semantics,resolved,PATCH_api_v1_catalog_items_id_locations_locationId,PATCH,/api/v1/catalog-items/{id}/locations/{locationId},FileLocation.Update,Task.Application.MOD-011.PATCH_api_v1_catalog_items_id_locations_locationIdHandler,SCR-080 Каталог файлов; SCR-081 Карточка CatalogItem; SCR-082 Добавить CatalogItem; SCR-083 Управление locations; SCR-084 Выбор пути и открытие; SCR-085 Недоступный файл; SCR-086 Перепривязка location; SCR-087 Добавить альтернативный path; SCR-088 Связи CatalogItem; SCR-089 Контекстное меню каталога; SCR-090 Диагностика availability; SCR-210 Windows file/folder picker,FLOW-015 Открытие файла; FLOW-016 Недоступный файл; FLOW-017 Перепривязка файла; FLOW-036 Добавить альтернативный FileLocation,Boundary/contract UI,implementation_matrix.csv wave-b.csv:460 Source='dto_field_catalog.csv:FileLocationPatch.priority; openapi.yaml operation PATCH_api_v1_catalog_items_id_locations_locationId'; openapi.yaml operationId PATCH_api_v1_catalog_items_id_locations_locationId = PATCH /api/v1/catalog-items/{id}/locations/{locationId}; traceability 4.5 FR-106 Permission=FileLocation.Update,Source field of the matrix row confirms operationId PATCH_api_v1_catalog_items_id_locations_locationId; method and path verified in openapi.yaml; permission confirmed via traceability FR-106.
wave-b.csv:461,AC-1618,AC,MOD-011,[STATE-007/STATE-031] Field contract: FileLocationCreate.deviceId respects type/required/nullable/limits/PATCH semantics,resolved,POST_api_v1_catalog_items_id_locations,POST,/api/v1/catalog-items/{id}/locations,FileLocation.Update,Task.Application.MOD-011.POST_api_v1_catalog_items_id_locationsHandler,SCR-080 Каталог файлов; SCR-081 Карточка CatalogItem; SCR-082 Добавить CatalogItem; SCR-083 Управление locations; SCR-084 Выбор пути и открытие; SCR-085 Недоступный файл; SCR-086 Перепривязка location; SCR-087 Добавить альтернативный path; SCR-088 Связи CatalogItem; SCR-089 Контекстное меню каталога; SCR-090 Диагностика availability; SCR-210 Windows file/folder picker,FLOW-015 Открытие файла; FLOW-016 Недоступный файл; FLOW-017 Перепривязка файла; FLOW-036 Добавить альтернативный FileLocation,Boundary/contract UI,implementation_matrix.csv wave-b.csv:461 Source='dto_field_catalog.csv:FileLocationCreate.deviceId; openapi.yaml operation POST_api_v1_catalog_items_id_locations'; openapi.yaml operationId POST_api_v1_catalog_items_id_locations = POST /api/v1/catalog-items/{id}/locations; traceability 4.5 FR-104 Permission=FileLocation.Update,Source field of the matrix row confirms operationId POST_api_v1_catalog_items_id_locations; method and path verified in openapi.yaml; permission confirmed via traceability FR-104.
wave-b.csv:462,AC-1619,AC,MOD-011,[STATE-007/STATE-031] Field contract: FileLocationCreate.networkResourceId respects type/required/nullable/limits/PATCH semantics,resolved,POST_api_v1_catalog_items_id_locations,POST,/api/v1/catalog-items/{id}/locations,FileLocation.Update,Task.Application.MOD-011.POST_api_v1_catalog_items_id_locationsHandler,SCR-080 Каталог файлов; SCR-081 Карточка CatalogItem; SCR-082 Добавить CatalogItem; SCR-083 Управление locations; SCR-084 Выбор пути и открытие; SCR-085 Недоступный файл; SCR-086 Перепривязка location; SCR-087 Добавить альтернативный path; SCR-088 Связи CatalogItem; SCR-089 Контекстное меню каталога; SCR-090 Диагностика availability; SCR-210 Windows file/folder picker,FLOW-015 Открытие файла; FLOW-016 Недоступный файл; FLOW-017 Перепривязка файла; FLOW-036 Добавить альтернативный FileLocation,Boundary/contract UI,implementation_matrix.csv wave-b.csv:462 Source='dto_field_catalog.csv:FileLocationCreate.networkResourceId; openapi.yaml operation POST_api_v1_catalog_items_id_locations'; openapi.yaml operationId POST_api_v1_catalog_items_id_locations = POST /api/v1/catalog-items/{id}/locations; traceability 4.5 FR-104 Permission=FileLocation.Update,Source field of the matrix row confirms operationId POST_api_v1_catalog_items_id_locations; method and path verified in openapi.yaml; permission confirmed via traceability FR-104.
wave-b.csv:463,AC-1620,AC,MOD-011,[STATE-007/STATE-031] Field contract: FileLocationPatch.deviceId respects type/required/nullable/limits/PATCH semantics,resolved,PATCH_api_v1_catalog_items_id_locations_locationId,PATCH,/api/v1/catalog-items/{id}/locations/{locationId},FileLocation.Update,Task.Application.MOD-011.PATCH_api_v1_catalog_items_id_locations_locationIdHandler,SCR-080 Каталог файлов; SCR-081 Карточка CatalogItem; SCR-082 Добавить CatalogItem; SCR-083 Управление locations; SCR-084 Выбор пути и открытие; SCR-085 Недоступный файл; SCR-086 Перепривязка location; SCR-087 Добавить альтернативный path; SCR-088 Связи CatalogItem; SCR-089 Контекстное меню каталога; SCR-090 Диагностика availability; SCR-210 Windows file/folder picker,FLOW-015 Открытие файла; FLOW-016 Недоступный файл; FLOW-017 Перепривязка файла; FLOW-036 Добавить альтернативный FileLocation,Boundary/contract UI,implementation_matrix.csv wave-b.csv:463 Source='dto_field_catalog.csv:FileLocationPatch.deviceId; openapi.yaml operation PATCH_api_v1_catalog_items_id_locations_locationId'; openapi.yaml operationId PATCH_api_v1_catalog_items_id_locations_locationId = PATCH /api/v1/catalog-items/{id}/locations/{locationId}; traceability 4.5 FR-106 Permission=FileLocation.Update,Source field of the matrix row confirms operationId PATCH_api_v1_catalog_items_id_locations_locationId; method and path verified in openapi.yaml; permission confirmed via traceability FR-106.
wave-b.csv:464,AC-1621,AC,MOD-011,[STATE-007/STATE-031] Field contract: FileLocationPatch.locationType respects type/required/nullable/limits/PATCH semantics,resolved,PATCH_api_v1_catalog_items_id_locations_locationId,PATCH,/api/v1/catalog-items/{id}/locations/{locationId},FileLocation.Update,Task.Application.MOD-011.PATCH_api_v1_catalog_items_id_locations_locationIdHandler,SCR-080 Каталог файлов; SCR-081 Карточка CatalogItem; SCR-082 Добавить CatalogItem; SCR-083 Управление locations; SCR-084 Выбор пути и открытие; SCR-085 Недоступный файл; SCR-086 Перепривязка location; SCR-087 Добавить альтернативный path; SCR-088 Связи CatalogItem; SCR-089 Контекстное меню каталога; SCR-090 Диагностика availability; SCR-210 Windows file/folder picker,FLOW-015 Открытие файла; FLOW-016 Недоступный файл; FLOW-017 Перепривязка файла; FLOW-036 Добавить альтернативный FileLocation,Boundary/contract UI,implementation_matrix.csv wave-b.csv:464 Source='dto_field_catalog.csv:FileLocationPatch.locationType; openapi.yaml operation PATCH_api_v1_catalog_items_id_locations_locationId'; openapi.yaml operationId PATCH_api_v1_catalog_items_id_locations_locationId = PATCH /api/v1/catalog-items/{id}/locations/{locationId}; traceability 4.5 FR-106 Permission=FileLocation.Update,Source field of the matrix row confirms operationId PATCH_api_v1_catalog_items_id_locations_locationId; method and path verified in openapi.yaml; permission confirmed via traceability FR-106.
wave-b.csv:465,AC-1622,AC,MOD-011,[STATE-007/STATE-031] Field contract: FileLocationPatch.networkResourceId respects type/required/nullable/limits/PATCH semantics,resolved,PATCH_api_v1_catalog_items_id_locations_locationId,PATCH,/api/v1/catalog-items/{id}/locations/{locationId},FileLocation.Update,Task.Application.MOD-011.PATCH_api_v1_catalog_items_id_locations_locationIdHandler,SCR-080 Каталог файлов; SCR-081 Карточка CatalogItem; SCR-082 Добавить CatalogItem; SCR-083 Управление locations; SCR-084 Выбор пути и открытие; SCR-085 Недоступный файл; SCR-086 Перепривязка location; SCR-087 Добавить альтернативный path; SCR-088 Связи CatalogItem; SCR-089 Контекстное меню каталога; SCR-090 Диагностика availability; SCR-210 Windows file/folder picker,FLOW-015 Открытие файла; FLOW-016 Недоступный файл; FLOW-017 Перепривязка файла; FLOW-036 Добавить альтернативный FileLocation,Boundary/contract UI,implementation_matrix.csv wave-b.csv:465 Source='dto_field_catalog.csv:FileLocationPatch.networkResourceId; openapi.yaml operation PATCH_api_v1_catalog_items_id_locations_locationId'; openapi.yaml operationId PATCH_api_v1_catalog_items_id_locations_locationId = PATCH /api/v1/catalog-items/{id}/locations/{locationId}; traceability 4.5 FR-106 Permission=FileLocation.Update,Source field of the matrix row confirms operationId PATCH_api_v1_catalog_items_id_locations_locationId; method and path verified in openapi.yaml; permission confirmed via traceability FR-106.
wave-b.csv:466,AC-1623,AC,MOD-011,[STATE-007] Field contract: CatalogItemPatch.name respects type/required/nullable/limits/PATCH semantics,unresolved,,,,,,SCR-080 Каталог файлов; SCR-081 Карточка CatalogItem; SCR-082 Добавить CatalogItem; SCR-083 Управление locations; SCR-084 Выбор пути и открытие; SCR-085 Недоступный файл; SCR-086 Перепривязка location; SCR-087 Добавить альтернативный path; SCR-088 Связи CatalogItem; SCR-089 Контекстное меню каталога; SCR-090 Диагностика availability; SCR-210 Windows file/folder picker,FLOW-015 Открытие файла; FLOW-016 Недоступный файл; FLOW-017 Перепривязка файла; FLOW-036 Добавить альтернативный FileLocation,Boundary/contract UI,"implementation_matrix.csv wave-b.csv:466 Source='openapi.yaml:CatalogItemPatch.name' (reference to an OpenAPI schema or parameter, no operationId); traceability 4.5 DATA-011 API cell='OpenAPI operations of module' (no operationId).",The source references only an OpenAPI schema/parameter; the field-to-operation mapping is not confirmed by the allowed sources; no operationId to report.
wave-b.csv:467,AC-1624,AC,MOD-011,[STATE-007] Field contract: CatalogItemCreate.description respects type/required/nullable/limits/PATCH semantics,unresolved,,,,,,SCR-080 Каталог файлов; SCR-081 Карточка CatalogItem; SCR-082 Добавить CatalogItem; SCR-083 Управление locations; SCR-084 Выбор пути и открытие; SCR-085 Недоступный файл; SCR-086 Перепривязка location; SCR-087 Добавить альтернативный path; SCR-088 Связи CatalogItem; SCR-089 Контекстное меню каталога; SCR-090 Диагностика availability; SCR-210 Windows file/folder picker,FLOW-015 Открытие файла; FLOW-016 Недоступный файл; FLOW-017 Перепривязка файла; FLOW-036 Добавить альтернативный FileLocation,Boundary/contract UI,"implementation_matrix.csv wave-b.csv:467 Source='openapi.yaml:CatalogItemCreate.description' (reference to an OpenAPI schema or parameter, no operationId); traceability 4.5 DATA-011 API cell='OpenAPI operations of module' (no operationId).",The source references only an OpenAPI schema/parameter; the field-to-operation mapping is not confirmed by the allowed sources; no operationId to report.
wave-b.csv:468,AC-1625,AC,MOD-011,[STATE-007] Field contract: CatalogItemPatch.description respects type/required/nullable/limits/PATCH semantics,unresolved,,,,,,SCR-080 Каталог файлов; SCR-081 Карточка CatalogItem; SCR-082 Добавить CatalogItem; SCR-083 Управление locations; SCR-084 Выбор пути и открытие; SCR-085 Недоступный файл; SCR-086 Перепривязка location; SCR-087 Добавить альтернативный path; SCR-088 Связи CatalogItem; SCR-089 Контекстное меню каталога; SCR-090 Диагностика availability; SCR-210 Windows file/folder picker,FLOW-015 Открытие файла; FLOW-016 Недоступный файл; FLOW-017 Перепривязка файла; FLOW-036 Добавить альтернативный FileLocation,Boundary/contract UI,"implementation_matrix.csv wave-b.csv:468 Source='openapi.yaml:CatalogItemPatch.description' (reference to an OpenAPI schema or parameter, no operationId); traceability 4.5 DATA-011 API cell='OpenAPI operations of module' (no operationId).",The source references only an OpenAPI schema/parameter; the field-to-operation mapping is not confirmed by the allowed sources; no operationId to report.
wave-b.csv:469,AC-1626,AC,MOD-011,[STATE-007] Field contract: (query parameters).deviceId respects type/required/nullable/limits/PATCH semantics,resolved,GET_api_v1_catalog_items_id_locations,GET,/api/v1/catalog-items/{id}/locations,FileReference.Open,Task.Application.MOD-011.GET_api_v1_catalog_items_id_locationsHandler,SCR-080 Каталог файлов; SCR-081 Карточка CatalogItem; SCR-082 Добавить CatalogItem; SCR-083 Управление locations; SCR-084 Выбор пути и открытие; SCR-085 Недоступный файл; SCR-086 Перепривязка location; SCR-087 Добавить альтернативный path; SCR-088 Связи CatalogItem; SCR-089 Контекстное меню каталога; SCR-090 Диагностика availability; SCR-210 Windows file/folder picker,FLOW-015 Открытие файла; FLOW-016 Недоступный файл; FLOW-017 Перепривязка файла; FLOW-036 Добавить альтернативный FileLocation,Boundary/contract UI,implementation_matrix.csv wave-b.csv:469 Source='openapi.yaml#/paths//api/v1/catalog-items/{id}/locations/get/parameters/deviceId' (exact OpenAPI path+method of the parameter); openapi.yaml maps GET /api/v1/catalog-items/{id}/locations to operationId GET_api_v1_catalog_items_id_locations; traceability 4.5 FR-103 Permission=FileReference.Open,Matrix row Source references the exact path+method in openapi.yaml; operationId GET_api_v1_catalog_items_id_locations resolved from openapi.yaml at that path; permission confirmed via traceability FR-103.
wave-b.csv:470,AC-1627,AC,MOD-011,[STATE-007] Field contract: CatalogItemCreate.parentId respects type/required/nullable/limits/PATCH semantics,unresolved,,,,,,SCR-080 Каталог файлов; SCR-081 Карточка CatalogItem; SCR-082 Добавить CatalogItem; SCR-083 Управление locations; SCR-084 Выбор пути и открытие; SCR-085 Недоступный файл; SCR-086 Перепривязка location; SCR-087 Добавить альтернативный path; SCR-088 Связи CatalogItem; SCR-089 Контекстное меню каталога; SCR-090 Диагностика availability; SCR-210 Windows file/folder picker,FLOW-015 Открытие файла; FLOW-016 Недоступный файл; FLOW-017 Перепривязка файла; FLOW-036 Добавить альтернативный FileLocation,Boundary/contract UI,"implementation_matrix.csv wave-b.csv:470 Source='openapi.yaml:CatalogItemCreate.parentId' (reference to an OpenAPI schema or parameter, no operationId); traceability 4.5 DATA-011 API cell='OpenAPI operations of module' (no operationId).",The source references only an OpenAPI schema/parameter; the field-to-operation mapping is not confirmed by the allowed sources; no operationId to report.
wave-b.csv:471,AC-1628,AC,MOD-011,[STATE-007] Field contract: CatalogItemPatch.parentId respects type/required/nullable/limits/PATCH semantics,unresolved,,,,,,SCR-080 Каталог файлов; SCR-081 Карточка CatalogItem; SCR-082 Добавить CatalogItem; SCR-083 Управление locations; SCR-084 Выбор пути и открытие; SCR-085 Недоступный файл; SCR-086 Перепривязка location; SCR-087 Добавить альтернативный path; SCR-088 Связи CatalogItem; SCR-089 Контекстное меню каталога; SCR-090 Диагностика availability; SCR-210 Windows file/folder picker,FLOW-015 Открытие файла; FLOW-016 Недоступный файл; FLOW-017 Перепривязка файла; FLOW-036 Добавить альтернативный FileLocation,Boundary/contract UI,"implementation_matrix.csv wave-b.csv:471 Source='openapi.yaml:CatalogItemPatch.parentId' (reference to an OpenAPI schema or parameter, no operationId); traceability 4.5 DATA-011 API cell='OpenAPI operations of module' (no operationId).",The source references only an OpenAPI schema/parameter; the field-to-operation mapping is not confirmed by the allowed sources; no operationId to report.
wave-b.csv:472,AC-1629,AC,MOD-011,[STATE-007/STATE-031] Field contract: FileLocationCheckCreate.checkedAt respects type/required/nullable/limits/PATCH semantics,resolved,POST_api_v1_file_locations_id_check_result,POST,/api/v1/file-locations/{id}/check-result,FileReference.Open,Task.Application.MOD-011.POST_api_v1_file_locations_id_check_resultHandler,SCR-080 Каталог файлов; SCR-081 Карточка CatalogItem; SCR-082 Добавить CatalogItem; SCR-083 Управление locations; SCR-084 Выбор пути и открытие; SCR-085 Недоступный файл; SCR-086 Перепривязка location; SCR-087 Добавить альтернативный path; SCR-088 Связи CatalogItem; SCR-089 Контекстное меню каталога; SCR-090 Диагностика availability; SCR-210 Windows file/folder picker,FLOW-015 Открытие файла; FLOW-016 Недоступный файл; FLOW-017 Перепривязка файла; FLOW-036 Добавить альтернативный FileLocation,Boundary/contract UI,implementation_matrix.csv wave-b.csv:472 Source='dto_field_catalog.csv:FileLocationCheckCreate.checkedAt; openapi.yaml operation POST_api_v1_file_locations_id_check_result'; openapi.yaml operationId POST_api_v1_file_locations_id_check_result = POST /api/v1/file-locations/{id}/check-result; traceability 4.5 FR-112 Permission=FileReference.Open,Source field of the matrix row confirms operationId POST_api_v1_file_locations_id_check_result; method and path verified in openapi.yaml; permission confirmed via traceability FR-112.
wave-b.csv:473,AC-1630,AC,MOD-011,[STATE-007/STATE-031] Field contract: FileLocationCheckCreate.expectedLocationVersion respects type/required/nullable/limits/PATCH semantics,resolved,POST_api_v1_file_locations_id_check_result,POST,/api/v1/file-locations/{id}/check-result,FileReference.Open,Task.Application.MOD-011.POST_api_v1_file_locations_id_check_resultHandler,SCR-080 Каталог файлов; SCR-081 Карточка CatalogItem; SCR-082 Добавить CatalogItem; SCR-083 Управление locations; SCR-084 Выбор пути и открытие; SCR-085 Недоступный файл; SCR-086 Перепривязка location; SCR-087 Добавить альтернативный path; SCR-088 Связи CatalogItem; SCR-089 Контекстное меню каталога; SCR-090 Диагностика availability; SCR-210 Windows file/folder picker,FLOW-015 Открытие файла; FLOW-016 Недоступный файл; FLOW-017 Перепривязка файла; FLOW-036 Добавить альтернативный FileLocation,Boundary/contract UI,implementation_matrix.csv wave-b.csv:473 Source='dto_field_catalog.csv:FileLocationCheckCreate.expectedLocationVersion; openapi.yaml operation POST_api_v1_file_locations_id_check_result'; openapi.yaml operationId POST_api_v1_file_locations_id_check_result = POST /api/v1/file-locations/{id}/check-result; traceability 4.5 FR-112 Permission=FileReference.Open,Source field of the matrix row confirms operationId POST_api_v1_file_locations_id_check_result; method and path verified in openapi.yaml; permission confirmed via traceability FR-112.
wave-b.csv:474,AC-1631,AC,MOD-011,[STATE-007/STATE-031] Field contract: FileLocationCreate.rawPath respects type/required/nullable/limits/PATCH semantics,resolved,POST_api_v1_catalog_items_id_locations,POST,/api/v1/catalog-items/{id}/locations,FileLocation.Update,Task.Application.MOD-011.POST_api_v1_catalog_items_id_locationsHandler,SCR-080 Каталог файлов; SCR-081 Карточка CatalogItem; SCR-082 Добавить CatalogItem; SCR-083 Управление locations; SCR-084 Выбор пути и открытие; SCR-085 Недоступный файл; SCR-086 Перепривязка location; SCR-087 Добавить альтернативный path; SCR-088 Связи CatalogItem; SCR-089 Контекстное меню каталога; SCR-090 Диагностика availability; SCR-210 Windows file/folder picker,FLOW-015 Открытие файла; FLOW-016 Недоступный файл; FLOW-017 Перепривязка файла; FLOW-036 Добавить альтернативный FileLocation,Boundary/contract UI,implementation_matrix.csv wave-b.csv:474 Source='dto_field_catalog.csv:FileLocationCreate.rawPath; openapi.yaml operation POST_api_v1_catalog_items_id_locations'; openapi.yaml operationId POST_api_v1_catalog_items_id_locations = POST /api/v1/catalog-items/{id}/locations; traceability 4.5 FR-104 Permission=FileLocation.Update,Source field of the matrix row confirms operationId POST_api_v1_catalog_items_id_locations; method and path verified in openapi.yaml; permission confirmed via traceability FR-104.
wave-b.csv:475,AC-1632,AC,MOD-011,[STATE-007] Field contract: ResolveLocationRequest.includeUnavailable respects type/required/nullable/limits/PATCH semantics,resolved,POST_api_v1_catalog_items_id_resolve_location,POST,/api/v1/catalog-items/{id}/resolve-location,FileReference.Open,Task.Application.MOD-011.POST_api_v1_catalog_items_id_resolve_locationHandler,SCR-080 Каталог файлов; SCR-081 Карточка CatalogItem; SCR-082 Добавить CatalogItem; SCR-083 Управление locations; SCR-084 Выбор пути и открытие; SCR-085 Недоступный файл; SCR-086 Перепривязка location; SCR-087 Добавить альтернативный path; SCR-088 Связи CatalogItem; SCR-089 Контекстное меню каталога; SCR-090 Диагностика availability; SCR-210 Windows file/folder picker,FLOW-015 Открытие файла; FLOW-016 Недоступный файл; FLOW-017 Перепривязка файла; FLOW-036 Добавить альтернативный FileLocation,Boundary/contract UI,implementation_matrix.csv wave-b.csv:475 Source='dto_field_catalog.csv:ResolveLocationRequest.includeUnavailable; openapi.yaml operation POST_api_v1_catalog_items_id_resolve_location'; openapi.yaml operationId POST_api_v1_catalog_items_id_resolve_location = POST /api/v1/catalog-items/{id}/resolve-location; traceability 4.5 FR-108 Permission=FileReference.Open,Source field of the matrix row confirms operationId POST_api_v1_catalog_items_id_resolve_location; method and path verified in openapi.yaml; permission confirmed via traceability FR-108.
wave-b.csv:476,AC-1633,AC,MOD-011,[STATE-007] Field contract: CatalogItemCreate.itemType respects type/required/nullable/limits/PATCH semantics,unresolved,,,,,,SCR-080 Каталог файлов; SCR-081 Карточка CatalogItem; SCR-082 Добавить CatalogItem; SCR-083 Управление locations; SCR-084 Выбор пути и открытие; SCR-085 Недоступный файл; SCR-086 Перепривязка location; SCR-087 Добавить альтернативный path; SCR-088 Связи CatalogItem; SCR-089 Контекстное меню каталога; SCR-090 Диагностика availability; SCR-210 Windows file/folder picker,FLOW-015 Открытие файла; FLOW-016 Недоступный файл; FLOW-017 Перепривязка файла; FLOW-036 Добавить альтернативный FileLocation,Boundary/contract UI,"implementation_matrix.csv wave-b.csv:476 Source='openapi.yaml:CatalogItemCreate.itemType' (reference to an OpenAPI schema or parameter, no operationId); traceability 4.5 DATA-011 API cell='OpenAPI operations of module' (no operationId).",The source references only an OpenAPI schema/parameter; the field-to-operation mapping is not confirmed by the allowed sources; no operationId to report.
wave-b.csv:477,AC-1634,AC,MOD-011,[STATE-007] Field contract: CatalogMoveRequest.expectedParentVersion respects type/required/nullable/limits/PATCH semantics,unresolved,,,,,,SCR-080 Каталог файлов; SCR-081 Карточка CatalogItem; SCR-082 Добавить CatalogItem; SCR-083 Управление locations; SCR-084 Выбор пути и открытие; SCR-085 Недоступный файл; SCR-086 Перепривязка location; SCR-087 Добавить альтернативный path; SCR-088 Связи CatalogItem; SCR-089 Контекстное меню каталога; SCR-090 Диагностика availability; SCR-210 Windows file/folder picker,FLOW-015 Открытие файла; FLOW-016 Недоступный файл; FLOW-017 Перепривязка файла; FLOW-036 Добавить альтернативный FileLocation,Boundary/contract UI,"implementation_matrix.csv wave-b.csv:477 Source='openapi.yaml:CatalogMoveRequest.expectedParentVersion' (reference to an OpenAPI schema or parameter, no operationId); traceability 4.5 DATA-011 API cell='OpenAPI operations of module' (no operationId).",The source references only an OpenAPI schema/parameter; the field-to-operation mapping is not confirmed by the allowed sources; no operationId to report.
wave-b.csv:478,AC-1838,AC,MOD-011,Permission denial for FR-097,resolved,GET_api_v1_catalog_items,GET,/api/v1/catalog-items,FileCatalog.Read,Task.Application.MOD-011.GET_api_v1_catalog_itemsHandler,SCR-080 Каталог файлов; SCR-081 Карточка CatalogItem; SCR-082 Добавить CatalogItem; SCR-083 Управление locations; SCR-084 Выбор пути и открытие; SCR-085 Недоступный файл; SCR-086 Перепривязка location; SCR-087 Добавить альтернативный path; SCR-088 Связи CatalogItem; SCR-089 Контекстное меню каталога; SCR-090 Диагностика availability; SCR-210 Windows file/folder picker,FLOW-015 Открытие файла; FLOW-016 Недоступный файл; FLOW-017 Перепривязка файла; FLOW-036 Добавить альтернативный FileLocation,Security/authorization,implementation_matrix.csv wave-b.csv:478 Source='OpenAPI `GET_api_v1_catalog_items`; Stage_3_Field_Traceability_Final_3.5.csv; cross-cutting requirement PERM-011'; openapi.yaml operationId GET_api_v1_catalog_items = GET /api/v1/catalog-items; traceability 4.5 FR-097 Permission=FileCatalog.Read,Source field of the matrix row confirms operationId GET_api_v1_catalog_items; method and path verified in openapi.yaml; permission confirmed via traceability FR-097.
wave-b.csv:479,AC-1859,AC,MOD-011,Stable error handling for FR-097,resolved,GET_api_v1_catalog_items,GET,/api/v1/catalog-items,FileCatalog.Read,Task.Application.MOD-011.GET_api_v1_catalog_itemsHandler,SCR-080 Каталог файлов; SCR-081 Карточка CatalogItem; SCR-082 Добавить CatalogItem; SCR-083 Управление locations; SCR-084 Выбор пути и открытие; SCR-085 Недоступный файл; SCR-086 Перепривязка location; SCR-087 Добавить альтернативный path; SCR-088 Связи CatalogItem; SCR-089 Контекстное меню каталога; SCR-090 Диагностика availability; SCR-210 Windows file/folder picker,FLOW-015 Открытие файла; FLOW-016 Недоступный файл; FLOW-017 Перепривязка файла; FLOW-036 Добавить альтернативный FileLocation,Error handling,implementation_matrix.csv wave-b.csv:479 Source='OpenAPI `GET_api_v1_catalog_items`; Stage_3_Field_Traceability_Final_3.5.csv; cross-cutting requirement ERR-011'; openapi.yaml operationId GET_api_v1_catalog_items = GET /api/v1/catalog-items; traceability 4.5 FR-097 Permission=FileCatalog.Read,Source field of the matrix row confirms operationId GET_api_v1_catalog_items; method and path verified in openapi.yaml; permission confirmed via traceability FR-097.
wave-b.csv:481,AC-1901,AC,MOD-011,Audit evidence for FR-097,resolved,GET_api_v1_catalog_items,GET,/api/v1/catalog-items,FileCatalog.Read,Task.Application.MOD-011.GET_api_v1_catalog_itemsHandler,SCR-080 Каталог файлов; SCR-081 Карточка CatalogItem; SCR-082 Добавить CatalogItem; SCR-083 Управление locations; SCR-084 Выбор пути и открытие; SCR-085 Недоступный файл; SCR-086 Перепривязка location; SCR-087 Добавить альтернативный path; SCR-088 Связи CatalogItem; SCR-089 Контекстное меню каталога; SCR-090 Диагностика availability; SCR-210 Windows file/folder picker,FLOW-015 Открытие файла; FLOW-016 Недоступный файл; FLOW-017 Перепривязка файла; FLOW-036 Добавить альтернативный FileLocation,Audit/security,implementation_matrix.csv wave-b.csv:481 Source='OpenAPI `GET_api_v1_catalog_items`; Stage_3_Field_Traceability_Final_3.5.csv; cross-cutting requirement AUDIT-011'; openapi.yaml operationId GET_api_v1_catalog_items = GET /api/v1/catalog-items; traceability 4.5 FR-097 Permission=FileCatalog.Read,Source field of the matrix row confirms operationId GET_api_v1_catalog_items; method and path verified in openapi.yaml; permission confirmed via traceability FR-097.
wave-b.csv:482,AC-2023,AC,MOD-011,Permission denial for FR-098,resolved,POST_api_v1_catalog_items,POST,/api/v1/catalog-items,FileCatalog.Create,Task.Application.MOD-011.POST_api_v1_catalog_itemsHandler,SCR-080 Каталог файлов; SCR-081 Карточка CatalogItem; SCR-082 Добавить CatalogItem; SCR-083 Управление locations; SCR-084 Выбор пути и открытие; SCR-085 Недоступный файл; SCR-086 Перепривязка location; SCR-087 Добавить альтернативный path; SCR-088 Связи CatalogItem; SCR-089 Контекстное меню каталога; SCR-090 Диагностика availability; SCR-210 Windows file/folder picker,FLOW-015 Открытие файла; FLOW-016 Недоступный файл; FLOW-017 Перепривязка файла; FLOW-036 Добавить альтернативный FileLocation,Security/authorization,implementation_matrix.csv wave-b.csv:482 Source='OpenAPI `POST_api_v1_catalog_items`; Stage_3_Field_Traceability_Final_3.5.csv; cross-cutting requirement PERM-011'; openapi.yaml operationId POST_api_v1_catalog_items = POST /api/v1/catalog-items; traceability 4.5 FR-098 Permission=FileCatalog.Create,Source field of the matrix row confirms operationId POST_api_v1_catalog_items; method and path verified in openapi.yaml; permission confirmed via traceability FR-098.
wave-b.csv:483,AC-2024,AC,MOD-011,Permission denial for FR-099,resolved,DELETE_api_v1_catalog_items_id,DELETE,/api/v1/catalog-items/{id},FileCatalog.Delete,Task.Application.MOD-011.DELETE_api_v1_catalog_items_idHandler,SCR-080 Каталог файлов; SCR-081 Карточка CatalogItem; SCR-082 Добавить CatalogItem; SCR-083 Управление locations; SCR-084 Выбор пути и открытие; SCR-085 Недоступный файл; SCR-086 Перепривязка location; SCR-087 Добавить альтернативный path; SCR-088 Связи CatalogItem; SCR-089 Контекстное меню каталога; SCR-090 Диагностика availability; SCR-210 Windows file/folder picker,FLOW-015 Открытие файла; FLOW-016 Недоступный файл; FLOW-017 Перепривязка файла; FLOW-036 Добавить альтернативный FileLocation,Security/authorization,implementation_matrix.csv wave-b.csv:483 Source='OpenAPI `DELETE_api_v1_catalog_items_id`; Stage_3_Field_Traceability_Final_3.5.csv; cross-cutting requirement PERM-011'; openapi.yaml operationId DELETE_api_v1_catalog_items_id = DELETE /api/v1/catalog-items/{id}; traceability 4.5 FR-099 Permission=FileCatalog.Delete,Source field of the matrix row confirms operationId DELETE_api_v1_catalog_items_id; method and path verified in openapi.yaml; permission confirmed via traceability FR-099.
wave-b.csv:484,AC-2025,AC,MOD-011,Permission denial for FR-100,resolved,GET_api_v1_catalog_items_id,GET,/api/v1/catalog-items/{id},FileCatalog.Read,Task.Application.MOD-011.GET_api_v1_catalog_items_idHandler,SCR-080 Каталог файлов; SCR-081 Карточка CatalogItem; SCR-082 Добавить CatalogItem; SCR-083 Управление locations; SCR-084 Выбор пути и открытие; SCR-085 Недоступный файл; SCR-086 Перепривязка location; SCR-087 Добавить альтернативный path; SCR-088 Связи CatalogItem; SCR-089 Контекстное меню каталога; SCR-090 Диагностика availability; SCR-210 Windows file/folder picker,FLOW-015 Открытие файла; FLOW-016 Недоступный файл; FLOW-017 Перепривязка файла; FLOW-036 Добавить альтернативный FileLocation,Security/authorization,implementation_matrix.csv wave-b.csv:484 Source='OpenAPI `GET_api_v1_catalog_items_id`; Stage_3_Field_Traceability_Final_3.5.csv; cross-cutting requirement PERM-011'; openapi.yaml operationId GET_api_v1_catalog_items_id = GET /api/v1/catalog-items/{id}; traceability 4.5 FR-100 Permission=FileCatalog.Read,Source field of the matrix row confirms operationId GET_api_v1_catalog_items_id; method and path verified in openapi.yaml; permission confirmed via traceability FR-100.
wave-b.csv:485,AC-2026,AC,MOD-011,Permission denial for FR-101,resolved,PATCH_api_v1_catalog_items_id,PATCH,/api/v1/catalog-items/{id},FileCatalog.Update,Task.Application.MOD-011.PATCH_api_v1_catalog_items_idHandler,SCR-080 Каталог файлов; SCR-081 Карточка CatalogItem; SCR-082 Добавить CatalogItem; SCR-083 Управление locations; SCR-084 Выбор пути и открытие; SCR-085 Недоступный файл; SCR-086 Перепривязка location; SCR-087 Добавить альтернативный path; SCR-088 Связи CatalogItem; SCR-089 Контекстное меню каталога; SCR-090 Диагностика availability; SCR-210 Windows file/folder picker,FLOW-015 Открытие файла; FLOW-016 Недоступный файл; FLOW-017 Перепривязка файла; FLOW-036 Добавить альтернативный FileLocation,Security/authorization,implementation_matrix.csv wave-b.csv:485 Source='OpenAPI `PATCH_api_v1_catalog_items_id`; Stage_3_Field_Traceability_Final_3.5.csv; cross-cutting requirement PERM-011'; openapi.yaml operationId PATCH_api_v1_catalog_items_id = PATCH /api/v1/catalog-items/{id}; traceability 4.5 FR-101 Permission=FileCatalog.Update,Source field of the matrix row confirms operationId PATCH_api_v1_catalog_items_id; method and path verified in openapi.yaml; permission confirmed via traceability FR-101.
wave-b.csv:486,AC-2027,AC,MOD-011,Permission denial for FR-102,resolved,POST_api_v1_catalog_items_id_archive,POST,/api/v1/catalog-items/{id}/archive,FileCatalog.Update,Task.Application.MOD-011.POST_api_v1_catalog_items_id_archiveHandler,SCR-080 Каталог файлов; SCR-081 Карточка CatalogItem; SCR-082 Добавить CatalogItem; SCR-083 Управление locations; SCR-084 Выбор пути и открытие; SCR-085 Недоступный файл; SCR-086 Перепривязка location; SCR-087 Добавить альтернативный path; SCR-088 Связи CatalogItem; SCR-089 Контекстное меню каталога; SCR-090 Диагностика availability; SCR-210 Windows file/folder picker,FLOW-015 Открытие файла; FLOW-016 Недоступный файл; FLOW-017 Перепривязка файла; FLOW-036 Добавить альтернативный FileLocation,Security/authorization,implementation_matrix.csv wave-b.csv:486 Source='OpenAPI `POST_api_v1_catalog_items_id_archive`; Stage_3_Field_Traceability_Final_3.5.csv; cross-cutting requirement PERM-011'; openapi.yaml operationId POST_api_v1_catalog_items_id_archive = POST /api/v1/catalog-items/{id}/archive; traceability 4.5 FR-102 Permission=FileCatalog.Update,Source field of the matrix row confirms operationId POST_api_v1_catalog_items_id_archive; method and path verified in openapi.yaml; permission confirmed via traceability FR-102.
wave-b.csv:487,AC-2028,AC,MOD-011,Permission denial for FR-103,resolved,GET_api_v1_catalog_items_id_locations,GET,/api/v1/catalog-items/{id}/locations,FileReference.Open,Task.Application.MOD-011.GET_api_v1_catalog_items_id_locationsHandler,SCR-080 Каталог файлов; SCR-081 Карточка CatalogItem; SCR-082 Добавить CatalogItem; SCR-083 Управление locations; SCR-084 Выбор пути и открытие; SCR-085 Недоступный файл; SCR-086 Перепривязка location; SCR-087 Добавить альтернативный path; SCR-088 Связи CatalogItem; SCR-089 Контекстное меню каталога; SCR-090 Диагностика availability; SCR-210 Windows file/folder picker,FLOW-015 Открытие файла; FLOW-016 Недоступный файл; FLOW-017 Перепривязка файла; FLOW-036 Добавить альтернативный FileLocation,Security/authorization,implementation_matrix.csv wave-b.csv:487 Source='OpenAPI `GET_api_v1_catalog_items_id_locations`; Stage_3_Field_Traceability_Final_3.5.csv; cross-cutting requirement PERM-011'; openapi.yaml operationId GET_api_v1_catalog_items_id_locations = GET /api/v1/catalog-items/{id}/locations; traceability 4.5 FR-103 Permission=FileReference.Open,Source field of the matrix row confirms operationId GET_api_v1_catalog_items_id_locations; method and path verified in openapi.yaml; permission confirmed via traceability FR-103.
wave-b.csv:488,AC-2029,AC,MOD-011,Permission denial for FR-104,resolved,POST_api_v1_catalog_items_id_locations,POST,/api/v1/catalog-items/{id}/locations,FileLocation.Update,Task.Application.MOD-011.POST_api_v1_catalog_items_id_locationsHandler,SCR-080 Каталог файлов; SCR-081 Карточка CatalogItem; SCR-082 Добавить CatalogItem; SCR-083 Управление locations; SCR-084 Выбор пути и открытие; SCR-085 Недоступный файл; SCR-086 Перепривязка location; SCR-087 Добавить альтернативный path; SCR-088 Связи CatalogItem; SCR-089 Контекстное меню каталога; SCR-090 Диагностика availability; SCR-210 Windows file/folder picker,FLOW-015 Открытие файла; FLOW-016 Недоступный файл; FLOW-017 Перепривязка файла; FLOW-036 Добавить альтернативный FileLocation,Security/authorization,implementation_matrix.csv wave-b.csv:488 Source='OpenAPI `POST_api_v1_catalog_items_id_locations`; Stage_3_Field_Traceability_Final_3.5.csv; cross-cutting requirement PERM-011'; openapi.yaml operationId POST_api_v1_catalog_items_id_locations = POST /api/v1/catalog-items/{id}/locations; traceability 4.5 FR-104 Permission=FileLocation.Update,Source field of the matrix row confirms operationId POST_api_v1_catalog_items_id_locations; method and path verified in openapi.yaml; permission confirmed via traceability FR-104.
wave-b.csv:489,AC-2030,AC,MOD-011,Permission denial for FR-105,resolved,DELETE_api_v1_catalog_items_id_locations_locationId,DELETE,/api/v1/catalog-items/{id}/locations/{locationId},FileLocation.Update,Task.Application.MOD-011.DELETE_api_v1_catalog_items_id_locations_locationIdHandler,SCR-080 Каталог файлов; SCR-081 Карточка CatalogItem; SCR-082 Добавить CatalogItem; SCR-083 Управление locations; SCR-084 Выбор пути и открытие; SCR-085 Недоступный файл; SCR-086 Перепривязка location; SCR-087 Добавить альтернативный path; SCR-088 Связи CatalogItem; SCR-089 Контекстное меню каталога; SCR-090 Диагностика availability; SCR-210 Windows file/folder picker,FLOW-015 Открытие файла; FLOW-016 Недоступный файл; FLOW-017 Перепривязка файла; FLOW-036 Добавить альтернативный FileLocation,Security/authorization,implementation_matrix.csv wave-b.csv:489 Source='OpenAPI `DELETE_api_v1_catalog_items_id_locations_locationId`; Stage_3_Field_Traceability_Final_3.5.csv; cross-cutting requirement PERM-011'; openapi.yaml operationId DELETE_api_v1_catalog_items_id_locations_locationId = DELETE /api/v1/catalog-items/{id}/locations/{locationId}; traceability 4.5 FR-105 Permission=FileLocation.Update,Source field of the matrix row confirms operationId DELETE_api_v1_catalog_items_id_locations_locationId; method and path verified in openapi.yaml; permission confirmed via traceability FR-105.
wave-b.csv:490,AC-2031,AC,MOD-011,Permission denial for FR-106,resolved,PATCH_api_v1_catalog_items_id_locations_locationId,PATCH,/api/v1/catalog-items/{id}/locations/{locationId},FileLocation.Update,Task.Application.MOD-011.PATCH_api_v1_catalog_items_id_locations_locationIdHandler,SCR-080 Каталог файлов; SCR-081 Карточка CatalogItem; SCR-082 Добавить CatalogItem; SCR-083 Управление locations; SCR-084 Выбор пути и открытие; SCR-085 Недоступный файл; SCR-086 Перепривязка location; SCR-087 Добавить альтернативный path; SCR-088 Связи CatalogItem; SCR-089 Контекстное меню каталога; SCR-090 Диагностика availability; SCR-210 Windows file/folder picker,FLOW-015 Открытие файла; FLOW-016 Недоступный файл; FLOW-017 Перепривязка файла; FLOW-036 Добавить альтернативный FileLocation,Security/authorization,implementation_matrix.csv wave-b.csv:490 Source='OpenAPI `PATCH_api_v1_catalog_items_id_locations_locationId`; Stage_3_Field_Traceability_Final_3.5.csv; cross-cutting requirement PERM-011'; openapi.yaml operationId PATCH_api_v1_catalog_items_id_locations_locationId = PATCH /api/v1/catalog-items/{id}/locations/{locationId}; traceability 4.5 FR-106 Permission=FileLocation.Update,Source field of the matrix row confirms operationId PATCH_api_v1_catalog_items_id_locations_locationId; method and path verified in openapi.yaml; permission confirmed via traceability FR-106.
wave-b.csv:491,AC-2032,AC,MOD-011,Permission denial for FR-107,resolved,POST_api_v1_catalog_items_id_move,POST,/api/v1/catalog-items/{id}/move,FileCatalog.Update,Task.Application.MOD-011.POST_api_v1_catalog_items_id_moveHandler,SCR-080 Каталог файлов; SCR-081 Карточка CatalogItem; SCR-082 Добавить CatalogItem; SCR-083 Управление locations; SCR-084 Выбор пути и открытие; SCR-085 Недоступный файл; SCR-086 Перепривязка location; SCR-087 Добавить альтернативный path; SCR-088 Связи CatalogItem; SCR-089 Контекстное меню каталога; SCR-090 Диагностика availability; SCR-210 Windows file/folder picker,FLOW-015 Открытие файла; FLOW-016 Недоступный файл; FLOW-017 Перепривязка файла; FLOW-036 Добавить альтернативный FileLocation,Security/authorization,implementation_matrix.csv wave-b.csv:491 Source='OpenAPI `POST_api_v1_catalog_items_id_move`; Stage_3_Field_Traceability_Final_3.5.csv; cross-cutting requirement PERM-011'; openapi.yaml operationId POST_api_v1_catalog_items_id_move = POST /api/v1/catalog-items/{id}/move; traceability 4.5 FR-107 Permission=FileCatalog.Update,Source field of the matrix row confirms operationId POST_api_v1_catalog_items_id_move; method and path verified in openapi.yaml; permission confirmed via traceability FR-107.
wave-b.csv:492,AC-2033,AC,MOD-011,Permission denial for FR-108,resolved,POST_api_v1_catalog_items_id_resolve_location,POST,/api/v1/catalog-items/{id}/resolve-location,FileReference.Open,Task.Application.MOD-011.POST_api_v1_catalog_items_id_resolve_locationHandler,SCR-080 Каталог файлов; SCR-081 Карточка CatalogItem; SCR-082 Добавить CatalogItem; SCR-083 Управление locations; SCR-084 Выбор пути и открытие; SCR-085 Недоступный файл; SCR-086 Перепривязка location; SCR-087 Добавить альтернативный path; SCR-088 Связи CatalogItem; SCR-089 Контекстное меню каталога; SCR-090 Диагностика availability; SCR-210 Windows file/folder picker,FLOW-015 Открытие файла; FLOW-016 Недоступный файл; FLOW-017 Перепривязка файла; FLOW-036 Добавить альтернативный FileLocation,Security/authorization,implementation_matrix.csv wave-b.csv:492 Source='OpenAPI `POST_api_v1_catalog_items_id_resolve_location`; Stage_3_Field_Traceability_Final_3.5.csv; cross-cutting requirement PERM-011'; openapi.yaml operationId POST_api_v1_catalog_items_id_resolve_location = POST /api/v1/catalog-items/{id}/resolve-location; traceability 4.5 FR-108 Permission=FileReference.Open,Source field of the matrix row confirms operationId POST_api_v1_catalog_items_id_resolve_location; method and path verified in openapi.yaml; permission confirmed via traceability FR-108.
wave-b.csv:493,AC-2034,AC,MOD-011,Permission denial for FR-109,resolved,POST_api_v1_catalog_items_id_restore,POST,/api/v1/catalog-items/{id}/restore,FileCatalog.Restore,Task.Application.MOD-011.POST_api_v1_catalog_items_id_restoreHandler,SCR-080 Каталог файлов; SCR-081 Карточка CatalogItem; SCR-082 Добавить CatalogItem; SCR-083 Управление locations; SCR-084 Выбор пути и открытие; SCR-085 Недоступный файл; SCR-086 Перепривязка location; SCR-087 Добавить альтернативный path; SCR-088 Связи CatalogItem; SCR-089 Контекстное меню каталога; SCR-090 Диагностика availability; SCR-210 Windows file/folder picker,FLOW-015 Открытие файла; FLOW-016 Недоступный файл; FLOW-017 Перепривязка файла; FLOW-036 Добавить альтернативный FileLocation,Security/authorization,implementation_matrix.csv wave-b.csv:493 Source='OpenAPI `POST_api_v1_catalog_items_id_restore`; Stage_3_Field_Traceability_Final_3.5.csv; cross-cutting requirement PERM-011'; openapi.yaml operationId POST_api_v1_catalog_items_id_restore = POST /api/v1/catalog-items/{id}/restore; traceability 4.5 FR-109 Permission=FileCatalog.Restore,Source field of the matrix row confirms operationId POST_api_v1_catalog_items_id_restore; method and path verified in openapi.yaml; permission confirmed via traceability FR-109.
wave-b.csv:494,AC-2035,AC,MOD-011,Permission denial for FR-110,resolved,POST_api_v1_catalog_items_id_unarchive,POST,/api/v1/catalog-items/{id}/unarchive,FileCatalog.Update,Task.Application.MOD-011.POST_api_v1_catalog_items_id_unarchiveHandler,SCR-080 Каталог файлов; SCR-081 Карточка CatalogItem; SCR-082 Добавить CatalogItem; SCR-083 Управление locations; SCR-084 Выбор пути и открытие; SCR-085 Недоступный файл; SCR-086 Перепривязка location; SCR-087 Добавить альтернативный path; SCR-088 Связи CatalogItem; SCR-089 Контекстное меню каталога; SCR-090 Диагностика availability; SCR-210 Windows file/folder picker,FLOW-015 Открытие файла; FLOW-016 Недоступный файл; FLOW-017 Перепривязка файла; FLOW-036 Добавить альтернативный FileLocation,Security/authorization,implementation_matrix.csv wave-b.csv:494 Source='OpenAPI `POST_api_v1_catalog_items_id_unarchive`; Stage_3_Field_Traceability_Final_3.5.csv; cross-cutting requirement PERM-011'; openapi.yaml operationId POST_api_v1_catalog_items_id_unarchive = POST /api/v1/catalog-items/{id}/unarchive; traceability 4.5 FR-110 Permission=FileCatalog.Update,Source field of the matrix row confirms operationId POST_api_v1_catalog_items_id_unarchive; method and path verified in openapi.yaml; permission confirmed via traceability FR-110.
wave-b.csv:495,AC-2036,AC,MOD-011,Permission denial for FR-111,resolved,GET_api_v1_catalog_tree,GET,/api/v1/catalog/tree,FileCatalog.Read,Task.Application.MOD-011.GET_api_v1_catalog_treeHandler,SCR-080 Каталог файлов; SCR-081 Карточка CatalogItem; SCR-082 Добавить CatalogItem; SCR-083 Управление locations; SCR-084 Выбор пути и открытие; SCR-085 Недоступный файл; SCR-086 Перепривязка location; SCR-087 Добавить альтернативный path; SCR-088 Связи CatalogItem; SCR-089 Контекстное меню каталога; SCR-090 Диагностика availability; SCR-210 Windows file/folder picker,FLOW-015 Открытие файла; FLOW-016 Недоступный файл; FLOW-017 Перепривязка файла; FLOW-036 Добавить альтернативный FileLocation,Security/authorization,implementation_matrix.csv wave-b.csv:495 Source='OpenAPI `GET_api_v1_catalog_tree`; Stage_3_Field_Traceability_Final_3.5.csv; cross-cutting requirement PERM-011'; openapi.yaml operationId GET_api_v1_catalog_tree = GET /api/v1/catalog/tree; traceability 4.5 FR-111 Permission=FileCatalog.Read,Source field of the matrix row confirms operationId GET_api_v1_catalog_tree; method and path verified in openapi.yaml; permission confirmed via traceability FR-111.
wave-b.csv:496,AC-2037,AC,MOD-011,Permission denial for FR-112,resolved,POST_api_v1_file_locations_id_check_result,POST,/api/v1/file-locations/{id}/check-result,FileReference.Open,Task.Application.MOD-011.POST_api_v1_file_locations_id_check_resultHandler,SCR-080 Каталог файлов; SCR-081 Карточка CatalogItem; SCR-082 Добавить CatalogItem; SCR-083 Управление locations; SCR-084 Выбор пути и открытие; SCR-085 Недоступный файл; SCR-086 Перепривязка location; SCR-087 Добавить альтернативный path; SCR-088 Связи CatalogItem; SCR-089 Контекстное меню каталога; SCR-090 Диагностика availability; SCR-210 Windows file/folder picker,FLOW-015 Открытие файла; FLOW-016 Недоступный файл; FLOW-017 Перепривязка файла; FLOW-036 Добавить альтернативный FileLocation,Security/authorization,implementation_matrix.csv wave-b.csv:496 Source='OpenAPI `POST_api_v1_file_locations_id_check_result`; Stage_3_Field_Traceability_Final_3.5.csv; cross-cutting requirement PERM-011'; openapi.yaml operationId POST_api_v1_file_locations_id_check_result = POST /api/v1/file-locations/{id}/check-result; traceability 4.5 FR-112 Permission=FileReference.Open,Source field of the matrix row confirms operationId POST_api_v1_file_locations_id_check_result; method and path verified in openapi.yaml; permission confirmed via traceability FR-112.
wave-b.csv:497,AC-2038,AC,MOD-011,Permission denial for FR-256,unresolved,,,,,,SCR-080 Каталог файлов; SCR-081 Карточка CatalogItem; SCR-082 Добавить CatalogItem; SCR-083 Управление locations; SCR-084 Выбор пути и открытие; SCR-085 Недоступный файл; SCR-086 Перепривязка location; SCR-087 Добавить альтернативный path; SCR-088 Связи CatalogItem; SCR-089 Контекстное меню каталога; SCR-090 Диагностика availability; SCR-210 Windows file/folder picker,FLOW-015 Открытие файла; FLOW-016 Недоступный файл; FLOW-017 Перепривязка файла; FLOW-036 Добавить альтернативный FileLocation,Security/authorization,implementation_matrix.csv wave-b.csv:497 title='Permission denial for FR-256'; traceability 4.5 FR-256 API cell='Desktop-only; использует существующие read/command API при необходимости'.,FR-256 is Desktop-only with no dedicated API operation; the allowed sources confirm no server operation for this AC.
wave-b.csv:498,AC-2039,AC,MOD-011,Permission denial for FR-257,unresolved,,,,,,SCR-080 Каталог файлов; SCR-081 Карточка CatalogItem; SCR-082 Добавить CatalogItem; SCR-083 Управление locations; SCR-084 Выбор пути и открытие; SCR-085 Недоступный файл; SCR-086 Перепривязка location; SCR-087 Добавить альтернативный path; SCR-088 Связи CatalogItem; SCR-089 Контекстное меню каталога; SCR-090 Диагностика availability; SCR-210 Windows file/folder picker,FLOW-015 Открытие файла; FLOW-016 Недоступный файл; FLOW-017 Перепривязка файла; FLOW-036 Добавить альтернативный FileLocation,Security/authorization,implementation_matrix.csv wave-b.csv:498 title='Permission denial for FR-257'; traceability 4.5 FR-257 API cell='Desktop-only; использует существующие read/command API при необходимости'.,FR-257 is Desktop-only with no dedicated API operation; the allowed sources confirm no server operation for this AC.
wave-b.csv:499,AC-2281,AC,MOD-011,Stable error handling for FR-098,resolved,POST_api_v1_catalog_items,POST,/api/v1/catalog-items,FileCatalog.Create,Task.Application.MOD-011.POST_api_v1_catalog_itemsHandler,SCR-080 Каталог файлов; SCR-081 Карточка CatalogItem; SCR-082 Добавить CatalogItem; SCR-083 Управление locations; SCR-084 Выбор пути и открытие; SCR-085 Недоступный файл; SCR-086 Перепривязка location; SCR-087 Добавить альтернативный path; SCR-088 Связи CatalogItem; SCR-089 Контекстное меню каталога; SCR-090 Диагностика availability; SCR-210 Windows file/folder picker,FLOW-015 Открытие файла; FLOW-016 Недоступный файл; FLOW-017 Перепривязка файла; FLOW-036 Добавить альтернативный FileLocation,Error handling,implementation_matrix.csv wave-b.csv:499 Source='OpenAPI `POST_api_v1_catalog_items`; Stage_3_Field_Traceability_Final_3.5.csv; cross-cutting requirement ERR-011'; openapi.yaml operationId POST_api_v1_catalog_items = POST /api/v1/catalog-items; traceability 4.5 FR-098 Permission=FileCatalog.Create,Source field of the matrix row confirms operationId POST_api_v1_catalog_items; method and path verified in openapi.yaml; permission confirmed via traceability FR-098.
wave-b.csv:500,AC-2282,AC,MOD-011,Stable error handling for FR-099,resolved,DELETE_api_v1_catalog_items_id,DELETE,/api/v1/catalog-items/{id},FileCatalog.Delete,Task.Application.MOD-011.DELETE_api_v1_catalog_items_idHandler,SCR-080 Каталог файлов; SCR-081 Карточка CatalogItem; SCR-082 Добавить CatalogItem; SCR-083 Управление locations; SCR-084 Выбор пути и открытие; SCR-085 Недоступный файл; SCR-086 Перепривязка location; SCR-087 Добавить альтернативный path; SCR-088 Связи CatalogItem; SCR-089 Контекстное меню каталога; SCR-090 Диагностика availability; SCR-210 Windows file/folder picker,FLOW-015 Открытие файла; FLOW-016 Недоступный файл; FLOW-017 Перепривязка файла; FLOW-036 Добавить альтернативный FileLocation,Error handling,implementation_matrix.csv wave-b.csv:500 Source='OpenAPI `DELETE_api_v1_catalog_items_id`; Stage_3_Field_Traceability_Final_3.5.csv; cross-cutting requirement ERR-011'; openapi.yaml operationId DELETE_api_v1_catalog_items_id = DELETE /api/v1/catalog-items/{id}; traceability 4.5 FR-099 Permission=FileCatalog.Delete,Source field of the matrix row confirms operationId DELETE_api_v1_catalog_items_id; method and path verified in openapi.yaml; permission confirmed via traceability FR-099.
wave-b.csv:501,AC-2283,AC,MOD-011,Stable error handling for FR-100,resolved,GET_api_v1_catalog_items_id,GET,/api/v1/catalog-items/{id},FileCatalog.Read,Task.Application.MOD-011.GET_api_v1_catalog_items_idHandler,SCR-080 Каталог файлов; SCR-081 Карточка CatalogItem; SCR-082 Добавить CatalogItem; SCR-083 Управление locations; SCR-084 Выбор пути и открытие; SCR-085 Недоступный файл; SCR-086 Перепривязка location; SCR-087 Добавить альтернативный path; SCR-088 Связи CatalogItem; SCR-089 Контекстное меню каталога; SCR-090 Диагностика availability; SCR-210 Windows file/folder picker,FLOW-015 Открытие файла; FLOW-016 Недоступный файл; FLOW-017 Перепривязка файла; FLOW-036 Добавить альтернативный FileLocation,Error handling,implementation_matrix.csv wave-b.csv:501 Source='OpenAPI `GET_api_v1_catalog_items_id`; Stage_3_Field_Traceability_Final_3.5.csv; cross-cutting requirement ERR-011'; openapi.yaml operationId GET_api_v1_catalog_items_id = GET /api/v1/catalog-items/{id}; traceability 4.5 FR-100 Permission=FileCatalog.Read,Source field of the matrix row confirms operationId GET_api_v1_catalog_items_id; method and path verified in openapi.yaml; permission confirmed via traceability FR-100.
wave-b.csv:502,AC-2284,AC,MOD-011,Stable error handling for FR-101,resolved,PATCH_api_v1_catalog_items_id,PATCH,/api/v1/catalog-items/{id},FileCatalog.Update,Task.Application.MOD-011.PATCH_api_v1_catalog_items_idHandler,SCR-080 Каталог файлов; SCR-081 Карточка CatalogItem; SCR-082 Добавить CatalogItem; SCR-083 Управление locations; SCR-084 Выбор пути и открытие; SCR-085 Недоступный файл; SCR-086 Перепривязка location; SCR-087 Добавить альтернативный path; SCR-088 Связи CatalogItem; SCR-089 Контекстное меню каталога; SCR-090 Диагностика availability; SCR-210 Windows file/folder picker,FLOW-015 Открытие файла; FLOW-016 Недоступный файл; FLOW-017 Перепривязка файла; FLOW-036 Добавить альтернативный FileLocation,Error handling,implementation_matrix.csv wave-b.csv:502 Source='OpenAPI `PATCH_api_v1_catalog_items_id`; Stage_3_Field_Traceability_Final_3.5.csv; cross-cutting requirement ERR-011'; openapi.yaml operationId PATCH_api_v1_catalog_items_id = PATCH /api/v1/catalog-items/{id}; traceability 4.5 FR-101 Permission=FileCatalog.Update,Source field of the matrix row confirms operationId PATCH_api_v1_catalog_items_id; method and path verified in openapi.yaml; permission confirmed via traceability FR-101.
wave-b.csv:503,AC-2285,AC,MOD-011,Stable error handling for FR-102,resolved,POST_api_v1_catalog_items_id_archive,POST,/api/v1/catalog-items/{id}/archive,FileCatalog.Update,Task.Application.MOD-011.POST_api_v1_catalog_items_id_archiveHandler,SCR-080 Каталог файлов; SCR-081 Карточка CatalogItem; SCR-082 Добавить CatalogItem; SCR-083 Управление locations; SCR-084 Выбор пути и открытие; SCR-085 Недоступный файл; SCR-086 Перепривязка location; SCR-087 Добавить альтернативный path; SCR-088 Связи CatalogItem; SCR-089 Контекстное меню каталога; SCR-090 Диагностика availability; SCR-210 Windows file/folder picker,FLOW-015 Открытие файла; FLOW-016 Недоступный файл; FLOW-017 Перепривязка файла; FLOW-036 Добавить альтернативный FileLocation,Error handling,implementation_matrix.csv wave-b.csv:503 Source='OpenAPI `POST_api_v1_catalog_items_id_archive`; Stage_3_Field_Traceability_Final_3.5.csv; cross-cutting requirement ERR-011'; openapi.yaml operationId POST_api_v1_catalog_items_id_archive = POST /api/v1/catalog-items/{id}/archive; traceability 4.5 FR-102 Permission=FileCatalog.Update,Source field of the matrix row confirms operationId POST_api_v1_catalog_items_id_archive; method and path verified in openapi.yaml; permission confirmed via traceability FR-102.
wave-b.csv:504,AC-2286,AC,MOD-011,Stable error handling for FR-103,resolved,GET_api_v1_catalog_items_id_locations,GET,/api/v1/catalog-items/{id}/locations,FileReference.Open,Task.Application.MOD-011.GET_api_v1_catalog_items_id_locationsHandler,SCR-080 Каталог файлов; SCR-081 Карточка CatalogItem; SCR-082 Добавить CatalogItem; SCR-083 Управление locations; SCR-084 Выбор пути и открытие; SCR-085 Недоступный файл; SCR-086 Перепривязка location; SCR-087 Добавить альтернативный path; SCR-088 Связи CatalogItem; SCR-089 Контекстное меню каталога; SCR-090 Диагностика availability; SCR-210 Windows file/folder picker,FLOW-015 Открытие файла; FLOW-016 Недоступный файл; FLOW-017 Перепривязка файла; FLOW-036 Добавить альтернативный FileLocation,Error handling,implementation_matrix.csv wave-b.csv:504 Source='OpenAPI `GET_api_v1_catalog_items_id_locations`; Stage_3_Field_Traceability_Final_3.5.csv; cross-cutting requirement ERR-011'; openapi.yaml operationId GET_api_v1_catalog_items_id_locations = GET /api/v1/catalog-items/{id}/locations; traceability 4.5 FR-103 Permission=FileReference.Open,Source field of the matrix row confirms operationId GET_api_v1_catalog_items_id_locations; method and path verified in openapi.yaml; permission confirmed via traceability FR-103.
wave-b.csv:505,AC-2287,AC,MOD-011,Stable error handling for FR-104,resolved,POST_api_v1_catalog_items_id_locations,POST,/api/v1/catalog-items/{id}/locations,FileLocation.Update,Task.Application.MOD-011.POST_api_v1_catalog_items_id_locationsHandler,SCR-080 Каталог файлов; SCR-081 Карточка CatalogItem; SCR-082 Добавить CatalogItem; SCR-083 Управление locations; SCR-084 Выбор пути и открытие; SCR-085 Недоступный файл; SCR-086 Перепривязка location; SCR-087 Добавить альтернативный path; SCR-088 Связи CatalogItem; SCR-089 Контекстное меню каталога; SCR-090 Диагностика availability; SCR-210 Windows file/folder picker,FLOW-015 Открытие файла; FLOW-016 Недоступный файл; FLOW-017 Перепривязка файла; FLOW-036 Добавить альтернативный FileLocation,Error handling,implementation_matrix.csv wave-b.csv:505 Source='OpenAPI `POST_api_v1_catalog_items_id_locations`; Stage_3_Field_Traceability_Final_3.5.csv; cross-cutting requirement ERR-011'; openapi.yaml operationId POST_api_v1_catalog_items_id_locations = POST /api/v1/catalog-items/{id}/locations; traceability 4.5 FR-104 Permission=FileLocation.Update,Source field of the matrix row confirms operationId POST_api_v1_catalog_items_id_locations; method and path verified in openapi.yaml; permission confirmed via traceability FR-104.
wave-b.csv:506,AC-2288,AC,MOD-011,Stable error handling for FR-105,resolved,DELETE_api_v1_catalog_items_id_locations_locationId,DELETE,/api/v1/catalog-items/{id}/locations/{locationId},FileLocation.Update,Task.Application.MOD-011.DELETE_api_v1_catalog_items_id_locations_locationIdHandler,SCR-080 Каталог файлов; SCR-081 Карточка CatalogItem; SCR-082 Добавить CatalogItem; SCR-083 Управление locations; SCR-084 Выбор пути и открытие; SCR-085 Недоступный файл; SCR-086 Перепривязка location; SCR-087 Добавить альтернативный path; SCR-088 Связи CatalogItem; SCR-089 Контекстное меню каталога; SCR-090 Диагностика availability; SCR-210 Windows file/folder picker,FLOW-015 Открытие файла; FLOW-016 Недоступный файл; FLOW-017 Перепривязка файла; FLOW-036 Добавить альтернативный FileLocation,Error handling,implementation_matrix.csv wave-b.csv:506 Source='OpenAPI `DELETE_api_v1_catalog_items_id_locations_locationId`; Stage_3_Field_Traceability_Final_3.5.csv; cross-cutting requirement ERR-011'; openapi.yaml operationId DELETE_api_v1_catalog_items_id_locations_locationId = DELETE /api/v1/catalog-items/{id}/locations/{locationId}; traceability 4.5 FR-105 Permission=FileLocation.Update,Source field of the matrix row confirms operationId DELETE_api_v1_catalog_items_id_locations_locationId; method and path verified in openapi.yaml; permission confirmed via traceability FR-105.
wave-b.csv:507,AC-2289,AC,MOD-011,Stable error handling for FR-106,resolved,PATCH_api_v1_catalog_items_id_locations_locationId,PATCH,/api/v1/catalog-items/{id}/locations/{locationId},FileLocation.Update,Task.Application.MOD-011.PATCH_api_v1_catalog_items_id_locations_locationIdHandler,SCR-080 Каталог файлов; SCR-081 Карточка CatalogItem; SCR-082 Добавить CatalogItem; SCR-083 Управление locations; SCR-084 Выбор пути и открытие; SCR-085 Недоступный файл; SCR-086 Перепривязка location; SCR-087 Добавить альтернативный path; SCR-088 Связи CatalogItem; SCR-089 Контекстное меню каталога; SCR-090 Диагностика availability; SCR-210 Windows file/folder picker,FLOW-015 Открытие файла; FLOW-016 Недоступный файл; FLOW-017 Перепривязка файла; FLOW-036 Добавить альтернативный FileLocation,Error handling,implementation_matrix.csv wave-b.csv:507 Source='OpenAPI `PATCH_api_v1_catalog_items_id_locations_locationId`; Stage_3_Field_Traceability_Final_3.5.csv; cross-cutting requirement ERR-011'; openapi.yaml operationId PATCH_api_v1_catalog_items_id_locations_locationId = PATCH /api/v1/catalog-items/{id}/locations/{locationId}; traceability 4.5 FR-106 Permission=FileLocation.Update,Source field of the matrix row confirms operationId PATCH_api_v1_catalog_items_id_locations_locationId; method and path verified in openapi.yaml; permission confirmed via traceability FR-106.
wave-b.csv:508,AC-2290,AC,MOD-011,Stable error handling for FR-107,resolved,POST_api_v1_catalog_items_id_move,POST,/api/v1/catalog-items/{id}/move,FileCatalog.Update,Task.Application.MOD-011.POST_api_v1_catalog_items_id_moveHandler,SCR-080 Каталог файлов; SCR-081 Карточка CatalogItem; SCR-082 Добавить CatalogItem; SCR-083 Управление locations; SCR-084 Выбор пути и открытие; SCR-085 Недоступный файл; SCR-086 Перепривязка location; SCR-087 Добавить альтернативный path; SCR-088 Связи CatalogItem; SCR-089 Контекстное меню каталога; SCR-090 Диагностика availability; SCR-210 Windows file/folder picker,FLOW-015 Открытие файла; FLOW-016 Недоступный файл; FLOW-017 Перепривязка файла; FLOW-036 Добавить альтернативный FileLocation,Error handling,implementation_matrix.csv wave-b.csv:508 Source='OpenAPI `POST_api_v1_catalog_items_id_move`; Stage_3_Field_Traceability_Final_3.5.csv; cross-cutting requirement ERR-011'; openapi.yaml operationId POST_api_v1_catalog_items_id_move = POST /api/v1/catalog-items/{id}/move; traceability 4.5 FR-107 Permission=FileCatalog.Update,Source field of the matrix row confirms operationId POST_api_v1_catalog_items_id_move; method and path verified in openapi.yaml; permission confirmed via traceability FR-107.
wave-b.csv:509,AC-2291,AC,MOD-011,Stable error handling for FR-108,resolved,POST_api_v1_catalog_items_id_resolve_location,POST,/api/v1/catalog-items/{id}/resolve-location,FileReference.Open,Task.Application.MOD-011.POST_api_v1_catalog_items_id_resolve_locationHandler,SCR-080 Каталог файлов; SCR-081 Карточка CatalogItem; SCR-082 Добавить CatalogItem; SCR-083 Управление locations; SCR-084 Выбор пути и открытие; SCR-085 Недоступный файл; SCR-086 Перепривязка location; SCR-087 Добавить альтернативный path; SCR-088 Связи CatalogItem; SCR-089 Контекстное меню каталога; SCR-090 Диагностика availability; SCR-210 Windows file/folder picker,FLOW-015 Открытие файла; FLOW-016 Недоступный файл; FLOW-017 Перепривязка файла; FLOW-036 Добавить альтернативный FileLocation,Error handling,implementation_matrix.csv wave-b.csv:509 Source='OpenAPI `POST_api_v1_catalog_items_id_resolve_location`; Stage_3_Field_Traceability_Final_3.5.csv; cross-cutting requirement ERR-011'; openapi.yaml operationId POST_api_v1_catalog_items_id_resolve_location = POST /api/v1/catalog-items/{id}/resolve-location; traceability 4.5 FR-108 Permission=FileReference.Open,Source field of the matrix row confirms operationId POST_api_v1_catalog_items_id_resolve_location; method and path verified in openapi.yaml; permission confirmed via traceability FR-108.
wave-b.csv:510,AC-2292,AC,MOD-011,Stable error handling for FR-109,resolved,POST_api_v1_catalog_items_id_restore,POST,/api/v1/catalog-items/{id}/restore,FileCatalog.Restore,Task.Application.MOD-011.POST_api_v1_catalog_items_id_restoreHandler,SCR-080 Каталог файлов; SCR-081 Карточка CatalogItem; SCR-082 Добавить CatalogItem; SCR-083 Управление locations; SCR-084 Выбор пути и открытие; SCR-085 Недоступный файл; SCR-086 Перепривязка location; SCR-087 Добавить альтернативный path; SCR-088 Связи CatalogItem; SCR-089 Контекстное меню каталога; SCR-090 Диагностика availability; SCR-210 Windows file/folder picker,FLOW-015 Открытие файла; FLOW-016 Недоступный файл; FLOW-017 Перепривязка файла; FLOW-036 Добавить альтернативный FileLocation,Error handling,implementation_matrix.csv wave-b.csv:510 Source='OpenAPI `POST_api_v1_catalog_items_id_restore`; Stage_3_Field_Traceability_Final_3.5.csv; cross-cutting requirement ERR-011'; openapi.yaml operationId POST_api_v1_catalog_items_id_restore = POST /api/v1/catalog-items/{id}/restore; traceability 4.5 FR-109 Permission=FileCatalog.Restore,Source field of the matrix row confirms operationId POST_api_v1_catalog_items_id_restore; method and path verified in openapi.yaml; permission confirmed via traceability FR-109.
wave-b.csv:511,AC-2293,AC,MOD-011,Stable error handling for FR-110,resolved,POST_api_v1_catalog_items_id_unarchive,POST,/api/v1/catalog-items/{id}/unarchive,FileCatalog.Update,Task.Application.MOD-011.POST_api_v1_catalog_items_id_unarchiveHandler,SCR-080 Каталог файлов; SCR-081 Карточка CatalogItem; SCR-082 Добавить CatalogItem; SCR-083 Управление locations; SCR-084 Выбор пути и открытие; SCR-085 Недоступный файл; SCR-086 Перепривязка location; SCR-087 Добавить альтернативный path; SCR-088 Связи CatalogItem; SCR-089 Контекстное меню каталога; SCR-090 Диагностика availability; SCR-210 Windows file/folder picker,FLOW-015 Открытие файла; FLOW-016 Недоступный файл; FLOW-017 Перепривязка файла; FLOW-036 Добавить альтернативный FileLocation,Error handling,implementation_matrix.csv wave-b.csv:511 Source='OpenAPI `POST_api_v1_catalog_items_id_unarchive`; Stage_3_Field_Traceability_Final_3.5.csv; cross-cutting requirement ERR-011'; openapi.yaml operationId POST_api_v1_catalog_items_id_unarchive = POST /api/v1/catalog-items/{id}/unarchive; traceability 4.5 FR-110 Permission=FileCatalog.Update,Source field of the matrix row confirms operationId POST_api_v1_catalog_items_id_unarchive; method and path verified in openapi.yaml; permission confirmed via traceability FR-110.
wave-b.csv:512,AC-2294,AC,MOD-011,Stable error handling for FR-111,resolved,GET_api_v1_catalog_tree,GET,/api/v1/catalog/tree,FileCatalog.Read,Task.Application.MOD-011.GET_api_v1_catalog_treeHandler,SCR-080 Каталог файлов; SCR-081 Карточка CatalogItem; SCR-082 Добавить CatalogItem; SCR-083 Управление locations; SCR-084 Выбор пути и открытие; SCR-085 Недоступный файл; SCR-086 Перепривязка location; SCR-087 Добавить альтернативный path; SCR-088 Связи CatalogItem; SCR-089 Контекстное меню каталога; SCR-090 Диагностика availability; SCR-210 Windows file/folder picker,FLOW-015 Открытие файла; FLOW-016 Недоступный файл; FLOW-017 Перепривязка файла; FLOW-036 Добавить альтернативный FileLocation,Error handling,implementation_matrix.csv wave-b.csv:512 Source='OpenAPI `GET_api_v1_catalog_tree`; Stage_3_Field_Traceability_Final_3.5.csv; cross-cutting requirement ERR-011'; openapi.yaml operationId GET_api_v1_catalog_tree = GET /api/v1/catalog/tree; traceability 4.5 FR-111 Permission=FileCatalog.Read,Source field of the matrix row confirms operationId GET_api_v1_catalog_tree; method and path verified in openapi.yaml; permission confirmed via traceability FR-111.
wave-b.csv:513,AC-2295,AC,MOD-011,Stable error handling for FR-112,resolved,POST_api_v1_file_locations_id_check_result,POST,/api/v1/file-locations/{id}/check-result,FileReference.Open,Task.Application.MOD-011.POST_api_v1_file_locations_id_check_resultHandler,SCR-080 Каталог файлов; SCR-081 Карточка CatalogItem; SCR-082 Добавить CatalogItem; SCR-083 Управление locations; SCR-084 Выбор пути и открытие; SCR-085 Недоступный файл; SCR-086 Перепривязка location; SCR-087 Добавить альтернативный path; SCR-088 Связи CatalogItem; SCR-089 Контекстное меню каталога; SCR-090 Диагностика availability; SCR-210 Windows file/folder picker,FLOW-015 Открытие файла; FLOW-016 Недоступный файл; FLOW-017 Перепривязка файла; FLOW-036 Добавить альтернативный FileLocation,Error handling,implementation_matrix.csv wave-b.csv:513 Source='OpenAPI `POST_api_v1_file_locations_id_check_result`; Stage_3_Field_Traceability_Final_3.5.csv; cross-cutting requirement ERR-011'; openapi.yaml operationId POST_api_v1_file_locations_id_check_result = POST /api/v1/file-locations/{id}/check-result; traceability 4.5 FR-112 Permission=FileReference.Open,Source field of the matrix row confirms operationId POST_api_v1_file_locations_id_check_result; method and path verified in openapi.yaml; permission confirmed via traceability FR-112.
wave-b.csv:514,AC-2296,AC,MOD-011,Stable error handling for FR-256,unresolved,,,,,,SCR-080 Каталог файлов; SCR-081 Карточка CatalogItem; SCR-082 Добавить CatalogItem; SCR-083 Управление locations; SCR-084 Выбор пути и открытие; SCR-085 Недоступный файл; SCR-086 Перепривязка location; SCR-087 Добавить альтернативный path; SCR-088 Связи CatalogItem; SCR-089 Контекстное меню каталога; SCR-090 Диагностика availability; SCR-210 Windows file/folder picker,FLOW-015 Открытие файла; FLOW-016 Недоступный файл; FLOW-017 Перепривязка файла; FLOW-036 Добавить альтернативный FileLocation,Error handling,implementation_matrix.csv wave-b.csv:514 title='Stable error handling for FR-256'; traceability 4.5 FR-256 API cell='Desktop-only; использует существующие read/command API при необходимости'.,FR-256 is Desktop-only with no dedicated API operation; the allowed sources confirm no server operation for this AC.
wave-b.csv:515,AC-2297,AC,MOD-011,Stable error handling for FR-257,unresolved,,,,,,SCR-080 Каталог файлов; SCR-081 Карточка CatalogItem; SCR-082 Добавить CatalogItem; SCR-083 Управление locations; SCR-084 Выбор пути и открытие; SCR-085 Недоступный файл; SCR-086 Перепривязка location; SCR-087 Добавить альтернативный path; SCR-088 Связи CatalogItem; SCR-089 Контекстное меню каталога; SCR-090 Диагностика availability; SCR-210 Windows file/folder picker,FLOW-015 Открытие файла; FLOW-016 Недоступный файл; FLOW-017 Перепривязка файла; FLOW-036 Добавить альтернативный FileLocation,Error handling,implementation_matrix.csv wave-b.csv:515 title='Stable error handling for FR-257'; traceability 4.5 FR-257 API cell='Desktop-only; использует существующие read/command API при необходимости'.,FR-257 is Desktop-only with no dedicated API operation; the allowed sources confirm no server operation for this AC.
wave-b.csv:533,AC-2797,AC,MOD-011,Audit evidence for FR-098,resolved,POST_api_v1_catalog_items,POST,/api/v1/catalog-items,FileCatalog.Create,Task.Application.MOD-011.POST_api_v1_catalog_itemsHandler,SCR-080 Каталог файлов; SCR-081 Карточка CatalogItem; SCR-082 Добавить CatalogItem; SCR-083 Управление locations; SCR-084 Выбор пути и открытие; SCR-085 Недоступный файл; SCR-086 Перепривязка location; SCR-087 Добавить альтернативный path; SCR-088 Связи CatalogItem; SCR-089 Контекстное меню каталога; SCR-090 Диагностика availability; SCR-210 Windows file/folder picker,FLOW-015 Открытие файла; FLOW-016 Недоступный файл; FLOW-017 Перепривязка файла; FLOW-036 Добавить альтернативный FileLocation,Audit/security,implementation_matrix.csv wave-b.csv:533 Source='OpenAPI `POST_api_v1_catalog_items`; Stage_3_Field_Traceability_Final_3.5.csv; cross-cutting requirement AUDIT-011'; openapi.yaml operationId POST_api_v1_catalog_items = POST /api/v1/catalog-items; traceability 4.5 FR-098 Permission=FileCatalog.Create,Source field of the matrix row confirms operationId POST_api_v1_catalog_items; method and path verified in openapi.yaml; permission confirmed via traceability FR-098.
wave-b.csv:534,AC-2798,AC,MOD-011,Audit evidence for FR-099,resolved,DELETE_api_v1_catalog_items_id,DELETE,/api/v1/catalog-items/{id},FileCatalog.Delete,Task.Application.MOD-011.DELETE_api_v1_catalog_items_idHandler,SCR-080 Каталог файлов; SCR-081 Карточка CatalogItem; SCR-082 Добавить CatalogItem; SCR-083 Управление locations; SCR-084 Выбор пути и открытие; SCR-085 Недоступный файл; SCR-086 Перепривязка location; SCR-087 Добавить альтернативный path; SCR-088 Связи CatalogItem; SCR-089 Контекстное меню каталога; SCR-090 Диагностика availability; SCR-210 Windows file/folder picker,FLOW-015 Открытие файла; FLOW-016 Недоступный файл; FLOW-017 Перепривязка файла; FLOW-036 Добавить альтернативный FileLocation,Audit/security,implementation_matrix.csv wave-b.csv:534 Source='OpenAPI `DELETE_api_v1_catalog_items_id`; Stage_3_Field_Traceability_Final_3.5.csv; cross-cutting requirement AUDIT-011'; openapi.yaml operationId DELETE_api_v1_catalog_items_id = DELETE /api/v1/catalog-items/{id}; traceability 4.5 FR-099 Permission=FileCatalog.Delete,Source field of the matrix row confirms operationId DELETE_api_v1_catalog_items_id; method and path verified in openapi.yaml; permission confirmed via traceability FR-099.
wave-b.csv:535,AC-2799,AC,MOD-011,Audit evidence for FR-100,resolved,GET_api_v1_catalog_items_id,GET,/api/v1/catalog-items/{id},FileCatalog.Read,Task.Application.MOD-011.GET_api_v1_catalog_items_idHandler,SCR-080 Каталог файлов; SCR-081 Карточка CatalogItem; SCR-082 Добавить CatalogItem; SCR-083 Управление locations; SCR-084 Выбор пути и открытие; SCR-085 Недоступный файл; SCR-086 Перепривязка location; SCR-087 Добавить альтернативный path; SCR-088 Связи CatalogItem; SCR-089 Контекстное меню каталога; SCR-090 Диагностика availability; SCR-210 Windows file/folder picker,FLOW-015 Открытие файла; FLOW-016 Недоступный файл; FLOW-017 Перепривязка файла; FLOW-036 Добавить альтернативный FileLocation,Audit/security,implementation_matrix.csv wave-b.csv:535 Source='OpenAPI `GET_api_v1_catalog_items_id`; Stage_3_Field_Traceability_Final_3.5.csv; cross-cutting requirement AUDIT-011'; openapi.yaml operationId GET_api_v1_catalog_items_id = GET /api/v1/catalog-items/{id}; traceability 4.5 FR-100 Permission=FileCatalog.Read,Source field of the matrix row confirms operationId GET_api_v1_catalog_items_id; method and path verified in openapi.yaml; permission confirmed via traceability FR-100.
wave-b.csv:536,AC-2800,AC,MOD-011,Audit evidence for FR-101,resolved,PATCH_api_v1_catalog_items_id,PATCH,/api/v1/catalog-items/{id},FileCatalog.Update,Task.Application.MOD-011.PATCH_api_v1_catalog_items_idHandler,SCR-080 Каталог файлов; SCR-081 Карточка CatalogItem; SCR-082 Добавить CatalogItem; SCR-083 Управление locations; SCR-084 Выбор пути и открытие; SCR-085 Недоступный файл; SCR-086 Перепривязка location; SCR-087 Добавить альтернативный path; SCR-088 Связи CatalogItem; SCR-089 Контекстное меню каталога; SCR-090 Диагностика availability; SCR-210 Windows file/folder picker,FLOW-015 Открытие файла; FLOW-016 Недоступный файл; FLOW-017 Перепривязка файла; FLOW-036 Добавить альтернативный FileLocation,Audit/security,implementation_matrix.csv wave-b.csv:536 Source='OpenAPI `PATCH_api_v1_catalog_items_id`; Stage_3_Field_Traceability_Final_3.5.csv; cross-cutting requirement AUDIT-011'; openapi.yaml operationId PATCH_api_v1_catalog_items_id = PATCH /api/v1/catalog-items/{id}; traceability 4.5 FR-101 Permission=FileCatalog.Update,Source field of the matrix row confirms operationId PATCH_api_v1_catalog_items_id; method and path verified in openapi.yaml; permission confirmed via traceability FR-101.
wave-b.csv:537,AC-2801,AC,MOD-011,Audit evidence for FR-102,resolved,POST_api_v1_catalog_items_id_archive,POST,/api/v1/catalog-items/{id}/archive,FileCatalog.Update,Task.Application.MOD-011.POST_api_v1_catalog_items_id_archiveHandler,SCR-080 Каталог файлов; SCR-081 Карточка CatalogItem; SCR-082 Добавить CatalogItem; SCR-083 Управление locations; SCR-084 Выбор пути и открытие; SCR-085 Недоступный файл; SCR-086 Перепривязка location; SCR-087 Добавить альтернативный path; SCR-088 Связи CatalogItem; SCR-089 Контекстное меню каталога; SCR-090 Диагностика availability; SCR-210 Windows file/folder picker,FLOW-015 Открытие файла; FLOW-016 Недоступный файл; FLOW-017 Перепривязка файла; FLOW-036 Добавить альтернативный FileLocation,Audit/security,implementation_matrix.csv wave-b.csv:537 Source='OpenAPI `POST_api_v1_catalog_items_id_archive`; Stage_3_Field_Traceability_Final_3.5.csv; cross-cutting requirement AUDIT-011'; openapi.yaml operationId POST_api_v1_catalog_items_id_archive = POST /api/v1/catalog-items/{id}/archive; traceability 4.5 FR-102 Permission=FileCatalog.Update,Source field of the matrix row confirms operationId POST_api_v1_catalog_items_id_archive; method and path verified in openapi.yaml; permission confirmed via traceability FR-102.
wave-b.csv:538,AC-2802,AC,MOD-011,Audit evidence for FR-103,resolved,GET_api_v1_catalog_items_id_locations,GET,/api/v1/catalog-items/{id}/locations,FileReference.Open,Task.Application.MOD-011.GET_api_v1_catalog_items_id_locationsHandler,SCR-080 Каталог файлов; SCR-081 Карточка CatalogItem; SCR-082 Добавить CatalogItem; SCR-083 Управление locations; SCR-084 Выбор пути и открытие; SCR-085 Недоступный файл; SCR-086 Перепривязка location; SCR-087 Добавить альтернативный path; SCR-088 Связи CatalogItem; SCR-089 Контекстное меню каталога; SCR-090 Диагностика availability; SCR-210 Windows file/folder picker,FLOW-015 Открытие файла; FLOW-016 Недоступный файл; FLOW-017 Перепривязка файла; FLOW-036 Добавить альтернативный FileLocation,Audit/security,implementation_matrix.csv wave-b.csv:538 Source='OpenAPI `GET_api_v1_catalog_items_id_locations`; Stage_3_Field_Traceability_Final_3.5.csv; cross-cutting requirement AUDIT-011'; openapi.yaml operationId GET_api_v1_catalog_items_id_locations = GET /api/v1/catalog-items/{id}/locations; traceability 4.5 FR-103 Permission=FileReference.Open,Source field of the matrix row confirms operationId GET_api_v1_catalog_items_id_locations; method and path verified in openapi.yaml; permission confirmed via traceability FR-103.
wave-b.csv:539,AC-2803,AC,MOD-011,Audit evidence for FR-104,resolved,POST_api_v1_catalog_items_id_locations,POST,/api/v1/catalog-items/{id}/locations,FileLocation.Update,Task.Application.MOD-011.POST_api_v1_catalog_items_id_locationsHandler,SCR-080 Каталог файлов; SCR-081 Карточка CatalogItem; SCR-082 Добавить CatalogItem; SCR-083 Управление locations; SCR-084 Выбор пути и открытие; SCR-085 Недоступный файл; SCR-086 Перепривязка location; SCR-087 Добавить альтернативный path; SCR-088 Связи CatalogItem; SCR-089 Контекстное меню каталога; SCR-090 Диагностика availability; SCR-210 Windows file/folder picker,FLOW-015 Открытие файла; FLOW-016 Недоступный файл; FLOW-017 Перепривязка файла; FLOW-036 Добавить альтернативный FileLocation,Audit/security,implementation_matrix.csv wave-b.csv:539 Source='OpenAPI `POST_api_v1_catalog_items_id_locations`; Stage_3_Field_Traceability_Final_3.5.csv; cross-cutting requirement AUDIT-011'; openapi.yaml operationId POST_api_v1_catalog_items_id_locations = POST /api/v1/catalog-items/{id}/locations; traceability 4.5 FR-104 Permission=FileLocation.Update,Source field of the matrix row confirms operationId POST_api_v1_catalog_items_id_locations; method and path verified in openapi.yaml; permission confirmed via traceability FR-104.
wave-b.csv:540,AC-2804,AC,MOD-011,Audit evidence for FR-105,resolved,DELETE_api_v1_catalog_items_id_locations_locationId,DELETE,/api/v1/catalog-items/{id}/locations/{locationId},FileLocation.Update,Task.Application.MOD-011.DELETE_api_v1_catalog_items_id_locations_locationIdHandler,SCR-080 Каталог файлов; SCR-081 Карточка CatalogItem; SCR-082 Добавить CatalogItem; SCR-083 Управление locations; SCR-084 Выбор пути и открытие; SCR-085 Недоступный файл; SCR-086 Перепривязка location; SCR-087 Добавить альтернативный path; SCR-088 Связи CatalogItem; SCR-089 Контекстное меню каталога; SCR-090 Диагностика availability; SCR-210 Windows file/folder picker,FLOW-015 Открытие файла; FLOW-016 Недоступный файл; FLOW-017 Перепривязка файла; FLOW-036 Добавить альтернативный FileLocation,Audit/security,implementation_matrix.csv wave-b.csv:540 Source='OpenAPI `DELETE_api_v1_catalog_items_id_locations_locationId`; Stage_3_Field_Traceability_Final_3.5.csv; cross-cutting requirement AUDIT-011'; openapi.yaml operationId DELETE_api_v1_catalog_items_id_locations_locationId = DELETE /api/v1/catalog-items/{id}/locations/{locationId}; traceability 4.5 FR-105 Permission=FileLocation.Update,Source field of the matrix row confirms operationId DELETE_api_v1_catalog_items_id_locations_locationId; method and path verified in openapi.yaml; permission confirmed via traceability FR-105.
wave-b.csv:541,AC-2805,AC,MOD-011,Audit evidence for FR-106,resolved,PATCH_api_v1_catalog_items_id_locations_locationId,PATCH,/api/v1/catalog-items/{id}/locations/{locationId},FileLocation.Update,Task.Application.MOD-011.PATCH_api_v1_catalog_items_id_locations_locationIdHandler,SCR-080 Каталог файлов; SCR-081 Карточка CatalogItem; SCR-082 Добавить CatalogItem; SCR-083 Управление locations; SCR-084 Выбор пути и открытие; SCR-085 Недоступный файл; SCR-086 Перепривязка location; SCR-087 Добавить альтернативный path; SCR-088 Связи CatalogItem; SCR-089 Контекстное меню каталога; SCR-090 Диагностика availability; SCR-210 Windows file/folder picker,FLOW-015 Открытие файла; FLOW-016 Недоступный файл; FLOW-017 Перепривязка файла; FLOW-036 Добавить альтернативный FileLocation,Audit/security,implementation_matrix.csv wave-b.csv:541 Source='OpenAPI `PATCH_api_v1_catalog_items_id_locations_locationId`; Stage_3_Field_Traceability_Final_3.5.csv; cross-cutting requirement AUDIT-011'; openapi.yaml operationId PATCH_api_v1_catalog_items_id_locations_locationId = PATCH /api/v1/catalog-items/{id}/locations/{locationId}; traceability 4.5 FR-106 Permission=FileLocation.Update,Source field of the matrix row confirms operationId PATCH_api_v1_catalog_items_id_locations_locationId; method and path verified in openapi.yaml; permission confirmed via traceability FR-106.
wave-b.csv:542,AC-2806,AC,MOD-011,Audit evidence for FR-107,resolved,POST_api_v1_catalog_items_id_move,POST,/api/v1/catalog-items/{id}/move,FileCatalog.Update,Task.Application.MOD-011.POST_api_v1_catalog_items_id_moveHandler,SCR-080 Каталог файлов; SCR-081 Карточка CatalogItem; SCR-082 Добавить CatalogItem; SCR-083 Управление locations; SCR-084 Выбор пути и открытие; SCR-085 Недоступный файл; SCR-086 Перепривязка location; SCR-087 Добавить альтернативный path; SCR-088 Связи CatalogItem; SCR-089 Контекстное меню каталога; SCR-090 Диагностика availability; SCR-210 Windows file/folder picker,FLOW-015 Открытие файла; FLOW-016 Недоступный файл; FLOW-017 Перепривязка файла; FLOW-036 Добавить альтернативный FileLocation,Audit/security,implementation_matrix.csv wave-b.csv:542 Source='OpenAPI `POST_api_v1_catalog_items_id_move`; Stage_3_Field_Traceability_Final_3.5.csv; cross-cutting requirement AUDIT-011'; openapi.yaml operationId POST_api_v1_catalog_items_id_move = POST /api/v1/catalog-items/{id}/move; traceability 4.5 FR-107 Permission=FileCatalog.Update,Source field of the matrix row confirms operationId POST_api_v1_catalog_items_id_move; method and path verified in openapi.yaml; permission confirmed via traceability FR-107.
wave-b.csv:543,AC-2807,AC,MOD-011,Audit evidence for FR-108,resolved,POST_api_v1_catalog_items_id_resolve_location,POST,/api/v1/catalog-items/{id}/resolve-location,FileReference.Open,Task.Application.MOD-011.POST_api_v1_catalog_items_id_resolve_locationHandler,SCR-080 Каталог файлов; SCR-081 Карточка CatalogItem; SCR-082 Добавить CatalogItem; SCR-083 Управление locations; SCR-084 Выбор пути и открытие; SCR-085 Недоступный файл; SCR-086 Перепривязка location; SCR-087 Добавить альтернативный path; SCR-088 Связи CatalogItem; SCR-089 Контекстное меню каталога; SCR-090 Диагностика availability; SCR-210 Windows file/folder picker,FLOW-015 Открытие файла; FLOW-016 Недоступный файл; FLOW-017 Перепривязка файла; FLOW-036 Добавить альтернативный FileLocation,Audit/security,implementation_matrix.csv wave-b.csv:543 Source='OpenAPI `POST_api_v1_catalog_items_id_resolve_location`; Stage_3_Field_Traceability_Final_3.5.csv; cross-cutting requirement AUDIT-011'; openapi.yaml operationId POST_api_v1_catalog_items_id_resolve_location = POST /api/v1/catalog-items/{id}/resolve-location; traceability 4.5 FR-108 Permission=FileReference.Open,Source field of the matrix row confirms operationId POST_api_v1_catalog_items_id_resolve_location; method and path verified in openapi.yaml; permission confirmed via traceability FR-108.
wave-b.csv:544,AC-2808,AC,MOD-011,Audit evidence for FR-109,resolved,POST_api_v1_catalog_items_id_restore,POST,/api/v1/catalog-items/{id}/restore,FileCatalog.Restore,Task.Application.MOD-011.POST_api_v1_catalog_items_id_restoreHandler,SCR-080 Каталог файлов; SCR-081 Карточка CatalogItem; SCR-082 Добавить CatalogItem; SCR-083 Управление locations; SCR-084 Выбор пути и открытие; SCR-085 Недоступный файл; SCR-086 Перепривязка location; SCR-087 Добавить альтернативный path; SCR-088 Связи CatalogItem; SCR-089 Контекстное меню каталога; SCR-090 Диагностика availability; SCR-210 Windows file/folder picker,FLOW-015 Открытие файла; FLOW-016 Недоступный файл; FLOW-017 Перепривязка файла; FLOW-036 Добавить альтернативный FileLocation,Audit/security,implementation_matrix.csv wave-b.csv:544 Source='OpenAPI `POST_api_v1_catalog_items_id_restore`; Stage_3_Field_Traceability_Final_3.5.csv; cross-cutting requirement AUDIT-011'; openapi.yaml operationId POST_api_v1_catalog_items_id_restore = POST /api/v1/catalog-items/{id}/restore; traceability 4.5 FR-109 Permission=FileCatalog.Restore,Source field of the matrix row confirms operationId POST_api_v1_catalog_items_id_restore; method and path verified in openapi.yaml; permission confirmed via traceability FR-109.
wave-b.csv:545,AC-2809,AC,MOD-011,Audit evidence for FR-110,resolved,POST_api_v1_catalog_items_id_unarchive,POST,/api/v1/catalog-items/{id}/unarchive,FileCatalog.Update,Task.Application.MOD-011.POST_api_v1_catalog_items_id_unarchiveHandler,SCR-080 Каталог файлов; SCR-081 Карточка CatalogItem; SCR-082 Добавить CatalogItem; SCR-083 Управление locations; SCR-084 Выбор пути и открытие; SCR-085 Недоступный файл; SCR-086 Перепривязка location; SCR-087 Добавить альтернативный path; SCR-088 Связи CatalogItem; SCR-089 Контекстное меню каталога; SCR-090 Диагностика availability; SCR-210 Windows file/folder picker,FLOW-015 Открытие файла; FLOW-016 Недоступный файл; FLOW-017 Перепривязка файла; FLOW-036 Добавить альтернативный FileLocation,Audit/security,implementation_matrix.csv wave-b.csv:545 Source='OpenAPI `POST_api_v1_catalog_items_id_unarchive`; Stage_3_Field_Traceability_Final_3.5.csv; cross-cutting requirement AUDIT-011'; openapi.yaml operationId POST_api_v1_catalog_items_id_unarchive = POST /api/v1/catalog-items/{id}/unarchive; traceability 4.5 FR-110 Permission=FileCatalog.Update,Source field of the matrix row confirms operationId POST_api_v1_catalog_items_id_unarchive; method and path verified in openapi.yaml; permission confirmed via traceability FR-110.
wave-b.csv:546,AC-2810,AC,MOD-011,Audit evidence for FR-111,resolved,GET_api_v1_catalog_tree,GET,/api/v1/catalog/tree,FileCatalog.Read,Task.Application.MOD-011.GET_api_v1_catalog_treeHandler,SCR-080 Каталог файлов; SCR-081 Карточка CatalogItem; SCR-082 Добавить CatalogItem; SCR-083 Управление locations; SCR-084 Выбор пути и открытие; SCR-085 Недоступный файл; SCR-086 Перепривязка location; SCR-087 Добавить альтернативный path; SCR-088 Связи CatalogItem; SCR-089 Контекстное меню каталога; SCR-090 Диагностика availability; SCR-210 Windows file/folder picker,FLOW-015 Открытие файла; FLOW-016 Недоступный файл; FLOW-017 Перепривязка файла; FLOW-036 Добавить альтернативный FileLocation,Audit/security,implementation_matrix.csv wave-b.csv:546 Source='OpenAPI `GET_api_v1_catalog_tree`; Stage_3_Field_Traceability_Final_3.5.csv; cross-cutting requirement AUDIT-011'; openapi.yaml operationId GET_api_v1_catalog_tree = GET /api/v1/catalog/tree; traceability 4.5 FR-111 Permission=FileCatalog.Read,Source field of the matrix row confirms operationId GET_api_v1_catalog_tree; method and path verified in openapi.yaml; permission confirmed via traceability FR-111.
wave-b.csv:547,AC-2811,AC,MOD-011,Audit evidence for FR-112,resolved,POST_api_v1_file_locations_id_check_result,POST,/api/v1/file-locations/{id}/check-result,FileReference.Open,Task.Application.MOD-011.POST_api_v1_file_locations_id_check_resultHandler,SCR-080 Каталог файлов; SCR-081 Карточка CatalogItem; SCR-082 Добавить CatalogItem; SCR-083 Управление locations; SCR-084 Выбор пути и открытие; SCR-085 Недоступный файл; SCR-086 Перепривязка location; SCR-087 Добавить альтернативный path; SCR-088 Связи CatalogItem; SCR-089 Контекстное меню каталога; SCR-090 Диагностика availability; SCR-210 Windows file/folder picker,FLOW-015 Открытие файла; FLOW-016 Недоступный файл; FLOW-017 Перепривязка файла; FLOW-036 Добавить альтернативный FileLocation,Audit/security,implementation_matrix.csv wave-b.csv:547 Source='OpenAPI `POST_api_v1_file_locations_id_check_result`; Stage_3_Field_Traceability_Final_3.5.csv; cross-cutting requirement AUDIT-011'; openapi.yaml operationId POST_api_v1_file_locations_id_check_result = POST /api/v1/file-locations/{id}/check-result; traceability 4.5 FR-112 Permission=FileReference.Open,Source field of the matrix row confirms operationId POST_api_v1_file_locations_id_check_result; method and path verified in openapi.yaml; permission confirmed via traceability FR-112.
wave-b.csv:548,AC-2812,AC,MOD-011,Audit evidence for FR-256,unresolved,,,,,,SCR-080 Каталог файлов; SCR-081 Карточка CatalogItem; SCR-082 Добавить CatalogItem; SCR-083 Управление locations; SCR-084 Выбор пути и открытие; SCR-085 Недоступный файл; SCR-086 Перепривязка location; SCR-087 Добавить альтернативный path; SCR-088 Связи CatalogItem; SCR-089 Контекстное меню каталога; SCR-090 Диагностика availability; SCR-210 Windows file/folder picker,FLOW-015 Открытие файла; FLOW-016 Недоступный файл; FLOW-017 Перепривязка файла; FLOW-036 Добавить альтернативный FileLocation,Audit/security,implementation_matrix.csv wave-b.csv:548 title='Audit evidence for FR-256'; traceability 4.5 FR-256 API cell='Desktop-only; использует существующие read/command API при необходимости'.,FR-256 is Desktop-only with no dedicated API operation; the allowed sources confirm no server operation for this AC.
wave-b.csv:549,AC-2813,AC,MOD-011,Audit evidence for FR-257,unresolved,,,,,,SCR-080 Каталог файлов; SCR-081 Карточка CatalogItem; SCR-082 Добавить CatalogItem; SCR-083 Управление locations; SCR-084 Выбор пути и открытие; SCR-085 Недоступный файл; SCR-086 Перепривязка location; SCR-087 Добавить альтернативный path; SCR-088 Связи CatalogItem; SCR-089 Контекстное меню каталога; SCR-090 Диагностика availability; SCR-210 Windows file/folder picker,FLOW-015 Открытие файла; FLOW-016 Недоступный файл; FLOW-017 Перепривязка файла; FLOW-036 Добавить альтернативный FileLocation,Audit/security,implementation_matrix.csv wave-b.csv:549 title='Audit evidence for FR-257'; traceability 4.5 FR-257 API cell='Desktop-only; использует существующие read/command API при необходимости'.,FR-257 is Desktop-only with no dedicated API operation; the allowed sources confirm no server operation for this AC.
wave-b.csv:694,AC-1635,AC,MOD-012,[STATE-007] Field contract: CompanyCreate.name respects type/required/nullable/limits/PATCH semantics,resolved,POST_api_v1_companies,POST,/api/v1/companies,Contact.Create,Task.Application.MOD-012.POST_api_v1_companiesHandler,SCR-110 Контакты и компании: список; SCR-111 Карточка контакта; SCR-112 Редактор контакта; SCR-113 Карточка компании; SCR-114 Редактор компании; SCR-115 Каналы связи и адреса; SCR-118 Связанные Task/Project/File; SCR-119 Контекстное меню CRM,FLOW-018 Создание контакта,Boundary/contract UI,implementation_matrix.csv wave-b.csv:694 Source='dto_field_catalog.csv:CompanyCreate.name; openapi.yaml operation POST_api_v1_companies'; openapi.yaml operationId POST_api_v1_companies = POST /api/v1/companies; traceability 4.5 FR-114 Permission=Contact.Create,Source field of the matrix row confirms operationId POST_api_v1_companies; method and path verified in openapi.yaml; permission confirmed via traceability FR-114.
wave-b.csv:695,AC-1636,AC,MOD-012,[STATE-007] Field contract: ContactCreate.firstName respects type/required/nullable/limits/PATCH semantics,resolved,POST_api_v1_contacts,POST,/api/v1/contacts,Contact.Create,Task.Application.MOD-012.POST_api_v1_contactsHandler,SCR-110 Контакты и компании: список; SCR-111 Карточка контакта; SCR-112 Редактор контакта; SCR-113 Карточка компании; SCR-114 Редактор компании; SCR-115 Каналы связи и адреса; SCR-118 Связанные Task/Project/File; SCR-119 Контекстное меню CRM,FLOW-018 Создание контакта,Boundary/contract UI,implementation_matrix.csv wave-b.csv:695 Source='dto_field_catalog.csv:ContactCreate.firstName; openapi.yaml operation POST_api_v1_contacts'; openapi.yaml operationId POST_api_v1_contacts = POST /api/v1/contacts; traceability 4.5 FR-124 Permission=Contact.Create,Source field of the matrix row confirms operationId POST_api_v1_contacts; method and path verified in openapi.yaml; permission confirmed via traceability FR-124.
wave-b.csv:696,AC-1637,AC,MOD-012,[STATE-007] Field contract: CompanyPatch.name respects type/required/nullable/limits/PATCH semantics,resolved,PATCH_api_v1_companies_id,PATCH,/api/v1/companies/{id},Contact.Update,Task.Application.MOD-012.PATCH_api_v1_companies_idHandler,SCR-110 Контакты и компании: список; SCR-111 Карточка контакта; SCR-112 Редактор контакта; SCR-113 Карточка компании; SCR-114 Редактор компании; SCR-115 Каналы связи и адреса; SCR-118 Связанные Task/Project/File; SCR-119 Контекстное меню CRM,FLOW-018 Создание контакта,Boundary/contract UI,implementation_matrix.csv wave-b.csv:696 Source='dto_field_catalog.csv:CompanyPatch.name; openapi.yaml operation PATCH_api_v1_companies_id'; openapi.yaml operationId PATCH_api_v1_companies_id = PATCH /api/v1/companies/{id}; traceability 4.5 FR-117 Permission=Contact.Update,Source field of the matrix row confirms operationId PATCH_api_v1_companies_id; method and path verified in openapi.yaml; permission confirmed via traceability FR-117.
wave-b.csv:697,AC-1638,AC,MOD-012,[STATE-007] Field contract: CompanyCreate.status respects type/required/nullable/limits/PATCH semantics,resolved,POST_api_v1_companies,POST,/api/v1/companies,Contact.Create,Task.Application.MOD-012.POST_api_v1_companiesHandler,SCR-110 Контакты и компании: список; SCR-111 Карточка контакта; SCR-112 Редактор контакта; SCR-113 Карточка компании; SCR-114 Редактор компании; SCR-115 Каналы связи и адреса; SCR-118 Связанные Task/Project/File; SCR-119 Контекстное меню CRM,FLOW-018 Создание контакта,Boundary/contract UI,implementation_matrix.csv wave-b.csv:697 Source='dto_field_catalog.csv:CompanyCreate.status; openapi.yaml operation POST_api_v1_companies'; openapi.yaml operationId POST_api_v1_companies = POST /api/v1/companies; traceability 4.5 FR-114 Permission=Contact.Create,Source field of the matrix row confirms operationId POST_api_v1_companies; method and path verified in openapi.yaml; permission confirmed via traceability FR-114.
wave-b.csv:698,AC-1639,AC,MOD-012,[STATE-007] Field contract: CompanyPatch.status respects type/required/nullable/limits/PATCH semantics,resolved,PATCH_api_v1_companies_id,PATCH,/api/v1/companies/{id},Contact.Update,Task.Application.MOD-012.PATCH_api_v1_companies_idHandler,SCR-110 Контакты и компании: список; SCR-111 Карточка контакта; SCR-112 Редактор контакта; SCR-113 Карточка компании; SCR-114 Редактор компании; SCR-115 Каналы связи и адреса; SCR-118 Связанные Task/Project/File; SCR-119 Контекстное меню CRM,FLOW-018 Создание контакта,Boundary/contract UI,implementation_matrix.csv wave-b.csv:698 Source='dto_field_catalog.csv:CompanyPatch.status; openapi.yaml operation PATCH_api_v1_companies_id'; openapi.yaml operationId PATCH_api_v1_companies_id = PATCH /api/v1/companies/{id}; traceability 4.5 FR-117 Permission=Contact.Update,Source field of the matrix row confirms operationId PATCH_api_v1_companies_id; method and path verified in openapi.yaml; permission confirmed via traceability FR-117.
wave-b.csv:699,AC-1640,AC,MOD-012,[STATE-007] Field contract: ContactCreate.status respects type/required/nullable/limits/PATCH semantics,resolved,POST_api_v1_contacts,POST,/api/v1/contacts,Contact.Create,Task.Application.MOD-012.POST_api_v1_contactsHandler,SCR-110 Контакты и компании: список; SCR-111 Карточка контакта; SCR-112 Редактор контакта; SCR-113 Карточка компании; SCR-114 Редактор компании; SCR-115 Каналы связи и адреса; SCR-118 Связанные Task/Project/File; SCR-119 Контекстное меню CRM,FLOW-018 Создание контакта,Boundary/contract UI,implementation_matrix.csv wave-b.csv:699 Source='dto_field_catalog.csv:ContactCreate.status; openapi.yaml operation POST_api_v1_contacts'; openapi.yaml operationId POST_api_v1_contacts = POST /api/v1/contacts; traceability 4.5 FR-124 Permission=Contact.Create,Source field of the matrix row confirms operationId POST_api_v1_contacts; method and path verified in openapi.yaml; permission confirmed via traceability FR-124.
wave-b.csv:700,AC-1641,AC,MOD-012,[STATE-007] Field contract: ContactPatch.status respects type/required/nullable/limits/PATCH semantics,resolved,PATCH_api_v1_contacts_id,PATCH,/api/v1/contacts/{id},Contact.Update,Task.Application.MOD-012.PATCH_api_v1_contacts_idHandler,SCR-110 Контакты и компании: список; SCR-111 Карточка контакта; SCR-112 Редактор контакта; SCR-113 Карточка компании; SCR-114 Редактор компании; SCR-115 Каналы связи и адреса; SCR-118 Связанные Task/Project/File; SCR-119 Контекстное меню CRM,FLOW-018 Создание контакта,Boundary/contract UI,implementation_matrix.csv wave-b.csv:700 Source='dto_field_catalog.csv:ContactPatch.status; openapi.yaml operation PATCH_api_v1_contacts_id'; openapi.yaml operationId PATCH_api_v1_contacts_id = PATCH /api/v1/contacts/{id}; traceability 4.5 FR-127 Permission=Contact.Update,Source field of the matrix row confirms operationId PATCH_api_v1_contacts_id; method and path verified in openapi.yaml; permission confirmed via traceability FR-127.
wave-b.csv:701,AC-1642,AC,MOD-012,[STATE-007] Field contract: CompanyCreate.notes respects type/required/nullable/limits/PATCH semantics,resolved,POST_api_v1_companies,POST,/api/v1/companies,Contact.Create,Task.Application.MOD-012.POST_api_v1_companiesHandler,SCR-110 Контакты и компании: список; SCR-111 Карточка контакта; SCR-112 Редактор контакта; SCR-113 Карточка компании; SCR-114 Редактор компании; SCR-115 Каналы связи и адреса; SCR-118 Связанные Task/Project/File; SCR-119 Контекстное меню CRM,FLOW-018 Создание контакта,Boundary/contract UI,implementation_matrix.csv wave-b.csv:701 Source='dto_field_catalog.csv:CompanyCreate.notes; openapi.yaml operation POST_api_v1_companies'; openapi.yaml operationId POST_api_v1_companies = POST /api/v1/companies; traceability 4.5 FR-114 Permission=Contact.Create,Source field of the matrix row confirms operationId POST_api_v1_companies; method and path verified in openapi.yaml; permission confirmed via traceability FR-114.
wave-b.csv:702,AC-1643,AC,MOD-012,[STATE-007] Field contract: CompanyCreate.website respects type/required/nullable/limits/PATCH semantics,resolved,POST_api_v1_companies,POST,/api/v1/companies,Contact.Create,Task.Application.MOD-012.POST_api_v1_companiesHandler,SCR-110 Контакты и компании: список; SCR-111 Карточка контакта; SCR-112 Редактор контакта; SCR-113 Карточка компании; SCR-114 Редактор компании; SCR-115 Каналы связи и адреса; SCR-118 Связанные Task/Project/File; SCR-119 Контекстное меню CRM,FLOW-018 Создание контакта,Boundary/contract UI,implementation_matrix.csv wave-b.csv:702 Source='dto_field_catalog.csv:CompanyCreate.website; openapi.yaml operation POST_api_v1_companies'; openapi.yaml operationId POST_api_v1_companies = POST /api/v1/companies; traceability 4.5 FR-114 Permission=Contact.Create,Source field of the matrix row confirms operationId POST_api_v1_companies; method and path verified in openapi.yaml; permission confirmed via traceability FR-114.
wave-b.csv:703,AC-1644,AC,MOD-012,[STATE-007] Field contract: CompanyPatch.notes respects type/required/nullable/limits/PATCH semantics,resolved,PATCH_api_v1_companies_id,PATCH,/api/v1/companies/{id},Contact.Update,Task.Application.MOD-012.PATCH_api_v1_companies_idHandler,SCR-110 Контакты и компании: список; SCR-111 Карточка контакта; SCR-112 Редактор контакта; SCR-113 Карточка компании; SCR-114 Редактор компании; SCR-115 Каналы связи и адреса; SCR-118 Связанные Task/Project/File; SCR-119 Контекстное меню CRM,FLOW-018 Создание контакта,Boundary/contract UI,implementation_matrix.csv wave-b.csv:703 Source='dto_field_catalog.csv:CompanyPatch.notes; openapi.yaml operation PATCH_api_v1_companies_id'; openapi.yaml operationId PATCH_api_v1_companies_id = PATCH /api/v1/companies/{id}; traceability 4.5 FR-117 Permission=Contact.Update,Source field of the matrix row confirms operationId PATCH_api_v1_companies_id; method and path verified in openapi.yaml; permission confirmed via traceability FR-117.
wave-b.csv:704,AC-1645,AC,MOD-012,[STATE-007] Field contract: CompanyPatch.website respects type/required/nullable/limits/PATCH semantics,resolved,PATCH_api_v1_companies_id,PATCH,/api/v1/companies/{id},Contact.Update,Task.Application.MOD-012.PATCH_api_v1_companies_idHandler,SCR-110 Контакты и компании: список; SCR-111 Карточка контакта; SCR-112 Редактор контакта; SCR-113 Карточка компании; SCR-114 Редактор компании; SCR-115 Каналы связи и адреса; SCR-118 Связанные Task/Project/File; SCR-119 Контекстное меню CRM,FLOW-018 Создание контакта,Boundary/contract UI,implementation_matrix.csv wave-b.csv:704 Source='dto_field_catalog.csv:CompanyPatch.website; openapi.yaml operation PATCH_api_v1_companies_id'; openapi.yaml operationId PATCH_api_v1_companies_id = PATCH /api/v1/companies/{id}; traceability 4.5 FR-117 Permission=Contact.Update,Source field of the matrix row confirms operationId PATCH_api_v1_companies_id; method and path verified in openapi.yaml; permission confirmed via traceability FR-117.
wave-b.csv:705,AC-1646,AC,MOD-012,[STATE-007] Field contract: ContactCreate.lastName respects type/required/nullable/limits/PATCH semantics,resolved,POST_api_v1_contacts,POST,/api/v1/contacts,Contact.Create,Task.Application.MOD-012.POST_api_v1_contactsHandler,SCR-110 Контакты и компании: список; SCR-111 Карточка контакта; SCR-112 Редактор контакта; SCR-113 Карточка компании; SCR-114 Редактор компании; SCR-115 Каналы связи и адреса; SCR-118 Связанные Task/Project/File; SCR-119 Контекстное меню CRM,FLOW-018 Создание контакта,Boundary/contract UI,implementation_matrix.csv wave-b.csv:705 Source='dto_field_catalog.csv:ContactCreate.lastName; openapi.yaml operation POST_api_v1_contacts'; openapi.yaml operationId POST_api_v1_contacts = POST /api/v1/contacts; traceability 4.5 FR-124 Permission=Contact.Create,Source field of the matrix row confirms operationId POST_api_v1_contacts; method and path verified in openapi.yaml; permission confirmed via traceability FR-124.
wave-b.csv:706,AC-1647,AC,MOD-012,[STATE-007] Field contract: ContactCreate.notes respects type/required/nullable/limits/PATCH semantics,resolved,POST_api_v1_contacts,POST,/api/v1/contacts,Contact.Create,Task.Application.MOD-012.POST_api_v1_contactsHandler,SCR-110 Контакты и компании: список; SCR-111 Карточка контакта; SCR-112 Редактор контакта; SCR-113 Карточка компании; SCR-114 Редактор компании; SCR-115 Каналы связи и адреса; SCR-118 Связанные Task/Project/File; SCR-119 Контекстное меню CRM,FLOW-018 Создание контакта,Boundary/contract UI,implementation_matrix.csv wave-b.csv:706 Source='dto_field_catalog.csv:ContactCreate.notes; openapi.yaml operation POST_api_v1_contacts'; openapi.yaml operationId POST_api_v1_contacts = POST /api/v1/contacts; traceability 4.5 FR-124 Permission=Contact.Create,Source field of the matrix row confirms operationId POST_api_v1_contacts; method and path verified in openapi.yaml; permission confirmed via traceability FR-124.
wave-b.csv:707,AC-1648,AC,MOD-012,[STATE-007] Field contract: ContactPatch.firstName respects type/required/nullable/limits/PATCH semantics,resolved,PATCH_api_v1_contacts_id,PATCH,/api/v1/contacts/{id},Contact.Update,Task.Application.MOD-012.PATCH_api_v1_contacts_idHandler,SCR-110 Контакты и компании: список; SCR-111 Карточка контакта; SCR-112 Редактор контакта; SCR-113 Карточка компании; SCR-114 Редактор компании; SCR-115 Каналы связи и адреса; SCR-118 Связанные Task/Project/File; SCR-119 Контекстное меню CRM,FLOW-018 Создание контакта,Boundary/contract UI,implementation_matrix.csv wave-b.csv:707 Source='dto_field_catalog.csv:ContactPatch.firstName; openapi.yaml operation PATCH_api_v1_contacts_id'; openapi.yaml operationId PATCH_api_v1_contacts_id = PATCH /api/v1/contacts/{id}; traceability 4.5 FR-127 Permission=Contact.Update,Source field of the matrix row confirms operationId PATCH_api_v1_contacts_id; method and path verified in openapi.yaml; permission confirmed via traceability FR-127.
wave-b.csv:708,AC-1649,AC,MOD-012,[STATE-007] Field contract: ContactPatch.lastName respects type/required/nullable/limits/PATCH semantics,resolved,PATCH_api_v1_contacts_id,PATCH,/api/v1/contacts/{id},Contact.Update,Task.Application.MOD-012.PATCH_api_v1_contacts_idHandler,SCR-110 Контакты и компании: список; SCR-111 Карточка контакта; SCR-112 Редактор контакта; SCR-113 Карточка компании; SCR-114 Редактор компании; SCR-115 Каналы связи и адреса; SCR-118 Связанные Task/Project/File; SCR-119 Контекстное меню CRM,FLOW-018 Создание контакта,Boundary/contract UI,implementation_matrix.csv wave-b.csv:708 Source='dto_field_catalog.csv:ContactPatch.lastName; openapi.yaml operation PATCH_api_v1_contacts_id'; openapi.yaml operationId PATCH_api_v1_contacts_id = PATCH /api/v1/contacts/{id}; traceability 4.5 FR-127 Permission=Contact.Update,Source field of the matrix row confirms operationId PATCH_api_v1_contacts_id; method and path verified in openapi.yaml; permission confirmed via traceability FR-127.
wave-b.csv:709,AC-1650,AC,MOD-012,[STATE-007] Field contract: ContactPatch.notes respects type/required/nullable/limits/PATCH semantics,resolved,PATCH_api_v1_contacts_id,PATCH,/api/v1/contacts/{id},Contact.Update,Task.Application.MOD-012.PATCH_api_v1_contacts_idHandler,SCR-110 Контакты и компании: список; SCR-111 Карточка контакта; SCR-112 Редактор контакта; SCR-113 Карточка компании; SCR-114 Редактор компании; SCR-115 Каналы связи и адреса; SCR-118 Связанные Task/Project/File; SCR-119 Контекстное меню CRM,FLOW-018 Создание контакта,Boundary/contract UI,implementation_matrix.csv wave-b.csv:709 Source='dto_field_catalog.csv:ContactPatch.notes; openapi.yaml operation PATCH_api_v1_contacts_id'; openapi.yaml operationId PATCH_api_v1_contacts_id = PATCH /api/v1/contacts/{id}; traceability 4.5 FR-127 Permission=Contact.Update,Source field of the matrix row confirms operationId PATCH_api_v1_contacts_id; method and path verified in openapi.yaml; permission confirmed via traceability FR-127.
wave-b.csv:710,AC-1651,AC,MOD-012,[STATE-007] Field contract: —.status respects type/required/nullable/limits/PATCH semantics,resolved,GET_api_v1_contacts_id,GET,/api/v1/contacts/{id},Contact.Read,Task.Application.MOD-012.GET_api_v1_contacts_idHandler,SCR-110 Контакты и компании: список; SCR-111 Карточка контакта; SCR-112 Редактор контакта; SCR-113 Карточка компании; SCR-114 Редактор компании; SCR-115 Каналы связи и адреса; SCR-118 Связанные Task/Project/File; SCR-119 Контекстное меню CRM,FLOW-018 Создание контакта,Boundary/contract UI,implementation_matrix.csv wave-b.csv:710 Source='dto_field_catalog.csv:Contact.status; openapi.yaml operation GET_api_v1_contacts_id'; openapi.yaml operationId GET_api_v1_contacts_id = GET /api/v1/contacts/{id}; traceability 4.5 FR-126 Permission=Contact.Read,Source field of the matrix row confirms operationId GET_api_v1_contacts_id; method and path verified in openapi.yaml; permission confirmed via traceability FR-126.
wave-b.csv:711,AC-1652,AC,MOD-012,[STATE-007] Field contract: —.status respects type/required/nullable/limits/PATCH semantics,resolved,GET_api_v1_companies_id,GET,/api/v1/companies/{id},Contact.Read,Task.Application.MOD-012.GET_api_v1_companies_idHandler,SCR-110 Контакты и компании: список; SCR-111 Карточка контакта; SCR-112 Редактор контакта; SCR-113 Карточка компании; SCR-114 Редактор компании; SCR-115 Каналы связи и адреса; SCR-118 Связанные Task/Project/File; SCR-119 Контекстное меню CRM,FLOW-018 Создание контакта,Boundary/contract UI,implementation_matrix.csv wave-b.csv:711 Source='dto_field_catalog.csv:Company.status; openapi.yaml operation GET_api_v1_companies_id'; openapi.yaml operationId GET_api_v1_companies_id = GET /api/v1/companies/{id}; traceability 4.5 FR-116 Permission=Contact.Read,Source field of the matrix row confirms operationId GET_api_v1_companies_id; method and path verified in openapi.yaml; permission confirmed via traceability FR-116.
wave-b.csv:712,AC-1653,AC,MOD-012,[STATE-007] Field contract: AddressCreate.addressType respects type/required/nullable/limits/PATCH semantics,resolved,POST_api_v1_contacts_id_addresses,POST,/api/v1/contacts/{id}/addresses,Contact.Update,Task.Application.MOD-012.POST_api_v1_contacts_id_addressesHandler,SCR-110 Контакты и компании: список; SCR-111 Карточка контакта; SCR-112 Редактор контакта; SCR-113 Карточка компании; SCR-114 Редактор компании; SCR-115 Каналы связи и адреса; SCR-118 Связанные Task/Project/File; SCR-119 Контекстное меню CRM,FLOW-018 Создание контакта,Boundary/contract UI,implementation_matrix.csv wave-b.csv:712 Source='dto_field_catalog.csv:AddressCreate.addressType; openapi.yaml operation POST_api_v1_contacts_id_addresses'; openapi.yaml operationId POST_api_v1_contacts_id_addresses = POST /api/v1/contacts/{id}/addresses; traceability 4.5 FR-128 Permission=Contact.Update,Source field of the matrix row confirms operationId POST_api_v1_contacts_id_addresses; method and path verified in openapi.yaml; permission confirmed via traceability FR-128.
wave-b.csv:713,AC-1654,AC,MOD-012,[STATE-007] Field contract: AddressCreate.formattedAddress respects type/required/nullable/limits/PATCH semantics,resolved,POST_api_v1_contacts_id_addresses,POST,/api/v1/contacts/{id}/addresses,Contact.Update,Task.Application.MOD-012.POST_api_v1_contacts_id_addressesHandler,SCR-110 Контакты и компании: список; SCR-111 Карточка контакта; SCR-112 Редактор контакта; SCR-113 Карточка компании; SCR-114 Редактор компании; SCR-115 Каналы связи и адреса; SCR-118 Связанные Task/Project/File; SCR-119 Контекстное меню CRM,FLOW-018 Создание контакта,Boundary/contract UI,implementation_matrix.csv wave-b.csv:713 Source='dto_field_catalog.csv:AddressCreate.formattedAddress; openapi.yaml operation POST_api_v1_contacts_id_addresses'; openapi.yaml operationId POST_api_v1_contacts_id_addresses = POST /api/v1/contacts/{id}/addresses; traceability 4.5 FR-128 Permission=Contact.Update,Source field of the matrix row confirms operationId POST_api_v1_contacts_id_addresses; method and path verified in openapi.yaml; permission confirmed via traceability FR-128.
wave-b.csv:714,AC-1655,AC,MOD-012,[STATE-007] Field contract: CommunicationChannelCreate.channelType respects type/required/nullable/limits/PATCH semantics,resolved,POST_api_v1_contacts_id_channels,POST,/api/v1/contacts/{id}/channels,Contact.Update,Task.Application.MOD-012.POST_api_v1_contacts_id_channelsHandler,SCR-110 Контакты и компании: список; SCR-111 Карточка контакта; SCR-112 Редактор контакта; SCR-113 Карточка компании; SCR-114 Редактор компании; SCR-115 Каналы связи и адреса; SCR-118 Связанные Task/Project/File; SCR-119 Контекстное меню CRM,FLOW-018 Создание контакта,Boundary/contract UI,implementation_matrix.csv wave-b.csv:714 Source='dto_field_catalog.csv:CommunicationChannelCreate.channelType; openapi.yaml operation POST_api_v1_contacts_id_channels'; openapi.yaml operationId POST_api_v1_contacts_id_channels = POST /api/v1/contacts/{id}/channels; traceability 4.5 FR-130 Permission=Contact.Update,Source field of the matrix row confirms operationId POST_api_v1_contacts_id_channels; method and path verified in openapi.yaml; permission confirmed via traceability FR-130.
wave-b.csv:715,AC-1656,AC,MOD-012,[STATE-007] Field contract: CommunicationChannelCreate.value respects type/required/nullable/limits/PATCH semantics,resolved,POST_api_v1_contacts_id_channels,POST,/api/v1/contacts/{id}/channels,Contact.Update,Task.Application.MOD-012.POST_api_v1_contacts_id_channelsHandler,SCR-110 Контакты и компании: список; SCR-111 Карточка контакта; SCR-112 Редактор контакта; SCR-113 Карточка компании; SCR-114 Редактор компании; SCR-115 Каналы связи и адреса; SCR-118 Связанные Task/Project/File; SCR-119 Контекстное меню CRM,FLOW-018 Создание контакта,Boundary/contract UI,implementation_matrix.csv wave-b.csv:715 Source='dto_field_catalog.csv:CommunicationChannelCreate.value; openapi.yaml operation POST_api_v1_contacts_id_channels'; openapi.yaml operationId POST_api_v1_contacts_id_channels = POST /api/v1/contacts/{id}/channels; traceability 4.5 FR-130 Permission=Contact.Update,Source field of the matrix row confirms operationId POST_api_v1_contacts_id_channels; method and path verified in openapi.yaml; permission confirmed via traceability FR-130.
wave-b.csv:716,AC-1657,AC,MOD-012,[STATE-007] Field contract: ContactCompanyRoleCreate.companyId respects type/required/nullable/limits/PATCH semantics,resolved,POST_api_v1_companies_id_contacts,POST,/api/v1/companies/{id}/contacts,Contact.Update,Task.Application.MOD-012.POST_api_v1_companies_id_contactsHandler,SCR-110 Контакты и компании: список; SCR-111 Карточка контакта; SCR-112 Редактор контакта; SCR-113 Карточка компании; SCR-114 Редактор компании; SCR-115 Каналы связи и адреса; SCR-118 Связанные Task/Project/File; SCR-119 Контекстное меню CRM,FLOW-018 Создание контакта,Boundary/contract UI,implementation_matrix.csv wave-b.csv:716 Source='dto_field_catalog.csv:ContactCompanyRoleCreate.companyId; openapi.yaml operation POST_api_v1_companies_id_contacts'; openapi.yaml operationId POST_api_v1_companies_id_contacts = POST /api/v1/companies/{id}/contacts; traceability 4.5 FR-119 Permission=Contact.Update,Source field of the matrix row confirms operationId POST_api_v1_companies_id_contacts; method and path verified in openapi.yaml; permission confirmed via traceability FR-119.
wave-b.csv:717,AC-1658,AC,MOD-012,[STATE-007] Field contract: ContactCompanyRoleCreate.contactId respects type/required/nullable/limits/PATCH semantics,resolved,POST_api_v1_companies_id_contacts,POST,/api/v1/companies/{id}/contacts,Contact.Update,Task.Application.MOD-012.POST_api_v1_companies_id_contactsHandler,SCR-110 Контакты и компании: список; SCR-111 Карточка контакта; SCR-112 Редактор контакта; SCR-113 Карточка компании; SCR-114 Редактор компании; SCR-115 Каналы связи и адреса; SCR-118 Связанные Task/Project/File; SCR-119 Контекстное меню CRM,FLOW-018 Создание контакта,Boundary/contract UI,implementation_matrix.csv wave-b.csv:717 Source='dto_field_catalog.csv:ContactCompanyRoleCreate.contactId; openapi.yaml operation POST_api_v1_companies_id_contacts'; openapi.yaml operationId POST_api_v1_companies_id_contacts = POST /api/v1/companies/{id}/contacts; traceability 4.5 FR-119 Permission=Contact.Update,Source field of the matrix row confirms operationId POST_api_v1_companies_id_contacts; method and path verified in openapi.yaml; permission confirmed via traceability FR-119.
wave-b.csv:718,AC-1839,AC,MOD-012,Permission denial for FR-113,resolved,GET_api_v1_companies,GET,/api/v1/companies,Contact.Read,Task.Application.MOD-012.GET_api_v1_companiesHandler,SCR-110 Контакты и компании: список; SCR-111 Карточка контакта; SCR-112 Редактор контакта; SCR-113 Карточка компании; SCR-114 Редактор компании; SCR-115 Каналы связи и адреса; SCR-118 Связанные Task/Project/File; SCR-119 Контекстное меню CRM,FLOW-018 Создание контакта,Security/authorization,implementation_matrix.csv wave-b.csv:718 Source='OpenAPI `GET_api_v1_companies`; Stage_3_Field_Traceability_Final_3.5.csv; cross-cutting requirement PERM-012'; openapi.yaml operationId GET_api_v1_companies = GET /api/v1/companies; traceability 4.5 FR-113 Permission=Contact.Read,Source field of the matrix row confirms operationId GET_api_v1_companies; method and path verified in openapi.yaml; permission confirmed via traceability FR-113.
wave-b.csv:719,AC-1860,AC,MOD-012,Stable error handling for FR-113,resolved,GET_api_v1_companies,GET,/api/v1/companies,Contact.Read,Task.Application.MOD-012.GET_api_v1_companiesHandler,SCR-110 Контакты и компании: список; SCR-111 Карточка контакта; SCR-112 Редактор контакта; SCR-113 Карточка компании; SCR-114 Редактор компании; SCR-115 Каналы связи и адреса; SCR-118 Связанные Task/Project/File; SCR-119 Контекстное меню CRM,FLOW-018 Создание контакта,Error handling,implementation_matrix.csv wave-b.csv:719 Source='OpenAPI `GET_api_v1_companies`; Stage_3_Field_Traceability_Final_3.5.csv; cross-cutting requirement ERR-012'; openapi.yaml operationId GET_api_v1_companies = GET /api/v1/companies; traceability 4.5 FR-113 Permission=Contact.Read,Source field of the matrix row confirms operationId GET_api_v1_companies; method and path verified in openapi.yaml; permission confirmed via traceability FR-113.
wave-b.csv:721,AC-1902,AC,MOD-012,Audit evidence for FR-113,resolved,GET_api_v1_companies,GET,/api/v1/companies,Contact.Read,Task.Application.MOD-012.GET_api_v1_companiesHandler,SCR-110 Контакты и компании: список; SCR-111 Карточка контакта; SCR-112 Редактор контакта; SCR-113 Карточка компании; SCR-114 Редактор компании; SCR-115 Каналы связи и адреса; SCR-118 Связанные Task/Project/File; SCR-119 Контекстное меню CRM,FLOW-018 Создание контакта,Audit/security,implementation_matrix.csv wave-b.csv:721 Source='OpenAPI `GET_api_v1_companies`; Stage_3_Field_Traceability_Final_3.5.csv; cross-cutting requirement AUDIT-012'; openapi.yaml operationId GET_api_v1_companies = GET /api/v1/companies; traceability 4.5 FR-113 Permission=Contact.Read,Source field of the matrix row confirms operationId GET_api_v1_companies; method and path verified in openapi.yaml; permission confirmed via traceability FR-113.
wave-b.csv:722,AC-2040,AC,MOD-012,Permission denial for FR-114,resolved,POST_api_v1_companies,POST,/api/v1/companies,Contact.Create,Task.Application.MOD-012.POST_api_v1_companiesHandler,SCR-110 Контакты и компании: список; SCR-111 Карточка контакта; SCR-112 Редактор контакта; SCR-113 Карточка компании; SCR-114 Редактор компании; SCR-115 Каналы связи и адреса; SCR-118 Связанные Task/Project/File; SCR-119 Контекстное меню CRM,FLOW-018 Создание контакта,Security/authorization,implementation_matrix.csv wave-b.csv:722 Source='OpenAPI `POST_api_v1_companies`; Stage_3_Field_Traceability_Final_3.5.csv; cross-cutting requirement PERM-012'; openapi.yaml operationId POST_api_v1_companies = POST /api/v1/companies; traceability 4.5 FR-114 Permission=Contact.Create,Source field of the matrix row confirms operationId POST_api_v1_companies; method and path verified in openapi.yaml; permission confirmed via traceability FR-114.
wave-b.csv:723,AC-2041,AC,MOD-012,Permission denial for FR-115,resolved,DELETE_api_v1_companies_id,DELETE,/api/v1/companies/{id},Contact.Delete,Task.Application.MOD-012.DELETE_api_v1_companies_idHandler,SCR-110 Контакты и компании: список; SCR-111 Карточка контакта; SCR-112 Редактор контакта; SCR-113 Карточка компании; SCR-114 Редактор компании; SCR-115 Каналы связи и адреса; SCR-118 Связанные Task/Project/File; SCR-119 Контекстное меню CRM,FLOW-018 Создание контакта,Security/authorization,implementation_matrix.csv wave-b.csv:723 Source='OpenAPI `DELETE_api_v1_companies_id`; Stage_3_Field_Traceability_Final_3.5.csv; cross-cutting requirement PERM-012'; openapi.yaml operationId DELETE_api_v1_companies_id = DELETE /api/v1/companies/{id}; traceability 4.5 FR-115 Permission=Contact.Delete,Source field of the matrix row confirms operationId DELETE_api_v1_companies_id; method and path verified in openapi.yaml; permission confirmed via traceability FR-115.
wave-b.csv:724,AC-2042,AC,MOD-012,Permission denial for FR-116,resolved,GET_api_v1_companies_id,GET,/api/v1/companies/{id},Contact.Read,Task.Application.MOD-012.GET_api_v1_companies_idHandler,SCR-110 Контакты и компании: список; SCR-111 Карточка контакта; SCR-112 Редактор контакта; SCR-113 Карточка компании; SCR-114 Редактор компании; SCR-115 Каналы связи и адреса; SCR-118 Связанные Task/Project/File; SCR-119 Контекстное меню CRM,FLOW-018 Создание контакта,Security/authorization,implementation_matrix.csv wave-b.csv:724 Source='OpenAPI `GET_api_v1_companies_id`; Stage_3_Field_Traceability_Final_3.5.csv; cross-cutting requirement PERM-012'; openapi.yaml operationId GET_api_v1_companies_id = GET /api/v1/companies/{id}; traceability 4.5 FR-116 Permission=Contact.Read,Source field of the matrix row confirms operationId GET_api_v1_companies_id; method and path verified in openapi.yaml; permission confirmed via traceability FR-116.
wave-b.csv:725,AC-2043,AC,MOD-012,Permission denial for FR-117,resolved,PATCH_api_v1_companies_id,PATCH,/api/v1/companies/{id},Contact.Update,Task.Application.MOD-012.PATCH_api_v1_companies_idHandler,SCR-110 Контакты и компании: список; SCR-111 Карточка контакта; SCR-112 Редактор контакта; SCR-113 Карточка компании; SCR-114 Редактор компании; SCR-115 Каналы связи и адреса; SCR-118 Связанные Task/Project/File; SCR-119 Контекстное меню CRM,FLOW-018 Создание контакта,Security/authorization,implementation_matrix.csv wave-b.csv:725 Source='OpenAPI `PATCH_api_v1_companies_id`; Stage_3_Field_Traceability_Final_3.5.csv; cross-cutting requirement PERM-012'; openapi.yaml operationId PATCH_api_v1_companies_id = PATCH /api/v1/companies/{id}; traceability 4.5 FR-117 Permission=Contact.Update,Source field of the matrix row confirms operationId PATCH_api_v1_companies_id; method and path verified in openapi.yaml; permission confirmed via traceability FR-117.
wave-b.csv:726,AC-2044,AC,MOD-012,Permission denial for FR-118,resolved,POST_api_v1_companies_id_archive,POST,/api/v1/companies/{id}/archive,Contact.Update,Task.Application.MOD-012.POST_api_v1_companies_id_archiveHandler,SCR-110 Контакты и компании: список; SCR-111 Карточка контакта; SCR-112 Редактор контакта; SCR-113 Карточка компании; SCR-114 Редактор компании; SCR-115 Каналы связи и адреса; SCR-118 Связанные Task/Project/File; SCR-119 Контекстное меню CRM,FLOW-018 Создание контакта,Security/authorization,implementation_matrix.csv wave-b.csv:726 Source='OpenAPI `POST_api_v1_companies_id_archive`; Stage_3_Field_Traceability_Final_3.5.csv; cross-cutting requirement PERM-012'; openapi.yaml operationId POST_api_v1_companies_id_archive = POST /api/v1/companies/{id}/archive; traceability 4.5 FR-118 Permission=Contact.Update,Source field of the matrix row confirms operationId POST_api_v1_companies_id_archive; method and path verified in openapi.yaml; permission confirmed via traceability FR-118.
wave-b.csv:727,AC-2045,AC,MOD-012,Permission denial for FR-119,resolved,POST_api_v1_companies_id_contacts,POST,/api/v1/companies/{id}/contacts,Contact.Update,Task.Application.MOD-012.POST_api_v1_companies_id_contactsHandler,SCR-110 Контакты и компании: список; SCR-111 Карточка контакта; SCR-112 Редактор контакта; SCR-113 Карточка компании; SCR-114 Редактор компании; SCR-115 Каналы связи и адреса; SCR-118 Связанные Task/Project/File; SCR-119 Контекстное меню CRM,FLOW-018 Создание контакта,Security/authorization,implementation_matrix.csv wave-b.csv:727 Source='OpenAPI `POST_api_v1_companies_id_contacts`; Stage_3_Field_Traceability_Final_3.5.csv; cross-cutting requirement PERM-012'; openapi.yaml operationId POST_api_v1_companies_id_contacts = POST /api/v1/companies/{id}/contacts; traceability 4.5 FR-119 Permission=Contact.Update,Source field of the matrix row confirms operationId POST_api_v1_companies_id_contacts; method and path verified in openapi.yaml; permission confirmed via traceability FR-119.
wave-b.csv:728,AC-2046,AC,MOD-012,Permission denial for FR-120,resolved,DELETE_api_v1_companies_id_contacts_contactId,DELETE,/api/v1/companies/{id}/contacts/{contactId},Contact.Update,Task.Application.MOD-012.DELETE_api_v1_companies_id_contacts_contactIdHandler,SCR-110 Контакты и компании: список; SCR-111 Карточка контакта; SCR-112 Редактор контакта; SCR-113 Карточка компании; SCR-114 Редактор компании; SCR-115 Каналы связи и адреса; SCR-118 Связанные Task/Project/File; SCR-119 Контекстное меню CRM,FLOW-018 Создание контакта,Security/authorization,implementation_matrix.csv wave-b.csv:728 Source='OpenAPI `DELETE_api_v1_companies_id_contacts_contactId`; Stage_3_Field_Traceability_Final_3.5.csv; cross-cutting requirement PERM-012'; openapi.yaml operationId DELETE_api_v1_companies_id_contacts_contactId = DELETE /api/v1/companies/{id}/contacts/{contactId}; traceability 4.5 FR-120 Permission=Contact.Update,Source field of the matrix row confirms operationId DELETE_api_v1_companies_id_contacts_contactId; method and path verified in openapi.yaml; permission confirmed via traceability FR-120.
wave-b.csv:729,AC-2047,AC,MOD-012,Permission denial for FR-121,resolved,POST_api_v1_companies_id_restore,POST,/api/v1/companies/{id}/restore,Contact.Restore,Task.Application.MOD-012.POST_api_v1_companies_id_restoreHandler,SCR-110 Контакты и компании: список; SCR-111 Карточка контакта; SCR-112 Редактор контакта; SCR-113 Карточка компании; SCR-114 Редактор компании; SCR-115 Каналы связи и адреса; SCR-118 Связанные Task/Project/File; SCR-119 Контекстное меню CRM,FLOW-018 Создание контакта,Security/authorization,implementation_matrix.csv wave-b.csv:729 Source='OpenAPI `POST_api_v1_companies_id_restore`; Stage_3_Field_Traceability_Final_3.5.csv; cross-cutting requirement PERM-012'; openapi.yaml operationId POST_api_v1_companies_id_restore = POST /api/v1/companies/{id}/restore; traceability 4.5 FR-121 Permission=Contact.Restore,Source field of the matrix row confirms operationId POST_api_v1_companies_id_restore; method and path verified in openapi.yaml; permission confirmed via traceability FR-121.
wave-b.csv:730,AC-2048,AC,MOD-012,Permission denial for FR-122,resolved,POST_api_v1_companies_id_unarchive,POST,/api/v1/companies/{id}/unarchive,Contact.Update,Task.Application.MOD-012.POST_api_v1_companies_id_unarchiveHandler,SCR-110 Контакты и компании: список; SCR-111 Карточка контакта; SCR-112 Редактор контакта; SCR-113 Карточка компании; SCR-114 Редактор компании; SCR-115 Каналы связи и адреса; SCR-118 Связанные Task/Project/File; SCR-119 Контекстное меню CRM,FLOW-018 Создание контакта,Security/authorization,implementation_matrix.csv wave-b.csv:730 Source='OpenAPI `POST_api_v1_companies_id_unarchive`; Stage_3_Field_Traceability_Final_3.5.csv; cross-cutting requirement PERM-012'; openapi.yaml operationId POST_api_v1_companies_id_unarchive = POST /api/v1/companies/{id}/unarchive; traceability 4.5 FR-122 Permission=Contact.Update,Source field of the matrix row confirms operationId POST_api_v1_companies_id_unarchive; method and path verified in openapi.yaml; permission confirmed via traceability FR-122.
wave-b.csv:731,AC-2049,AC,MOD-012,Permission denial for FR-123,resolved,GET_api_v1_contacts,GET,/api/v1/contacts,Contact.Read,Task.Application.MOD-012.GET_api_v1_contactsHandler,SCR-110 Контакты и компании: список; SCR-111 Карточка контакта; SCR-112 Редактор контакта; SCR-113 Карточка компании; SCR-114 Редактор компании; SCR-115 Каналы связи и адреса; SCR-118 Связанные Task/Project/File; SCR-119 Контекстное меню CRM,FLOW-018 Создание контакта,Security/authorization,implementation_matrix.csv wave-b.csv:731 Source='OpenAPI `GET_api_v1_contacts`; Stage_3_Field_Traceability_Final_3.5.csv; cross-cutting requirement PERM-012'; openapi.yaml operationId GET_api_v1_contacts = GET /api/v1/contacts; traceability 4.5 FR-123 Permission=Contact.Read,Source field of the matrix row confirms operationId GET_api_v1_contacts; method and path verified in openapi.yaml; permission confirmed via traceability FR-123.
wave-b.csv:732,AC-2050,AC,MOD-012,Permission denial for FR-124,resolved,POST_api_v1_contacts,POST,/api/v1/contacts,Contact.Create,Task.Application.MOD-012.POST_api_v1_contactsHandler,SCR-110 Контакты и компании: список; SCR-111 Карточка контакта; SCR-112 Редактор контакта; SCR-113 Карточка компании; SCR-114 Редактор компании; SCR-115 Каналы связи и адреса; SCR-118 Связанные Task/Project/File; SCR-119 Контекстное меню CRM,FLOW-018 Создание контакта,Security/authorization,implementation_matrix.csv wave-b.csv:732 Source='OpenAPI `POST_api_v1_contacts`; Stage_3_Field_Traceability_Final_3.5.csv; cross-cutting requirement PERM-012'; openapi.yaml operationId POST_api_v1_contacts = POST /api/v1/contacts; traceability 4.5 FR-124 Permission=Contact.Create,Source field of the matrix row confirms operationId POST_api_v1_contacts; method and path verified in openapi.yaml; permission confirmed via traceability FR-124.
wave-b.csv:733,AC-2051,AC,MOD-012,Permission denial for FR-125,resolved,DELETE_api_v1_contacts_id,DELETE,/api/v1/contacts/{id},Contact.Delete,Task.Application.MOD-012.DELETE_api_v1_contacts_idHandler,SCR-110 Контакты и компании: список; SCR-111 Карточка контакта; SCR-112 Редактор контакта; SCR-113 Карточка компании; SCR-114 Редактор компании; SCR-115 Каналы связи и адреса; SCR-118 Связанные Task/Project/File; SCR-119 Контекстное меню CRM,FLOW-018 Создание контакта,Security/authorization,implementation_matrix.csv wave-b.csv:733 Source='OpenAPI `DELETE_api_v1_contacts_id`; Stage_3_Field_Traceability_Final_3.5.csv; cross-cutting requirement PERM-012'; openapi.yaml operationId DELETE_api_v1_contacts_id = DELETE /api/v1/contacts/{id}; traceability 4.5 FR-125 Permission=Contact.Delete,Source field of the matrix row confirms operationId DELETE_api_v1_contacts_id; method and path verified in openapi.yaml; permission confirmed via traceability FR-125.
wave-b.csv:734,AC-2052,AC,MOD-012,Permission denial for FR-126,resolved,GET_api_v1_contacts_id,GET,/api/v1/contacts/{id},Contact.Read,Task.Application.MOD-012.GET_api_v1_contacts_idHandler,SCR-110 Контакты и компании: список; SCR-111 Карточка контакта; SCR-112 Редактор контакта; SCR-113 Карточка компании; SCR-114 Редактор компании; SCR-115 Каналы связи и адреса; SCR-118 Связанные Task/Project/File; SCR-119 Контекстное меню CRM,FLOW-018 Создание контакта,Security/authorization,implementation_matrix.csv wave-b.csv:734 Source='OpenAPI `GET_api_v1_contacts_id`; Stage_3_Field_Traceability_Final_3.5.csv; cross-cutting requirement PERM-012'; openapi.yaml operationId GET_api_v1_contacts_id = GET /api/v1/contacts/{id}; traceability 4.5 FR-126 Permission=Contact.Read,Source field of the matrix row confirms operationId GET_api_v1_contacts_id; method and path verified in openapi.yaml; permission confirmed via traceability FR-126.
wave-b.csv:735,AC-2053,AC,MOD-012,Permission denial for FR-127,resolved,PATCH_api_v1_contacts_id,PATCH,/api/v1/contacts/{id},Contact.Update,Task.Application.MOD-012.PATCH_api_v1_contacts_idHandler,SCR-110 Контакты и компании: список; SCR-111 Карточка контакта; SCR-112 Редактор контакта; SCR-113 Карточка компании; SCR-114 Редактор компании; SCR-115 Каналы связи и адреса; SCR-118 Связанные Task/Project/File; SCR-119 Контекстное меню CRM,FLOW-018 Создание контакта,Security/authorization,implementation_matrix.csv wave-b.csv:735 Source='OpenAPI `PATCH_api_v1_contacts_id`; Stage_3_Field_Traceability_Final_3.5.csv; cross-cutting requirement PERM-012'; openapi.yaml operationId PATCH_api_v1_contacts_id = PATCH /api/v1/contacts/{id}; traceability 4.5 FR-127 Permission=Contact.Update,Source field of the matrix row confirms operationId PATCH_api_v1_contacts_id; method and path verified in openapi.yaml; permission confirmed via traceability FR-127.
wave-b.csv:736,AC-2054,AC,MOD-012,Permission denial for FR-128,resolved,POST_api_v1_contacts_id_addresses,POST,/api/v1/contacts/{id}/addresses,Contact.Update,Task.Application.MOD-012.POST_api_v1_contacts_id_addressesHandler,SCR-110 Контакты и компании: список; SCR-111 Карточка контакта; SCR-112 Редактор контакта; SCR-113 Карточка компании; SCR-114 Редактор компании; SCR-115 Каналы связи и адреса; SCR-118 Связанные Task/Project/File; SCR-119 Контекстное меню CRM,FLOW-018 Создание контакта,Security/authorization,implementation_matrix.csv wave-b.csv:736 Source='OpenAPI `POST_api_v1_contacts_id_addresses`; Stage_3_Field_Traceability_Final_3.5.csv; cross-cutting requirement PERM-012'; openapi.yaml operationId POST_api_v1_contacts_id_addresses = POST /api/v1/contacts/{id}/addresses; traceability 4.5 FR-128 Permission=Contact.Update,Source field of the matrix row confirms operationId POST_api_v1_contacts_id_addresses; method and path verified in openapi.yaml; permission confirmed via traceability FR-128.
wave-b.csv:737,AC-2055,AC,MOD-012,Permission denial for FR-129,resolved,POST_api_v1_contacts_id_archive,POST,/api/v1/contacts/{id}/archive,Contact.Update,Task.Application.MOD-012.POST_api_v1_contacts_id_archiveHandler,SCR-110 Контакты и компании: список; SCR-111 Карточка контакта; SCR-112 Редактор контакта; SCR-113 Карточка компании; SCR-114 Редактор компании; SCR-115 Каналы связи и адреса; SCR-118 Связанные Task/Project/File; SCR-119 Контекстное меню CRM,FLOW-018 Создание контакта,Security/authorization,implementation_matrix.csv wave-b.csv:737 Source='OpenAPI `POST_api_v1_contacts_id_archive`; Stage_3_Field_Traceability_Final_3.5.csv; cross-cutting requirement PERM-012'; openapi.yaml operationId POST_api_v1_contacts_id_archive = POST /api/v1/contacts/{id}/archive; traceability 4.5 FR-129 Permission=Contact.Update,Source field of the matrix row confirms operationId POST_api_v1_contacts_id_archive; method and path verified in openapi.yaml; permission confirmed via traceability FR-129.
wave-b.csv:738,AC-2056,AC,MOD-012,Permission denial for FR-130,resolved,POST_api_v1_contacts_id_channels,POST,/api/v1/contacts/{id}/channels,Contact.Update,Task.Application.MOD-012.POST_api_v1_contacts_id_channelsHandler,SCR-110 Контакты и компании: список; SCR-111 Карточка контакта; SCR-112 Редактор контакта; SCR-113 Карточка компании; SCR-114 Редактор компании; SCR-115 Каналы связи и адреса; SCR-118 Связанные Task/Project/File; SCR-119 Контекстное меню CRM,FLOW-018 Создание контакта,Security/authorization,implementation_matrix.csv wave-b.csv:738 Source='OpenAPI `POST_api_v1_contacts_id_channels`; Stage_3_Field_Traceability_Final_3.5.csv; cross-cutting requirement PERM-012'; openapi.yaml operationId POST_api_v1_contacts_id_channels = POST /api/v1/contacts/{id}/channels; traceability 4.5 FR-130 Permission=Contact.Update,Source field of the matrix row confirms operationId POST_api_v1_contacts_id_channels; method and path verified in openapi.yaml; permission confirmed via traceability FR-130.
wave-b.csv:739,AC-2057,AC,MOD-012,Permission denial for FR-131,resolved,DELETE_api_v1_contacts_id_channels_channelId,DELETE,/api/v1/contacts/{id}/channels/{channelId},Contact.Update,Task.Application.MOD-012.DELETE_api_v1_contacts_id_channels_channelIdHandler,SCR-110 Контакты и компании: список; SCR-111 Карточка контакта; SCR-112 Редактор контакта; SCR-113 Карточка компании; SCR-114 Редактор компании; SCR-115 Каналы связи и адреса; SCR-118 Связанные Task/Project/File; SCR-119 Контекстное меню CRM,FLOW-018 Создание контакта,Security/authorization,implementation_matrix.csv wave-b.csv:739 Source='OpenAPI `DELETE_api_v1_contacts_id_channels_channelId`; Stage_3_Field_Traceability_Final_3.5.csv; cross-cutting requirement PERM-012'; openapi.yaml operationId DELETE_api_v1_contacts_id_channels_channelId = DELETE /api/v1/contacts/{id}/channels/{channelId}; traceability 4.5 FR-131 Permission=Contact.Update,Source field of the matrix row confirms operationId DELETE_api_v1_contacts_id_channels_channelId; method and path verified in openapi.yaml; permission confirmed via traceability FR-131.
wave-b.csv:740,AC-2058,AC,MOD-012,Permission denial for FR-132,resolved,PATCH_api_v1_contacts_id_channels_channelId,PATCH,/api/v1/contacts/{id}/channels/{channelId},Contact.Update,Task.Application.MOD-012.PATCH_api_v1_contacts_id_channels_channelIdHandler,SCR-110 Контакты и компании: список; SCR-111 Карточка контакта; SCR-112 Редактор контакта; SCR-113 Карточка компании; SCR-114 Редактор компании; SCR-115 Каналы связи и адреса; SCR-118 Связанные Task/Project/File; SCR-119 Контекстное меню CRM,FLOW-018 Создание контакта,Security/authorization,implementation_matrix.csv wave-b.csv:740 Source='OpenAPI `PATCH_api_v1_contacts_id_channels_channelId`; Stage_3_Field_Traceability_Final_3.5.csv; cross-cutting requirement PERM-012'; openapi.yaml operationId PATCH_api_v1_contacts_id_channels_channelId = PATCH /api/v1/contacts/{id}/channels/{channelId}; traceability 4.5 FR-132 Permission=Contact.Update,Source field of the matrix row confirms operationId PATCH_api_v1_contacts_id_channels_channelId; method and path verified in openapi.yaml; permission confirmed via traceability FR-132.
wave-b.csv:741,AC-2059,AC,MOD-012,Permission denial for FR-133,resolved,POST_api_v1_contacts_id_restore,POST,/api/v1/contacts/{id}/restore,Contact.Restore,Task.Application.MOD-012.POST_api_v1_contacts_id_restoreHandler,SCR-110 Контакты и компании: список; SCR-111 Карточка контакта; SCR-112 Редактор контакта; SCR-113 Карточка компании; SCR-114 Редактор компании; SCR-115 Каналы связи и адреса; SCR-118 Связанные Task/Project/File; SCR-119 Контекстное меню CRM,FLOW-018 Создание контакта,Security/authorization,implementation_matrix.csv wave-b.csv:741 Source='OpenAPI `POST_api_v1_contacts_id_restore`; Stage_3_Field_Traceability_Final_3.5.csv; cross-cutting requirement PERM-012'; openapi.yaml operationId POST_api_v1_contacts_id_restore = POST /api/v1/contacts/{id}/restore; traceability 4.5 FR-133 Permission=Contact.Restore,Source field of the matrix row confirms operationId POST_api_v1_contacts_id_restore; method and path verified in openapi.yaml; permission confirmed via traceability FR-133.
wave-b.csv:742,AC-2060,AC,MOD-012,Permission denial for FR-134,resolved,POST_api_v1_contacts_id_unarchive,POST,/api/v1/contacts/{id}/unarchive,Contact.Update,Task.Application.MOD-012.POST_api_v1_contacts_id_unarchiveHandler,SCR-110 Контакты и компании: список; SCR-111 Карточка контакта; SCR-112 Редактор контакта; SCR-113 Карточка компании; SCR-114 Редактор компании; SCR-115 Каналы связи и адреса; SCR-118 Связанные Task/Project/File; SCR-119 Контекстное меню CRM,FLOW-018 Создание контакта,Security/authorization,implementation_matrix.csv wave-b.csv:742 Source='OpenAPI `POST_api_v1_contacts_id_unarchive`; Stage_3_Field_Traceability_Final_3.5.csv; cross-cutting requirement PERM-012'; openapi.yaml operationId POST_api_v1_contacts_id_unarchive = POST /api/v1/contacts/{id}/unarchive; traceability 4.5 FR-134 Permission=Contact.Update,Source field of the matrix row confirms operationId POST_api_v1_contacts_id_unarchive; method and path verified in openapi.yaml; permission confirmed via traceability FR-134.
wave-b.csv:743,AC-2061,AC,MOD-012,Permission denial for FR-258,unresolved,,,,,,SCR-110 Контакты и компании: список; SCR-111 Карточка контакта; SCR-112 Редактор контакта; SCR-113 Карточка компании; SCR-114 Редактор компании; SCR-115 Каналы связи и адреса; SCR-118 Связанные Task/Project/File; SCR-119 Контекстное меню CRM,FLOW-018 Создание контакта,Security/authorization,implementation_matrix.csv wave-b.csv:743 title='Permission denial for FR-258'; traceability 4.5 FR-258 API cell='Desktop-only; использует существующие read/command API при необходимости'.,FR-258 is Desktop-only with no dedicated API operation; the allowed sources confirm no server operation for this AC.
wave-b.csv:744,AC-2298,AC,MOD-012,Stable error handling for FR-114,resolved,POST_api_v1_companies,POST,/api/v1/companies,Contact.Create,Task.Application.MOD-012.POST_api_v1_companiesHandler,SCR-110 Контакты и компании: список; SCR-111 Карточка контакта; SCR-112 Редактор контакта; SCR-113 Карточка компании; SCR-114 Редактор компании; SCR-115 Каналы связи и адреса; SCR-118 Связанные Task/Project/File; SCR-119 Контекстное меню CRM,FLOW-018 Создание контакта,Error handling,implementation_matrix.csv wave-b.csv:744 Source='OpenAPI `POST_api_v1_companies`; Stage_3_Field_Traceability_Final_3.5.csv; cross-cutting requirement ERR-012'; openapi.yaml operationId POST_api_v1_companies = POST /api/v1/companies; traceability 4.5 FR-114 Permission=Contact.Create,Source field of the matrix row confirms operationId POST_api_v1_companies; method and path verified in openapi.yaml; permission confirmed via traceability FR-114.
wave-b.csv:745,AC-2299,AC,MOD-012,Stable error handling for FR-115,resolved,DELETE_api_v1_companies_id,DELETE,/api/v1/companies/{id},Contact.Delete,Task.Application.MOD-012.DELETE_api_v1_companies_idHandler,SCR-110 Контакты и компании: список; SCR-111 Карточка контакта; SCR-112 Редактор контакта; SCR-113 Карточка компании; SCR-114 Редактор компании; SCR-115 Каналы связи и адреса; SCR-118 Связанные Task/Project/File; SCR-119 Контекстное меню CRM,FLOW-018 Создание контакта,Error handling,implementation_matrix.csv wave-b.csv:745 Source='OpenAPI `DELETE_api_v1_companies_id`; Stage_3_Field_Traceability_Final_3.5.csv; cross-cutting requirement ERR-012'; openapi.yaml operationId DELETE_api_v1_companies_id = DELETE /api/v1/companies/{id}; traceability 4.5 FR-115 Permission=Contact.Delete,Source field of the matrix row confirms operationId DELETE_api_v1_companies_id; method and path verified in openapi.yaml; permission confirmed via traceability FR-115.
wave-b.csv:746,AC-2300,AC,MOD-012,Stable error handling for FR-116,resolved,GET_api_v1_companies_id,GET,/api/v1/companies/{id},Contact.Read,Task.Application.MOD-012.GET_api_v1_companies_idHandler,SCR-110 Контакты и компании: список; SCR-111 Карточка контакта; SCR-112 Редактор контакта; SCR-113 Карточка компании; SCR-114 Редактор компании; SCR-115 Каналы связи и адреса; SCR-118 Связанные Task/Project/File; SCR-119 Контекстное меню CRM,FLOW-018 Создание контакта,Error handling,implementation_matrix.csv wave-b.csv:746 Source='OpenAPI `GET_api_v1_companies_id`; Stage_3_Field_Traceability_Final_3.5.csv; cross-cutting requirement ERR-012'; openapi.yaml operationId GET_api_v1_companies_id = GET /api/v1/companies/{id}; traceability 4.5 FR-116 Permission=Contact.Read,Source field of the matrix row confirms operationId GET_api_v1_companies_id; method and path verified in openapi.yaml; permission confirmed via traceability FR-116.
wave-b.csv:747,AC-2301,AC,MOD-012,Stable error handling for FR-117,resolved,PATCH_api_v1_companies_id,PATCH,/api/v1/companies/{id},Contact.Update,Task.Application.MOD-012.PATCH_api_v1_companies_idHandler,SCR-110 Контакты и компании: список; SCR-111 Карточка контакта; SCR-112 Редактор контакта; SCR-113 Карточка компании; SCR-114 Редактор компании; SCR-115 Каналы связи и адреса; SCR-118 Связанные Task/Project/File; SCR-119 Контекстное меню CRM,FLOW-018 Создание контакта,Error handling,implementation_matrix.csv wave-b.csv:747 Source='OpenAPI `PATCH_api_v1_companies_id`; Stage_3_Field_Traceability_Final_3.5.csv; cross-cutting requirement ERR-012'; openapi.yaml operationId PATCH_api_v1_companies_id = PATCH /api/v1/companies/{id}; traceability 4.5 FR-117 Permission=Contact.Update,Source field of the matrix row confirms operationId PATCH_api_v1_companies_id; method and path verified in openapi.yaml; permission confirmed via traceability FR-117.
wave-b.csv:748,AC-2302,AC,MOD-012,Stable error handling for FR-118,resolved,POST_api_v1_companies_id_archive,POST,/api/v1/companies/{id}/archive,Contact.Update,Task.Application.MOD-012.POST_api_v1_companies_id_archiveHandler,SCR-110 Контакты и компании: список; SCR-111 Карточка контакта; SCR-112 Редактор контакта; SCR-113 Карточка компании; SCR-114 Редактор компании; SCR-115 Каналы связи и адреса; SCR-118 Связанные Task/Project/File; SCR-119 Контекстное меню CRM,FLOW-018 Создание контакта,Error handling,implementation_matrix.csv wave-b.csv:748 Source='OpenAPI `POST_api_v1_companies_id_archive`; Stage_3_Field_Traceability_Final_3.5.csv; cross-cutting requirement ERR-012'; openapi.yaml operationId POST_api_v1_companies_id_archive = POST /api/v1/companies/{id}/archive; traceability 4.5 FR-118 Permission=Contact.Update,Source field of the matrix row confirms operationId POST_api_v1_companies_id_archive; method and path verified in openapi.yaml; permission confirmed via traceability FR-118.
wave-b.csv:749,AC-2303,AC,MOD-012,Stable error handling for FR-119,resolved,POST_api_v1_companies_id_contacts,POST,/api/v1/companies/{id}/contacts,Contact.Update,Task.Application.MOD-012.POST_api_v1_companies_id_contactsHandler,SCR-110 Контакты и компании: список; SCR-111 Карточка контакта; SCR-112 Редактор контакта; SCR-113 Карточка компании; SCR-114 Редактор компании; SCR-115 Каналы связи и адреса; SCR-118 Связанные Task/Project/File; SCR-119 Контекстное меню CRM,FLOW-018 Создание контакта,Error handling,implementation_matrix.csv wave-b.csv:749 Source='OpenAPI `POST_api_v1_companies_id_contacts`; Stage_3_Field_Traceability_Final_3.5.csv; cross-cutting requirement ERR-012'; openapi.yaml operationId POST_api_v1_companies_id_contacts = POST /api/v1/companies/{id}/contacts; traceability 4.5 FR-119 Permission=Contact.Update,Source field of the matrix row confirms operationId POST_api_v1_companies_id_contacts; method and path verified in openapi.yaml; permission confirmed via traceability FR-119.
wave-b.csv:750,AC-2304,AC,MOD-012,Stable error handling for FR-120,resolved,DELETE_api_v1_companies_id_contacts_contactId,DELETE,/api/v1/companies/{id}/contacts/{contactId},Contact.Update,Task.Application.MOD-012.DELETE_api_v1_companies_id_contacts_contactIdHandler,SCR-110 Контакты и компании: список; SCR-111 Карточка контакта; SCR-112 Редактор контакта; SCR-113 Карточка компании; SCR-114 Редактор компании; SCR-115 Каналы связи и адреса; SCR-118 Связанные Task/Project/File; SCR-119 Контекстное меню CRM,FLOW-018 Создание контакта,Error handling,implementation_matrix.csv wave-b.csv:750 Source='OpenAPI `DELETE_api_v1_companies_id_contacts_contactId`; Stage_3_Field_Traceability_Final_3.5.csv; cross-cutting requirement ERR-012'; openapi.yaml operationId DELETE_api_v1_companies_id_contacts_contactId = DELETE /api/v1/companies/{id}/contacts/{contactId}; traceability 4.5 FR-120 Permission=Contact.Update,Source field of the matrix row confirms operationId DELETE_api_v1_companies_id_contacts_contactId; method and path verified in openapi.yaml; permission confirmed via traceability FR-120.
wave-b.csv:751,AC-2305,AC,MOD-012,Stable error handling for FR-121,resolved,POST_api_v1_companies_id_restore,POST,/api/v1/companies/{id}/restore,Contact.Restore,Task.Application.MOD-012.POST_api_v1_companies_id_restoreHandler,SCR-110 Контакты и компании: список; SCR-111 Карточка контакта; SCR-112 Редактор контакта; SCR-113 Карточка компании; SCR-114 Редактор компании; SCR-115 Каналы связи и адреса; SCR-118 Связанные Task/Project/File; SCR-119 Контекстное меню CRM,FLOW-018 Создание контакта,Error handling,implementation_matrix.csv wave-b.csv:751 Source='OpenAPI `POST_api_v1_companies_id_restore`; Stage_3_Field_Traceability_Final_3.5.csv; cross-cutting requirement ERR-012'; openapi.yaml operationId POST_api_v1_companies_id_restore = POST /api/v1/companies/{id}/restore; traceability 4.5 FR-121 Permission=Contact.Restore,Source field of the matrix row confirms operationId POST_api_v1_companies_id_restore; method and path verified in openapi.yaml; permission confirmed via traceability FR-121.
wave-b.csv:752,AC-2306,AC,MOD-012,Stable error handling for FR-122,resolved,POST_api_v1_companies_id_unarchive,POST,/api/v1/companies/{id}/unarchive,Contact.Update,Task.Application.MOD-012.POST_api_v1_companies_id_unarchiveHandler,SCR-110 Контакты и компании: список; SCR-111 Карточка контакта; SCR-112 Редактор контакта; SCR-113 Карточка компании; SCR-114 Редактор компании; SCR-115 Каналы связи и адреса; SCR-118 Связанные Task/Project/File; SCR-119 Контекстное меню CRM,FLOW-018 Создание контакта,Error handling,implementation_matrix.csv wave-b.csv:752 Source='OpenAPI `POST_api_v1_companies_id_unarchive`; Stage_3_Field_Traceability_Final_3.5.csv; cross-cutting requirement ERR-012'; openapi.yaml operationId POST_api_v1_companies_id_unarchive = POST /api/v1/companies/{id}/unarchive; traceability 4.5 FR-122 Permission=Contact.Update,Source field of the matrix row confirms operationId POST_api_v1_companies_id_unarchive; method and path verified in openapi.yaml; permission confirmed via traceability FR-122.
wave-b.csv:753,AC-2307,AC,MOD-012,Stable error handling for FR-123,resolved,GET_api_v1_contacts,GET,/api/v1/contacts,Contact.Read,Task.Application.MOD-012.GET_api_v1_contactsHandler,SCR-110 Контакты и компании: список; SCR-111 Карточка контакта; SCR-112 Редактор контакта; SCR-113 Карточка компании; SCR-114 Редактор компании; SCR-115 Каналы связи и адреса; SCR-118 Связанные Task/Project/File; SCR-119 Контекстное меню CRM,FLOW-018 Создание контакта,Error handling,implementation_matrix.csv wave-b.csv:753 Source='OpenAPI `GET_api_v1_contacts`; Stage_3_Field_Traceability_Final_3.5.csv; cross-cutting requirement ERR-012'; openapi.yaml operationId GET_api_v1_contacts = GET /api/v1/contacts; traceability 4.5 FR-123 Permission=Contact.Read,Source field of the matrix row confirms operationId GET_api_v1_contacts; method and path verified in openapi.yaml; permission confirmed via traceability FR-123.
wave-b.csv:754,AC-2308,AC,MOD-012,Stable error handling for FR-124,resolved,POST_api_v1_contacts,POST,/api/v1/contacts,Contact.Create,Task.Application.MOD-012.POST_api_v1_contactsHandler,SCR-110 Контакты и компании: список; SCR-111 Карточка контакта; SCR-112 Редактор контакта; SCR-113 Карточка компании; SCR-114 Редактор компании; SCR-115 Каналы связи и адреса; SCR-118 Связанные Task/Project/File; SCR-119 Контекстное меню CRM,FLOW-018 Создание контакта,Error handling,implementation_matrix.csv wave-b.csv:754 Source='OpenAPI `POST_api_v1_contacts`; Stage_3_Field_Traceability_Final_3.5.csv; cross-cutting requirement ERR-012'; openapi.yaml operationId POST_api_v1_contacts = POST /api/v1/contacts; traceability 4.5 FR-124 Permission=Contact.Create,Source field of the matrix row confirms operationId POST_api_v1_contacts; method and path verified in openapi.yaml; permission confirmed via traceability FR-124.
wave-b.csv:755,AC-2309,AC,MOD-012,Stable error handling for FR-125,resolved,DELETE_api_v1_contacts_id,DELETE,/api/v1/contacts/{id},Contact.Delete,Task.Application.MOD-012.DELETE_api_v1_contacts_idHandler,SCR-110 Контакты и компании: список; SCR-111 Карточка контакта; SCR-112 Редактор контакта; SCR-113 Карточка компании; SCR-114 Редактор компании; SCR-115 Каналы связи и адреса; SCR-118 Связанные Task/Project/File; SCR-119 Контекстное меню CRM,FLOW-018 Создание контакта,Error handling,implementation_matrix.csv wave-b.csv:755 Source='OpenAPI `DELETE_api_v1_contacts_id`; Stage_3_Field_Traceability_Final_3.5.csv; cross-cutting requirement ERR-012'; openapi.yaml operationId DELETE_api_v1_contacts_id = DELETE /api/v1/contacts/{id}; traceability 4.5 FR-125 Permission=Contact.Delete,Source field of the matrix row confirms operationId DELETE_api_v1_contacts_id; method and path verified in openapi.yaml; permission confirmed via traceability FR-125.
wave-b.csv:756,AC-2310,AC,MOD-012,Stable error handling for FR-126,resolved,GET_api_v1_contacts_id,GET,/api/v1/contacts/{id},Contact.Read,Task.Application.MOD-012.GET_api_v1_contacts_idHandler,SCR-110 Контакты и компании: список; SCR-111 Карточка контакта; SCR-112 Редактор контакта; SCR-113 Карточка компании; SCR-114 Редактор компании; SCR-115 Каналы связи и адреса; SCR-118 Связанные Task/Project/File; SCR-119 Контекстное меню CRM,FLOW-018 Создание контакта,Error handling,implementation_matrix.csv wave-b.csv:756 Source='OpenAPI `GET_api_v1_contacts_id`; Stage_3_Field_Traceability_Final_3.5.csv; cross-cutting requirement ERR-012'; openapi.yaml operationId GET_api_v1_contacts_id = GET /api/v1/contacts/{id}; traceability 4.5 FR-126 Permission=Contact.Read,Source field of the matrix row confirms operationId GET_api_v1_contacts_id; method and path verified in openapi.yaml; permission confirmed via traceability FR-126.
wave-b.csv:757,AC-2311,AC,MOD-012,Stable error handling for FR-127,resolved,PATCH_api_v1_contacts_id,PATCH,/api/v1/contacts/{id},Contact.Update,Task.Application.MOD-012.PATCH_api_v1_contacts_idHandler,SCR-110 Контакты и компании: список; SCR-111 Карточка контакта; SCR-112 Редактор контакта; SCR-113 Карточка компании; SCR-114 Редактор компании; SCR-115 Каналы связи и адреса; SCR-118 Связанные Task/Project/File; SCR-119 Контекстное меню CRM,FLOW-018 Создание контакта,Error handling,implementation_matrix.csv wave-b.csv:757 Source='OpenAPI `PATCH_api_v1_contacts_id`; Stage_3_Field_Traceability_Final_3.5.csv; cross-cutting requirement ERR-012'; openapi.yaml operationId PATCH_api_v1_contacts_id = PATCH /api/v1/contacts/{id}; traceability 4.5 FR-127 Permission=Contact.Update,Source field of the matrix row confirms operationId PATCH_api_v1_contacts_id; method and path verified in openapi.yaml; permission confirmed via traceability FR-127.
wave-b.csv:758,AC-2312,AC,MOD-012,Stable error handling for FR-128,resolved,POST_api_v1_contacts_id_addresses,POST,/api/v1/contacts/{id}/addresses,Contact.Update,Task.Application.MOD-012.POST_api_v1_contacts_id_addressesHandler,SCR-110 Контакты и компании: список; SCR-111 Карточка контакта; SCR-112 Редактор контакта; SCR-113 Карточка компании; SCR-114 Редактор компании; SCR-115 Каналы связи и адреса; SCR-118 Связанные Task/Project/File; SCR-119 Контекстное меню CRM,FLOW-018 Создание контакта,Error handling,implementation_matrix.csv wave-b.csv:758 Source='OpenAPI `POST_api_v1_contacts_id_addresses`; Stage_3_Field_Traceability_Final_3.5.csv; cross-cutting requirement ERR-012'; openapi.yaml operationId POST_api_v1_contacts_id_addresses = POST /api/v1/contacts/{id}/addresses; traceability 4.5 FR-128 Permission=Contact.Update,Source field of the matrix row confirms operationId POST_api_v1_contacts_id_addresses; method and path verified in openapi.yaml; permission confirmed via traceability FR-128.
wave-b.csv:759,AC-2313,AC,MOD-012,Stable error handling for FR-129,resolved,POST_api_v1_contacts_id_archive,POST,/api/v1/contacts/{id}/archive,Contact.Update,Task.Application.MOD-012.POST_api_v1_contacts_id_archiveHandler,SCR-110 Контакты и компании: список; SCR-111 Карточка контакта; SCR-112 Редактор контакта; SCR-113 Карточка компании; SCR-114 Редактор компании; SCR-115 Каналы связи и адреса; SCR-118 Связанные Task/Project/File; SCR-119 Контекстное меню CRM,FLOW-018 Создание контакта,Error handling,implementation_matrix.csv wave-b.csv:759 Source='OpenAPI `POST_api_v1_contacts_id_archive`; Stage_3_Field_Traceability_Final_3.5.csv; cross-cutting requirement ERR-012'; openapi.yaml operationId POST_api_v1_contacts_id_archive = POST /api/v1/contacts/{id}/archive; traceability 4.5 FR-129 Permission=Contact.Update,Source field of the matrix row confirms operationId POST_api_v1_contacts_id_archive; method and path verified in openapi.yaml; permission confirmed via traceability FR-129.
wave-b.csv:760,AC-2314,AC,MOD-012,Stable error handling for FR-130,resolved,POST_api_v1_contacts_id_channels,POST,/api/v1/contacts/{id}/channels,Contact.Update,Task.Application.MOD-012.POST_api_v1_contacts_id_channelsHandler,SCR-110 Контакты и компании: список; SCR-111 Карточка контакта; SCR-112 Редактор контакта; SCR-113 Карточка компании; SCR-114 Редактор компании; SCR-115 Каналы связи и адреса; SCR-118 Связанные Task/Project/File; SCR-119 Контекстное меню CRM,FLOW-018 Создание контакта,Error handling,implementation_matrix.csv wave-b.csv:760 Source='OpenAPI `POST_api_v1_contacts_id_channels`; Stage_3_Field_Traceability_Final_3.5.csv; cross-cutting requirement ERR-012'; openapi.yaml operationId POST_api_v1_contacts_id_channels = POST /api/v1/contacts/{id}/channels; traceability 4.5 FR-130 Permission=Contact.Update,Source field of the matrix row confirms operationId POST_api_v1_contacts_id_channels; method and path verified in openapi.yaml; permission confirmed via traceability FR-130.
wave-b.csv:761,AC-2315,AC,MOD-012,Stable error handling for FR-131,resolved,DELETE_api_v1_contacts_id_channels_channelId,DELETE,/api/v1/contacts/{id}/channels/{channelId},Contact.Update,Task.Application.MOD-012.DELETE_api_v1_contacts_id_channels_channelIdHandler,SCR-110 Контакты и компании: список; SCR-111 Карточка контакта; SCR-112 Редактор контакта; SCR-113 Карточка компании; SCR-114 Редактор компании; SCR-115 Каналы связи и адреса; SCR-118 Связанные Task/Project/File; SCR-119 Контекстное меню CRM,FLOW-018 Создание контакта,Error handling,implementation_matrix.csv wave-b.csv:761 Source='OpenAPI `DELETE_api_v1_contacts_id_channels_channelId`; Stage_3_Field_Traceability_Final_3.5.csv; cross-cutting requirement ERR-012'; openapi.yaml operationId DELETE_api_v1_contacts_id_channels_channelId = DELETE /api/v1/contacts/{id}/channels/{channelId}; traceability 4.5 FR-131 Permission=Contact.Update,Source field of the matrix row confirms operationId DELETE_api_v1_contacts_id_channels_channelId; method and path verified in openapi.yaml; permission confirmed via traceability FR-131.
wave-b.csv:762,AC-2316,AC,MOD-012,Stable error handling for FR-132,resolved,PATCH_api_v1_contacts_id_channels_channelId,PATCH,/api/v1/contacts/{id}/channels/{channelId},Contact.Update,Task.Application.MOD-012.PATCH_api_v1_contacts_id_channels_channelIdHandler,SCR-110 Контакты и компании: список; SCR-111 Карточка контакта; SCR-112 Редактор контакта; SCR-113 Карточка компании; SCR-114 Редактор компании; SCR-115 Каналы связи и адреса; SCR-118 Связанные Task/Project/File; SCR-119 Контекстное меню CRM,FLOW-018 Создание контакта,Error handling,implementation_matrix.csv wave-b.csv:762 Source='OpenAPI `PATCH_api_v1_contacts_id_channels_channelId`; Stage_3_Field_Traceability_Final_3.5.csv; cross-cutting requirement ERR-012'; openapi.yaml operationId PATCH_api_v1_contacts_id_channels_channelId = PATCH /api/v1/contacts/{id}/channels/{channelId}; traceability 4.5 FR-132 Permission=Contact.Update,Source field of the matrix row confirms operationId PATCH_api_v1_contacts_id_channels_channelId; method and path verified in openapi.yaml; permission confirmed via traceability FR-132.
wave-b.csv:763,AC-2317,AC,MOD-012,Stable error handling for FR-133,resolved,POST_api_v1_contacts_id_restore,POST,/api/v1/contacts/{id}/restore,Contact.Restore,Task.Application.MOD-012.POST_api_v1_contacts_id_restoreHandler,SCR-110 Контакты и компании: список; SCR-111 Карточка контакта; SCR-112 Редактор контакта; SCR-113 Карточка компании; SCR-114 Редактор компании; SCR-115 Каналы связи и адреса; SCR-118 Связанные Task/Project/File; SCR-119 Контекстное меню CRM,FLOW-018 Создание контакта,Error handling,implementation_matrix.csv wave-b.csv:763 Source='OpenAPI `POST_api_v1_contacts_id_restore`; Stage_3_Field_Traceability_Final_3.5.csv; cross-cutting requirement ERR-012'; openapi.yaml operationId POST_api_v1_contacts_id_restore = POST /api/v1/contacts/{id}/restore; traceability 4.5 FR-133 Permission=Contact.Restore,Source field of the matrix row confirms operationId POST_api_v1_contacts_id_restore; method and path verified in openapi.yaml; permission confirmed via traceability FR-133.
wave-b.csv:764,AC-2318,AC,MOD-012,Stable error handling for FR-134,resolved,POST_api_v1_contacts_id_unarchive,POST,/api/v1/contacts/{id}/unarchive,Contact.Update,Task.Application.MOD-012.POST_api_v1_contacts_id_unarchiveHandler,SCR-110 Контакты и компании: список; SCR-111 Карточка контакта; SCR-112 Редактор контакта; SCR-113 Карточка компании; SCR-114 Редактор компании; SCR-115 Каналы связи и адреса; SCR-118 Связанные Task/Project/File; SCR-119 Контекстное меню CRM,FLOW-018 Создание контакта,Error handling,implementation_matrix.csv wave-b.csv:764 Source='OpenAPI `POST_api_v1_contacts_id_unarchive`; Stage_3_Field_Traceability_Final_3.5.csv; cross-cutting requirement ERR-012'; openapi.yaml operationId POST_api_v1_contacts_id_unarchive = POST /api/v1/contacts/{id}/unarchive; traceability 4.5 FR-134 Permission=Contact.Update,Source field of the matrix row confirms operationId POST_api_v1_contacts_id_unarchive; method and path verified in openapi.yaml; permission confirmed via traceability FR-134.
wave-b.csv:765,AC-2319,AC,MOD-012,Stable error handling for FR-258,unresolved,,,,,,SCR-110 Контакты и компании: список; SCR-111 Карточка контакта; SCR-112 Редактор контакта; SCR-113 Карточка компании; SCR-114 Редактор компании; SCR-115 Каналы связи и адреса; SCR-118 Связанные Task/Project/File; SCR-119 Контекстное меню CRM,FLOW-018 Создание контакта,Error handling,implementation_matrix.csv wave-b.csv:765 title='Stable error handling for FR-258'; traceability 4.5 FR-258 API cell='Desktop-only; использует существующие read/command API при необходимости'.,FR-258 is Desktop-only with no dedicated API operation; the allowed sources confirm no server operation for this AC.
wave-b.csv:788,AC-2814,AC,MOD-012,Audit evidence for FR-114,resolved,POST_api_v1_companies,POST,/api/v1/companies,Contact.Create,Task.Application.MOD-012.POST_api_v1_companiesHandler,SCR-110 Контакты и компании: список; SCR-111 Карточка контакта; SCR-112 Редактор контакта; SCR-113 Карточка компании; SCR-114 Редактор компании; SCR-115 Каналы связи и адреса; SCR-118 Связанные Task/Project/File; SCR-119 Контекстное меню CRM,FLOW-018 Создание контакта,Audit/security,implementation_matrix.csv wave-b.csv:788 Source='OpenAPI `POST_api_v1_companies`; Stage_3_Field_Traceability_Final_3.5.csv; cross-cutting requirement AUDIT-012'; openapi.yaml operationId POST_api_v1_companies = POST /api/v1/companies; traceability 4.5 FR-114 Permission=Contact.Create,Source field of the matrix row confirms operationId POST_api_v1_companies; method and path verified in openapi.yaml; permission confirmed via traceability FR-114.
wave-b.csv:789,AC-2815,AC,MOD-012,Audit evidence for FR-115,resolved,DELETE_api_v1_companies_id,DELETE,/api/v1/companies/{id},Contact.Delete,Task.Application.MOD-012.DELETE_api_v1_companies_idHandler,SCR-110 Контакты и компании: список; SCR-111 Карточка контакта; SCR-112 Редактор контакта; SCR-113 Карточка компании; SCR-114 Редактор компании; SCR-115 Каналы связи и адреса; SCR-118 Связанные Task/Project/File; SCR-119 Контекстное меню CRM,FLOW-018 Создание контакта,Audit/security,implementation_matrix.csv wave-b.csv:789 Source='OpenAPI `DELETE_api_v1_companies_id`; Stage_3_Field_Traceability_Final_3.5.csv; cross-cutting requirement AUDIT-012'; openapi.yaml operationId DELETE_api_v1_companies_id = DELETE /api/v1/companies/{id}; traceability 4.5 FR-115 Permission=Contact.Delete,Source field of the matrix row confirms operationId DELETE_api_v1_companies_id; method and path verified in openapi.yaml; permission confirmed via traceability FR-115.
wave-b.csv:790,AC-2816,AC,MOD-012,Audit evidence for FR-116,resolved,GET_api_v1_companies_id,GET,/api/v1/companies/{id},Contact.Read,Task.Application.MOD-012.GET_api_v1_companies_idHandler,SCR-110 Контакты и компании: список; SCR-111 Карточка контакта; SCR-112 Редактор контакта; SCR-113 Карточка компании; SCR-114 Редактор компании; SCR-115 Каналы связи и адреса; SCR-118 Связанные Task/Project/File; SCR-119 Контекстное меню CRM,FLOW-018 Создание контакта,Audit/security,implementation_matrix.csv wave-b.csv:790 Source='OpenAPI `GET_api_v1_companies_id`; Stage_3_Field_Traceability_Final_3.5.csv; cross-cutting requirement AUDIT-012'; openapi.yaml operationId GET_api_v1_companies_id = GET /api/v1/companies/{id}; traceability 4.5 FR-116 Permission=Contact.Read,Source field of the matrix row confirms operationId GET_api_v1_companies_id; method and path verified in openapi.yaml; permission confirmed via traceability FR-116.
wave-b.csv:791,AC-2817,AC,MOD-012,Audit evidence for FR-117,resolved,PATCH_api_v1_companies_id,PATCH,/api/v1/companies/{id},Contact.Update,Task.Application.MOD-012.PATCH_api_v1_companies_idHandler,SCR-110 Контакты и компании: список; SCR-111 Карточка контакта; SCR-112 Редактор контакта; SCR-113 Карточка компании; SCR-114 Редактор компании; SCR-115 Каналы связи и адреса; SCR-118 Связанные Task/Project/File; SCR-119 Контекстное меню CRM,FLOW-018 Создание контакта,Audit/security,implementation_matrix.csv wave-b.csv:791 Source='OpenAPI `PATCH_api_v1_companies_id`; Stage_3_Field_Traceability_Final_3.5.csv; cross-cutting requirement AUDIT-012'; openapi.yaml operationId PATCH_api_v1_companies_id = PATCH /api/v1/companies/{id}; traceability 4.5 FR-117 Permission=Contact.Update,Source field of the matrix row confirms operationId PATCH_api_v1_companies_id; method and path verified in openapi.yaml; permission confirmed via traceability FR-117.
wave-b.csv:792,AC-2818,AC,MOD-012,Audit evidence for FR-118,resolved,POST_api_v1_companies_id_archive,POST,/api/v1/companies/{id}/archive,Contact.Update,Task.Application.MOD-012.POST_api_v1_companies_id_archiveHandler,SCR-110 Контакты и компании: список; SCR-111 Карточка контакта; SCR-112 Редактор контакта; SCR-113 Карточка компании; SCR-114 Редактор компании; SCR-115 Каналы связи и адреса; SCR-118 Связанные Task/Project/File; SCR-119 Контекстное меню CRM,FLOW-018 Создание контакта,Audit/security,implementation_matrix.csv wave-b.csv:792 Source='OpenAPI `POST_api_v1_companies_id_archive`; Stage_3_Field_Traceability_Final_3.5.csv; cross-cutting requirement AUDIT-012'; openapi.yaml operationId POST_api_v1_companies_id_archive = POST /api/v1/companies/{id}/archive; traceability 4.5 FR-118 Permission=Contact.Update,Source field of the matrix row confirms operationId POST_api_v1_companies_id_archive; method and path verified in openapi.yaml; permission confirmed via traceability FR-118.
wave-b.csv:793,AC-2819,AC,MOD-012,Audit evidence for FR-119,resolved,POST_api_v1_companies_id_contacts,POST,/api/v1/companies/{id}/contacts,Contact.Update,Task.Application.MOD-012.POST_api_v1_companies_id_contactsHandler,SCR-110 Контакты и компании: список; SCR-111 Карточка контакта; SCR-112 Редактор контакта; SCR-113 Карточка компании; SCR-114 Редактор компании; SCR-115 Каналы связи и адреса; SCR-118 Связанные Task/Project/File; SCR-119 Контекстное меню CRM,FLOW-018 Создание контакта,Audit/security,implementation_matrix.csv wave-b.csv:793 Source='OpenAPI `POST_api_v1_companies_id_contacts`; Stage_3_Field_Traceability_Final_3.5.csv; cross-cutting requirement AUDIT-012'; openapi.yaml operationId POST_api_v1_companies_id_contacts = POST /api/v1/companies/{id}/contacts; traceability 4.5 FR-119 Permission=Contact.Update,Source field of the matrix row confirms operationId POST_api_v1_companies_id_contacts; method and path verified in openapi.yaml; permission confirmed via traceability FR-119.
wave-b.csv:794,AC-2820,AC,MOD-012,Audit evidence for FR-120,resolved,DELETE_api_v1_companies_id_contacts_contactId,DELETE,/api/v1/companies/{id}/contacts/{contactId},Contact.Update,Task.Application.MOD-012.DELETE_api_v1_companies_id_contacts_contactIdHandler,SCR-110 Контакты и компании: список; SCR-111 Карточка контакта; SCR-112 Редактор контакта; SCR-113 Карточка компании; SCR-114 Редактор компании; SCR-115 Каналы связи и адреса; SCR-118 Связанные Task/Project/File; SCR-119 Контекстное меню CRM,FLOW-018 Создание контакта,Audit/security,implementation_matrix.csv wave-b.csv:794 Source='OpenAPI `DELETE_api_v1_companies_id_contacts_contactId`; Stage_3_Field_Traceability_Final_3.5.csv; cross-cutting requirement AUDIT-012'; openapi.yaml operationId DELETE_api_v1_companies_id_contacts_contactId = DELETE /api/v1/companies/{id}/contacts/{contactId}; traceability 4.5 FR-120 Permission=Contact.Update,Source field of the matrix row confirms operationId DELETE_api_v1_companies_id_contacts_contactId; method and path verified in openapi.yaml; permission confirmed via traceability FR-120.
wave-b.csv:795,AC-2821,AC,MOD-012,Audit evidence for FR-121,resolved,POST_api_v1_companies_id_restore,POST,/api/v1/companies/{id}/restore,Contact.Restore,Task.Application.MOD-012.POST_api_v1_companies_id_restoreHandler,SCR-110 Контакты и компании: список; SCR-111 Карточка контакта; SCR-112 Редактор контакта; SCR-113 Карточка компании; SCR-114 Редактор компании; SCR-115 Каналы связи и адреса; SCR-118 Связанные Task/Project/File; SCR-119 Контекстное меню CRM,FLOW-018 Создание контакта,Audit/security,implementation_matrix.csv wave-b.csv:795 Source='OpenAPI `POST_api_v1_companies_id_restore`; Stage_3_Field_Traceability_Final_3.5.csv; cross-cutting requirement AUDIT-012'; openapi.yaml operationId POST_api_v1_companies_id_restore = POST /api/v1/companies/{id}/restore; traceability 4.5 FR-121 Permission=Contact.Restore,Source field of the matrix row confirms operationId POST_api_v1_companies_id_restore; method and path verified in openapi.yaml; permission confirmed via traceability FR-121.
wave-b.csv:796,AC-2822,AC,MOD-012,Audit evidence for FR-122,resolved,POST_api_v1_companies_id_unarchive,POST,/api/v1/companies/{id}/unarchive,Contact.Update,Task.Application.MOD-012.POST_api_v1_companies_id_unarchiveHandler,SCR-110 Контакты и компании: список; SCR-111 Карточка контакта; SCR-112 Редактор контакта; SCR-113 Карточка компании; SCR-114 Редактор компании; SCR-115 Каналы связи и адреса; SCR-118 Связанные Task/Project/File; SCR-119 Контекстное меню CRM,FLOW-018 Создание контакта,Audit/security,implementation_matrix.csv wave-b.csv:796 Source='OpenAPI `POST_api_v1_companies_id_unarchive`; Stage_3_Field_Traceability_Final_3.5.csv; cross-cutting requirement AUDIT-012'; openapi.yaml operationId POST_api_v1_companies_id_unarchive = POST /api/v1/companies/{id}/unarchive; traceability 4.5 FR-122 Permission=Contact.Update,Source field of the matrix row confirms operationId POST_api_v1_companies_id_unarchive; method and path verified in openapi.yaml; permission confirmed via traceability FR-122.
wave-b.csv:797,AC-2823,AC,MOD-012,Audit evidence for FR-123,resolved,GET_api_v1_contacts,GET,/api/v1/contacts,Contact.Read,Task.Application.MOD-012.GET_api_v1_contactsHandler,SCR-110 Контакты и компании: список; SCR-111 Карточка контакта; SCR-112 Редактор контакта; SCR-113 Карточка компании; SCR-114 Редактор компании; SCR-115 Каналы связи и адреса; SCR-118 Связанные Task/Project/File; SCR-119 Контекстное меню CRM,FLOW-018 Создание контакта,Audit/security,implementation_matrix.csv wave-b.csv:797 Source='OpenAPI `GET_api_v1_contacts`; Stage_3_Field_Traceability_Final_3.5.csv; cross-cutting requirement AUDIT-012'; openapi.yaml operationId GET_api_v1_contacts = GET /api/v1/contacts; traceability 4.5 FR-123 Permission=Contact.Read,Source field of the matrix row confirms operationId GET_api_v1_contacts; method and path verified in openapi.yaml; permission confirmed via traceability FR-123.
wave-b.csv:798,AC-2824,AC,MOD-012,Audit evidence for FR-124,resolved,POST_api_v1_contacts,POST,/api/v1/contacts,Contact.Create,Task.Application.MOD-012.POST_api_v1_contactsHandler,SCR-110 Контакты и компании: список; SCR-111 Карточка контакта; SCR-112 Редактор контакта; SCR-113 Карточка компании; SCR-114 Редактор компании; SCR-115 Каналы связи и адреса; SCR-118 Связанные Task/Project/File; SCR-119 Контекстное меню CRM,FLOW-018 Создание контакта,Audit/security,implementation_matrix.csv wave-b.csv:798 Source='OpenAPI `POST_api_v1_contacts`; Stage_3_Field_Traceability_Final_3.5.csv; cross-cutting requirement AUDIT-012'; openapi.yaml operationId POST_api_v1_contacts = POST /api/v1/contacts; traceability 4.5 FR-124 Permission=Contact.Create,Source field of the matrix row confirms operationId POST_api_v1_contacts; method and path verified in openapi.yaml; permission confirmed via traceability FR-124.
wave-b.csv:799,AC-2825,AC,MOD-012,Audit evidence for FR-125,resolved,DELETE_api_v1_contacts_id,DELETE,/api/v1/contacts/{id},Contact.Delete,Task.Application.MOD-012.DELETE_api_v1_contacts_idHandler,SCR-110 Контакты и компании: список; SCR-111 Карточка контакта; SCR-112 Редактор контакта; SCR-113 Карточка компании; SCR-114 Редактор компании; SCR-115 Каналы связи и адреса; SCR-118 Связанные Task/Project/File; SCR-119 Контекстное меню CRM,FLOW-018 Создание контакта,Audit/security,implementation_matrix.csv wave-b.csv:799 Source='OpenAPI `DELETE_api_v1_contacts_id`; Stage_3_Field_Traceability_Final_3.5.csv; cross-cutting requirement AUDIT-012'; openapi.yaml operationId DELETE_api_v1_contacts_id = DELETE /api/v1/contacts/{id}; traceability 4.5 FR-125 Permission=Contact.Delete,Source field of the matrix row confirms operationId DELETE_api_v1_contacts_id; method and path verified in openapi.yaml; permission confirmed via traceability FR-125.
wave-b.csv:800,AC-2826,AC,MOD-012,Audit evidence for FR-126,resolved,GET_api_v1_contacts_id,GET,/api/v1/contacts/{id},Contact.Read,Task.Application.MOD-012.GET_api_v1_contacts_idHandler,SCR-110 Контакты и компании: список; SCR-111 Карточка контакта; SCR-112 Редактор контакта; SCR-113 Карточка компании; SCR-114 Редактор компании; SCR-115 Каналы связи и адреса; SCR-118 Связанные Task/Project/File; SCR-119 Контекстное меню CRM,FLOW-018 Создание контакта,Audit/security,implementation_matrix.csv wave-b.csv:800 Source='OpenAPI `GET_api_v1_contacts_id`; Stage_3_Field_Traceability_Final_3.5.csv; cross-cutting requirement AUDIT-012'; openapi.yaml operationId GET_api_v1_contacts_id = GET /api/v1/contacts/{id}; traceability 4.5 FR-126 Permission=Contact.Read,Source field of the matrix row confirms operationId GET_api_v1_contacts_id; method and path verified in openapi.yaml; permission confirmed via traceability FR-126.
wave-b.csv:801,AC-2827,AC,MOD-012,Audit evidence for FR-127,resolved,PATCH_api_v1_contacts_id,PATCH,/api/v1/contacts/{id},Contact.Update,Task.Application.MOD-012.PATCH_api_v1_contacts_idHandler,SCR-110 Контакты и компании: список; SCR-111 Карточка контакта; SCR-112 Редактор контакта; SCR-113 Карточка компании; SCR-114 Редактор компании; SCR-115 Каналы связи и адреса; SCR-118 Связанные Task/Project/File; SCR-119 Контекстное меню CRM,FLOW-018 Создание контакта,Audit/security,implementation_matrix.csv wave-b.csv:801 Source='OpenAPI `PATCH_api_v1_contacts_id`; Stage_3_Field_Traceability_Final_3.5.csv; cross-cutting requirement AUDIT-012'; openapi.yaml operationId PATCH_api_v1_contacts_id = PATCH /api/v1/contacts/{id}; traceability 4.5 FR-127 Permission=Contact.Update,Source field of the matrix row confirms operationId PATCH_api_v1_contacts_id; method and path verified in openapi.yaml; permission confirmed via traceability FR-127.
wave-b.csv:802,AC-2828,AC,MOD-012,Audit evidence for FR-128,resolved,POST_api_v1_contacts_id_addresses,POST,/api/v1/contacts/{id}/addresses,Contact.Update,Task.Application.MOD-012.POST_api_v1_contacts_id_addressesHandler,SCR-110 Контакты и компании: список; SCR-111 Карточка контакта; SCR-112 Редактор контакта; SCR-113 Карточка компании; SCR-114 Редактор компании; SCR-115 Каналы связи и адреса; SCR-118 Связанные Task/Project/File; SCR-119 Контекстное меню CRM,FLOW-018 Создание контакта,Audit/security,implementation_matrix.csv wave-b.csv:802 Source='OpenAPI `POST_api_v1_contacts_id_addresses`; Stage_3_Field_Traceability_Final_3.5.csv; cross-cutting requirement AUDIT-012'; openapi.yaml operationId POST_api_v1_contacts_id_addresses = POST /api/v1/contacts/{id}/addresses; traceability 4.5 FR-128 Permission=Contact.Update,Source field of the matrix row confirms operationId POST_api_v1_contacts_id_addresses; method and path verified in openapi.yaml; permission confirmed via traceability FR-128.
wave-b.csv:803,AC-2829,AC,MOD-012,Audit evidence for FR-129,resolved,POST_api_v1_contacts_id_archive,POST,/api/v1/contacts/{id}/archive,Contact.Update,Task.Application.MOD-012.POST_api_v1_contacts_id_archiveHandler,SCR-110 Контакты и компании: список; SCR-111 Карточка контакта; SCR-112 Редактор контакта; SCR-113 Карточка компании; SCR-114 Редактор компании; SCR-115 Каналы связи и адреса; SCR-118 Связанные Task/Project/File; SCR-119 Контекстное меню CRM,FLOW-018 Создание контакта,Audit/security,implementation_matrix.csv wave-b.csv:803 Source='OpenAPI `POST_api_v1_contacts_id_archive`; Stage_3_Field_Traceability_Final_3.5.csv; cross-cutting requirement AUDIT-012'; openapi.yaml operationId POST_api_v1_contacts_id_archive = POST /api/v1/contacts/{id}/archive; traceability 4.5 FR-129 Permission=Contact.Update,Source field of the matrix row confirms operationId POST_api_v1_contacts_id_archive; method and path verified in openapi.yaml; permission confirmed via traceability FR-129.
wave-b.csv:804,AC-2830,AC,MOD-012,Audit evidence for FR-130,resolved,POST_api_v1_contacts_id_channels,POST,/api/v1/contacts/{id}/channels,Contact.Update,Task.Application.MOD-012.POST_api_v1_contacts_id_channelsHandler,SCR-110 Контакты и компании: список; SCR-111 Карточка контакта; SCR-112 Редактор контакта; SCR-113 Карточка компании; SCR-114 Редактор компании; SCR-115 Каналы связи и адреса; SCR-118 Связанные Task/Project/File; SCR-119 Контекстное меню CRM,FLOW-018 Создание контакта,Audit/security,implementation_matrix.csv wave-b.csv:804 Source='OpenAPI `POST_api_v1_contacts_id_channels`; Stage_3_Field_Traceability_Final_3.5.csv; cross-cutting requirement AUDIT-012'; openapi.yaml operationId POST_api_v1_contacts_id_channels = POST /api/v1/contacts/{id}/channels; traceability 4.5 FR-130 Permission=Contact.Update,Source field of the matrix row confirms operationId POST_api_v1_contacts_id_channels; method and path verified in openapi.yaml; permission confirmed via traceability FR-130.
wave-b.csv:805,AC-2831,AC,MOD-012,Audit evidence for FR-131,resolved,DELETE_api_v1_contacts_id_channels_channelId,DELETE,/api/v1/contacts/{id}/channels/{channelId},Contact.Update,Task.Application.MOD-012.DELETE_api_v1_contacts_id_channels_channelIdHandler,SCR-110 Контакты и компании: список; SCR-111 Карточка контакта; SCR-112 Редактор контакта; SCR-113 Карточка компании; SCR-114 Редактор компании; SCR-115 Каналы связи и адреса; SCR-118 Связанные Task/Project/File; SCR-119 Контекстное меню CRM,FLOW-018 Создание контакта,Audit/security,implementation_matrix.csv wave-b.csv:805 Source='OpenAPI `DELETE_api_v1_contacts_id_channels_channelId`; Stage_3_Field_Traceability_Final_3.5.csv; cross-cutting requirement AUDIT-012'; openapi.yaml operationId DELETE_api_v1_contacts_id_channels_channelId = DELETE /api/v1/contacts/{id}/channels/{channelId}; traceability 4.5 FR-131 Permission=Contact.Update,Source field of the matrix row confirms operationId DELETE_api_v1_contacts_id_channels_channelId; method and path verified in openapi.yaml; permission confirmed via traceability FR-131.
wave-b.csv:806,AC-2832,AC,MOD-012,Audit evidence for FR-132,resolved,PATCH_api_v1_contacts_id_channels_channelId,PATCH,/api/v1/contacts/{id}/channels/{channelId},Contact.Update,Task.Application.MOD-012.PATCH_api_v1_contacts_id_channels_channelIdHandler,SCR-110 Контакты и компании: список; SCR-111 Карточка контакта; SCR-112 Редактор контакта; SCR-113 Карточка компании; SCR-114 Редактор компании; SCR-115 Каналы связи и адреса; SCR-118 Связанные Task/Project/File; SCR-119 Контекстное меню CRM,FLOW-018 Создание контакта,Audit/security,implementation_matrix.csv wave-b.csv:806 Source='OpenAPI `PATCH_api_v1_contacts_id_channels_channelId`; Stage_3_Field_Traceability_Final_3.5.csv; cross-cutting requirement AUDIT-012'; openapi.yaml operationId PATCH_api_v1_contacts_id_channels_channelId = PATCH /api/v1/contacts/{id}/channels/{channelId}; traceability 4.5 FR-132 Permission=Contact.Update,Source field of the matrix row confirms operationId PATCH_api_v1_contacts_id_channels_channelId; method and path verified in openapi.yaml; permission confirmed via traceability FR-132.
wave-b.csv:807,AC-2833,AC,MOD-012,Audit evidence for FR-133,resolved,POST_api_v1_contacts_id_restore,POST,/api/v1/contacts/{id}/restore,Contact.Restore,Task.Application.MOD-012.POST_api_v1_contacts_id_restoreHandler,SCR-110 Контакты и компании: список; SCR-111 Карточка контакта; SCR-112 Редактор контакта; SCR-113 Карточка компании; SCR-114 Редактор компании; SCR-115 Каналы связи и адреса; SCR-118 Связанные Task/Project/File; SCR-119 Контекстное меню CRM,FLOW-018 Создание контакта,Audit/security,implementation_matrix.csv wave-b.csv:807 Source='OpenAPI `POST_api_v1_contacts_id_restore`; Stage_3_Field_Traceability_Final_3.5.csv; cross-cutting requirement AUDIT-012'; openapi.yaml operationId POST_api_v1_contacts_id_restore = POST /api/v1/contacts/{id}/restore; traceability 4.5 FR-133 Permission=Contact.Restore,Source field of the matrix row confirms operationId POST_api_v1_contacts_id_restore; method and path verified in openapi.yaml; permission confirmed via traceability FR-133.
wave-b.csv:808,AC-2834,AC,MOD-012,Audit evidence for FR-134,resolved,POST_api_v1_contacts_id_unarchive,POST,/api/v1/contacts/{id}/unarchive,Contact.Update,Task.Application.MOD-012.POST_api_v1_contacts_id_unarchiveHandler,SCR-110 Контакты и компании: список; SCR-111 Карточка контакта; SCR-112 Редактор контакта; SCR-113 Карточка компании; SCR-114 Редактор компании; SCR-115 Каналы связи и адреса; SCR-118 Связанные Task/Project/File; SCR-119 Контекстное меню CRM,FLOW-018 Создание контакта,Audit/security,implementation_matrix.csv wave-b.csv:808 Source='OpenAPI `POST_api_v1_contacts_id_unarchive`; Stage_3_Field_Traceability_Final_3.5.csv; cross-cutting requirement AUDIT-012'; openapi.yaml operationId POST_api_v1_contacts_id_unarchive = POST /api/v1/contacts/{id}/unarchive; traceability 4.5 FR-134 Permission=Contact.Update,Source field of the matrix row confirms operationId POST_api_v1_contacts_id_unarchive; method and path verified in openapi.yaml; permission confirmed via traceability FR-134.
wave-b.csv:809,AC-2835,AC,MOD-012,Audit evidence for FR-258,unresolved,,,,,,SCR-110 Контакты и компании: список; SCR-111 Карточка контакта; SCR-112 Редактор контакта; SCR-113 Карточка компании; SCR-114 Редактор компании; SCR-115 Каналы связи и адреса; SCR-118 Связанные Task/Project/File; SCR-119 Контекстное меню CRM,FLOW-018 Создание контакта,Audit/security,implementation_matrix.csv wave-b.csv:809 title='Audit evidence for FR-258'; traceability 4.5 FR-258 API cell='Desktop-only; использует существующие read/command API при необходимости'.,FR-258 is Desktop-only with no dedicated API operation; the allowed sources confirm no server operation for this AC.
wave-b.csv:946,AC-1659,AC,MOD-013,[STATE-007] Field contract: TagCreate.name respects type/required/nullable/limits/PATCH semantics,unresolved,,,,,,"SCR-035 Комментарии объекта; SCR-067 Проект: комментарии; SCR-116 Interaction timeline; SCR-117 PII policy, object links; SCR-202 Общие comments; SCR-203 Связи и tags",FLOW-037 Создать Interaction,Boundary/contract UI,"implementation_matrix.csv wave-b.csv:946 Source='openapi.yaml:TagCreate.name' (reference to an OpenAPI schema or parameter, no operationId); traceability 4.5 DATA-013 API cell='OpenAPI operations of module' (no operationId).",The source references only an OpenAPI schema/parameter; the field-to-operation mapping is not confirmed by the allowed sources; no operationId to report.
wave-b.csv:947,AC-1660,AC,MOD-013,[STATE-007] Field contract: TagPatch.name respects type/required/nullable/limits/PATCH semantics,unresolved,,,,,,"SCR-035 Комментарии объекта; SCR-067 Проект: комментарии; SCR-116 Interaction timeline; SCR-117 PII policy, object links; SCR-202 Общие comments; SCR-203 Связи и tags",FLOW-037 Создать Interaction,Boundary/contract UI,"implementation_matrix.csv wave-b.csv:947 Source='openapi.yaml:TagPatch.name' (reference to an OpenAPI schema or parameter, no operationId); traceability 4.5 DATA-013 API cell='OpenAPI operations of module' (no operationId).",The source references only an OpenAPI schema/parameter; the field-to-operation mapping is not confirmed by the allowed sources; no operationId to report.
wave-b.csv:948,AC-1661,AC,MOD-013,[STATE-007] Field contract: TagCreate.description respects type/required/nullable/limits/PATCH semantics,unresolved,,,,,,"SCR-035 Комментарии объекта; SCR-067 Проект: комментарии; SCR-116 Interaction timeline; SCR-117 PII policy, object links; SCR-202 Общие comments; SCR-203 Связи и tags",FLOW-037 Создать Interaction,Boundary/contract UI,"implementation_matrix.csv wave-b.csv:948 Source='openapi.yaml:TagCreate.description' (reference to an OpenAPI schema or parameter, no operationId); traceability 4.5 DATA-013 API cell='OpenAPI operations of module' (no operationId).",The source references only an OpenAPI schema/parameter; the field-to-operation mapping is not confirmed by the allowed sources; no operationId to report.
wave-b.csv:949,AC-1662,AC,MOD-013,[STATE-007] Field contract: TagPatch.description respects type/required/nullable/limits/PATCH semantics,unresolved,,,,,,"SCR-035 Комментарии объекта; SCR-067 Проект: комментарии; SCR-116 Interaction timeline; SCR-117 PII policy, object links; SCR-202 Общие comments; SCR-203 Связи и tags",FLOW-037 Создать Interaction,Boundary/contract UI,"implementation_matrix.csv wave-b.csv:949 Source='openapi.yaml:TagPatch.description' (reference to an OpenAPI schema or parameter, no operationId); traceability 4.5 DATA-013 API cell='OpenAPI operations of module' (no operationId).",The source references only an OpenAPI schema/parameter; the field-to-operation mapping is not confirmed by the allowed sources; no operationId to report.
wave-b.csv:950,AC-1663,AC,MOD-013,[STATE-007] Field contract: CommentCreate.status respects type/required/nullable/limits/PATCH semantics,unresolved,,,,,,"SCR-035 Комментарии объекта; SCR-067 Проект: комментарии; SCR-116 Interaction timeline; SCR-117 PII policy, object links; SCR-202 Общие comments; SCR-203 Связи и tags",FLOW-037 Создать Interaction,Boundary/contract UI,"implementation_matrix.csv wave-b.csv:950 Source='openapi.yaml:CommentCreate.status' (reference to an OpenAPI schema or parameter, no operationId); traceability 4.5 DATA-013 API cell='OpenAPI operations of module' (no operationId).",The source references only an OpenAPI schema/parameter; the field-to-operation mapping is not confirmed by the allowed sources; no operationId to report.
wave-b.csv:951,AC-1664,AC,MOD-013,[STATE-007] Field contract: CommentPatch.status respects type/required/nullable/limits/PATCH semantics,unresolved,,,,,,"SCR-035 Комментарии объекта; SCR-067 Проект: комментарии; SCR-116 Interaction timeline; SCR-117 PII policy, object links; SCR-202 Общие comments; SCR-203 Связи и tags",FLOW-037 Создать Interaction,Boundary/contract UI,"implementation_matrix.csv wave-b.csv:951 Source='openapi.yaml:CommentPatch.status' (reference to an OpenAPI schema or parameter, no operationId); traceability 4.5 DATA-013 API cell='OpenAPI operations of module' (no operationId).",The source references only an OpenAPI schema/parameter; the field-to-operation mapping is not confirmed by the allowed sources; no operationId to report.
wave-b.csv:952,AC-1665,AC,MOD-013,[STATE-007] Field contract: (query parameters).type respects type/required/nullable/limits/PATCH semantics,resolved,GET_api_v1_objects_objectId_links,GET,/api/v1/objects/{objectId}/links,ObjectLink.Read,Task.Application.MOD-013.GET_api_v1_objects_objectId_linksHandler,"SCR-035 Комментарии объекта; SCR-067 Проект: комментарии; SCR-116 Interaction timeline; SCR-117 PII policy, object links; SCR-202 Общие comments; SCR-203 Связи и tags",FLOW-037 Создать Interaction,Boundary/contract UI,implementation_matrix.csv wave-b.csv:952 Source='openapi.yaml#/paths//api/v1/objects/{objectId}/links/get/parameters/type' (exact OpenAPI path+method of the parameter); openapi.yaml maps GET /api/v1/objects/{objectId}/links to operationId GET_api_v1_objects_objectId_links; traceability 4.5 FR-149 Permission=ObjectLink.Read,Matrix row Source references the exact path+method in openapi.yaml; operationId GET_api_v1_objects_objectId_links resolved from openapi.yaml at that path; permission confirmed via traceability FR-149.
wave-b.csv:953,AC-1666,AC,MOD-013,[STATE-007] Field contract: ObjectLinkCreate.linkType respects type/required/nullable/limits/PATCH semantics,resolved,POST_api_v1_objects_objectId_links,POST,/api/v1/objects/{objectId}/links,ObjectLink.Create,Task.Application.MOD-013.POST_api_v1_objects_objectId_linksHandler,"SCR-035 Комментарии объекта; SCR-067 Проект: комментарии; SCR-116 Interaction timeline; SCR-117 PII policy, object links; SCR-202 Общие comments; SCR-203 Связи и tags",FLOW-037 Создать Interaction,Boundary/contract UI,implementation_matrix.csv wave-b.csv:953 Source='dto_field_catalog.csv:ObjectLinkCreate.linkType; openapi.yaml operation POST_api_v1_objects_objectId_links'; openapi.yaml operationId POST_api_v1_objects_objectId_links = POST /api/v1/objects/{objectId}/links; traceability 4.5 FR-150 Permission=ObjectLink.Create,Source field of the matrix row confirms operationId POST_api_v1_objects_objectId_links; method and path verified in openapi.yaml; permission confirmed via traceability FR-150.
wave-b.csv:954,AC-1667,AC,MOD-013,[STATE-007] Field contract: ObjectLinkCreate.sourceObjectId respects type/required/nullable/limits/PATCH semantics,resolved,POST_api_v1_objects_objectId_links,POST,/api/v1/objects/{objectId}/links,ObjectLink.Create,Task.Application.MOD-013.POST_api_v1_objects_objectId_linksHandler,"SCR-035 Комментарии объекта; SCR-067 Проект: комментарии; SCR-116 Interaction timeline; SCR-117 PII policy, object links; SCR-202 Общие comments; SCR-203 Связи и tags",FLOW-037 Создать Interaction,Boundary/contract UI,implementation_matrix.csv wave-b.csv:954 Source='dto_field_catalog.csv:ObjectLinkCreate.sourceObjectId; openapi.yaml operation POST_api_v1_objects_objectId_links'; openapi.yaml operationId POST_api_v1_objects_objectId_links = POST /api/v1/objects/{objectId}/links; traceability 4.5 FR-150 Permission=ObjectLink.Create,Source field of the matrix row confirms operationId POST_api_v1_objects_objectId_links; method and path verified in openapi.yaml; permission confirmed via traceability FR-150.
wave-b.csv:955,AC-1668,AC,MOD-013,[STATE-007] Field contract: ObjectLinkCreate.targetObjectId respects type/required/nullable/limits/PATCH semantics,resolved,POST_api_v1_objects_objectId_links,POST,/api/v1/objects/{objectId}/links,ObjectLink.Create,Task.Application.MOD-013.POST_api_v1_objects_objectId_linksHandler,"SCR-035 Комментарии объекта; SCR-067 Проект: комментарии; SCR-116 Interaction timeline; SCR-117 PII policy, object links; SCR-202 Общие comments; SCR-203 Связи и tags",FLOW-037 Создать Interaction,Boundary/contract UI,implementation_matrix.csv wave-b.csv:955 Source='dto_field_catalog.csv:ObjectLinkCreate.targetObjectId; openapi.yaml operation POST_api_v1_objects_objectId_links'; openapi.yaml operationId POST_api_v1_objects_objectId_links = POST /api/v1/objects/{objectId}/links; traceability 4.5 FR-150 Permission=ObjectLink.Create,Source field of the matrix row confirms operationId POST_api_v1_objects_objectId_links; method and path verified in openapi.yaml; permission confirmed via traceability FR-150.
wave-b.csv:956,AC-1669,AC,MOD-013,[STATE-007] Field contract: TagIds.tagIds respects type/required/nullable/limits/PATCH semantics,resolved,PUT_api_v1_objects_objectId_tags,PUT,/api/v1/objects/{objectId}/tags,Tag.Assign,Task.Application.MOD-013.PUT_api_v1_objects_objectId_tagsHandler,"SCR-035 Комментарии объекта; SCR-067 Проект: комментарии; SCR-116 Interaction timeline; SCR-117 PII policy, object links; SCR-202 Общие comments; SCR-203 Связи и tags",FLOW-037 Создать Interaction,Boundary/contract UI,implementation_matrix.csv wave-b.csv:956 Source='dto_field_catalog.csv:TagIds.tagIds; openapi.yaml operation PUT_api_v1_objects_objectId_tags'; openapi.yaml operationId PUT_api_v1_objects_objectId_tags = PUT /api/v1/objects/{objectId}/tags; traceability 4.5 FR-152 Permission=Tag.Assign,Source field of the matrix row confirms operationId PUT_api_v1_objects_objectId_tags; method and path verified in openapi.yaml; permission confirmed via traceability FR-152.
wave-b.csv:957,AC-1670,AC,MOD-013,[STATE-007] Field contract: CommentCreate.body respects type/required/nullable/limits/PATCH semantics,unresolved,,,,,,"SCR-035 Комментарии объекта; SCR-067 Проект: комментарии; SCR-116 Interaction timeline; SCR-117 PII policy, object links; SCR-202 Общие comments; SCR-203 Связи и tags",FLOW-037 Создать Interaction,Boundary/contract UI,"implementation_matrix.csv wave-b.csv:957 Source='openapi.yaml:CommentCreate.body' (reference to an OpenAPI schema or parameter, no operationId); traceability 4.5 DATA-013 API cell='OpenAPI operations of module' (no operationId).",The source references only an OpenAPI schema/parameter; the field-to-operation mapping is not confirmed by the allowed sources; no operationId to report.
wave-b.csv:958,AC-1671,AC,MOD-013,[STATE-007] Field contract: InteractionCreate.counterpartyObjectId respects type/required/nullable/limits/PATCH semantics,unresolved,,,,,,"SCR-035 Комментарии объекта; SCR-067 Проект: комментарии; SCR-116 Interaction timeline; SCR-117 PII policy, object links; SCR-202 Общие comments; SCR-203 Связи и tags",FLOW-037 Создать Interaction,Boundary/contract UI,"implementation_matrix.csv wave-b.csv:958 Source='openapi.yaml:InteractionCreate.counterpartyObjectId' (reference to an OpenAPI schema or parameter, no operationId); traceability 4.5 DATA-013 API cell='OpenAPI operations of module' (no operationId).",The source references only an OpenAPI schema/parameter; the field-to-operation mapping is not confirmed by the allowed sources; no operationId to report.
wave-b.csv:959,AC-1672,AC,MOD-013,[STATE-007] Field contract: InteractionCreate.interactionType respects type/required/nullable/limits/PATCH semantics,unresolved,,,,,,"SCR-035 Комментарии объекта; SCR-067 Проект: комментарии; SCR-116 Interaction timeline; SCR-117 PII policy, object links; SCR-202 Общие comments; SCR-203 Связи и tags",FLOW-037 Создать Interaction,Boundary/contract UI,"implementation_matrix.csv wave-b.csv:959 Source='openapi.yaml:InteractionCreate.interactionType' (reference to an OpenAPI schema or parameter, no operationId); traceability 4.5 DATA-013 API cell='OpenAPI operations of module' (no operationId).",The source references only an OpenAPI schema/parameter; the field-to-operation mapping is not confirmed by the allowed sources; no operationId to report.
wave-b.csv:960,AC-1673,AC,MOD-013,[STATE-007] Field contract: InteractionCreate.occurredAt respects type/required/nullable/limits/PATCH semantics,unresolved,,,,,,"SCR-035 Комментарии объекта; SCR-067 Проект: комментарии; SCR-116 Interaction timeline; SCR-117 PII policy, object links; SCR-202 Общие comments; SCR-203 Связи и tags",FLOW-037 Создать Interaction,Boundary/contract UI,"implementation_matrix.csv wave-b.csv:960 Source='openapi.yaml:InteractionCreate.occurredAt' (reference to an OpenAPI schema or parameter, no operationId); traceability 4.5 DATA-013 API cell='OpenAPI operations of module' (no operationId).",The source references only an OpenAPI schema/parameter; the field-to-operation mapping is not confirmed by the allowed sources; no operationId to report.
wave-b.csv:961,AC-1674,AC,MOD-013,[STATE-007] Field contract: InteractionCreate.subject respects type/required/nullable/limits/PATCH semantics,unresolved,,,,,,"SCR-035 Комментарии объекта; SCR-067 Проект: комментарии; SCR-116 Interaction timeline; SCR-117 PII policy, object links; SCR-202 Общие comments; SCR-203 Связи и tags",FLOW-037 Создать Interaction,Boundary/contract UI,"implementation_matrix.csv wave-b.csv:961 Source='openapi.yaml:InteractionCreate.subject' (reference to an OpenAPI schema or parameter, no operationId); traceability 4.5 DATA-013 API cell='OpenAPI operations of module' (no operationId).",The source references only an OpenAPI schema/parameter; the field-to-operation mapping is not confirmed by the allowed sources; no operationId to report.
wave-b.csv:962,AC-1675,AC,MOD-013,[STATE-007] Field contract: InteractionParticipants.participantObjectIds respects type/required/nullable/limits/PATCH semantics,unresolved,,,,,,"SCR-035 Комментарии объекта; SCR-067 Проект: комментарии; SCR-116 Interaction timeline; SCR-117 PII policy, object links; SCR-202 Общие comments; SCR-203 Связи и tags",FLOW-037 Создать Interaction,Boundary/contract UI,"implementation_matrix.csv wave-b.csv:962 Source='openapi.yaml:InteractionParticipants.participantObjectIds' (reference to an OpenAPI schema or parameter, no operationId); traceability 4.5 DATA-013 API cell='OpenAPI operations of module' (no operationId).",The source references only an OpenAPI schema/parameter; the field-to-operation mapping is not confirmed by the allowed sources; no operationId to report.
wave-b.csv:963,AC-1676,AC,MOD-013,[STATE-007/Trashed (Stage 3.5 State Matrix)] Field contract: RestoreRequest.expectedVersion respects type/required/nullable/limits/PATCH semantics,unresolved,,,,,,"SCR-035 Комментарии объекта; SCR-067 Проект: комментарии; SCR-116 Interaction timeline; SCR-117 PII policy, object links; SCR-202 Общие comments; SCR-203 Связи и tags",FLOW-037 Создать Interaction,Boundary/contract UI,"implementation_matrix.csv wave-b.csv:963 Source='openapi.yaml:RestoreRequest.expectedVersion' (reference to an OpenAPI schema or parameter, no operationId); traceability 4.5 DATA-013 API cell='OpenAPI operations of module' (no operationId).",The source references only an OpenAPI schema/parameter; the field-to-operation mapping is not confirmed by the allowed sources; no operationId to report.
wave-b.csv:964,AC-1677,AC,MOD-013,[STATE-007/Trashed (Stage 3.5 State Matrix)] Field contract: RestoreRequest.expectedVersion respects type/required/nullable/limits/PATCH semantics,unresolved,,,,,,"SCR-035 Комментарии объекта; SCR-067 Проект: комментарии; SCR-116 Interaction timeline; SCR-117 PII policy, object links; SCR-202 Общие comments; SCR-203 Связи и tags",FLOW-037 Создать Interaction,Boundary/contract UI,"implementation_matrix.csv wave-b.csv:964 Source='openapi.yaml:RestoreRequest.expectedVersion' (reference to an OpenAPI schema or parameter, no operationId); traceability 4.5 DATA-013 API cell='OpenAPI operations of module' (no operationId).",The source references only an OpenAPI schema/parameter; the field-to-operation mapping is not confirmed by the allowed sources; no operationId to report.
wave-b.csv:965,AC-1678,AC,MOD-013,[STATE-007] Field contract: (query parameters).page respects type/required/nullable/limits/PATCH semantics,resolved,GET_api_v1_objects_objectId_links,GET,/api/v1/objects/{objectId}/links,ObjectLink.Read,Task.Application.MOD-013.GET_api_v1_objects_objectId_linksHandler,"SCR-035 Комментарии объекта; SCR-067 Проект: комментарии; SCR-116 Interaction timeline; SCR-117 PII policy, object links; SCR-202 Общие comments; SCR-203 Связи и tags",FLOW-037 Создать Interaction,Boundary/contract UI,implementation_matrix.csv wave-b.csv:965 Source='openapi.yaml#/paths//api/v1/objects/{objectId}/links/get/parameters/page' (exact OpenAPI path+method of the parameter); openapi.yaml maps GET /api/v1/objects/{objectId}/links to operationId GET_api_v1_objects_objectId_links; traceability 4.5 FR-149 Permission=ObjectLink.Read,Matrix row Source references the exact path+method in openapi.yaml; operationId GET_api_v1_objects_objectId_links resolved from openapi.yaml at that path; permission confirmed via traceability FR-149.
wave-b.csv:966,AC-1679,AC,MOD-013,[STATE-007] Field contract: CommentCreate.parentCommentId respects type/required/nullable/limits/PATCH semantics,unresolved,,,,,,"SCR-035 Комментарии объекта; SCR-067 Проект: комментарии; SCR-116 Interaction timeline; SCR-117 PII policy, object links; SCR-202 Общие comments; SCR-203 Связи и tags",FLOW-037 Создать Interaction,Boundary/contract UI,"implementation_matrix.csv wave-b.csv:966 Source='openapi.yaml:CommentCreate.parentCommentId' (reference to an OpenAPI schema or parameter, no operationId); traceability 4.5 DATA-013 API cell='OpenAPI operations of module' (no operationId).",The source references only an OpenAPI schema/parameter; the field-to-operation mapping is not confirmed by the allowed sources; no operationId to report.
wave-b.csv:967,AC-1680,AC,MOD-013,[STATE-007] Field contract: CommentCreate.targetObjectId respects type/required/nullable/limits/PATCH semantics,unresolved,,,,,,"SCR-035 Комментарии объекта; SCR-067 Проект: комментарии; SCR-116 Interaction timeline; SCR-117 PII policy, object links; SCR-202 Общие comments; SCR-203 Связи и tags",FLOW-037 Создать Interaction,Boundary/contract UI,"implementation_matrix.csv wave-b.csv:967 Source='openapi.yaml:CommentCreate.targetObjectId' (reference to an OpenAPI schema or parameter, no operationId); traceability 4.5 DATA-013 API cell='OpenAPI operations of module' (no operationId).",The source references only an OpenAPI schema/parameter; the field-to-operation mapping is not confirmed by the allowed sources; no operationId to report.
wave-b.csv:968,AC-1681,AC,MOD-013,[STATE-007] Field contract: CommentPatch.body respects type/required/nullable/limits/PATCH semantics,unresolved,,,,,,"SCR-035 Комментарии объекта; SCR-067 Проект: комментарии; SCR-116 Interaction timeline; SCR-117 PII policy, object links; SCR-202 Общие comments; SCR-203 Связи и tags",FLOW-037 Создать Interaction,Boundary/contract UI,"implementation_matrix.csv wave-b.csv:968 Source='openapi.yaml:CommentPatch.body' (reference to an OpenAPI schema or parameter, no operationId); traceability 4.5 DATA-013 API cell='OpenAPI operations of module' (no operationId).",The source references only an OpenAPI schema/parameter; the field-to-operation mapping is not confirmed by the allowed sources; no operationId to report.
wave-b.csv:969,AC-1682,AC,MOD-013,[STATE-007] Field contract: CommentPatch.parentCommentId respects type/required/nullable/limits/PATCH semantics,unresolved,,,,,,"SCR-035 Комментарии объекта; SCR-067 Проект: комментарии; SCR-116 Interaction timeline; SCR-117 PII policy, object links; SCR-202 Общие comments; SCR-203 Связи и tags",FLOW-037 Создать Interaction,Boundary/contract UI,"implementation_matrix.csv wave-b.csv:969 Source='openapi.yaml:CommentPatch.parentCommentId' (reference to an OpenAPI schema or parameter, no operationId); traceability 4.5 DATA-013 API cell='OpenAPI operations of module' (no operationId).",The source references only an OpenAPI schema/parameter; the field-to-operation mapping is not confirmed by the allowed sources; no operationId to report.
wave-b.csv:970,AC-1840,AC,MOD-013,Permission denial for FR-135,resolved,POST_api_v1_comments_id_restore,POST,/api/v1/comments/{id}/restore,Comment.Moderate,Task.Application.MOD-013.POST_api_v1_comments_id_restoreHandler,"SCR-035 Комментарии объекта; SCR-067 Проект: комментарии; SCR-116 Interaction timeline; SCR-117 PII policy, object links; SCR-202 Общие comments; SCR-203 Связи и tags",FLOW-037 Создать Interaction,Security/authorization,implementation_matrix.csv wave-b.csv:970 Source='OpenAPI `POST_api_v1_comments_id_restore`; Stage_3_Field_Traceability_Final_3.5.csv; cross-cutting requirement PERM-013'; openapi.yaml operationId POST_api_v1_comments_id_restore = POST /api/v1/comments/{id}/restore; traceability 4.5 FR-135 Permission=Comment.Moderate,Source field of the matrix row confirms operationId POST_api_v1_comments_id_restore; method and path verified in openapi.yaml; permission confirmed via traceability FR-135.
wave-b.csv:971,AC-1861,AC,MOD-013,Stable error handling for FR-135,resolved,POST_api_v1_comments_id_restore,POST,/api/v1/comments/{id}/restore,Comment.Moderate,Task.Application.MOD-013.POST_api_v1_comments_id_restoreHandler,"SCR-035 Комментарии объекта; SCR-067 Проект: комментарии; SCR-116 Interaction timeline; SCR-117 PII policy, object links; SCR-202 Общие comments; SCR-203 Связи и tags",FLOW-037 Создать Interaction,Error handling,implementation_matrix.csv wave-b.csv:971 Source='OpenAPI `POST_api_v1_comments_id_restore`; Stage_3_Field_Traceability_Final_3.5.csv; cross-cutting requirement ERR-013'; openapi.yaml operationId POST_api_v1_comments_id_restore = POST /api/v1/comments/{id}/restore; traceability 4.5 FR-135 Permission=Comment.Moderate,Source field of the matrix row confirms operationId POST_api_v1_comments_id_restore; method and path verified in openapi.yaml; permission confirmed via traceability FR-135.
wave-b.csv:973,AC-1903,AC,MOD-013,Audit evidence for FR-135,resolved,POST_api_v1_comments_id_restore,POST,/api/v1/comments/{id}/restore,Comment.Moderate,Task.Application.MOD-013.POST_api_v1_comments_id_restoreHandler,"SCR-035 Комментарии объекта; SCR-067 Проект: комментарии; SCR-116 Interaction timeline; SCR-117 PII policy, object links; SCR-202 Общие comments; SCR-203 Связи и tags",FLOW-037 Создать Interaction,Audit/security,implementation_matrix.csv wave-b.csv:973 Source='OpenAPI `POST_api_v1_comments_id_restore`; Stage_3_Field_Traceability_Final_3.5.csv; cross-cutting requirement AUDIT-013'; openapi.yaml operationId POST_api_v1_comments_id_restore = POST /api/v1/comments/{id}/restore; traceability 4.5 FR-135 Permission=Comment.Moderate,Source field of the matrix row confirms operationId POST_api_v1_comments_id_restore; method and path verified in openapi.yaml; permission confirmed via traceability FR-135.
wave-b.csv:974,AC-2062,AC,MOD-013,Permission denial for FR-136,resolved,GET_api_v1_comments_id_versions,GET,/api/v1/comments/{id}/versions,History.Read,Task.Application.MOD-013.GET_api_v1_comments_id_versionsHandler,"SCR-035 Комментарии объекта; SCR-067 Проект: комментарии; SCR-116 Interaction timeline; SCR-117 PII policy, object links; SCR-202 Общие comments; SCR-203 Связи и tags",FLOW-037 Создать Interaction,Security/authorization,implementation_matrix.csv wave-b.csv:974 Source='OpenAPI `GET_api_v1_comments_id_versions`; Stage_3_Field_Traceability_Final_3.5.csv; cross-cutting requirement PERM-013'; openapi.yaml operationId GET_api_v1_comments_id_versions = GET /api/v1/comments/{id}/versions; traceability 4.5 FR-136 Permission=History.Read,Source field of the matrix row confirms operationId GET_api_v1_comments_id_versions; method and path verified in openapi.yaml; permission confirmed via traceability FR-136.
wave-b.csv:975,AC-2063,AC,MOD-013,Permission denial for FR-137,resolved,GET_api_v1_objects_objectId_comments,GET,/api/v1/objects/{objectId}/comments,Comment.Read,Task.Application.MOD-013.GET_api_v1_objects_objectId_commentsHandler,"SCR-035 Комментарии объекта; SCR-067 Проект: комментарии; SCR-116 Interaction timeline; SCR-117 PII policy, object links; SCR-202 Общие comments; SCR-203 Связи и tags",FLOW-037 Создать Interaction,Security/authorization,implementation_matrix.csv wave-b.csv:975 Source='OpenAPI `GET_api_v1_objects_objectId_comments`; Stage_3_Field_Traceability_Final_3.5.csv; cross-cutting requirement PERM-013'; openapi.yaml operationId GET_api_v1_objects_objectId_comments = GET /api/v1/objects/{objectId}/comments; traceability 4.5 FR-137 Permission=Comment.Read,Source field of the matrix row confirms operationId GET_api_v1_objects_objectId_comments; method and path verified in openapi.yaml; permission confirmed via traceability FR-137.
wave-b.csv:976,AC-2064,AC,MOD-013,Permission denial for FR-138,resolved,POST_api_v1_objects_objectId_comments,POST,/api/v1/objects/{objectId}/comments,Comment.Create,Task.Application.MOD-013.POST_api_v1_objects_objectId_commentsHandler,"SCR-035 Комментарии объекта; SCR-067 Проект: комментарии; SCR-116 Interaction timeline; SCR-117 PII policy, object links; SCR-202 Общие comments; SCR-203 Связи и tags",FLOW-037 Создать Interaction,Security/authorization,implementation_matrix.csv wave-b.csv:976 Source='OpenAPI `POST_api_v1_objects_objectId_comments`; Stage_3_Field_Traceability_Final_3.5.csv; cross-cutting requirement PERM-013'; openapi.yaml operationId POST_api_v1_objects_objectId_comments = POST /api/v1/objects/{objectId}/comments; traceability 4.5 FR-138 Permission=Comment.Create,Source field of the matrix row confirms operationId POST_api_v1_objects_objectId_comments; method and path verified in openapi.yaml; permission confirmed via traceability FR-138.
wave-b.csv:977,AC-2065,AC,MOD-013,Permission denial for FR-139,resolved,DELETE_api_v1_objects_objectId_comments_id,DELETE,/api/v1/objects/{objectId}/comments/{id},Comment.DeleteOwnOrModerate,Task.Application.MOD-013.DELETE_api_v1_objects_objectId_comments_idHandler,"SCR-035 Комментарии объекта; SCR-067 Проект: комментарии; SCR-116 Interaction timeline; SCR-117 PII policy, object links; SCR-202 Общие comments; SCR-203 Связи и tags",FLOW-037 Создать Interaction,Security/authorization,implementation_matrix.csv wave-b.csv:977 Source='OpenAPI `DELETE_api_v1_objects_objectId_comments_id`; Stage_3_Field_Traceability_Final_3.5.csv; cross-cutting requirement PERM-013'; openapi.yaml operationId DELETE_api_v1_objects_objectId_comments_id = DELETE /api/v1/objects/{objectId}/comments/{id}; traceability 4.5 FR-139 Permission=Comment.DeleteOwnOrModerate,Source field of the matrix row confirms operationId DELETE_api_v1_objects_objectId_comments_id; method and path verified in openapi.yaml; permission confirmed via traceability FR-139.
wave-b.csv:978,AC-2066,AC,MOD-013,Permission denial for FR-140,resolved,GET_api_v1_objects_objectId_comments_id,GET,/api/v1/objects/{objectId}/comments/{id},Comment.Read,Task.Application.MOD-013.GET_api_v1_objects_objectId_comments_idHandler,"SCR-035 Комментарии объекта; SCR-067 Проект: комментарии; SCR-116 Interaction timeline; SCR-117 PII policy, object links; SCR-202 Общие comments; SCR-203 Связи и tags",FLOW-037 Создать Interaction,Security/authorization,implementation_matrix.csv wave-b.csv:978 Source='OpenAPI `GET_api_v1_objects_objectId_comments_id`; Stage_3_Field_Traceability_Final_3.5.csv; cross-cutting requirement PERM-013'; openapi.yaml operationId GET_api_v1_objects_objectId_comments_id = GET /api/v1/objects/{objectId}/comments/{id}; traceability 4.5 FR-140 Permission=Comment.Read,Source field of the matrix row confirms operationId GET_api_v1_objects_objectId_comments_id; method and path verified in openapi.yaml; permission confirmed via traceability FR-140.
wave-b.csv:979,AC-2067,AC,MOD-013,Permission denial for FR-141,resolved,PATCH_api_v1_objects_objectId_comments_id,PATCH,/api/v1/objects/{objectId}/comments/{id},Comment.UpdateOwnOrModerate,Task.Application.MOD-013.PATCH_api_v1_objects_objectId_comments_idHandler,"SCR-035 Комментарии объекта; SCR-067 Проект: комментарии; SCR-116 Interaction timeline; SCR-117 PII policy, object links; SCR-202 Общие comments; SCR-203 Связи и tags",FLOW-037 Создать Interaction,Security/authorization,implementation_matrix.csv wave-b.csv:979 Source='OpenAPI `PATCH_api_v1_objects_objectId_comments_id`; Stage_3_Field_Traceability_Final_3.5.csv; cross-cutting requirement PERM-013'; openapi.yaml operationId PATCH_api_v1_objects_objectId_comments_id = PATCH /api/v1/objects/{objectId}/comments/{id}; traceability 4.5 FR-141 Permission=Comment.UpdateOwnOrModerate,Source field of the matrix row confirms operationId PATCH_api_v1_objects_objectId_comments_id; method and path verified in openapi.yaml; permission confirmed via traceability FR-141.
wave-b.csv:980,AC-2068,AC,MOD-013,Permission denial for FR-142,resolved,GET_api_v1_interactions,GET,/api/v1/interactions,Contact.Read,Task.Application.MOD-013.GET_api_v1_interactionsHandler,"SCR-035 Комментарии объекта; SCR-067 Проект: комментарии; SCR-116 Interaction timeline; SCR-117 PII policy, object links; SCR-202 Общие comments; SCR-203 Связи и tags",FLOW-037 Создать Interaction,Security/authorization,implementation_matrix.csv wave-b.csv:980 Source='OpenAPI `GET_api_v1_interactions`; Stage_3_Field_Traceability_Final_3.5.csv; cross-cutting requirement PERM-013'; openapi.yaml operationId GET_api_v1_interactions = GET /api/v1/interactions; traceability 4.5 FR-142 Permission=Contact.Read,Source field of the matrix row confirms operationId GET_api_v1_interactions; method and path verified in openapi.yaml; permission confirmed via traceability FR-142.
wave-b.csv:981,AC-2069,AC,MOD-013,Permission denial for FR-143,resolved,POST_api_v1_interactions,POST,/api/v1/interactions,Interaction.Create,Task.Application.MOD-013.POST_api_v1_interactionsHandler,"SCR-035 Комментарии объекта; SCR-067 Проект: комментарии; SCR-116 Interaction timeline; SCR-117 PII policy, object links; SCR-202 Общие comments; SCR-203 Связи и tags",FLOW-037 Создать Interaction,Security/authorization,implementation_matrix.csv wave-b.csv:981 Source='OpenAPI `POST_api_v1_interactions`; Stage_3_Field_Traceability_Final_3.5.csv; cross-cutting requirement PERM-013'; openapi.yaml operationId POST_api_v1_interactions = POST /api/v1/interactions; traceability 4.5 FR-143 Permission=Interaction.Create,Source field of the matrix row confirms operationId POST_api_v1_interactions; method and path verified in openapi.yaml; permission confirmed via traceability FR-143.
wave-b.csv:982,AC-2070,AC,MOD-013,Permission denial for FR-144,resolved,DELETE_api_v1_interactions_id,DELETE,/api/v1/interactions/{id},Interaction.Update,Task.Application.MOD-013.DELETE_api_v1_interactions_idHandler,"SCR-035 Комментарии объекта; SCR-067 Проект: комментарии; SCR-116 Interaction timeline; SCR-117 PII policy, object links; SCR-202 Общие comments; SCR-203 Связи и tags",FLOW-037 Создать Interaction,Security/authorization,implementation_matrix.csv wave-b.csv:982 Source='OpenAPI `DELETE_api_v1_interactions_id`; Stage_3_Field_Traceability_Final_3.5.csv; cross-cutting requirement PERM-013'; openapi.yaml operationId DELETE_api_v1_interactions_id = DELETE /api/v1/interactions/{id}; traceability 4.5 FR-144 Permission=Interaction.Update,Source field of the matrix row confirms operationId DELETE_api_v1_interactions_id; method and path verified in openapi.yaml; permission confirmed via traceability FR-144.
wave-b.csv:983,AC-2071,AC,MOD-013,Permission denial for FR-145,resolved,GET_api_v1_interactions_id,GET,/api/v1/interactions/{id},Contact.Read,Task.Application.MOD-013.GET_api_v1_interactions_idHandler,"SCR-035 Комментарии объекта; SCR-067 Проект: комментарии; SCR-116 Interaction timeline; SCR-117 PII policy, object links; SCR-202 Общие comments; SCR-203 Связи и tags",FLOW-037 Создать Interaction,Security/authorization,implementation_matrix.csv wave-b.csv:983 Source='OpenAPI `GET_api_v1_interactions_id`; Stage_3_Field_Traceability_Final_3.5.csv; cross-cutting requirement PERM-013'; openapi.yaml operationId GET_api_v1_interactions_id = GET /api/v1/interactions/{id}; traceability 4.5 FR-145 Permission=Contact.Read,Source field of the matrix row confirms operationId GET_api_v1_interactions_id; method and path verified in openapi.yaml; permission confirmed via traceability FR-145.
wave-b.csv:984,AC-2072,AC,MOD-013,Permission denial for FR-146,resolved,PATCH_api_v1_interactions_id,PATCH,/api/v1/interactions/{id},Interaction.Update,Task.Application.MOD-013.PATCH_api_v1_interactions_idHandler,"SCR-035 Комментарии объекта; SCR-067 Проект: комментарии; SCR-116 Interaction timeline; SCR-117 PII policy, object links; SCR-202 Общие comments; SCR-203 Связи и tags",FLOW-037 Создать Interaction,Security/authorization,implementation_matrix.csv wave-b.csv:984 Source='OpenAPI `PATCH_api_v1_interactions_id`; Stage_3_Field_Traceability_Final_3.5.csv; cross-cutting requirement PERM-013'; openapi.yaml operationId PATCH_api_v1_interactions_id = PATCH /api/v1/interactions/{id}; traceability 4.5 FR-146 Permission=Interaction.Update,Source field of the matrix row confirms operationId PATCH_api_v1_interactions_id; method and path verified in openapi.yaml; permission confirmed via traceability FR-146.
wave-b.csv:985,AC-2073,AC,MOD-013,Permission denial for FR-147,resolved,PUT_api_v1_interactions_id_participants,PUT,/api/v1/interactions/{id}/participants,Interaction.Update,Task.Application.MOD-013.PUT_api_v1_interactions_id_participantsHandler,"SCR-035 Комментарии объекта; SCR-067 Проект: комментарии; SCR-116 Interaction timeline; SCR-117 PII policy, object links; SCR-202 Общие comments; SCR-203 Связи и tags",FLOW-037 Создать Interaction,Security/authorization,implementation_matrix.csv wave-b.csv:985 Source='OpenAPI `PUT_api_v1_interactions_id_participants`; Stage_3_Field_Traceability_Final_3.5.csv; cross-cutting requirement PERM-013'; openapi.yaml operationId PUT_api_v1_interactions_id_participants = PUT /api/v1/interactions/{id}/participants; traceability 4.5 FR-147 Permission=Interaction.Update,Source field of the matrix row confirms operationId PUT_api_v1_interactions_id_participants; method and path verified in openapi.yaml; permission confirmed via traceability FR-147.
wave-b.csv:986,AC-2074,AC,MOD-013,Permission denial for FR-148,resolved,POST_api_v1_interactions_id_restore,POST,/api/v1/interactions/{id}/restore,Interaction.Update,Task.Application.MOD-013.POST_api_v1_interactions_id_restoreHandler,"SCR-035 Комментарии объекта; SCR-067 Проект: комментарии; SCR-116 Interaction timeline; SCR-117 PII policy, object links; SCR-202 Общие comments; SCR-203 Связи и tags",FLOW-037 Создать Interaction,Security/authorization,implementation_matrix.csv wave-b.csv:986 Source='OpenAPI `POST_api_v1_interactions_id_restore`; Stage_3_Field_Traceability_Final_3.5.csv; cross-cutting requirement PERM-013'; openapi.yaml operationId POST_api_v1_interactions_id_restore = POST /api/v1/interactions/{id}/restore; traceability 4.5 FR-148 Permission=Interaction.Update,Source field of the matrix row confirms operationId POST_api_v1_interactions_id_restore; method and path verified in openapi.yaml; permission confirmed via traceability FR-148.
wave-b.csv:987,AC-2075,AC,MOD-013,Permission denial for FR-149,resolved,GET_api_v1_objects_objectId_links,GET,/api/v1/objects/{objectId}/links,ObjectLink.Read,Task.Application.MOD-013.GET_api_v1_objects_objectId_linksHandler,"SCR-035 Комментарии объекта; SCR-067 Проект: комментарии; SCR-116 Interaction timeline; SCR-117 PII policy, object links; SCR-202 Общие comments; SCR-203 Связи и tags",FLOW-037 Создать Interaction,Security/authorization,implementation_matrix.csv wave-b.csv:987 Source='OpenAPI `GET_api_v1_objects_objectId_links`; Stage_3_Field_Traceability_Final_3.5.csv; cross-cutting requirement PERM-013'; openapi.yaml operationId GET_api_v1_objects_objectId_links = GET /api/v1/objects/{objectId}/links; traceability 4.5 FR-149 Permission=ObjectLink.Read,Source field of the matrix row confirms operationId GET_api_v1_objects_objectId_links; method and path verified in openapi.yaml; permission confirmed via traceability FR-149.
wave-b.csv:988,AC-2076,AC,MOD-013,Permission denial for FR-150,resolved,POST_api_v1_objects_objectId_links,POST,/api/v1/objects/{objectId}/links,ObjectLink.Create,Task.Application.MOD-013.POST_api_v1_objects_objectId_linksHandler,"SCR-035 Комментарии объекта; SCR-067 Проект: комментарии; SCR-116 Interaction timeline; SCR-117 PII policy, object links; SCR-202 Общие comments; SCR-203 Связи и tags",FLOW-037 Создать Interaction,Security/authorization,implementation_matrix.csv wave-b.csv:988 Source='OpenAPI `POST_api_v1_objects_objectId_links`; Stage_3_Field_Traceability_Final_3.5.csv; cross-cutting requirement PERM-013'; openapi.yaml operationId POST_api_v1_objects_objectId_links = POST /api/v1/objects/{objectId}/links; traceability 4.5 FR-150 Permission=ObjectLink.Create,Source field of the matrix row confirms operationId POST_api_v1_objects_objectId_links; method and path verified in openapi.yaml; permission confirmed via traceability FR-150.
wave-b.csv:989,AC-2077,AC,MOD-013,Permission denial for FR-151,resolved,DELETE_api_v1_objects_objectId_links_linkId,DELETE,/api/v1/objects/{objectId}/links/{linkId},ObjectLink.Delete,Task.Application.MOD-013.DELETE_api_v1_objects_objectId_links_linkIdHandler,"SCR-035 Комментарии объекта; SCR-067 Проект: комментарии; SCR-116 Interaction timeline; SCR-117 PII policy, object links; SCR-202 Общие comments; SCR-203 Связи и tags",FLOW-037 Создать Interaction,Security/authorization,implementation_matrix.csv wave-b.csv:989 Source='OpenAPI `DELETE_api_v1_objects_objectId_links_linkId`; Stage_3_Field_Traceability_Final_3.5.csv; cross-cutting requirement PERM-013'; openapi.yaml operationId DELETE_api_v1_objects_objectId_links_linkId = DELETE /api/v1/objects/{objectId}/links/{linkId}; traceability 4.5 FR-151 Permission=ObjectLink.Delete,Source field of the matrix row confirms operationId DELETE_api_v1_objects_objectId_links_linkId; method and path verified in openapi.yaml; permission confirmed via traceability FR-151.
wave-b.csv:990,AC-2078,AC,MOD-013,Permission denial for FR-152,resolved,PUT_api_v1_objects_objectId_tags,PUT,/api/v1/objects/{objectId}/tags,Tag.Assign,Task.Application.MOD-013.PUT_api_v1_objects_objectId_tagsHandler,"SCR-035 Комментарии объекта; SCR-067 Проект: комментарии; SCR-116 Interaction timeline; SCR-117 PII policy, object links; SCR-202 Общие comments; SCR-203 Связи и tags",FLOW-037 Создать Interaction,Security/authorization,implementation_matrix.csv wave-b.csv:990 Source='OpenAPI `PUT_api_v1_objects_objectId_tags`; Stage_3_Field_Traceability_Final_3.5.csv; cross-cutting requirement PERM-013'; openapi.yaml operationId PUT_api_v1_objects_objectId_tags = PUT /api/v1/objects/{objectId}/tags; traceability 4.5 FR-152 Permission=Tag.Assign,Source field of the matrix row confirms operationId PUT_api_v1_objects_objectId_tags; method and path verified in openapi.yaml; permission confirmed via traceability FR-152.
wave-b.csv:991,AC-2079,AC,MOD-013,Permission denial for FR-153,resolved,GET_api_v1_tags,GET,/api/v1/tags,Tag.Read,Task.Application.MOD-013.GET_api_v1_tagsHandler,"SCR-035 Комментарии объекта; SCR-067 Проект: комментарии; SCR-116 Interaction timeline; SCR-117 PII policy, object links; SCR-202 Общие comments; SCR-203 Связи и tags",FLOW-037 Создать Interaction,Security/authorization,implementation_matrix.csv wave-b.csv:991 Source='OpenAPI `GET_api_v1_tags`; Stage_3_Field_Traceability_Final_3.5.csv; cross-cutting requirement PERM-013'; openapi.yaml operationId GET_api_v1_tags = GET /api/v1/tags; traceability 4.5 FR-153 Permission=Tag.Read,Source field of the matrix row confirms operationId GET_api_v1_tags; method and path verified in openapi.yaml; permission confirmed via traceability FR-153.
wave-b.csv:992,AC-2080,AC,MOD-013,Permission denial for FR-154,resolved,POST_api_v1_tags,POST,/api/v1/tags,Tag.Manage,Task.Application.MOD-013.POST_api_v1_tagsHandler,"SCR-035 Комментарии объекта; SCR-067 Проект: комментарии; SCR-116 Interaction timeline; SCR-117 PII policy, object links; SCR-202 Общие comments; SCR-203 Связи и tags",FLOW-037 Создать Interaction,Security/authorization,implementation_matrix.csv wave-b.csv:992 Source='OpenAPI `POST_api_v1_tags`; Stage_3_Field_Traceability_Final_3.5.csv; cross-cutting requirement PERM-013'; openapi.yaml operationId POST_api_v1_tags = POST /api/v1/tags; traceability 4.5 FR-154 Permission=Tag.Manage,Source field of the matrix row confirms operationId POST_api_v1_tags; method and path verified in openapi.yaml; permission confirmed via traceability FR-154.
wave-b.csv:993,AC-2081,AC,MOD-013,Permission denial for FR-155,resolved,DELETE_api_v1_tags_id,DELETE,/api/v1/tags/{id},Tag.Manage,Task.Application.MOD-013.DELETE_api_v1_tags_idHandler,"SCR-035 Комментарии объекта; SCR-067 Проект: комментарии; SCR-116 Interaction timeline; SCR-117 PII policy, object links; SCR-202 Общие comments; SCR-203 Связи и tags",FLOW-037 Создать Interaction,Security/authorization,implementation_matrix.csv wave-b.csv:993 Source='OpenAPI `DELETE_api_v1_tags_id`; Stage_3_Field_Traceability_Final_3.5.csv; cross-cutting requirement PERM-013'; openapi.yaml operationId DELETE_api_v1_tags_id = DELETE /api/v1/tags/{id}; traceability 4.5 FR-155 Permission=Tag.Manage,Source field of the matrix row confirms operationId DELETE_api_v1_tags_id; method and path verified in openapi.yaml; permission confirmed via traceability FR-155.
wave-b.csv:994,AC-2082,AC,MOD-013,Permission denial for FR-156,resolved,GET_api_v1_tags_id,GET,/api/v1/tags/{id},Tag.Read,Task.Application.MOD-013.GET_api_v1_tags_idHandler,"SCR-035 Комментарии объекта; SCR-067 Проект: комментарии; SCR-116 Interaction timeline; SCR-117 PII policy, object links; SCR-202 Общие comments; SCR-203 Связи и tags",FLOW-037 Создать Interaction,Security/authorization,implementation_matrix.csv wave-b.csv:994 Source='OpenAPI `GET_api_v1_tags_id`; Stage_3_Field_Traceability_Final_3.5.csv; cross-cutting requirement PERM-013'; openapi.yaml operationId GET_api_v1_tags_id = GET /api/v1/tags/{id}; traceability 4.5 FR-156 Permission=Tag.Read,Source field of the matrix row confirms operationId GET_api_v1_tags_id; method and path verified in openapi.yaml; permission confirmed via traceability FR-156.
wave-b.csv:995,AC-2083,AC,MOD-013,Permission denial for FR-157,resolved,PATCH_api_v1_tags_id,PATCH,/api/v1/tags/{id},Tag.Manage,Task.Application.MOD-013.PATCH_api_v1_tags_idHandler,"SCR-035 Комментарии объекта; SCR-067 Проект: комментарии; SCR-116 Interaction timeline; SCR-117 PII policy, object links; SCR-202 Общие comments; SCR-203 Связи и tags",FLOW-037 Создать Interaction,Security/authorization,implementation_matrix.csv wave-b.csv:995 Source='OpenAPI `PATCH_api_v1_tags_id`; Stage_3_Field_Traceability_Final_3.5.csv; cross-cutting requirement PERM-013'; openapi.yaml operationId PATCH_api_v1_tags_id = PATCH /api/v1/tags/{id}; traceability 4.5 FR-157 Permission=Tag.Manage,Source field of the matrix row confirms operationId PATCH_api_v1_tags_id; method and path verified in openapi.yaml; permission confirmed via traceability FR-157.
wave-b.csv:996,AC-2084,AC,MOD-013,Permission denial for FR-158,resolved,POST_api_v1_tags_id_restore,POST,/api/v1/tags/{id}/restore,Tag.Manage,Task.Application.MOD-013.POST_api_v1_tags_id_restoreHandler,"SCR-035 Комментарии объекта; SCR-067 Проект: комментарии; SCR-116 Interaction timeline; SCR-117 PII policy, object links; SCR-202 Общие comments; SCR-203 Связи и tags",FLOW-037 Создать Interaction,Security/authorization,implementation_matrix.csv wave-b.csv:996 Source='OpenAPI `POST_api_v1_tags_id_restore`; Stage_3_Field_Traceability_Final_3.5.csv; cross-cutting requirement PERM-013'; openapi.yaml operationId POST_api_v1_tags_id_restore = POST /api/v1/tags/{id}/restore; traceability 4.5 FR-158 Permission=Tag.Manage,Source field of the matrix row confirms operationId POST_api_v1_tags_id_restore; method and path verified in openapi.yaml; permission confirmed via traceability FR-158.
wave-b.csv:997,AC-2085,AC,MOD-013,Permission denial for FR-259,unresolved,,,,,,"SCR-035 Комментарии объекта; SCR-067 Проект: комментарии; SCR-116 Interaction timeline; SCR-117 PII policy, object links; SCR-202 Общие comments; SCR-203 Связи и tags",FLOW-037 Создать Interaction,Security/authorization,implementation_matrix.csv wave-b.csv:997 title='Permission denial for FR-259'; traceability 4.5 FR-259 API cell='Desktop-only; использует существующие read/command API при необходимости'.,FR-259 is Desktop-only with no dedicated API operation; the allowed sources confirm no server operation for this AC.
wave-b.csv:998,AC-2320,AC,MOD-013,Stable error handling for FR-136,resolved,GET_api_v1_comments_id_versions,GET,/api/v1/comments/{id}/versions,History.Read,Task.Application.MOD-013.GET_api_v1_comments_id_versionsHandler,"SCR-035 Комментарии объекта; SCR-067 Проект: комментарии; SCR-116 Interaction timeline; SCR-117 PII policy, object links; SCR-202 Общие comments; SCR-203 Связи и tags",FLOW-037 Создать Interaction,Error handling,implementation_matrix.csv wave-b.csv:998 Source='OpenAPI `GET_api_v1_comments_id_versions`; Stage_3_Field_Traceability_Final_3.5.csv; cross-cutting requirement ERR-013'; openapi.yaml operationId GET_api_v1_comments_id_versions = GET /api/v1/comments/{id}/versions; traceability 4.5 FR-136 Permission=History.Read,Source field of the matrix row confirms operationId GET_api_v1_comments_id_versions; method and path verified in openapi.yaml; permission confirmed via traceability FR-136.
wave-b.csv:999,AC-2321,AC,MOD-013,Stable error handling for FR-137,resolved,GET_api_v1_objects_objectId_comments,GET,/api/v1/objects/{objectId}/comments,Comment.Read,Task.Application.MOD-013.GET_api_v1_objects_objectId_commentsHandler,"SCR-035 Комментарии объекта; SCR-067 Проект: комментарии; SCR-116 Interaction timeline; SCR-117 PII policy, object links; SCR-202 Общие comments; SCR-203 Связи и tags",FLOW-037 Создать Interaction,Error handling,implementation_matrix.csv wave-b.csv:999 Source='OpenAPI `GET_api_v1_objects_objectId_comments`; Stage_3_Field_Traceability_Final_3.5.csv; cross-cutting requirement ERR-013'; openapi.yaml operationId GET_api_v1_objects_objectId_comments = GET /api/v1/objects/{objectId}/comments; traceability 4.5 FR-137 Permission=Comment.Read,Source field of the matrix row confirms operationId GET_api_v1_objects_objectId_comments; method and path verified in openapi.yaml; permission confirmed via traceability FR-137.
wave-b.csv:1000,AC-2322,AC,MOD-013,Stable error handling for FR-138,resolved,POST_api_v1_objects_objectId_comments,POST,/api/v1/objects/{objectId}/comments,Comment.Create,Task.Application.MOD-013.POST_api_v1_objects_objectId_commentsHandler,"SCR-035 Комментарии объекта; SCR-067 Проект: комментарии; SCR-116 Interaction timeline; SCR-117 PII policy, object links; SCR-202 Общие comments; SCR-203 Связи и tags",FLOW-037 Создать Interaction,Error handling,implementation_matrix.csv wave-b.csv:1000 Source='OpenAPI `POST_api_v1_objects_objectId_comments`; Stage_3_Field_Traceability_Final_3.5.csv; cross-cutting requirement ERR-013'; openapi.yaml operationId POST_api_v1_objects_objectId_comments = POST /api/v1/objects/{objectId}/comments; traceability 4.5 FR-138 Permission=Comment.Create,Source field of the matrix row confirms operationId POST_api_v1_objects_objectId_comments; method and path verified in openapi.yaml; permission confirmed via traceability FR-138.
wave-b.csv:1001,AC-2323,AC,MOD-013,Stable error handling for FR-139,resolved,DELETE_api_v1_objects_objectId_comments_id,DELETE,/api/v1/objects/{objectId}/comments/{id},Comment.DeleteOwnOrModerate,Task.Application.MOD-013.DELETE_api_v1_objects_objectId_comments_idHandler,"SCR-035 Комментарии объекта; SCR-067 Проект: комментарии; SCR-116 Interaction timeline; SCR-117 PII policy, object links; SCR-202 Общие comments; SCR-203 Связи и tags",FLOW-037 Создать Interaction,Error handling,implementation_matrix.csv wave-b.csv:1001 Source='OpenAPI `DELETE_api_v1_objects_objectId_comments_id`; Stage_3_Field_Traceability_Final_3.5.csv; cross-cutting requirement ERR-013'; openapi.yaml operationId DELETE_api_v1_objects_objectId_comments_id = DELETE /api/v1/objects/{objectId}/comments/{id}; traceability 4.5 FR-139 Permission=Comment.DeleteOwnOrModerate,Source field of the matrix row confirms operationId DELETE_api_v1_objects_objectId_comments_id; method and path verified in openapi.yaml; permission confirmed via traceability FR-139.
wave-b.csv:1002,AC-2324,AC,MOD-013,Stable error handling for FR-140,resolved,GET_api_v1_objects_objectId_comments_id,GET,/api/v1/objects/{objectId}/comments/{id},Comment.Read,Task.Application.MOD-013.GET_api_v1_objects_objectId_comments_idHandler,"SCR-035 Комментарии объекта; SCR-067 Проект: комментарии; SCR-116 Interaction timeline; SCR-117 PII policy, object links; SCR-202 Общие comments; SCR-203 Связи и tags",FLOW-037 Создать Interaction,Error handling,implementation_matrix.csv wave-b.csv:1002 Source='OpenAPI `GET_api_v1_objects_objectId_comments_id`; Stage_3_Field_Traceability_Final_3.5.csv; cross-cutting requirement ERR-013'; openapi.yaml operationId GET_api_v1_objects_objectId_comments_id = GET /api/v1/objects/{objectId}/comments/{id}; traceability 4.5 FR-140 Permission=Comment.Read,Source field of the matrix row confirms operationId GET_api_v1_objects_objectId_comments_id; method and path verified in openapi.yaml; permission confirmed via traceability FR-140.
wave-b.csv:1003,AC-2325,AC,MOD-013,Stable error handling for FR-141,resolved,PATCH_api_v1_objects_objectId_comments_id,PATCH,/api/v1/objects/{objectId}/comments/{id},Comment.UpdateOwnOrModerate,Task.Application.MOD-013.PATCH_api_v1_objects_objectId_comments_idHandler,"SCR-035 Комментарии объекта; SCR-067 Проект: комментарии; SCR-116 Interaction timeline; SCR-117 PII policy, object links; SCR-202 Общие comments; SCR-203 Связи и tags",FLOW-037 Создать Interaction,Error handling,implementation_matrix.csv wave-b.csv:1003 Source='OpenAPI `PATCH_api_v1_objects_objectId_comments_id`; Stage_3_Field_Traceability_Final_3.5.csv; cross-cutting requirement ERR-013'; openapi.yaml operationId PATCH_api_v1_objects_objectId_comments_id = PATCH /api/v1/objects/{objectId}/comments/{id}; traceability 4.5 FR-141 Permission=Comment.UpdateOwnOrModerate,Source field of the matrix row confirms operationId PATCH_api_v1_objects_objectId_comments_id; method and path verified in openapi.yaml; permission confirmed via traceability FR-141.
wave-b.csv:1004,AC-2326,AC,MOD-013,Stable error handling for FR-142,resolved,GET_api_v1_interactions,GET,/api/v1/interactions,Contact.Read,Task.Application.MOD-013.GET_api_v1_interactionsHandler,"SCR-035 Комментарии объекта; SCR-067 Проект: комментарии; SCR-116 Interaction timeline; SCR-117 PII policy, object links; SCR-202 Общие comments; SCR-203 Связи и tags",FLOW-037 Создать Interaction,Error handling,implementation_matrix.csv wave-b.csv:1004 Source='OpenAPI `GET_api_v1_interactions`; Stage_3_Field_Traceability_Final_3.5.csv; cross-cutting requirement ERR-013'; openapi.yaml operationId GET_api_v1_interactions = GET /api/v1/interactions; traceability 4.5 FR-142 Permission=Contact.Read,Source field of the matrix row confirms operationId GET_api_v1_interactions; method and path verified in openapi.yaml; permission confirmed via traceability FR-142.
wave-b.csv:1005,AC-2327,AC,MOD-013,Stable error handling for FR-143,resolved,POST_api_v1_interactions,POST,/api/v1/interactions,Interaction.Create,Task.Application.MOD-013.POST_api_v1_interactionsHandler,"SCR-035 Комментарии объекта; SCR-067 Проект: комментарии; SCR-116 Interaction timeline; SCR-117 PII policy, object links; SCR-202 Общие comments; SCR-203 Связи и tags",FLOW-037 Создать Interaction,Error handling,implementation_matrix.csv wave-b.csv:1005 Source='OpenAPI `POST_api_v1_interactions`; Stage_3_Field_Traceability_Final_3.5.csv; cross-cutting requirement ERR-013'; openapi.yaml operationId POST_api_v1_interactions = POST /api/v1/interactions; traceability 4.5 FR-143 Permission=Interaction.Create,Source field of the matrix row confirms operationId POST_api_v1_interactions; method and path verified in openapi.yaml; permission confirmed via traceability FR-143.
wave-b.csv:1006,AC-2328,AC,MOD-013,Stable error handling for FR-144,resolved,DELETE_api_v1_interactions_id,DELETE,/api/v1/interactions/{id},Interaction.Update,Task.Application.MOD-013.DELETE_api_v1_interactions_idHandler,"SCR-035 Комментарии объекта; SCR-067 Проект: комментарии; SCR-116 Interaction timeline; SCR-117 PII policy, object links; SCR-202 Общие comments; SCR-203 Связи и tags",FLOW-037 Создать Interaction,Error handling,implementation_matrix.csv wave-b.csv:1006 Source='OpenAPI `DELETE_api_v1_interactions_id`; Stage_3_Field_Traceability_Final_3.5.csv; cross-cutting requirement ERR-013'; openapi.yaml operationId DELETE_api_v1_interactions_id = DELETE /api/v1/interactions/{id}; traceability 4.5 FR-144 Permission=Interaction.Update,Source field of the matrix row confirms operationId DELETE_api_v1_interactions_id; method and path verified in openapi.yaml; permission confirmed via traceability FR-144.
wave-b.csv:1007,AC-2329,AC,MOD-013,Stable error handling for FR-145,resolved,GET_api_v1_interactions_id,GET,/api/v1/interactions/{id},Contact.Read,Task.Application.MOD-013.GET_api_v1_interactions_idHandler,"SCR-035 Комментарии объекта; SCR-067 Проект: комментарии; SCR-116 Interaction timeline; SCR-117 PII policy, object links; SCR-202 Общие comments; SCR-203 Связи и tags",FLOW-037 Создать Interaction,Error handling,implementation_matrix.csv wave-b.csv:1007 Source='OpenAPI `GET_api_v1_interactions_id`; Stage_3_Field_Traceability_Final_3.5.csv; cross-cutting requirement ERR-013'; openapi.yaml operationId GET_api_v1_interactions_id = GET /api/v1/interactions/{id}; traceability 4.5 FR-145 Permission=Contact.Read,Source field of the matrix row confirms operationId GET_api_v1_interactions_id; method and path verified in openapi.yaml; permission confirmed via traceability FR-145.
wave-b.csv:1008,AC-2330,AC,MOD-013,Stable error handling for FR-146,resolved,PATCH_api_v1_interactions_id,PATCH,/api/v1/interactions/{id},Interaction.Update,Task.Application.MOD-013.PATCH_api_v1_interactions_idHandler,"SCR-035 Комментарии объекта; SCR-067 Проект: комментарии; SCR-116 Interaction timeline; SCR-117 PII policy, object links; SCR-202 Общие comments; SCR-203 Связи и tags",FLOW-037 Создать Interaction,Error handling,implementation_matrix.csv wave-b.csv:1008 Source='OpenAPI `PATCH_api_v1_interactions_id`; Stage_3_Field_Traceability_Final_3.5.csv; cross-cutting requirement ERR-013'; openapi.yaml operationId PATCH_api_v1_interactions_id = PATCH /api/v1/interactions/{id}; traceability 4.5 FR-146 Permission=Interaction.Update,Source field of the matrix row confirms operationId PATCH_api_v1_interactions_id; method and path verified in openapi.yaml; permission confirmed via traceability FR-146.
wave-b.csv:1009,AC-2331,AC,MOD-013,Stable error handling for FR-147,resolved,PUT_api_v1_interactions_id_participants,PUT,/api/v1/interactions/{id}/participants,Interaction.Update,Task.Application.MOD-013.PUT_api_v1_interactions_id_participantsHandler,"SCR-035 Комментарии объекта; SCR-067 Проект: комментарии; SCR-116 Interaction timeline; SCR-117 PII policy, object links; SCR-202 Общие comments; SCR-203 Связи и tags",FLOW-037 Создать Interaction,Error handling,implementation_matrix.csv wave-b.csv:1009 Source='OpenAPI `PUT_api_v1_interactions_id_participants`; Stage_3_Field_Traceability_Final_3.5.csv; cross-cutting requirement ERR-013'; openapi.yaml operationId PUT_api_v1_interactions_id_participants = PUT /api/v1/interactions/{id}/participants; traceability 4.5 FR-147 Permission=Interaction.Update,Source field of the matrix row confirms operationId PUT_api_v1_interactions_id_participants; method and path verified in openapi.yaml; permission confirmed via traceability FR-147.
wave-b.csv:1010,AC-2332,AC,MOD-013,Stable error handling for FR-148,resolved,POST_api_v1_interactions_id_restore,POST,/api/v1/interactions/{id}/restore,Interaction.Update,Task.Application.MOD-013.POST_api_v1_interactions_id_restoreHandler,"SCR-035 Комментарии объекта; SCR-067 Проект: комментарии; SCR-116 Interaction timeline; SCR-117 PII policy, object links; SCR-202 Общие comments; SCR-203 Связи и tags",FLOW-037 Создать Interaction,Error handling,implementation_matrix.csv wave-b.csv:1010 Source='OpenAPI `POST_api_v1_interactions_id_restore`; Stage_3_Field_Traceability_Final_3.5.csv; cross-cutting requirement ERR-013'; openapi.yaml operationId POST_api_v1_interactions_id_restore = POST /api/v1/interactions/{id}/restore; traceability 4.5 FR-148 Permission=Interaction.Update,Source field of the matrix row confirms operationId POST_api_v1_interactions_id_restore; method and path verified in openapi.yaml; permission confirmed via traceability FR-148.
wave-b.csv:1011,AC-2333,AC,MOD-013,Stable error handling for FR-149,resolved,GET_api_v1_objects_objectId_links,GET,/api/v1/objects/{objectId}/links,ObjectLink.Read,Task.Application.MOD-013.GET_api_v1_objects_objectId_linksHandler,"SCR-035 Комментарии объекта; SCR-067 Проект: комментарии; SCR-116 Interaction timeline; SCR-117 PII policy, object links; SCR-202 Общие comments; SCR-203 Связи и tags",FLOW-037 Создать Interaction,Error handling,implementation_matrix.csv wave-b.csv:1011 Source='OpenAPI `GET_api_v1_objects_objectId_links`; Stage_3_Field_Traceability_Final_3.5.csv; cross-cutting requirement ERR-013'; openapi.yaml operationId GET_api_v1_objects_objectId_links = GET /api/v1/objects/{objectId}/links; traceability 4.5 FR-149 Permission=ObjectLink.Read,Source field of the matrix row confirms operationId GET_api_v1_objects_objectId_links; method and path verified in openapi.yaml; permission confirmed via traceability FR-149.
wave-b.csv:1012,AC-2334,AC,MOD-013,Stable error handling for FR-150,resolved,POST_api_v1_objects_objectId_links,POST,/api/v1/objects/{objectId}/links,ObjectLink.Create,Task.Application.MOD-013.POST_api_v1_objects_objectId_linksHandler,"SCR-035 Комментарии объекта; SCR-067 Проект: комментарии; SCR-116 Interaction timeline; SCR-117 PII policy, object links; SCR-202 Общие comments; SCR-203 Связи и tags",FLOW-037 Создать Interaction,Error handling,implementation_matrix.csv wave-b.csv:1012 Source='OpenAPI `POST_api_v1_objects_objectId_links`; Stage_3_Field_Traceability_Final_3.5.csv; cross-cutting requirement ERR-013'; openapi.yaml operationId POST_api_v1_objects_objectId_links = POST /api/v1/objects/{objectId}/links; traceability 4.5 FR-150 Permission=ObjectLink.Create,Source field of the matrix row confirms operationId POST_api_v1_objects_objectId_links; method and path verified in openapi.yaml; permission confirmed via traceability FR-150.
wave-b.csv:1013,AC-2335,AC,MOD-013,Stable error handling for FR-151,resolved,DELETE_api_v1_objects_objectId_links_linkId,DELETE,/api/v1/objects/{objectId}/links/{linkId},ObjectLink.Delete,Task.Application.MOD-013.DELETE_api_v1_objects_objectId_links_linkIdHandler,"SCR-035 Комментарии объекта; SCR-067 Проект: комментарии; SCR-116 Interaction timeline; SCR-117 PII policy, object links; SCR-202 Общие comments; SCR-203 Связи и tags",FLOW-037 Создать Interaction,Error handling,implementation_matrix.csv wave-b.csv:1013 Source='OpenAPI `DELETE_api_v1_objects_objectId_links_linkId`; Stage_3_Field_Traceability_Final_3.5.csv; cross-cutting requirement ERR-013'; openapi.yaml operationId DELETE_api_v1_objects_objectId_links_linkId = DELETE /api/v1/objects/{objectId}/links/{linkId}; traceability 4.5 FR-151 Permission=ObjectLink.Delete,Source field of the matrix row confirms operationId DELETE_api_v1_objects_objectId_links_linkId; method and path verified in openapi.yaml; permission confirmed via traceability FR-151.
wave-b.csv:1014,AC-2336,AC,MOD-013,Stable error handling for FR-152,resolved,PUT_api_v1_objects_objectId_tags,PUT,/api/v1/objects/{objectId}/tags,Tag.Assign,Task.Application.MOD-013.PUT_api_v1_objects_objectId_tagsHandler,"SCR-035 Комментарии объекта; SCR-067 Проект: комментарии; SCR-116 Interaction timeline; SCR-117 PII policy, object links; SCR-202 Общие comments; SCR-203 Связи и tags",FLOW-037 Создать Interaction,Error handling,implementation_matrix.csv wave-b.csv:1014 Source='OpenAPI `PUT_api_v1_objects_objectId_tags`; Stage_3_Field_Traceability_Final_3.5.csv; cross-cutting requirement ERR-013'; openapi.yaml operationId PUT_api_v1_objects_objectId_tags = PUT /api/v1/objects/{objectId}/tags; traceability 4.5 FR-152 Permission=Tag.Assign,Source field of the matrix row confirms operationId PUT_api_v1_objects_objectId_tags; method and path verified in openapi.yaml; permission confirmed via traceability FR-152.
wave-b.csv:1015,AC-2337,AC,MOD-013,Stable error handling for FR-153,resolved,GET_api_v1_tags,GET,/api/v1/tags,Tag.Read,Task.Application.MOD-013.GET_api_v1_tagsHandler,"SCR-035 Комментарии объекта; SCR-067 Проект: комментарии; SCR-116 Interaction timeline; SCR-117 PII policy, object links; SCR-202 Общие comments; SCR-203 Связи и tags",FLOW-037 Создать Interaction,Error handling,implementation_matrix.csv wave-b.csv:1015 Source='OpenAPI `GET_api_v1_tags`; Stage_3_Field_Traceability_Final_3.5.csv; cross-cutting requirement ERR-013'; openapi.yaml operationId GET_api_v1_tags = GET /api/v1/tags; traceability 4.5 FR-153 Permission=Tag.Read,Source field of the matrix row confirms operationId GET_api_v1_tags; method and path verified in openapi.yaml; permission confirmed via traceability FR-153.
wave-b.csv:1016,AC-2338,AC,MOD-013,Stable error handling for FR-154,resolved,POST_api_v1_tags,POST,/api/v1/tags,Tag.Manage,Task.Application.MOD-013.POST_api_v1_tagsHandler,"SCR-035 Комментарии объекта; SCR-067 Проект: комментарии; SCR-116 Interaction timeline; SCR-117 PII policy, object links; SCR-202 Общие comments; SCR-203 Связи и tags",FLOW-037 Создать Interaction,Error handling,implementation_matrix.csv wave-b.csv:1016 Source='OpenAPI `POST_api_v1_tags`; Stage_3_Field_Traceability_Final_3.5.csv; cross-cutting requirement ERR-013'; openapi.yaml operationId POST_api_v1_tags = POST /api/v1/tags; traceability 4.5 FR-154 Permission=Tag.Manage,Source field of the matrix row confirms operationId POST_api_v1_tags; method and path verified in openapi.yaml; permission confirmed via traceability FR-154.
wave-b.csv:1017,AC-2339,AC,MOD-013,Stable error handling for FR-155,resolved,DELETE_api_v1_tags_id,DELETE,/api/v1/tags/{id},Tag.Manage,Task.Application.MOD-013.DELETE_api_v1_tags_idHandler,"SCR-035 Комментарии объекта; SCR-067 Проект: комментарии; SCR-116 Interaction timeline; SCR-117 PII policy, object links; SCR-202 Общие comments; SCR-203 Связи и tags",FLOW-037 Создать Interaction,Error handling,implementation_matrix.csv wave-b.csv:1017 Source='OpenAPI `DELETE_api_v1_tags_id`; Stage_3_Field_Traceability_Final_3.5.csv; cross-cutting requirement ERR-013'; openapi.yaml operationId DELETE_api_v1_tags_id = DELETE /api/v1/tags/{id}; traceability 4.5 FR-155 Permission=Tag.Manage,Source field of the matrix row confirms operationId DELETE_api_v1_tags_id; method and path verified in openapi.yaml; permission confirmed via traceability FR-155.
wave-b.csv:1018,AC-2340,AC,MOD-013,Stable error handling for FR-156,resolved,GET_api_v1_tags_id,GET,/api/v1/tags/{id},Tag.Read,Task.Application.MOD-013.GET_api_v1_tags_idHandler,"SCR-035 Комментарии объекта; SCR-067 Проект: комментарии; SCR-116 Interaction timeline; SCR-117 PII policy, object links; SCR-202 Общие comments; SCR-203 Связи и tags",FLOW-037 Создать Interaction,Error handling,implementation_matrix.csv wave-b.csv:1018 Source='OpenAPI `GET_api_v1_tags_id`; Stage_3_Field_Traceability_Final_3.5.csv; cross-cutting requirement ERR-013'; openapi.yaml operationId GET_api_v1_tags_id = GET /api/v1/tags/{id}; traceability 4.5 FR-156 Permission=Tag.Read,Source field of the matrix row confirms operationId GET_api_v1_tags_id; method and path verified in openapi.yaml; permission confirmed via traceability FR-156.
wave-b.csv:1019,AC-2341,AC,MOD-013,Stable error handling for FR-157,resolved,PATCH_api_v1_tags_id,PATCH,/api/v1/tags/{id},Tag.Manage,Task.Application.MOD-013.PATCH_api_v1_tags_idHandler,"SCR-035 Комментарии объекта; SCR-067 Проект: комментарии; SCR-116 Interaction timeline; SCR-117 PII policy, object links; SCR-202 Общие comments; SCR-203 Связи и tags",FLOW-037 Создать Interaction,Error handling,implementation_matrix.csv wave-b.csv:1019 Source='OpenAPI `PATCH_api_v1_tags_id`; Stage_3_Field_Traceability_Final_3.5.csv; cross-cutting requirement ERR-013'; openapi.yaml operationId PATCH_api_v1_tags_id = PATCH /api/v1/tags/{id}; traceability 4.5 FR-157 Permission=Tag.Manage,Source field of the matrix row confirms operationId PATCH_api_v1_tags_id; method and path verified in openapi.yaml; permission confirmed via traceability FR-157.
wave-b.csv:1020,AC-2342,AC,MOD-013,Stable error handling for FR-158,resolved,POST_api_v1_tags_id_restore,POST,/api/v1/tags/{id}/restore,Tag.Manage,Task.Application.MOD-013.POST_api_v1_tags_id_restoreHandler,"SCR-035 Комментарии объекта; SCR-067 Проект: комментарии; SCR-116 Interaction timeline; SCR-117 PII policy, object links; SCR-202 Общие comments; SCR-203 Связи и tags",FLOW-037 Создать Interaction,Error handling,implementation_matrix.csv wave-b.csv:1020 Source='OpenAPI `POST_api_v1_tags_id_restore`; Stage_3_Field_Traceability_Final_3.5.csv; cross-cutting requirement ERR-013'; openapi.yaml operationId POST_api_v1_tags_id_restore = POST /api/v1/tags/{id}/restore; traceability 4.5 FR-158 Permission=Tag.Manage,Source field of the matrix row confirms operationId POST_api_v1_tags_id_restore; method and path verified in openapi.yaml; permission confirmed via traceability FR-158.
wave-b.csv:1021,AC-2343,AC,MOD-013,Stable error handling for FR-259,unresolved,,,,,,"SCR-035 Комментарии объекта; SCR-067 Проект: комментарии; SCR-116 Interaction timeline; SCR-117 PII policy, object links; SCR-202 Общие comments; SCR-203 Связи и tags",FLOW-037 Создать Interaction,Error handling,implementation_matrix.csv wave-b.csv:1021 title='Stable error handling for FR-259'; traceability 4.5 FR-259 API cell='Desktop-only; использует существующие read/command API при необходимости'.,FR-259 is Desktop-only with no dedicated API operation; the allowed sources confirm no server operation for this AC.
wave-b.csv:1046,AC-2836,AC,MOD-013,Audit evidence for FR-136,resolved,GET_api_v1_comments_id_versions,GET,/api/v1/comments/{id}/versions,History.Read,Task.Application.MOD-013.GET_api_v1_comments_id_versionsHandler,"SCR-035 Комментарии объекта; SCR-067 Проект: комментарии; SCR-116 Interaction timeline; SCR-117 PII policy, object links; SCR-202 Общие comments; SCR-203 Связи и tags",FLOW-037 Создать Interaction,Audit/security,implementation_matrix.csv wave-b.csv:1046 Source='OpenAPI `GET_api_v1_comments_id_versions`; Stage_3_Field_Traceability_Final_3.5.csv; cross-cutting requirement AUDIT-013'; openapi.yaml operationId GET_api_v1_comments_id_versions = GET /api/v1/comments/{id}/versions; traceability 4.5 FR-136 Permission=History.Read,Source field of the matrix row confirms operationId GET_api_v1_comments_id_versions; method and path verified in openapi.yaml; permission confirmed via traceability FR-136.
wave-b.csv:1047,AC-2837,AC,MOD-013,Audit evidence for FR-137,resolved,GET_api_v1_objects_objectId_comments,GET,/api/v1/objects/{objectId}/comments,Comment.Read,Task.Application.MOD-013.GET_api_v1_objects_objectId_commentsHandler,"SCR-035 Комментарии объекта; SCR-067 Проект: комментарии; SCR-116 Interaction timeline; SCR-117 PII policy, object links; SCR-202 Общие comments; SCR-203 Связи и tags",FLOW-037 Создать Interaction,Audit/security,implementation_matrix.csv wave-b.csv:1047 Source='OpenAPI `GET_api_v1_objects_objectId_comments`; Stage_3_Field_Traceability_Final_3.5.csv; cross-cutting requirement AUDIT-013'; openapi.yaml operationId GET_api_v1_objects_objectId_comments = GET /api/v1/objects/{objectId}/comments; traceability 4.5 FR-137 Permission=Comment.Read,Source field of the matrix row confirms operationId GET_api_v1_objects_objectId_comments; method and path verified in openapi.yaml; permission confirmed via traceability FR-137.
wave-b.csv:1048,AC-2838,AC,MOD-013,Audit evidence for FR-138,resolved,POST_api_v1_objects_objectId_comments,POST,/api/v1/objects/{objectId}/comments,Comment.Create,Task.Application.MOD-013.POST_api_v1_objects_objectId_commentsHandler,"SCR-035 Комментарии объекта; SCR-067 Проект: комментарии; SCR-116 Interaction timeline; SCR-117 PII policy, object links; SCR-202 Общие comments; SCR-203 Связи и tags",FLOW-037 Создать Interaction,Audit/security,implementation_matrix.csv wave-b.csv:1048 Source='OpenAPI `POST_api_v1_objects_objectId_comments`; Stage_3_Field_Traceability_Final_3.5.csv; cross-cutting requirement AUDIT-013'; openapi.yaml operationId POST_api_v1_objects_objectId_comments = POST /api/v1/objects/{objectId}/comments; traceability 4.5 FR-138 Permission=Comment.Create,Source field of the matrix row confirms operationId POST_api_v1_objects_objectId_comments; method and path verified in openapi.yaml; permission confirmed via traceability FR-138.
wave-b.csv:1049,AC-2839,AC,MOD-013,Audit evidence for FR-139,resolved,DELETE_api_v1_objects_objectId_comments_id,DELETE,/api/v1/objects/{objectId}/comments/{id},Comment.DeleteOwnOrModerate,Task.Application.MOD-013.DELETE_api_v1_objects_objectId_comments_idHandler,"SCR-035 Комментарии объекта; SCR-067 Проект: комментарии; SCR-116 Interaction timeline; SCR-117 PII policy, object links; SCR-202 Общие comments; SCR-203 Связи и tags",FLOW-037 Создать Interaction,Audit/security,implementation_matrix.csv wave-b.csv:1049 Source='OpenAPI `DELETE_api_v1_objects_objectId_comments_id`; Stage_3_Field_Traceability_Final_3.5.csv; cross-cutting requirement AUDIT-013'; openapi.yaml operationId DELETE_api_v1_objects_objectId_comments_id = DELETE /api/v1/objects/{objectId}/comments/{id}; traceability 4.5 FR-139 Permission=Comment.DeleteOwnOrModerate,Source field of the matrix row confirms operationId DELETE_api_v1_objects_objectId_comments_id; method and path verified in openapi.yaml; permission confirmed via traceability FR-139.
wave-b.csv:1050,AC-2840,AC,MOD-013,Audit evidence for FR-140,resolved,GET_api_v1_objects_objectId_comments_id,GET,/api/v1/objects/{objectId}/comments/{id},Comment.Read,Task.Application.MOD-013.GET_api_v1_objects_objectId_comments_idHandler,"SCR-035 Комментарии объекта; SCR-067 Проект: комментарии; SCR-116 Interaction timeline; SCR-117 PII policy, object links; SCR-202 Общие comments; SCR-203 Связи и tags",FLOW-037 Создать Interaction,Audit/security,implementation_matrix.csv wave-b.csv:1050 Source='OpenAPI `GET_api_v1_objects_objectId_comments_id`; Stage_3_Field_Traceability_Final_3.5.csv; cross-cutting requirement AUDIT-013'; openapi.yaml operationId GET_api_v1_objects_objectId_comments_id = GET /api/v1/objects/{objectId}/comments/{id}; traceability 4.5 FR-140 Permission=Comment.Read,Source field of the matrix row confirms operationId GET_api_v1_objects_objectId_comments_id; method and path verified in openapi.yaml; permission confirmed via traceability FR-140.
wave-b.csv:1051,AC-2841,AC,MOD-013,Audit evidence for FR-141,resolved,PATCH_api_v1_objects_objectId_comments_id,PATCH,/api/v1/objects/{objectId}/comments/{id},Comment.UpdateOwnOrModerate,Task.Application.MOD-013.PATCH_api_v1_objects_objectId_comments_idHandler,"SCR-035 Комментарии объекта; SCR-067 Проект: комментарии; SCR-116 Interaction timeline; SCR-117 PII policy, object links; SCR-202 Общие comments; SCR-203 Связи и tags",FLOW-037 Создать Interaction,Audit/security,implementation_matrix.csv wave-b.csv:1051 Source='OpenAPI `PATCH_api_v1_objects_objectId_comments_id`; Stage_3_Field_Traceability_Final_3.5.csv; cross-cutting requirement AUDIT-013'; openapi.yaml operationId PATCH_api_v1_objects_objectId_comments_id = PATCH /api/v1/objects/{objectId}/comments/{id}; traceability 4.5 FR-141 Permission=Comment.UpdateOwnOrModerate,Source field of the matrix row confirms operationId PATCH_api_v1_objects_objectId_comments_id; method and path verified in openapi.yaml; permission confirmed via traceability FR-141.
wave-b.csv:1052,AC-2842,AC,MOD-013,Audit evidence for FR-142,resolved,GET_api_v1_interactions,GET,/api/v1/interactions,Contact.Read,Task.Application.MOD-013.GET_api_v1_interactionsHandler,"SCR-035 Комментарии объекта; SCR-067 Проект: комментарии; SCR-116 Interaction timeline; SCR-117 PII policy, object links; SCR-202 Общие comments; SCR-203 Связи и tags",FLOW-037 Создать Interaction,Audit/security,implementation_matrix.csv wave-b.csv:1052 Source='OpenAPI `GET_api_v1_interactions`; Stage_3_Field_Traceability_Final_3.5.csv; cross-cutting requirement AUDIT-013'; openapi.yaml operationId GET_api_v1_interactions = GET /api/v1/interactions; traceability 4.5 FR-142 Permission=Contact.Read,Source field of the matrix row confirms operationId GET_api_v1_interactions; method and path verified in openapi.yaml; permission confirmed via traceability FR-142.
wave-b.csv:1053,AC-2843,AC,MOD-013,Audit evidence for FR-143,resolved,POST_api_v1_interactions,POST,/api/v1/interactions,Interaction.Create,Task.Application.MOD-013.POST_api_v1_interactionsHandler,"SCR-035 Комментарии объекта; SCR-067 Проект: комментарии; SCR-116 Interaction timeline; SCR-117 PII policy, object links; SCR-202 Общие comments; SCR-203 Связи и tags",FLOW-037 Создать Interaction,Audit/security,implementation_matrix.csv wave-b.csv:1053 Source='OpenAPI `POST_api_v1_interactions`; Stage_3_Field_Traceability_Final_3.5.csv; cross-cutting requirement AUDIT-013'; openapi.yaml operationId POST_api_v1_interactions = POST /api/v1/interactions; traceability 4.5 FR-143 Permission=Interaction.Create,Source field of the matrix row confirms operationId POST_api_v1_interactions; method and path verified in openapi.yaml; permission confirmed via traceability FR-143.
wave-b.csv:1054,AC-2844,AC,MOD-013,Audit evidence for FR-144,resolved,DELETE_api_v1_interactions_id,DELETE,/api/v1/interactions/{id},Interaction.Update,Task.Application.MOD-013.DELETE_api_v1_interactions_idHandler,"SCR-035 Комментарии объекта; SCR-067 Проект: комментарии; SCR-116 Interaction timeline; SCR-117 PII policy, object links; SCR-202 Общие comments; SCR-203 Связи и tags",FLOW-037 Создать Interaction,Audit/security,implementation_matrix.csv wave-b.csv:1054 Source='OpenAPI `DELETE_api_v1_interactions_id`; Stage_3_Field_Traceability_Final_3.5.csv; cross-cutting requirement AUDIT-013'; openapi.yaml operationId DELETE_api_v1_interactions_id = DELETE /api/v1/interactions/{id}; traceability 4.5 FR-144 Permission=Interaction.Update,Source field of the matrix row confirms operationId DELETE_api_v1_interactions_id; method and path verified in openapi.yaml; permission confirmed via traceability FR-144.
wave-b.csv:1055,AC-2845,AC,MOD-013,Audit evidence for FR-145,resolved,GET_api_v1_interactions_id,GET,/api/v1/interactions/{id},Contact.Read,Task.Application.MOD-013.GET_api_v1_interactions_idHandler,"SCR-035 Комментарии объекта; SCR-067 Проект: комментарии; SCR-116 Interaction timeline; SCR-117 PII policy, object links; SCR-202 Общие comments; SCR-203 Связи и tags",FLOW-037 Создать Interaction,Audit/security,implementation_matrix.csv wave-b.csv:1055 Source='OpenAPI `GET_api_v1_interactions_id`; Stage_3_Field_Traceability_Final_3.5.csv; cross-cutting requirement AUDIT-013'; openapi.yaml operationId GET_api_v1_interactions_id = GET /api/v1/interactions/{id}; traceability 4.5 FR-145 Permission=Contact.Read,Source field of the matrix row confirms operationId GET_api_v1_interactions_id; method and path verified in openapi.yaml; permission confirmed via traceability FR-145.
wave-b.csv:1056,AC-2846,AC,MOD-013,Audit evidence for FR-146,resolved,PATCH_api_v1_interactions_id,PATCH,/api/v1/interactions/{id},Interaction.Update,Task.Application.MOD-013.PATCH_api_v1_interactions_idHandler,"SCR-035 Комментарии объекта; SCR-067 Проект: комментарии; SCR-116 Interaction timeline; SCR-117 PII policy, object links; SCR-202 Общие comments; SCR-203 Связи и tags",FLOW-037 Создать Interaction,Audit/security,implementation_matrix.csv wave-b.csv:1056 Source='OpenAPI `PATCH_api_v1_interactions_id`; Stage_3_Field_Traceability_Final_3.5.csv; cross-cutting requirement AUDIT-013'; openapi.yaml operationId PATCH_api_v1_interactions_id = PATCH /api/v1/interactions/{id}; traceability 4.5 FR-146 Permission=Interaction.Update,Source field of the matrix row confirms operationId PATCH_api_v1_interactions_id; method and path verified in openapi.yaml; permission confirmed via traceability FR-146.
wave-b.csv:1057,AC-2847,AC,MOD-013,Audit evidence for FR-147,resolved,PUT_api_v1_interactions_id_participants,PUT,/api/v1/interactions/{id}/participants,Interaction.Update,Task.Application.MOD-013.PUT_api_v1_interactions_id_participantsHandler,"SCR-035 Комментарии объекта; SCR-067 Проект: комментарии; SCR-116 Interaction timeline; SCR-117 PII policy, object links; SCR-202 Общие comments; SCR-203 Связи и tags",FLOW-037 Создать Interaction,Audit/security,implementation_matrix.csv wave-b.csv:1057 Source='OpenAPI `PUT_api_v1_interactions_id_participants`; Stage_3_Field_Traceability_Final_3.5.csv; cross-cutting requirement AUDIT-013'; openapi.yaml operationId PUT_api_v1_interactions_id_participants = PUT /api/v1/interactions/{id}/participants; traceability 4.5 FR-147 Permission=Interaction.Update,Source field of the matrix row confirms operationId PUT_api_v1_interactions_id_participants; method and path verified in openapi.yaml; permission confirmed via traceability FR-147.
wave-b.csv:1058,AC-2848,AC,MOD-013,Audit evidence for FR-148,resolved,POST_api_v1_interactions_id_restore,POST,/api/v1/interactions/{id}/restore,Interaction.Update,Task.Application.MOD-013.POST_api_v1_interactions_id_restoreHandler,"SCR-035 Комментарии объекта; SCR-067 Проект: комментарии; SCR-116 Interaction timeline; SCR-117 PII policy, object links; SCR-202 Общие comments; SCR-203 Связи и tags",FLOW-037 Создать Interaction,Audit/security,implementation_matrix.csv wave-b.csv:1058 Source='OpenAPI `POST_api_v1_interactions_id_restore`; Stage_3_Field_Traceability_Final_3.5.csv; cross-cutting requirement AUDIT-013'; openapi.yaml operationId POST_api_v1_interactions_id_restore = POST /api/v1/interactions/{id}/restore; traceability 4.5 FR-148 Permission=Interaction.Update,Source field of the matrix row confirms operationId POST_api_v1_interactions_id_restore; method and path verified in openapi.yaml; permission confirmed via traceability FR-148.
wave-b.csv:1059,AC-2849,AC,MOD-013,Audit evidence for FR-149,resolved,GET_api_v1_objects_objectId_links,GET,/api/v1/objects/{objectId}/links,ObjectLink.Read,Task.Application.MOD-013.GET_api_v1_objects_objectId_linksHandler,"SCR-035 Комментарии объекта; SCR-067 Проект: комментарии; SCR-116 Interaction timeline; SCR-117 PII policy, object links; SCR-202 Общие comments; SCR-203 Связи и tags",FLOW-037 Создать Interaction,Audit/security,implementation_matrix.csv wave-b.csv:1059 Source='OpenAPI `GET_api_v1_objects_objectId_links`; Stage_3_Field_Traceability_Final_3.5.csv; cross-cutting requirement AUDIT-013'; openapi.yaml operationId GET_api_v1_objects_objectId_links = GET /api/v1/objects/{objectId}/links; traceability 4.5 FR-149 Permission=ObjectLink.Read,Source field of the matrix row confirms operationId GET_api_v1_objects_objectId_links; method and path verified in openapi.yaml; permission confirmed via traceability FR-149.
wave-b.csv:1060,AC-2850,AC,MOD-013,Audit evidence for FR-150,resolved,POST_api_v1_objects_objectId_links,POST,/api/v1/objects/{objectId}/links,ObjectLink.Create,Task.Application.MOD-013.POST_api_v1_objects_objectId_linksHandler,"SCR-035 Комментарии объекта; SCR-067 Проект: комментарии; SCR-116 Interaction timeline; SCR-117 PII policy, object links; SCR-202 Общие comments; SCR-203 Связи и tags",FLOW-037 Создать Interaction,Audit/security,implementation_matrix.csv wave-b.csv:1060 Source='OpenAPI `POST_api_v1_objects_objectId_links`; Stage_3_Field_Traceability_Final_3.5.csv; cross-cutting requirement AUDIT-013'; openapi.yaml operationId POST_api_v1_objects_objectId_links = POST /api/v1/objects/{objectId}/links; traceability 4.5 FR-150 Permission=ObjectLink.Create,Source field of the matrix row confirms operationId POST_api_v1_objects_objectId_links; method and path verified in openapi.yaml; permission confirmed via traceability FR-150.
wave-b.csv:1061,AC-2851,AC,MOD-013,Audit evidence for FR-151,resolved,DELETE_api_v1_objects_objectId_links_linkId,DELETE,/api/v1/objects/{objectId}/links/{linkId},ObjectLink.Delete,Task.Application.MOD-013.DELETE_api_v1_objects_objectId_links_linkIdHandler,"SCR-035 Комментарии объекта; SCR-067 Проект: комментарии; SCR-116 Interaction timeline; SCR-117 PII policy, object links; SCR-202 Общие comments; SCR-203 Связи и tags",FLOW-037 Создать Interaction,Audit/security,implementation_matrix.csv wave-b.csv:1061 Source='OpenAPI `DELETE_api_v1_objects_objectId_links_linkId`; Stage_3_Field_Traceability_Final_3.5.csv; cross-cutting requirement AUDIT-013'; openapi.yaml operationId DELETE_api_v1_objects_objectId_links_linkId = DELETE /api/v1/objects/{objectId}/links/{linkId}; traceability 4.5 FR-151 Permission=ObjectLink.Delete,Source field of the matrix row confirms operationId DELETE_api_v1_objects_objectId_links_linkId; method and path verified in openapi.yaml; permission confirmed via traceability FR-151.
wave-b.csv:1062,AC-2852,AC,MOD-013,Audit evidence for FR-152,resolved,PUT_api_v1_objects_objectId_tags,PUT,/api/v1/objects/{objectId}/tags,Tag.Assign,Task.Application.MOD-013.PUT_api_v1_objects_objectId_tagsHandler,"SCR-035 Комментарии объекта; SCR-067 Проект: комментарии; SCR-116 Interaction timeline; SCR-117 PII policy, object links; SCR-202 Общие comments; SCR-203 Связи и tags",FLOW-037 Создать Interaction,Audit/security,implementation_matrix.csv wave-b.csv:1062 Source='OpenAPI `PUT_api_v1_objects_objectId_tags`; Stage_3_Field_Traceability_Final_3.5.csv; cross-cutting requirement AUDIT-013'; openapi.yaml operationId PUT_api_v1_objects_objectId_tags = PUT /api/v1/objects/{objectId}/tags; traceability 4.5 FR-152 Permission=Tag.Assign,Source field of the matrix row confirms operationId PUT_api_v1_objects_objectId_tags; method and path verified in openapi.yaml; permission confirmed via traceability FR-152.
wave-b.csv:1063,AC-2853,AC,MOD-013,Audit evidence for FR-153,resolved,GET_api_v1_tags,GET,/api/v1/tags,Tag.Read,Task.Application.MOD-013.GET_api_v1_tagsHandler,"SCR-035 Комментарии объекта; SCR-067 Проект: комментарии; SCR-116 Interaction timeline; SCR-117 PII policy, object links; SCR-202 Общие comments; SCR-203 Связи и tags",FLOW-037 Создать Interaction,Audit/security,implementation_matrix.csv wave-b.csv:1063 Source='OpenAPI `GET_api_v1_tags`; Stage_3_Field_Traceability_Final_3.5.csv; cross-cutting requirement AUDIT-013'; openapi.yaml operationId GET_api_v1_tags = GET /api/v1/tags; traceability 4.5 FR-153 Permission=Tag.Read,Source field of the matrix row confirms operationId GET_api_v1_tags; method and path verified in openapi.yaml; permission confirmed via traceability FR-153.
wave-b.csv:1064,AC-2854,AC,MOD-013,Audit evidence for FR-154,resolved,POST_api_v1_tags,POST,/api/v1/tags,Tag.Manage,Task.Application.MOD-013.POST_api_v1_tagsHandler,"SCR-035 Комментарии объекта; SCR-067 Проект: комментарии; SCR-116 Interaction timeline; SCR-117 PII policy, object links; SCR-202 Общие comments; SCR-203 Связи и tags",FLOW-037 Создать Interaction,Audit/security,implementation_matrix.csv wave-b.csv:1064 Source='OpenAPI `POST_api_v1_tags`; Stage_3_Field_Traceability_Final_3.5.csv; cross-cutting requirement AUDIT-013'; openapi.yaml operationId POST_api_v1_tags = POST /api/v1/tags; traceability 4.5 FR-154 Permission=Tag.Manage,Source field of the matrix row confirms operationId POST_api_v1_tags; method and path verified in openapi.yaml; permission confirmed via traceability FR-154.
wave-b.csv:1065,AC-2855,AC,MOD-013,Audit evidence for FR-155,resolved,DELETE_api_v1_tags_id,DELETE,/api/v1/tags/{id},Tag.Manage,Task.Application.MOD-013.DELETE_api_v1_tags_idHandler,"SCR-035 Комментарии объекта; SCR-067 Проект: комментарии; SCR-116 Interaction timeline; SCR-117 PII policy, object links; SCR-202 Общие comments; SCR-203 Связи и tags",FLOW-037 Создать Interaction,Audit/security,implementation_matrix.csv wave-b.csv:1065 Source='OpenAPI `DELETE_api_v1_tags_id`; Stage_3_Field_Traceability_Final_3.5.csv; cross-cutting requirement AUDIT-013'; openapi.yaml operationId DELETE_api_v1_tags_id = DELETE /api/v1/tags/{id}; traceability 4.5 FR-155 Permission=Tag.Manage,Source field of the matrix row confirms operationId DELETE_api_v1_tags_id; method and path verified in openapi.yaml; permission confirmed via traceability FR-155.
wave-b.csv:1066,AC-2856,AC,MOD-013,Audit evidence for FR-156,resolved,GET_api_v1_tags_id,GET,/api/v1/tags/{id},Tag.Read,Task.Application.MOD-013.GET_api_v1_tags_idHandler,"SCR-035 Комментарии объекта; SCR-067 Проект: комментарии; SCR-116 Interaction timeline; SCR-117 PII policy, object links; SCR-202 Общие comments; SCR-203 Связи и tags",FLOW-037 Создать Interaction,Audit/security,implementation_matrix.csv wave-b.csv:1066 Source='OpenAPI `GET_api_v1_tags_id`; Stage_3_Field_Traceability_Final_3.5.csv; cross-cutting requirement AUDIT-013'; openapi.yaml operationId GET_api_v1_tags_id = GET /api/v1/tags/{id}; traceability 4.5 FR-156 Permission=Tag.Read,Source field of the matrix row confirms operationId GET_api_v1_tags_id; method and path verified in openapi.yaml; permission confirmed via traceability FR-156.
wave-b.csv:1067,AC-2857,AC,MOD-013,Audit evidence for FR-157,resolved,PATCH_api_v1_tags_id,PATCH,/api/v1/tags/{id},Tag.Manage,Task.Application.MOD-013.PATCH_api_v1_tags_idHandler,"SCR-035 Комментарии объекта; SCR-067 Проект: комментарии; SCR-116 Interaction timeline; SCR-117 PII policy, object links; SCR-202 Общие comments; SCR-203 Связи и tags",FLOW-037 Создать Interaction,Audit/security,implementation_matrix.csv wave-b.csv:1067 Source='OpenAPI `PATCH_api_v1_tags_id`; Stage_3_Field_Traceability_Final_3.5.csv; cross-cutting requirement AUDIT-013'; openapi.yaml operationId PATCH_api_v1_tags_id = PATCH /api/v1/tags/{id}; traceability 4.5 FR-157 Permission=Tag.Manage,Source field of the matrix row confirms operationId PATCH_api_v1_tags_id; method and path verified in openapi.yaml; permission confirmed via traceability FR-157.
wave-b.csv:1068,AC-2858,AC,MOD-013,Audit evidence for FR-158,resolved,POST_api_v1_tags_id_restore,POST,/api/v1/tags/{id}/restore,Tag.Manage,Task.Application.MOD-013.POST_api_v1_tags_id_restoreHandler,"SCR-035 Комментарии объекта; SCR-067 Проект: комментарии; SCR-116 Interaction timeline; SCR-117 PII policy, object links; SCR-202 Общие comments; SCR-203 Связи и tags",FLOW-037 Создать Interaction,Audit/security,implementation_matrix.csv wave-b.csv:1068 Source='OpenAPI `POST_api_v1_tags_id_restore`; Stage_3_Field_Traceability_Final_3.5.csv; cross-cutting requirement AUDIT-013'; openapi.yaml operationId POST_api_v1_tags_id_restore = POST /api/v1/tags/{id}/restore; traceability 4.5 FR-158 Permission=Tag.Manage,Source field of the matrix row confirms operationId POST_api_v1_tags_id_restore; method and path verified in openapi.yaml; permission confirmed via traceability FR-158.
wave-b.csv:1069,AC-2859,AC,MOD-013,Audit evidence for FR-259,unresolved,,,,,,"SCR-035 Комментарии объекта; SCR-067 Проект: комментарии; SCR-116 Interaction timeline; SCR-117 PII policy, object links; SCR-202 Общие comments; SCR-203 Связи и tags",FLOW-037 Создать Interaction,Audit/security,implementation_matrix.csv wave-b.csv:1069 title='Audit evidence for FR-259'; traceability 4.5 FR-259 API cell='Desktop-only; использует существующие read/command API при необходимости'.,FR-259 is Desktop-only with no dedicated API operation; the allowed sources confirm no server operation for this AC.
wave-b.csv:1097,AC-1777,AC,MOD-021,[STATE-007] Field contract: UserPatch.login respects type/required/nullable/limits/PATCH semantics,resolved,PATCH_api_v1_users_id,PATCH,/api/v1/users/{id},User.Update,Task.Application.MOD-021.PATCH_api_v1_users_idHandler,"SCR-036 История объекта; SCR-068 Проект: история; SCR-172 Карточка пользователя; SCR-186 Audit; SCR-201 ETag/If-Match, task aggregate, directory",FLOW-025 Optimistic conflict; FLOW-029 Блокировка пользователя; FLOW-030 Изменение permissions,Boundary/contract UI,implementation_matrix.csv wave-b.csv:1097 Source='dto_field_catalog.csv:UserPatch.login; openapi.yaml operation PATCH_api_v1_users_id'; openapi.yaml operationId PATCH_api_v1_users_id = PATCH /api/v1/users/{id}; traceability 4.5 FR-224 Permission=User.Update,Source field of the matrix row confirms operationId PATCH_api_v1_users_id; method and path verified in openapi.yaml; permission confirmed via traceability FR-224.
wave-b.csv:1098,AC-1778,AC,MOD-021,[STATE-007] Field contract: UserPatch.firstName respects type/required/nullable/limits/PATCH semantics,resolved,PATCH_api_v1_users_id,PATCH,/api/v1/users/{id},User.Update,Task.Application.MOD-021.PATCH_api_v1_users_idHandler,"SCR-036 История объекта; SCR-068 Проект: история; SCR-172 Карточка пользователя; SCR-186 Audit; SCR-201 ETag/If-Match, task aggregate, directory",FLOW-025 Optimistic conflict; FLOW-029 Блокировка пользователя; FLOW-030 Изменение permissions,Boundary/contract UI,implementation_matrix.csv wave-b.csv:1098 Source='dto_field_catalog.csv:UserPatch.firstName; openapi.yaml operation PATCH_api_v1_users_id'; openapi.yaml operationId PATCH_api_v1_users_id = PATCH /api/v1/users/{id}; traceability 4.5 FR-224 Permission=User.Update,Source field of the matrix row confirms operationId PATCH_api_v1_users_id; method and path verified in openapi.yaml; permission confirmed via traceability FR-224.
wave-b.csv:1099,AC-1779,AC,MOD-021,[STATE-007] Field contract: UserPatch.lastName respects type/required/nullable/limits/PATCH semantics,resolved,PATCH_api_v1_users_id,PATCH,/api/v1/users/{id},User.Update,Task.Application.MOD-021.PATCH_api_v1_users_idHandler,"SCR-036 История объекта; SCR-068 Проект: история; SCR-172 Карточка пользователя; SCR-186 Audit; SCR-201 ETag/If-Match, task aggregate, directory",FLOW-025 Optimistic conflict; FLOW-029 Блокировка пользователя; FLOW-030 Изменение permissions,Boundary/contract UI,implementation_matrix.csv wave-b.csv:1099 Source='dto_field_catalog.csv:UserPatch.lastName; openapi.yaml operation PATCH_api_v1_users_id'; openapi.yaml operationId PATCH_api_v1_users_id = PATCH /api/v1/users/{id}; traceability 4.5 FR-224 Permission=User.Update,Source field of the matrix row confirms operationId PATCH_api_v1_users_id; method and path verified in openapi.yaml; permission confirmed via traceability FR-224.
wave-b.csv:1100,AC-1780,AC,MOD-021,[STATE-007] Field contract: UserRolesReplace.expectedUserVersion respects type/required/nullable/limits/PATCH semantics,resolved,PUT_api_v1_users_id_roles,PUT,/api/v1/users/{id}/roles,User.ManageRoles,Task.Application.MOD-021.PUT_api_v1_users_id_rolesHandler,"SCR-036 История объекта; SCR-068 Проект: история; SCR-172 Карточка пользователя; SCR-186 Audit; SCR-201 ETag/If-Match, task aggregate, directory",FLOW-025 Optimistic conflict; FLOW-029 Блокировка пользователя; FLOW-030 Изменение permissions,Boundary/contract UI,implementation_matrix.csv wave-b.csv:1100 Source='dto_field_catalog.csv:UserRolesReplace.expectedUserVersion; openapi.yaml operation PUT_api_v1_users_id_roles'; openapi.yaml operationId PUT_api_v1_users_id_roles = PUT /api/v1/users/{id}/roles; traceability 4.5 FR-220 Permission=User.ManageRoles,Source field of the matrix row confirms operationId PUT_api_v1_users_id_roles; method and path verified in openapi.yaml; permission confirmed via traceability FR-220.
wave-b.csv:1101,AC-1781,AC,MOD-021,[STATE-007] Field contract: UserRolesReplace.roles respects type/required/nullable/limits/PATCH semantics,resolved,PUT_api_v1_users_id_roles,PUT,/api/v1/users/{id}/roles,User.ManageRoles,Task.Application.MOD-021.PUT_api_v1_users_id_rolesHandler,"SCR-036 История объекта; SCR-068 Проект: история; SCR-172 Карточка пользователя; SCR-186 Audit; SCR-201 ETag/If-Match, task aggregate, directory",FLOW-025 Optimistic conflict; FLOW-029 Блокировка пользователя; FLOW-030 Изменение permissions,Boundary/contract UI,implementation_matrix.csv wave-b.csv:1101 Source='dto_field_catalog.csv:UserRolesReplace.roles; openapi.yaml operation PUT_api_v1_users_id_roles'; openapi.yaml operationId PUT_api_v1_users_id_roles = PUT /api/v1/users/{id}/roles; traceability 4.5 FR-220 Permission=User.ManageRoles,Source field of the matrix row confirms operationId PUT_api_v1_users_id_roles; method and path verified in openapi.yaml; permission confirmed via traceability FR-220.
wave-b.csv:1102,AC-1782,AC,MOD-021,[STATE-007] Field contract: UserRolesReplace.roles[].roleId respects type/required/nullable/limits/PATCH semantics,resolved,PUT_api_v1_users_id_roles,PUT,/api/v1/users/{id}/roles,User.ManageRoles,Task.Application.MOD-021.PUT_api_v1_users_id_rolesHandler,"SCR-036 История объекта; SCR-068 Проект: история; SCR-172 Карточка пользователя; SCR-186 Audit; SCR-201 ETag/If-Match, task aggregate, directory",FLOW-025 Optimistic conflict; FLOW-029 Блокировка пользователя; FLOW-030 Изменение permissions,Boundary/contract UI,implementation_matrix.csv wave-b.csv:1102 Source='dto_field_catalog.csv:UserRolesReplace.roles[].roleId; openapi.yaml operation PUT_api_v1_users_id_roles'; openapi.yaml operationId PUT_api_v1_users_id_roles = PUT /api/v1/users/{id}/roles; traceability 4.5 FR-220 Permission=User.ManageRoles,Source field of the matrix row confirms operationId PUT_api_v1_users_id_roles; method and path verified in openapi.yaml; permission confirmed via traceability FR-220.
wave-b.csv:1103,AC-1783,AC,MOD-021,[STATE-007] Field contract: UserPatch.accountStatus respects type/required/nullable/limits/PATCH semantics,resolved,PATCH_api_v1_users_id,PATCH,/api/v1/users/{id},User.Update,Task.Application.MOD-021.PATCH_api_v1_users_idHandler,"SCR-036 История объекта; SCR-068 Проект: история; SCR-172 Карточка пользователя; SCR-186 Audit; SCR-201 ETag/If-Match, task aggregate, directory",FLOW-025 Optimistic conflict; FLOW-029 Блокировка пользователя; FLOW-030 Изменение permissions,Boundary/contract UI,implementation_matrix.csv wave-b.csv:1103 Source='dto_field_catalog.csv:UserPatch.accountStatus; openapi.yaml operation PATCH_api_v1_users_id'; openapi.yaml operationId PATCH_api_v1_users_id = PATCH /api/v1/users/{id}; traceability 4.5 FR-224 Permission=User.Update,Source field of the matrix row confirms operationId PATCH_api_v1_users_id; method and path verified in openapi.yaml; permission confirmed via traceability FR-224.
wave-b.csv:1104,AC-1784,AC,MOD-021,[STATE-007] Field contract: UserPatch.departmentId respects type/required/nullable/limits/PATCH semantics,resolved,PATCH_api_v1_users_id,PATCH,/api/v1/users/{id},User.Update,Task.Application.MOD-021.PATCH_api_v1_users_idHandler,"SCR-036 История объекта; SCR-068 Проект: история; SCR-172 Карточка пользователя; SCR-186 Audit; SCR-201 ETag/If-Match, task aggregate, directory",FLOW-025 Optimistic conflict; FLOW-029 Блокировка пользователя; FLOW-030 Изменение permissions,Boundary/contract UI,implementation_matrix.csv wave-b.csv:1104 Source='dto_field_catalog.csv:UserPatch.departmentId; openapi.yaml operation PATCH_api_v1_users_id'; openapi.yaml operationId PATCH_api_v1_users_id = PATCH /api/v1/users/{id}; traceability 4.5 FR-224 Permission=User.Update,Source field of the matrix row confirms operationId PATCH_api_v1_users_id; method and path verified in openapi.yaml; permission confirmed via traceability FR-224.
wave-b.csv:1105,AC-1785,AC,MOD-021,[STATE-007] Field contract: UserPatch.displayName respects type/required/nullable/limits/PATCH semantics,resolved,PATCH_api_v1_users_id,PATCH,/api/v1/users/{id},User.Update,Task.Application.MOD-021.PATCH_api_v1_users_idHandler,"SCR-036 История объекта; SCR-068 Проект: история; SCR-172 Карточка пользователя; SCR-186 Audit; SCR-201 ETag/If-Match, task aggregate, directory",FLOW-025 Optimistic conflict; FLOW-029 Блокировка пользователя; FLOW-030 Изменение permissions,Boundary/contract UI,implementation_matrix.csv wave-b.csv:1105 Source='dto_field_catalog.csv:UserPatch.displayName; openapi.yaml operation PATCH_api_v1_users_id'; openapi.yaml operationId PATCH_api_v1_users_id = PATCH /api/v1/users/{id}; traceability 4.5 FR-224 Permission=User.Update,Source field of the matrix row confirms operationId PATCH_api_v1_users_id; method and path verified in openapi.yaml; permission confirmed via traceability FR-224.
wave-b.csv:1106,AC-1786,AC,MOD-021,[STATE-007] Field contract: UserPatch.jobTitle respects type/required/nullable/limits/PATCH semantics,resolved,PATCH_api_v1_users_id,PATCH,/api/v1/users/{id},User.Update,Task.Application.MOD-021.PATCH_api_v1_users_idHandler,"SCR-036 История объекта; SCR-068 Проект: история; SCR-172 Карточка пользователя; SCR-186 Audit; SCR-201 ETag/If-Match, task aggregate, directory",FLOW-025 Optimistic conflict; FLOW-029 Блокировка пользователя; FLOW-030 Изменение permissions,Boundary/contract UI,implementation_matrix.csv wave-b.csv:1106 Source='dto_field_catalog.csv:UserPatch.jobTitle; openapi.yaml operation PATCH_api_v1_users_id'; openapi.yaml operationId PATCH_api_v1_users_id = PATCH /api/v1/users/{id}; traceability 4.5 FR-224 Permission=User.Update,Source field of the matrix row confirms operationId PATCH_api_v1_users_id; method and path verified in openapi.yaml; permission confirmed via traceability FR-224.
wave-b.csv:1107,AC-1787,AC,MOD-021,[STATE-007] Field contract: UserPatch.workEmail respects type/required/nullable/limits/PATCH semantics,resolved,PATCH_api_v1_users_id,PATCH,/api/v1/users/{id},User.Update,Task.Application.MOD-021.PATCH_api_v1_users_idHandler,"SCR-036 История объекта; SCR-068 Проект: история; SCR-172 Карточка пользователя; SCR-186 Audit; SCR-201 ETag/If-Match, task aggregate, directory",FLOW-025 Optimistic conflict; FLOW-029 Блокировка пользователя; FLOW-030 Изменение permissions,Boundary/contract UI,implementation_matrix.csv wave-b.csv:1107 Source='dto_field_catalog.csv:UserPatch.workEmail; openapi.yaml operation PATCH_api_v1_users_id'; openapi.yaml operationId PATCH_api_v1_users_id = PATCH /api/v1/users/{id}; traceability 4.5 FR-224 Permission=User.Update,Source field of the matrix row confirms operationId PATCH_api_v1_users_id; method and path verified in openapi.yaml; permission confirmed via traceability FR-224.
wave-b.csv:1108,AC-1788,AC,MOD-021,[STATE-007] Field contract: UserRolesReplace.roles[].departmentId respects type/required/nullable/limits/PATCH semantics,resolved,PUT_api_v1_users_id_roles,PUT,/api/v1/users/{id}/roles,User.ManageRoles,Task.Application.MOD-021.PUT_api_v1_users_id_rolesHandler,"SCR-036 История объекта; SCR-068 Проект: история; SCR-172 Карточка пользователя; SCR-186 Audit; SCR-201 ETag/If-Match, task aggregate, directory",FLOW-025 Optimistic conflict; FLOW-029 Блокировка пользователя; FLOW-030 Изменение permissions,Boundary/contract UI,implementation_matrix.csv wave-b.csv:1108 Source='dto_field_catalog.csv:UserRolesReplace.roles[].departmentId; openapi.yaml operation PUT_api_v1_users_id_roles'; openapi.yaml operationId PUT_api_v1_users_id_roles = PUT /api/v1/users/{id}/roles; traceability 4.5 FR-220 Permission=User.ManageRoles,Source field of the matrix row confirms operationId PUT_api_v1_users_id_roles; method and path verified in openapi.yaml; permission confirmed via traceability FR-220.
wave-b.csv:1109,AC-1789,AC,MOD-021,[STATE-007] Field contract: UserRolesReplace.roles[].validUntil respects type/required/nullable/limits/PATCH semantics,resolved,PUT_api_v1_users_id_roles,PUT,/api/v1/users/{id}/roles,User.ManageRoles,Task.Application.MOD-021.PUT_api_v1_users_id_rolesHandler,"SCR-036 История объекта; SCR-068 Проект: история; SCR-172 Карточка пользователя; SCR-186 Audit; SCR-201 ETag/If-Match, task aggregate, directory",FLOW-025 Optimistic conflict; FLOW-029 Блокировка пользователя; FLOW-030 Изменение permissions,Boundary/contract UI,implementation_matrix.csv wave-b.csv:1109 Source='dto_field_catalog.csv:UserRolesReplace.roles[].validUntil; openapi.yaml operation PUT_api_v1_users_id_roles'; openapi.yaml operationId PUT_api_v1_users_id_roles = PUT /api/v1/users/{id}/roles; traceability 4.5 FR-220 Permission=User.ManageRoles,Source field of the matrix row confirms operationId PUT_api_v1_users_id_roles; method and path verified in openapi.yaml; permission confirmed via traceability FR-220.
wave-b.csv:1111,AC-1848,AC,MOD-021,Permission denial for FR-235,resolved,GET_api_v1_audit,GET,/api/v1/audit,Audit.ReadAll,Task.Application.MOD-021.GET_api_v1_auditHandler,"SCR-036 История объекта; SCR-068 Проект: история; SCR-172 Карточка пользователя; SCR-186 Audit; SCR-201 ETag/If-Match, task aggregate, directory",FLOW-025 Optimistic conflict; FLOW-029 Блокировка пользователя; FLOW-030 Изменение permissions,Security/authorization,implementation_matrix.csv wave-b.csv:1111 Source='OpenAPI `GET_api_v1_audit`; Stage_3_Field_Traceability_Final_3.5.csv; cross-cutting requirement PERM-021'; openapi.yaml operationId GET_api_v1_audit = GET /api/v1/audit; traceability 4.5 FR-235 Permission=Audit.ReadAll,Source field of the matrix row confirms operationId GET_api_v1_audit; method and path verified in openapi.yaml; permission confirmed via traceability FR-235.
wave-b.csv:1112,AC-1869,AC,MOD-021,Stable error handling for FR-235,resolved,GET_api_v1_audit,GET,/api/v1/audit,Audit.ReadAll,Task.Application.MOD-021.GET_api_v1_auditHandler,"SCR-036 История объекта; SCR-068 Проект: история; SCR-172 Карточка пользователя; SCR-186 Audit; SCR-201 ETag/If-Match, task aggregate, directory",FLOW-025 Optimistic conflict; FLOW-029 Блокировка пользователя; FLOW-030 Изменение permissions,Error handling,implementation_matrix.csv wave-b.csv:1112 Source='OpenAPI `GET_api_v1_audit`; Stage_3_Field_Traceability_Final_3.5.csv; cross-cutting requirement ERR-021'; openapi.yaml operationId GET_api_v1_audit = GET /api/v1/audit; traceability 4.5 FR-235 Permission=Audit.ReadAll,Source field of the matrix row confirms operationId GET_api_v1_audit; method and path verified in openapi.yaml; permission confirmed via traceability FR-235.
wave-b.csv:1114,AC-1911,AC,MOD-021,Audit evidence for FR-235,resolved,GET_api_v1_audit,GET,/api/v1/audit,Audit.ReadAll,Task.Application.MOD-021.GET_api_v1_auditHandler,"SCR-036 История объекта; SCR-068 Проект: история; SCR-172 Карточка пользователя; SCR-186 Audit; SCR-201 ETag/If-Match, task aggregate, directory",FLOW-025 Optimistic conflict; FLOW-029 Блокировка пользователя; FLOW-030 Изменение permissions,Audit/security,implementation_matrix.csv wave-b.csv:1114 Source='OpenAPI `GET_api_v1_audit`; Stage_3_Field_Traceability_Final_3.5.csv; cross-cutting requirement AUDIT-021'; openapi.yaml operationId GET_api_v1_audit = GET /api/v1/audit; traceability 4.5 FR-235 Permission=Audit.ReadAll,Source field of the matrix row confirms operationId GET_api_v1_audit; method and path verified in openapi.yaml; permission confirmed via traceability FR-235.
wave-b.csv:1115,AC-2174,AC,MOD-021,Permission denial for FR-236,resolved,GET_api_v1_audit_export,GET,/api/v1/audit/export,Audit.ReadAll,Task.Application.MOD-021.GET_api_v1_audit_exportHandler,"SCR-036 История объекта; SCR-068 Проект: история; SCR-172 Карточка пользователя; SCR-186 Audit; SCR-201 ETag/If-Match, task aggregate, directory",FLOW-025 Optimistic conflict; FLOW-029 Блокировка пользователя; FLOW-030 Изменение permissions,Security/authorization,implementation_matrix.csv wave-b.csv:1115 Source='OpenAPI `GET_api_v1_audit_export`; Stage_3_Field_Traceability_Final_3.5.csv; cross-cutting requirement PERM-021'; openapi.yaml operationId GET_api_v1_audit_export = GET /api/v1/audit/export; traceability 4.5 FR-236 Permission=Audit.ReadAll,Source field of the matrix row confirms operationId GET_api_v1_audit_export; method and path verified in openapi.yaml; permission confirmed via traceability FR-236.
wave-b.csv:1116,AC-2175,AC,MOD-021,Permission denial for FR-237,resolved,GET_api_v1_objects_objectId_history,GET,/api/v1/objects/{objectId}/history,History.Read,Task.Application.MOD-021.GET_api_v1_objects_objectId_historyHandler,"SCR-036 История объекта; SCR-068 Проект: история; SCR-172 Карточка пользователя; SCR-186 Audit; SCR-201 ETag/If-Match, task aggregate, directory",FLOW-025 Optimistic conflict; FLOW-029 Блокировка пользователя; FLOW-030 Изменение permissions,Security/authorization,implementation_matrix.csv wave-b.csv:1116 Source='OpenAPI `GET_api_v1_objects_objectId_history`; Stage_3_Field_Traceability_Final_3.5.csv; cross-cutting requirement PERM-021'; openapi.yaml operationId GET_api_v1_objects_objectId_history = GET /api/v1/objects/{objectId}/history; traceability 4.5 FR-237 Permission=History.Read,Source field of the matrix row confirms operationId GET_api_v1_objects_objectId_history; method and path verified in openapi.yaml; permission confirmed via traceability FR-237.
wave-b.csv:1117,AC-2176,AC,MOD-021,Permission denial for FR-238,resolved,GET_api_v1_objects_objectId_history_version,GET,/api/v1/objects/{objectId}/history/{version},History.Read,Task.Application.MOD-021.GET_api_v1_objects_objectId_history_versionHandler,"SCR-036 История объекта; SCR-068 Проект: история; SCR-172 Карточка пользователя; SCR-186 Audit; SCR-201 ETag/If-Match, task aggregate, directory",FLOW-025 Optimistic conflict; FLOW-029 Блокировка пользователя; FLOW-030 Изменение permissions,Security/authorization,implementation_matrix.csv wave-b.csv:1117 Source='OpenAPI `GET_api_v1_objects_objectId_history_version`; Stage_3_Field_Traceability_Final_3.5.csv; cross-cutting requirement PERM-021'; openapi.yaml operationId GET_api_v1_objects_objectId_history_version = GET /api/v1/objects/{objectId}/history/{version}; traceability 4.5 FR-238 Permission=History.Read,Source field of the matrix row confirms operationId GET_api_v1_objects_objectId_history_version; method and path verified in openapi.yaml; permission confirmed via traceability FR-238.
wave-b.csv:1118,AC-2177,AC,MOD-021,Permission denial for FR-239,resolved,GET_api_v1_projects_id_history,GET,/api/v1/projects/{id}/history,History.Read,Task.Application.MOD-021.GET_api_v1_projects_id_historyHandler,"SCR-036 История объекта; SCR-068 Проект: история; SCR-172 Карточка пользователя; SCR-186 Audit; SCR-201 ETag/If-Match, task aggregate, directory",FLOW-025 Optimistic conflict; FLOW-029 Блокировка пользователя; FLOW-030 Изменение permissions,Security/authorization,implementation_matrix.csv wave-b.csv:1118 Source='OpenAPI `GET_api_v1_projects_id_history`; Stage_3_Field_Traceability_Final_3.5.csv; cross-cutting requirement PERM-021'; openapi.yaml operationId GET_api_v1_projects_id_history = GET /api/v1/projects/{id}/history; traceability 4.5 FR-239 Permission=History.Read,Source field of the matrix row confirms operationId GET_api_v1_projects_id_history; method and path verified in openapi.yaml; permission confirmed via traceability FR-239.
wave-b.csv:1119,AC-2178,AC,MOD-021,Permission denial for FR-240,resolved,GET_api_v1_tasks_id_history,GET,/api/v1/tasks/{id}/history,History.Read,Task.Application.MOD-021.GET_api_v1_tasks_id_historyHandler,"SCR-036 История объекта; SCR-068 Проект: история; SCR-172 Карточка пользователя; SCR-186 Audit; SCR-201 ETag/If-Match, task aggregate, directory",FLOW-025 Optimistic conflict; FLOW-029 Блокировка пользователя; FLOW-030 Изменение permissions,Security/authorization,implementation_matrix.csv wave-b.csv:1119 Source='OpenAPI `GET_api_v1_tasks_id_history`; Stage_3_Field_Traceability_Final_3.5.csv; cross-cutting requirement PERM-021'; openapi.yaml operationId GET_api_v1_tasks_id_history = GET /api/v1/tasks/{id}/history; traceability 4.5 FR-240 Permission=History.Read,Source field of the matrix row confirms operationId GET_api_v1_tasks_id_history; method and path verified in openapi.yaml; permission confirmed via traceability FR-240.
wave-b.csv:1120,AC-2179,AC,MOD-021,Permission denial for FR-241,resolved,GET_api_v1_users_id_history,GET,/api/v1/users/{id}/history,History.Read,Task.Application.MOD-021.GET_api_v1_users_id_historyHandler,"SCR-036 История объекта; SCR-068 Проект: история; SCR-172 Карточка пользователя; SCR-186 Audit; SCR-201 ETag/If-Match, task aggregate, directory",FLOW-025 Optimistic conflict; FLOW-029 Блокировка пользователя; FLOW-030 Изменение permissions,Security/authorization,implementation_matrix.csv wave-b.csv:1120 Source='OpenAPI `GET_api_v1_users_id_history`; Stage_3_Field_Traceability_Final_3.5.csv; cross-cutting requirement PERM-021'; openapi.yaml operationId GET_api_v1_users_id_history = GET /api/v1/users/{id}/history; traceability 4.5 FR-241 Permission=History.Read,Source field of the matrix row confirms operationId GET_api_v1_users_id_history; method and path verified in openapi.yaml; permission confirmed via traceability FR-241.
wave-b.csv:1121,AC-2180,AC,MOD-021,Permission denial for FR-269,unresolved,,,,,,"SCR-036 История объекта; SCR-068 Проект: история; SCR-172 Карточка пользователя; SCR-186 Audit; SCR-201 ETag/If-Match, task aggregate, directory",FLOW-025 Optimistic conflict; FLOW-029 Блокировка пользователя; FLOW-030 Изменение permissions,Security/authorization,implementation_matrix.csv wave-b.csv:1121 title='Permission denial for FR-269'; traceability 4.5 FR-269 API cell='Desktop-only; использует существующие read/command API при необходимости'.,FR-269 is Desktop-only with no dedicated API operation; the allowed sources confirm no server operation for this AC.
wave-b.csv:1122,AC-2432,AC,MOD-021,Stable error handling for FR-236,resolved,GET_api_v1_audit_export,GET,/api/v1/audit/export,Audit.ReadAll,Task.Application.MOD-021.GET_api_v1_audit_exportHandler,"SCR-036 История объекта; SCR-068 Проект: история; SCR-172 Карточка пользователя; SCR-186 Audit; SCR-201 ETag/If-Match, task aggregate, directory",FLOW-025 Optimistic conflict; FLOW-029 Блокировка пользователя; FLOW-030 Изменение permissions,Error handling,implementation_matrix.csv wave-b.csv:1122 Source='OpenAPI `GET_api_v1_audit_export`; Stage_3_Field_Traceability_Final_3.5.csv; cross-cutting requirement ERR-021'; openapi.yaml operationId GET_api_v1_audit_export = GET /api/v1/audit/export; traceability 4.5 FR-236 Permission=Audit.ReadAll,Source field of the matrix row confirms operationId GET_api_v1_audit_export; method and path verified in openapi.yaml; permission confirmed via traceability FR-236.
wave-b.csv:1123,AC-2433,AC,MOD-021,Stable error handling for FR-237,resolved,GET_api_v1_objects_objectId_history,GET,/api/v1/objects/{objectId}/history,History.Read,Task.Application.MOD-021.GET_api_v1_objects_objectId_historyHandler,"SCR-036 История объекта; SCR-068 Проект: история; SCR-172 Карточка пользователя; SCR-186 Audit; SCR-201 ETag/If-Match, task aggregate, directory",FLOW-025 Optimistic conflict; FLOW-029 Блокировка пользователя; FLOW-030 Изменение permissions,Error handling,implementation_matrix.csv wave-b.csv:1123 Source='OpenAPI `GET_api_v1_objects_objectId_history`; Stage_3_Field_Traceability_Final_3.5.csv; cross-cutting requirement ERR-021'; openapi.yaml operationId GET_api_v1_objects_objectId_history = GET /api/v1/objects/{objectId}/history; traceability 4.5 FR-237 Permission=History.Read,Source field of the matrix row confirms operationId GET_api_v1_objects_objectId_history; method and path verified in openapi.yaml; permission confirmed via traceability FR-237.
wave-b.csv:1124,AC-2434,AC,MOD-021,Stable error handling for FR-238,resolved,GET_api_v1_objects_objectId_history_version,GET,/api/v1/objects/{objectId}/history/{version},History.Read,Task.Application.MOD-021.GET_api_v1_objects_objectId_history_versionHandler,"SCR-036 История объекта; SCR-068 Проект: история; SCR-172 Карточка пользователя; SCR-186 Audit; SCR-201 ETag/If-Match, task aggregate, directory",FLOW-025 Optimistic conflict; FLOW-029 Блокировка пользователя; FLOW-030 Изменение permissions,Error handling,implementation_matrix.csv wave-b.csv:1124 Source='OpenAPI `GET_api_v1_objects_objectId_history_version`; Stage_3_Field_Traceability_Final_3.5.csv; cross-cutting requirement ERR-021'; openapi.yaml operationId GET_api_v1_objects_objectId_history_version = GET /api/v1/objects/{objectId}/history/{version}; traceability 4.5 FR-238 Permission=History.Read,Source field of the matrix row confirms operationId GET_api_v1_objects_objectId_history_version; method and path verified in openapi.yaml; permission confirmed via traceability FR-238.
wave-b.csv:1125,AC-2435,AC,MOD-021,Stable error handling for FR-239,resolved,GET_api_v1_projects_id_history,GET,/api/v1/projects/{id}/history,History.Read,Task.Application.MOD-021.GET_api_v1_projects_id_historyHandler,"SCR-036 История объекта; SCR-068 Проект: история; SCR-172 Карточка пользователя; SCR-186 Audit; SCR-201 ETag/If-Match, task aggregate, directory",FLOW-025 Optimistic conflict; FLOW-029 Блокировка пользователя; FLOW-030 Изменение permissions,Error handling,implementation_matrix.csv wave-b.csv:1125 Source='OpenAPI `GET_api_v1_projects_id_history`; Stage_3_Field_Traceability_Final_3.5.csv; cross-cutting requirement ERR-021'; openapi.yaml operationId GET_api_v1_projects_id_history = GET /api/v1/projects/{id}/history; traceability 4.5 FR-239 Permission=History.Read,Source field of the matrix row confirms operationId GET_api_v1_projects_id_history; method and path verified in openapi.yaml; permission confirmed via traceability FR-239.
wave-b.csv:1126,AC-2436,AC,MOD-021,Stable error handling for FR-240,resolved,GET_api_v1_tasks_id_history,GET,/api/v1/tasks/{id}/history,History.Read,Task.Application.MOD-021.GET_api_v1_tasks_id_historyHandler,"SCR-036 История объекта; SCR-068 Проект: история; SCR-172 Карточка пользователя; SCR-186 Audit; SCR-201 ETag/If-Match, task aggregate, directory",FLOW-025 Optimistic conflict; FLOW-029 Блокировка пользователя; FLOW-030 Изменение permissions,Error handling,implementation_matrix.csv wave-b.csv:1126 Source='OpenAPI `GET_api_v1_tasks_id_history`; Stage_3_Field_Traceability_Final_3.5.csv; cross-cutting requirement ERR-021'; openapi.yaml operationId GET_api_v1_tasks_id_history = GET /api/v1/tasks/{id}/history; traceability 4.5 FR-240 Permission=History.Read,Source field of the matrix row confirms operationId GET_api_v1_tasks_id_history; method and path verified in openapi.yaml; permission confirmed via traceability FR-240.
wave-b.csv:1127,AC-2437,AC,MOD-021,Stable error handling for FR-241,resolved,GET_api_v1_users_id_history,GET,/api/v1/users/{id}/history,History.Read,Task.Application.MOD-021.GET_api_v1_users_id_historyHandler,"SCR-036 История объекта; SCR-068 Проект: история; SCR-172 Карточка пользователя; SCR-186 Audit; SCR-201 ETag/If-Match, task aggregate, directory",FLOW-025 Optimistic conflict; FLOW-029 Блокировка пользователя; FLOW-030 Изменение permissions,Error handling,implementation_matrix.csv wave-b.csv:1127 Source='OpenAPI `GET_api_v1_users_id_history`; Stage_3_Field_Traceability_Final_3.5.csv; cross-cutting requirement ERR-021'; openapi.yaml operationId GET_api_v1_users_id_history = GET /api/v1/users/{id}/history; traceability 4.5 FR-241 Permission=History.Read,Source field of the matrix row confirms operationId GET_api_v1_users_id_history; method and path verified in openapi.yaml; permission confirmed via traceability FR-241.
wave-b.csv:1128,AC-2438,AC,MOD-021,Stable error handling for FR-269,unresolved,,,,,,"SCR-036 История объекта; SCR-068 Проект: история; SCR-172 Карточка пользователя; SCR-186 Audit; SCR-201 ETag/If-Match, task aggregate, directory",FLOW-025 Optimistic conflict; FLOW-029 Блокировка пользователя; FLOW-030 Изменение permissions,Error handling,implementation_matrix.csv wave-b.csv:1128 title='Stable error handling for FR-269'; traceability 4.5 FR-269 API cell='Desktop-only; использует существующие read/command API при необходимости'.,FR-269 is Desktop-only with no dedicated API operation; the allowed sources confirm no server operation for this AC.
wave-b.csv:1136,AC-2948,AC,MOD-021,Audit evidence for FR-236,resolved,GET_api_v1_audit_export,GET,/api/v1/audit/export,Audit.ReadAll,Task.Application.MOD-021.GET_api_v1_audit_exportHandler,"SCR-036 История объекта; SCR-068 Проект: история; SCR-172 Карточка пользователя; SCR-186 Audit; SCR-201 ETag/If-Match, task aggregate, directory",FLOW-025 Optimistic conflict; FLOW-029 Блокировка пользователя; FLOW-030 Изменение permissions,Audit/security,implementation_matrix.csv wave-b.csv:1136 Source='OpenAPI `GET_api_v1_audit_export`; Stage_3_Field_Traceability_Final_3.5.csv; cross-cutting requirement AUDIT-021'; openapi.yaml operationId GET_api_v1_audit_export = GET /api/v1/audit/export; traceability 4.5 FR-236 Permission=Audit.ReadAll,Source field of the matrix row confirms operationId GET_api_v1_audit_export; method and path verified in openapi.yaml; permission confirmed via traceability FR-236.
wave-b.csv:1137,AC-2949,AC,MOD-021,Audit evidence for FR-237,resolved,GET_api_v1_objects_objectId_history,GET,/api/v1/objects/{objectId}/history,History.Read,Task.Application.MOD-021.GET_api_v1_objects_objectId_historyHandler,"SCR-036 История объекта; SCR-068 Проект: история; SCR-172 Карточка пользователя; SCR-186 Audit; SCR-201 ETag/If-Match, task aggregate, directory",FLOW-025 Optimistic conflict; FLOW-029 Блокировка пользователя; FLOW-030 Изменение permissions,Audit/security,implementation_matrix.csv wave-b.csv:1137 Source='OpenAPI `GET_api_v1_objects_objectId_history`; Stage_3_Field_Traceability_Final_3.5.csv; cross-cutting requirement AUDIT-021'; openapi.yaml operationId GET_api_v1_objects_objectId_history = GET /api/v1/objects/{objectId}/history; traceability 4.5 FR-237 Permission=History.Read,Source field of the matrix row confirms operationId GET_api_v1_objects_objectId_history; method and path verified in openapi.yaml; permission confirmed via traceability FR-237.
wave-b.csv:1138,AC-2950,AC,MOD-021,Audit evidence for FR-238,resolved,GET_api_v1_objects_objectId_history_version,GET,/api/v1/objects/{objectId}/history/{version},History.Read,Task.Application.MOD-021.GET_api_v1_objects_objectId_history_versionHandler,"SCR-036 История объекта; SCR-068 Проект: история; SCR-172 Карточка пользователя; SCR-186 Audit; SCR-201 ETag/If-Match, task aggregate, directory",FLOW-025 Optimistic conflict; FLOW-029 Блокировка пользователя; FLOW-030 Изменение permissions,Audit/security,implementation_matrix.csv wave-b.csv:1138 Source='OpenAPI `GET_api_v1_objects_objectId_history_version`; Stage_3_Field_Traceability_Final_3.5.csv; cross-cutting requirement AUDIT-021'; openapi.yaml operationId GET_api_v1_objects_objectId_history_version = GET /api/v1/objects/{objectId}/history/{version}; traceability 4.5 FR-238 Permission=History.Read,Source field of the matrix row confirms operationId GET_api_v1_objects_objectId_history_version; method and path verified in openapi.yaml; permission confirmed via traceability FR-238.
wave-b.csv:1139,AC-2951,AC,MOD-021,Audit evidence for FR-239,resolved,GET_api_v1_projects_id_history,GET,/api/v1/projects/{id}/history,History.Read,Task.Application.MOD-021.GET_api_v1_projects_id_historyHandler,"SCR-036 История объекта; SCR-068 Проект: история; SCR-172 Карточка пользователя; SCR-186 Audit; SCR-201 ETag/If-Match, task aggregate, directory",FLOW-025 Optimistic conflict; FLOW-029 Блокировка пользователя; FLOW-030 Изменение permissions,Audit/security,implementation_matrix.csv wave-b.csv:1139 Source='OpenAPI `GET_api_v1_projects_id_history`; Stage_3_Field_Traceability_Final_3.5.csv; cross-cutting requirement AUDIT-021'; openapi.yaml operationId GET_api_v1_projects_id_history = GET /api/v1/projects/{id}/history; traceability 4.5 FR-239 Permission=History.Read,Source field of the matrix row confirms operationId GET_api_v1_projects_id_history; method and path verified in openapi.yaml; permission confirmed via traceability FR-239.
wave-b.csv:1140,AC-2952,AC,MOD-021,Audit evidence for FR-240,resolved,GET_api_v1_tasks_id_history,GET,/api/v1/tasks/{id}/history,History.Read,Task.Application.MOD-021.GET_api_v1_tasks_id_historyHandler,"SCR-036 История объекта; SCR-068 Проект: история; SCR-172 Карточка пользователя; SCR-186 Audit; SCR-201 ETag/If-Match, task aggregate, directory",FLOW-025 Optimistic conflict; FLOW-029 Блокировка пользователя; FLOW-030 Изменение permissions,Audit/security,implementation_matrix.csv wave-b.csv:1140 Source='OpenAPI `GET_api_v1_tasks_id_history`; Stage_3_Field_Traceability_Final_3.5.csv; cross-cutting requirement AUDIT-021'; openapi.yaml operationId GET_api_v1_tasks_id_history = GET /api/v1/tasks/{id}/history; traceability 4.5 FR-240 Permission=History.Read,Source field of the matrix row confirms operationId GET_api_v1_tasks_id_history; method and path verified in openapi.yaml; permission confirmed via traceability FR-240.
wave-b.csv:1141,AC-2953,AC,MOD-021,Audit evidence for FR-241,resolved,GET_api_v1_users_id_history,GET,/api/v1/users/{id}/history,History.Read,Task.Application.MOD-021.GET_api_v1_users_id_historyHandler,"SCR-036 История объекта; SCR-068 Проект: история; SCR-172 Карточка пользователя; SCR-186 Audit; SCR-201 ETag/If-Match, task aggregate, directory",FLOW-025 Optimistic conflict; FLOW-029 Блокировка пользователя; FLOW-030 Изменение permissions,Audit/security,implementation_matrix.csv wave-b.csv:1141 Source='OpenAPI `GET_api_v1_users_id_history`; Stage_3_Field_Traceability_Final_3.5.csv; cross-cutting requirement AUDIT-021'; openapi.yaml operationId GET_api_v1_users_id_history = GET /api/v1/users/{id}/history; traceability 4.5 FR-241 Permission=History.Read,Source field of the matrix row confirms operationId GET_api_v1_users_id_history; method and path verified in openapi.yaml; permission confirmed via traceability FR-241.
wave-b.csv:1142,AC-2954,AC,MOD-021,Audit evidence for FR-269,unresolved,,,,,,"SCR-036 История объекта; SCR-068 Проект: история; SCR-172 Карточка пользователя; SCR-186 Audit; SCR-201 ETag/If-Match, task aggregate, directory",FLOW-025 Optimistic conflict; FLOW-029 Блокировка пользователя; FLOW-030 Изменение permissions,Audit/security,implementation_matrix.csv wave-b.csv:1142 title='Audit evidence for FR-269'; traceability 4.5 FR-269 API cell='Desktop-only; использует существующие read/command API при необходимости'.,FR-269 is Desktop-only with no dedicated API operation; the allowed sources confirm no server operation for this AC.
