Requirement,Type,Module,Module name,Requirement title,API operationId,API path (method),Permission,Server handler (planned),Screen (Stage 3.5),FLOW (Stage 3.5),Acceptance criteria (AC),Test type,Priority,Source
BR-001,BR,ALL,Все модули (Wave A: 9 модулей),Организация одна; каждая общая запись ограничена organization boundary.,—,—,—,—,—,—,AC-001,Integration/contract,High,Концепция §3.1; Архитектура A1-11
BR-002,BR,ALL,Все модули (Wave A: 9 модулей),"UserAccount отвечает за аутентификацию, EmployeeProfile — за рабочий профиль.",—,—,—,—,—,—,AC-002,Integration/contract,High,Stage 2.3.1 C-03
BR-003,BR,ALL,Все модули (Wave A: 9 модулей),Сервер является единственным источником истины; локальный cache disposable и read-only при outage.,—,—,—,—,—,—,AC-003,Integration/contract,High,Архитектура A1-01/A1-03; DEC-006
BR-004,BR,ALL,Все модули (Wave A: 9 модулей),"Любое действие разрешается сервером по RBAC/ReBAC/ABAC, explicit deny сильнее allow, default deny.",—,—,—,—,—,—,AC-004,Integration/contract,Critical,ADR-002; DEC-004
BR-005,BR,ALL,Все модули (Wave A: 9 модулей),"Business status, derived state, archive, trash и UI state не смешиваются.",—,—,—,—,—,—,AC-005,Integration/contract,High,DEC-005
BR-006,BR,ALL,Все модули (Wave A: 9 модулей),Archived object по умолчанию read-only; Trashed object доступен только для restore/purge.,—,—,—,—,—,—,AC-006,Integration/contract,High,ADR-011; DEC-023
BR-007,BR,ALL,Все модули (Wave A: 9 модулей),Удаление metadata рабочего файла не удаляет физический файл.,—,—,—,—,—,—,AC-007,Integration/contract,Critical,Концепция §22.2; DEC-018
BR-008,BR,ALL,Все модули (Wave A: 9 модулей),Физический доступ к файлу определяется Windows/SMB ACL после metadata permission.,—,—,—,—,—,—,AC-008,Integration/contract,Critical,Архитектура A1-06; GAP-004
BR-009,BR,ALL,Все модули (Wave A: 9 модулей),Versioned write требует If-Match; stale version не перезаписывается молча.,—,—,—,—,—,—,AC-009,Integration/contract,Critical,ADR-004; DEC-038
BR-010,BR,ALL,Все модули (Wave A: 9 модулей),Safe retry допускается только для safe/idempotent operation с сохранением request hash/key.,—,—,—,—,—,—,AC-010,Integration/contract,High,Stage 2.3.1 idempotency
BR-011,BR,ALL,Все модули (Wave A: 9 модулей),Audit append-only; secrets и неразрешённые sensitive paths редактируются или не записываются.,—,—,—,—,—,—,AC-011,Integration/contract,High,ADR-009; архитектура
BR-012,BR,ALL,Все модули (Wave A: 9 модулей),Realtime signal является invalidation; durable recovery выполняется через change feed.,—,—,—,—,—,—,AC-012,Integration/contract,High,ADR-005
BR-013,BR,ALL,Все модули (Wave A: 9 модулей),Search фильтруется по authorization и filters до pagination; client post-filter запрещён.,—,—,—,—,—,—,AC-013,Integration/contract,High,DEC-040; Search Contract
BR-014,BR,ALL,Все модули (Wave A: 9 модулей),UI hidden/disabled state не заменяет server-side permission check.,—,—,—,—,—,—,AC-014,Integration/contract,Critical,DEC-030
BR-015,BR,ALL,Все модули (Wave A: 9 модулей),PATCH omitted означает unchanged; explicit null очищает только nullable field.,—,—,—,—,—,—,AC-015,Integration/contract,High,DEC-037
BR-113,BR,ALL,Все модули (Wave A: 9 модулей),"Analytics не хранит полный query, PII, paths, secrets или notification contents; product/diagnostic/audit разделены.",—,—,—,—,SCR-133 Глобальный поиск; SCR-153 Notifications и DND,"FLOW-019 Глобальный поиск; FLOW-038 Управление организационной шкалой срочности (Stage 4.5, DEC-060)",AC-1823,Privacy,Critical,Stage 2.3.1 OpenAPI 1.2.0-stage2.3; Stage 3.5 UX baseline; Stage 4.3 remediation
FR-001,FR,MOD-001,Авторизация и сессии,Система должна позволять пользователю с capability `User.ResetPassword` выполнить действие «Администратор задаёт временный пароль» и считать его успешным только после подтверждения сервера.,POST_api_v1_auth_admin_reset_password,POST /api/v1/auth/admin-reset-password,User.ResetPassword,OrganizerController.POST_api_v1_auth_admin_reset_password,SCR-173 Создание/активация пользователя,FLOW-001 Первый вход; FLOW-002 Обычный вход; FLOW-003 Истечение сессии,AC-098;AC-099;AC-100;AC-101;AC-102;AC-103,Contract/integration; Security/authorization; Security/session; Concurrency/integration; Desktop/resilience; Integration,Critical,OpenAPI `POST_api_v1_auth_admin_reset_password`; Stage_3_Field_Traceability_Final_3.5.csv
DATA-001,DATA,MOD-001,Авторизация и сессии,Данные модуля: DTO/агрегаты и их поля по OpenAPI,— (операции модуля),—,—,—,SCR-001 Вход; SCR-002 Подключение к серверу; SCR-006 Сессия прервана; SCR-161 Мои devices и sessions,FLOW-001 Первый вход; FLOW-002 Обычный вход; FLOW-003 Истечение сессии,AC-1436;AC-1437;AC-1438;AC-1439;AC-1440;AC-1441;AC-1442;AC-1443;AC-1444;AC-1445;AC-1446,Boundary/contract UI,High,DEC-036/037/041
PERM-001,PERM,MOD-001,Авторизация и сессии,Права модуля: capabilities и scopes по OpenAPI,— (операции модуля),—,—,—,SCR-001 Вход; SCR-002 Подключение к серверу; SCR-006 Сессия прервана; SCR-161 Мои devices и sessions,FLOW-001 Первый вход; FLOW-002 Обычный вход; FLOW-003 Истечение сессии,AC-1828;AC-1923;AC-1924;AC-1925;AC-1926;AC-1927;AC-1928;AC-1929;AC-1930;AC-1931;AC-1932,Security/authorization,Critical,DEC-004/030; OpenAPI
ERR-001,ERR,MOD-001,Авторизация и сессии,"Ошибки модуля: стабильные коды, HTTP-статусы и recovery по OpenAPI",— (операции модуля),—,—,—,SCR-001 Вход; SCR-002 Подключение к серверу; SCR-006 Сессия прервана; SCR-161 Мои devices и sessions,FLOW-001 Первый вход; FLOW-002 Обычный вход; FLOW-003 Истечение сессии,AC-1849;AC-2181;AC-2182;AC-2183;AC-2184;AC-2185;AC-2186;AC-2187;AC-2188;AC-2189;AC-2190,Error handling,High,errors.csv; State Matrix
SYNC-001,SYNC,MOD-001,Авторизация и сессии,"Синхронизация модуля: bootstrap/incremental sync, ack, cursor, scope invalidation",GET_api_v1_sync_changes; POST_api_v1_sync_bootstrap; POST_api_v1_sync_ack,GET /api/v1/sync/changes; POST /api/v1/sync/bootstrap; POST /api/v1/sync/ack,—,OrganizerController.GET_api_v1_sync_changes; OrganizerController.POST_api_v1_sync_bootstrap; OrganizerController.POST_api_v1_sync_ack,SCR-001 Вход; SCR-002 Подключение к серверу; SCR-006 Сессия прервана; SCR-161 Мои devices и sessions,FLOW-001 Первый вход; FLOW-002 Обычный вход; FLOW-003 Истечение сессии,AC-1870;AC-2439;AC-2440;AC-2441;AC-2442;AC-2443;AC-2444;AC-2445;AC-2446;AC-2447;AC-2448,Desktop/resilience,High,ADR-005/015; DEC-006/032
AUDIT-001,AUDIT,MOD-001,Авторизация и сессии,"Аудит и история действий модуля (append-only, redaction-aware)",— (domain command + audit/history endpoints),—,—,— (domain handlers + audit pipeline),SCR-001 Вход; SCR-002 Подключение к серверу; SCR-006 Сессия прервана; SCR-161 Мои devices и sessions,FLOW-001 Первый вход; FLOW-002 Обычный вход; FLOW-003 Истечение сессии,AC-1891;AC-2697;AC-2698;AC-2699;AC-2700;AC-2701;AC-2702;AC-2703;AC-2704;AC-2705;AC-2706,Audit/security,Critical,Architecture audit principles; OpenAPI side effects
FR-002,FR,MOD-001,Авторизация и сессии,Система должна позволять пользователю с capability `Authenticated` выполнить действие «Смена собственного пароля» и считать его успешным только после подтверждения сервера.,POST_api_v1_auth_change_password,POST /api/v1/auth/change-password,Authenticated,OrganizerController.POST_api_v1_auth_change_password,SCR-152 Пароль и безопасность,FLOW-001 Первый вход; FLOW-002 Обычный вход; FLOW-003 Истечение сессии,AC-104;AC-105;AC-106;AC-107;AC-108;AC-109,Contract/integration; Security/session; Contract/UI; Concurrency/integration; Desktop/resilience; Integration,Critical; High,OpenAPI `POST_api_v1_auth_change_password`; Stage_3_Field_Traceability_Final_3.5.csv
FR-003,FR,MOD-001,Авторизация и сессии,Система должна позволять пользователю с capability `Anonymous` выполнить действие «Вход по логину/паролю» и считать его успешным только после подтверждения сервера.,POST_api_v1_auth_login,POST /api/v1/auth/login,Anonymous,OrganizerController.POST_api_v1_auth_login,SCR-001 Вход,FLOW-001 Первый вход,AC-110;AC-111;AC-112,Contract/integration; Desktop/resilience; Integration,Critical,OpenAPI `POST_api_v1_auth_login`; Stage_3_Field_Traceability_Final_3.5.csv
FR-004,FR,MOD-001,Авторизация и сессии,Система должна позволять пользователю с capability `SecurityAudit.Read` выполнить действие «Журнал входов» и считать его успешным только после подтверждения сервера.,GET_api_v1_auth_login_attempts,GET /api/v1/auth/login-attempts,SecurityAudit.Read,OrganizerController.GET_api_v1_auth_login_attempts,SCR-181 Sessions и login attempts,FLOW-001 Первый вход; FLOW-002 Обычный вход; FLOW-003 Истечение сессии,AC-113;AC-114;AC-115,Contract/integration; Security/authorization; Security/session,High; Critical,OpenAPI `GET_api_v1_auth_login_attempts`; Stage_3_Field_Traceability_Final_3.5.csv
FR-005,FR,MOD-001,Авторизация и сессии,Система должна позволять пользователю с capability `Authenticated` выполнить действие «Завершить текущую сессию» и считать его успешным только после подтверждения сервера.,POST_api_v1_auth_logout,POST /api/v1/auth/logout,Authenticated,OrganizerController.POST_api_v1_auth_logout,SCR-161 Мои devices и sessions,FLOW-003 Истечение сессии,AC-116;AC-117;AC-118,Contract/integration; Security/session; Desktop/resilience,Critical,OpenAPI `POST_api_v1_auth_logout`; Stage_3_Field_Traceability_Final_3.5.csv
FR-006,FR,MOD-001,Авторизация и сессии,Система должна позволять пользователю с capability `Authenticated` выполнить действие «Отозвать все сессии пользователя» и считать его успешным только после подтверждения сервера.,POST_api_v1_auth_logout_all,POST /api/v1/auth/logout-all,Authenticated,OrganizerController.POST_api_v1_auth_logout_all,SCR-152 Пароль и безопасность; SCR-161 Мои devices и sessions,FLOW-001 Первый вход; FLOW-002 Обычный вход; FLOW-003 Истечение сессии,AC-119;AC-120;AC-121;AC-122;AC-123,Contract/integration; Security/session; Concurrency/integration; Desktop/resilience; Integration,Critical,OpenAPI `POST_api_v1_auth_logout_all`; Stage_3_Field_Traceability_Final_3.5.csv
FR-007,FR,MOD-001,Авторизация и сессии,Система должна позволять пользователю с capability `Anonymous.SessionRefresh` выполнить действие «Ротация refresh token» и считать его успешным только после подтверждения сервера.,POST_api_v1_auth_refresh,POST /api/v1/auth/refresh,Anonymous.SessionRefresh,OrganizerController.POST_api_v1_auth_refresh,SCR-006 Сессия прервана,FLOW-002 Обычный вход; FLOW-003 Истечение сессии; FLOW-024 Восстановление соединения,AC-124;AC-125;AC-126;AC-127,Contract/integration; Security/session; Concurrency/integration; Desktop/resilience,Critical,OpenAPI `POST_api_v1_auth_refresh`; Stage_3_Field_Traceability_Final_3.5.csv
FR-008,FR,MOD-001,Авторизация и сессии,Система должна позволять пользователю с capability `Authenticated` выполнить действие «Текущая сессия и capabilities» и считать его успешным только после подтверждения сервера.,GET_api_v1_auth_session,GET /api/v1/auth/session,Authenticated,OrganizerController.GET_api_v1_auth_session,SCR-006 Сессия прервана; SCR-161 Мои devices и sessions,FLOW-002 Обычный вход; FLOW-003 Истечение сессии; FLOW-024 Восстановление соединения,AC-128;AC-129,Contract/integration; Security/session,High; Critical,OpenAPI `GET_api_v1_auth_session`; Stage_3_Field_Traceability_Final_3.5.csv
FR-009,FR,MOD-001,Авторизация и сессии,Система должна позволять пользователю с capability `Session.ReadOwnOrAll` выполнить действие «Список собственных/разрешённых сессий» и считать его успешным только после подтверждения сервера.,GET_api_v1_auth_sessions,GET /api/v1/auth/sessions,Session.ReadOwnOrAll,OrganizerController.GET_api_v1_auth_sessions,SCR-161 Мои devices и sessions; SCR-181 Sessions и login attempts,FLOW-001 Первый вход; FLOW-002 Обычный вход; FLOW-003 Истечение сессии,AC-130;AC-131;AC-132,Contract/integration; Security/authorization; Security/session,High; Critical,OpenAPI `GET_api_v1_auth_sessions`; Stage_3_Field_Traceability_Final_3.5.csv
FR-010,FR,MOD-001,Авторизация и сессии,Система должна позволять пользователю с capability `Session.RevokeOwnOrAll` выполнить действие «Отозвать сессию» и считать его успешным только после подтверждения сервера.,POST_api_v1_auth_sessions_sessionId_revoke,POST /api/v1/auth/sessions/{sessionId}/revoke,Session.RevokeOwnOrAll,OrganizerController.POST_api_v1_auth_sessions_sessionId_revoke,SCR-161 Мои devices и sessions; SCR-181 Sessions и login attempts,FLOW-001 Первый вход; FLOW-002 Обычный вход; FLOW-003 Истечение сессии,AC-133;AC-134;AC-135;AC-136,Contract/integration; Security/authorization; Security/session; Desktop/resilience,Critical,OpenAPI `POST_api_v1_auth_sessions_sessionId_revoke`; Stage_3_Field_Traceability_Final_3.5.csv
BR-016,BR,MOD-001,Авторизация и сессии,Каждый сотрудник использует отдельную учётную запись.,—,—,—,—,SCR-001 Вход; SCR-002 Подключение к серверу; SCR-006 Сессия прервана; SCR-161 Мои devices и sessions,FLOW-001 Первый вход; FLOW-002 Обычный вход; FLOW-003 Истечение сессии,AC-016,Integration/domain,High,"§§3.2, 24, 25, 29; Stage 3.5"
BR-017,BR,MOD-001,Авторизация и сессии,Refresh token ротируется; повторное использование завершает семейство сессий.,—,—,—,—,SCR-001 Вход; SCR-002 Подключение к серверу; SCR-006 Сессия прервана; SCR-161 Мои devices и sessions,FLOW-001 Первый вход; FLOW-002 Обычный вход; FLOW-003 Истечение сессии,AC-017,Integration/domain,High,"§§3.2, 24, 25, 29; Stage 3.5"
BR-018,BR,MOD-001,Авторизация и сессии,Блокировка или деактивация пользователя отзывает активные сессии.,—,—,—,—,SCR-001 Вход; SCR-002 Подключение к серверу; SCR-006 Сессия прервана; SCR-161 Мои devices и sessions,FLOW-001 Первый вход; FLOW-002 Обычный вход; FLOW-003 Истечение сессии,AC-018,Integration/domain,High,"§§3.2, 24, 25, 29; Stage 3.5"
BR-019,BR,MOD-001,Авторизация и сессии,"Клиент не раскрывает, логин или пароль были неверны.",—,—,—,—,SCR-001 Вход; SCR-002 Подключение к серверу; SCR-006 Сессия прервана; SCR-161 Мои devices и sessions,FLOW-001 Первый вход; FLOW-002 Обычный вход; FLOW-003 Истечение сессии,AC-019,Integration/domain,High,"§§3.2, 24, 25, 29; Stage 3.5"
FR-242,FR,MOD-001,Авторизация и сессии,Клиент должен хранить refresh secret только в Windows Credential Manager и очищать его при revoke/reuse.,"— (Desktop-only, без нового API)","— (Desktop-only, без нового API)",Capability-driven; server recheck для команд,"— (Desktop-only, без нового API)",SCR-001 Вход; SCR-002 Подключение к серверу; SCR-006 Сессия прервана; SCR-161 Мои devices и sessions,FLOW-001 Первый вход; FLOW-002 Обычный вход; FLOW-003 Истечение сессии,AC-1403,Desktop/UI,High,Stage 3.5 UX Architecture/Decision Log
DATA-002,DATA,MOD-002,App shell и навигация,Данные модуля: DTO/агрегаты и их поля по OpenAPI,— (операции модуля),—,—,—,"SCR-004 Главное окно; SCR-005 Command palette; SCR-007 Требуется обновление; SCR-008 Глобальный quick create; SCR-200 Общий detail pane; SCR-204 Почему действие недоступно; SCR-205 Connection status; SCR-207 Общее context menu; SCR-208 Общее подтверждение; SCR-209 Audit, policy engine, management APIs; SCR-211 System tray menu; SCR-212 Toast deep-link activation; SCR-213 Общая multi-select panel",FLOW-002 Обычный вход; FLOW-005 Быстрое создание задачи; FLOW-020 Действие из notification,AC-1825;AC-1912;AC-1913;AC-1914;AC-1915;AC-1916;AC-1917;AC-1918;AC-1919,Contract/UI,High,DEC-036/037/041
PERM-002,PERM,MOD-002,App shell и навигация,Права модуля: capabilities и scopes по OpenAPI,— (операции модуля),—,—,—,"SCR-004 Главное окно; SCR-005 Command palette; SCR-007 Требуется обновление; SCR-008 Глобальный quick create; SCR-200 Общий detail pane; SCR-204 Почему действие недоступно; SCR-205 Connection status; SCR-207 Общее context menu; SCR-208 Общее подтверждение; SCR-209 Audit, policy engine, management APIs; SCR-211 System tray menu; SCR-212 Toast deep-link activation; SCR-213 Общая multi-select panel",FLOW-002 Обычный вход; FLOW-005 Быстрое создание задачи; FLOW-020 Действие из notification,AC-1829;AC-1933;AC-1934;AC-1935;AC-1936;AC-1937;AC-1938;AC-1939;AC-1940,Security/authorization,Critical,DEC-004/030; OpenAPI
ERR-002,ERR,MOD-002,App shell и навигация,"Ошибки модуля: стабильные коды, HTTP-статусы и recovery по OpenAPI",— (операции модуля),—,—,—,"SCR-004 Главное окно; SCR-005 Command palette; SCR-007 Требуется обновление; SCR-008 Глобальный quick create; SCR-200 Общий detail pane; SCR-204 Почему действие недоступно; SCR-205 Connection status; SCR-207 Общее context menu; SCR-208 Общее подтверждение; SCR-209 Audit, policy engine, management APIs; SCR-211 System tray menu; SCR-212 Toast deep-link activation; SCR-213 Общая multi-select panel",FLOW-002 Обычный вход; FLOW-005 Быстрое создание задачи; FLOW-020 Действие из notification,AC-1850;AC-2191;AC-2192;AC-2193;AC-2194;AC-2195;AC-2196;AC-2197;AC-2198,Error handling,High,errors.csv; State Matrix
SYNC-002,SYNC,MOD-002,App shell и навигация,"Синхронизация модуля: bootstrap/incremental sync, ack, cursor, scope invalidation",GET_api_v1_sync_changes; POST_api_v1_sync_bootstrap; POST_api_v1_sync_ack,GET /api/v1/sync/changes; POST /api/v1/sync/bootstrap; POST /api/v1/sync/ack,—,OrganizerController.GET_api_v1_sync_changes; OrganizerController.POST_api_v1_sync_bootstrap; OrganizerController.POST_api_v1_sync_ack,"SCR-004 Главное окно; SCR-005 Command palette; SCR-007 Требуется обновление; SCR-008 Глобальный quick create; SCR-200 Общий detail pane; SCR-204 Почему действие недоступно; SCR-205 Connection status; SCR-207 Общее context menu; SCR-208 Общее подтверждение; SCR-209 Audit, policy engine, management APIs; SCR-211 System tray menu; SCR-212 Toast deep-link activation; SCR-213 Общая multi-select panel",FLOW-002 Обычный вход; FLOW-005 Быстрое создание задачи; FLOW-020 Действие из notification,AC-1871;AC-2449;AC-2450;AC-2451;AC-2452;AC-2453;AC-2454;AC-2455;AC-2456,Desktop/resilience,High,ADR-005/015; DEC-006/032
AUDIT-002,AUDIT,MOD-002,App shell и навигация,"Аудит и история действий модуля (append-only, redaction-aware)",— (domain command + audit/history endpoints),—,—,— (domain handlers + audit pipeline),"SCR-004 Главное окно; SCR-005 Command palette; SCR-007 Требуется обновление; SCR-008 Глобальный quick create; SCR-200 Общий detail pane; SCR-204 Почему действие недоступно; SCR-205 Connection status; SCR-207 Общее context menu; SCR-208 Общее подтверждение; SCR-209 Audit, policy engine, management APIs; SCR-211 System tray menu; SCR-212 Toast deep-link activation; SCR-213 Общая multi-select panel",FLOW-002 Обычный вход; FLOW-005 Быстрое создание задачи; FLOW-020 Действие из notification,AC-1892;AC-2707;AC-2708;AC-2709;AC-2710;AC-2711;AC-2712;AC-2713;AC-2714,Audit/security,Critical,Architecture audit principles; OpenAPI side effects
FR-011,FR,MOD-002,App shell и навигация,Система должна позволять пользователю с capability `Authenticated` выполнить действие «Серверное UTC-время» и считать его успешным только после подтверждения сервера.,GET_api_v1_system_time,GET /api/v1/system/time,Authenticated,OrganizerController.GET_api_v1_system_time,"SCR-004 Главное окно; SCR-005 Command palette; SCR-007 Требуется обновление; SCR-008 Глобальный quick create; SCR-200 Общий detail pane; SCR-204 Почему действие недоступно; SCR-205 Connection status; SCR-207 Общее context menu; SCR-208 Общее подтверждение; SCR-209 Audit, policy engine, management APIs; SCR-211 System tray menu; SCR-212 Toast deep-link activation; SCR-213 Общая multi-select panel",FLOW-002 Обычный вход; FLOW-005 Быстрое создание задачи; FLOW-020 Действие из notification,AC-137;AC-138,Contract/integration; Security/session,High; Critical,OpenAPI `GET_api_v1_system_time`; Stage_3_Field_Traceability_Final_3.5.csv
FR-012,FR,MOD-002,App shell и навигация,Система должна позволять пользователю с capability `Authenticated` выполнить действие «Версия сервера/API/схемы» и считать его успешным только после подтверждения сервера.,GET_api_v1_system_version,GET /api/v1/system/version,Authenticated,OrganizerController.GET_api_v1_system_version,"SCR-004 Главное окно; SCR-005 Command palette; SCR-007 Требуется обновление; SCR-008 Глобальный quick create; SCR-200 Общий detail pane; SCR-204 Почему действие недоступно; SCR-205 Connection status; SCR-207 Общее context menu; SCR-208 Общее подтверждение; SCR-209 Audit, policy engine, management APIs; SCR-211 System tray menu; SCR-212 Toast deep-link activation; SCR-213 Общая multi-select panel",FLOW-002 Обычный вход; FLOW-005 Быстрое создание задачи; FLOW-020 Действие из notification,AC-139;AC-140,Contract/integration; Security/session,High; Critical,OpenAPI `GET_api_v1_system_version`; Stage_3_Field_Traceability_Final_3.5.csv
FR-013,FR,MOD-002,App shell и навигация,Система должна позволять пользователю с capability `Anonymous` выполнить действие «Liveness без зависимостей» и считать его успешным только после подтверждения сервера.,GET_health_live,GET /health/live,Anonymous,OrganizerController.GET_health_live,"SCR-004 Главное окно; SCR-005 Command palette; SCR-007 Требуется обновление; SCR-008 Глобальный quick create; SCR-200 Общий detail pane; SCR-204 Почему действие недоступно; SCR-205 Connection status; SCR-207 Общее context menu; SCR-208 Общее подтверждение; SCR-209 Audit, policy engine, management APIs; SCR-211 System tray menu; SCR-212 Toast deep-link activation; SCR-213 Общая multi-select panel",FLOW-002 Обычный вход; FLOW-005 Быстрое создание задачи; FLOW-020 Действие из notification,AC-141,Contract/integration,High,OpenAPI `GET_health_live`; Stage_3_Field_Traceability_Final_3.5.csv
FR-014,FR,MOD-002,App shell и навигация,Система должна позволять пользователю с capability `Anonymous` выполнить действие «Readiness основных зависимостей» и считать его успешным только после подтверждения сервера.,GET_health_ready,GET /health/ready,Anonymous,OrganizerController.GET_health_ready,"SCR-004 Главное окно; SCR-005 Command palette; SCR-007 Требуется обновление; SCR-008 Глобальный quick create; SCR-200 Общий detail pane; SCR-204 Почему действие недоступно; SCR-205 Connection status; SCR-207 Общее context menu; SCR-208 Общее подтверждение; SCR-209 Audit, policy engine, management APIs; SCR-211 System tray menu; SCR-212 Toast deep-link activation; SCR-213 Общая multi-select panel",FLOW-002 Обычный вход; FLOW-005 Быстрое создание задачи; FLOW-020 Действие из notification,AC-142,Contract/integration,High,OpenAPI `GET_health_ready`; Stage_3_Field_Traceability_Final_3.5.csv
FR-015,FR,MOD-002,App shell и навигация,Система должна позволять пользователю с capability `Authenticated` выполнить действие «Возможности сервера и min client» и считать его успешным только после подтверждения сервера.,GET_api_v1_capabilities,GET /api/v1/capabilities,Authenticated,OrganizerController.GET_api_v1_capabilities,"SCR-004 Главное окно; SCR-005 Command palette; SCR-007 Требуется обновление; SCR-008 Глобальный quick create; SCR-200 Общий detail pane; SCR-204 Почему действие недоступно; SCR-205 Connection status; SCR-207 Общее context menu; SCR-208 Общее подтверждение; SCR-209 Audit, policy engine, management APIs; SCR-211 System tray menu; SCR-212 Toast deep-link activation; SCR-213 Общая multi-select panel",FLOW-002 Обычный вход; FLOW-005 Быстрое создание задачи; FLOW-020 Действие из notification,AC-143;AC-144,Contract/integration; Security/session,High; Critical,OpenAPI `GET_api_v1_capabilities`; Stage_3_Field_Traceability_Final_3.5.csv
FR-016,FR,MOD-002,App shell и навигация,Система должна позволять пользователю с capability `Authenticated` выполнить действие «Доступные пользователю флаги» и считать его успешным только после подтверждения сервера.,GET_api_v1_feature_flags,GET /api/v1/feature-flags,Authenticated,OrganizerController.GET_api_v1_feature_flags,"SCR-004 Главное окно; SCR-005 Command palette; SCR-007 Требуется обновление; SCR-008 Глобальный quick create; SCR-200 Общий detail pane; SCR-204 Почему действие недоступно; SCR-205 Connection status; SCR-207 Общее context menu; SCR-208 Общее подтверждение; SCR-209 Audit, policy engine, management APIs; SCR-211 System tray menu; SCR-212 Toast deep-link activation; SCR-213 Общая multi-select panel",FLOW-002 Обычный вход; FLOW-005 Быстрое создание задачи; FLOW-020 Действие из notification,AC-145;AC-146,Contract/integration; Security/session,High; Critical,OpenAPI `GET_api_v1_feature_flags`; Stage_3_Field_Traceability_Final_3.5.csv
BR-020,BR,MOD-002,App shell и навигация,Маршрут восстанавливается только после повторной авторизации.,—,—,—,—,"SCR-004 Главное окно; SCR-005 Command palette; SCR-007 Требуется обновление; SCR-008 Глобальный quick create; SCR-200 Общий detail pane; SCR-204 Почему действие недоступно; SCR-205 Connection status; SCR-207 Общее context menu; SCR-208 Общее подтверждение; SCR-209 Audit, policy engine, management APIs; SCR-211 System tray menu; SCR-212 Toast deep-link activation; SCR-213 Общая multi-select panel",FLOW-002 Обычный вход; FLOW-005 Быстрое создание задачи; FLOW-020 Действие из notification,AC-020,Integration/domain,High,"§8, §17.2, §23.5, §29; Stage 3.5"
BR-021,BR,MOD-002,App shell и навигация,"Command bar, context menu и palette используют единый command registry.",—,—,—,—,"SCR-004 Главное окно; SCR-005 Command palette; SCR-007 Требуется обновление; SCR-008 Глобальный quick create; SCR-200 Общий detail pane; SCR-204 Почему действие недоступно; SCR-205 Connection status; SCR-207 Общее context menu; SCR-208 Общее подтверждение; SCR-209 Audit, policy engine, management APIs; SCR-211 System tray menu; SCR-212 Toast deep-link activation; SCR-213 Общая multi-select panel",FLOW-002 Обычный вход; FLOW-005 Быстрое создание задачи; FLOW-020 Действие из notification,AC-021,Integration/domain,High,"§8, §17.2, §23.5, §29; Stage 3.5"
BR-022,BR,MOD-002,App shell и навигация,Скрытая кнопка не является проверкой permission.,—,—,—,—,"SCR-004 Главное окно; SCR-005 Command palette; SCR-007 Требуется обновление; SCR-008 Глобальный quick create; SCR-200 Общий detail pane; SCR-204 Почему действие недоступно; SCR-205 Connection status; SCR-207 Общее context menu; SCR-208 Общее подтверждение; SCR-209 Audit, policy engine, management APIs; SCR-211 System tray menu; SCR-212 Toast deep-link activation; SCR-213 Общая multi-select panel",FLOW-002 Обычный вход; FLOW-005 Быстрое создание задачи; FLOW-020 Действие из notification,AC-022,Integration/domain,High,"§8, §17.2, §23.5, §29; Stage 3.5"
BR-023,BR,MOD-002,App shell и навигация,Deep link не раскрывает данные скрытого объекта.,—,—,—,—,"SCR-004 Главное окно; SCR-005 Command palette; SCR-007 Требуется обновление; SCR-008 Глобальный quick create; SCR-200 Общий detail pane; SCR-204 Почему действие недоступно; SCR-205 Connection status; SCR-207 Общее context menu; SCR-208 Общее подтверждение; SCR-209 Audit, policy engine, management APIs; SCR-211 System tray menu; SCR-212 Toast deep-link activation; SCR-213 Общая multi-select panel",FLOW-002 Обычный вход; FLOW-005 Быстрое создание задачи; FLOW-020 Действие из notification,AC-023,Integration/domain,High,"§8, §17.2, §23.5, §29; Stage 3.5"
FR-243,FR,MOD-002,App shell и навигация,"Shell search должен представлять employee results отдельной озвучиваемой группой «Сотрудники» и сохранять keyboard navigation, active descendant, focus order и non-color status/redaction semantics.","— (Desktop-only, без нового API)","— (Desktop-only, без нового API)",Capability-driven; server recheck для команд,"— (Desktop-only, без нового API)","SCR-004 Главное окно; SCR-005 Command palette; SCR-007 Требуется обновление; SCR-008 Глобальный quick create; SCR-200 Общий detail pane; SCR-204 Почему действие недоступно; SCR-205 Connection status; SCR-207 Общее context menu; SCR-208 Общее подтверждение; SCR-209 Audit, policy engine, management APIs; SCR-211 System tray menu; SCR-212 Toast deep-link activation; SCR-213 Общая multi-select panel",FLOW-002 Обычный вход; FLOW-005 Быстрое создание задачи; FLOW-020 Действие из notification,AC-1404,Desktop/UI,High,Stage 2.3.1 OpenAPI 1.2.0-stage2.3; Stage 3.5 UX baseline; Stage 4.3 remediation
FR-244,FR,MOD-002,App shell и навигация,Employee `deepLink` из shell search должен открываться через shell router с повторной server-side проверкой доступа; stale/unavailable target показывает нейтральное состояние и возвращает focus без раскрытия объекта.,"— (Desktop-only, без нового API)","— (Desktop-only, без нового API)",Capability-driven; server recheck для команд,"— (Desktop-only, без нового API)","SCR-004 Главное окно; SCR-005 Command palette; SCR-007 Требуется обновление; SCR-008 Глобальный quick create; SCR-200 Общий detail pane; SCR-204 Почему действие недоступно; SCR-205 Connection status; SCR-207 Общее context menu; SCR-208 Общее подтверждение; SCR-209 Audit, policy engine, management APIs; SCR-211 System tray menu; SCR-212 Toast deep-link activation; SCR-213 Общая multi-select panel",FLOW-002 Обычный вход; FLOW-005 Быстрое создание задачи; FLOW-020 Действие из notification,AC-1405,Desktop/UI,High,Stage 2.3.1 OpenAPI 1.2.0-stage2.3; Stage 3.5 UX baseline; Stage 4.3 remediation
FR-245,FR,MOD-002,App shell и навигация,Toast/deep link должен фокусировать существующий экземпляр приложения и повторно загрузить target.,"— (Desktop-only, без нового API)","— (Desktop-only, без нового API)",Capability-driven; server recheck для команд,"— (Desktop-only, без нового API)","SCR-004 Главное окно; SCR-005 Command palette; SCR-007 Требуется обновление; SCR-008 Глобальный quick create; SCR-200 Общий detail pane; SCR-204 Почему действие недоступно; SCR-205 Connection status; SCR-207 Общее context menu; SCR-208 Общее подтверждение; SCR-209 Audit, policy engine, management APIs; SCR-211 System tray menu; SCR-212 Toast deep-link activation; SCR-213 Общая multi-select panel",FLOW-002 Обычный вход; FLOW-005 Быстрое создание задачи; FLOW-020 Действие из notification,AC-1406,Desktop/UI,High,Stage 3.5 UX Architecture/Decision Log
DATA-003,DATA,MOD-003,Сегодня,Данные модуля: DTO/агрегаты и их поля по OpenAPI,— (операции модуля),—,—,—,SCR-010 Сегодня; SCR-011 Фильтр Today,FLOW-005 Быстрое создание задачи; FLOW-007 Завершение задачи; FLOW-008 Изменение статуса; FLOW-020 Действие из notification; FLOW-021 Snooze reminder,AC-1826;AC-1920,Contract/UI,High,DEC-036/037/041
PERM-003,PERM,MOD-003,Сегодня,Права модуля: capabilities и scopes по OpenAPI,— (операции модуля),—,—,—,SCR-010 Сегодня; SCR-011 Фильтр Today,FLOW-005 Быстрое создание задачи; FLOW-007 Завершение задачи; FLOW-008 Изменение статуса; FLOW-020 Действие из notification; FLOW-021 Snooze reminder,AC-1830;AC-1941,Security/authorization,Critical,DEC-004/030; OpenAPI
ERR-003,ERR,MOD-003,Сегодня,"Ошибки модуля: стабильные коды, HTTP-статусы и recovery по OpenAPI",— (операции модуля),—,—,—,SCR-010 Сегодня; SCR-011 Фильтр Today,FLOW-005 Быстрое создание задачи; FLOW-007 Завершение задачи; FLOW-008 Изменение статуса; FLOW-020 Действие из notification; FLOW-021 Snooze reminder,AC-1851;AC-2199,Error handling,High,errors.csv; State Matrix
SYNC-003,SYNC,MOD-003,Сегодня,"Синхронизация модуля: bootstrap/incremental sync, ack, cursor, scope invalidation",GET_api_v1_sync_changes; POST_api_v1_sync_bootstrap; POST_api_v1_sync_ack,GET /api/v1/sync/changes; POST /api/v1/sync/bootstrap; POST /api/v1/sync/ack,—,OrganizerController.GET_api_v1_sync_changes; OrganizerController.POST_api_v1_sync_bootstrap; OrganizerController.POST_api_v1_sync_ack,SCR-010 Сегодня; SCR-011 Фильтр Today,FLOW-005 Быстрое создание задачи; FLOW-007 Завершение задачи; FLOW-008 Изменение статуса; FLOW-020 Действие из notification; FLOW-021 Snooze reminder,AC-1872;AC-2457,Desktop/resilience,High,ADR-005/015; DEC-006/032
AUDIT-003,AUDIT,MOD-003,Сегодня,"Аудит и история действий модуля (append-only, redaction-aware)",— (domain command + audit/history endpoints),—,—,— (domain handlers + audit pipeline),SCR-010 Сегодня; SCR-011 Фильтр Today,FLOW-005 Быстрое создание задачи; FLOW-007 Завершение задачи; FLOW-008 Изменение статуса; FLOW-020 Действие из notification; FLOW-021 Snooze reminder,AC-1893;AC-2715,Audit/security,Critical,Architecture audit principles; OpenAPI side effects
FR-017,FR,MOD-003,Сегодня,Система должна позволять пользователю с capability `Calendar.Read` выполнить действие «Агрегированный read-model «Сегодня» в часовом поясе пользователя» и считать его успешным только после подтверждения сервера.,GET_api_v1_today,GET /api/v1/today,Calendar.Read,OrganizerController.GET_api_v1_today,SCR-010 Сегодня; SCR-011 Фильтр Today,FLOW-005 Быстрое создание задачи; FLOW-007 Завершение задачи; FLOW-008 Изменение статуса; FLOW-020 Действие из notification; FLOW-021 Snooze reminder,AC-147;AC-148;AC-149;AC-150,Contract/integration; Security/authorization; Security/session; Contract/UI,High; Critical,OpenAPI `GET_api_v1_today`; Stage_3_Field_Traceability_Final_3.5.csv
BR-024,BR,MOD-003,Сегодня,"Просрочка вычисляется, а не хранится как статус.",—,—,—,—,SCR-010 Сегодня; SCR-011 Фильтр Today,FLOW-005 Быстрое создание задачи; FLOW-007 Завершение задачи; FLOW-008 Изменение статуса; FLOW-020 Действие из notification; FLOW-021 Snooze reminder,AC-024,Integration/domain,High,"§9, §27.1.17, §29; Stage 3.5"
BR-025,BR,MOD-003,Сегодня,Ошибка одной секции не заменяет весь экран ошибкой.,—,—,—,—,SCR-010 Сегодня; SCR-011 Фильтр Today,FLOW-005 Быстрое создание задачи; FLOW-007 Завершение задачи; FLOW-008 Изменение статуса; FLOW-020 Действие из notification; FLOW-021 Snooze reminder,AC-025,Integration/domain,High,"§9, §27.1.17, §29; Stage 3.5"
BR-026,BR,MOD-003,Сегодня,В offline показывается только кэш с timestamp.,—,—,—,—,SCR-010 Сегодня; SCR-011 Фильтр Today,FLOW-005 Быстрое создание задачи; FLOW-007 Завершение задачи; FLOW-008 Изменение статуса; FLOW-020 Действие из notification; FLOW-021 Snooze reminder,AC-026,Integration/domain,High,"§9, §27.1.17, §29; Stage 3.5"
BR-027,BR,MOD-003,Сегодня,Scope-фильтр отправляется только контрактно поддерживаемыми параметрами.,—,—,—,—,SCR-010 Сегодня; SCR-011 Фильтр Today,FLOW-005 Быстрое создание задачи; FLOW-007 Завершение задачи; FLOW-008 Изменение статуса; FLOW-020 Действие из notification; FLOW-021 Snooze reminder,AC-027,Integration/domain,High,"§9, §27.1.17, §29; Stage 3.5"
FR-246,FR,MOD-003,Сегодня,Today должен независимо показывать loading/error для каждой секции и сохранять успешно загруженные секции.,"— (Desktop-only, без нового API)","— (Desktop-only, без нового API)",Capability-driven; server recheck для команд,"— (Desktop-only, без нового API)",SCR-010 Сегодня; SCR-011 Фильтр Today,FLOW-005 Быстрое создание задачи; FLOW-007 Завершение задачи; FLOW-008 Изменение статуса; FLOW-020 Действие из notification; FLOW-021 Snooze reminder,AC-1407,Desktop/UI,High,Stage 3.5 UX Architecture/Decision Log
DATA-004,DATA,MOD-004,Входящие,Данные модуля: DTO/агрегаты и их поля по OpenAPI,— (операции модуля),—,—,—,SCR-012 Входящие; SCR-013 Обработка входящего; SCR-014 Контекстное меню Входящих,FLOW-034 Inbox capture и conversion,AC-1447;AC-1448;AC-1449;AC-1450;AC-1451;AC-1452;AC-1453;AC-1454;AC-1455;AC-1456;AC-1457;AC-1458;AC-1459;AC-1460;AC-1461;AC-1462;AC-1463;AC-1464;AC-1465;AC-1466,Boundary/contract UI,High,DEC-036/037/041
PERM-004,PERM,MOD-004,Входящие,Права модуля: capabilities и scopes по OpenAPI,— (операции модуля),—,—,—,SCR-012 Входящие; SCR-013 Обработка входящего; SCR-014 Контекстное меню Входящих,FLOW-034 Inbox capture и conversion,AC-1831;AC-1942;AC-1943;AC-1944;AC-1945;AC-1946;AC-1947;AC-1948;AC-1949,Security/authorization,Critical,DEC-004/030; OpenAPI
ERR-004,ERR,MOD-004,Входящие,"Ошибки модуля: стабильные коды, HTTP-статусы и recovery по OpenAPI",— (операции модуля),—,—,—,SCR-012 Входящие; SCR-013 Обработка входящего; SCR-014 Контекстное меню Входящих,FLOW-034 Inbox capture и conversion,AC-1852;AC-2200;AC-2201;AC-2202;AC-2203;AC-2204;AC-2205;AC-2206;AC-2207,Error handling,High,errors.csv; State Matrix
SYNC-004,SYNC,MOD-004,Входящие,"Синхронизация модуля: bootstrap/incremental sync, ack, cursor, scope invalidation",GET_api_v1_sync_changes; POST_api_v1_sync_bootstrap; POST_api_v1_sync_ack,GET /api/v1/sync/changes; POST /api/v1/sync/bootstrap; POST /api/v1/sync/ack,—,OrganizerController.GET_api_v1_sync_changes; OrganizerController.POST_api_v1_sync_bootstrap; OrganizerController.POST_api_v1_sync_ack,SCR-012 Входящие; SCR-013 Обработка входящего; SCR-014 Контекстное меню Входящих,FLOW-034 Inbox capture и conversion,AC-1873;AC-2458;AC-2459;AC-2460;AC-2461;AC-2462;AC-2463;AC-2464;AC-2465,Desktop/resilience,High,ADR-005/015; DEC-006/032
AUDIT-004,AUDIT,MOD-004,Входящие,"Аудит и история действий модуля (append-only, redaction-aware)",— (domain command + audit/history endpoints),—,—,— (domain handlers + audit pipeline),SCR-012 Входящие; SCR-013 Обработка входящего; SCR-014 Контекстное меню Входящих,FLOW-034 Inbox capture и conversion,AC-1894;AC-2716;AC-2717;AC-2718;AC-2719;AC-2720;AC-2721;AC-2722;AC-2723,Audit/security,Critical,Architecture audit principles; OpenAPI side effects
FR-018,FR,MOD-004,Входящие,Система должна позволять пользователю с capability `Inbox.ReadOwn` выполнить действие «Список входящий элемент» и считать его успешным только после подтверждения сервера.,GET_api_v1_inbox_items,GET /api/v1/inbox-items,Inbox.ReadOwn,OrganizerController.GET_api_v1_inbox_items,SCR-012 Входящие; SCR-013 Обработка входящего; SCR-014 Контекстное меню Входящих,FLOW-034 Inbox capture и conversion,AC-151;AC-152;AC-153,Contract/integration; Security/authorization; Security/session,High; Critical,OpenAPI `GET_api_v1_inbox_items`; Stage_3_Field_Traceability_Final_3.5.csv
FR-019,FR,MOD-004,Входящие,Система должна позволять пользователю с capability `Inbox.ManageOwn` выполнить действие «Создать входящий элемент» и считать его успешным только после подтверждения сервера.,POST_api_v1_inbox_items,POST /api/v1/inbox-items,Inbox.ManageOwn,OrganizerController.POST_api_v1_inbox_items,SCR-012 Входящие; SCR-013 Обработка входящего; SCR-014 Контекстное меню Входящих,FLOW-034 Inbox capture и conversion,AC-154;AC-155;AC-156;AC-157;AC-158;AC-159;AC-160,Contract/integration; Security/authorization; Security/session; Contract/UI; Concurrency/integration; Desktop/resilience; Integration,Critical; High,OpenAPI `POST_api_v1_inbox_items`; Stage_3_Field_Traceability_Final_3.5.csv
FR-020,FR,MOD-004,Входящие,Система должна позволять пользователю с capability `Inbox.ManageOwn` выполнить действие «Переместить входящий элемент в корзину» и считать его успешным только после подтверждения сервера.,DELETE_api_v1_inbox_items_id,DELETE /api/v1/inbox-items/{id},Inbox.ManageOwn,OrganizerController.DELETE_api_v1_inbox_items_id,SCR-012 Входящие; SCR-013 Обработка входящего; SCR-014 Контекстное меню Входящих,FLOW-034 Inbox capture и conversion,AC-161;AC-162;AC-163;AC-164;AC-165;AC-166,Contract/integration; Security/authorization; Security/session; Concurrency/integration; Desktop/resilience; Lifecycle/integration,Critical; High,OpenAPI `DELETE_api_v1_inbox_items_id`; Stage_3_Field_Traceability_Final_3.5.csv
FR-021,FR,MOD-004,Входящие,Система должна позволять пользователю с capability `Inbox.ReadOwn` выполнить действие «Получить входящий элемент» и считать его успешным только после подтверждения сервера.,GET_api_v1_inbox_items_id,GET /api/v1/inbox-items/{id},Inbox.ReadOwn,OrganizerController.GET_api_v1_inbox_items_id,SCR-012 Входящие; SCR-013 Обработка входящего; SCR-014 Контекстное меню Входящих,FLOW-034 Inbox capture и conversion,AC-167;AC-168;AC-169,Contract/integration; Security/authorization; Security/session,High; Critical,OpenAPI `GET_api_v1_inbox_items_id`; Stage_3_Field_Traceability_Final_3.5.csv
FR-022,FR,MOD-004,Входящие,Система должна позволять пользователю с capability `Inbox.ManageOwn` выполнить действие «Изменить входящий элемент» и считать его успешным только после подтверждения сервера.,PATCH_api_v1_inbox_items_id,PATCH /api/v1/inbox-items/{id},Inbox.ManageOwn,OrganizerController.PATCH_api_v1_inbox_items_id,SCR-012 Входящие; SCR-013 Обработка входящего; SCR-014 Контекстное меню Входящих,FLOW-034 Inbox capture и conversion,AC-170;AC-171;AC-172;AC-173;AC-174;AC-175;AC-176,Contract/integration; Security/authorization; Security/session; Contract/UI; Concurrency/integration; Desktop/resilience; Lifecycle/integration,Critical; High,OpenAPI `PATCH_api_v1_inbox_items_id`; Stage_3_Field_Traceability_Final_3.5.csv
FR-023,FR,MOD-004,Входящие,Система должна позволять пользователю с capability `Inbox.ManageOwn` выполнить действие «Преобразовать в элемент каталога» и считать его успешным только после подтверждения сервера.,POST_api_v1_inbox_items_id_convert_to_catalog_item,POST /api/v1/inbox-items/{id}/convert-to-catalog-item,Inbox.ManageOwn,OrganizerController.POST_api_v1_inbox_items_id_convert_to_catalog_item,SCR-012 Входящие; SCR-013 Обработка входящего; SCR-014 Контекстное меню Входящих,FLOW-034 Inbox capture и conversion,AC-177;AC-178;AC-179;AC-180;AC-181;AC-182;AC-183;AC-184,Contract/integration; Security/authorization; Security/session; Contract/UI; Concurrency/integration; Desktop/resilience; Integration; Lifecycle/integration,Critical; High,OpenAPI `POST_api_v1_inbox_items_id_convert_to_catalog_item`; Stage_3_Field_Traceability_Final_3.5.csv
FR-024,FR,MOD-004,Входящие,Система должна позволять пользователю с capability `Inbox.ManageOwn` выполнить действие «Преобразовать во task» и считать его успешным только после подтверждения сервера.,POST_api_v1_inbox_items_id_convert_to_task,POST /api/v1/inbox-items/{id}/convert-to-task,Inbox.ManageOwn,OrganizerController.POST_api_v1_inbox_items_id_convert_to_task,SCR-012 Входящие; SCR-013 Обработка входящего; SCR-014 Контекстное меню Входящих,FLOW-034 Inbox capture и conversion,AC-185;AC-186;AC-187;AC-188;AC-189;AC-190;AC-191;AC-192,Contract/integration; Security/authorization; Security/session; Contract/UI; Concurrency/integration; Desktop/resilience; Integration; Lifecycle/integration,Critical; High,OpenAPI `POST_api_v1_inbox_items_id_convert_to_task`; Stage_3_Field_Traceability_Final_3.5.csv
FR-025,FR,MOD-004,Входящие,Система должна позволять пользователю с capability `Inbox.ManageOwn` выполнить действие «Восстановить входящий элемент» и считать его успешным только после подтверждения сервера.,POST_api_v1_inbox_items_id_restore,POST /api/v1/inbox-items/{id}/restore,Inbox.ManageOwn,OrganizerController.POST_api_v1_inbox_items_id_restore,SCR-012 Входящие; SCR-013 Обработка входящего; SCR-014 Контекстное меню Входящих,FLOW-028 Восстановление из корзины,AC-193;AC-194;AC-195;AC-196;AC-197;AC-198;AC-199;AC-200,Contract/integration; Security/authorization; Security/session; Contract/UI; Concurrency/integration; Desktop/resilience; Integration; Lifecycle/integration,Critical; High,OpenAPI `POST_api_v1_inbox_items_id_restore`; Stage_3_Field_Traceability_Final_3.5.csv
BR-028,BR,MOD-004,Входящие,InboxItem принадлежит создателю до явного преобразования.,—,—,—,—,SCR-012 Входящие; SCR-013 Обработка входящего; SCR-014 Контекстное меню Входящих,FLOW-034 Inbox capture и conversion,AC-028,Integration/domain,High,"§10, §27.1, §33; Stage 3.5"
BR-029,BR,MOD-004,Входящие,Преобразование создаёт целевой объект и помечает source как converted в одной транзакции.,—,—,—,—,SCR-012 Входящие; SCR-013 Обработка входящего; SCR-014 Контекстное меню Входящих,FLOW-034 Inbox capture и conversion,AC-029,Integration/domain,High,"§10, §27.1, §33; Stage 3.5"
BR-030,BR,MOD-004,Входящие,При отказе целевого permission исходный InboxItem остаётся неизменён.,—,—,—,—,SCR-012 Входящие; SCR-013 Обработка входящего; SCR-014 Контекстное меню Входящих,FLOW-034 Inbox capture и conversion,AC-030,Integration/domain,High,"§10, §27.1, §33; Stage 3.5"
FR-247,FR,MOD-004,Входящие,При неуспешном преобразовании InboxItem локальный source не должен исчезать или помечаться converted.,"— (Desktop-only, без нового API)","— (Desktop-only, без нового API)",Capability-driven; server recheck для команд,"— (Desktop-only, без нового API)",SCR-012 Входящие; SCR-013 Обработка входящего; SCR-014 Контекстное меню Входящих,FLOW-034 Inbox capture и conversion,AC-1408,Desktop/UI,High,Stage 3.5 UX Architecture/Decision Log
DATA-005,DATA,MOD-005,Задачи,Данные модуля: DTO/агрегаты и их поля по OpenAPI,— (операции модуля),—,—,—,"SCR-020 Задачи: список/дерево; SCR-021 Фильтры задач; SCR-022 Быстрое создание задачи; SCR-023 Полный редактор задачи; SCR-024 ETag/If-Match, task aggregate, directory; SCR-025 Инспектор задачи; SCR-029 Исполнители и наблюдатели; SCR-030 Зависимости задач; SCR-031 Массовые действия задач; SCR-032 Разрешение конфликта Task; SCR-034 Контекстное меню задачи",FLOW-004 Создание задачи; FLOW-005 Быстрое создание задачи; FLOW-006 Назначение исполнителя; FLOW-007 Завершение задачи; FLOW-008 Изменение статуса; FLOW-025 Optimistic conflict; FLOW-033 Массовая смена статуса,AC-1467;AC-1468;AC-1469;AC-1470;AC-1471;AC-1472;AC-1473;AC-1474;AC-1475;AC-1476;AC-1477;AC-1478;AC-1479;AC-1480;AC-1481;AC-1482;AC-1483;AC-1484;AC-1485;AC-1486;AC-1487;AC-1488;AC-1489;AC-1490,Boundary/contract UI,High,DEC-036/037/041
PERM-005,PERM,MOD-005,Задачи,Права модуля: capabilities и scopes по OpenAPI,— (операции модуля),—,—,—,"SCR-020 Задачи: список/дерево; SCR-021 Фильтры задач; SCR-022 Быстрое создание задачи; SCR-023 Полный редактор задачи; SCR-024 ETag/If-Match, task aggregate, directory; SCR-025 Инспектор задачи; SCR-029 Исполнители и наблюдатели; SCR-030 Зависимости задач; SCR-031 Массовые действия задач; SCR-032 Разрешение конфликта Task; SCR-034 Контекстное меню задачи",FLOW-004 Создание задачи; FLOW-005 Быстрое создание задачи; FLOW-006 Назначение исполнителя; FLOW-007 Завершение задачи; FLOW-008 Изменение статуса; FLOW-025 Optimistic conflict; FLOW-033 Массовая смена статуса,AC-1832;AC-1950;AC-1951;AC-1952;AC-1953;AC-1954;AC-1955;AC-1956;AC-1957;AC-1958;AC-1959;AC-1960;AC-1961;AC-1962;AC-1963;AC-1964;AC-1965;AC-1966,Security/authorization,Critical,DEC-004/030; OpenAPI
ERR-005,ERR,MOD-005,Задачи,"Ошибки модуля: стабильные коды, HTTP-статусы и recovery по OpenAPI",— (операции модуля),—,—,—,"SCR-020 Задачи: список/дерево; SCR-021 Фильтры задач; SCR-022 Быстрое создание задачи; SCR-023 Полный редактор задачи; SCR-024 ETag/If-Match, task aggregate, directory; SCR-025 Инспектор задачи; SCR-029 Исполнители и наблюдатели; SCR-030 Зависимости задач; SCR-031 Массовые действия задач; SCR-032 Разрешение конфликта Task; SCR-034 Контекстное меню задачи",FLOW-004 Создание задачи; FLOW-005 Быстрое создание задачи; FLOW-006 Назначение исполнителя; FLOW-007 Завершение задачи; FLOW-008 Изменение статуса; FLOW-025 Optimistic conflict; FLOW-033 Массовая смена статуса,AC-1853;AC-2208;AC-2209;AC-2210;AC-2211;AC-2212;AC-2213;AC-2214;AC-2215;AC-2216;AC-2217;AC-2218;AC-2219;AC-2220;AC-2221;AC-2222;AC-2223;AC-2224,Error handling,High,errors.csv; State Matrix
SYNC-005,SYNC,MOD-005,Задачи,"Синхронизация модуля: bootstrap/incremental sync, ack, cursor, scope invalidation",GET_api_v1_sync_changes; POST_api_v1_sync_bootstrap; POST_api_v1_sync_ack,GET /api/v1/sync/changes; POST /api/v1/sync/bootstrap; POST /api/v1/sync/ack,—,OrganizerController.GET_api_v1_sync_changes; OrganizerController.POST_api_v1_sync_bootstrap; OrganizerController.POST_api_v1_sync_ack,"SCR-020 Задачи: список/дерево; SCR-021 Фильтры задач; SCR-022 Быстрое создание задачи; SCR-023 Полный редактор задачи; SCR-024 ETag/If-Match, task aggregate, directory; SCR-025 Инспектор задачи; SCR-029 Исполнители и наблюдатели; SCR-030 Зависимости задач; SCR-031 Массовые действия задач; SCR-032 Разрешение конфликта Task; SCR-034 Контекстное меню задачи",FLOW-004 Создание задачи; FLOW-005 Быстрое создание задачи; FLOW-006 Назначение исполнителя; FLOW-007 Завершение задачи; FLOW-008 Изменение статуса; FLOW-025 Optimistic conflict; FLOW-033 Массовая смена статуса,AC-1874;AC-2466;AC-2467;AC-2468;AC-2469;AC-2470;AC-2471;AC-2472;AC-2473;AC-2474;AC-2475;AC-2476;AC-2477;AC-2478;AC-2479;AC-2480;AC-2481;AC-2482,Desktop/resilience,High,ADR-005/015; DEC-006/032
AUDIT-005,AUDIT,MOD-005,Задачи,"Аудит и история действий модуля (append-only, redaction-aware)",— (domain command + audit/history endpoints),—,—,— (domain handlers + audit pipeline),"SCR-020 Задачи: список/дерево; SCR-021 Фильтры задач; SCR-022 Быстрое создание задачи; SCR-023 Полный редактор задачи; SCR-024 ETag/If-Match, task aggregate, directory; SCR-025 Инспектор задачи; SCR-029 Исполнители и наблюдатели; SCR-030 Зависимости задач; SCR-031 Массовые действия задач; SCR-032 Разрешение конфликта Task; SCR-034 Контекстное меню задачи",FLOW-004 Создание задачи; FLOW-005 Быстрое создание задачи; FLOW-006 Назначение исполнителя; FLOW-007 Завершение задачи; FLOW-008 Изменение статуса; FLOW-025 Optimistic conflict; FLOW-033 Массовая смена статуса,AC-1895;AC-2724;AC-2725;AC-2726;AC-2727;AC-2728;AC-2729;AC-2730;AC-2731;AC-2732;AC-2733;AC-2734;AC-2735;AC-2736;AC-2737;AC-2738;AC-2739;AC-2740,Audit/security,Critical,Architecture audit principles; OpenAPI side effects
FR-026,FR,MOD-005,Задачи,Система должна позволять пользователю с capability `Task.Read` выполнить действие «Список задачу» и считать его успешным только после подтверждения сервера.,GET_api_v1_tasks,GET /api/v1/tasks,Task.Read,OrganizerController.GET_api_v1_tasks,"SCR-020 Задачи: список/дерево; SCR-021 Фильтры задач; SCR-022 Быстрое создание задачи; SCR-023 Полный редактор задачи; SCR-024 ETag/If-Match, task aggregate, directory; SCR-025 Инспектор задачи; SCR-029 Исполнители и наблюдатели; SCR-030 Зависимости задач; SCR-031 Массовые действия задач; SCR-032 Разрешение конфликта Task; SCR-034 Контекстное меню задачи",FLOW-004 Создание задачи; FLOW-005 Быстрое создание задачи; FLOW-006 Назначение исполнителя; FLOW-007 Завершение задачи; FLOW-008 Изменение статуса; FLOW-025 Optimistic conflict; FLOW-033 Массовая смена статуса,AC-201;AC-202;AC-203,Contract/integration; Security/authorization; Security/session,High; Critical,OpenAPI `GET_api_v1_tasks`; Stage_3_Field_Traceability_Final_3.5.csv
FR-027,FR,MOD-005,Задачи,Система должна позволять пользователю с capability `Task.Create` выполнить действие «Создать задачу» и считать его успешным только после подтверждения сервера.,POST_api_v1_tasks,POST /api/v1/tasks,Task.Create,OrganizerController.POST_api_v1_tasks,SCR-022 Быстрое создание задачи; SCR-023 Полный редактор задачи,FLOW-004 Создание задачи; FLOW-005 Быстрое создание задачи,AC-204;AC-205;AC-206;AC-207;AC-208;AC-209;AC-210,Contract/integration; Security/authorization; Security/session; Contract/UI; Concurrency/integration; Desktop/resilience; Integration,Critical; High,OpenAPI `POST_api_v1_tasks`; Stage_3_Field_Traceability_Final_3.5.csv
FR-028,FR,MOD-005,Задачи,Система должна позволять пользователю с capability `Task.ChangeStatus` выполнить действие «Пакетная смена статуса» и считать его успешным только после подтверждения сервера.,POST_api_v1_tasks_bulk_transition,POST /api/v1/tasks/bulk-transition,Task.ChangeStatus,OrganizerController.POST_api_v1_tasks_bulk_transition,"SCR-020 Задачи: список/дерево; SCR-021 Фильтры задач; SCR-022 Быстрое создание задачи; SCR-023 Полный редактор задачи; SCR-024 ETag/If-Match, task aggregate, directory; SCR-025 Инспектор задачи; SCR-029 Исполнители и наблюдатели; SCR-030 Зависимости задач; SCR-031 Массовые действия задач; SCR-032 Разрешение конфликта Task; SCR-034 Контекстное меню задачи",FLOW-033 Массовая смена статуса,AC-211;AC-212;AC-213;AC-214;AC-215;AC-216;AC-217;AC-218,Contract/integration; Security/authorization; Security/session; Contract/UI; Concurrency/integration; Desktop/resilience; Integration; Lifecycle/integration,Critical; High,OpenAPI `POST_api_v1_tasks_bulk_transition`; Stage_3_Field_Traceability_Final_3.5.csv
FR-029,FR,MOD-005,Задачи,Система должна позволять пользователю с capability `Task.Delete` выполнить действие «Переместить задачу в корзину» и считать его успешным только после подтверждения сервера.,DELETE_api_v1_tasks_id,DELETE /api/v1/tasks/{id},Task.Delete,OrganizerController.DELETE_api_v1_tasks_id,"SCR-020 Задачи: список/дерево; SCR-021 Фильтры задач; SCR-022 Быстрое создание задачи; SCR-023 Полный редактор задачи; SCR-024 ETag/If-Match, task aggregate, directory; SCR-025 Инспектор задачи; SCR-029 Исполнители и наблюдатели; SCR-030 Зависимости задач; SCR-031 Массовые действия задач; SCR-032 Разрешение конфликта Task; SCR-034 Контекстное меню задачи",FLOW-027 Перемещение в корзину,AC-219;AC-220;AC-221;AC-222;AC-223;AC-224,Contract/integration; Security/authorization; Security/session; Concurrency/integration; Desktop/resilience; Lifecycle/integration,Critical; High,OpenAPI `DELETE_api_v1_tasks_id`; Stage_3_Field_Traceability_Final_3.5.csv
FR-030,FR,MOD-005,Задачи,Система должна позволять пользователю с capability `Task.Read` выполнить действие «Получить задачу» и считать его успешным только после подтверждения сервера.,GET_api_v1_tasks_id,GET /api/v1/tasks/{id},Task.Read,OrganizerController.GET_api_v1_tasks_id,"SCR-023 Полный редактор задачи; SCR-024 ETag/If-Match, task aggregate, directory",FLOW-004 Создание задачи; FLOW-005 Быстрое создание задачи; FLOW-006 Назначение исполнителя; FLOW-007 Завершение задачи; FLOW-008 Изменение статуса; FLOW-025 Optimistic conflict; FLOW-033 Массовая смена статуса,AC-225;AC-226;AC-227,Contract/integration; Security/authorization; Security/session,High; Critical,OpenAPI `GET_api_v1_tasks_id`; Stage_3_Field_Traceability_Final_3.5.csv
FR-031,FR,MOD-005,Задачи,Система должна позволять пользователю с capability `Task.Update` выполнить действие «Изменить задачу» и считать его успешным только после подтверждения сервера.,PATCH_api_v1_tasks_id,PATCH /api/v1/tasks/{id},Task.Update,OrganizerController.PATCH_api_v1_tasks_id,SCR-023 Полный редактор задачи; SCR-047 Conflict после drag/resize,FLOW-004 Создание задачи; FLOW-005 Быстрое создание задачи; FLOW-006 Назначение исполнителя; FLOW-007 Завершение задачи; FLOW-008 Изменение статуса; FLOW-025 Optimistic conflict; FLOW-033 Массовая смена статуса,AC-228;AC-229;AC-230;AC-231;AC-232;AC-233;AC-234,Contract/integration; Security/authorization; Security/session; Contract/UI; Concurrency/integration; Desktop/resilience; Lifecycle/integration,Critical; High,OpenAPI `PATCH_api_v1_tasks_id`; Stage_3_Field_Traceability_Final_3.5.csv
BR-031,BR,MOD-005,Задачи,"Статусы: new, in_progress, review, completed, cancelled; overdue вычисляется.",—,—,—,—,"SCR-020 Задачи: список/дерево; SCR-021 Фильтры задач; SCR-022 Быстрое создание задачи; SCR-023 Полный редактор задачи; SCR-024 ETag/If-Match, task aggregate, directory; SCR-025 Инспектор задачи; SCR-029 Исполнители и наблюдатели; SCR-030 Зависимости задач; SCR-031 Массовые действия задач; SCR-032 Разрешение конфликта Task; SCR-034 Контекстное меню задачи",FLOW-004 Создание задачи; FLOW-005 Быстрое создание задачи; FLOW-006 Назначение исполнителя; FLOW-007 Завершение задачи; FLOW-008 Изменение статуса; FLOW-025 Optimistic conflict; FLOW-033 Массовая смена статуса,AC-031,Integration/domain,High,"§11, §27.1.5–16, §29, §33; Stage 3.5"
FR-032,FR,MOD-005,Задачи,Система должна позволять пользователю с capability `Task.Archive` выполнить действие «Архивировать задачу» и считать его успешным только после подтверждения сервера.,POST_api_v1_tasks_id_archive,POST /api/v1/tasks/{id}/archive,Task.Archive,OrganizerController.POST_api_v1_tasks_id_archive,"SCR-020 Задачи: список/дерево; SCR-021 Фильтры задач; SCR-022 Быстрое создание задачи; SCR-023 Полный редактор задачи; SCR-024 ETag/If-Match, task aggregate, directory; SCR-025 Инспектор задачи; SCR-029 Исполнители и наблюдатели; SCR-030 Зависимости задач; SCR-031 Массовые действия задач; SCR-032 Разрешение конфликта Task; SCR-034 Контекстное меню задачи",FLOW-026 Архивирование,AC-235;AC-236;AC-237;AC-238;AC-239;AC-240;AC-241;AC-242,Contract/integration; Security/authorization; Security/session; Contract/UI; Concurrency/integration; Desktop/resilience; Integration; Lifecycle/integration,Critical; High,OpenAPI `POST_api_v1_tasks_id_archive`; Stage_3_Field_Traceability_Final_3.5.csv
BR-032,BR,MOD-005,Задачи,Business completion не архивирует задачу автоматически.,—,—,—,—,"SCR-020 Задачи: список/дерево; SCR-021 Фильтры задач; SCR-022 Быстрое создание задачи; SCR-023 Полный редактор задачи; SCR-024 ETag/If-Match, task aggregate, directory; SCR-025 Инспектор задачи; SCR-029 Исполнители и наблюдатели; SCR-030 Зависимости задач; SCR-031 Массовые действия задач; SCR-032 Разрешение конфликта Task; SCR-034 Контекстное меню задачи",FLOW-004 Создание задачи; FLOW-005 Быстрое создание задачи; FLOW-006 Назначение исполнителя; FLOW-007 Завершение задачи; FLOW-008 Изменение статуса; FLOW-025 Optimistic conflict; FLOW-033 Массовая смена статуса,AC-032,Integration/domain,High,"§11, §27.1.5–16, §29, §33; Stage 3.5"
FR-033,FR,MOD-005,Задачи,Система должна позволять пользователю с capability `Task.Assign` выполнить действие «Заменить исполнителей» и считать его успешным только после подтверждения сервера.,PUT_api_v1_tasks_id_assignees,PUT /api/v1/tasks/{id}/assignees,Task.Assign,OrganizerController.PUT_api_v1_tasks_id_assignees,SCR-029 Исполнители и наблюдатели,FLOW-006 Назначение исполнителя,AC-243;AC-244;AC-245;AC-246;AC-247;AC-248;AC-249;AC-250,Contract/integration; Security/authorization; Security/session; Contract/UI; Concurrency/integration; Desktop/resilience; Integration; Lifecycle/integration,Critical; High,OpenAPI `PUT_api_v1_tasks_id_assignees`; Stage_3_Field_Traceability_Final_3.5.csv
BR-033,BR,MOD-005,Задачи,Полный editor сохраняется явно; узкие команды отправляются отдельно.,—,—,—,—,"SCR-020 Задачи: список/дерево; SCR-021 Фильтры задач; SCR-022 Быстрое создание задачи; SCR-023 Полный редактор задачи; SCR-024 ETag/If-Match, task aggregate, directory; SCR-025 Инспектор задачи; SCR-029 Исполнители и наблюдатели; SCR-030 Зависимости задач; SCR-031 Массовые действия задач; SCR-032 Разрешение конфликта Task; SCR-034 Контекстное меню задачи",FLOW-004 Создание задачи; FLOW-005 Быстрое создание задачи; FLOW-006 Назначение исполнителя; FLOW-007 Завершение задачи; FLOW-008 Изменение статуса; FLOW-025 Optimistic conflict; FLOW-033 Массовая смена статуса,AC-033,Integration/domain,High,"§11, §27.1.5–16, §29, §33; Stage 3.5"
FR-034,FR,MOD-005,Задачи,Система должна позволять пользователю с capability `Task.Update` выполнить действие «Добавить зависимость» и считать его успешным только после подтверждения сервера.,POST_api_v1_tasks_id_dependencies,POST /api/v1/tasks/{id}/dependencies,Task.Update,OrganizerController.POST_api_v1_tasks_id_dependencies,"SCR-020 Задачи: список/дерево; SCR-021 Фильтры задач; SCR-022 Быстрое создание задачи; SCR-023 Полный редактор задачи; SCR-024 ETag/If-Match, task aggregate, directory; SCR-025 Инспектор задачи; SCR-029 Исполнители и наблюдатели; SCR-030 Зависимости задач; SCR-031 Массовые действия задач; SCR-032 Разрешение конфликта Task; SCR-034 Контекстное меню задачи",FLOW-004 Создание задачи; FLOW-005 Быстрое создание задачи; FLOW-006 Назначение исполнителя; FLOW-007 Завершение задачи; FLOW-008 Изменение статуса; FLOW-025 Optimistic conflict; FLOW-033 Массовая смена статуса,AC-251;AC-252;AC-253;AC-254;AC-255;AC-256;AC-257;AC-258,Contract/integration; Security/authorization; Security/session; Contract/UI; Concurrency/integration; Desktop/resilience; Integration; Lifecycle/integration,Critical; High,OpenAPI `POST_api_v1_tasks_id_dependencies`; Stage_3_Field_Traceability_Final_3.5.csv
BR-034,BR,MOD-005,Задачи,Переходы определяет сервер; клиент не формирует их из названия роли.,—,—,—,—,"SCR-020 Задачи: список/дерево; SCR-021 Фильтры задач; SCR-022 Быстрое создание задачи; SCR-023 Полный редактор задачи; SCR-024 ETag/If-Match, task aggregate, directory; SCR-025 Инспектор задачи; SCR-029 Исполнители и наблюдатели; SCR-030 Зависимости задач; SCR-031 Массовые действия задач; SCR-032 Разрешение конфликта Task; SCR-034 Контекстное меню задачи",FLOW-004 Создание задачи; FLOW-005 Быстрое создание задачи; FLOW-006 Назначение исполнителя; FLOW-007 Завершение задачи; FLOW-008 Изменение статуса; FLOW-025 Optimistic conflict; FLOW-033 Массовая смена статуса,AC-034,Integration/domain,High,"§11, §27.1.5–16, §29, §33; Stage 3.5"
FR-035,FR,MOD-005,Задачи,Система должна позволять пользователю с capability `Task.Update` выполнить действие «Удалить зависимость» и считать его успешным только после подтверждения сервера.,DELETE_api_v1_tasks_id_dependencies_dependencyId,DELETE /api/v1/tasks/{id}/dependencies/{dependencyId},Task.Update,OrganizerController.DELETE_api_v1_tasks_id_dependencies_dependencyId,"SCR-020 Задачи: список/дерево; SCR-021 Фильтры задач; SCR-022 Быстрое создание задачи; SCR-023 Полный редактор задачи; SCR-024 ETag/If-Match, task aggregate, directory; SCR-025 Инспектор задачи; SCR-029 Исполнители и наблюдатели; SCR-030 Зависимости задач; SCR-031 Массовые действия задач; SCR-032 Разрешение конфликта Task; SCR-034 Контекстное меню задачи",FLOW-027 Перемещение в корзину,AC-259;AC-260;AC-261;AC-262;AC-263;AC-264,Contract/integration; Security/authorization; Security/session; Concurrency/integration; Desktop/resilience; Lifecycle/integration,Critical; High,OpenAPI `DELETE_api_v1_tasks_id_dependencies_dependencyId`; Stage_3_Field_Traceability_Final_3.5.csv
BR-035,BR,MOD-005,Задачи,Review → completed и review → in_progress выполняются только разрешёнными transition.,—,—,—,—,"SCR-020 Задачи: список/дерево; SCR-021 Фильтры задач; SCR-022 Быстрое создание задачи; SCR-023 Полный редактор задачи; SCR-024 ETag/If-Match, task aggregate, directory; SCR-025 Инспектор задачи; SCR-029 Исполнители и наблюдатели; SCR-030 Зависимости задач; SCR-031 Массовые действия задач; SCR-032 Разрешение конфликта Task; SCR-034 Контекстное меню задачи",FLOW-004 Создание задачи; FLOW-005 Быстрое создание задачи; FLOW-006 Назначение исполнителя; FLOW-007 Завершение задачи; FLOW-008 Изменение статуса; FLOW-025 Optimistic conflict; FLOW-033 Массовая смена статуса,AC-035,Integration/domain,High,"§11, §27.1.5–16, §29, §33; Stage 3.5"
FR-036,FR,MOD-005,Задачи,Система должна позволять пользователю с capability `Task.Update` выполнить действие «Изменить дату/время/длительность» и считать его успешным только после подтверждения сервера.,POST_api_v1_tasks_id_move,POST /api/v1/tasks/{id}/move,Task.Update,OrganizerController.POST_api_v1_tasks_id_move,SCR-023 Полный редактор задачи,FLOW-032 Drag/resize календаря,AC-265;AC-266;AC-267;AC-268;AC-269;AC-270;AC-271;AC-272,Contract/integration; Security/authorization; Security/session; Contract/UI; Concurrency/integration; Desktop/resilience; Integration; Lifecycle/integration,Critical; High,OpenAPI `POST_api_v1_tasks_id_move`; Stage_3_Field_Traceability_Final_3.5.csv
FR-037,FR,MOD-005,Задачи,Система должна позволять пользователю с capability `Task.Restore` выполнить действие «Восстановить задачу» и считать его успешным только после подтверждения сервера.,POST_api_v1_tasks_id_restore,POST /api/v1/tasks/{id}/restore,Task.Restore,OrganizerController.POST_api_v1_tasks_id_restore,"SCR-020 Задачи: список/дерево; SCR-021 Фильтры задач; SCR-022 Быстрое создание задачи; SCR-023 Полный редактор задачи; SCR-024 ETag/If-Match, task aggregate, directory; SCR-025 Инспектор задачи; SCR-029 Исполнители и наблюдатели; SCR-030 Зависимости задач; SCR-031 Массовые действия задач; SCR-032 Разрешение конфликта Task; SCR-034 Контекстное меню задачи",FLOW-028 Восстановление из корзины,AC-273;AC-274;AC-275;AC-276;AC-277;AC-278;AC-279;AC-280,Contract/integration; Security/authorization; Security/session; Contract/UI; Concurrency/integration; Desktop/resilience; Integration; Lifecycle/integration,Critical; High,OpenAPI `POST_api_v1_tasks_id_restore`; Stage_3_Field_Traceability_Final_3.5.csv
FR-038,FR,MOD-005,Задачи,Система должна позволять пользователю с capability `Task.ChangeStatus` выполнить действие «Изменить статус задачи» и считать его успешным только после подтверждения сервера.,POST_api_v1_tasks_id_transition,POST /api/v1/tasks/{id}/transition,Task.ChangeStatus,OrganizerController.POST_api_v1_tasks_id_transition,SCR-023 Полный редактор задачи,FLOW-007 Завершение задачи; FLOW-008 Изменение статуса,AC-281;AC-282;AC-283;AC-284;AC-285;AC-286;AC-287;AC-288,Contract/integration; Security/authorization; Security/session; Contract/UI; Concurrency/integration; Desktop/resilience; Integration; Lifecycle/integration,Critical; High,OpenAPI `POST_api_v1_tasks_id_transition`; Stage_3_Field_Traceability_Final_3.5.csv
FR-039,FR,MOD-005,Задачи,Система должна позволять пользователю с capability `Task.Archive` выполнить действие «Вернуть задачу из архива» и считать его успешным только после подтверждения сервера.,POST_api_v1_tasks_id_unarchive,POST /api/v1/tasks/{id}/unarchive,Task.Archive,OrganizerController.POST_api_v1_tasks_id_unarchive,"SCR-020 Задачи: список/дерево; SCR-021 Фильтры задач; SCR-022 Быстрое создание задачи; SCR-023 Полный редактор задачи; SCR-024 ETag/If-Match, task aggregate, directory; SCR-025 Инспектор задачи; SCR-029 Исполнители и наблюдатели; SCR-030 Зависимости задач; SCR-031 Массовые действия задач; SCR-032 Разрешение конфликта Task; SCR-034 Контекстное меню задачи",FLOW-026 Архивирование,AC-289;AC-290;AC-291;AC-292;AC-293;AC-294,Contract/integration; Security/authorization; Security/session; Concurrency/integration; Desktop/resilience; Lifecycle/integration,Critical; High,OpenAPI `POST_api_v1_tasks_id_unarchive`; Stage_3_Field_Traceability_Final_3.5.csv
FR-040,FR,MOD-005,Задачи,Система должна позволять пользователю с capability `Task.ManageWatchers` выполнить действие «Заменить наблюдателей» и считать его успешным только после подтверждения сервера.,PUT_api_v1_tasks_id_watchers,PUT /api/v1/tasks/{id}/watchers,Task.ManageWatchers,OrganizerController.PUT_api_v1_tasks_id_watchers,SCR-029 Исполнители и наблюдатели,FLOW-004 Создание задачи; FLOW-005 Быстрое создание задачи; FLOW-006 Назначение исполнителя; FLOW-007 Завершение задачи; FLOW-008 Изменение статуса; FLOW-025 Optimistic conflict; FLOW-033 Массовая смена статуса,AC-295;AC-296;AC-297;AC-298;AC-299;AC-300;AC-301,Contract/integration; Security/authorization; Security/session; Concurrency/integration; Desktop/resilience; Integration; Lifecycle/integration,Critical; High,OpenAPI `PUT_api_v1_tasks_id_watchers`; Stage_3_Field_Traceability_Final_3.5.csv
FR-248,FR,MOD-005,Задачи,Полный редактор Task должен сохранять draft только по явной команде и сохранять его в памяти при recoverable error.,"— (Desktop-only, без нового API)","— (Desktop-only, без нового API)",Capability-driven; server recheck для команд,"— (Desktop-only, без нового API)","SCR-020 Задачи: список/дерево; SCR-021 Фильтры задач; SCR-022 Быстрое создание задачи; SCR-023 Полный редактор задачи; SCR-024 ETag/If-Match, task aggregate, directory; SCR-025 Инспектор задачи; SCR-029 Исполнители и наблюдатели; SCR-030 Зависимости задач; SCR-031 Массовые действия задач; SCR-032 Разрешение конфликта Task; SCR-034 Контекстное меню задачи",FLOW-004 Создание задачи; FLOW-005 Быстрое создание задачи; FLOW-006 Назначение исполнителя; FLOW-007 Завершение задачи; FLOW-008 Изменение статуса; FLOW-025 Optimistic conflict; FLOW-033 Массовая смена статуса,AC-1409,Desktop/UI,High,Stage 3.5 UX Architecture/Decision Log
FR-249,FR,MOD-005,Задачи,"Task list должен поддерживать представления по датам, проектам, исполнителям, статусам и приоритетам без client-side обхода permissions.","— (Desktop-only, без нового API)","— (Desktop-only, без нового API)",Capability-driven; server recheck для команд,"— (Desktop-only, без нового API)","SCR-020 Задачи: список/дерево; SCR-021 Фильтры задач; SCR-022 Быстрое создание задачи; SCR-023 Полный редактор задачи; SCR-024 ETag/If-Match, task aggregate, directory; SCR-025 Инспектор задачи; SCR-029 Исполнители и наблюдатели; SCR-030 Зависимости задач; SCR-031 Массовые действия задач; SCR-032 Разрешение конфликта Task; SCR-034 Контекстное меню задачи",FLOW-004 Создание задачи; FLOW-005 Быстрое создание задачи; FLOW-006 Назначение исполнителя; FLOW-007 Завершение задачи; FLOW-008 Изменение статуса; FLOW-025 Optimistic conflict; FLOW-033 Массовая смена статуса,AC-1410;AC-1411,Desktop/UI; Security/UI,High; Critical,Stage 3.5 UX Architecture/Decision Log
FR-250,FR,MOD-005,Задачи,"Review workflow должен показывать только server-allowed переходы: отправить на проверку, принять, вернуть в работу.","— (Desktop-only, без нового API)","— (Desktop-only, без нового API)",Capability-driven; server recheck для команд,"— (Desktop-only, без нового API)","SCR-020 Задачи: список/дерево; SCR-021 Фильтры задач; SCR-022 Быстрое создание задачи; SCR-023 Полный редактор задачи; SCR-024 ETag/If-Match, task aggregate, directory; SCR-025 Инспектор задачи; SCR-029 Исполнители и наблюдатели; SCR-030 Зависимости задач; SCR-031 Массовые действия задач; SCR-032 Разрешение конфликта Task; SCR-034 Контекстное меню задачи",FLOW-004 Создание задачи; FLOW-005 Быстрое создание задачи; FLOW-006 Назначение исполнителя; FLOW-007 Завершение задачи; FLOW-008 Изменение статуса; FLOW-025 Optimistic conflict; FLOW-033 Массовая смена статуса,AC-1412,Desktop/UI,High,Stage 3.5 UX Architecture/Decision Log
DATA-006,DATA,MOD-006,Подзадачи и чек-листы,Данные модуля: DTO/агрегаты и их поля по OpenAPI,— (операции модуля),—,—,—,SCR-033 Подзадачи и чек-листы,FLOW-009 Создание подзадачи,AC-1491;AC-1492;AC-1493;AC-1494;AC-1495;AC-1496;AC-1497;AC-1498;AC-1499;AC-1500;AC-1501;AC-1502;AC-1503;AC-1504;AC-1505;AC-1506;AC-1507;AC-1508;AC-1509;AC-1510;AC-1511;AC-1512;AC-1513;AC-1514,Boundary/contract UI,High,DEC-036/037/041
PERM-006,PERM,MOD-006,Подзадачи и чек-листы,Права модуля: capabilities и scopes по OpenAPI,— (операции модуля),—,—,—,SCR-033 Подзадачи и чек-листы,FLOW-009 Создание подзадачи,AC-1833;AC-1967;AC-1968;AC-1969;AC-1970;AC-1971;AC-1972;AC-1973;AC-1974;AC-1975;AC-1976;AC-1977,Security/authorization,Critical,DEC-004/030; OpenAPI
ERR-006,ERR,MOD-006,Подзадачи и чек-листы,"Ошибки модуля: стабильные коды, HTTP-статусы и recovery по OpenAPI",— (операции модуля),—,—,—,SCR-033 Подзадачи и чек-листы,FLOW-009 Создание подзадачи,AC-1854;AC-2225;AC-2226;AC-2227;AC-2228;AC-2229;AC-2230;AC-2231;AC-2232;AC-2233;AC-2234;AC-2235,Error handling,High,errors.csv; State Matrix
SYNC-006,SYNC,MOD-006,Подзадачи и чек-листы,"Синхронизация модуля: bootstrap/incremental sync, ack, cursor, scope invalidation",GET_api_v1_sync_changes; POST_api_v1_sync_bootstrap; POST_api_v1_sync_ack,GET /api/v1/sync/changes; POST /api/v1/sync/bootstrap; POST /api/v1/sync/ack,—,OrganizerController.GET_api_v1_sync_changes; OrganizerController.POST_api_v1_sync_bootstrap; OrganizerController.POST_api_v1_sync_ack,SCR-033 Подзадачи и чек-листы,FLOW-009 Создание подзадачи,AC-1875;AC-2483;AC-2484;AC-2485;AC-2486;AC-2487;AC-2488;AC-2489;AC-2490;AC-2491;AC-2492;AC-2493,Desktop/resilience,High,ADR-005/015; DEC-006/032
AUDIT-006,AUDIT,MOD-006,Подзадачи и чек-листы,"Аудит и история действий модуля (append-only, redaction-aware)",— (domain command + audit/history endpoints),—,—,— (domain handlers + audit pipeline),SCR-033 Подзадачи и чек-листы,FLOW-009 Создание подзадачи,AC-1896;AC-2741;AC-2742;AC-2743;AC-2744;AC-2745;AC-2746;AC-2747;AC-2748;AC-2749;AC-2750;AC-2751,Audit/security,Critical,Architecture audit principles; OpenAPI side effects
BR-036,BR,MOD-006,Подзадачи и чек-листы,Подзадача является Task с parentTaskId.,—,—,—,—,SCR-033 Подзадачи и чек-листы,FLOW-009 Создание подзадачи,AC-036,Integration/domain,High,"§11.4–11.5, §27.1.9–10; Stage 3.5"
BR-037,BR,MOD-006,Подзадачи и чек-листы,Глубина вложенности ограничена одним уровнем.,—,—,—,—,SCR-033 Подзадачи и чек-листы,FLOW-009 Создание подзадачи,AC-037,Integration/domain,High,"§11.4–11.5, §27.1.9–10; Stage 3.5"
BR-038,BR,MOD-006,Подзадачи и чек-листы,Checklist item не имеет самостоятельного lifecycle вне родительского Task.,—,—,—,—,SCR-033 Подзадачи и чек-листы,FLOW-009 Создание подзадачи,AC-038,Integration/domain,High,"§11.4–11.5, §27.1.9–10; Stage 3.5"
BR-039,BR,MOD-006,Подзадачи и чек-листы,Reorder сохраняет стабильный порядок без дубликатов.,—,—,—,—,SCR-033 Подзадачи и чек-листы,FLOW-009 Создание подзадачи,AC-039,Integration/domain,High,"§11.4–11.5, §27.1.9–10; Stage 3.5"
FR-041,FR,MOD-006,Подзадачи и чек-листы,Система должна позволять пользователю с capability `Task.Read` выполнить действие «Список чек-лист» и считать его успешным только после подтверждения сервера.,GET_api_v1_tasks_taskId_checklists,GET /api/v1/tasks/{taskId}/checklists,Task.Read,OrganizerController.GET_api_v1_tasks_taskId_checklists,SCR-033 Подзадачи и чек-листы,FLOW-009 Создание подзадачи,AC-302;AC-303;AC-304,Contract/integration; Security/authorization; Security/session,High; Critical,OpenAPI `GET_api_v1_tasks_taskId_checklists`; Stage_3_Field_Traceability_Final_3.5.csv
FR-042,FR,MOD-006,Подзадачи и чек-листы,Система должна позволять пользователю с capability `Task.Update` выполнить действие «Создать чек-лист» и считать его успешным только после подтверждения сервера.,POST_api_v1_tasks_taskId_checklists,POST /api/v1/tasks/{taskId}/checklists,Task.Update,OrganizerController.POST_api_v1_tasks_taskId_checklists,SCR-033 Подзадачи и чек-листы,FLOW-009 Создание подзадачи,AC-305;AC-306;AC-307;AC-308;AC-309;AC-310;AC-311;AC-312,Contract/integration; Security/authorization; Security/session; Contract/UI; Concurrency/integration; Desktop/resilience; Integration; Lifecycle/integration,Critical; High,OpenAPI `POST_api_v1_tasks_taskId_checklists`; Stage_3_Field_Traceability_Final_3.5.csv
FR-043,FR,MOD-006,Подзадачи и чек-листы,Система должна позволять пользователю с capability `Task.Update` выполнить действие «Добавить пункт чек-листа» и считать его успешным только после подтверждения сервера.,POST_api_v1_tasks_taskId_checklists_checklistId_items,POST /api/v1/tasks/{taskId}/checklists/{checklistId}/items,Task.Update,OrganizerController.POST_api_v1_tasks_taskId_checklists_checklistId_items,SCR-033 Подзадачи и чек-листы,FLOW-009 Создание подзадачи,AC-313;AC-314;AC-315;AC-316;AC-317;AC-318;AC-319;AC-320,Contract/integration; Security/authorization; Security/session; Contract/UI; Concurrency/integration; Desktop/resilience; Integration; Lifecycle/integration,Critical; High,OpenAPI `POST_api_v1_tasks_taskId_checklists_checklistId_items`; Stage_3_Field_Traceability_Final_3.5.csv
FR-044,FR,MOD-006,Подзадачи и чек-листы,Система должна позволять пользователю с capability `Task.Update` выполнить действие «Удалить пункт» и считать его успешным только после подтверждения сервера.,DELETE_api_v1_tasks_taskId_checklists_checklistId_items_itemId,DELETE /api/v1/tasks/{taskId}/checklists/{checklistId}/items/{itemId},Task.Update,OrganizerController.DELETE_api_v1_tasks_taskId_checklists_checklistId_items_itemId,SCR-033 Подзадачи и чек-листы,FLOW-027 Перемещение в корзину,AC-321;AC-322;AC-323;AC-324;AC-325;AC-326,Contract/integration; Security/authorization; Security/session; Concurrency/integration; Desktop/resilience; Lifecycle/integration,Critical; High,OpenAPI `DELETE_api_v1_tasks_taskId_checklists_checklistId_items_itemId`; Stage_3_Field_Traceability_Final_3.5.csv
FR-045,FR,MOD-006,Подзадачи и чек-листы,Система должна позволять пользователю с capability `Task.ChangeStatus` выполнить действие «Изменить/выполнить пункт» и считать его успешным только после подтверждения сервера.,PATCH_api_v1_tasks_taskId_checklists_checklistId_items_itemId,PATCH /api/v1/tasks/{taskId}/checklists/{checklistId}/items/{itemId},Task.ChangeStatus,OrganizerController.PATCH_api_v1_tasks_taskId_checklists_checklistId_items_itemId,SCR-033 Подзадачи и чек-листы,FLOW-009 Создание подзадачи,AC-327;AC-328;AC-329;AC-330;AC-331;AC-332;AC-333;AC-334,Contract/integration; Security/authorization; Security/session; Contract/UI; Concurrency/integration; Desktop/resilience; Integration; Lifecycle/integration,Critical; High,OpenAPI `PATCH_api_v1_tasks_taskId_checklists_checklistId_items_itemId`; Stage_3_Field_Traceability_Final_3.5.csv
FR-046,FR,MOD-006,Подзадачи и чек-листы,Система должна позволять пользователю с capability `Task.Update` выполнить действие «Изменить порядок пунктов» и считать его успешным только после подтверждения сервера.,POST_api_v1_tasks_taskId_checklists_checklistId_reorder,POST /api/v1/tasks/{taskId}/checklists/{checklistId}/reorder,Task.Update,OrganizerController.POST_api_v1_tasks_taskId_checklists_checklistId_reorder,SCR-033 Подзадачи и чек-листы,FLOW-009 Создание подзадачи,AC-335;AC-336;AC-337;AC-338;AC-339;AC-340;AC-341;AC-342,Contract/integration; Security/authorization; Security/session; Contract/UI; Concurrency/integration; Desktop/resilience; Integration; Lifecycle/integration,Critical; High,OpenAPI `POST_api_v1_tasks_taskId_checklists_checklistId_reorder`; Stage_3_Field_Traceability_Final_3.5.csv
FR-047,FR,MOD-006,Подзадачи и чек-листы,Система должна позволять пользователю с capability `Task.Update` выполнить действие «Переместить чек-лист в корзину» и считать его успешным только после подтверждения сервера.,DELETE_api_v1_tasks_taskId_checklists_id,DELETE /api/v1/tasks/{taskId}/checklists/{id},Task.Update,OrganizerController.DELETE_api_v1_tasks_taskId_checklists_id,SCR-033 Подзадачи и чек-листы,FLOW-027 Перемещение в корзину,AC-343;AC-344;AC-345;AC-346;AC-347;AC-348,Contract/integration; Security/authorization; Security/session; Concurrency/integration; Desktop/resilience; Lifecycle/integration,Critical; High,OpenAPI `DELETE_api_v1_tasks_taskId_checklists_id`; Stage_3_Field_Traceability_Final_3.5.csv
FR-048,FR,MOD-006,Подзадачи и чек-листы,Система должна позволять пользователю с capability `Task.Read` выполнить действие «Получить чек-лист» и считать его успешным только после подтверждения сервера.,GET_api_v1_tasks_taskId_checklists_id,GET /api/v1/tasks/{taskId}/checklists/{id},Task.Read,OrganizerController.GET_api_v1_tasks_taskId_checklists_id,SCR-033 Подзадачи и чек-листы,FLOW-009 Создание подзадачи,AC-349;AC-350;AC-351,Contract/integration; Security/authorization; Security/session,High; Critical,OpenAPI `GET_api_v1_tasks_taskId_checklists_id`; Stage_3_Field_Traceability_Final_3.5.csv
FR-049,FR,MOD-006,Подзадачи и чек-листы,Система должна позволять пользователю с capability `Task.Update` выполнить действие «Изменить чек-лист» и считать его успешным только после подтверждения сервера.,PATCH_api_v1_tasks_taskId_checklists_id,PATCH /api/v1/tasks/{taskId}/checklists/{id},Task.Update,OrganizerController.PATCH_api_v1_tasks_taskId_checklists_id,SCR-033 Подзадачи и чек-листы,FLOW-009 Создание подзадачи,AC-352;AC-353;AC-354;AC-355;AC-356;AC-357;AC-358,Contract/integration; Security/authorization; Security/session; Contract/UI; Concurrency/integration; Desktop/resilience; Lifecycle/integration,Critical; High,OpenAPI `PATCH_api_v1_tasks_taskId_checklists_id`; Stage_3_Field_Traceability_Final_3.5.csv
FR-050,FR,MOD-006,Подзадачи и чек-листы,Система должна позволять пользователю с capability `Task.Read` выполнить действие «Список подзадач» и считать его успешным только после подтверждения сервера.,GET_api_v1_tasks_id_subtasks,GET /api/v1/tasks/{id}/subtasks,Task.Read,OrganizerController.GET_api_v1_tasks_id_subtasks,SCR-033 Подзадачи и чек-листы,FLOW-009 Создание подзадачи,AC-359;AC-360;AC-361,Contract/integration; Security/authorization; Security/session,High; Critical,OpenAPI `GET_api_v1_tasks_id_subtasks`; Stage_3_Field_Traceability_Final_3.5.csv
FR-051,FR,MOD-006,Подзадачи и чек-листы,Система должна позволять пользователю с capability `Task.Create` выполнить действие «Создать подзадачу» и считать его успешным только после подтверждения сервера.,POST_api_v1_tasks_id_subtasks,POST /api/v1/tasks/{id}/subtasks,Task.Create,OrganizerController.POST_api_v1_tasks_id_subtasks,SCR-033 Подзадачи и чек-листы,FLOW-009 Создание подзадачи,AC-362;AC-363;AC-364;AC-365;AC-366;AC-367;AC-368;AC-369,Contract/integration; Security/authorization; Security/session; Contract/UI; Concurrency/integration; Desktop/resilience; Integration; Lifecycle/integration,Critical; High,OpenAPI `POST_api_v1_tasks_id_subtasks`; Stage_3_Field_Traceability_Final_3.5.csv
FR-251,FR,MOD-006,Подзадачи и чек-листы,"Интерфейс должен предлагать создать sibling вместо child, если parent уже является подзадачей.","— (Desktop-only, без нового API)","— (Desktop-only, без нового API)",Capability-driven; server recheck для команд,"— (Desktop-only, без нового API)",SCR-033 Подзадачи и чек-листы,FLOW-009 Создание подзадачи,AC-1413,Desktop/UI,High,Stage 3.5 UX Architecture/Decision Log
DATA-007,DATA,MOD-007,Повторяющиеся задачи,Данные модуля: DTO/агрегаты и их поля по OpenAPI,— (операции модуля),—,—,—,SCR-026 Редактор recurrence; SCR-027 Scope изменения серии,FLOW-010 Повторяющаяся задача; FLOW-011 Изменить один occurrence; FLOW-012 Изменить future/all series,AC-1515;AC-1516;AC-1517;AC-1518;AC-1519;AC-1520;AC-1521;AC-1522;AC-1523;AC-1524;AC-1525;AC-1526;AC-1527;AC-1528;AC-1529;AC-1530;AC-1531;AC-1532;AC-1533;AC-1534;AC-1535;AC-1536;AC-1537;AC-1538,Boundary/contract UI,High,DEC-036/037/041
PERM-007,PERM,MOD-007,Повторяющиеся задачи,Права модуля: capabilities и scopes по OpenAPI,— (операции модуля),—,—,—,SCR-026 Редактор recurrence; SCR-027 Scope изменения серии,FLOW-010 Повторяющаяся задача; FLOW-011 Изменить один occurrence; FLOW-012 Изменить future/all series,AC-1834;AC-1978;AC-1979;AC-1980;AC-1981;AC-1982;AC-1983;AC-1984;AC-1985;AC-1986;AC-1987,Security/authorization,Critical,DEC-004/030; OpenAPI
ERR-007,ERR,MOD-007,Повторяющиеся задачи,"Ошибки модуля: стабильные коды, HTTP-статусы и recovery по OpenAPI",— (операции модуля),—,—,—,SCR-026 Редактор recurrence; SCR-027 Scope изменения серии,FLOW-010 Повторяющаяся задача; FLOW-011 Изменить один occurrence; FLOW-012 Изменить future/all series,AC-1855;AC-2236;AC-2237;AC-2238;AC-2239;AC-2240;AC-2241;AC-2242;AC-2243;AC-2244;AC-2245,Error handling,High,errors.csv; State Matrix
SYNC-007,SYNC,MOD-007,Повторяющиеся задачи,"Синхронизация модуля: bootstrap/incremental sync, ack, cursor, scope invalidation",GET_api_v1_sync_changes; POST_api_v1_sync_bootstrap; POST_api_v1_sync_ack,GET /api/v1/sync/changes; POST /api/v1/sync/bootstrap; POST /api/v1/sync/ack,—,OrganizerController.GET_api_v1_sync_changes; OrganizerController.POST_api_v1_sync_bootstrap; OrganizerController.POST_api_v1_sync_ack,SCR-026 Редактор recurrence; SCR-027 Scope изменения серии,FLOW-010 Повторяющаяся задача; FLOW-011 Изменить один occurrence; FLOW-012 Изменить future/all series,AC-1876;AC-2494;AC-2495;AC-2496;AC-2497;AC-2498;AC-2499;AC-2500;AC-2501;AC-2502;AC-2503,Desktop/resilience,High,ADR-005/015; DEC-006/032
AUDIT-007,AUDIT,MOD-007,Повторяющиеся задачи,"Аудит и история действий модуля (append-only, redaction-aware)",— (domain command + audit/history endpoints),—,—,— (domain handlers + audit pipeline),SCR-026 Редактор recurrence; SCR-027 Scope изменения серии,FLOW-010 Повторяющаяся задача; FLOW-011 Изменить один occurrence; FLOW-012 Изменить future/all series,AC-1897;AC-2752;AC-2753;AC-2754;AC-2755;AC-2756;AC-2757;AC-2758;AC-2759;AC-2760;AC-2761,Audit/security,Critical,Architecture audit principles; OpenAPI side effects
BR-040,BR,MOD-007,Повторяющиеся задачи,"Series имеет timezone и ровно один termination mode, если завершение задано.",—,—,—,—,SCR-026 Редактор recurrence; SCR-027 Scope изменения серии,FLOW-010 Повторяющаяся задача; FLOW-011 Изменить один occurrence; FLOW-012 Изменить future/all series,AC-040,Integration/domain,High,"§11.6, §27.1.16; Stage 3.5"
BR-041,BR,MOD-007,Повторяющиеся задачи,Occurrence key уникален; повторная генерация идемпотентна.,—,—,—,—,SCR-026 Редактор recurrence; SCR-027 Scope изменения серии,FLOW-010 Повторяющаяся задача; FLOW-011 Изменить один occurrence; FLOW-012 Изменить future/all series,AC-041,Integration/domain,High,"§11.6, §27.1.16; Stage 3.5"
BR-042,BR,MOD-007,Повторяющиеся задачи,Изменение scope выбирается явно.,—,—,—,—,SCR-026 Редактор recurrence; SCR-027 Scope изменения серии,FLOW-010 Повторяющаяся задача; FLOW-011 Изменить один occurrence; FLOW-012 Изменить future/all series,AC-042,Integration/domain,High,"§11.6, §27.1.16; Stage 3.5"
BR-043,BR,MOD-007,Повторяющиеся задачи,Отмена серии не помещает её в универсальную корзину.,—,—,—,—,SCR-026 Редактор recurrence; SCR-027 Scope изменения серии,FLOW-010 Повторяющаяся задача; FLOW-011 Изменить один occurrence; FLOW-012 Изменить future/all series,AC-043,Integration/domain,High,"§11.6, §27.1.16; Stage 3.5"
FR-052,FR,MOD-007,Повторяющиеся задачи,Система должна позволять пользователю с capability `Task.Read` выполнить действие «Список серию повторений» и считать его успешным только после подтверждения сервера.,GET_api_v1_recurrence_series,GET /api/v1/recurrence-series,Task.Read,OrganizerController.GET_api_v1_recurrence_series,SCR-026 Редактор recurrence; SCR-027 Scope изменения серии,FLOW-010 Повторяющаяся задача; FLOW-011 Изменить один occurrence; FLOW-012 Изменить future/all series,AC-370;AC-371;AC-372,Contract/integration; Security/authorization; Security/session,High; Critical,OpenAPI `GET_api_v1_recurrence_series`; Stage_3_Field_Traceability_Final_3.5.csv
FR-053,FR,MOD-007,Повторяющиеся задачи,Система должна позволять пользователю с capability `Task.ManageRecurrence` выполнить действие «Создать серию повторений» и считать его успешным только после подтверждения сервера.,POST_api_v1_recurrence_series,POST /api/v1/recurrence-series,Task.ManageRecurrence,OrganizerController.POST_api_v1_recurrence_series,SCR-026 Редактор recurrence,FLOW-010 Повторяющаяся задача,AC-373;AC-374;AC-375;AC-376;AC-377;AC-378;AC-379,Contract/integration; Security/authorization; Security/session; Contract/UI; Concurrency/integration; Desktop/resilience; Integration,Critical; High,OpenAPI `POST_api_v1_recurrence_series`; Stage_3_Field_Traceability_Final_3.5.csv
FR-054,FR,MOD-007,Повторяющиеся задачи,Система должна позволять пользователю с capability `Task.ManageRecurrence` выполнить действие «Отменить серию без помещения в универсальную корзину» и считать его успешным только после подтверждения сервера.,DELETE_api_v1_recurrence_series_id,DELETE /api/v1/recurrence-series/{id},Task.ManageRecurrence,OrganizerController.DELETE_api_v1_recurrence_series_id,SCR-026 Редактор recurrence,FLOW-010 Повторяющаяся задача; FLOW-011 Изменить один occurrence; FLOW-012 Изменить future/all series,AC-380;AC-381;AC-382;AC-383;AC-384,Contract/integration; Security/authorization; Security/session; Concurrency/integration; Desktop/resilience,Critical,OpenAPI `DELETE_api_v1_recurrence_series_id`; Stage_3_Field_Traceability_Final_3.5.csv
FR-055,FR,MOD-007,Повторяющиеся задачи,Система должна позволять пользователю с capability `Task.Read` выполнить действие «Получить серию повторений» и считать его успешным только после подтверждения сервера.,GET_api_v1_recurrence_series_id,GET /api/v1/recurrence-series/{id},Task.Read,OrganizerController.GET_api_v1_recurrence_series_id,SCR-026 Редактор recurrence,FLOW-010 Повторяющаяся задача; FLOW-011 Изменить один occurrence; FLOW-012 Изменить future/all series,AC-385;AC-386;AC-387,Contract/integration; Security/authorization; Security/session,High; Critical,OpenAPI `GET_api_v1_recurrence_series_id`; Stage_3_Field_Traceability_Final_3.5.csv
FR-056,FR,MOD-007,Повторяющиеся задачи,Система должна позволять пользователю с capability `Task.ManageRecurrence` выполнить действие «Изменить серию повторений» и считать его успешным только после подтверждения сервера.,PATCH_api_v1_recurrence_series_id,PATCH /api/v1/recurrence-series/{id},Task.ManageRecurrence,OrganizerController.PATCH_api_v1_recurrence_series_id,SCR-026 Редактор recurrence,FLOW-010 Повторяющаяся задача; FLOW-011 Изменить один occurrence; FLOW-012 Изменить future/all series,AC-388;AC-389;AC-390;AC-391;AC-392;AC-393,Contract/integration; Security/authorization; Security/session; Contract/UI; Concurrency/integration; Desktop/resilience,Critical; High,OpenAPI `PATCH_api_v1_recurrence_series_id`; Stage_3_Field_Traceability_Final_3.5.csv
FR-057,FR,MOD-007,Повторяющиеся задачи,Система должна позволять пользователю с capability `Task.ManageRecurrence` выполнить действие «Изменить one/future/all» и считать его успешным только после подтверждения сервера.,POST_api_v1_recurrence_series_id_apply_change,POST /api/v1/recurrence-series/{id}/apply-change,Task.ManageRecurrence,OrganizerController.POST_api_v1_recurrence_series_id_apply_change,SCR-027 Scope изменения серии,FLOW-011 Изменить один occurrence; FLOW-012 Изменить future/all series,AC-394;AC-395;AC-396;AC-397;AC-398;AC-399;AC-400,Contract/integration; Security/authorization; Security/session; Contract/UI; Concurrency/integration; Desktop/resilience; Integration,Critical; High,OpenAPI `POST_api_v1_recurrence_series_id_apply_change`; Stage_3_Field_Traceability_Final_3.5.csv
FR-058,FR,MOD-007,Повторяющиеся задачи,Система должна позволять пользователю с capability `System.JobRun` выполнить действие «Административно расширить горизонт» и считать его успешным только после подтверждения сервера.,POST_api_v1_recurrence_series_id_generate,POST /api/v1/recurrence-series/{id}/generate,System.JobRun,OrganizerController.POST_api_v1_recurrence_series_id_generate,SCR-026 Редактор recurrence; SCR-027 Scope изменения серии,FLOW-010 Повторяющаяся задача; FLOW-011 Изменить один occurrence; FLOW-012 Изменить future/all series,AC-401;AC-402;AC-403;AC-404;AC-405;AC-406,Contract/integration; Security/authorization; Security/session; Concurrency/integration; Desktop/resilience; Integration,Critical,OpenAPI `POST_api_v1_recurrence_series_id_generate`; Stage_3_Field_Traceability_Final_3.5.csv
FR-059,FR,MOD-007,Повторяющиеся задачи,Система должна позволять пользователю с capability `Task.Read` выполнить действие «Предпросмотр будущих occurrence» и считать его успешным только после подтверждения сервера.,POST_api_v1_recurrence_series_id_preview,POST /api/v1/recurrence-series/{id}/preview,Task.Read,OrganizerController.POST_api_v1_recurrence_series_id_preview,SCR-026 Редактор recurrence,FLOW-010 Повторяющаяся задача; FLOW-011 Изменить один occurrence; FLOW-012 Изменить future/all series,AC-407;AC-408;AC-409;AC-410;AC-411,Contract/integration; Security/authorization; Security/session; Contract/UI; Desktop/resilience,Critical; High,OpenAPI `POST_api_v1_recurrence_series_id_preview`; Stage_3_Field_Traceability_Final_3.5.csv
FR-060,FR,MOD-007,Повторяющиеся задачи,Система должна позволять пользователю с capability `Task.ManageRecurrence` выполнить действие «Возобновить приостановленную серию» и считать его успешным только после подтверждения сервера.,POST_api_v1_recurrence_series_id_resume,POST /api/v1/recurrence-series/{id}/resume,Task.ManageRecurrence,OrganizerController.POST_api_v1_recurrence_series_id_resume,SCR-026 Редактор recurrence; SCR-027 Scope изменения серии,FLOW-010 Повторяющаяся задача; FLOW-011 Изменить один occurrence; FLOW-012 Изменить future/all series,AC-412;AC-413;AC-414;AC-415;AC-416;AC-417;AC-418,Contract/integration; Security/authorization; Security/session; Contract/UI; Concurrency/integration; Desktop/resilience; Integration,Critical; High,OpenAPI `POST_api_v1_recurrence_series_id_resume`; Stage_3_Field_Traceability_Final_3.5.csv
FR-061,FR,MOD-007,Повторяющиеся задачи,Система должна позволять пользователю с capability `Task.ManageRecurrence` выполнить действие «Пропустить экземпляр» и считать его успешным только после подтверждения сервера.,POST_api_v1_recurrence_series_id_skip_occurrenceKey,POST /api/v1/recurrence-series/{id}/skip/{occurrenceKey},Task.ManageRecurrence,OrganizerController.POST_api_v1_recurrence_series_id_skip_occurrenceKey,SCR-026 Редактор recurrence,FLOW-010 Повторяющаяся задача; FLOW-011 Изменить один occurrence; FLOW-012 Изменить future/all series,AC-419;AC-420;AC-421;AC-422;AC-423;AC-424,Contract/integration; Security/authorization; Security/session; Concurrency/integration; Desktop/resilience; Integration,Critical,OpenAPI `POST_api_v1_recurrence_series_id_skip_occurrenceKey`; Stage_3_Field_Traceability_Final_3.5.csv
FR-252,FR,MOD-007,Повторяющиеся задачи,Перед изменением серии интерфейс должен показать preview affected count и потребовать scope one/future/all.,"— (Desktop-only, без нового API)","— (Desktop-only, без нового API)",Capability-driven; server recheck для команд,"— (Desktop-only, без нового API)",SCR-026 Редактор recurrence; SCR-027 Scope изменения серии,FLOW-010 Повторяющаяся задача; FLOW-011 Изменить один occurrence; FLOW-012 Изменить future/all series,AC-1414;AC-1415,Desktop/UI; Security/UI,High; Critical,Stage 3.5 UX Architecture/Decision Log
DATA-008,DATA,MOD-008,Напоминания,Данные модуля: DTO/агрегаты и их поля по OpenAPI,— (операции модуля),—,—,—,SCR-028 Напоминания,FLOW-021 Snooze reminder,AC-1539;AC-1540;AC-1541;AC-1542;AC-1543;AC-1544;AC-1545;AC-1546;AC-1547;AC-1548;AC-1549;AC-1550;AC-1551;AC-1552;AC-1553;AC-1554;AC-1555;AC-1556;AC-1557;AC-1558;AC-1559;AC-1560;AC-1561;AC-1562,Boundary/contract UI,High,DEC-036/037/041
PERM-008,PERM,MOD-008,Напоминания,Права модуля: capabilities и scopes по OpenAPI,— (операции модуля),—,—,—,SCR-028 Напоминания,FLOW-021 Snooze reminder,AC-1835;AC-1988;AC-1989;AC-1990;AC-1991;AC-1992;AC-1993;AC-1994;AC-1995;AC-1996,Security/authorization,Critical,DEC-004/030; OpenAPI
ERR-008,ERR,MOD-008,Напоминания,"Ошибки модуля: стабильные коды, HTTP-статусы и recovery по OpenAPI",— (операции модуля),—,—,—,SCR-028 Напоминания,FLOW-021 Snooze reminder,AC-1856;AC-2246;AC-2247;AC-2248;AC-2249;AC-2250;AC-2251;AC-2252;AC-2253;AC-2254,Error handling,High,errors.csv; State Matrix
SYNC-008,SYNC,MOD-008,Напоминания,"Синхронизация модуля: bootstrap/incremental sync, ack, cursor, scope invalidation",GET_api_v1_sync_changes; POST_api_v1_sync_bootstrap; POST_api_v1_sync_ack,GET /api/v1/sync/changes; POST /api/v1/sync/bootstrap; POST /api/v1/sync/ack,—,OrganizerController.GET_api_v1_sync_changes; OrganizerController.POST_api_v1_sync_bootstrap; OrganizerController.POST_api_v1_sync_ack,SCR-028 Напоминания,FLOW-021 Snooze reminder,AC-1877;AC-2504;AC-2505;AC-2506;AC-2507;AC-2508;AC-2509;AC-2510;AC-2511;AC-2512,Desktop/resilience,High,ADR-005/015; DEC-006/032
AUDIT-008,AUDIT,MOD-008,Напоминания,"Аудит и история действий модуля (append-only, redaction-aware)",— (domain command + audit/history endpoints),—,—,— (domain handlers + audit pipeline),SCR-028 Напоминания,FLOW-021 Snooze reminder,AC-1898;AC-2762;AC-2763;AC-2764;AC-2765;AC-2766;AC-2767;AC-2768;AC-2769;AC-2770,Audit/security,Critical,Architecture audit principles; OpenAPI side effects
BR-044,BR,MOD-008,Напоминания,Напоминание имеет ровно один trigger mode.,—,—,—,—,SCR-028 Напоминания,FLOW-021 Snooze reminder,AC-044,Integration/domain,High,"§17, §27.1.19–21; Stage 3.5"
BR-045,BR,MOD-008,Напоминания,"Snooze меняет время reminder, но не расписание Task/Event.",—,—,—,—,SCR-028 Напоминания,FLOW-021 Snooze reminder,AC-045,Integration/domain,High,"§17, §27.1.19–21; Stage 3.5"
BR-046,BR,MOD-008,Напоминания,Повторное срабатывание дедуплицируется сервером.,—,—,—,—,SCR-028 Напоминания,FLOW-021 Snooze reminder,AC-046,Integration/domain,High,"§17, §27.1.19–21; Stage 3.5"
FR-062,FR,MOD-008,Напоминания,Система должна позволять пользователю с capability `Reminder.ManageOwn` выполнить действие «Список напоминание» и считать его успешным только после подтверждения сервера.,GET_api_v1_reminders,GET /api/v1/reminders,Reminder.ManageOwn,OrganizerController.GET_api_v1_reminders,SCR-028 Напоминания,FLOW-021 Snooze reminder,AC-425;AC-426;AC-427,Contract/integration; Security/authorization; Security/session,High; Critical,OpenAPI `GET_api_v1_reminders`; Stage_3_Field_Traceability_Final_3.5.csv
FR-063,FR,MOD-008,Напоминания,Система должна позволять пользователю с capability `Reminder.ManageOwn` выполнить действие «Создать напоминание» и считать его успешным только после подтверждения сервера.,POST_api_v1_reminders,POST /api/v1/reminders,Reminder.ManageOwn,OrganizerController.POST_api_v1_reminders,SCR-028 Напоминания,FLOW-021 Snooze reminder,AC-428;AC-429;AC-430;AC-431;AC-432;AC-433;AC-434,Contract/integration; Security/authorization; Security/session; Contract/UI; Concurrency/integration; Desktop/resilience; Integration,Critical; High,OpenAPI `POST_api_v1_reminders`; Stage_3_Field_Traceability_Final_3.5.csv
FR-064,FR,MOD-008,Напоминания,Система должна позволять пользователю с capability `Reminder.ManageOwn` выполнить действие «Ближайшие напоминания» и считать его успешным только после подтверждения сервера.,GET_api_v1_reminders_upcoming,GET /api/v1/reminders/upcoming,Reminder.ManageOwn,OrganizerController.GET_api_v1_reminders_upcoming,SCR-028 Напоминания,FLOW-021 Snooze reminder,AC-435;AC-436;AC-437,Contract/integration; Security/authorization; Security/session,High; Critical,OpenAPI `GET_api_v1_reminders_upcoming`; Stage_3_Field_Traceability_Final_3.5.csv
FR-065,FR,MOD-008,Напоминания,Система должна позволять пользователю с capability `Reminder.ManageOwn` выполнить действие «Отменить напоминание» и считать его успешным только после подтверждения сервера.,DELETE_api_v1_reminders_id,DELETE /api/v1/reminders/{id},Reminder.ManageOwn,OrganizerController.DELETE_api_v1_reminders_id,SCR-028 Напоминания,FLOW-021 Snooze reminder,AC-438;AC-439;AC-440;AC-441;AC-442,Contract/integration; Security/authorization; Security/session; Concurrency/integration; Desktop/resilience,Critical,OpenAPI `DELETE_api_v1_reminders_id`; Stage_3_Field_Traceability_Final_3.5.csv
FR-066,FR,MOD-008,Напоминания,Система должна позволять пользователю с capability `Reminder.ManageOwn` выполнить действие «Получить напоминание» и считать его успешным только после подтверждения сервера.,GET_api_v1_reminders_id,GET /api/v1/reminders/{id},Reminder.ManageOwn,OrganizerController.GET_api_v1_reminders_id,SCR-028 Напоминания,FLOW-021 Snooze reminder,AC-443;AC-444;AC-445,Contract/integration; Security/authorization; Security/session,High; Critical,OpenAPI `GET_api_v1_reminders_id`; Stage_3_Field_Traceability_Final_3.5.csv
FR-067,FR,MOD-008,Напоминания,Система должна позволять пользователю с capability `Reminder.ManageOwn` выполнить действие «Изменить напоминание» и считать его успешным только после подтверждения сервера.,PATCH_api_v1_reminders_id,PATCH /api/v1/reminders/{id},Reminder.ManageOwn,OrganizerController.PATCH_api_v1_reminders_id,SCR-028 Напоминания,FLOW-021 Snooze reminder,AC-446;AC-447;AC-448;AC-449;AC-450;AC-451,Contract/integration; Security/authorization; Security/session; Contract/UI; Concurrency/integration; Desktop/resilience,Critical; High,OpenAPI `PATCH_api_v1_reminders_id`; Stage_3_Field_Traceability_Final_3.5.csv
FR-068,FR,MOD-008,Напоминания,Система должна позволять пользователю с capability `Reminder.ManageOwn` выполнить действие «Закрыть срабатывание» и считать его успешным только после подтверждения сервера.,POST_api_v1_reminders_id_dismiss,POST /api/v1/reminders/{id}/dismiss,Reminder.ManageOwn,OrganizerController.POST_api_v1_reminders_id_dismiss,SCR-028 Напоминания,FLOW-021 Snooze reminder,AC-452;AC-453;AC-454;AC-455;AC-456,Contract/integration; Security/authorization; Security/session; Concurrency/integration; Desktop/resilience,Critical,OpenAPI `POST_api_v1_reminders_id_dismiss`; Stage_3_Field_Traceability_Final_3.5.csv
FR-069,FR,MOD-008,Напоминания,Система должна позволять пользователю с capability `Reminder.ManageOwn` выполнить действие «Перепланировать отменённое напоминание» и считать его успешным только после подтверждения сервера.,POST_api_v1_reminders_id_reschedule,POST /api/v1/reminders/{id}/reschedule,Reminder.ManageOwn,OrganizerController.POST_api_v1_reminders_id_reschedule,SCR-028 Напоминания,FLOW-021 Snooze reminder,AC-457;AC-458;AC-459;AC-460;AC-461;AC-462;AC-463,Contract/integration; Security/authorization; Security/session; Contract/UI; Concurrency/integration; Desktop/resilience; Integration,Critical; High,OpenAPI `POST_api_v1_reminders_id_reschedule`; Stage_3_Field_Traceability_Final_3.5.csv
FR-070,FR,MOD-008,Напоминания,Система должна позволять пользователю с capability `Reminder.ManageOwn` выполнить действие «Отложить напоминание» и считать его успешным только после подтверждения сервера.,POST_api_v1_reminders_id_snooze,POST /api/v1/reminders/{id}/snooze,Reminder.ManageOwn,OrganizerController.POST_api_v1_reminders_id_snooze,SCR-028 Напоминания,FLOW-021 Snooze reminder,AC-464;AC-465;AC-466;AC-467;AC-468;AC-469;AC-470,Contract/integration; Security/authorization; Security/session; Contract/UI; Concurrency/integration; Desktop/resilience; Integration,Critical; High,OpenAPI `POST_api_v1_reminders_id_snooze`; Stage_3_Field_Traceability_Final_3.5.csv
FR-253,FR,MOD-008,Напоминания,Snooze action должен явно показывать новое время и не менять Task/Event schedule.,"— (Desktop-only, без нового API)","— (Desktop-only, без нового API)",Capability-driven; server recheck для команд,"— (Desktop-only, без нового API)",SCR-028 Напоминания,FLOW-021 Snooze reminder,AC-1416,Desktop/UI,High,Stage 3.5 UX Architecture/Decision Log
DATA-009,DATA,MOD-009,Календарь,Данные модуля: DTO/агрегаты и их поля по OpenAPI,— (операции модуля),—,—,—,SCR-040 Календарь; SCR-041 Календарь: день; SCR-042 Календарь: неделя; SCR-043 Календарь: месяц; SCR-044 Редактор CalendarEvent; SCR-045 Фильтры календаря; SCR-046 Предупреждение overlap; SCR-047 Conflict после drag/resize,FLOW-031 Создание CalendarEvent; FLOW-032 Drag/resize календаря,AC-1563;AC-1564;AC-1565;AC-1566;AC-1567;AC-1568;AC-1569;AC-1570;AC-1571;AC-1572;AC-1573;AC-1574;AC-1575;AC-1576;AC-1577;AC-1578;AC-1579;AC-1580;AC-1581;AC-1582;AC-1583;AC-1584;AC-1585;AC-1586,Boundary/contract UI,High,DEC-036/037/041
PERM-009,PERM,MOD-009,Календарь,Права модуля: capabilities и scopes по OpenAPI,— (операции модуля),—,—,—,SCR-040 Календарь; SCR-041 Календарь: день; SCR-042 Календарь: неделя; SCR-043 Календарь: месяц; SCR-044 Редактор CalendarEvent; SCR-045 Фильтры календаря; SCR-046 Предупреждение overlap; SCR-047 Conflict после drag/resize,FLOW-031 Создание CalendarEvent; FLOW-032 Drag/resize календаря,AC-1836;AC-1997;AC-1998;AC-1999;AC-2000;AC-2001;AC-2002;AC-2003;AC-2004;AC-2005;AC-2006;AC-2007;AC-2008,Security/authorization,Critical,DEC-004/030; OpenAPI
ERR-009,ERR,MOD-009,Календарь,"Ошибки модуля: стабильные коды, HTTP-статусы и recovery по OpenAPI",— (операции модуля),—,—,—,SCR-040 Календарь; SCR-041 Календарь: день; SCR-042 Календарь: неделя; SCR-043 Календарь: месяц; SCR-044 Редактор CalendarEvent; SCR-045 Фильтры календаря; SCR-046 Предупреждение overlap; SCR-047 Conflict после drag/resize,FLOW-031 Создание CalendarEvent; FLOW-032 Drag/resize календаря,AC-1857;AC-2255;AC-2256;AC-2257;AC-2258;AC-2259;AC-2260;AC-2261;AC-2262;AC-2263;AC-2264;AC-2265;AC-2266,Error handling,High,errors.csv; State Matrix
SYNC-009,SYNC,MOD-009,Календарь,"Синхронизация модуля: bootstrap/incremental sync, ack, cursor, scope invalidation",GET_api_v1_sync_changes; POST_api_v1_sync_bootstrap; POST_api_v1_sync_ack,GET /api/v1/sync/changes; POST /api/v1/sync/bootstrap; POST /api/v1/sync/ack,—,OrganizerController.GET_api_v1_sync_changes; OrganizerController.POST_api_v1_sync_bootstrap; OrganizerController.POST_api_v1_sync_ack,SCR-040 Календарь; SCR-041 Календарь: день; SCR-042 Календарь: неделя; SCR-043 Календарь: месяц; SCR-044 Редактор CalendarEvent; SCR-045 Фильтры календаря; SCR-046 Предупреждение overlap; SCR-047 Conflict после drag/resize,FLOW-031 Создание CalendarEvent; FLOW-032 Drag/resize календаря,AC-1878;AC-2513;AC-2514;AC-2515;AC-2516;AC-2517;AC-2518;AC-2519;AC-2520;AC-2521;AC-2522;AC-2523;AC-2524,Desktop/resilience,High,ADR-005/015; DEC-006/032
AUDIT-009,AUDIT,MOD-009,Календарь,"Аудит и история действий модуля (append-only, redaction-aware)",— (domain command + audit/history endpoints),—,—,— (domain handlers + audit pipeline),SCR-040 Календарь; SCR-041 Календарь: день; SCR-042 Календарь: неделя; SCR-043 Календарь: месяц; SCR-044 Редактор CalendarEvent; SCR-045 Фильтры календаря; SCR-046 Предупреждение overlap; SCR-047 Conflict после drag/resize,FLOW-031 Создание CalendarEvent; FLOW-032 Drag/resize календаря,AC-1899;AC-2771;AC-2772;AC-2773;AC-2774;AC-2775;AC-2776;AC-2777;AC-2778;AC-2779;AC-2780;AC-2781;AC-2782,Audit/security,Critical,Architecture audit principles; OpenAPI side effects
BR-047,BR,MOD-009,Календарь,Overlap разрешён и только предупреждается.,—,—,—,—,SCR-040 Календарь; SCR-041 Календарь: день; SCR-042 Календарь: неделя; SCR-043 Календарь: месяц; SCR-044 Редактор CalendarEvent; SCR-045 Фильтры календаря; SCR-046 Предупреждение overlap; SCR-047 Conflict после drag/resize,FLOW-031 Создание CalendarEvent; FLOW-032 Drag/resize календаря,AC-047,Integration/domain,High,"§12, §27.1.18, §29; Stage 3.5"
BR-048,BR,MOD-009,Календарь,Date-only Task отображается вне временной шкалы.,—,—,—,—,SCR-040 Календарь; SCR-041 Календарь: день; SCR-042 Календарь: неделя; SCR-043 Календарь: месяц; SCR-044 Редактор CalendarEvent; SCR-045 Фильтры календаря; SCR-046 Предупреждение overlap; SCR-047 Conflict после drag/resize,FLOW-031 Создание CalendarEvent; FLOW-032 Drag/resize календаря,AC-048,Integration/domain,High,"§12, §27.1.18, §29; Stage 3.5"
BR-049,BR,MOD-009,Календарь,Deadline не используется как позиция на timeline.,—,—,—,—,SCR-040 Календарь; SCR-041 Календарь: день; SCR-042 Календарь: неделя; SCR-043 Календарь: месяц; SCR-044 Редактор CalendarEvent; SCR-045 Фильтры календаря; SCR-046 Предупреждение overlap; SCR-047 Conflict после drag/resize,FLOW-031 Создание CalendarEvent; FLOW-032 Drag/resize календаря,AC-049,Integration/domain,High,"§12, §27.1.18, §29; Stage 3.5"
BR-050,BR,MOD-009,Календарь,Все локальные времена интерпретируются с timezone.,—,—,—,—,SCR-040 Календарь; SCR-041 Календарь: день; SCR-042 Календарь: неделя; SCR-043 Календарь: месяц; SCR-044 Редактор CalendarEvent; SCR-045 Фильтры календаря; SCR-046 Предупреждение overlap; SCR-047 Conflict после drag/resize,FLOW-031 Создание CalendarEvent; FLOW-032 Drag/resize календаря,AC-050,Integration/domain,High,"§12, §27.1.18, §29; Stage 3.5"
FR-071,FR,MOD-009,Календарь,Система должна позволять пользователю с capability `Calendar.Read` выполнить действие «Объединённая проекция Task + Event» и считать его успешным только после подтверждения сервера.,GET_api_v1_calendar,GET /api/v1/calendar,Calendar.Read,OrganizerController.GET_api_v1_calendar,SCR-040 Календарь; SCR-041 Календарь: день; SCR-042 Календарь: неделя; SCR-043 Календарь: месяц; SCR-044 Редактор CalendarEvent; SCR-045 Фильтры календаря; SCR-046 Предупреждение overlap; SCR-047 Conflict после drag/resize,FLOW-031 Создание CalendarEvent; FLOW-032 Drag/resize календаря,AC-471;AC-472;AC-473;AC-474,Contract/integration; Security/authorization; Security/session; Contract/UI,High; Critical,OpenAPI `GET_api_v1_calendar`; Stage_3_Field_Traceability_Final_3.5.csv
FR-072,FR,MOD-009,Календарь,Система должна позволять пользователю с capability `Calendar.Read` выполнить действие «Список календарное событие» и считать его успешным только после подтверждения сервера.,GET_api_v1_calendar_events,GET /api/v1/calendar-events,Calendar.Read,OrganizerController.GET_api_v1_calendar_events,SCR-040 Календарь; SCR-041 Календарь: день; SCR-042 Календарь: неделя; SCR-043 Календарь: месяц; SCR-044 Редактор CalendarEvent; SCR-045 Фильтры календаря; SCR-046 Предупреждение overlap; SCR-047 Conflict после drag/resize,FLOW-031 Создание CalendarEvent; FLOW-032 Drag/resize календаря,AC-475;AC-476;AC-477,Contract/integration; Security/authorization; Security/session,High; Critical,OpenAPI `GET_api_v1_calendar_events`; Stage_3_Field_Traceability_Final_3.5.csv
FR-073,FR,MOD-009,Календарь,Система должна позволять пользователю с capability `CalendarEvent.Create` выполнить действие «Создать календарное событие» и считать его успешным только после подтверждения сервера.,POST_api_v1_calendar_events,POST /api/v1/calendar-events,CalendarEvent.Create,OrganizerController.POST_api_v1_calendar_events,SCR-044 Редактор CalendarEvent,FLOW-031 Создание CalendarEvent,AC-478;AC-479;AC-480;AC-481;AC-482;AC-483;AC-484,Contract/integration; Security/authorization; Security/session; Contract/UI; Concurrency/integration; Desktop/resilience; Integration,Critical; High,OpenAPI `POST_api_v1_calendar_events`; Stage_3_Field_Traceability_Final_3.5.csv
FR-074,FR,MOD-009,Календарь,Система должна позволять пользователю с capability `CalendarEvent.Delete` выполнить действие «Переместить календарное событие в корзину» и считать его успешным только после подтверждения сервера.,DELETE_api_v1_calendar_events_id,DELETE /api/v1/calendar-events/{id},CalendarEvent.Delete,OrganizerController.DELETE_api_v1_calendar_events_id,SCR-040 Календарь; SCR-041 Календарь: день; SCR-042 Календарь: неделя; SCR-043 Календарь: месяц; SCR-044 Редактор CalendarEvent; SCR-045 Фильтры календаря; SCR-046 Предупреждение overlap; SCR-047 Conflict после drag/resize,FLOW-027 Перемещение в корзину,AC-485;AC-486;AC-487;AC-488;AC-489;AC-490,Contract/integration; Security/authorization; Security/session; Concurrency/integration; Desktop/resilience; Lifecycle/integration,Critical; High,OpenAPI `DELETE_api_v1_calendar_events_id`; Stage_3_Field_Traceability_Final_3.5.csv
FR-075,FR,MOD-009,Календарь,Система должна позволять пользователю с capability `Calendar.Read` выполнить действие «Получить календарное событие» и считать его успешным только после подтверждения сервера.,GET_api_v1_calendar_events_id,GET /api/v1/calendar-events/{id},Calendar.Read,OrganizerController.GET_api_v1_calendar_events_id,SCR-044 Редактор CalendarEvent,FLOW-031 Создание CalendarEvent; FLOW-032 Drag/resize календаря,AC-491;AC-492;AC-493,Contract/integration; Security/authorization; Security/session,High; Critical,OpenAPI `GET_api_v1_calendar_events_id`; Stage_3_Field_Traceability_Final_3.5.csv
FR-076,FR,MOD-009,Календарь,Система должна позволять пользователю с capability `CalendarEvent.Update` выполнить действие «Изменить календарное событие» и считать его успешным только после подтверждения сервера.,PATCH_api_v1_calendar_events_id,PATCH /api/v1/calendar-events/{id},CalendarEvent.Update,OrganizerController.PATCH_api_v1_calendar_events_id,SCR-044 Редактор CalendarEvent; SCR-047 Conflict после drag/resize,FLOW-032 Drag/resize календаря,AC-494;AC-495;AC-496;AC-497;AC-498;AC-499;AC-500,Contract/integration; Security/authorization; Security/session; Contract/UI; Concurrency/integration; Desktop/resilience; Lifecycle/integration,Critical; High,OpenAPI `PATCH_api_v1_calendar_events_id`; Stage_3_Field_Traceability_Final_3.5.csv
FR-077,FR,MOD-009,Календарь,Система должна позволять пользователю с capability `CalendarEvent.Update` выполнить действие «Архивировать календарное событие» и считать его успешным только после подтверждения сервера.,POST_api_v1_calendar_events_id_archive,POST /api/v1/calendar-events/{id}/archive,CalendarEvent.Update,OrganizerController.POST_api_v1_calendar_events_id_archive,SCR-040 Календарь; SCR-041 Календарь: день; SCR-042 Календарь: неделя; SCR-043 Календарь: месяц; SCR-044 Редактор CalendarEvent; SCR-045 Фильтры календаря; SCR-046 Предупреждение overlap; SCR-047 Conflict после drag/resize,FLOW-026 Архивирование,AC-501;AC-502;AC-503;AC-504;AC-505;AC-506;AC-507;AC-508,Contract/integration; Security/authorization; Security/session; Contract/UI; Concurrency/integration; Desktop/resilience; Integration; Lifecycle/integration,Critical; High,OpenAPI `POST_api_v1_calendar_events_id_archive`; Stage_3_Field_Traceability_Final_3.5.csv
FR-078,FR,MOD-009,Календарь,Система должна позволять пользователю с capability `CalendarEvent.Update` выполнить действие «Заменить участников события» и считать его успешным только после подтверждения сервера.,PUT_api_v1_calendar_events_id_attendees,PUT /api/v1/calendar-events/{id}/attendees,CalendarEvent.Update,OrganizerController.PUT_api_v1_calendar_events_id_attendees,SCR-044 Редактор CalendarEvent,FLOW-031 Создание CalendarEvent; FLOW-032 Drag/resize календаря,AC-509;AC-510;AC-511;AC-512;AC-513;AC-514;AC-515;AC-516,Contract/integration; Security/authorization; Security/session; Contract/UI; Concurrency/integration; Desktop/resilience; Integration; Lifecycle/integration,Critical; High,OpenAPI `PUT_api_v1_calendar_events_id_attendees`; Stage_3_Field_Traceability_Final_3.5.csv
FR-079,FR,MOD-009,Календарь,Система должна позволять пользователю с capability `CalendarEvent.Respond` выполнить действие «Ответить на приглашение» и считать его успешным только после подтверждения сервера.,POST_api_v1_calendar_events_id_respond,POST /api/v1/calendar-events/{id}/respond,CalendarEvent.Respond,OrganizerController.POST_api_v1_calendar_events_id_respond,SCR-044 Редактор CalendarEvent,FLOW-031 Создание CalendarEvent; FLOW-032 Drag/resize календаря,AC-517;AC-518;AC-519;AC-520;AC-521;AC-522;AC-523;AC-524,Contract/integration; Security/authorization; Security/session; Contract/UI; Concurrency/integration; Desktop/resilience; Integration; Lifecycle/integration,Critical; High,OpenAPI `POST_api_v1_calendar_events_id_respond`; Stage_3_Field_Traceability_Final_3.5.csv
FR-080,FR,MOD-009,Календарь,Система должна позволять пользователю с capability `CalendarEvent.Delete` выполнить действие «Восстановить календарное событие» и считать его успешным только после подтверждения сервера.,POST_api_v1_calendar_events_id_restore,POST /api/v1/calendar-events/{id}/restore,CalendarEvent.Delete,OrganizerController.POST_api_v1_calendar_events_id_restore,SCR-040 Календарь; SCR-041 Календарь: день; SCR-042 Календарь: неделя; SCR-043 Календарь: месяц; SCR-044 Редактор CalendarEvent; SCR-045 Фильтры календаря; SCR-046 Предупреждение overlap; SCR-047 Conflict после drag/resize,FLOW-028 Восстановление из корзины,AC-525;AC-526;AC-527;AC-528;AC-529;AC-530;AC-531;AC-532,Contract/integration; Security/authorization; Security/session; Contract/UI; Concurrency/integration; Desktop/resilience; Integration; Lifecycle/integration,Critical; High,OpenAPI `POST_api_v1_calendar_events_id_restore`; Stage_3_Field_Traceability_Final_3.5.csv
FR-081,FR,MOD-009,Календарь,Система должна позволять пользователю с capability `CalendarEvent.Update` выполнить действие «Вернуть календарное событие из архива» и считать его успешным только после подтверждения сервера.,POST_api_v1_calendar_events_id_unarchive,POST /api/v1/calendar-events/{id}/unarchive,CalendarEvent.Update,OrganizerController.POST_api_v1_calendar_events_id_unarchive,SCR-040 Календарь; SCR-041 Календарь: день; SCR-042 Календарь: неделя; SCR-043 Календарь: месяц; SCR-044 Редактор CalendarEvent; SCR-045 Фильтры календаря; SCR-046 Предупреждение overlap; SCR-047 Conflict после drag/resize,FLOW-026 Архивирование,AC-533;AC-534;AC-535;AC-536;AC-537;AC-538,Contract/integration; Security/authorization; Security/session; Concurrency/integration; Desktop/resilience; Lifecycle/integration,Critical; High,OpenAPI `POST_api_v1_calendar_events_id_unarchive`; Stage_3_Field_Traceability_Final_3.5.csv
FR-082,FR,MOD-009,Календарь,Система должна позволять пользователю с capability `Calendar.Read` выполнить действие «Пересечения расписания» и считать его успешным только после подтверждения сервера.,GET_api_v1_calendar_conflicts,GET /api/v1/calendar/conflicts,Calendar.Read,OrganizerController.GET_api_v1_calendar_conflicts,SCR-040 Календарь; SCR-041 Календарь: день; SCR-042 Календарь: неделя; SCR-043 Календарь: месяц; SCR-044 Редактор CalendarEvent; SCR-045 Фильтры календаря; SCR-046 Предупреждение overlap; SCR-047 Conflict после drag/resize,FLOW-031 Создание CalendarEvent; FLOW-032 Drag/resize календаря,AC-539;AC-540;AC-541;AC-542,Contract/integration; Security/authorization; Security/session; Contract/UI,High; Critical,OpenAPI `GET_api_v1_calendar_conflicts`; Stage_3_Field_Traceability_Final_3.5.csv
FR-254,FR,MOD-009,Календарь,Каждое drag/resize действие должно иметь keyboard-equivalent dialog с теми же полями.,"— (Desktop-only, без нового API)","— (Desktop-only, без нового API)",Capability-driven; server recheck для команд,"— (Desktop-only, без нового API)",SCR-040 Календарь; SCR-041 Календарь: день; SCR-042 Календарь: неделя; SCR-043 Календарь: месяц; SCR-044 Редактор CalendarEvent; SCR-045 Фильтры календаря; SCR-046 Предупреждение overlap; SCR-047 Conflict после drag/resize,FLOW-031 Создание CalendarEvent; FLOW-032 Drag/resize календаря,AC-1417,Desktop/UI,High,Stage 3.5 UX Architecture/Decision Log
AC-001,AC,ALL,Все модули (Wave A: 9 модулей),Проверить правило: Организация одна; каждая общая запись ограничена organization boundary.,—,—,—,—,—,—,,Integration/contract,High,Концепция §3.1; Архитектура A1-11
AC-002,AC,ALL,Все модули (Wave A: 9 модулей),"Проверить правило: UserAccount отвечает за аутентификацию, EmployeeProfile — за рабочий профиль.",—,—,—,—,—,—,,Integration/contract,High,Stage 2.3.1 C-03
AC-003,AC,ALL,Все модули (Wave A: 9 модулей),Проверить правило: Сервер является единственным источником истины; локальный cache disposable и read-only при outage.,—,—,—,—,—,—,,Integration/contract,High,Архитектура A1-01/A1-03; DEC-006
AC-004,AC,ALL,Все модули (Wave A: 9 модулей),"Проверить правило: Любое действие разрешается сервером по RBAC/ReBAC/ABAC, explicit deny сильнее allow, default deny.",—,—,—,—,—,—,,Integration/contract,Critical,ADR-002; DEC-004
AC-005,AC,ALL,Все модули (Wave A: 9 модулей),"[Trashed (Stage 3.5 State Matrix)] Проверить правило: Business status, derived state, archive, trash и UI state не смешиваются.",—,—,—,—,—,—,,Integration/contract,High,DEC-005
AC-006,AC,ALL,Все модули (Wave A: 9 модулей),[Trashed (Stage 3.5 State Matrix)] Проверить правило: Archived object по умолчанию read-only; Trashed object доступен только для restore/purge.,—,—,—,—,—,—,,Integration/contract,High,ADR-011; DEC-023
AC-007,AC,ALL,Все модули (Wave A: 9 модулей),Проверить правило: Удаление metadata рабочего файла не удаляет физический файл.,—,—,—,—,—,—,,Integration/contract,Critical,Концепция §22.2; DEC-018
AC-008,AC,ALL,Все модули (Wave A: 9 модулей),Проверить правило: Физический доступ к файлу определяется Windows/SMB ACL после metadata permission.,—,—,—,—,—,—,,Integration/contract,Critical,Архитектура A1-06; GAP-004
AC-009,AC,ALL,Все модули (Wave A: 9 модулей),[STATE-014/STATE-025] Проверить правило: Versioned write требует If-Match; stale version не перезаписывается молча.,—,—,—,—,—,—,,Integration/contract,Critical,ADR-004; DEC-038
AC-010,AC,ALL,Все модули (Wave A: 9 модулей),Проверить правило: Safe retry допускается только для safe/idempotent operation с сохранением request hash/key.,—,—,—,—,—,—,,Integration/contract,High,Stage 2.3.1 idempotency
AC-011,AC,ALL,Все модули (Wave A: 9 модулей),Проверить правило: Audit append-only; secrets и неразрешённые sensitive paths редактируются или не записываются.,—,—,—,—,—,—,,Integration/contract,High,ADR-009; архитектура
AC-012,AC,ALL,Все модули (Wave A: 9 модулей),[STATE-007] Проверить правило: Realtime signal является invalidation; durable recovery выполняется через change feed.,—,—,—,—,—,—,,Integration/contract,High,ADR-005
AC-013,AC,ALL,Все модули (Wave A: 9 модулей),Проверить правило: Search фильтруется по authorization и filters до pagination; client post-filter запрещён.,—,—,—,—,—,—,,Integration/contract,High,DEC-040; Search Contract
AC-014,AC,ALL,Все модули (Wave A: 9 модулей),Проверить правило: UI hidden/disabled state не заменяет server-side permission check.,—,—,—,—,—,—,,Integration/contract,Critical,DEC-030
AC-015,AC,ALL,Все модули (Wave A: 9 модулей),Проверить правило: PATCH omitted означает unchanged; explicit null очищает только nullable field.,—,—,—,—,—,—,,Integration/contract,High,DEC-037
AC-1823,AC,ALL,Все модули (Wave A: 9 модулей),Analytics privacy,—,—,—,—,SCR-133 Глобальный поиск; SCR-153 Notifications и DND,"FLOW-019 Глобальный поиск; FLOW-038 Управление организационной шкалой срочности (Stage 4.5, DEC-060)",,Privacy,Critical,Stage 2.3.1 OpenAPI 1.2.0-stage2.3; Stage 3.5 UX baseline; Stage 4.3 remediation
AC-016,AC,MOD-001,Авторизация и сессии,Проверить бизнес-правило: Каждый сотрудник использует отдельную учётную запись.,—,—,—,—,SCR-001 Вход; SCR-002 Подключение к серверу; SCR-006 Сессия прервана; SCR-161 Мои devices и sessions,FLOW-001 Первый вход; FLOW-002 Обычный вход; FLOW-003 Истечение сессии,,Integration/domain,High,"§§3.2, 24, 25, 29; Stage 3.5"
AC-017,AC,MOD-001,Авторизация и сессии,Проверить бизнес-правило: Refresh token ротируется; повторное использование завершает семейство сессий.,—,—,—,—,SCR-001 Вход; SCR-002 Подключение к серверу; SCR-006 Сессия прервана; SCR-161 Мои devices и sessions,FLOW-001 Первый вход; FLOW-002 Обычный вход; FLOW-003 Истечение сессии,,Integration/domain,High,"§§3.2, 24, 25, 29; Stage 3.5"
AC-018,AC,MOD-001,Авторизация и сессии,Проверить бизнес-правило: Блокировка или деактивация пользователя отзывает активные сессии.,—,—,—,—,SCR-001 Вход; SCR-002 Подключение к серверу; SCR-006 Сессия прервана; SCR-161 Мои devices и sessions,FLOW-001 Первый вход; FLOW-002 Обычный вход; FLOW-003 Истечение сессии,,Integration/domain,High,"§§3.2, 24, 25, 29; Stage 3.5"
AC-019,AC,MOD-001,Авторизация и сессии,"Проверить бизнес-правило: Клиент не раскрывает, логин или пароль были неверны.",—,—,—,—,SCR-001 Вход; SCR-002 Подключение к серверу; SCR-006 Сессия прервана; SCR-161 Мои devices и sessions,FLOW-001 Первый вход; FLOW-002 Обычный вход; FLOW-003 Истечение сессии,,Integration/domain,High,"§§3.2, 24, 25, 29; Stage 3.5"
AC-098,AC,MOD-001,Авторизация и сессии,Happy path: Администратор задаёт временный пароль,POST_api_v1_auth_admin_reset_password,POST /api/v1/auth/admin-reset-password,User.ResetPassword,OrganizerController.POST_api_v1_auth_admin_reset_password,SCR-173 Создание/активация пользователя,FLOW-001 Первый вход; FLOW-002 Обычный вход; FLOW-003 Истечение сессии,,Contract/integration,Critical,OpenAPI `POST_api_v1_auth_admin_reset_password`; Stage_3_Field_Traceability_Final_3.5.csv
AC-099,AC,MOD-001,Авторизация и сессии,[Forbidden (Stage 3.5 State Matrix)/ObjectUnavailable (Stage 3.5 State Matrix)] Permission denied: Администратор задаёт временный пароль не выполняется и данные не раскрываются,POST_api_v1_auth_admin_reset_password,POST /api/v1/auth/admin-reset-password,User.ResetPassword,OrganizerController.POST_api_v1_auth_admin_reset_password,SCR-173 Создание/активация пользователя,FLOW-001 Первый вход; FLOW-002 Обычный вход; FLOW-003 Истечение сессии,,Security/authorization,Critical,OpenAPI `POST_api_v1_auth_admin_reset_password`; Stage_3_Field_Traceability_Final_3.5.csv
AC-100,AC,MOD-001,Авторизация и сессии,[Authentication/session error handling (Stage 3.5 error/UI rule)/Authentication/session error handling (Stage 3.5 error/UI rule)/Device-revocation error handling (Stage 3.5 error/UI rule)] Session/device interruption: операция прекращается без сохранения неподтверждённого состояния,POST_api_v1_auth_admin_reset_password,POST /api/v1/auth/admin-reset-password,User.ResetPassword,OrganizerController.POST_api_v1_auth_admin_reset_password,SCR-173 Создание/активация пользователя,FLOW-001 Первый вход; FLOW-002 Обычный вход; FLOW-003 Истечение сессии,,Security/session,Critical,OpenAPI `POST_api_v1_auth_admin_reset_password`; Stage_3_Field_Traceability_Final_3.5.csv
AC-101,AC,MOD-001,Авторизация и сессии,[STATE-014/STATE-025] Conflict/precondition: устаревшая или отсутствующая контрактная версия/precondition не приводит к overwrite,POST_api_v1_auth_admin_reset_password,POST /api/v1/auth/admin-reset-password,User.ResetPassword,OrganizerController.POST_api_v1_auth_admin_reset_password,SCR-173 Создание/активация пользователя,FLOW-001 Первый вход; FLOW-002 Обычный вход; FLOW-003 Истечение сессии,,Concurrency/integration,Critical,OpenAPI `POST_api_v1_auth_admin_reset_password`; Stage_3_Field_Traceability_Final_3.5.csv
AC-102,AC,MOD-001,Авторизация и сессии,[ServerUnavailable (Stage 3.5 State Matrix)/ServerUnavailable (cached read-only presentation) (Stage 3.5 State Matrix)/Reconnecting (Stage 3.5 State Matrix)] Server unavailable/read-only: команда Администратор задаёт временный пароль не ставится в offline queue,POST_api_v1_auth_admin_reset_password,POST /api/v1/auth/admin-reset-password,User.ResetPassword,OrganizerController.POST_api_v1_auth_admin_reset_password,SCR-173 Создание/активация пользователя,FLOW-001 Первый вход; FLOW-002 Обычный вход; FLOW-003 Истечение сессии,,Desktop/resilience,Critical,OpenAPI `POST_api_v1_auth_admin_reset_password`; Stage_3_Field_Traceability_Final_3.5.csv
AC-103,AC,MOD-001,Авторизация и сессии,[Stable-error-specific recovery (Stage 3.5 error/UI rule)] Idempotency: повтор с тем же key/hash не создаёт двойной side effect,POST_api_v1_auth_admin_reset_password,POST /api/v1/auth/admin-reset-password,User.ResetPassword,OrganizerController.POST_api_v1_auth_admin_reset_password,SCR-173 Создание/активация пользователя,FLOW-001 Первый вход; FLOW-002 Обычный вход; FLOW-003 Истечение сессии,,Integration,Critical,OpenAPI `POST_api_v1_auth_admin_reset_password`; Stage_3_Field_Traceability_Final_3.5.csv
AC-104,AC,MOD-001,Авторизация и сессии,Happy path: Смена собственного пароля,POST_api_v1_auth_change_password,POST /api/v1/auth/change-password,Authenticated,OrganizerController.POST_api_v1_auth_change_password,SCR-152 Пароль и безопасность,FLOW-001 Первый вход; FLOW-002 Обычный вход; FLOW-003 Истечение сессии,,Contract/integration,Critical,OpenAPI `POST_api_v1_auth_change_password`; Stage_3_Field_Traceability_Final_3.5.csv
AC-105,AC,MOD-001,Авторизация и сессии,[Authentication/session error handling (Stage 3.5 error/UI rule)/Authentication/session error handling (Stage 3.5 error/UI rule)/Device-revocation error handling (Stage 3.5 error/UI rule)] Session/device interruption: операция прекращается без сохранения неподтверждённого состояния,POST_api_v1_auth_change_password,POST /api/v1/auth/change-password,Authenticated,OrganizerController.POST_api_v1_auth_change_password,SCR-152 Пароль и безопасность,FLOW-001 Первый вход; FLOW-002 Обычный вход; FLOW-003 Истечение сессии,,Security/session,Critical,OpenAPI `POST_api_v1_auth_change_password`; Stage_3_Field_Traceability_Final_3.5.csv
AC-106,AC,MOD-001,Авторизация и сессии,[STATE-007] Validation: fieldErrors сохраняют draft и привязываются к canonical field path,POST_api_v1_auth_change_password,POST /api/v1/auth/change-password,Authenticated,OrganizerController.POST_api_v1_auth_change_password,SCR-152 Пароль и безопасность,FLOW-001 Первый вход; FLOW-002 Обычный вход; FLOW-003 Истечение сессии,,Contract/UI,High,OpenAPI `POST_api_v1_auth_change_password`; Stage_3_Field_Traceability_Final_3.5.csv
AC-107,AC,MOD-001,Авторизация и сессии,[STATE-014/STATE-025] Conflict/precondition: устаревшая или отсутствующая контрактная версия/precondition не приводит к overwrite,POST_api_v1_auth_change_password,POST /api/v1/auth/change-password,Authenticated,OrganizerController.POST_api_v1_auth_change_password,SCR-152 Пароль и безопасность,FLOW-001 Первый вход; FLOW-002 Обычный вход; FLOW-003 Истечение сессии,,Concurrency/integration,Critical,OpenAPI `POST_api_v1_auth_change_password`; Stage_3_Field_Traceability_Final_3.5.csv
AC-108,AC,MOD-001,Авторизация и сессии,[ServerUnavailable (Stage 3.5 State Matrix)/ServerUnavailable (cached read-only presentation) (Stage 3.5 State Matrix)/Reconnecting (Stage 3.5 State Matrix)] Server unavailable/read-only: команда Смена собственного пароля не ставится в offline queue,POST_api_v1_auth_change_password,POST /api/v1/auth/change-password,Authenticated,OrganizerController.POST_api_v1_auth_change_password,SCR-152 Пароль и безопасность,FLOW-001 Первый вход; FLOW-002 Обычный вход; FLOW-003 Истечение сессии,,Desktop/resilience,Critical,OpenAPI `POST_api_v1_auth_change_password`; Stage_3_Field_Traceability_Final_3.5.csv
AC-109,AC,MOD-001,Авторизация и сессии,[Stable-error-specific recovery (Stage 3.5 error/UI rule)] Idempotency: повтор с тем же key/hash не создаёт двойной side effect,POST_api_v1_auth_change_password,POST /api/v1/auth/change-password,Authenticated,OrganizerController.POST_api_v1_auth_change_password,SCR-152 Пароль и безопасность,FLOW-001 Первый вход; FLOW-002 Обычный вход; FLOW-003 Истечение сессии,,Integration,Critical,OpenAPI `POST_api_v1_auth_change_password`; Stage_3_Field_Traceability_Final_3.5.csv
AC-110,AC,MOD-001,Авторизация и сессии,Happy path: Вход по логину/паролю,POST_api_v1_auth_login,POST /api/v1/auth/login,Anonymous,OrganizerController.POST_api_v1_auth_login,SCR-001 Вход,FLOW-001 Первый вход,,Contract/integration,Critical,OpenAPI `POST_api_v1_auth_login`; Stage_3_Field_Traceability_Final_3.5.csv
AC-111,AC,MOD-001,Авторизация и сессии,[ServerUnavailable (Stage 3.5 State Matrix)/ServerUnavailable (cached read-only presentation) (Stage 3.5 State Matrix)/Reconnecting (Stage 3.5 State Matrix)] Server unavailable/read-only: команда Вход по логину/паролю не ставится в offline queue,POST_api_v1_auth_login,POST /api/v1/auth/login,Anonymous,OrganizerController.POST_api_v1_auth_login,SCR-001 Вход,FLOW-001 Первый вход,,Desktop/resilience,Critical,OpenAPI `POST_api_v1_auth_login`; Stage_3_Field_Traceability_Final_3.5.csv
AC-112,AC,MOD-001,Авторизация и сессии,[Stable-error-specific recovery (Stage 3.5 error/UI rule)] Idempotency: повтор с тем же key/hash не создаёт двойной side effect,POST_api_v1_auth_login,POST /api/v1/auth/login,Anonymous,OrganizerController.POST_api_v1_auth_login,SCR-001 Вход,FLOW-001 Первый вход,,Integration,Critical,OpenAPI `POST_api_v1_auth_login`; Stage_3_Field_Traceability_Final_3.5.csv
AC-113,AC,MOD-001,Авторизация и сессии,Happy path: Журнал входов,GET_api_v1_auth_login_attempts,GET /api/v1/auth/login-attempts,SecurityAudit.Read,OrganizerController.GET_api_v1_auth_login_attempts,SCR-181 Sessions и login attempts,FLOW-001 Первый вход; FLOW-002 Обычный вход; FLOW-003 Истечение сессии,,Contract/integration,High,OpenAPI `GET_api_v1_auth_login_attempts`; Stage_3_Field_Traceability_Final_3.5.csv
AC-114,AC,MOD-001,Авторизация и сессии,[Forbidden (Stage 3.5 State Matrix)/ObjectUnavailable (Stage 3.5 State Matrix)] Permission denied: Журнал входов не выполняется и данные не раскрываются,GET_api_v1_auth_login_attempts,GET /api/v1/auth/login-attempts,SecurityAudit.Read,OrganizerController.GET_api_v1_auth_login_attempts,SCR-181 Sessions и login attempts,FLOW-001 Первый вход; FLOW-002 Обычный вход; FLOW-003 Истечение сессии,,Security/authorization,Critical,OpenAPI `GET_api_v1_auth_login_attempts`; Stage_3_Field_Traceability_Final_3.5.csv
AC-115,AC,MOD-001,Авторизация и сессии,[Authentication/session error handling (Stage 3.5 error/UI rule)/Authentication/session error handling (Stage 3.5 error/UI rule)/Device-revocation error handling (Stage 3.5 error/UI rule)] Session/device interruption: операция прекращается без сохранения неподтверждённого состояния,GET_api_v1_auth_login_attempts,GET /api/v1/auth/login-attempts,SecurityAudit.Read,OrganizerController.GET_api_v1_auth_login_attempts,SCR-181 Sessions и login attempts,FLOW-001 Первый вход; FLOW-002 Обычный вход; FLOW-003 Истечение сессии,,Security/session,Critical,OpenAPI `GET_api_v1_auth_login_attempts`; Stage_3_Field_Traceability_Final_3.5.csv
AC-116,AC,MOD-001,Авторизация и сессии,Happy path: Завершить текущую сессию,POST_api_v1_auth_logout,POST /api/v1/auth/logout,Authenticated,OrganizerController.POST_api_v1_auth_logout,SCR-161 Мои devices и sessions,FLOW-003 Истечение сессии,,Contract/integration,Critical,OpenAPI `POST_api_v1_auth_logout`; Stage_3_Field_Traceability_Final_3.5.csv
AC-117,AC,MOD-001,Авторизация и сессии,[Authentication/session error handling (Stage 3.5 error/UI rule)/Authentication/session error handling (Stage 3.5 error/UI rule)/Device-revocation error handling (Stage 3.5 error/UI rule)] Session/device interruption: операция прекращается без сохранения неподтверждённого состояния,POST_api_v1_auth_logout,POST /api/v1/auth/logout,Authenticated,OrganizerController.POST_api_v1_auth_logout,SCR-161 Мои devices и sessions,FLOW-003 Истечение сессии,,Security/session,Critical,OpenAPI `POST_api_v1_auth_logout`; Stage_3_Field_Traceability_Final_3.5.csv
AC-118,AC,MOD-001,Авторизация и сессии,[ServerUnavailable (Stage 3.5 State Matrix)/ServerUnavailable (cached read-only presentation) (Stage 3.5 State Matrix)/Reconnecting (Stage 3.5 State Matrix)] Server unavailable/read-only: команда Завершить текущую сессию не ставится в offline queue,POST_api_v1_auth_logout,POST /api/v1/auth/logout,Authenticated,OrganizerController.POST_api_v1_auth_logout,SCR-161 Мои devices и sessions,FLOW-003 Истечение сессии,,Desktop/resilience,Critical,OpenAPI `POST_api_v1_auth_logout`; Stage_3_Field_Traceability_Final_3.5.csv
AC-119,AC,MOD-001,Авторизация и сессии,Happy path: Отозвать все сессии пользователя,POST_api_v1_auth_logout_all,POST /api/v1/auth/logout-all,Authenticated,OrganizerController.POST_api_v1_auth_logout_all,SCR-152 Пароль и безопасность; SCR-161 Мои devices и sessions,FLOW-001 Первый вход; FLOW-002 Обычный вход; FLOW-003 Истечение сессии,,Contract/integration,Critical,OpenAPI `POST_api_v1_auth_logout_all`; Stage_3_Field_Traceability_Final_3.5.csv
AC-120,AC,MOD-001,Авторизация и сессии,[Authentication/session error handling (Stage 3.5 error/UI rule)/Authentication/session error handling (Stage 3.5 error/UI rule)/Device-revocation error handling (Stage 3.5 error/UI rule)] Session/device interruption: операция прекращается без сохранения неподтверждённого состояния,POST_api_v1_auth_logout_all,POST /api/v1/auth/logout-all,Authenticated,OrganizerController.POST_api_v1_auth_logout_all,SCR-152 Пароль и безопасность; SCR-161 Мои devices и sessions,FLOW-001 Первый вход; FLOW-002 Обычный вход; FLOW-003 Истечение сессии,,Security/session,Critical,OpenAPI `POST_api_v1_auth_logout_all`; Stage_3_Field_Traceability_Final_3.5.csv
AC-121,AC,MOD-001,Авторизация и сессии,[STATE-014/STATE-025] Conflict/precondition: устаревшая или отсутствующая контрактная версия/precondition не приводит к overwrite,POST_api_v1_auth_logout_all,POST /api/v1/auth/logout-all,Authenticated,OrganizerController.POST_api_v1_auth_logout_all,SCR-152 Пароль и безопасность; SCR-161 Мои devices и sessions,FLOW-001 Первый вход; FLOW-002 Обычный вход; FLOW-003 Истечение сессии,,Concurrency/integration,Critical,OpenAPI `POST_api_v1_auth_logout_all`; Stage_3_Field_Traceability_Final_3.5.csv
AC-122,AC,MOD-001,Авторизация и сессии,[ServerUnavailable (Stage 3.5 State Matrix)/ServerUnavailable (cached read-only presentation) (Stage 3.5 State Matrix)/Reconnecting (Stage 3.5 State Matrix)] Server unavailable/read-only: команда Отозвать все сессии пользователя не ставится в offline queue,POST_api_v1_auth_logout_all,POST /api/v1/auth/logout-all,Authenticated,OrganizerController.POST_api_v1_auth_logout_all,SCR-152 Пароль и безопасность; SCR-161 Мои devices и sessions,FLOW-001 Первый вход; FLOW-002 Обычный вход; FLOW-003 Истечение сессии,,Desktop/resilience,Critical,OpenAPI `POST_api_v1_auth_logout_all`; Stage_3_Field_Traceability_Final_3.5.csv
AC-123,AC,MOD-001,Авторизация и сессии,[Stable-error-specific recovery (Stage 3.5 error/UI rule)] Idempotency: повтор с тем же key/hash не создаёт двойной side effect,POST_api_v1_auth_logout_all,POST /api/v1/auth/logout-all,Authenticated,OrganizerController.POST_api_v1_auth_logout_all,SCR-152 Пароль и безопасность; SCR-161 Мои devices и sessions,FLOW-001 Первый вход; FLOW-002 Обычный вход; FLOW-003 Истечение сессии,,Integration,Critical,OpenAPI `POST_api_v1_auth_logout_all`; Stage_3_Field_Traceability_Final_3.5.csv
AC-124,AC,MOD-001,Авторизация и сессии,Happy path: Ротация refresh token,POST_api_v1_auth_refresh,POST /api/v1/auth/refresh,Anonymous.SessionRefresh,OrganizerController.POST_api_v1_auth_refresh,SCR-006 Сессия прервана,FLOW-002 Обычный вход; FLOW-003 Истечение сессии; FLOW-024 Восстановление соединения,,Contract/integration,Critical,OpenAPI `POST_api_v1_auth_refresh`; Stage_3_Field_Traceability_Final_3.5.csv
AC-125,AC,MOD-001,Авторизация и сессии,[Authentication/session error handling (Stage 3.5 error/UI rule)/Authentication/session error handling (Stage 3.5 error/UI rule)/Device-revocation error handling (Stage 3.5 error/UI rule)] Session/device interruption: операция прекращается без сохранения неподтверждённого состояния,POST_api_v1_auth_refresh,POST /api/v1/auth/refresh,Anonymous.SessionRefresh,OrganizerController.POST_api_v1_auth_refresh,SCR-006 Сессия прервана,FLOW-002 Обычный вход; FLOW-003 Истечение сессии; FLOW-024 Восстановление соединения,,Security/session,Critical,OpenAPI `POST_api_v1_auth_refresh`; Stage_3_Field_Traceability_Final_3.5.csv
AC-126,AC,MOD-001,Авторизация и сессии,[STATE-014/STATE-025] Conflict/precondition: устаревшая или отсутствующая контрактная версия/precondition не приводит к overwrite,POST_api_v1_auth_refresh,POST /api/v1/auth/refresh,Anonymous.SessionRefresh,OrganizerController.POST_api_v1_auth_refresh,SCR-006 Сессия прервана,FLOW-002 Обычный вход; FLOW-003 Истечение сессии; FLOW-024 Восстановление соединения,,Concurrency/integration,Critical,OpenAPI `POST_api_v1_auth_refresh`; Stage_3_Field_Traceability_Final_3.5.csv
AC-127,AC,MOD-001,Авторизация и сессии,[ServerUnavailable (Stage 3.5 State Matrix)/ServerUnavailable (cached read-only presentation) (Stage 3.5 State Matrix)/Reconnecting (Stage 3.5 State Matrix)] Server unavailable/read-only: команда Ротация refresh token не ставится в offline queue,POST_api_v1_auth_refresh,POST /api/v1/auth/refresh,Anonymous.SessionRefresh,OrganizerController.POST_api_v1_auth_refresh,SCR-006 Сессия прервана,FLOW-002 Обычный вход; FLOW-003 Истечение сессии; FLOW-024 Восстановление соединения,,Desktop/resilience,Critical,OpenAPI `POST_api_v1_auth_refresh`; Stage_3_Field_Traceability_Final_3.5.csv
AC-128,AC,MOD-001,Авторизация и сессии,Happy path: Текущая сессия и capabilities,GET_api_v1_auth_session,GET /api/v1/auth/session,Authenticated,OrganizerController.GET_api_v1_auth_session,SCR-006 Сессия прервана; SCR-161 Мои devices и sessions,FLOW-002 Обычный вход; FLOW-003 Истечение сессии; FLOW-024 Восстановление соединения,,Contract/integration,High,OpenAPI `GET_api_v1_auth_session`; Stage_3_Field_Traceability_Final_3.5.csv
AC-129,AC,MOD-001,Авторизация и сессии,[Authentication/session error handling (Stage 3.5 error/UI rule)/Authentication/session error handling (Stage 3.5 error/UI rule)/Device-revocation error handling (Stage 3.5 error/UI rule)] Session/device interruption: операция прекращается без сохранения неподтверждённого состояния,GET_api_v1_auth_session,GET /api/v1/auth/session,Authenticated,OrganizerController.GET_api_v1_auth_session,SCR-006 Сессия прервана; SCR-161 Мои devices и sessions,FLOW-002 Обычный вход; FLOW-003 Истечение сессии; FLOW-024 Восстановление соединения,,Security/session,Critical,OpenAPI `GET_api_v1_auth_session`; Stage_3_Field_Traceability_Final_3.5.csv
AC-130,AC,MOD-001,Авторизация и сессии,Happy path: Список собственных/разрешённых сессий,GET_api_v1_auth_sessions,GET /api/v1/auth/sessions,Session.ReadOwnOrAll,OrganizerController.GET_api_v1_auth_sessions,SCR-161 Мои devices и sessions; SCR-181 Sessions и login attempts,FLOW-001 Первый вход; FLOW-002 Обычный вход; FLOW-003 Истечение сессии,,Contract/integration,High,OpenAPI `GET_api_v1_auth_sessions`; Stage_3_Field_Traceability_Final_3.5.csv
AC-131,AC,MOD-001,Авторизация и сессии,[Forbidden (Stage 3.5 State Matrix)/ObjectUnavailable (Stage 3.5 State Matrix)] Permission denied: Список собственных/разрешённых сессий не выполняется и данные не раскрываются,GET_api_v1_auth_sessions,GET /api/v1/auth/sessions,Session.ReadOwnOrAll,OrganizerController.GET_api_v1_auth_sessions,SCR-161 Мои devices и sessions; SCR-181 Sessions и login attempts,FLOW-001 Первый вход; FLOW-002 Обычный вход; FLOW-003 Истечение сессии,,Security/authorization,Critical,OpenAPI `GET_api_v1_auth_sessions`; Stage_3_Field_Traceability_Final_3.5.csv
AC-132,AC,MOD-001,Авторизация и сессии,[Authentication/session error handling (Stage 3.5 error/UI rule)/Authentication/session error handling (Stage 3.5 error/UI rule)/Device-revocation error handling (Stage 3.5 error/UI rule)] Session/device interruption: операция прекращается без сохранения неподтверждённого состояния,GET_api_v1_auth_sessions,GET /api/v1/auth/sessions,Session.ReadOwnOrAll,OrganizerController.GET_api_v1_auth_sessions,SCR-161 Мои devices и sessions; SCR-181 Sessions и login attempts,FLOW-001 Первый вход; FLOW-002 Обычный вход; FLOW-003 Истечение сессии,,Security/session,Critical,OpenAPI `GET_api_v1_auth_sessions`; Stage_3_Field_Traceability_Final_3.5.csv
AC-133,AC,MOD-001,Авторизация и сессии,[Authentication/session error handling (Stage 3.5 error/UI rule)/Authentication/session error handling (Stage 3.5 error/UI rule)/Device-revocation error handling (Stage 3.5 error/UI rule)] Happy path: Отозвать сессию,POST_api_v1_auth_sessions_sessionId_revoke,POST /api/v1/auth/sessions/{sessionId}/revoke,Session.RevokeOwnOrAll,OrganizerController.POST_api_v1_auth_sessions_sessionId_revoke,SCR-161 Мои devices и sessions; SCR-181 Sessions и login attempts,FLOW-001 Первый вход; FLOW-002 Обычный вход; FLOW-003 Истечение сессии,,Contract/integration,Critical,OpenAPI `POST_api_v1_auth_sessions_sessionId_revoke`; Stage_3_Field_Traceability_Final_3.5.csv
AC-134,AC,MOD-001,Авторизация и сессии,[Forbidden (Stage 3.5 State Matrix)/ObjectUnavailable (Stage 3.5 State Matrix)/Authentication/session error handling (Stage 3.5 error/UI rule)/Authentication/session error handling (Stage 3.5 error/UI rule)/Device-revocation error handling (Stage 3.5 error/UI rule)] Permission denied: Отозвать сессию не выполняется и данные не раскрываются,POST_api_v1_auth_sessions_sessionId_revoke,POST /api/v1/auth/sessions/{sessionId}/revoke,Session.RevokeOwnOrAll,OrganizerController.POST_api_v1_auth_sessions_sessionId_revoke,SCR-161 Мои devices и sessions; SCR-181 Sessions и login attempts,FLOW-001 Первый вход; FLOW-002 Обычный вход; FLOW-003 Истечение сессии,,Security/authorization,Critical,OpenAPI `POST_api_v1_auth_sessions_sessionId_revoke`; Stage_3_Field_Traceability_Final_3.5.csv
AC-135,AC,MOD-001,Авторизация и сессии,[Authentication/session error handling (Stage 3.5 error/UI rule)/Authentication/session error handling (Stage 3.5 error/UI rule)/Device-revocation error handling (Stage 3.5 error/UI rule)] Session/device interruption: операция прекращается без сохранения неподтверждённого состояния,POST_api_v1_auth_sessions_sessionId_revoke,POST /api/v1/auth/sessions/{sessionId}/revoke,Session.RevokeOwnOrAll,OrganizerController.POST_api_v1_auth_sessions_sessionId_revoke,SCR-161 Мои devices и sessions; SCR-181 Sessions и login attempts,FLOW-001 Первый вход; FLOW-002 Обычный вход; FLOW-003 Истечение сессии,,Security/session,Critical,OpenAPI `POST_api_v1_auth_sessions_sessionId_revoke`; Stage_3_Field_Traceability_Final_3.5.csv
AC-136,AC,MOD-001,Авторизация и сессии,[ServerUnavailable (Stage 3.5 State Matrix)/ServerUnavailable (cached read-only presentation) (Stage 3.5 State Matrix)/Reconnecting (Stage 3.5 State Matrix)] Server unavailable/read-only: команда Отозвать сессию не ставится в offline queue,POST_api_v1_auth_sessions_sessionId_revoke,POST /api/v1/auth/sessions/{sessionId}/revoke,Session.RevokeOwnOrAll,OrganizerController.POST_api_v1_auth_sessions_sessionId_revoke,SCR-161 Мои devices и sessions; SCR-181 Sessions и login attempts,FLOW-001 Первый вход; FLOW-002 Обычный вход; FLOW-003 Истечение сессии,,Desktop/resilience,Critical,OpenAPI `POST_api_v1_auth_sessions_sessionId_revoke`; Stage_3_Field_Traceability_Final_3.5.csv
AC-1403,AC,MOD-001,Авторизация и сессии,Desktop behavior: Клиент должен хранить refresh secret только в Windows Credential Manager и очищать его при revoke/reuse.,"— (Desktop-only, без нового API)","— (Desktop-only, без нового API)",Capability-driven; server recheck для команд,"— (Desktop-only, без нового API)",SCR-001 Вход; SCR-002 Подключение к серверу; SCR-006 Сессия прервана; SCR-161 Мои devices и sessions,FLOW-001 Первый вход; FLOW-002 Обычный вход; FLOW-003 Истечение сессии,,Desktop/UI,High,Stage 3.5 UX Architecture
AC-1436,AC,MOD-001,Авторизация и сессии,[STATE-007] Field contract: LoginRequest.login respects type/required/nullable/limits/PATCH semantics,— (операции модуля),—,—,—,SCR-001 Вход; SCR-002 Подключение к серверу; SCR-006 Сессия прервана; SCR-161 Мои devices и sessions,FLOW-001 Первый вход; FLOW-002 Обычный вход; FLOW-003 Истечение сессии,,Boundary/contract UI,High,openapi.yaml:LoginRequest.login
AC-1437,AC,MOD-001,Авторизация и сессии,[STATE-007] Field contract: LoginRequest.password respects type/required/nullable/limits/PATCH semantics,— (операции модуля),—,—,—,SCR-001 Вход; SCR-002 Подключение к серверу; SCR-006 Сессия прервана; SCR-161 Мои devices и sessions,FLOW-001 Первый вход; FLOW-002 Обычный вход; FLOW-003 Истечение сессии,,Boundary/contract UI,High,openapi.yaml:LoginRequest.password
AC-1438,AC,MOD-001,Авторизация и сессии,[STATE-007] Field contract: ChangePasswordRequest.currentPassword respects type/required/nullable/limits/PATCH semantics,— (операции модуля),—,—,—,SCR-001 Вход; SCR-002 Подключение к серверу; SCR-006 Сессия прервана; SCR-161 Мои devices и sessions,FLOW-001 Первый вход; FLOW-002 Обычный вход; FLOW-003 Истечение сессии,,Boundary/contract UI,High,openapi.yaml:ChangePasswordRequest.currentPassword
AC-1439,AC,MOD-001,Авторизация и сессии,[STATE-007] Field contract: ChangePasswordRequest.newPassword respects type/required/nullable/limits/PATCH semantics,— (операции модуля),—,—,—,SCR-001 Вход; SCR-002 Подключение к серверу; SCR-006 Сессия прервана; SCR-161 Мои devices и sessions,FLOW-001 Первый вход; FLOW-002 Обычный вход; FLOW-003 Истечение сессии,,Boundary/contract UI,High,openapi.yaml:ChangePasswordRequest.newPassword
AC-1440,AC,MOD-001,Авторизация и сессии,[STATE-007] Field contract: AdminResetPasswordRequest.temporaryPassword respects type/required/nullable/limits/PATCH semantics,— (операции модуля),—,—,—,SCR-001 Вход; SCR-002 Подключение к серверу; SCR-006 Сессия прервана; SCR-161 Мои devices и sessions,FLOW-001 Первый вход; FLOW-002 Обычный вход; FLOW-003 Истечение сессии,,Boundary/contract UI,High,openapi.yaml:AdminResetPasswordRequest.temporaryPassword
AC-1441,AC,MOD-001,Авторизация и сессии,[STATE-007] Field contract: AdminResetPasswordRequest.expectedVersion respects type/required/nullable/limits/PATCH semantics,— (операции модуля),—,—,—,SCR-001 Вход; SCR-002 Подключение к серверу; SCR-006 Сессия прервана; SCR-161 Мои devices и sessions,FLOW-001 Первый вход; FLOW-002 Обычный вход; FLOW-003 Истечение сессии,,Boundary/contract UI,High,openapi.yaml:AdminResetPasswordRequest.expectedVersion
AC-1442,AC,MOD-001,Авторизация и сессии,[STATE-007] Field contract: AdminResetPasswordRequest.targetUserId respects type/required/nullable/limits/PATCH semantics,— (операции модуля),—,—,—,SCR-001 Вход; SCR-002 Подключение к серверу; SCR-006 Сессия прервана; SCR-161 Мои devices и sessions,FLOW-001 Первый вход; FLOW-002 Обычный вход; FLOW-003 Истечение сессии,,Boundary/contract UI,High,openapi.yaml:AdminResetPasswordRequest.targetUserId
AC-1443,AC,MOD-001,Авторизация и сессии,[STATE-007] Field contract: LoginRequest.device respects type/required/nullable/limits/PATCH semantics,— (операции модуля),—,—,—,SCR-001 Вход; SCR-002 Подключение к серверу; SCR-006 Сессия прервана; SCR-161 Мои devices и sessions,FLOW-001 Первый вход; FLOW-002 Обычный вход; FLOW-003 Истечение сессии,,Boundary/contract UI,High,openapi.yaml:LoginRequest.device
AC-1444,AC,MOD-001,Авторизация и сессии,[STATE-007] Field contract: LogoutAllRequest.keepCurrentSession respects type/required/nullable/limits/PATCH semantics,— (операции модуля),—,—,—,SCR-001 Вход; SCR-002 Подключение к серверу; SCR-006 Сессия прервана; SCR-161 Мои devices и sessions,FLOW-001 Первый вход; FLOW-002 Обычный вход; FLOW-003 Истечение сессии,,Boundary/contract UI,High,openapi.yaml:LogoutAllRequest.keepCurrentSession
AC-1445,AC,MOD-001,Авторизация и сессии,[STATE-007] Field contract: RefreshRequest.deviceKey respects type/required/nullable/limits/PATCH semantics,— (операции модуля),—,—,—,SCR-001 Вход; SCR-002 Подключение к серверу; SCR-006 Сессия прервана; SCR-161 Мои devices и sessions,FLOW-001 Первый вход; FLOW-002 Обычный вход; FLOW-003 Истечение сессии,,Boundary/contract UI,High,openapi.yaml:RefreshRequest.deviceKey
AC-1446,AC,MOD-001,Авторизация и сессии,[STATE-007] Field contract: RefreshRequest.refreshToken respects type/required/nullable/limits/PATCH semantics,— (операции модуля),—,—,—,SCR-001 Вход; SCR-002 Подключение к серверу; SCR-006 Сессия прервана; SCR-161 Мои devices и sessions,FLOW-001 Первый вход; FLOW-002 Обычный вход; FLOW-003 Истечение сессии,,Boundary/contract UI,High,openapi.yaml:RefreshRequest.refreshToken
AC-1828,AC,MOD-001,Авторизация и сессии,Permission denial for FR-001,— (операции модуля),—,—,—,SCR-001 Вход; SCR-002 Подключение к серверу; SCR-006 Сессия прервана; SCR-161 Мои devices и sessions,FLOW-001 Первый вход; FLOW-002 Обычный вход; FLOW-003 Истечение сессии,,Security/authorization,Critical,OpenAPI `POST_api_v1_auth_admin_reset_password`; Stage_3_Field_Traceability_Final_3.5.csv; cross-cutting requirement PERM-001
AC-1849,AC,MOD-001,Авторизация и сессии,Stable error handling for FR-001,— (операции модуля),—,—,—,SCR-001 Вход; SCR-002 Подключение к серверу; SCR-006 Сессия прервана; SCR-161 Мои devices и sessions,FLOW-001 Первый вход; FLOW-002 Обычный вход; FLOW-003 Истечение сессии,,Error handling,High,OpenAPI `POST_api_v1_auth_admin_reset_password`; Stage_3_Field_Traceability_Final_3.5.csv; cross-cutting requirement ERR-001
AC-1870,AC,MOD-001,Авторизация и сессии,Command outage behavior for FR-001,GET_api_v1_sync_changes; POST_api_v1_sync_bootstrap; POST_api_v1_sync_ack,GET /api/v1/sync/changes; POST /api/v1/sync/bootstrap; POST /api/v1/sync/ack,—,OrganizerController.GET_api_v1_sync_changes; OrganizerController.POST_api_v1_sync_bootstrap; OrganizerController.POST_api_v1_sync_ack,SCR-001 Вход; SCR-002 Подключение к серверу; SCR-006 Сессия прервана; SCR-161 Мои devices и sessions,FLOW-001 Первый вход; FLOW-002 Обычный вход; FLOW-003 Истечение сессии,,Desktop/resilience,High,OpenAPI `POST_api_v1_auth_admin_reset_password`; Stage_3_Field_Traceability_Final_3.5.csv; cross-cutting requirement SYNC-001
AC-1891,AC,MOD-001,Авторизация и сессии,Audit evidence for FR-001,— (domain command + audit/history endpoints),—,—,— (domain handlers + audit pipeline),SCR-001 Вход; SCR-002 Подключение к серверу; SCR-006 Сессия прервана; SCR-161 Мои devices и sessions,FLOW-001 Первый вход; FLOW-002 Обычный вход; FLOW-003 Истечение сессии,,Audit/security,Critical,OpenAPI `POST_api_v1_auth_admin_reset_password`; Stage_3_Field_Traceability_Final_3.5.csv; cross-cutting requirement AUDIT-001
AC-1923,AC,MOD-001,Авторизация и сессии,Permission denial for FR-002,— (операции модуля),—,—,—,SCR-001 Вход; SCR-002 Подключение к серверу; SCR-006 Сессия прервана; SCR-161 Мои devices и sessions,FLOW-001 Первый вход; FLOW-002 Обычный вход; FLOW-003 Истечение сессии,,Security/authorization,Critical,OpenAPI `POST_api_v1_auth_change_password`; Stage_3_Field_Traceability_Final_3.5.csv; cross-cutting requirement PERM-001
AC-1924,AC,MOD-001,Авторизация и сессии,Permission denial for FR-003,— (операции модуля),—,—,—,SCR-001 Вход; SCR-002 Подключение к серверу; SCR-006 Сессия прервана; SCR-161 Мои devices и sessions,FLOW-001 Первый вход; FLOW-002 Обычный вход; FLOW-003 Истечение сессии,,Security/authorization,Critical,OpenAPI `POST_api_v1_auth_login`; Stage_3_Field_Traceability_Final_3.5.csv; cross-cutting requirement PERM-001
AC-1925,AC,MOD-001,Авторизация и сессии,Permission denial for FR-004,— (операции модуля),—,—,—,SCR-001 Вход; SCR-002 Подключение к серверу; SCR-006 Сессия прервана; SCR-161 Мои devices и sessions,FLOW-001 Первый вход; FLOW-002 Обычный вход; FLOW-003 Истечение сессии,,Security/authorization,Critical,OpenAPI `GET_api_v1_auth_login_attempts`; Stage_3_Field_Traceability_Final_3.5.csv; cross-cutting requirement PERM-001
AC-1926,AC,MOD-001,Авторизация и сессии,Permission denial for FR-005,— (операции модуля),—,—,—,SCR-001 Вход; SCR-002 Подключение к серверу; SCR-006 Сессия прервана; SCR-161 Мои devices и sessions,FLOW-001 Первый вход; FLOW-002 Обычный вход; FLOW-003 Истечение сессии,,Security/authorization,Critical,OpenAPI `POST_api_v1_auth_logout`; Stage_3_Field_Traceability_Final_3.5.csv; cross-cutting requirement PERM-001
AC-1927,AC,MOD-001,Авторизация и сессии,Permission denial for FR-006,— (операции модуля),—,—,—,SCR-001 Вход; SCR-002 Подключение к серверу; SCR-006 Сессия прервана; SCR-161 Мои devices и sessions,FLOW-001 Первый вход; FLOW-002 Обычный вход; FLOW-003 Истечение сессии,,Security/authorization,Critical,OpenAPI `POST_api_v1_auth_logout_all`; Stage_3_Field_Traceability_Final_3.5.csv; cross-cutting requirement PERM-001
AC-1928,AC,MOD-001,Авторизация и сессии,Permission denial for FR-007,— (операции модуля),—,—,—,SCR-001 Вход; SCR-002 Подключение к серверу; SCR-006 Сессия прервана; SCR-161 Мои devices и sessions,FLOW-001 Первый вход; FLOW-002 Обычный вход; FLOW-003 Истечение сессии,,Security/authorization,Critical,OpenAPI `POST_api_v1_auth_refresh`; Stage_3_Field_Traceability_Final_3.5.csv; cross-cutting requirement PERM-001
AC-1929,AC,MOD-001,Авторизация и сессии,Permission denial for FR-008,— (операции модуля),—,—,—,SCR-001 Вход; SCR-002 Подключение к серверу; SCR-006 Сессия прервана; SCR-161 Мои devices и sessions,FLOW-001 Первый вход; FLOW-002 Обычный вход; FLOW-003 Истечение сессии,,Security/authorization,Critical,OpenAPI `GET_api_v1_auth_session`; Stage_3_Field_Traceability_Final_3.5.csv; cross-cutting requirement PERM-001
AC-1930,AC,MOD-001,Авторизация и сессии,Permission denial for FR-009,— (операции модуля),—,—,—,SCR-001 Вход; SCR-002 Подключение к серверу; SCR-006 Сессия прервана; SCR-161 Мои devices и sessions,FLOW-001 Первый вход; FLOW-002 Обычный вход; FLOW-003 Истечение сессии,,Security/authorization,Critical,OpenAPI `GET_api_v1_auth_sessions`; Stage_3_Field_Traceability_Final_3.5.csv; cross-cutting requirement PERM-001
AC-1931,AC,MOD-001,Авторизация и сессии,Permission denial for FR-010,— (операции модуля),—,—,—,SCR-001 Вход; SCR-002 Подключение к серверу; SCR-006 Сессия прервана; SCR-161 Мои devices и sessions,FLOW-001 Первый вход; FLOW-002 Обычный вход; FLOW-003 Истечение сессии,,Security/authorization,Critical,OpenAPI `POST_api_v1_auth_sessions_sessionId_revoke`; Stage_3_Field_Traceability_Final_3.5.csv; cross-cutting requirement PERM-001
AC-1932,AC,MOD-001,Авторизация и сессии,Permission denial for FR-242,— (операции модуля),—,—,—,SCR-001 Вход; SCR-002 Подключение к серверу; SCR-006 Сессия прервана; SCR-161 Мои devices и sessions,FLOW-001 Первый вход; FLOW-002 Обычный вход; FLOW-003 Истечение сессии,,Security/authorization,Critical,Stage 3.5 UX Architecture/Decision Log; cross-cutting requirement PERM-001
AC-2181,AC,MOD-001,Авторизация и сессии,Stable error handling for FR-002,— (операции модуля),—,—,—,SCR-001 Вход; SCR-002 Подключение к серверу; SCR-006 Сессия прервана; SCR-161 Мои devices и sessions,FLOW-001 Первый вход; FLOW-002 Обычный вход; FLOW-003 Истечение сессии,,Error handling,High,OpenAPI `POST_api_v1_auth_change_password`; Stage_3_Field_Traceability_Final_3.5.csv; cross-cutting requirement ERR-001
AC-2182,AC,MOD-001,Авторизация и сессии,Stable error handling for FR-003,— (операции модуля),—,—,—,SCR-001 Вход; SCR-002 Подключение к серверу; SCR-006 Сессия прервана; SCR-161 Мои devices и sessions,FLOW-001 Первый вход; FLOW-002 Обычный вход; FLOW-003 Истечение сессии,,Error handling,High,OpenAPI `POST_api_v1_auth_login`; Stage_3_Field_Traceability_Final_3.5.csv; cross-cutting requirement ERR-001
AC-2183,AC,MOD-001,Авторизация и сессии,Stable error handling for FR-004,— (операции модуля),—,—,—,SCR-001 Вход; SCR-002 Подключение к серверу; SCR-006 Сессия прервана; SCR-161 Мои devices и sessions,FLOW-001 Первый вход; FLOW-002 Обычный вход; FLOW-003 Истечение сессии,,Error handling,High,OpenAPI `GET_api_v1_auth_login_attempts`; Stage_3_Field_Traceability_Final_3.5.csv; cross-cutting requirement ERR-001
AC-2184,AC,MOD-001,Авторизация и сессии,Stable error handling for FR-005,— (операции модуля),—,—,—,SCR-001 Вход; SCR-002 Подключение к серверу; SCR-006 Сессия прервана; SCR-161 Мои devices и sessions,FLOW-001 Первый вход; FLOW-002 Обычный вход; FLOW-003 Истечение сессии,,Error handling,High,OpenAPI `POST_api_v1_auth_logout`; Stage_3_Field_Traceability_Final_3.5.csv; cross-cutting requirement ERR-001
AC-2185,AC,MOD-001,Авторизация и сессии,Stable error handling for FR-006,— (операции модуля),—,—,—,SCR-001 Вход; SCR-002 Подключение к серверу; SCR-006 Сессия прервана; SCR-161 Мои devices и sessions,FLOW-001 Первый вход; FLOW-002 Обычный вход; FLOW-003 Истечение сессии,,Error handling,High,OpenAPI `POST_api_v1_auth_logout_all`; Stage_3_Field_Traceability_Final_3.5.csv; cross-cutting requirement ERR-001
AC-2186,AC,MOD-001,Авторизация и сессии,Stable error handling for FR-007,— (операции модуля),—,—,—,SCR-001 Вход; SCR-002 Подключение к серверу; SCR-006 Сессия прервана; SCR-161 Мои devices и sessions,FLOW-001 Первый вход; FLOW-002 Обычный вход; FLOW-003 Истечение сессии,,Error handling,High,OpenAPI `POST_api_v1_auth_refresh`; Stage_3_Field_Traceability_Final_3.5.csv; cross-cutting requirement ERR-001
AC-2187,AC,MOD-001,Авторизация и сессии,Stable error handling for FR-008,— (операции модуля),—,—,—,SCR-001 Вход; SCR-002 Подключение к серверу; SCR-006 Сессия прервана; SCR-161 Мои devices и sessions,FLOW-001 Первый вход; FLOW-002 Обычный вход; FLOW-003 Истечение сессии,,Error handling,High,OpenAPI `GET_api_v1_auth_session`; Stage_3_Field_Traceability_Final_3.5.csv; cross-cutting requirement ERR-001
AC-2188,AC,MOD-001,Авторизация и сессии,Stable error handling for FR-009,— (операции модуля),—,—,—,SCR-001 Вход; SCR-002 Подключение к серверу; SCR-006 Сессия прервана; SCR-161 Мои devices и sessions,FLOW-001 Первый вход; FLOW-002 Обычный вход; FLOW-003 Истечение сессии,,Error handling,High,OpenAPI `GET_api_v1_auth_sessions`; Stage_3_Field_Traceability_Final_3.5.csv; cross-cutting requirement ERR-001
AC-2189,AC,MOD-001,Авторизация и сессии,Stable error handling for FR-010,— (операции модуля),—,—,—,SCR-001 Вход; SCR-002 Подключение к серверу; SCR-006 Сессия прервана; SCR-161 Мои devices и sessions,FLOW-001 Первый вход; FLOW-002 Обычный вход; FLOW-003 Истечение сессии,,Error handling,High,OpenAPI `POST_api_v1_auth_sessions_sessionId_revoke`; Stage_3_Field_Traceability_Final_3.5.csv; cross-cutting requirement ERR-001
AC-2190,AC,MOD-001,Авторизация и сессии,Stable error handling for FR-242,— (операции модуля),—,—,—,SCR-001 Вход; SCR-002 Подключение к серверу; SCR-006 Сессия прервана; SCR-161 Мои devices и sessions,FLOW-001 Первый вход; FLOW-002 Обычный вход; FLOW-003 Истечение сессии,,Error handling,High,Stage 3.5 UX Architecture/Decision Log; cross-cutting requirement ERR-001
AC-2439,AC,MOD-001,Авторизация и сессии,Command outage behavior for FR-002,GET_api_v1_sync_changes; POST_api_v1_sync_bootstrap; POST_api_v1_sync_ack,GET /api/v1/sync/changes; POST /api/v1/sync/bootstrap; POST /api/v1/sync/ack,—,OrganizerController.GET_api_v1_sync_changes; OrganizerController.POST_api_v1_sync_bootstrap; OrganizerController.POST_api_v1_sync_ack,SCR-001 Вход; SCR-002 Подключение к серверу; SCR-006 Сессия прервана; SCR-161 Мои devices и sessions,FLOW-001 Первый вход; FLOW-002 Обычный вход; FLOW-003 Истечение сессии,,Desktop/resilience,High,OpenAPI `POST_api_v1_auth_change_password`; Stage_3_Field_Traceability_Final_3.5.csv; cross-cutting requirement SYNC-001
AC-2440,AC,MOD-001,Авторизация и сессии,Command outage behavior for FR-003,GET_api_v1_sync_changes; POST_api_v1_sync_bootstrap; POST_api_v1_sync_ack,GET /api/v1/sync/changes; POST /api/v1/sync/bootstrap; POST /api/v1/sync/ack,—,OrganizerController.GET_api_v1_sync_changes; OrganizerController.POST_api_v1_sync_bootstrap; OrganizerController.POST_api_v1_sync_ack,SCR-001 Вход; SCR-002 Подключение к серверу; SCR-006 Сессия прервана; SCR-161 Мои devices и sessions,FLOW-001 Первый вход; FLOW-002 Обычный вход; FLOW-003 Истечение сессии,,Desktop/resilience,High,OpenAPI `POST_api_v1_auth_login`; Stage_3_Field_Traceability_Final_3.5.csv; cross-cutting requirement SYNC-001
AC-2441,AC,MOD-001,Авторизация и сессии,Read outage behavior for FR-004,GET_api_v1_sync_changes; POST_api_v1_sync_bootstrap; POST_api_v1_sync_ack,GET /api/v1/sync/changes; POST /api/v1/sync/bootstrap; POST /api/v1/sync/ack,—,OrganizerController.GET_api_v1_sync_changes; OrganizerController.POST_api_v1_sync_bootstrap; OrganizerController.POST_api_v1_sync_ack,SCR-001 Вход; SCR-002 Подключение к серверу; SCR-006 Сессия прервана; SCR-161 Мои devices и sessions,FLOW-001 Первый вход; FLOW-002 Обычный вход; FLOW-003 Истечение сессии,,Desktop/resilience,High,OpenAPI `GET_api_v1_auth_login_attempts`; Stage_3_Field_Traceability_Final_3.5.csv; cross-cutting requirement SYNC-001
AC-2442,AC,MOD-001,Авторизация и сессии,Command outage behavior for FR-005,GET_api_v1_sync_changes; POST_api_v1_sync_bootstrap; POST_api_v1_sync_ack,GET /api/v1/sync/changes; POST /api/v1/sync/bootstrap; POST /api/v1/sync/ack,—,OrganizerController.GET_api_v1_sync_changes; OrganizerController.POST_api_v1_sync_bootstrap; OrganizerController.POST_api_v1_sync_ack,SCR-001 Вход; SCR-002 Подключение к серверу; SCR-006 Сессия прервана; SCR-161 Мои devices и sessions,FLOW-001 Первый вход; FLOW-002 Обычный вход; FLOW-003 Истечение сессии,,Desktop/resilience,High,OpenAPI `POST_api_v1_auth_logout`; Stage_3_Field_Traceability_Final_3.5.csv; cross-cutting requirement SYNC-001
AC-2443,AC,MOD-001,Авторизация и сессии,Command outage behavior for FR-006,GET_api_v1_sync_changes; POST_api_v1_sync_bootstrap; POST_api_v1_sync_ack,GET /api/v1/sync/changes; POST /api/v1/sync/bootstrap; POST /api/v1/sync/ack,—,OrganizerController.GET_api_v1_sync_changes; OrganizerController.POST_api_v1_sync_bootstrap; OrganizerController.POST_api_v1_sync_ack,SCR-001 Вход; SCR-002 Подключение к серверу; SCR-006 Сессия прервана; SCR-161 Мои devices и sessions,FLOW-001 Первый вход; FLOW-002 Обычный вход; FLOW-003 Истечение сессии,,Desktop/resilience,High,OpenAPI `POST_api_v1_auth_logout_all`; Stage_3_Field_Traceability_Final_3.5.csv; cross-cutting requirement SYNC-001
AC-2444,AC,MOD-001,Авторизация и сессии,Command outage behavior for FR-007,GET_api_v1_sync_changes; POST_api_v1_sync_bootstrap; POST_api_v1_sync_ack,GET /api/v1/sync/changes; POST /api/v1/sync/bootstrap; POST /api/v1/sync/ack,—,OrganizerController.GET_api_v1_sync_changes; OrganizerController.POST_api_v1_sync_bootstrap; OrganizerController.POST_api_v1_sync_ack,SCR-001 Вход; SCR-002 Подключение к серверу; SCR-006 Сессия прервана; SCR-161 Мои devices и sessions,FLOW-001 Первый вход; FLOW-002 Обычный вход; FLOW-003 Истечение сессии,,Desktop/resilience,High,OpenAPI `POST_api_v1_auth_refresh`; Stage_3_Field_Traceability_Final_3.5.csv; cross-cutting requirement SYNC-001
AC-2445,AC,MOD-001,Авторизация и сессии,Read outage behavior for FR-008,GET_api_v1_sync_changes; POST_api_v1_sync_bootstrap; POST_api_v1_sync_ack,GET /api/v1/sync/changes; POST /api/v1/sync/bootstrap; POST /api/v1/sync/ack,—,OrganizerController.GET_api_v1_sync_changes; OrganizerController.POST_api_v1_sync_bootstrap; OrganizerController.POST_api_v1_sync_ack,SCR-001 Вход; SCR-002 Подключение к серверу; SCR-006 Сессия прервана; SCR-161 Мои devices и sessions,FLOW-001 Первый вход; FLOW-002 Обычный вход; FLOW-003 Истечение сессии,,Desktop/resilience,High,OpenAPI `GET_api_v1_auth_session`; Stage_3_Field_Traceability_Final_3.5.csv; cross-cutting requirement SYNC-001
AC-2446,AC,MOD-001,Авторизация и сессии,Read outage behavior for FR-009,GET_api_v1_sync_changes; POST_api_v1_sync_bootstrap; POST_api_v1_sync_ack,GET /api/v1/sync/changes; POST /api/v1/sync/bootstrap; POST /api/v1/sync/ack,—,OrganizerController.GET_api_v1_sync_changes; OrganizerController.POST_api_v1_sync_bootstrap; OrganizerController.POST_api_v1_sync_ack,SCR-001 Вход; SCR-002 Подключение к серверу; SCR-006 Сессия прервана; SCR-161 Мои devices и sessions,FLOW-001 Первый вход; FLOW-002 Обычный вход; FLOW-003 Истечение сессии,,Desktop/resilience,High,OpenAPI `GET_api_v1_auth_sessions`; Stage_3_Field_Traceability_Final_3.5.csv; cross-cutting requirement SYNC-001
AC-2447,AC,MOD-001,Авторизация и сессии,Command outage behavior for FR-010,GET_api_v1_sync_changes; POST_api_v1_sync_bootstrap; POST_api_v1_sync_ack,GET /api/v1/sync/changes; POST /api/v1/sync/bootstrap; POST /api/v1/sync/ack,—,OrganizerController.GET_api_v1_sync_changes; OrganizerController.POST_api_v1_sync_bootstrap; OrganizerController.POST_api_v1_sync_ack,SCR-001 Вход; SCR-002 Подключение к серверу; SCR-006 Сессия прервана; SCR-161 Мои devices и sessions,FLOW-001 Первый вход; FLOW-002 Обычный вход; FLOW-003 Истечение сессии,,Desktop/resilience,High,OpenAPI `POST_api_v1_auth_sessions_sessionId_revoke`; Stage_3_Field_Traceability_Final_3.5.csv; cross-cutting requirement SYNC-001
AC-2448,AC,MOD-001,Авторизация и сессии,Read outage behavior for FR-242,GET_api_v1_sync_changes; POST_api_v1_sync_bootstrap; POST_api_v1_sync_ack,GET /api/v1/sync/changes; POST /api/v1/sync/bootstrap; POST /api/v1/sync/ack,—,OrganizerController.GET_api_v1_sync_changes; OrganizerController.POST_api_v1_sync_bootstrap; OrganizerController.POST_api_v1_sync_ack,SCR-001 Вход; SCR-002 Подключение к серверу; SCR-006 Сессия прервана; SCR-161 Мои devices и sessions,FLOW-001 Первый вход; FLOW-002 Обычный вход; FLOW-003 Истечение сессии,,Desktop/resilience,High,Stage 3.5 UX Architecture/Decision Log; cross-cutting requirement SYNC-001
AC-2697,AC,MOD-001,Авторизация и сессии,Audit evidence for FR-002,— (domain command + audit/history endpoints),—,—,— (domain handlers + audit pipeline),SCR-001 Вход; SCR-002 Подключение к серверу; SCR-006 Сессия прервана; SCR-161 Мои devices и sessions,FLOW-001 Первый вход; FLOW-002 Обычный вход; FLOW-003 Истечение сессии,,Audit/security,Critical,OpenAPI `POST_api_v1_auth_change_password`; Stage_3_Field_Traceability_Final_3.5.csv; cross-cutting requirement AUDIT-001
AC-2698,AC,MOD-001,Авторизация и сессии,Audit evidence for FR-003,— (domain command + audit/history endpoints),—,—,— (domain handlers + audit pipeline),SCR-001 Вход; SCR-002 Подключение к серверу; SCR-006 Сессия прервана; SCR-161 Мои devices и sessions,FLOW-001 Первый вход; FLOW-002 Обычный вход; FLOW-003 Истечение сессии,,Audit/security,Critical,OpenAPI `POST_api_v1_auth_login`; Stage_3_Field_Traceability_Final_3.5.csv; cross-cutting requirement AUDIT-001
AC-2699,AC,MOD-001,Авторизация и сессии,Audit evidence for FR-004,— (domain command + audit/history endpoints),—,—,— (domain handlers + audit pipeline),SCR-001 Вход; SCR-002 Подключение к серверу; SCR-006 Сессия прервана; SCR-161 Мои devices и sessions,FLOW-001 Первый вход; FLOW-002 Обычный вход; FLOW-003 Истечение сессии,,Audit/security,Critical,OpenAPI `GET_api_v1_auth_login_attempts`; Stage_3_Field_Traceability_Final_3.5.csv; cross-cutting requirement AUDIT-001
AC-2700,AC,MOD-001,Авторизация и сессии,Audit evidence for FR-005,— (domain command + audit/history endpoints),—,—,— (domain handlers + audit pipeline),SCR-001 Вход; SCR-002 Подключение к серверу; SCR-006 Сессия прервана; SCR-161 Мои devices и sessions,FLOW-001 Первый вход; FLOW-002 Обычный вход; FLOW-003 Истечение сессии,,Audit/security,Critical,OpenAPI `POST_api_v1_auth_logout`; Stage_3_Field_Traceability_Final_3.5.csv; cross-cutting requirement AUDIT-001
AC-2701,AC,MOD-001,Авторизация и сессии,Audit evidence for FR-006,— (domain command + audit/history endpoints),—,—,— (domain handlers + audit pipeline),SCR-001 Вход; SCR-002 Подключение к серверу; SCR-006 Сессия прервана; SCR-161 Мои devices и sessions,FLOW-001 Первый вход; FLOW-002 Обычный вход; FLOW-003 Истечение сессии,,Audit/security,Critical,OpenAPI `POST_api_v1_auth_logout_all`; Stage_3_Field_Traceability_Final_3.5.csv; cross-cutting requirement AUDIT-001
AC-2702,AC,MOD-001,Авторизация и сессии,Audit evidence for FR-007,— (domain command + audit/history endpoints),—,—,— (domain handlers + audit pipeline),SCR-001 Вход; SCR-002 Подключение к серверу; SCR-006 Сессия прервана; SCR-161 Мои devices и sessions,FLOW-001 Первый вход; FLOW-002 Обычный вход; FLOW-003 Истечение сессии,,Audit/security,Critical,OpenAPI `POST_api_v1_auth_refresh`; Stage_3_Field_Traceability_Final_3.5.csv; cross-cutting requirement AUDIT-001
AC-2703,AC,MOD-001,Авторизация и сессии,Audit evidence for FR-008,— (domain command + audit/history endpoints),—,—,— (domain handlers + audit pipeline),SCR-001 Вход; SCR-002 Подключение к серверу; SCR-006 Сессия прервана; SCR-161 Мои devices и sessions,FLOW-001 Первый вход; FLOW-002 Обычный вход; FLOW-003 Истечение сессии,,Audit/security,Critical,OpenAPI `GET_api_v1_auth_session`; Stage_3_Field_Traceability_Final_3.5.csv; cross-cutting requirement AUDIT-001
AC-2704,AC,MOD-001,Авторизация и сессии,Audit evidence for FR-009,— (domain command + audit/history endpoints),—,—,— (domain handlers + audit pipeline),SCR-001 Вход; SCR-002 Подключение к серверу; SCR-006 Сессия прервана; SCR-161 Мои devices и sessions,FLOW-001 Первый вход; FLOW-002 Обычный вход; FLOW-003 Истечение сессии,,Audit/security,Critical,OpenAPI `GET_api_v1_auth_sessions`; Stage_3_Field_Traceability_Final_3.5.csv; cross-cutting requirement AUDIT-001
AC-2705,AC,MOD-001,Авторизация и сессии,Audit evidence for FR-010,— (domain command + audit/history endpoints),—,—,— (domain handlers + audit pipeline),SCR-001 Вход; SCR-002 Подключение к серверу; SCR-006 Сессия прервана; SCR-161 Мои devices и sessions,FLOW-001 Первый вход; FLOW-002 Обычный вход; FLOW-003 Истечение сессии,,Audit/security,Critical,OpenAPI `POST_api_v1_auth_sessions_sessionId_revoke`; Stage_3_Field_Traceability_Final_3.5.csv; cross-cutting requirement AUDIT-001
AC-2706,AC,MOD-001,Авторизация и сессии,Audit evidence for FR-242,— (domain command + audit/history endpoints),—,—,— (domain handlers + audit pipeline),SCR-001 Вход; SCR-002 Подключение к серверу; SCR-006 Сессия прервана; SCR-161 Мои devices и sessions,FLOW-001 Первый вход; FLOW-002 Обычный вход; FLOW-003 Истечение сессии,,Audit/security,Critical,Stage 3.5 UX Architecture/Decision Log; cross-cutting requirement AUDIT-001
AC-020,AC,MOD-002,App shell и навигация,Проверить бизнес-правило: Маршрут восстанавливается только после повторной авторизации.,—,—,—,—,"SCR-004 Главное окно; SCR-005 Command palette; SCR-007 Требуется обновление; SCR-008 Глобальный quick create; SCR-200 Общий detail pane; SCR-204 Почему действие недоступно; SCR-205 Connection status; SCR-207 Общее context menu; SCR-208 Общее подтверждение; SCR-209 Audit, policy engine, management APIs; SCR-211 System tray menu; SCR-212 Toast deep-link activation; SCR-213 Общая multi-select panel",FLOW-002 Обычный вход; FLOW-005 Быстрое создание задачи; FLOW-020 Действие из notification,,Integration/domain,High,"§8, §17.2, §23.5, §29; Stage 3.5"
AC-021,AC,MOD-002,App shell и навигация,"Проверить бизнес-правило: Command bar, context menu и palette используют единый command registry.",—,—,—,—,"SCR-004 Главное окно; SCR-005 Command palette; SCR-007 Требуется обновление; SCR-008 Глобальный quick create; SCR-200 Общий detail pane; SCR-204 Почему действие недоступно; SCR-205 Connection status; SCR-207 Общее context menu; SCR-208 Общее подтверждение; SCR-209 Audit, policy engine, management APIs; SCR-211 System tray menu; SCR-212 Toast deep-link activation; SCR-213 Общая multi-select panel",FLOW-002 Обычный вход; FLOW-005 Быстрое создание задачи; FLOW-020 Действие из notification,,Integration/domain,High,"§8, §17.2, §23.5, §29; Stage 3.5"
AC-022,AC,MOD-002,App shell и навигация,Проверить бизнес-правило: Скрытая кнопка не является проверкой permission.,—,—,—,—,"SCR-004 Главное окно; SCR-005 Command palette; SCR-007 Требуется обновление; SCR-008 Глобальный quick create; SCR-200 Общий detail pane; SCR-204 Почему действие недоступно; SCR-205 Connection status; SCR-207 Общее context menu; SCR-208 Общее подтверждение; SCR-209 Audit, policy engine, management APIs; SCR-211 System tray menu; SCR-212 Toast deep-link activation; SCR-213 Общая multi-select panel",FLOW-002 Обычный вход; FLOW-005 Быстрое создание задачи; FLOW-020 Действие из notification,,Integration/domain,High,"§8, §17.2, §23.5, §29; Stage 3.5"
AC-023,AC,MOD-002,App shell и навигация,Проверить бизнес-правило: Deep link не раскрывает данные скрытого объекта.,—,—,—,—,"SCR-004 Главное окно; SCR-005 Command palette; SCR-007 Требуется обновление; SCR-008 Глобальный quick create; SCR-200 Общий detail pane; SCR-204 Почему действие недоступно; SCR-205 Connection status; SCR-207 Общее context menu; SCR-208 Общее подтверждение; SCR-209 Audit, policy engine, management APIs; SCR-211 System tray menu; SCR-212 Toast deep-link activation; SCR-213 Общая multi-select panel",FLOW-002 Обычный вход; FLOW-005 Быстрое создание задачи; FLOW-020 Действие из notification,,Integration/domain,High,"§8, §17.2, §23.5, §29; Stage 3.5"
AC-137,AC,MOD-002,App shell и навигация,Happy path: Серверное UTC-время,GET_api_v1_system_time,GET /api/v1/system/time,Authenticated,OrganizerController.GET_api_v1_system_time,"SCR-004 Главное окно; SCR-005 Command palette; SCR-007 Требуется обновление; SCR-008 Глобальный quick create; SCR-200 Общий detail pane; SCR-204 Почему действие недоступно; SCR-205 Connection status; SCR-207 Общее context menu; SCR-208 Общее подтверждение; SCR-209 Audit, policy engine, management APIs; SCR-211 System tray menu; SCR-212 Toast deep-link activation; SCR-213 Общая multi-select panel",FLOW-002 Обычный вход; FLOW-005 Быстрое создание задачи; FLOW-020 Действие из notification,,Contract/integration,High,OpenAPI `GET_api_v1_system_time`; Stage_3_Field_Traceability_Final_3.5.csv
AC-138,AC,MOD-002,App shell и навигация,[Authentication/session error handling (Stage 3.5 error/UI rule)/Authentication/session error handling (Stage 3.5 error/UI rule)/Device-revocation error handling (Stage 3.5 error/UI rule)] Session/device interruption: операция прекращается без сохранения неподтверждённого состояния,GET_api_v1_system_time,GET /api/v1/system/time,Authenticated,OrganizerController.GET_api_v1_system_time,"SCR-004 Главное окно; SCR-005 Command palette; SCR-007 Требуется обновление; SCR-008 Глобальный quick create; SCR-200 Общий detail pane; SCR-204 Почему действие недоступно; SCR-205 Connection status; SCR-207 Общее context menu; SCR-208 Общее подтверждение; SCR-209 Audit, policy engine, management APIs; SCR-211 System tray menu; SCR-212 Toast deep-link activation; SCR-213 Общая multi-select panel",FLOW-002 Обычный вход; FLOW-005 Быстрое создание задачи; FLOW-020 Действие из notification,,Security/session,Critical,OpenAPI `GET_api_v1_system_time`; Stage_3_Field_Traceability_Final_3.5.csv
AC-139,AC,MOD-002,App shell и навигация,Happy path: Версия сервера/API/схемы,GET_api_v1_system_version,GET /api/v1/system/version,Authenticated,OrganizerController.GET_api_v1_system_version,"SCR-004 Главное окно; SCR-005 Command palette; SCR-007 Требуется обновление; SCR-008 Глобальный quick create; SCR-200 Общий detail pane; SCR-204 Почему действие недоступно; SCR-205 Connection status; SCR-207 Общее context menu; SCR-208 Общее подтверждение; SCR-209 Audit, policy engine, management APIs; SCR-211 System tray menu; SCR-212 Toast deep-link activation; SCR-213 Общая multi-select panel",FLOW-002 Обычный вход; FLOW-005 Быстрое создание задачи; FLOW-020 Действие из notification,,Contract/integration,High,OpenAPI `GET_api_v1_system_version`; Stage_3_Field_Traceability_Final_3.5.csv
AC-140,AC,MOD-002,App shell и навигация,[Authentication/session error handling (Stage 3.5 error/UI rule)/Authentication/session error handling (Stage 3.5 error/UI rule)/Device-revocation error handling (Stage 3.5 error/UI rule)] Session/device interruption: операция прекращается без сохранения неподтверждённого состояния,GET_api_v1_system_version,GET /api/v1/system/version,Authenticated,OrganizerController.GET_api_v1_system_version,"SCR-004 Главное окно; SCR-005 Command palette; SCR-007 Требуется обновление; SCR-008 Глобальный quick create; SCR-200 Общий detail pane; SCR-204 Почему действие недоступно; SCR-205 Connection status; SCR-207 Общее context menu; SCR-208 Общее подтверждение; SCR-209 Audit, policy engine, management APIs; SCR-211 System tray menu; SCR-212 Toast deep-link activation; SCR-213 Общая multi-select panel",FLOW-002 Обычный вход; FLOW-005 Быстрое создание задачи; FLOW-020 Действие из notification,,Security/session,Critical,OpenAPI `GET_api_v1_system_version`; Stage_3_Field_Traceability_Final_3.5.csv
AC-141,AC,MOD-002,App shell и навигация,Happy path: Liveness без зависимостей,GET_health_live,GET /health/live,Anonymous,OrganizerController.GET_health_live,"SCR-004 Главное окно; SCR-005 Command palette; SCR-007 Требуется обновление; SCR-008 Глобальный quick create; SCR-200 Общий detail pane; SCR-204 Почему действие недоступно; SCR-205 Connection status; SCR-207 Общее context menu; SCR-208 Общее подтверждение; SCR-209 Audit, policy engine, management APIs; SCR-211 System tray menu; SCR-212 Toast deep-link activation; SCR-213 Общая multi-select panel",FLOW-002 Обычный вход; FLOW-005 Быстрое создание задачи; FLOW-020 Действие из notification,,Contract/integration,High,OpenAPI `GET_health_live`; Stage_3_Field_Traceability_Final_3.5.csv
AC-142,AC,MOD-002,App shell и навигация,Happy path: Readiness основных зависимостей,GET_health_ready,GET /health/ready,Anonymous,OrganizerController.GET_health_ready,"SCR-004 Главное окно; SCR-005 Command palette; SCR-007 Требуется обновление; SCR-008 Глобальный quick create; SCR-200 Общий detail pane; SCR-204 Почему действие недоступно; SCR-205 Connection status; SCR-207 Общее context menu; SCR-208 Общее подтверждение; SCR-209 Audit, policy engine, management APIs; SCR-211 System tray menu; SCR-212 Toast deep-link activation; SCR-213 Общая multi-select panel",FLOW-002 Обычный вход; FLOW-005 Быстрое создание задачи; FLOW-020 Действие из notification,,Contract/integration,High,OpenAPI `GET_health_ready`; Stage_3_Field_Traceability_Final_3.5.csv
AC-143,AC,MOD-002,App shell и навигация,Happy path: Возможности сервера и min client,GET_api_v1_capabilities,GET /api/v1/capabilities,Authenticated,OrganizerController.GET_api_v1_capabilities,"SCR-004 Главное окно; SCR-005 Command palette; SCR-007 Требуется обновление; SCR-008 Глобальный quick create; SCR-200 Общий detail pane; SCR-204 Почему действие недоступно; SCR-205 Connection status; SCR-207 Общее context menu; SCR-208 Общее подтверждение; SCR-209 Audit, policy engine, management APIs; SCR-211 System tray menu; SCR-212 Toast deep-link activation; SCR-213 Общая multi-select panel",FLOW-002 Обычный вход; FLOW-005 Быстрое создание задачи; FLOW-020 Действие из notification,,Contract/integration,High,OpenAPI `GET_api_v1_capabilities`; Stage_3_Field_Traceability_Final_3.5.csv
AC-144,AC,MOD-002,App shell и навигация,[Authentication/session error handling (Stage 3.5 error/UI rule)/Authentication/session error handling (Stage 3.5 error/UI rule)/Device-revocation error handling (Stage 3.5 error/UI rule)] Session/device interruption: операция прекращается без сохранения неподтверждённого состояния,GET_api_v1_capabilities,GET /api/v1/capabilities,Authenticated,OrganizerController.GET_api_v1_capabilities,"SCR-004 Главное окно; SCR-005 Command palette; SCR-007 Требуется обновление; SCR-008 Глобальный quick create; SCR-200 Общий detail pane; SCR-204 Почему действие недоступно; SCR-205 Connection status; SCR-207 Общее context menu; SCR-208 Общее подтверждение; SCR-209 Audit, policy engine, management APIs; SCR-211 System tray menu; SCR-212 Toast deep-link activation; SCR-213 Общая multi-select panel",FLOW-002 Обычный вход; FLOW-005 Быстрое создание задачи; FLOW-020 Действие из notification,,Security/session,Critical,OpenAPI `GET_api_v1_capabilities`; Stage_3_Field_Traceability_Final_3.5.csv
AC-145,AC,MOD-002,App shell и навигация,Happy path: Доступные пользователю флаги,GET_api_v1_feature_flags,GET /api/v1/feature-flags,Authenticated,OrganizerController.GET_api_v1_feature_flags,"SCR-004 Главное окно; SCR-005 Command palette; SCR-007 Требуется обновление; SCR-008 Глобальный quick create; SCR-200 Общий detail pane; SCR-204 Почему действие недоступно; SCR-205 Connection status; SCR-207 Общее context menu; SCR-208 Общее подтверждение; SCR-209 Audit, policy engine, management APIs; SCR-211 System tray menu; SCR-212 Toast deep-link activation; SCR-213 Общая multi-select panel",FLOW-002 Обычный вход; FLOW-005 Быстрое создание задачи; FLOW-020 Действие из notification,,Contract/integration,High,OpenAPI `GET_api_v1_feature_flags`; Stage_3_Field_Traceability_Final_3.5.csv
AC-146,AC,MOD-002,App shell и навигация,[Authentication/session error handling (Stage 3.5 error/UI rule)/Authentication/session error handling (Stage 3.5 error/UI rule)/Device-revocation error handling (Stage 3.5 error/UI rule)] Session/device interruption: операция прекращается без сохранения неподтверждённого состояния,GET_api_v1_feature_flags,GET /api/v1/feature-flags,Authenticated,OrganizerController.GET_api_v1_feature_flags,"SCR-004 Главное окно; SCR-005 Command palette; SCR-007 Требуется обновление; SCR-008 Глобальный quick create; SCR-200 Общий detail pane; SCR-204 Почему действие недоступно; SCR-205 Connection status; SCR-207 Общее context menu; SCR-208 Общее подтверждение; SCR-209 Audit, policy engine, management APIs; SCR-211 System tray menu; SCR-212 Toast deep-link activation; SCR-213 Общая multi-select panel",FLOW-002 Обычный вход; FLOW-005 Быстрое создание задачи; FLOW-020 Действие из notification,,Security/session,Critical,OpenAPI `GET_api_v1_feature_flags`; Stage_3_Field_Traceability_Final_3.5.csv
AC-1404,AC,MOD-002,App shell и навигация,Desktop behavior: Shell должен восстанавливать только последний безопасный маршрут после повторной проверки capabilities.,"— (Desktop-only, без нового API)","— (Desktop-only, без нового API)",Capability-driven; server recheck для команд,"— (Desktop-only, без нового API)","SCR-004 Главное окно; SCR-005 Command palette; SCR-007 Требуется обновление; SCR-008 Глобальный quick create; SCR-200 Общий detail pane; SCR-204 Почему действие недоступно; SCR-205 Connection status; SCR-207 Общее context menu; SCR-208 Общее подтверждение; SCR-209 Audit, policy engine, management APIs; SCR-211 System tray menu; SCR-212 Toast deep-link activation; SCR-213 Общая multi-select panel",FLOW-002 Обычный вход; FLOW-005 Быстрое создание задачи; FLOW-020 Действие из notification,,Desktop/UI,High,Stage 3.5 UX Architecture
AC-1405,AC,MOD-002,App shell и навигация,Desktop behavior: Все глобальные команды должны иметь keyboard route и не зависеть только от pointer/drag.,"— (Desktop-only, без нового API)","— (Desktop-only, без нового API)",Capability-driven; server recheck для команд,"— (Desktop-only, без нового API)","SCR-004 Главное окно; SCR-005 Command palette; SCR-007 Требуется обновление; SCR-008 Глобальный quick create; SCR-200 Общий detail pane; SCR-204 Почему действие недоступно; SCR-205 Connection status; SCR-207 Общее context menu; SCR-208 Общее подтверждение; SCR-209 Audit, policy engine, management APIs; SCR-211 System tray menu; SCR-212 Toast deep-link activation; SCR-213 Общая multi-select panel",FLOW-002 Обычный вход; FLOW-005 Быстрое создание задачи; FLOW-020 Действие из notification,,Desktop/UI,High,Stage 3.5 UX Architecture
AC-1406,AC,MOD-002,App shell и навигация,Desktop behavior: Toast/deep link должен фокусировать существующий экземпляр приложения и повторно загрузить target.,"— (Desktop-only, без нового API)","— (Desktop-only, без нового API)",Capability-driven; server recheck для команд,"— (Desktop-only, без нового API)","SCR-004 Главное окно; SCR-005 Command palette; SCR-007 Требуется обновление; SCR-008 Глобальный quick create; SCR-200 Общий detail pane; SCR-204 Почему действие недоступно; SCR-205 Connection status; SCR-207 Общее context menu; SCR-208 Общее подтверждение; SCR-209 Audit, policy engine, management APIs; SCR-211 System tray menu; SCR-212 Toast deep-link activation; SCR-213 Общая multi-select panel",FLOW-002 Обычный вход; FLOW-005 Быстрое создание задачи; FLOW-020 Действие из notification,,Desktop/UI,High,Stage 3.5 UX Architecture
AC-1825,AC,MOD-002,App shell и навигация,Contract projection for FR-011,— (операции модуля),—,—,—,"SCR-004 Главное окно; SCR-005 Command palette; SCR-007 Требуется обновление; SCR-008 Глобальный quick create; SCR-200 Общий detail pane; SCR-204 Почему действие недоступно; SCR-205 Connection status; SCR-207 Общее context menu; SCR-208 Общее подтверждение; SCR-209 Audit, policy engine, management APIs; SCR-211 System tray menu; SCR-212 Toast deep-link activation; SCR-213 Общая multi-select panel",FLOW-002 Обычный вход; FLOW-005 Быстрое создание задачи; FLOW-020 Действие из notification,,Contract/UI,High,OpenAPI `GET_api_v1_system_time`; Stage_3_Field_Traceability_Final_3.5.csv; cross-cutting requirement DATA-002
AC-1829,AC,MOD-002,App shell и навигация,Permission denial for FR-011,— (операции модуля),—,—,—,"SCR-004 Главное окно; SCR-005 Command palette; SCR-007 Требуется обновление; SCR-008 Глобальный quick create; SCR-200 Общий detail pane; SCR-204 Почему действие недоступно; SCR-205 Connection status; SCR-207 Общее context menu; SCR-208 Общее подтверждение; SCR-209 Audit, policy engine, management APIs; SCR-211 System tray menu; SCR-212 Toast deep-link activation; SCR-213 Общая multi-select panel",FLOW-002 Обычный вход; FLOW-005 Быстрое создание задачи; FLOW-020 Действие из notification,,Security/authorization,Critical,OpenAPI `GET_api_v1_system_time`; Stage_3_Field_Traceability_Final_3.5.csv; cross-cutting requirement PERM-002
AC-1850,AC,MOD-002,App shell и навигация,Stable error handling for FR-011,— (операции модуля),—,—,—,"SCR-004 Главное окно; SCR-005 Command palette; SCR-007 Требуется обновление; SCR-008 Глобальный quick create; SCR-200 Общий detail pane; SCR-204 Почему действие недоступно; SCR-205 Connection status; SCR-207 Общее context menu; SCR-208 Общее подтверждение; SCR-209 Audit, policy engine, management APIs; SCR-211 System tray menu; SCR-212 Toast deep-link activation; SCR-213 Общая multi-select panel",FLOW-002 Обычный вход; FLOW-005 Быстрое создание задачи; FLOW-020 Действие из notification,,Error handling,High,OpenAPI `GET_api_v1_system_time`; Stage_3_Field_Traceability_Final_3.5.csv; cross-cutting requirement ERR-002
AC-1871,AC,MOD-002,App shell и навигация,Read outage behavior for FR-011,GET_api_v1_sync_changes; POST_api_v1_sync_bootstrap; POST_api_v1_sync_ack,GET /api/v1/sync/changes; POST /api/v1/sync/bootstrap; POST /api/v1/sync/ack,—,OrganizerController.GET_api_v1_sync_changes; OrganizerController.POST_api_v1_sync_bootstrap; OrganizerController.POST_api_v1_sync_ack,"SCR-004 Главное окно; SCR-005 Command palette; SCR-007 Требуется обновление; SCR-008 Глобальный quick create; SCR-200 Общий detail pane; SCR-204 Почему действие недоступно; SCR-205 Connection status; SCR-207 Общее context menu; SCR-208 Общее подтверждение; SCR-209 Audit, policy engine, management APIs; SCR-211 System tray menu; SCR-212 Toast deep-link activation; SCR-213 Общая multi-select panel",FLOW-002 Обычный вход; FLOW-005 Быстрое создание задачи; FLOW-020 Действие из notification,,Desktop/resilience,High,OpenAPI `GET_api_v1_system_time`; Stage_3_Field_Traceability_Final_3.5.csv; cross-cutting requirement SYNC-002
AC-1892,AC,MOD-002,App shell и навигация,Audit evidence for FR-011,— (domain command + audit/history endpoints),—,—,— (domain handlers + audit pipeline),"SCR-004 Главное окно; SCR-005 Command palette; SCR-007 Требуется обновление; SCR-008 Глобальный quick create; SCR-200 Общий detail pane; SCR-204 Почему действие недоступно; SCR-205 Connection status; SCR-207 Общее context menu; SCR-208 Общее подтверждение; SCR-209 Audit, policy engine, management APIs; SCR-211 System tray menu; SCR-212 Toast deep-link activation; SCR-213 Общая multi-select panel",FLOW-002 Обычный вход; FLOW-005 Быстрое создание задачи; FLOW-020 Действие из notification,,Audit/security,Critical,OpenAPI `GET_api_v1_system_time`; Stage_3_Field_Traceability_Final_3.5.csv; cross-cutting requirement AUDIT-002
AC-1912,AC,MOD-002,App shell и навигация,Contract projection for FR-012,— (операции модуля),—,—,—,"SCR-004 Главное окно; SCR-005 Command palette; SCR-007 Требуется обновление; SCR-008 Глобальный quick create; SCR-200 Общий detail pane; SCR-204 Почему действие недоступно; SCR-205 Connection status; SCR-207 Общее context menu; SCR-208 Общее подтверждение; SCR-209 Audit, policy engine, management APIs; SCR-211 System tray menu; SCR-212 Toast deep-link activation; SCR-213 Общая multi-select panel",FLOW-002 Обычный вход; FLOW-005 Быстрое создание задачи; FLOW-020 Действие из notification,,Contract/UI,High,OpenAPI `GET_api_v1_system_version`; Stage_3_Field_Traceability_Final_3.5.csv; cross-cutting requirement DATA-002
AC-1913,AC,MOD-002,App shell и навигация,Contract projection for FR-013,— (операции модуля),—,—,—,"SCR-004 Главное окно; SCR-005 Command palette; SCR-007 Требуется обновление; SCR-008 Глобальный quick create; SCR-200 Общий detail pane; SCR-204 Почему действие недоступно; SCR-205 Connection status; SCR-207 Общее context menu; SCR-208 Общее подтверждение; SCR-209 Audit, policy engine, management APIs; SCR-211 System tray menu; SCR-212 Toast deep-link activation; SCR-213 Общая multi-select panel",FLOW-002 Обычный вход; FLOW-005 Быстрое создание задачи; FLOW-020 Действие из notification,,Contract/UI,High,OpenAPI `GET_health_live`; Stage_3_Field_Traceability_Final_3.5.csv; cross-cutting requirement DATA-002
AC-1914,AC,MOD-002,App shell и навигация,Contract projection for FR-014,— (операции модуля),—,—,—,"SCR-004 Главное окно; SCR-005 Command palette; SCR-007 Требуется обновление; SCR-008 Глобальный quick create; SCR-200 Общий detail pane; SCR-204 Почему действие недоступно; SCR-205 Connection status; SCR-207 Общее context menu; SCR-208 Общее подтверждение; SCR-209 Audit, policy engine, management APIs; SCR-211 System tray menu; SCR-212 Toast deep-link activation; SCR-213 Общая multi-select panel",FLOW-002 Обычный вход; FLOW-005 Быстрое создание задачи; FLOW-020 Действие из notification,,Contract/UI,High,OpenAPI `GET_health_ready`; Stage_3_Field_Traceability_Final_3.5.csv; cross-cutting requirement DATA-002
AC-1915,AC,MOD-002,App shell и навигация,Contract projection for FR-015,— (операции модуля),—,—,—,"SCR-004 Главное окно; SCR-005 Command palette; SCR-007 Требуется обновление; SCR-008 Глобальный quick create; SCR-200 Общий detail pane; SCR-204 Почему действие недоступно; SCR-205 Connection status; SCR-207 Общее context menu; SCR-208 Общее подтверждение; SCR-209 Audit, policy engine, management APIs; SCR-211 System tray menu; SCR-212 Toast deep-link activation; SCR-213 Общая multi-select panel",FLOW-002 Обычный вход; FLOW-005 Быстрое создание задачи; FLOW-020 Действие из notification,,Contract/UI,High,OpenAPI `GET_api_v1_capabilities`; Stage_3_Field_Traceability_Final_3.5.csv; cross-cutting requirement DATA-002
AC-1916,AC,MOD-002,App shell и навигация,Contract projection for FR-016,— (операции модуля),—,—,—,"SCR-004 Главное окно; SCR-005 Command palette; SCR-007 Требуется обновление; SCR-008 Глобальный quick create; SCR-200 Общий detail pane; SCR-204 Почему действие недоступно; SCR-205 Connection status; SCR-207 Общее context menu; SCR-208 Общее подтверждение; SCR-209 Audit, policy engine, management APIs; SCR-211 System tray menu; SCR-212 Toast deep-link activation; SCR-213 Общая multi-select panel",FLOW-002 Обычный вход; FLOW-005 Быстрое создание задачи; FLOW-020 Действие из notification,,Contract/UI,High,OpenAPI `GET_api_v1_feature_flags`; Stage_3_Field_Traceability_Final_3.5.csv; cross-cutting requirement DATA-002
AC-1917,AC,MOD-002,App shell и навигация,Contract projection for FR-243,— (операции модуля),—,—,—,"SCR-004 Главное окно; SCR-005 Command palette; SCR-007 Требуется обновление; SCR-008 Глобальный quick create; SCR-200 Общий detail pane; SCR-204 Почему действие недоступно; SCR-205 Connection status; SCR-207 Общее context menu; SCR-208 Общее подтверждение; SCR-209 Audit, policy engine, management APIs; SCR-211 System tray menu; SCR-212 Toast deep-link activation; SCR-213 Общая multi-select panel",FLOW-002 Обычный вход; FLOW-005 Быстрое создание задачи; FLOW-020 Действие из notification,,Contract/UI,High,Stage 2.3.1 OpenAPI 1.2.0-stage2.3; Stage 3.5 UX baseline; Stage 4.3 remediation; cross-cutting requirement DATA-002
AC-1918,AC,MOD-002,App shell и навигация,Contract projection for FR-244,— (операции модуля),—,—,—,"SCR-004 Главное окно; SCR-005 Command palette; SCR-007 Требуется обновление; SCR-008 Глобальный quick create; SCR-200 Общий detail pane; SCR-204 Почему действие недоступно; SCR-205 Connection status; SCR-207 Общее context menu; SCR-208 Общее подтверждение; SCR-209 Audit, policy engine, management APIs; SCR-211 System tray menu; SCR-212 Toast deep-link activation; SCR-213 Общая multi-select panel",FLOW-002 Обычный вход; FLOW-005 Быстрое создание задачи; FLOW-020 Действие из notification,,Contract/UI,High,Stage 2.3.1 OpenAPI 1.2.0-stage2.3; Stage 3.5 UX baseline; Stage 4.3 remediation; cross-cutting requirement DATA-002
AC-1919,AC,MOD-002,App shell и навигация,Contract projection for FR-245,— (операции модуля),—,—,—,"SCR-004 Главное окно; SCR-005 Command palette; SCR-007 Требуется обновление; SCR-008 Глобальный quick create; SCR-200 Общий detail pane; SCR-204 Почему действие недоступно; SCR-205 Connection status; SCR-207 Общее context menu; SCR-208 Общее подтверждение; SCR-209 Audit, policy engine, management APIs; SCR-211 System tray menu; SCR-212 Toast deep-link activation; SCR-213 Общая multi-select panel",FLOW-002 Обычный вход; FLOW-005 Быстрое создание задачи; FLOW-020 Действие из notification,,Contract/UI,High,Stage 3.5 UX Architecture/Decision Log; cross-cutting requirement DATA-002
AC-1933,AC,MOD-002,App shell и навигация,Permission denial for FR-012,— (операции модуля),—,—,—,"SCR-004 Главное окно; SCR-005 Command palette; SCR-007 Требуется обновление; SCR-008 Глобальный quick create; SCR-200 Общий detail pane; SCR-204 Почему действие недоступно; SCR-205 Connection status; SCR-207 Общее context menu; SCR-208 Общее подтверждение; SCR-209 Audit, policy engine, management APIs; SCR-211 System tray menu; SCR-212 Toast deep-link activation; SCR-213 Общая multi-select panel",FLOW-002 Обычный вход; FLOW-005 Быстрое создание задачи; FLOW-020 Действие из notification,,Security/authorization,Critical,OpenAPI `GET_api_v1_system_version`; Stage_3_Field_Traceability_Final_3.5.csv; cross-cutting requirement PERM-002
AC-1934,AC,MOD-002,App shell и навигация,Permission denial for FR-013,— (операции модуля),—,—,—,"SCR-004 Главное окно; SCR-005 Command palette; SCR-007 Требуется обновление; SCR-008 Глобальный quick create; SCR-200 Общий detail pane; SCR-204 Почему действие недоступно; SCR-205 Connection status; SCR-207 Общее context menu; SCR-208 Общее подтверждение; SCR-209 Audit, policy engine, management APIs; SCR-211 System tray menu; SCR-212 Toast deep-link activation; SCR-213 Общая multi-select panel",FLOW-002 Обычный вход; FLOW-005 Быстрое создание задачи; FLOW-020 Действие из notification,,Security/authorization,Critical,OpenAPI `GET_health_live`; Stage_3_Field_Traceability_Final_3.5.csv; cross-cutting requirement PERM-002
AC-1935,AC,MOD-002,App shell и навигация,Permission denial for FR-014,— (операции модуля),—,—,—,"SCR-004 Главное окно; SCR-005 Command palette; SCR-007 Требуется обновление; SCR-008 Глобальный quick create; SCR-200 Общий detail pane; SCR-204 Почему действие недоступно; SCR-205 Connection status; SCR-207 Общее context menu; SCR-208 Общее подтверждение; SCR-209 Audit, policy engine, management APIs; SCR-211 System tray menu; SCR-212 Toast deep-link activation; SCR-213 Общая multi-select panel",FLOW-002 Обычный вход; FLOW-005 Быстрое создание задачи; FLOW-020 Действие из notification,,Security/authorization,Critical,OpenAPI `GET_health_ready`; Stage_3_Field_Traceability_Final_3.5.csv; cross-cutting requirement PERM-002
AC-1936,AC,MOD-002,App shell и навигация,Permission denial for FR-015,— (операции модуля),—,—,—,"SCR-004 Главное окно; SCR-005 Command palette; SCR-007 Требуется обновление; SCR-008 Глобальный quick create; SCR-200 Общий detail pane; SCR-204 Почему действие недоступно; SCR-205 Connection status; SCR-207 Общее context menu; SCR-208 Общее подтверждение; SCR-209 Audit, policy engine, management APIs; SCR-211 System tray menu; SCR-212 Toast deep-link activation; SCR-213 Общая multi-select panel",FLOW-002 Обычный вход; FLOW-005 Быстрое создание задачи; FLOW-020 Действие из notification,,Security/authorization,Critical,OpenAPI `GET_api_v1_capabilities`; Stage_3_Field_Traceability_Final_3.5.csv; cross-cutting requirement PERM-002
AC-1937,AC,MOD-002,App shell и навигация,Permission denial for FR-016,— (операции модуля),—,—,—,"SCR-004 Главное окно; SCR-005 Command palette; SCR-007 Требуется обновление; SCR-008 Глобальный quick create; SCR-200 Общий detail pane; SCR-204 Почему действие недоступно; SCR-205 Connection status; SCR-207 Общее context menu; SCR-208 Общее подтверждение; SCR-209 Audit, policy engine, management APIs; SCR-211 System tray menu; SCR-212 Toast deep-link activation; SCR-213 Общая multi-select panel",FLOW-002 Обычный вход; FLOW-005 Быстрое создание задачи; FLOW-020 Действие из notification,,Security/authorization,Critical,OpenAPI `GET_api_v1_feature_flags`; Stage_3_Field_Traceability_Final_3.5.csv; cross-cutting requirement PERM-002
AC-1938,AC,MOD-002,App shell и навигация,Permission denial for FR-243,— (операции модуля),—,—,—,"SCR-004 Главное окно; SCR-005 Command palette; SCR-007 Требуется обновление; SCR-008 Глобальный quick create; SCR-200 Общий detail pane; SCR-204 Почему действие недоступно; SCR-205 Connection status; SCR-207 Общее context menu; SCR-208 Общее подтверждение; SCR-209 Audit, policy engine, management APIs; SCR-211 System tray menu; SCR-212 Toast deep-link activation; SCR-213 Общая multi-select panel",FLOW-002 Обычный вход; FLOW-005 Быстрое создание задачи; FLOW-020 Действие из notification,,Security/authorization,Critical,Stage 2.3.1 OpenAPI 1.2.0-stage2.3; Stage 3.5 UX baseline; Stage 4.3 remediation; cross-cutting requirement PERM-002
AC-1939,AC,MOD-002,App shell и навигация,Permission denial for FR-244,— (операции модуля),—,—,—,"SCR-004 Главное окно; SCR-005 Command palette; SCR-007 Требуется обновление; SCR-008 Глобальный quick create; SCR-200 Общий detail pane; SCR-204 Почему действие недоступно; SCR-205 Connection status; SCR-207 Общее context menu; SCR-208 Общее подтверждение; SCR-209 Audit, policy engine, management APIs; SCR-211 System tray menu; SCR-212 Toast deep-link activation; SCR-213 Общая multi-select panel",FLOW-002 Обычный вход; FLOW-005 Быстрое создание задачи; FLOW-020 Действие из notification,,Security/authorization,Critical,Stage 2.3.1 OpenAPI 1.2.0-stage2.3; Stage 3.5 UX baseline; Stage 4.3 remediation; cross-cutting requirement PERM-002
AC-1940,AC,MOD-002,App shell и навигация,Permission denial for FR-245,— (операции модуля),—,—,—,"SCR-004 Главное окно; SCR-005 Command palette; SCR-007 Требуется обновление; SCR-008 Глобальный quick create; SCR-200 Общий detail pane; SCR-204 Почему действие недоступно; SCR-205 Connection status; SCR-207 Общее context menu; SCR-208 Общее подтверждение; SCR-209 Audit, policy engine, management APIs; SCR-211 System tray menu; SCR-212 Toast deep-link activation; SCR-213 Общая multi-select panel",FLOW-002 Обычный вход; FLOW-005 Быстрое создание задачи; FLOW-020 Действие из notification,,Security/authorization,Critical,Stage 3.5 UX Architecture/Decision Log; cross-cutting requirement PERM-002
AC-2191,AC,MOD-002,App shell и навигация,Stable error handling for FR-012,— (операции модуля),—,—,—,"SCR-004 Главное окно; SCR-005 Command palette; SCR-007 Требуется обновление; SCR-008 Глобальный quick create; SCR-200 Общий detail pane; SCR-204 Почему действие недоступно; SCR-205 Connection status; SCR-207 Общее context menu; SCR-208 Общее подтверждение; SCR-209 Audit, policy engine, management APIs; SCR-211 System tray menu; SCR-212 Toast deep-link activation; SCR-213 Общая multi-select panel",FLOW-002 Обычный вход; FLOW-005 Быстрое создание задачи; FLOW-020 Действие из notification,,Error handling,High,OpenAPI `GET_api_v1_system_version`; Stage_3_Field_Traceability_Final_3.5.csv; cross-cutting requirement ERR-002
AC-2192,AC,MOD-002,App shell и навигация,Stable error handling for FR-013,— (операции модуля),—,—,—,"SCR-004 Главное окно; SCR-005 Command palette; SCR-007 Требуется обновление; SCR-008 Глобальный quick create; SCR-200 Общий detail pane; SCR-204 Почему действие недоступно; SCR-205 Connection status; SCR-207 Общее context menu; SCR-208 Общее подтверждение; SCR-209 Audit, policy engine, management APIs; SCR-211 System tray menu; SCR-212 Toast deep-link activation; SCR-213 Общая multi-select panel",FLOW-002 Обычный вход; FLOW-005 Быстрое создание задачи; FLOW-020 Действие из notification,,Error handling,High,OpenAPI `GET_health_live`; Stage_3_Field_Traceability_Final_3.5.csv; cross-cutting requirement ERR-002
AC-2193,AC,MOD-002,App shell и навигация,Stable error handling for FR-014,— (операции модуля),—,—,—,"SCR-004 Главное окно; SCR-005 Command palette; SCR-007 Требуется обновление; SCR-008 Глобальный quick create; SCR-200 Общий detail pane; SCR-204 Почему действие недоступно; SCR-205 Connection status; SCR-207 Общее context menu; SCR-208 Общее подтверждение; SCR-209 Audit, policy engine, management APIs; SCR-211 System tray menu; SCR-212 Toast deep-link activation; SCR-213 Общая multi-select panel",FLOW-002 Обычный вход; FLOW-005 Быстрое создание задачи; FLOW-020 Действие из notification,,Error handling,High,OpenAPI `GET_health_ready`; Stage_3_Field_Traceability_Final_3.5.csv; cross-cutting requirement ERR-002
AC-2194,AC,MOD-002,App shell и навигация,Stable error handling for FR-015,— (операции модуля),—,—,—,"SCR-004 Главное окно; SCR-005 Command palette; SCR-007 Требуется обновление; SCR-008 Глобальный quick create; SCR-200 Общий detail pane; SCR-204 Почему действие недоступно; SCR-205 Connection status; SCR-207 Общее context menu; SCR-208 Общее подтверждение; SCR-209 Audit, policy engine, management APIs; SCR-211 System tray menu; SCR-212 Toast deep-link activation; SCR-213 Общая multi-select panel",FLOW-002 Обычный вход; FLOW-005 Быстрое создание задачи; FLOW-020 Действие из notification,,Error handling,High,OpenAPI `GET_api_v1_capabilities`; Stage_3_Field_Traceability_Final_3.5.csv; cross-cutting requirement ERR-002
AC-2195,AC,MOD-002,App shell и навигация,Stable error handling for FR-016,— (операции модуля),—,—,—,"SCR-004 Главное окно; SCR-005 Command palette; SCR-007 Требуется обновление; SCR-008 Глобальный quick create; SCR-200 Общий detail pane; SCR-204 Почему действие недоступно; SCR-205 Connection status; SCR-207 Общее context menu; SCR-208 Общее подтверждение; SCR-209 Audit, policy engine, management APIs; SCR-211 System tray menu; SCR-212 Toast deep-link activation; SCR-213 Общая multi-select panel",FLOW-002 Обычный вход; FLOW-005 Быстрое создание задачи; FLOW-020 Действие из notification,,Error handling,High,OpenAPI `GET_api_v1_feature_flags`; Stage_3_Field_Traceability_Final_3.5.csv; cross-cutting requirement ERR-002
AC-2196,AC,MOD-002,App shell и навигация,Stable error handling for FR-243,— (операции модуля),—,—,—,"SCR-004 Главное окно; SCR-005 Command palette; SCR-007 Требуется обновление; SCR-008 Глобальный quick create; SCR-200 Общий detail pane; SCR-204 Почему действие недоступно; SCR-205 Connection status; SCR-207 Общее context menu; SCR-208 Общее подтверждение; SCR-209 Audit, policy engine, management APIs; SCR-211 System tray menu; SCR-212 Toast deep-link activation; SCR-213 Общая multi-select panel",FLOW-002 Обычный вход; FLOW-005 Быстрое создание задачи; FLOW-020 Действие из notification,,Error handling,High,Stage 2.3.1 OpenAPI 1.2.0-stage2.3; Stage 3.5 UX baseline; Stage 4.3 remediation; cross-cutting requirement ERR-002
AC-2197,AC,MOD-002,App shell и навигация,Stable error handling for FR-244,— (операции модуля),—,—,—,"SCR-004 Главное окно; SCR-005 Command palette; SCR-007 Требуется обновление; SCR-008 Глобальный quick create; SCR-200 Общий detail pane; SCR-204 Почему действие недоступно; SCR-205 Connection status; SCR-207 Общее context menu; SCR-208 Общее подтверждение; SCR-209 Audit, policy engine, management APIs; SCR-211 System tray menu; SCR-212 Toast deep-link activation; SCR-213 Общая multi-select panel",FLOW-002 Обычный вход; FLOW-005 Быстрое создание задачи; FLOW-020 Действие из notification,,Error handling,High,Stage 2.3.1 OpenAPI 1.2.0-stage2.3; Stage 3.5 UX baseline; Stage 4.3 remediation; cross-cutting requirement ERR-002
AC-2198,AC,MOD-002,App shell и навигация,Stable error handling for FR-245,— (операции модуля),—,—,—,"SCR-004 Главное окно; SCR-005 Command palette; SCR-007 Требуется обновление; SCR-008 Глобальный quick create; SCR-200 Общий detail pane; SCR-204 Почему действие недоступно; SCR-205 Connection status; SCR-207 Общее context menu; SCR-208 Общее подтверждение; SCR-209 Audit, policy engine, management APIs; SCR-211 System tray menu; SCR-212 Toast deep-link activation; SCR-213 Общая multi-select panel",FLOW-002 Обычный вход; FLOW-005 Быстрое создание задачи; FLOW-020 Действие из notification,,Error handling,High,Stage 3.5 UX Architecture/Decision Log; cross-cutting requirement ERR-002
AC-2449,AC,MOD-002,App shell и навигация,Read outage behavior for FR-012,GET_api_v1_sync_changes; POST_api_v1_sync_bootstrap; POST_api_v1_sync_ack,GET /api/v1/sync/changes; POST /api/v1/sync/bootstrap; POST /api/v1/sync/ack,—,OrganizerController.GET_api_v1_sync_changes; OrganizerController.POST_api_v1_sync_bootstrap; OrganizerController.POST_api_v1_sync_ack,"SCR-004 Главное окно; SCR-005 Command palette; SCR-007 Требуется обновление; SCR-008 Глобальный quick create; SCR-200 Общий detail pane; SCR-204 Почему действие недоступно; SCR-205 Connection status; SCR-207 Общее context menu; SCR-208 Общее подтверждение; SCR-209 Audit, policy engine, management APIs; SCR-211 System tray menu; SCR-212 Toast deep-link activation; SCR-213 Общая multi-select panel",FLOW-002 Обычный вход; FLOW-005 Быстрое создание задачи; FLOW-020 Действие из notification,,Desktop/resilience,High,OpenAPI `GET_api_v1_system_version`; Stage_3_Field_Traceability_Final_3.5.csv; cross-cutting requirement SYNC-002
AC-2450,AC,MOD-002,App shell и навигация,Read outage behavior for FR-013,GET_api_v1_sync_changes; POST_api_v1_sync_bootstrap; POST_api_v1_sync_ack,GET /api/v1/sync/changes; POST /api/v1/sync/bootstrap; POST /api/v1/sync/ack,—,OrganizerController.GET_api_v1_sync_changes; OrganizerController.POST_api_v1_sync_bootstrap; OrganizerController.POST_api_v1_sync_ack,"SCR-004 Главное окно; SCR-005 Command palette; SCR-007 Требуется обновление; SCR-008 Глобальный quick create; SCR-200 Общий detail pane; SCR-204 Почему действие недоступно; SCR-205 Connection status; SCR-207 Общее context menu; SCR-208 Общее подтверждение; SCR-209 Audit, policy engine, management APIs; SCR-211 System tray menu; SCR-212 Toast deep-link activation; SCR-213 Общая multi-select panel",FLOW-002 Обычный вход; FLOW-005 Быстрое создание задачи; FLOW-020 Действие из notification,,Desktop/resilience,High,OpenAPI `GET_health_live`; Stage_3_Field_Traceability_Final_3.5.csv; cross-cutting requirement SYNC-002
AC-2451,AC,MOD-002,App shell и навигация,Read outage behavior for FR-014,GET_api_v1_sync_changes; POST_api_v1_sync_bootstrap; POST_api_v1_sync_ack,GET /api/v1/sync/changes; POST /api/v1/sync/bootstrap; POST /api/v1/sync/ack,—,OrganizerController.GET_api_v1_sync_changes; OrganizerController.POST_api_v1_sync_bootstrap; OrganizerController.POST_api_v1_sync_ack,"SCR-004 Главное окно; SCR-005 Command palette; SCR-007 Требуется обновление; SCR-008 Глобальный quick create; SCR-200 Общий detail pane; SCR-204 Почему действие недоступно; SCR-205 Connection status; SCR-207 Общее context menu; SCR-208 Общее подтверждение; SCR-209 Audit, policy engine, management APIs; SCR-211 System tray menu; SCR-212 Toast deep-link activation; SCR-213 Общая multi-select panel",FLOW-002 Обычный вход; FLOW-005 Быстрое создание задачи; FLOW-020 Действие из notification,,Desktop/resilience,High,OpenAPI `GET_health_ready`; Stage_3_Field_Traceability_Final_3.5.csv; cross-cutting requirement SYNC-002
AC-2452,AC,MOD-002,App shell и навигация,Read outage behavior for FR-015,GET_api_v1_sync_changes; POST_api_v1_sync_bootstrap; POST_api_v1_sync_ack,GET /api/v1/sync/changes; POST /api/v1/sync/bootstrap; POST /api/v1/sync/ack,—,OrganizerController.GET_api_v1_sync_changes; OrganizerController.POST_api_v1_sync_bootstrap; OrganizerController.POST_api_v1_sync_ack,"SCR-004 Главное окно; SCR-005 Command palette; SCR-007 Требуется обновление; SCR-008 Глобальный quick create; SCR-200 Общий detail pane; SCR-204 Почему действие недоступно; SCR-205 Connection status; SCR-207 Общее context menu; SCR-208 Общее подтверждение; SCR-209 Audit, policy engine, management APIs; SCR-211 System tray menu; SCR-212 Toast deep-link activation; SCR-213 Общая multi-select panel",FLOW-002 Обычный вход; FLOW-005 Быстрое создание задачи; FLOW-020 Действие из notification,,Desktop/resilience,High,OpenAPI `GET_api_v1_capabilities`; Stage_3_Field_Traceability_Final_3.5.csv; cross-cutting requirement SYNC-002
AC-2453,AC,MOD-002,App shell и навигация,Read outage behavior for FR-016,GET_api_v1_sync_changes; POST_api_v1_sync_bootstrap; POST_api_v1_sync_ack,GET /api/v1/sync/changes; POST /api/v1/sync/bootstrap; POST /api/v1/sync/ack,—,OrganizerController.GET_api_v1_sync_changes; OrganizerController.POST_api_v1_sync_bootstrap; OrganizerController.POST_api_v1_sync_ack,"SCR-004 Главное окно; SCR-005 Command palette; SCR-007 Требуется обновление; SCR-008 Глобальный quick create; SCR-200 Общий detail pane; SCR-204 Почему действие недоступно; SCR-205 Connection status; SCR-207 Общее context menu; SCR-208 Общее подтверждение; SCR-209 Audit, policy engine, management APIs; SCR-211 System tray menu; SCR-212 Toast deep-link activation; SCR-213 Общая multi-select panel",FLOW-002 Обычный вход; FLOW-005 Быстрое создание задачи; FLOW-020 Действие из notification,,Desktop/resilience,High,OpenAPI `GET_api_v1_feature_flags`; Stage_3_Field_Traceability_Final_3.5.csv; cross-cutting requirement SYNC-002
AC-2454,AC,MOD-002,App shell и навигация,Read outage behavior for FR-243,GET_api_v1_sync_changes; POST_api_v1_sync_bootstrap; POST_api_v1_sync_ack,GET /api/v1/sync/changes; POST /api/v1/sync/bootstrap; POST /api/v1/sync/ack,—,OrganizerController.GET_api_v1_sync_changes; OrganizerController.POST_api_v1_sync_bootstrap; OrganizerController.POST_api_v1_sync_ack,"SCR-004 Главное окно; SCR-005 Command palette; SCR-007 Требуется обновление; SCR-008 Глобальный quick create; SCR-200 Общий detail pane; SCR-204 Почему действие недоступно; SCR-205 Connection status; SCR-207 Общее context menu; SCR-208 Общее подтверждение; SCR-209 Audit, policy engine, management APIs; SCR-211 System tray menu; SCR-212 Toast deep-link activation; SCR-213 Общая multi-select panel",FLOW-002 Обычный вход; FLOW-005 Быстрое создание задачи; FLOW-020 Действие из notification,,Desktop/resilience,High,Stage 2.3.1 OpenAPI 1.2.0-stage2.3; Stage 3.5 UX baseline; Stage 4.3 remediation; cross-cutting requirement SYNC-002
AC-2455,AC,MOD-002,App shell и навигация,Read outage behavior for FR-244,GET_api_v1_sync_changes; POST_api_v1_sync_bootstrap; POST_api_v1_sync_ack,GET /api/v1/sync/changes; POST /api/v1/sync/bootstrap; POST /api/v1/sync/ack,—,OrganizerController.GET_api_v1_sync_changes; OrganizerController.POST_api_v1_sync_bootstrap; OrganizerController.POST_api_v1_sync_ack,"SCR-004 Главное окно; SCR-005 Command palette; SCR-007 Требуется обновление; SCR-008 Глобальный quick create; SCR-200 Общий detail pane; SCR-204 Почему действие недоступно; SCR-205 Connection status; SCR-207 Общее context menu; SCR-208 Общее подтверждение; SCR-209 Audit, policy engine, management APIs; SCR-211 System tray menu; SCR-212 Toast deep-link activation; SCR-213 Общая multi-select panel",FLOW-002 Обычный вход; FLOW-005 Быстрое создание задачи; FLOW-020 Действие из notification,,Desktop/resilience,High,Stage 2.3.1 OpenAPI 1.2.0-stage2.3; Stage 3.5 UX baseline; Stage 4.3 remediation; cross-cutting requirement SYNC-002
AC-2456,AC,MOD-002,App shell и навигация,Read outage behavior for FR-245,GET_api_v1_sync_changes; POST_api_v1_sync_bootstrap; POST_api_v1_sync_ack,GET /api/v1/sync/changes; POST /api/v1/sync/bootstrap; POST /api/v1/sync/ack,—,OrganizerController.GET_api_v1_sync_changes; OrganizerController.POST_api_v1_sync_bootstrap; OrganizerController.POST_api_v1_sync_ack,"SCR-004 Главное окно; SCR-005 Command palette; SCR-007 Требуется обновление; SCR-008 Глобальный quick create; SCR-200 Общий detail pane; SCR-204 Почему действие недоступно; SCR-205 Connection status; SCR-207 Общее context menu; SCR-208 Общее подтверждение; SCR-209 Audit, policy engine, management APIs; SCR-211 System tray menu; SCR-212 Toast deep-link activation; SCR-213 Общая multi-select panel",FLOW-002 Обычный вход; FLOW-005 Быстрое создание задачи; FLOW-020 Действие из notification,,Desktop/resilience,High,Stage 3.5 UX Architecture/Decision Log; cross-cutting requirement SYNC-002
AC-2707,AC,MOD-002,App shell и навигация,Audit evidence for FR-012,— (domain command + audit/history endpoints),—,—,— (domain handlers + audit pipeline),"SCR-004 Главное окно; SCR-005 Command palette; SCR-007 Требуется обновление; SCR-008 Глобальный quick create; SCR-200 Общий detail pane; SCR-204 Почему действие недоступно; SCR-205 Connection status; SCR-207 Общее context menu; SCR-208 Общее подтверждение; SCR-209 Audit, policy engine, management APIs; SCR-211 System tray menu; SCR-212 Toast deep-link activation; SCR-213 Общая multi-select panel",FLOW-002 Обычный вход; FLOW-005 Быстрое создание задачи; FLOW-020 Действие из notification,,Audit/security,Critical,OpenAPI `GET_api_v1_system_version`; Stage_3_Field_Traceability_Final_3.5.csv; cross-cutting requirement AUDIT-002
AC-2708,AC,MOD-002,App shell и навигация,Audit evidence for FR-013,— (domain command + audit/history endpoints),—,—,— (domain handlers + audit pipeline),"SCR-004 Главное окно; SCR-005 Command palette; SCR-007 Требуется обновление; SCR-008 Глобальный quick create; SCR-200 Общий detail pane; SCR-204 Почему действие недоступно; SCR-205 Connection status; SCR-207 Общее context menu; SCR-208 Общее подтверждение; SCR-209 Audit, policy engine, management APIs; SCR-211 System tray menu; SCR-212 Toast deep-link activation; SCR-213 Общая multi-select panel",FLOW-002 Обычный вход; FLOW-005 Быстрое создание задачи; FLOW-020 Действие из notification,,Audit/security,Critical,OpenAPI `GET_health_live`; Stage_3_Field_Traceability_Final_3.5.csv; cross-cutting requirement AUDIT-002
AC-2709,AC,MOD-002,App shell и навигация,Audit evidence for FR-014,— (domain command + audit/history endpoints),—,—,— (domain handlers + audit pipeline),"SCR-004 Главное окно; SCR-005 Command palette; SCR-007 Требуется обновление; SCR-008 Глобальный quick create; SCR-200 Общий detail pane; SCR-204 Почему действие недоступно; SCR-205 Connection status; SCR-207 Общее context menu; SCR-208 Общее подтверждение; SCR-209 Audit, policy engine, management APIs; SCR-211 System tray menu; SCR-212 Toast deep-link activation; SCR-213 Общая multi-select panel",FLOW-002 Обычный вход; FLOW-005 Быстрое создание задачи; FLOW-020 Действие из notification,,Audit/security,Critical,OpenAPI `GET_health_ready`; Stage_3_Field_Traceability_Final_3.5.csv; cross-cutting requirement AUDIT-002
AC-2710,AC,MOD-002,App shell и навигация,Audit evidence for FR-015,— (domain command + audit/history endpoints),—,—,— (domain handlers + audit pipeline),"SCR-004 Главное окно; SCR-005 Command palette; SCR-007 Требуется обновление; SCR-008 Глобальный quick create; SCR-200 Общий detail pane; SCR-204 Почему действие недоступно; SCR-205 Connection status; SCR-207 Общее context menu; SCR-208 Общее подтверждение; SCR-209 Audit, policy engine, management APIs; SCR-211 System tray menu; SCR-212 Toast deep-link activation; SCR-213 Общая multi-select panel",FLOW-002 Обычный вход; FLOW-005 Быстрое создание задачи; FLOW-020 Действие из notification,,Audit/security,Critical,OpenAPI `GET_api_v1_capabilities`; Stage_3_Field_Traceability_Final_3.5.csv; cross-cutting requirement AUDIT-002
AC-2711,AC,MOD-002,App shell и навигация,Audit evidence for FR-016,— (domain command + audit/history endpoints),—,—,— (domain handlers + audit pipeline),"SCR-004 Главное окно; SCR-005 Command palette; SCR-007 Требуется обновление; SCR-008 Глобальный quick create; SCR-200 Общий detail pane; SCR-204 Почему действие недоступно; SCR-205 Connection status; SCR-207 Общее context menu; SCR-208 Общее подтверждение; SCR-209 Audit, policy engine, management APIs; SCR-211 System tray menu; SCR-212 Toast deep-link activation; SCR-213 Общая multi-select panel",FLOW-002 Обычный вход; FLOW-005 Быстрое создание задачи; FLOW-020 Действие из notification,,Audit/security,Critical,OpenAPI `GET_api_v1_feature_flags`; Stage_3_Field_Traceability_Final_3.5.csv; cross-cutting requirement AUDIT-002
AC-2712,AC,MOD-002,App shell и навигация,Audit evidence for FR-243,— (domain command + audit/history endpoints),—,—,— (domain handlers + audit pipeline),"SCR-004 Главное окно; SCR-005 Command palette; SCR-007 Требуется обновление; SCR-008 Глобальный quick create; SCR-200 Общий detail pane; SCR-204 Почему действие недоступно; SCR-205 Connection status; SCR-207 Общее context menu; SCR-208 Общее подтверждение; SCR-209 Audit, policy engine, management APIs; SCR-211 System tray menu; SCR-212 Toast deep-link activation; SCR-213 Общая multi-select panel",FLOW-002 Обычный вход; FLOW-005 Быстрое создание задачи; FLOW-020 Действие из notification,,Audit/security,Critical,Stage 2.3.1 OpenAPI 1.2.0-stage2.3; Stage 3.5 UX baseline; Stage 4.3 remediation; cross-cutting requirement AUDIT-002
AC-2713,AC,MOD-002,App shell и навигация,Audit evidence for FR-244,— (domain command + audit/history endpoints),—,—,— (domain handlers + audit pipeline),"SCR-004 Главное окно; SCR-005 Command palette; SCR-007 Требуется обновление; SCR-008 Глобальный quick create; SCR-200 Общий detail pane; SCR-204 Почему действие недоступно; SCR-205 Connection status; SCR-207 Общее context menu; SCR-208 Общее подтверждение; SCR-209 Audit, policy engine, management APIs; SCR-211 System tray menu; SCR-212 Toast deep-link activation; SCR-213 Общая multi-select panel",FLOW-002 Обычный вход; FLOW-005 Быстрое создание задачи; FLOW-020 Действие из notification,,Audit/security,Critical,Stage 2.3.1 OpenAPI 1.2.0-stage2.3; Stage 3.5 UX baseline; Stage 4.3 remediation; cross-cutting requirement AUDIT-002
AC-2714,AC,MOD-002,App shell и навигация,Audit evidence for FR-245,— (domain command + audit/history endpoints),—,—,— (domain handlers + audit pipeline),"SCR-004 Главное окно; SCR-005 Command palette; SCR-007 Требуется обновление; SCR-008 Глобальный quick create; SCR-200 Общий detail pane; SCR-204 Почему действие недоступно; SCR-205 Connection status; SCR-207 Общее context menu; SCR-208 Общее подтверждение; SCR-209 Audit, policy engine, management APIs; SCR-211 System tray menu; SCR-212 Toast deep-link activation; SCR-213 Общая multi-select panel",FLOW-002 Обычный вход; FLOW-005 Быстрое создание задачи; FLOW-020 Действие из notification,,Audit/security,Critical,Stage 3.5 UX Architecture/Decision Log; cross-cutting requirement AUDIT-002
AC-024,AC,MOD-003,Сегодня,"Проверить бизнес-правило: Просрочка вычисляется, а не хранится как статус.",—,—,—,—,SCR-010 Сегодня; SCR-011 Фильтр Today,FLOW-005 Быстрое создание задачи; FLOW-007 Завершение задачи; FLOW-008 Изменение статуса; FLOW-020 Действие из notification; FLOW-021 Snooze reminder,,Integration/domain,High,"§9, §27.1.17, §29; Stage 3.5"
AC-025,AC,MOD-003,Сегодня,Проверить бизнес-правило: Ошибка одной секции не заменяет весь экран ошибкой.,—,—,—,—,SCR-010 Сегодня; SCR-011 Фильтр Today,FLOW-005 Быстрое создание задачи; FLOW-007 Завершение задачи; FLOW-008 Изменение статуса; FLOW-020 Действие из notification; FLOW-021 Snooze reminder,,Integration/domain,High,"§9, §27.1.17, §29; Stage 3.5"
AC-026,AC,MOD-003,Сегодня,Проверить бизнес-правило: В offline показывается только кэш с timestamp.,—,—,—,—,SCR-010 Сегодня; SCR-011 Фильтр Today,FLOW-005 Быстрое создание задачи; FLOW-007 Завершение задачи; FLOW-008 Изменение статуса; FLOW-020 Действие из notification; FLOW-021 Snooze reminder,,Integration/domain,High,"§9, §27.1.17, §29; Stage 3.5"
AC-027,AC,MOD-003,Сегодня,Проверить бизнес-правило: Scope-фильтр отправляется только контрактно поддерживаемыми параметрами.,—,—,—,—,SCR-010 Сегодня; SCR-011 Фильтр Today,FLOW-005 Быстрое создание задачи; FLOW-007 Завершение задачи; FLOW-008 Изменение статуса; FLOW-020 Действие из notification; FLOW-021 Snooze reminder,,Integration/domain,High,"§9, §27.1.17, §29; Stage 3.5"
AC-147,AC,MOD-003,Сегодня,Happy path: Агрегированный read-model «Сегодня» в часовом поясе пользователя,GET_api_v1_today,GET /api/v1/today,Calendar.Read,OrganizerController.GET_api_v1_today,SCR-010 Сегодня; SCR-011 Фильтр Today,FLOW-005 Быстрое создание задачи; FLOW-007 Завершение задачи; FLOW-008 Изменение статуса; FLOW-020 Действие из notification; FLOW-021 Snooze reminder,,Contract/integration,High,OpenAPI `GET_api_v1_today`; Stage_3_Field_Traceability_Final_3.5.csv
AC-148,AC,MOD-003,Сегодня,[Forbidden (Stage 3.5 State Matrix)/ObjectUnavailable (Stage 3.5 State Matrix)] Permission denied: Агрегированный read-model «Сегодня» в часовом поясе пользователя не выполняется и данные не раскрываются,GET_api_v1_today,GET /api/v1/today,Calendar.Read,OrganizerController.GET_api_v1_today,SCR-010 Сегодня; SCR-011 Фильтр Today,FLOW-005 Быстрое создание задачи; FLOW-007 Завершение задачи; FLOW-008 Изменение статуса; FLOW-020 Действие из notification; FLOW-021 Snooze reminder,,Security/authorization,Critical,OpenAPI `GET_api_v1_today`; Stage_3_Field_Traceability_Final_3.5.csv
AC-149,AC,MOD-003,Сегодня,[Authentication/session error handling (Stage 3.5 error/UI rule)/Authentication/session error handling (Stage 3.5 error/UI rule)/Device-revocation error handling (Stage 3.5 error/UI rule)] Session/device interruption: операция прекращается без сохранения неподтверждённого состояния,GET_api_v1_today,GET /api/v1/today,Calendar.Read,OrganizerController.GET_api_v1_today,SCR-010 Сегодня; SCR-011 Фильтр Today,FLOW-005 Быстрое создание задачи; FLOW-007 Завершение задачи; FLOW-008 Изменение статуса; FLOW-020 Действие из notification; FLOW-021 Snooze reminder,,Security/session,Critical,OpenAPI `GET_api_v1_today`; Stage_3_Field_Traceability_Final_3.5.csv
AC-150,AC,MOD-003,Сегодня,[STATE-007] Validation: fieldErrors сохраняют draft и привязываются к canonical field path,GET_api_v1_today,GET /api/v1/today,Calendar.Read,OrganizerController.GET_api_v1_today,SCR-010 Сегодня; SCR-011 Фильтр Today,FLOW-005 Быстрое создание задачи; FLOW-007 Завершение задачи; FLOW-008 Изменение статуса; FLOW-020 Действие из notification; FLOW-021 Snooze reminder,,Contract/UI,High,OpenAPI `GET_api_v1_today`; Stage_3_Field_Traceability_Final_3.5.csv
AC-1407,AC,MOD-003,Сегодня,Desktop behavior: Today должен независимо показывать loading/error для каждой секции и сохранять успешно загруженные секции.,"— (Desktop-only, без нового API)","— (Desktop-only, без нового API)",Capability-driven; server recheck для команд,"— (Desktop-only, без нового API)",SCR-010 Сегодня; SCR-011 Фильтр Today,FLOW-005 Быстрое создание задачи; FLOW-007 Завершение задачи; FLOW-008 Изменение статуса; FLOW-020 Действие из notification; FLOW-021 Snooze reminder,,Desktop/UI,High,Stage 3.5 UX Architecture
AC-1826,AC,MOD-003,Сегодня,Contract projection for FR-017,— (операции модуля),—,—,—,SCR-010 Сегодня; SCR-011 Фильтр Today,FLOW-005 Быстрое создание задачи; FLOW-007 Завершение задачи; FLOW-008 Изменение статуса; FLOW-020 Действие из notification; FLOW-021 Snooze reminder,,Contract/UI,High,OpenAPI `GET_api_v1_today`; Stage_3_Field_Traceability_Final_3.5.csv; cross-cutting requirement DATA-003
AC-1830,AC,MOD-003,Сегодня,Permission denial for FR-017,— (операции модуля),—,—,—,SCR-010 Сегодня; SCR-011 Фильтр Today,FLOW-005 Быстрое создание задачи; FLOW-007 Завершение задачи; FLOW-008 Изменение статуса; FLOW-020 Действие из notification; FLOW-021 Snooze reminder,,Security/authorization,Critical,OpenAPI `GET_api_v1_today`; Stage_3_Field_Traceability_Final_3.5.csv; cross-cutting requirement PERM-003
AC-1851,AC,MOD-003,Сегодня,Stable error handling for FR-017,— (операции модуля),—,—,—,SCR-010 Сегодня; SCR-011 Фильтр Today,FLOW-005 Быстрое создание задачи; FLOW-007 Завершение задачи; FLOW-008 Изменение статуса; FLOW-020 Действие из notification; FLOW-021 Snooze reminder,,Error handling,High,OpenAPI `GET_api_v1_today`; Stage_3_Field_Traceability_Final_3.5.csv; cross-cutting requirement ERR-003
AC-1872,AC,MOD-003,Сегодня,Read outage behavior for FR-017,GET_api_v1_sync_changes; POST_api_v1_sync_bootstrap; POST_api_v1_sync_ack,GET /api/v1/sync/changes; POST /api/v1/sync/bootstrap; POST /api/v1/sync/ack,—,OrganizerController.GET_api_v1_sync_changes; OrganizerController.POST_api_v1_sync_bootstrap; OrganizerController.POST_api_v1_sync_ack,SCR-010 Сегодня; SCR-011 Фильтр Today,FLOW-005 Быстрое создание задачи; FLOW-007 Завершение задачи; FLOW-008 Изменение статуса; FLOW-020 Действие из notification; FLOW-021 Snooze reminder,,Desktop/resilience,High,OpenAPI `GET_api_v1_today`; Stage_3_Field_Traceability_Final_3.5.csv; cross-cutting requirement SYNC-003
AC-1893,AC,MOD-003,Сегодня,Audit evidence for FR-017,— (domain command + audit/history endpoints),—,—,— (domain handlers + audit pipeline),SCR-010 Сегодня; SCR-011 Фильтр Today,FLOW-005 Быстрое создание задачи; FLOW-007 Завершение задачи; FLOW-008 Изменение статуса; FLOW-020 Действие из notification; FLOW-021 Snooze reminder,,Audit/security,Critical,OpenAPI `GET_api_v1_today`; Stage_3_Field_Traceability_Final_3.5.csv; cross-cutting requirement AUDIT-003
AC-1920,AC,MOD-003,Сегодня,Contract projection for FR-246,— (операции модуля),—,—,—,SCR-010 Сегодня; SCR-011 Фильтр Today,FLOW-005 Быстрое создание задачи; FLOW-007 Завершение задачи; FLOW-008 Изменение статуса; FLOW-020 Действие из notification; FLOW-021 Snooze reminder,,Contract/UI,High,Stage 3.5 UX Architecture/Decision Log; cross-cutting requirement DATA-003
AC-1941,AC,MOD-003,Сегодня,Permission denial for FR-246,— (операции модуля),—,—,—,SCR-010 Сегодня; SCR-011 Фильтр Today,FLOW-005 Быстрое создание задачи; FLOW-007 Завершение задачи; FLOW-008 Изменение статуса; FLOW-020 Действие из notification; FLOW-021 Snooze reminder,,Security/authorization,Critical,Stage 3.5 UX Architecture/Decision Log; cross-cutting requirement PERM-003
AC-2199,AC,MOD-003,Сегодня,Stable error handling for FR-246,— (операции модуля),—,—,—,SCR-010 Сегодня; SCR-011 Фильтр Today,FLOW-005 Быстрое создание задачи; FLOW-007 Завершение задачи; FLOW-008 Изменение статуса; FLOW-020 Действие из notification; FLOW-021 Snooze reminder,,Error handling,High,Stage 3.5 UX Architecture/Decision Log; cross-cutting requirement ERR-003
AC-2457,AC,MOD-003,Сегодня,Read outage behavior for FR-246,GET_api_v1_sync_changes; POST_api_v1_sync_bootstrap; POST_api_v1_sync_ack,GET /api/v1/sync/changes; POST /api/v1/sync/bootstrap; POST /api/v1/sync/ack,—,OrganizerController.GET_api_v1_sync_changes; OrganizerController.POST_api_v1_sync_bootstrap; OrganizerController.POST_api_v1_sync_ack,SCR-010 Сегодня; SCR-011 Фильтр Today,FLOW-005 Быстрое создание задачи; FLOW-007 Завершение задачи; FLOW-008 Изменение статуса; FLOW-020 Действие из notification; FLOW-021 Snooze reminder,,Desktop/resilience,High,Stage 3.5 UX Architecture/Decision Log; cross-cutting requirement SYNC-003
AC-2715,AC,MOD-003,Сегодня,Audit evidence for FR-246,— (domain command + audit/history endpoints),—,—,— (domain handlers + audit pipeline),SCR-010 Сегодня; SCR-011 Фильтр Today,FLOW-005 Быстрое создание задачи; FLOW-007 Завершение задачи; FLOW-008 Изменение статуса; FLOW-020 Действие из notification; FLOW-021 Snooze reminder,,Audit/security,Critical,Stage 3.5 UX Architecture/Decision Log; cross-cutting requirement AUDIT-003
AC-028,AC,MOD-004,Входящие,Проверить бизнес-правило: InboxItem принадлежит создателю до явного преобразования.,—,—,—,—,SCR-012 Входящие; SCR-013 Обработка входящего; SCR-014 Контекстное меню Входящих,FLOW-034 Inbox capture и conversion,,Integration/domain,High,"§10, §27.1, §33; Stage 3.5"
AC-029,AC,MOD-004,Входящие,Проверить бизнес-правило: Преобразование создаёт целевой объект и помечает source как converted в одной транзакции.,—,—,—,—,SCR-012 Входящие; SCR-013 Обработка входящего; SCR-014 Контекстное меню Входящих,FLOW-034 Inbox capture и conversion,,Integration/domain,High,"§10, §27.1, §33; Stage 3.5"
AC-030,AC,MOD-004,Входящие,Проверить бизнес-правило: При отказе целевого permission исходный InboxItem остаётся неизменён.,—,—,—,—,SCR-012 Входящие; SCR-013 Обработка входящего; SCR-014 Контекстное меню Входящих,FLOW-034 Inbox capture и conversion,,Integration/domain,High,"§10, §27.1, §33; Stage 3.5"
AC-151,AC,MOD-004,Входящие,Happy path: Список входящий элемент,GET_api_v1_inbox_items,GET /api/v1/inbox-items,Inbox.ReadOwn,OrganizerController.GET_api_v1_inbox_items,SCR-012 Входящие; SCR-013 Обработка входящего; SCR-014 Контекстное меню Входящих,FLOW-034 Inbox capture и conversion,,Contract/integration,High,OpenAPI `GET_api_v1_inbox_items`; Stage_3_Field_Traceability_Final_3.5.csv
AC-152,AC,MOD-004,Входящие,[Forbidden (Stage 3.5 State Matrix)/ObjectUnavailable (Stage 3.5 State Matrix)] Permission denied: Список входящий элемент не выполняется и данные не раскрываются,GET_api_v1_inbox_items,GET /api/v1/inbox-items,Inbox.ReadOwn,OrganizerController.GET_api_v1_inbox_items,SCR-012 Входящие; SCR-013 Обработка входящего; SCR-014 Контекстное меню Входящих,FLOW-034 Inbox capture и conversion,,Security/authorization,Critical,OpenAPI `GET_api_v1_inbox_items`; Stage_3_Field_Traceability_Final_3.5.csv
AC-153,AC,MOD-004,Входящие,[Authentication/session error handling (Stage 3.5 error/UI rule)/Authentication/session error handling (Stage 3.5 error/UI rule)/Device-revocation error handling (Stage 3.5 error/UI rule)] Session/device interruption: операция прекращается без сохранения неподтверждённого состояния,GET_api_v1_inbox_items,GET /api/v1/inbox-items,Inbox.ReadOwn,OrganizerController.GET_api_v1_inbox_items,SCR-012 Входящие; SCR-013 Обработка входящего; SCR-014 Контекстное меню Входящих,FLOW-034 Inbox capture и conversion,,Security/session,Critical,OpenAPI `GET_api_v1_inbox_items`; Stage_3_Field_Traceability_Final_3.5.csv
AC-154,AC,MOD-004,Входящие,Happy path: Создать входящий элемент,POST_api_v1_inbox_items,POST /api/v1/inbox-items,Inbox.ManageOwn,OrganizerController.POST_api_v1_inbox_items,SCR-012 Входящие; SCR-013 Обработка входящего; SCR-014 Контекстное меню Входящих,FLOW-034 Inbox capture и conversion,,Contract/integration,Critical,OpenAPI `POST_api_v1_inbox_items`; Stage_3_Field_Traceability_Final_3.5.csv
AC-155,AC,MOD-004,Входящие,[Forbidden (Stage 3.5 State Matrix)/ObjectUnavailable (Stage 3.5 State Matrix)] Permission denied: Создать входящий элемент не выполняется и данные не раскрываются,POST_api_v1_inbox_items,POST /api/v1/inbox-items,Inbox.ManageOwn,OrganizerController.POST_api_v1_inbox_items,SCR-012 Входящие; SCR-013 Обработка входящего; SCR-014 Контекстное меню Входящих,FLOW-034 Inbox capture и conversion,,Security/authorization,Critical,OpenAPI `POST_api_v1_inbox_items`; Stage_3_Field_Traceability_Final_3.5.csv
AC-156,AC,MOD-004,Входящие,[Authentication/session error handling (Stage 3.5 error/UI rule)/Authentication/session error handling (Stage 3.5 error/UI rule)/Device-revocation error handling (Stage 3.5 error/UI rule)] Session/device interruption: операция прекращается без сохранения неподтверждённого состояния,POST_api_v1_inbox_items,POST /api/v1/inbox-items,Inbox.ManageOwn,OrganizerController.POST_api_v1_inbox_items,SCR-012 Входящие; SCR-013 Обработка входящего; SCR-014 Контекстное меню Входящих,FLOW-034 Inbox capture и conversion,,Security/session,Critical,OpenAPI `POST_api_v1_inbox_items`; Stage_3_Field_Traceability_Final_3.5.csv
AC-157,AC,MOD-004,Входящие,[STATE-007] Validation: fieldErrors сохраняют draft и привязываются к canonical field path,POST_api_v1_inbox_items,POST /api/v1/inbox-items,Inbox.ManageOwn,OrganizerController.POST_api_v1_inbox_items,SCR-012 Входящие; SCR-013 Обработка входящего; SCR-014 Контекстное меню Входящих,FLOW-034 Inbox capture и conversion,,Contract/UI,High,OpenAPI `POST_api_v1_inbox_items`; Stage_3_Field_Traceability_Final_3.5.csv
AC-158,AC,MOD-004,Входящие,[STATE-014/STATE-025] Conflict/precondition: устаревшая или отсутствующая контрактная версия/precondition не приводит к overwrite,POST_api_v1_inbox_items,POST /api/v1/inbox-items,Inbox.ManageOwn,OrganizerController.POST_api_v1_inbox_items,SCR-012 Входящие; SCR-013 Обработка входящего; SCR-014 Контекстное меню Входящих,FLOW-034 Inbox capture и conversion,,Concurrency/integration,Critical,OpenAPI `POST_api_v1_inbox_items`; Stage_3_Field_Traceability_Final_3.5.csv
AC-159,AC,MOD-004,Входящие,[ServerUnavailable (Stage 3.5 State Matrix)/ServerUnavailable (cached read-only presentation) (Stage 3.5 State Matrix)/Reconnecting (Stage 3.5 State Matrix)] Server unavailable/read-only: команда Создать входящий элемент не ставится в offline queue,POST_api_v1_inbox_items,POST /api/v1/inbox-items,Inbox.ManageOwn,OrganizerController.POST_api_v1_inbox_items,SCR-012 Входящие; SCR-013 Обработка входящего; SCR-014 Контекстное меню Входящих,FLOW-034 Inbox capture и conversion,,Desktop/resilience,Critical,OpenAPI `POST_api_v1_inbox_items`; Stage_3_Field_Traceability_Final_3.5.csv
AC-160,AC,MOD-004,Входящие,[Stable-error-specific recovery (Stage 3.5 error/UI rule)] Idempotency: повтор с тем же key/hash не создаёт двойной side effect,POST_api_v1_inbox_items,POST /api/v1/inbox-items,Inbox.ManageOwn,OrganizerController.POST_api_v1_inbox_items,SCR-012 Входящие; SCR-013 Обработка входящего; SCR-014 Контекстное меню Входящих,FLOW-034 Inbox capture и conversion,,Integration,Critical,OpenAPI `POST_api_v1_inbox_items`; Stage_3_Field_Traceability_Final_3.5.csv
AC-161,AC,MOD-004,Входящие,Happy path: Переместить входящий элемент в корзину,DELETE_api_v1_inbox_items_id,DELETE /api/v1/inbox-items/{id},Inbox.ManageOwn,OrganizerController.DELETE_api_v1_inbox_items_id,SCR-012 Входящие; SCR-013 Обработка входящего; SCR-014 Контекстное меню Входящих,FLOW-034 Inbox capture и conversion,,Contract/integration,Critical,OpenAPI `DELETE_api_v1_inbox_items_id`; Stage_3_Field_Traceability_Final_3.5.csv
AC-162,AC,MOD-004,Входящие,[Forbidden (Stage 3.5 State Matrix)/ObjectUnavailable (Stage 3.5 State Matrix)] Permission denied: Переместить входящий элемент в корзину не выполняется и данные не раскрываются,DELETE_api_v1_inbox_items_id,DELETE /api/v1/inbox-items/{id},Inbox.ManageOwn,OrganizerController.DELETE_api_v1_inbox_items_id,SCR-012 Входящие; SCR-013 Обработка входящего; SCR-014 Контекстное меню Входящих,FLOW-034 Inbox capture и conversion,,Security/authorization,Critical,OpenAPI `DELETE_api_v1_inbox_items_id`; Stage_3_Field_Traceability_Final_3.5.csv
AC-163,AC,MOD-004,Входящие,[Authentication/session error handling (Stage 3.5 error/UI rule)/Authentication/session error handling (Stage 3.5 error/UI rule)/Device-revocation error handling (Stage 3.5 error/UI rule)] Session/device interruption: операция прекращается без сохранения неподтверждённого состояния,DELETE_api_v1_inbox_items_id,DELETE /api/v1/inbox-items/{id},Inbox.ManageOwn,OrganizerController.DELETE_api_v1_inbox_items_id,SCR-012 Входящие; SCR-013 Обработка входящего; SCR-014 Контекстное меню Входящих,FLOW-034 Inbox capture и conversion,,Security/session,Critical,OpenAPI `DELETE_api_v1_inbox_items_id`; Stage_3_Field_Traceability_Final_3.5.csv
AC-164,AC,MOD-004,Входящие,[STATE-014/STATE-025] Conflict/precondition: устаревшая или отсутствующая If-Match не приводит к overwrite,DELETE_api_v1_inbox_items_id,DELETE /api/v1/inbox-items/{id},Inbox.ManageOwn,OrganizerController.DELETE_api_v1_inbox_items_id,SCR-012 Входящие; SCR-013 Обработка входящего; SCR-014 Контекстное меню Входящих,FLOW-034 Inbox capture и conversion,,Concurrency/integration,Critical,OpenAPI `DELETE_api_v1_inbox_items_id`; Stage_3_Field_Traceability_Final_3.5.csv
AC-165,AC,MOD-004,Входящие,[ServerUnavailable (Stage 3.5 State Matrix)/ServerUnavailable (cached read-only presentation) (Stage 3.5 State Matrix)/Reconnecting (Stage 3.5 State Matrix)] Server unavailable/read-only: команда Переместить входящий элемент в корзину не ставится в offline queue,DELETE_api_v1_inbox_items_id,DELETE /api/v1/inbox-items/{id},Inbox.ManageOwn,OrganizerController.DELETE_api_v1_inbox_items_id,SCR-012 Входящие; SCR-013 Обработка входящего; SCR-014 Контекстное меню Входящих,FLOW-034 Inbox capture и conversion,,Desktop/resilience,Critical,OpenAPI `DELETE_api_v1_inbox_items_id`; Stage_3_Field_Traceability_Final_3.5.csv
AC-166,AC,MOD-004,Входящие,[Trashed (Stage 3.5 State Matrix)] Удалённый объект: команда не применяется к trashed target и не создаёт новый объект,DELETE_api_v1_inbox_items_id,DELETE /api/v1/inbox-items/{id},Inbox.ManageOwn,OrganizerController.DELETE_api_v1_inbox_items_id,SCR-012 Входящие; SCR-013 Обработка входящего; SCR-014 Контекстное меню Входящих,FLOW-034 Inbox capture и conversion,,Lifecycle/integration,High,OpenAPI `DELETE_api_v1_inbox_items_id`; Stage_3_Field_Traceability_Final_3.5.csv
AC-167,AC,MOD-004,Входящие,Happy path: Получить входящий элемент,GET_api_v1_inbox_items_id,GET /api/v1/inbox-items/{id},Inbox.ReadOwn,OrganizerController.GET_api_v1_inbox_items_id,SCR-012 Входящие; SCR-013 Обработка входящего; SCR-014 Контекстное меню Входящих,FLOW-034 Inbox capture и conversion,,Contract/integration,High,OpenAPI `GET_api_v1_inbox_items_id`; Stage_3_Field_Traceability_Final_3.5.csv
AC-168,AC,MOD-004,Входящие,[Forbidden (Stage 3.5 State Matrix)/ObjectUnavailable (Stage 3.5 State Matrix)] Permission denied: Получить входящий элемент не выполняется и данные не раскрываются,GET_api_v1_inbox_items_id,GET /api/v1/inbox-items/{id},Inbox.ReadOwn,OrganizerController.GET_api_v1_inbox_items_id,SCR-012 Входящие; SCR-013 Обработка входящего; SCR-014 Контекстное меню Входящих,FLOW-034 Inbox capture и conversion,,Security/authorization,Critical,OpenAPI `GET_api_v1_inbox_items_id`; Stage_3_Field_Traceability_Final_3.5.csv
AC-169,AC,MOD-004,Входящие,[Authentication/session error handling (Stage 3.5 error/UI rule)/Authentication/session error handling (Stage 3.5 error/UI rule)/Device-revocation error handling (Stage 3.5 error/UI rule)] Session/device interruption: операция прекращается без сохранения неподтверждённого состояния,GET_api_v1_inbox_items_id,GET /api/v1/inbox-items/{id},Inbox.ReadOwn,OrganizerController.GET_api_v1_inbox_items_id,SCR-012 Входящие; SCR-013 Обработка входящего; SCR-014 Контекстное меню Входящих,FLOW-034 Inbox capture и conversion,,Security/session,Critical,OpenAPI `GET_api_v1_inbox_items_id`; Stage_3_Field_Traceability_Final_3.5.csv
AC-170,AC,MOD-004,Входящие,Happy path: Изменить входящий элемент,PATCH_api_v1_inbox_items_id,PATCH /api/v1/inbox-items/{id},Inbox.ManageOwn,OrganizerController.PATCH_api_v1_inbox_items_id,SCR-012 Входящие; SCR-013 Обработка входящего; SCR-014 Контекстное меню Входящих,FLOW-034 Inbox capture и conversion,,Contract/integration,Critical,OpenAPI `PATCH_api_v1_inbox_items_id`; Stage_3_Field_Traceability_Final_3.5.csv
AC-171,AC,MOD-004,Входящие,[Forbidden (Stage 3.5 State Matrix)/ObjectUnavailable (Stage 3.5 State Matrix)] Permission denied: Изменить входящий элемент не выполняется и данные не раскрываются,PATCH_api_v1_inbox_items_id,PATCH /api/v1/inbox-items/{id},Inbox.ManageOwn,OrganizerController.PATCH_api_v1_inbox_items_id,SCR-012 Входящие; SCR-013 Обработка входящего; SCR-014 Контекстное меню Входящих,FLOW-034 Inbox capture и conversion,,Security/authorization,Critical,OpenAPI `PATCH_api_v1_inbox_items_id`; Stage_3_Field_Traceability_Final_3.5.csv
AC-172,AC,MOD-004,Входящие,[Authentication/session error handling (Stage 3.5 error/UI rule)/Authentication/session error handling (Stage 3.5 error/UI rule)/Device-revocation error handling (Stage 3.5 error/UI rule)] Session/device interruption: операция прекращается без сохранения неподтверждённого состояния,PATCH_api_v1_inbox_items_id,PATCH /api/v1/inbox-items/{id},Inbox.ManageOwn,OrganizerController.PATCH_api_v1_inbox_items_id,SCR-012 Входящие; SCR-013 Обработка входящего; SCR-014 Контекстное меню Входящих,FLOW-034 Inbox capture и conversion,,Security/session,Critical,OpenAPI `PATCH_api_v1_inbox_items_id`; Stage_3_Field_Traceability_Final_3.5.csv
AC-173,AC,MOD-004,Входящие,[STATE-007] Validation: fieldErrors сохраняют draft и привязываются к canonical field path,PATCH_api_v1_inbox_items_id,PATCH /api/v1/inbox-items/{id},Inbox.ManageOwn,OrganizerController.PATCH_api_v1_inbox_items_id,SCR-012 Входящие; SCR-013 Обработка входящего; SCR-014 Контекстное меню Входящих,FLOW-034 Inbox capture и conversion,,Contract/UI,High,OpenAPI `PATCH_api_v1_inbox_items_id`; Stage_3_Field_Traceability_Final_3.5.csv
AC-174,AC,MOD-004,Входящие,[STATE-014/STATE-025] Conflict/precondition: устаревшая или отсутствующая If-Match не приводит к overwrite,PATCH_api_v1_inbox_items_id,PATCH /api/v1/inbox-items/{id},Inbox.ManageOwn,OrganizerController.PATCH_api_v1_inbox_items_id,SCR-012 Входящие; SCR-013 Обработка входящего; SCR-014 Контекстное меню Входящих,FLOW-034 Inbox capture и conversion,,Concurrency/integration,Critical,OpenAPI `PATCH_api_v1_inbox_items_id`; Stage_3_Field_Traceability_Final_3.5.csv
AC-175,AC,MOD-004,Входящие,[ServerUnavailable (Stage 3.5 State Matrix)/ServerUnavailable (cached read-only presentation) (Stage 3.5 State Matrix)/Reconnecting (Stage 3.5 State Matrix)] Server unavailable/read-only: команда Изменить входящий элемент не ставится в offline queue,PATCH_api_v1_inbox_items_id,PATCH /api/v1/inbox-items/{id},Inbox.ManageOwn,OrganizerController.PATCH_api_v1_inbox_items_id,SCR-012 Входящие; SCR-013 Обработка входящего; SCR-014 Контекстное меню Входящих,FLOW-034 Inbox capture и conversion,,Desktop/resilience,Critical,OpenAPI `PATCH_api_v1_inbox_items_id`; Stage_3_Field_Traceability_Final_3.5.csv
AC-176,AC,MOD-004,Входящие,[Trashed (Stage 3.5 State Matrix)] Удалённый объект: команда не применяется к trashed target и не создаёт новый объект,PATCH_api_v1_inbox_items_id,PATCH /api/v1/inbox-items/{id},Inbox.ManageOwn,OrganizerController.PATCH_api_v1_inbox_items_id,SCR-012 Входящие; SCR-013 Обработка входящего; SCR-014 Контекстное меню Входящих,FLOW-034 Inbox capture и conversion,,Lifecycle/integration,High,OpenAPI `PATCH_api_v1_inbox_items_id`; Stage_3_Field_Traceability_Final_3.5.csv
AC-177,AC,MOD-004,Входящие,Happy path: Преобразовать в элемент каталога,POST_api_v1_inbox_items_id_convert_to_catalog_item,POST /api/v1/inbox-items/{id}/convert-to-catalog-item,Inbox.ManageOwn,OrganizerController.POST_api_v1_inbox_items_id_convert_to_catalog_item,SCR-012 Входящие; SCR-013 Обработка входящего; SCR-014 Контекстное меню Входящих,FLOW-034 Inbox capture и conversion,,Contract/integration,Critical,OpenAPI `POST_api_v1_inbox_items_id_convert_to_catalog_item`; Stage_3_Field_Traceability_Final_3.5.csv
AC-178,AC,MOD-004,Входящие,[Forbidden (Stage 3.5 State Matrix)/ObjectUnavailable (Stage 3.5 State Matrix)] Permission denied: Преобразовать в элемент каталога не выполняется и данные не раскрываются,POST_api_v1_inbox_items_id_convert_to_catalog_item,POST /api/v1/inbox-items/{id}/convert-to-catalog-item,Inbox.ManageOwn,OrganizerController.POST_api_v1_inbox_items_id_convert_to_catalog_item,SCR-012 Входящие; SCR-013 Обработка входящего; SCR-014 Контекстное меню Входящих,FLOW-034 Inbox capture и conversion,,Security/authorization,Critical,OpenAPI `POST_api_v1_inbox_items_id_convert_to_catalog_item`; Stage_3_Field_Traceability_Final_3.5.csv
AC-179,AC,MOD-004,Входящие,[Authentication/session error handling (Stage 3.5 error/UI rule)/Authentication/session error handling (Stage 3.5 error/UI rule)/Device-revocation error handling (Stage 3.5 error/UI rule)] Session/device interruption: операция прекращается без сохранения неподтверждённого состояния,POST_api_v1_inbox_items_id_convert_to_catalog_item,POST /api/v1/inbox-items/{id}/convert-to-catalog-item,Inbox.ManageOwn,OrganizerController.POST_api_v1_inbox_items_id_convert_to_catalog_item,SCR-012 Входящие; SCR-013 Обработка входящего; SCR-014 Контекстное меню Входящих,FLOW-034 Inbox capture и conversion,,Security/session,Critical,OpenAPI `POST_api_v1_inbox_items_id_convert_to_catalog_item`; Stage_3_Field_Traceability_Final_3.5.csv
AC-180,AC,MOD-004,Входящие,[STATE-007] Validation: fieldErrors сохраняют draft и привязываются к canonical field path,POST_api_v1_inbox_items_id_convert_to_catalog_item,POST /api/v1/inbox-items/{id}/convert-to-catalog-item,Inbox.ManageOwn,OrganizerController.POST_api_v1_inbox_items_id_convert_to_catalog_item,SCR-012 Входящие; SCR-013 Обработка входящего; SCR-014 Контекстное меню Входящих,FLOW-034 Inbox capture и conversion,,Contract/UI,High,OpenAPI `POST_api_v1_inbox_items_id_convert_to_catalog_item`; Stage_3_Field_Traceability_Final_3.5.csv
AC-181,AC,MOD-004,Входящие,[STATE-014/STATE-025] Conflict/precondition: устаревшая или отсутствующая If-Match не приводит к overwrite,POST_api_v1_inbox_items_id_convert_to_catalog_item,POST /api/v1/inbox-items/{id}/convert-to-catalog-item,Inbox.ManageOwn,OrganizerController.POST_api_v1_inbox_items_id_convert_to_catalog_item,SCR-012 Входящие; SCR-013 Обработка входящего; SCR-014 Контекстное меню Входящих,FLOW-034 Inbox capture и conversion,,Concurrency/integration,Critical,OpenAPI `POST_api_v1_inbox_items_id_convert_to_catalog_item`; Stage_3_Field_Traceability_Final_3.5.csv
AC-182,AC,MOD-004,Входящие,[ServerUnavailable (Stage 3.5 State Matrix)/ServerUnavailable (cached read-only presentation) (Stage 3.5 State Matrix)/Reconnecting (Stage 3.5 State Matrix)] Server unavailable/read-only: команда Преобразовать в элемент каталога не ставится в offline queue,POST_api_v1_inbox_items_id_convert_to_catalog_item,POST /api/v1/inbox-items/{id}/convert-to-catalog-item,Inbox.ManageOwn,OrganizerController.POST_api_v1_inbox_items_id_convert_to_catalog_item,SCR-012 Входящие; SCR-013 Обработка входящего; SCR-014 Контекстное меню Входящих,FLOW-034 Inbox capture и conversion,,Desktop/resilience,Critical,OpenAPI `POST_api_v1_inbox_items_id_convert_to_catalog_item`; Stage_3_Field_Traceability_Final_3.5.csv
AC-183,AC,MOD-004,Входящие,[Stable-error-specific recovery (Stage 3.5 error/UI rule)] Idempotency: повтор с тем же key/hash не создаёт двойной side effect,POST_api_v1_inbox_items_id_convert_to_catalog_item,POST /api/v1/inbox-items/{id}/convert-to-catalog-item,Inbox.ManageOwn,OrganizerController.POST_api_v1_inbox_items_id_convert_to_catalog_item,SCR-012 Входящие; SCR-013 Обработка входящего; SCR-014 Контекстное меню Входящих,FLOW-034 Inbox capture и conversion,,Integration,Critical,OpenAPI `POST_api_v1_inbox_items_id_convert_to_catalog_item`; Stage_3_Field_Traceability_Final_3.5.csv
AC-184,AC,MOD-004,Входящие,[Trashed (Stage 3.5 State Matrix)] Удалённый объект: команда не применяется к trashed target и не создаёт новый объект,POST_api_v1_inbox_items_id_convert_to_catalog_item,POST /api/v1/inbox-items/{id}/convert-to-catalog-item,Inbox.ManageOwn,OrganizerController.POST_api_v1_inbox_items_id_convert_to_catalog_item,SCR-012 Входящие; SCR-013 Обработка входящего; SCR-014 Контекстное меню Входящих,FLOW-034 Inbox capture и conversion,,Lifecycle/integration,High,OpenAPI `POST_api_v1_inbox_items_id_convert_to_catalog_item`; Stage_3_Field_Traceability_Final_3.5.csv
AC-185,AC,MOD-004,Входящие,Happy path: Преобразовать во task,POST_api_v1_inbox_items_id_convert_to_task,POST /api/v1/inbox-items/{id}/convert-to-task,Inbox.ManageOwn,OrganizerController.POST_api_v1_inbox_items_id_convert_to_task,SCR-012 Входящие; SCR-013 Обработка входящего; SCR-014 Контекстное меню Входящих,FLOW-034 Inbox capture и conversion,,Contract/integration,Critical,OpenAPI `POST_api_v1_inbox_items_id_convert_to_task`; Stage_3_Field_Traceability_Final_3.5.csv
AC-186,AC,MOD-004,Входящие,[Forbidden (Stage 3.5 State Matrix)/ObjectUnavailable (Stage 3.5 State Matrix)] Permission denied: Преобразовать во task не выполняется и данные не раскрываются,POST_api_v1_inbox_items_id_convert_to_task,POST /api/v1/inbox-items/{id}/convert-to-task,Inbox.ManageOwn,OrganizerController.POST_api_v1_inbox_items_id_convert_to_task,SCR-012 Входящие; SCR-013 Обработка входящего; SCR-014 Контекстное меню Входящих,FLOW-034 Inbox capture и conversion,,Security/authorization,Critical,OpenAPI `POST_api_v1_inbox_items_id_convert_to_task`; Stage_3_Field_Traceability_Final_3.5.csv
AC-187,AC,MOD-004,Входящие,[Authentication/session error handling (Stage 3.5 error/UI rule)/Authentication/session error handling (Stage 3.5 error/UI rule)/Device-revocation error handling (Stage 3.5 error/UI rule)] Session/device interruption: операция прекращается без сохранения неподтверждённого состояния,POST_api_v1_inbox_items_id_convert_to_task,POST /api/v1/inbox-items/{id}/convert-to-task,Inbox.ManageOwn,OrganizerController.POST_api_v1_inbox_items_id_convert_to_task,SCR-012 Входящие; SCR-013 Обработка входящего; SCR-014 Контекстное меню Входящих,FLOW-034 Inbox capture и conversion,,Security/session,Critical,OpenAPI `POST_api_v1_inbox_items_id_convert_to_task`; Stage_3_Field_Traceability_Final_3.5.csv
AC-188,AC,MOD-004,Входящие,[STATE-007] Validation: fieldErrors сохраняют draft и привязываются к canonical field path,POST_api_v1_inbox_items_id_convert_to_task,POST /api/v1/inbox-items/{id}/convert-to-task,Inbox.ManageOwn,OrganizerController.POST_api_v1_inbox_items_id_convert_to_task,SCR-012 Входящие; SCR-013 Обработка входящего; SCR-014 Контекстное меню Входящих,FLOW-034 Inbox capture и conversion,,Contract/UI,High,OpenAPI `POST_api_v1_inbox_items_id_convert_to_task`; Stage_3_Field_Traceability_Final_3.5.csv
AC-189,AC,MOD-004,Входящие,[STATE-014/STATE-025] Conflict/precondition: устаревшая или отсутствующая If-Match не приводит к overwrite,POST_api_v1_inbox_items_id_convert_to_task,POST /api/v1/inbox-items/{id}/convert-to-task,Inbox.ManageOwn,OrganizerController.POST_api_v1_inbox_items_id_convert_to_task,SCR-012 Входящие; SCR-013 Обработка входящего; SCR-014 Контекстное меню Входящих,FLOW-034 Inbox capture и conversion,,Concurrency/integration,Critical,OpenAPI `POST_api_v1_inbox_items_id_convert_to_task`; Stage_3_Field_Traceability_Final_3.5.csv
AC-190,AC,MOD-004,Входящие,[ServerUnavailable (Stage 3.5 State Matrix)/ServerUnavailable (cached read-only presentation) (Stage 3.5 State Matrix)/Reconnecting (Stage 3.5 State Matrix)] Server unavailable/read-only: команда Преобразовать во task не ставится в offline queue,POST_api_v1_inbox_items_id_convert_to_task,POST /api/v1/inbox-items/{id}/convert-to-task,Inbox.ManageOwn,OrganizerController.POST_api_v1_inbox_items_id_convert_to_task,SCR-012 Входящие; SCR-013 Обработка входящего; SCR-014 Контекстное меню Входящих,FLOW-034 Inbox capture и conversion,,Desktop/resilience,Critical,OpenAPI `POST_api_v1_inbox_items_id_convert_to_task`; Stage_3_Field_Traceability_Final_3.5.csv
AC-191,AC,MOD-004,Входящие,[Stable-error-specific recovery (Stage 3.5 error/UI rule)] Idempotency: повтор с тем же key/hash не создаёт двойной side effect,POST_api_v1_inbox_items_id_convert_to_task,POST /api/v1/inbox-items/{id}/convert-to-task,Inbox.ManageOwn,OrganizerController.POST_api_v1_inbox_items_id_convert_to_task,SCR-012 Входящие; SCR-013 Обработка входящего; SCR-014 Контекстное меню Входящих,FLOW-034 Inbox capture и conversion,,Integration,Critical,OpenAPI `POST_api_v1_inbox_items_id_convert_to_task`; Stage_3_Field_Traceability_Final_3.5.csv
AC-192,AC,MOD-004,Входящие,[Trashed (Stage 3.5 State Matrix)] Удалённый объект: команда не применяется к trashed target и не создаёт новый объект,POST_api_v1_inbox_items_id_convert_to_task,POST /api/v1/inbox-items/{id}/convert-to-task,Inbox.ManageOwn,OrganizerController.POST_api_v1_inbox_items_id_convert_to_task,SCR-012 Входящие; SCR-013 Обработка входящего; SCR-014 Контекстное меню Входящих,FLOW-034 Inbox capture и conversion,,Lifecycle/integration,High,OpenAPI `POST_api_v1_inbox_items_id_convert_to_task`; Stage_3_Field_Traceability_Final_3.5.csv
AC-193,AC,MOD-004,Входящие,[Trashed (Stage 3.5 State Matrix)] Happy path: Восстановить входящий элемент,POST_api_v1_inbox_items_id_restore,POST /api/v1/inbox-items/{id}/restore,Inbox.ManageOwn,OrganizerController.POST_api_v1_inbox_items_id_restore,SCR-012 Входящие; SCR-013 Обработка входящего; SCR-014 Контекстное меню Входящих,FLOW-028 Восстановление из корзины,,Contract/integration,Critical,OpenAPI `POST_api_v1_inbox_items_id_restore`; Stage_3_Field_Traceability_Final_3.5.csv
AC-194,AC,MOD-004,Входящие,[Forbidden (Stage 3.5 State Matrix)/ObjectUnavailable (Stage 3.5 State Matrix)/Trashed (Stage 3.5 State Matrix)] Permission denied: Восстановить входящий элемент не выполняется и данные не раскрываются,POST_api_v1_inbox_items_id_restore,POST /api/v1/inbox-items/{id}/restore,Inbox.ManageOwn,OrganizerController.POST_api_v1_inbox_items_id_restore,SCR-012 Входящие; SCR-013 Обработка входящего; SCR-014 Контекстное меню Входящих,FLOW-028 Восстановление из корзины,,Security/authorization,Critical,OpenAPI `POST_api_v1_inbox_items_id_restore`; Stage_3_Field_Traceability_Final_3.5.csv
AC-195,AC,MOD-004,Входящие,[Trashed (Stage 3.5 State Matrix)/Authentication/session error handling (Stage 3.5 error/UI rule)/Authentication/session error handling (Stage 3.5 error/UI rule)/Device-revocation error handling (Stage 3.5 error/UI rule)] Session/device interruption: операция прекращается без сохранения неподтверждённого состояния,POST_api_v1_inbox_items_id_restore,POST /api/v1/inbox-items/{id}/restore,Inbox.ManageOwn,OrganizerController.POST_api_v1_inbox_items_id_restore,SCR-012 Входящие; SCR-013 Обработка входящего; SCR-014 Контекстное меню Входящих,FLOW-028 Восстановление из корзины,,Security/session,Critical,OpenAPI `POST_api_v1_inbox_items_id_restore`; Stage_3_Field_Traceability_Final_3.5.csv
AC-196,AC,MOD-004,Входящие,[STATE-007/Trashed (Stage 3.5 State Matrix)] Validation: fieldErrors сохраняют draft и привязываются к canonical field path,POST_api_v1_inbox_items_id_restore,POST /api/v1/inbox-items/{id}/restore,Inbox.ManageOwn,OrganizerController.POST_api_v1_inbox_items_id_restore,SCR-012 Входящие; SCR-013 Обработка входящего; SCR-014 Контекстное меню Входящих,FLOW-028 Восстановление из корзины,,Contract/UI,High,OpenAPI `POST_api_v1_inbox_items_id_restore`; Stage_3_Field_Traceability_Final_3.5.csv
AC-197,AC,MOD-004,Входящие,[STATE-014/Trashed (Stage 3.5 State Matrix)/STATE-025] Conflict/precondition: устаревшая или отсутствующая If-Match не приводит к overwrite,POST_api_v1_inbox_items_id_restore,POST /api/v1/inbox-items/{id}/restore,Inbox.ManageOwn,OrganizerController.POST_api_v1_inbox_items_id_restore,SCR-012 Входящие; SCR-013 Обработка входящего; SCR-014 Контекстное меню Входящих,FLOW-028 Восстановление из корзины,,Concurrency/integration,Critical,OpenAPI `POST_api_v1_inbox_items_id_restore`; Stage_3_Field_Traceability_Final_3.5.csv
AC-198,AC,MOD-004,Входящие,[ServerUnavailable (Stage 3.5 State Matrix)/ServerUnavailable (cached read-only presentation) (Stage 3.5 State Matrix)/Reconnecting (Stage 3.5 State Matrix)] Server unavailable/read-only: команда Восстановить входящий элемент не ставится в offline queue,POST_api_v1_inbox_items_id_restore,POST /api/v1/inbox-items/{id}/restore,Inbox.ManageOwn,OrganizerController.POST_api_v1_inbox_items_id_restore,SCR-012 Входящие; SCR-013 Обработка входящего; SCR-014 Контекстное меню Входящих,FLOW-028 Восстановление из корзины,,Desktop/resilience,Critical,OpenAPI `POST_api_v1_inbox_items_id_restore`; Stage_3_Field_Traceability_Final_3.5.csv
AC-199,AC,MOD-004,Входящие,[Trashed (Stage 3.5 State Matrix)/Stable-error-specific recovery (Stage 3.5 error/UI rule)] Idempotency: повтор с тем же key/hash не создаёт двойной side effect,POST_api_v1_inbox_items_id_restore,POST /api/v1/inbox-items/{id}/restore,Inbox.ManageOwn,OrganizerController.POST_api_v1_inbox_items_id_restore,SCR-012 Входящие; SCR-013 Обработка входящего; SCR-014 Контекстное меню Входящих,FLOW-028 Восстановление из корзины,,Integration,Critical,OpenAPI `POST_api_v1_inbox_items_id_restore`; Stage_3_Field_Traceability_Final_3.5.csv
AC-200,AC,MOD-004,Входящие,[Trashed (Stage 3.5 State Matrix)] Удалённый объект: команда не применяется к trashed target и не создаёт новый объект,POST_api_v1_inbox_items_id_restore,POST /api/v1/inbox-items/{id}/restore,Inbox.ManageOwn,OrganizerController.POST_api_v1_inbox_items_id_restore,SCR-012 Входящие; SCR-013 Обработка входящего; SCR-014 Контекстное меню Входящих,FLOW-028 Восстановление из корзины,,Lifecycle/integration,High,OpenAPI `POST_api_v1_inbox_items_id_restore`; Stage_3_Field_Traceability_Final_3.5.csv
AC-1408,AC,MOD-004,Входящие,Desktop behavior: При неуспешном преобразовании InboxItem локальный source не должен исчезать или помечаться converted.,"— (Desktop-only, без нового API)","— (Desktop-only, без нового API)",Capability-driven; server recheck для команд,"— (Desktop-only, без нового API)",SCR-012 Входящие; SCR-013 Обработка входящего; SCR-014 Контекстное меню Входящих,FLOW-034 Inbox capture и conversion,,Desktop/UI,High,Stage 3.5 UX Architecture
AC-1447,AC,MOD-004,Входящие,[STATE-007] Field contract: InboxItemCreate.title respects type/required/nullable/limits/PATCH semantics,— (операции модуля),—,—,—,SCR-012 Входящие; SCR-013 Обработка входящего; SCR-014 Контекстное меню Входящих,FLOW-034 Inbox capture и conversion,,Boundary/contract UI,High,openapi.yaml:InboxItemCreate.title
AC-1448,AC,MOD-004,Входящие,[STATE-007] Field contract: InboxItemPatch.title respects type/required/nullable/limits/PATCH semantics,— (операции модуля),—,—,—,SCR-012 Входящие; SCR-013 Обработка входящего; SCR-014 Контекстное меню Входящих,FLOW-034 Inbox capture и conversion,,Boundary/contract UI,High,openapi.yaml:InboxItemPatch.title
AC-1449,AC,MOD-004,Входящие,[STATE-007] Field contract: InboxItemCreate.status respects type/required/nullable/limits/PATCH semantics,— (операции модуля),—,—,—,SCR-012 Входящие; SCR-013 Обработка входящего; SCR-014 Контекстное меню Входящих,FLOW-034 Inbox capture и conversion,,Boundary/contract UI,High,openapi.yaml:InboxItemCreate.status
AC-1450,AC,MOD-004,Входящие,[STATE-007] Field contract: InboxItemPatch.status respects type/required/nullable/limits/PATCH semantics,— (операции модуля),—,—,—,SCR-012 Входящие; SCR-013 Обработка входящего; SCR-014 Контекстное меню Входящих,FLOW-034 Inbox capture и conversion,,Boundary/contract UI,High,openapi.yaml:InboxItemPatch.status
AC-1451,AC,MOD-004,Входящие,[STATE-007] Field contract: InboxConvertTask.projectId respects type/required/nullable/limits/PATCH semantics,— (операции модуля),—,—,—,SCR-012 Входящие; SCR-013 Обработка входящего; SCR-014 Контекстное меню Входящих,FLOW-034 Inbox capture и conversion,,Boundary/contract UI,High,openapi.yaml:InboxConvertTask.projectId
AC-1452,AC,MOD-004,Входящие,[STATE-007] Field contract: InboxConvertTask.scheduledDate respects type/required/nullable/limits/PATCH semantics,— (операции модуля),—,—,—,SCR-012 Входящие; SCR-013 Обработка входящего; SCR-014 Контекстное меню Входящих,FLOW-034 Inbox capture и conversion,,Boundary/contract UI,High,openapi.yaml:InboxConvertTask.scheduledDate
AC-1453,AC,MOD-004,Входящие,[STATE-007] Field contract: InboxConvertCatalog.expectedInboxVersion respects type/required/nullable/limits/PATCH semantics,— (операции модуля),—,—,—,SCR-012 Входящие; SCR-013 Обработка входящего; SCR-014 Контекстное меню Входящих,FLOW-034 Inbox capture и conversion,,Boundary/contract UI,High,openapi.yaml:InboxConvertCatalog.expectedInboxVersion
AC-1454,AC,MOD-004,Входящие,[STATE-007] Field contract: InboxConvertCatalog.itemType respects type/required/nullable/limits/PATCH semantics,— (операции модуля),—,—,—,SCR-012 Входящие; SCR-013 Обработка входящего; SCR-014 Контекстное меню Входящих,FLOW-034 Inbox capture и conversion,,Boundary/contract UI,High,openapi.yaml:InboxConvertCatalog.itemType
AC-1455,AC,MOD-004,Входящие,[STATE-007] Field contract: InboxConvertTask.expectedInboxVersion respects type/required/nullable/limits/PATCH semantics,— (операции модуля),—,—,—,SCR-012 Входящие; SCR-013 Обработка входящего; SCR-014 Контекстное меню Входящих,FLOW-034 Inbox capture и conversion,,Boundary/contract UI,High,openapi.yaml:InboxConvertTask.expectedInboxVersion
AC-1456,AC,MOD-004,Входящие,[STATE-007] Field contract: InboxItemCreate.itemType respects type/required/nullable/limits/PATCH semantics,— (операции модуля),—,—,—,SCR-012 Входящие; SCR-013 Обработка входящего; SCR-014 Контекстное меню Входящих,FLOW-034 Inbox capture и conversion,,Boundary/contract UI,High,openapi.yaml:InboxItemCreate.itemType
AC-1457,AC,MOD-004,Входящие,[STATE-007/Trashed (Stage 3.5 State Matrix)] Field contract: RestoreRequest.expectedVersion respects type/required/nullable/limits/PATCH semantics,— (операции модуля),—,—,—,SCR-012 Входящие; SCR-013 Обработка входящего; SCR-014 Контекстное меню Входящих,FLOW-034 Inbox capture и conversion,,Boundary/contract UI,High,openapi.yaml:RestoreRequest.expectedVersion
AC-1458,AC,MOD-004,Входящие,[STATE-007] Field contract: InboxConvertCatalog.parentCatalogItemId respects type/required/nullable/limits/PATCH semantics,— (операции модуля),—,—,—,SCR-012 Входящие; SCR-013 Обработка входящего; SCR-014 Контекстное меню Входящих,FLOW-034 Inbox capture и conversion,,Boundary/contract UI,High,openapi.yaml:InboxConvertCatalog.parentCatalogItemId
AC-1459,AC,MOD-004,Входящие,[STATE-007] Field contract: InboxItemCreate.content respects type/required/nullable/limits/PATCH semantics,— (операции модуля),—,—,—,SCR-012 Входящие; SCR-013 Обработка входящего; SCR-014 Контекстное меню Входящих,FLOW-034 Inbox capture и conversion,,Boundary/contract UI,High,openapi.yaml:InboxItemCreate.content
AC-1460,AC,MOD-004,Входящие,[STATE-007] Field contract: InboxItemCreate.rawPath respects type/required/nullable/limits/PATCH semantics,— (операции модуля),—,—,—,SCR-012 Входящие; SCR-013 Обработка входящего; SCR-014 Контекстное меню Входящих,FLOW-034 Inbox capture и conversion,,Boundary/contract UI,High,openapi.yaml:InboxItemCreate.rawPath
AC-1461,AC,MOD-004,Входящие,[STATE-007] Field contract: InboxItemCreate.rawUrl respects type/required/nullable/limits/PATCH semantics,— (операции модуля),—,—,—,SCR-012 Входящие; SCR-013 Обработка входящего; SCR-014 Контекстное меню Входящих,FLOW-034 Inbox capture и conversion,,Boundary/contract UI,High,openapi.yaml:InboxItemCreate.rawUrl
AC-1462,AC,MOD-004,Входящие,[STATE-007] Field contract: InboxItemPatch.content respects type/required/nullable/limits/PATCH semantics,— (операции модуля),—,—,—,SCR-012 Входящие; SCR-013 Обработка входящего; SCR-014 Контекстное меню Входящих,FLOW-034 Inbox capture и conversion,,Boundary/contract UI,High,openapi.yaml:InboxItemPatch.content
AC-1463,AC,MOD-004,Входящие,[STATE-007] Field contract: InboxItemPatch.itemType respects type/required/nullable/limits/PATCH semantics,— (операции модуля),—,—,—,SCR-012 Входящие; SCR-013 Обработка входящего; SCR-014 Контекстное меню Входящих,FLOW-034 Inbox capture и conversion,,Boundary/contract UI,High,openapi.yaml:InboxItemPatch.itemType
AC-1464,AC,MOD-004,Входящие,[STATE-007] Field contract: InboxItemPatch.rawPath respects type/required/nullable/limits/PATCH semantics,— (операции модуля),—,—,—,SCR-012 Входящие; SCR-013 Обработка входящего; SCR-014 Контекстное меню Входящих,FLOW-034 Inbox capture и conversion,,Boundary/contract UI,High,openapi.yaml:InboxItemPatch.rawPath
AC-1465,AC,MOD-004,Входящие,[STATE-007] Field contract: InboxItemPatch.rawUrl respects type/required/nullable/limits/PATCH semantics,— (операции модуля),—,—,—,SCR-012 Входящие; SCR-013 Обработка входящего; SCR-014 Контекстное меню Входящих,FLOW-034 Inbox capture и conversion,,Boundary/contract UI,High,openapi.yaml:InboxItemPatch.rawUrl
AC-1466,AC,MOD-004,Входящие,[STATE-007/Trashed (Stage 3.5 State Matrix)] Field contract: RestoreRequest.reason respects type/required/nullable/limits/PATCH semantics,— (операции модуля),—,—,—,SCR-012 Входящие; SCR-013 Обработка входящего; SCR-014 Контекстное меню Входящих,FLOW-034 Inbox capture и conversion,,Boundary/contract UI,High,openapi.yaml:RestoreRequest.reason
AC-1831,AC,MOD-004,Входящие,Permission denial for FR-018,— (операции модуля),—,—,—,SCR-012 Входящие; SCR-013 Обработка входящего; SCR-014 Контекстное меню Входящих,FLOW-034 Inbox capture и conversion,,Security/authorization,Critical,OpenAPI `GET_api_v1_inbox_items`; Stage_3_Field_Traceability_Final_3.5.csv; cross-cutting requirement PERM-004
AC-1852,AC,MOD-004,Входящие,Stable error handling for FR-018,— (операции модуля),—,—,—,SCR-012 Входящие; SCR-013 Обработка входящего; SCR-014 Контекстное меню Входящих,FLOW-034 Inbox capture и conversion,,Error handling,High,OpenAPI `GET_api_v1_inbox_items`; Stage_3_Field_Traceability_Final_3.5.csv; cross-cutting requirement ERR-004
AC-1873,AC,MOD-004,Входящие,Read outage behavior for FR-018,GET_api_v1_sync_changes; POST_api_v1_sync_bootstrap; POST_api_v1_sync_ack,GET /api/v1/sync/changes; POST /api/v1/sync/bootstrap; POST /api/v1/sync/ack,—,OrganizerController.GET_api_v1_sync_changes; OrganizerController.POST_api_v1_sync_bootstrap; OrganizerController.POST_api_v1_sync_ack,SCR-012 Входящие; SCR-013 Обработка входящего; SCR-014 Контекстное меню Входящих,FLOW-034 Inbox capture и conversion,,Desktop/resilience,High,OpenAPI `GET_api_v1_inbox_items`; Stage_3_Field_Traceability_Final_3.5.csv; cross-cutting requirement SYNC-004
AC-1894,AC,MOD-004,Входящие,Audit evidence for FR-018,— (domain command + audit/history endpoints),—,—,— (domain handlers + audit pipeline),SCR-012 Входящие; SCR-013 Обработка входящего; SCR-014 Контекстное меню Входящих,FLOW-034 Inbox capture и conversion,,Audit/security,Critical,OpenAPI `GET_api_v1_inbox_items`; Stage_3_Field_Traceability_Final_3.5.csv; cross-cutting requirement AUDIT-004
AC-1942,AC,MOD-004,Входящие,Permission denial for FR-019,— (операции модуля),—,—,—,SCR-012 Входящие; SCR-013 Обработка входящего; SCR-014 Контекстное меню Входящих,FLOW-034 Inbox capture и conversion,,Security/authorization,Critical,OpenAPI `POST_api_v1_inbox_items`; Stage_3_Field_Traceability_Final_3.5.csv; cross-cutting requirement PERM-004
AC-1943,AC,MOD-004,Входящие,Permission denial for FR-020,— (операции модуля),—,—,—,SCR-012 Входящие; SCR-013 Обработка входящего; SCR-014 Контекстное меню Входящих,FLOW-034 Inbox capture и conversion,,Security/authorization,Critical,OpenAPI `DELETE_api_v1_inbox_items_id`; Stage_3_Field_Traceability_Final_3.5.csv; cross-cutting requirement PERM-004
AC-1944,AC,MOD-004,Входящие,Permission denial for FR-021,— (операции модуля),—,—,—,SCR-012 Входящие; SCR-013 Обработка входящего; SCR-014 Контекстное меню Входящих,FLOW-034 Inbox capture и conversion,,Security/authorization,Critical,OpenAPI `GET_api_v1_inbox_items_id`; Stage_3_Field_Traceability_Final_3.5.csv; cross-cutting requirement PERM-004
AC-1945,AC,MOD-004,Входящие,Permission denial for FR-022,— (операции модуля),—,—,—,SCR-012 Входящие; SCR-013 Обработка входящего; SCR-014 Контекстное меню Входящих,FLOW-034 Inbox capture и conversion,,Security/authorization,Critical,OpenAPI `PATCH_api_v1_inbox_items_id`; Stage_3_Field_Traceability_Final_3.5.csv; cross-cutting requirement PERM-004
AC-1946,AC,MOD-004,Входящие,Permission denial for FR-023,— (операции модуля),—,—,—,SCR-012 Входящие; SCR-013 Обработка входящего; SCR-014 Контекстное меню Входящих,FLOW-034 Inbox capture и conversion,,Security/authorization,Critical,OpenAPI `POST_api_v1_inbox_items_id_convert_to_catalog_item`; Stage_3_Field_Traceability_Final_3.5.csv; cross-cutting requirement PERM-004
AC-1947,AC,MOD-004,Входящие,Permission denial for FR-024,— (операции модуля),—,—,—,SCR-012 Входящие; SCR-013 Обработка входящего; SCR-014 Контекстное меню Входящих,FLOW-034 Inbox capture и conversion,,Security/authorization,Critical,OpenAPI `POST_api_v1_inbox_items_id_convert_to_task`; Stage_3_Field_Traceability_Final_3.5.csv; cross-cutting requirement PERM-004
AC-1948,AC,MOD-004,Входящие,Permission denial for FR-025,— (операции модуля),—,—,—,SCR-012 Входящие; SCR-013 Обработка входящего; SCR-014 Контекстное меню Входящих,FLOW-034 Inbox capture и conversion,,Security/authorization,Critical,OpenAPI `POST_api_v1_inbox_items_id_restore`; Stage_3_Field_Traceability_Final_3.5.csv; cross-cutting requirement PERM-004
AC-1949,AC,MOD-004,Входящие,Permission denial for FR-247,— (операции модуля),—,—,—,SCR-012 Входящие; SCR-013 Обработка входящего; SCR-014 Контекстное меню Входящих,FLOW-034 Inbox capture и conversion,,Security/authorization,Critical,Stage 3.5 UX Architecture/Decision Log; cross-cutting requirement PERM-004
AC-2200,AC,MOD-004,Входящие,Stable error handling for FR-019,— (операции модуля),—,—,—,SCR-012 Входящие; SCR-013 Обработка входящего; SCR-014 Контекстное меню Входящих,FLOW-034 Inbox capture и conversion,,Error handling,High,OpenAPI `POST_api_v1_inbox_items`; Stage_3_Field_Traceability_Final_3.5.csv; cross-cutting requirement ERR-004
AC-2201,AC,MOD-004,Входящие,Stable error handling for FR-020,— (операции модуля),—,—,—,SCR-012 Входящие; SCR-013 Обработка входящего; SCR-014 Контекстное меню Входящих,FLOW-034 Inbox capture и conversion,,Error handling,High,OpenAPI `DELETE_api_v1_inbox_items_id`; Stage_3_Field_Traceability_Final_3.5.csv; cross-cutting requirement ERR-004
AC-2202,AC,MOD-004,Входящие,Stable error handling for FR-021,— (операции модуля),—,—,—,SCR-012 Входящие; SCR-013 Обработка входящего; SCR-014 Контекстное меню Входящих,FLOW-034 Inbox capture и conversion,,Error handling,High,OpenAPI `GET_api_v1_inbox_items_id`; Stage_3_Field_Traceability_Final_3.5.csv; cross-cutting requirement ERR-004
AC-2203,AC,MOD-004,Входящие,Stable error handling for FR-022,— (операции модуля),—,—,—,SCR-012 Входящие; SCR-013 Обработка входящего; SCR-014 Контекстное меню Входящих,FLOW-034 Inbox capture и conversion,,Error handling,High,OpenAPI `PATCH_api_v1_inbox_items_id`; Stage_3_Field_Traceability_Final_3.5.csv; cross-cutting requirement ERR-004
AC-2204,AC,MOD-004,Входящие,Stable error handling for FR-023,— (операции модуля),—,—,—,SCR-012 Входящие; SCR-013 Обработка входящего; SCR-014 Контекстное меню Входящих,FLOW-034 Inbox capture и conversion,,Error handling,High,OpenAPI `POST_api_v1_inbox_items_id_convert_to_catalog_item`; Stage_3_Field_Traceability_Final_3.5.csv; cross-cutting requirement ERR-004
AC-2205,AC,MOD-004,Входящие,Stable error handling for FR-024,— (операции модуля),—,—,—,SCR-012 Входящие; SCR-013 Обработка входящего; SCR-014 Контекстное меню Входящих,FLOW-034 Inbox capture и conversion,,Error handling,High,OpenAPI `POST_api_v1_inbox_items_id_convert_to_task`; Stage_3_Field_Traceability_Final_3.5.csv; cross-cutting requirement ERR-004
AC-2206,AC,MOD-004,Входящие,Stable error handling for FR-025,— (операции модуля),—,—,—,SCR-012 Входящие; SCR-013 Обработка входящего; SCR-014 Контекстное меню Входящих,FLOW-034 Inbox capture и conversion,,Error handling,High,OpenAPI `POST_api_v1_inbox_items_id_restore`; Stage_3_Field_Traceability_Final_3.5.csv; cross-cutting requirement ERR-004
AC-2207,AC,MOD-004,Входящие,Stable error handling for FR-247,— (операции модуля),—,—,—,SCR-012 Входящие; SCR-013 Обработка входящего; SCR-014 Контекстное меню Входящих,FLOW-034 Inbox capture и conversion,,Error handling,High,Stage 3.5 UX Architecture/Decision Log; cross-cutting requirement ERR-004
AC-2458,AC,MOD-004,Входящие,Command outage behavior for FR-019,GET_api_v1_sync_changes; POST_api_v1_sync_bootstrap; POST_api_v1_sync_ack,GET /api/v1/sync/changes; POST /api/v1/sync/bootstrap; POST /api/v1/sync/ack,—,OrganizerController.GET_api_v1_sync_changes; OrganizerController.POST_api_v1_sync_bootstrap; OrganizerController.POST_api_v1_sync_ack,SCR-012 Входящие; SCR-013 Обработка входящего; SCR-014 Контекстное меню Входящих,FLOW-034 Inbox capture и conversion,,Desktop/resilience,High,OpenAPI `POST_api_v1_inbox_items`; Stage_3_Field_Traceability_Final_3.5.csv; cross-cutting requirement SYNC-004
AC-2459,AC,MOD-004,Входящие,Command outage behavior for FR-020,GET_api_v1_sync_changes; POST_api_v1_sync_bootstrap; POST_api_v1_sync_ack,GET /api/v1/sync/changes; POST /api/v1/sync/bootstrap; POST /api/v1/sync/ack,—,OrganizerController.GET_api_v1_sync_changes; OrganizerController.POST_api_v1_sync_bootstrap; OrganizerController.POST_api_v1_sync_ack,SCR-012 Входящие; SCR-013 Обработка входящего; SCR-014 Контекстное меню Входящих,FLOW-034 Inbox capture и conversion,,Desktop/resilience,High,OpenAPI `DELETE_api_v1_inbox_items_id`; Stage_3_Field_Traceability_Final_3.5.csv; cross-cutting requirement SYNC-004
AC-2460,AC,MOD-004,Входящие,Read outage behavior for FR-021,GET_api_v1_sync_changes; POST_api_v1_sync_bootstrap; POST_api_v1_sync_ack,GET /api/v1/sync/changes; POST /api/v1/sync/bootstrap; POST /api/v1/sync/ack,—,OrganizerController.GET_api_v1_sync_changes; OrganizerController.POST_api_v1_sync_bootstrap; OrganizerController.POST_api_v1_sync_ack,SCR-012 Входящие; SCR-013 Обработка входящего; SCR-014 Контекстное меню Входящих,FLOW-034 Inbox capture и conversion,,Desktop/resilience,High,OpenAPI `GET_api_v1_inbox_items_id`; Stage_3_Field_Traceability_Final_3.5.csv; cross-cutting requirement SYNC-004
AC-2461,AC,MOD-004,Входящие,Command outage behavior for FR-022,GET_api_v1_sync_changes; POST_api_v1_sync_bootstrap; POST_api_v1_sync_ack,GET /api/v1/sync/changes; POST /api/v1/sync/bootstrap; POST /api/v1/sync/ack,—,OrganizerController.GET_api_v1_sync_changes; OrganizerController.POST_api_v1_sync_bootstrap; OrganizerController.POST_api_v1_sync_ack,SCR-012 Входящие; SCR-013 Обработка входящего; SCR-014 Контекстное меню Входящих,FLOW-034 Inbox capture и conversion,,Desktop/resilience,High,OpenAPI `PATCH_api_v1_inbox_items_id`; Stage_3_Field_Traceability_Final_3.5.csv; cross-cutting requirement SYNC-004
AC-2462,AC,MOD-004,Входящие,Command outage behavior for FR-023,GET_api_v1_sync_changes; POST_api_v1_sync_bootstrap; POST_api_v1_sync_ack,GET /api/v1/sync/changes; POST /api/v1/sync/bootstrap; POST /api/v1/sync/ack,—,OrganizerController.GET_api_v1_sync_changes; OrganizerController.POST_api_v1_sync_bootstrap; OrganizerController.POST_api_v1_sync_ack,SCR-012 Входящие; SCR-013 Обработка входящего; SCR-014 Контекстное меню Входящих,FLOW-034 Inbox capture и conversion,,Desktop/resilience,High,OpenAPI `POST_api_v1_inbox_items_id_convert_to_catalog_item`; Stage_3_Field_Traceability_Final_3.5.csv; cross-cutting requirement SYNC-004
AC-2463,AC,MOD-004,Входящие,Command outage behavior for FR-024,GET_api_v1_sync_changes; POST_api_v1_sync_bootstrap; POST_api_v1_sync_ack,GET /api/v1/sync/changes; POST /api/v1/sync/bootstrap; POST /api/v1/sync/ack,—,OrganizerController.GET_api_v1_sync_changes; OrganizerController.POST_api_v1_sync_bootstrap; OrganizerController.POST_api_v1_sync_ack,SCR-012 Входящие; SCR-013 Обработка входящего; SCR-014 Контекстное меню Входящих,FLOW-034 Inbox capture и conversion,,Desktop/resilience,High,OpenAPI `POST_api_v1_inbox_items_id_convert_to_task`; Stage_3_Field_Traceability_Final_3.5.csv; cross-cutting requirement SYNC-004
AC-2464,AC,MOD-004,Входящие,Command outage behavior for FR-025,GET_api_v1_sync_changes; POST_api_v1_sync_bootstrap; POST_api_v1_sync_ack,GET /api/v1/sync/changes; POST /api/v1/sync/bootstrap; POST /api/v1/sync/ack,—,OrganizerController.GET_api_v1_sync_changes; OrganizerController.POST_api_v1_sync_bootstrap; OrganizerController.POST_api_v1_sync_ack,SCR-012 Входящие; SCR-013 Обработка входящего; SCR-014 Контекстное меню Входящих,FLOW-034 Inbox capture и conversion,,Desktop/resilience,High,OpenAPI `POST_api_v1_inbox_items_id_restore`; Stage_3_Field_Traceability_Final_3.5.csv; cross-cutting requirement SYNC-004
AC-2465,AC,MOD-004,Входящие,Read outage behavior for FR-247,GET_api_v1_sync_changes; POST_api_v1_sync_bootstrap; POST_api_v1_sync_ack,GET /api/v1/sync/changes; POST /api/v1/sync/bootstrap; POST /api/v1/sync/ack,—,OrganizerController.GET_api_v1_sync_changes; OrganizerController.POST_api_v1_sync_bootstrap; OrganizerController.POST_api_v1_sync_ack,SCR-012 Входящие; SCR-013 Обработка входящего; SCR-014 Контекстное меню Входящих,FLOW-034 Inbox capture и conversion,,Desktop/resilience,High,Stage 3.5 UX Architecture/Decision Log; cross-cutting requirement SYNC-004
AC-2716,AC,MOD-004,Входящие,Audit evidence for FR-019,— (domain command + audit/history endpoints),—,—,— (domain handlers + audit pipeline),SCR-012 Входящие; SCR-013 Обработка входящего; SCR-014 Контекстное меню Входящих,FLOW-034 Inbox capture и conversion,,Audit/security,Critical,OpenAPI `POST_api_v1_inbox_items`; Stage_3_Field_Traceability_Final_3.5.csv; cross-cutting requirement AUDIT-004
AC-2717,AC,MOD-004,Входящие,Audit evidence for FR-020,— (domain command + audit/history endpoints),—,—,— (domain handlers + audit pipeline),SCR-012 Входящие; SCR-013 Обработка входящего; SCR-014 Контекстное меню Входящих,FLOW-034 Inbox capture и conversion,,Audit/security,Critical,OpenAPI `DELETE_api_v1_inbox_items_id`; Stage_3_Field_Traceability_Final_3.5.csv; cross-cutting requirement AUDIT-004
AC-2718,AC,MOD-004,Входящие,Audit evidence for FR-021,— (domain command + audit/history endpoints),—,—,— (domain handlers + audit pipeline),SCR-012 Входящие; SCR-013 Обработка входящего; SCR-014 Контекстное меню Входящих,FLOW-034 Inbox capture и conversion,,Audit/security,Critical,OpenAPI `GET_api_v1_inbox_items_id`; Stage_3_Field_Traceability_Final_3.5.csv; cross-cutting requirement AUDIT-004
AC-2719,AC,MOD-004,Входящие,Audit evidence for FR-022,— (domain command + audit/history endpoints),—,—,— (domain handlers + audit pipeline),SCR-012 Входящие; SCR-013 Обработка входящего; SCR-014 Контекстное меню Входящих,FLOW-034 Inbox capture и conversion,,Audit/security,Critical,OpenAPI `PATCH_api_v1_inbox_items_id`; Stage_3_Field_Traceability_Final_3.5.csv; cross-cutting requirement AUDIT-004
AC-2720,AC,MOD-004,Входящие,Audit evidence for FR-023,— (domain command + audit/history endpoints),—,—,— (domain handlers + audit pipeline),SCR-012 Входящие; SCR-013 Обработка входящего; SCR-014 Контекстное меню Входящих,FLOW-034 Inbox capture и conversion,,Audit/security,Critical,OpenAPI `POST_api_v1_inbox_items_id_convert_to_catalog_item`; Stage_3_Field_Traceability_Final_3.5.csv; cross-cutting requirement AUDIT-004
AC-2721,AC,MOD-004,Входящие,Audit evidence for FR-024,— (domain command + audit/history endpoints),—,—,— (domain handlers + audit pipeline),SCR-012 Входящие; SCR-013 Обработка входящего; SCR-014 Контекстное меню Входящих,FLOW-034 Inbox capture и conversion,,Audit/security,Critical,OpenAPI `POST_api_v1_inbox_items_id_convert_to_task`; Stage_3_Field_Traceability_Final_3.5.csv; cross-cutting requirement AUDIT-004
AC-2722,AC,MOD-004,Входящие,Audit evidence for FR-025,— (domain command + audit/history endpoints),—,—,— (domain handlers + audit pipeline),SCR-012 Входящие; SCR-013 Обработка входящего; SCR-014 Контекстное меню Входящих,FLOW-034 Inbox capture и conversion,,Audit/security,Critical,OpenAPI `POST_api_v1_inbox_items_id_restore`; Stage_3_Field_Traceability_Final_3.5.csv; cross-cutting requirement AUDIT-004
AC-2723,AC,MOD-004,Входящие,Audit evidence for FR-247,— (domain command + audit/history endpoints),—,—,— (domain handlers + audit pipeline),SCR-012 Входящие; SCR-013 Обработка входящего; SCR-014 Контекстное меню Входящих,FLOW-034 Inbox capture и conversion,,Audit/security,Critical,Stage 3.5 UX Architecture/Decision Log; cross-cutting requirement AUDIT-004
AC-031,AC,MOD-005,Задачи,"Проверить бизнес-правило: Статусы: new, in_progress, review, completed, cancelled; overdue вычисляется.",—,—,—,—,"SCR-020 Задачи: список/дерево; SCR-021 Фильтры задач; SCR-022 Быстрое создание задачи; SCR-023 Полный редактор задачи; SCR-024 ETag/If-Match, task aggregate, directory; SCR-025 Инспектор задачи; SCR-029 Исполнители и наблюдатели; SCR-030 Зависимости задач; SCR-031 Массовые действия задач; SCR-032 Разрешение конфликта Task; SCR-034 Контекстное меню задачи",FLOW-004 Создание задачи; FLOW-005 Быстрое создание задачи; FLOW-006 Назначение исполнителя; FLOW-007 Завершение задачи; FLOW-008 Изменение статуса; FLOW-025 Optimistic conflict; FLOW-033 Массовая смена статуса,,Integration/domain,High,"§11, §27.1.5–16, §29, §33; Stage 3.5"
AC-032,AC,MOD-005,Задачи,Проверить бизнес-правило: Business completion не архивирует задачу автоматически.,—,—,—,—,"SCR-020 Задачи: список/дерево; SCR-021 Фильтры задач; SCR-022 Быстрое создание задачи; SCR-023 Полный редактор задачи; SCR-024 ETag/If-Match, task aggregate, directory; SCR-025 Инспектор задачи; SCR-029 Исполнители и наблюдатели; SCR-030 Зависимости задач; SCR-031 Массовые действия задач; SCR-032 Разрешение конфликта Task; SCR-034 Контекстное меню задачи",FLOW-004 Создание задачи; FLOW-005 Быстрое создание задачи; FLOW-006 Назначение исполнителя; FLOW-007 Завершение задачи; FLOW-008 Изменение статуса; FLOW-025 Optimistic conflict; FLOW-033 Массовая смена статуса,,Integration/domain,High,"§11, §27.1.5–16, §29, §33; Stage 3.5"
AC-033,AC,MOD-005,Задачи,Проверить бизнес-правило: Полный editor сохраняется явно; узкие команды отправляются отдельно.,—,—,—,—,"SCR-020 Задачи: список/дерево; SCR-021 Фильтры задач; SCR-022 Быстрое создание задачи; SCR-023 Полный редактор задачи; SCR-024 ETag/If-Match, task aggregate, directory; SCR-025 Инспектор задачи; SCR-029 Исполнители и наблюдатели; SCR-030 Зависимости задач; SCR-031 Массовые действия задач; SCR-032 Разрешение конфликта Task; SCR-034 Контекстное меню задачи",FLOW-004 Создание задачи; FLOW-005 Быстрое создание задачи; FLOW-006 Назначение исполнителя; FLOW-007 Завершение задачи; FLOW-008 Изменение статуса; FLOW-025 Optimistic conflict; FLOW-033 Массовая смена статуса,,Integration/domain,High,"§11, §27.1.5–16, §29, §33; Stage 3.5"
AC-034,AC,MOD-005,Задачи,Проверить бизнес-правило: Переходы определяет сервер; клиент не формирует их из названия роли.,—,—,—,—,"SCR-020 Задачи: список/дерево; SCR-021 Фильтры задач; SCR-022 Быстрое создание задачи; SCR-023 Полный редактор задачи; SCR-024 ETag/If-Match, task aggregate, directory; SCR-025 Инспектор задачи; SCR-029 Исполнители и наблюдатели; SCR-030 Зависимости задач; SCR-031 Массовые действия задач; SCR-032 Разрешение конфликта Task; SCR-034 Контекстное меню задачи",FLOW-004 Создание задачи; FLOW-005 Быстрое создание задачи; FLOW-006 Назначение исполнителя; FLOW-007 Завершение задачи; FLOW-008 Изменение статуса; FLOW-025 Optimistic conflict; FLOW-033 Массовая смена статуса,,Integration/domain,High,"§11, §27.1.5–16, §29, §33; Stage 3.5"
AC-035,AC,MOD-005,Задачи,Проверить бизнес-правило: Review → completed и review → in_progress выполняются только разрешёнными transition.,—,—,—,—,"SCR-020 Задачи: список/дерево; SCR-021 Фильтры задач; SCR-022 Быстрое создание задачи; SCR-023 Полный редактор задачи; SCR-024 ETag/If-Match, task aggregate, directory; SCR-025 Инспектор задачи; SCR-029 Исполнители и наблюдатели; SCR-030 Зависимости задач; SCR-031 Массовые действия задач; SCR-032 Разрешение конфликта Task; SCR-034 Контекстное меню задачи",FLOW-004 Создание задачи; FLOW-005 Быстрое создание задачи; FLOW-006 Назначение исполнителя; FLOW-007 Завершение задачи; FLOW-008 Изменение статуса; FLOW-025 Optimistic conflict; FLOW-033 Массовая смена статуса,,Integration/domain,High,"§11, §27.1.5–16, §29, §33; Stage 3.5"
AC-201,AC,MOD-005,Задачи,Happy path: Список задачу,GET_api_v1_tasks,GET /api/v1/tasks,Task.Read,OrganizerController.GET_api_v1_tasks,"SCR-020 Задачи: список/дерево; SCR-021 Фильтры задач; SCR-022 Быстрое создание задачи; SCR-023 Полный редактор задачи; SCR-024 ETag/If-Match, task aggregate, directory; SCR-025 Инспектор задачи; SCR-029 Исполнители и наблюдатели; SCR-030 Зависимости задач; SCR-031 Массовые действия задач; SCR-032 Разрешение конфликта Task; SCR-034 Контекстное меню задачи",FLOW-004 Создание задачи; FLOW-005 Быстрое создание задачи; FLOW-006 Назначение исполнителя; FLOW-007 Завершение задачи; FLOW-008 Изменение статуса; FLOW-025 Optimistic conflict; FLOW-033 Массовая смена статуса,,Contract/integration,High,OpenAPI `GET_api_v1_tasks`; Stage_3_Field_Traceability_Final_3.5.csv
AC-202,AC,MOD-005,Задачи,[Forbidden (Stage 3.5 State Matrix)/ObjectUnavailable (Stage 3.5 State Matrix)] Permission denied: Список задачу не выполняется и данные не раскрываются,GET_api_v1_tasks,GET /api/v1/tasks,Task.Read,OrganizerController.GET_api_v1_tasks,"SCR-020 Задачи: список/дерево; SCR-021 Фильтры задач; SCR-022 Быстрое создание задачи; SCR-023 Полный редактор задачи; SCR-024 ETag/If-Match, task aggregate, directory; SCR-025 Инспектор задачи; SCR-029 Исполнители и наблюдатели; SCR-030 Зависимости задач; SCR-031 Массовые действия задач; SCR-032 Разрешение конфликта Task; SCR-034 Контекстное меню задачи",FLOW-004 Создание задачи; FLOW-005 Быстрое создание задачи; FLOW-006 Назначение исполнителя; FLOW-007 Завершение задачи; FLOW-008 Изменение статуса; FLOW-025 Optimistic conflict; FLOW-033 Массовая смена статуса,,Security/authorization,Critical,OpenAPI `GET_api_v1_tasks`; Stage_3_Field_Traceability_Final_3.5.csv
AC-203,AC,MOD-005,Задачи,[Authentication/session error handling (Stage 3.5 error/UI rule)/Authentication/session error handling (Stage 3.5 error/UI rule)/Device-revocation error handling (Stage 3.5 error/UI rule)] Session/device interruption: операция прекращается без сохранения неподтверждённого состояния,GET_api_v1_tasks,GET /api/v1/tasks,Task.Read,OrganizerController.GET_api_v1_tasks,"SCR-020 Задачи: список/дерево; SCR-021 Фильтры задач; SCR-022 Быстрое создание задачи; SCR-023 Полный редактор задачи; SCR-024 ETag/If-Match, task aggregate, directory; SCR-025 Инспектор задачи; SCR-029 Исполнители и наблюдатели; SCR-030 Зависимости задач; SCR-031 Массовые действия задач; SCR-032 Разрешение конфликта Task; SCR-034 Контекстное меню задачи",FLOW-004 Создание задачи; FLOW-005 Быстрое создание задачи; FLOW-006 Назначение исполнителя; FLOW-007 Завершение задачи; FLOW-008 Изменение статуса; FLOW-025 Optimistic conflict; FLOW-033 Массовая смена статуса,,Security/session,Critical,OpenAPI `GET_api_v1_tasks`; Stage_3_Field_Traceability_Final_3.5.csv
AC-204,AC,MOD-005,Задачи,Happy path: Создать задачу,POST_api_v1_tasks,POST /api/v1/tasks,Task.Create,OrganizerController.POST_api_v1_tasks,SCR-022 Быстрое создание задачи; SCR-023 Полный редактор задачи,FLOW-004 Создание задачи; FLOW-005 Быстрое создание задачи,,Contract/integration,Critical,OpenAPI `POST_api_v1_tasks`; Stage_3_Field_Traceability_Final_3.5.csv
AC-205,AC,MOD-005,Задачи,[Forbidden (Stage 3.5 State Matrix)/ObjectUnavailable (Stage 3.5 State Matrix)] Permission denied: Создать задачу не выполняется и данные не раскрываются,POST_api_v1_tasks,POST /api/v1/tasks,Task.Create,OrganizerController.POST_api_v1_tasks,SCR-022 Быстрое создание задачи; SCR-023 Полный редактор задачи,FLOW-004 Создание задачи; FLOW-005 Быстрое создание задачи,,Security/authorization,Critical,OpenAPI `POST_api_v1_tasks`; Stage_3_Field_Traceability_Final_3.5.csv
AC-206,AC,MOD-005,Задачи,[Authentication/session error handling (Stage 3.5 error/UI rule)/Authentication/session error handling (Stage 3.5 error/UI rule)/Device-revocation error handling (Stage 3.5 error/UI rule)] Session/device interruption: операция прекращается без сохранения неподтверждённого состояния,POST_api_v1_tasks,POST /api/v1/tasks,Task.Create,OrganizerController.POST_api_v1_tasks,SCR-022 Быстрое создание задачи; SCR-023 Полный редактор задачи,FLOW-004 Создание задачи; FLOW-005 Быстрое создание задачи,,Security/session,Critical,OpenAPI `POST_api_v1_tasks`; Stage_3_Field_Traceability_Final_3.5.csv
AC-207,AC,MOD-005,Задачи,[STATE-007] Validation: fieldErrors сохраняют draft и привязываются к canonical field path,POST_api_v1_tasks,POST /api/v1/tasks,Task.Create,OrganizerController.POST_api_v1_tasks,SCR-022 Быстрое создание задачи; SCR-023 Полный редактор задачи,FLOW-004 Создание задачи; FLOW-005 Быстрое создание задачи,,Contract/UI,High,OpenAPI `POST_api_v1_tasks`; Stage_3_Field_Traceability_Final_3.5.csv
AC-208,AC,MOD-005,Задачи,[STATE-014/STATE-025] Conflict/precondition: устаревшая или отсутствующая контрактная версия/precondition не приводит к overwrite,POST_api_v1_tasks,POST /api/v1/tasks,Task.Create,OrganizerController.POST_api_v1_tasks,SCR-022 Быстрое создание задачи; SCR-023 Полный редактор задачи,FLOW-004 Создание задачи; FLOW-005 Быстрое создание задачи,,Concurrency/integration,Critical,OpenAPI `POST_api_v1_tasks`; Stage_3_Field_Traceability_Final_3.5.csv
AC-209,AC,MOD-005,Задачи,[ServerUnavailable (Stage 3.5 State Matrix)/ServerUnavailable (cached read-only presentation) (Stage 3.5 State Matrix)/Reconnecting (Stage 3.5 State Matrix)] Server unavailable/read-only: команда Создать задачу не ставится в offline queue,POST_api_v1_tasks,POST /api/v1/tasks,Task.Create,OrganizerController.POST_api_v1_tasks,SCR-022 Быстрое создание задачи; SCR-023 Полный редактор задачи,FLOW-004 Создание задачи; FLOW-005 Быстрое создание задачи,,Desktop/resilience,Critical,OpenAPI `POST_api_v1_tasks`; Stage_3_Field_Traceability_Final_3.5.csv
AC-210,AC,MOD-005,Задачи,[Stable-error-specific recovery (Stage 3.5 error/UI rule)] Idempotency: повтор с тем же key/hash не создаёт двойной side effect,POST_api_v1_tasks,POST /api/v1/tasks,Task.Create,OrganizerController.POST_api_v1_tasks,SCR-022 Быстрое создание задачи; SCR-023 Полный редактор задачи,FLOW-004 Создание задачи; FLOW-005 Быстрое создание задачи,,Integration,Critical,OpenAPI `POST_api_v1_tasks`; Stage_3_Field_Traceability_Final_3.5.csv
AC-211,AC,MOD-005,Задачи,Happy path: Пакетная смена статуса,POST_api_v1_tasks_bulk_transition,POST /api/v1/tasks/bulk-transition,Task.ChangeStatus,OrganizerController.POST_api_v1_tasks_bulk_transition,"SCR-020 Задачи: список/дерево; SCR-021 Фильтры задач; SCR-022 Быстрое создание задачи; SCR-023 Полный редактор задачи; SCR-024 ETag/If-Match, task aggregate, directory; SCR-025 Инспектор задачи; SCR-029 Исполнители и наблюдатели; SCR-030 Зависимости задач; SCR-031 Массовые действия задач; SCR-032 Разрешение конфликта Task; SCR-034 Контекстное меню задачи",FLOW-033 Массовая смена статуса,,Contract/integration,Critical,OpenAPI `POST_api_v1_tasks_bulk_transition`; Stage_3_Field_Traceability_Final_3.5.csv
AC-212,AC,MOD-005,Задачи,[Forbidden (Stage 3.5 State Matrix)/ObjectUnavailable (Stage 3.5 State Matrix)] Permission denied: Пакетная смена статуса не выполняется и данные не раскрываются,POST_api_v1_tasks_bulk_transition,POST /api/v1/tasks/bulk-transition,Task.ChangeStatus,OrganizerController.POST_api_v1_tasks_bulk_transition,"SCR-020 Задачи: список/дерево; SCR-021 Фильтры задач; SCR-022 Быстрое создание задачи; SCR-023 Полный редактор задачи; SCR-024 ETag/If-Match, task aggregate, directory; SCR-025 Инспектор задачи; SCR-029 Исполнители и наблюдатели; SCR-030 Зависимости задач; SCR-031 Массовые действия задач; SCR-032 Разрешение конфликта Task; SCR-034 Контекстное меню задачи",FLOW-033 Массовая смена статуса,,Security/authorization,Critical,OpenAPI `POST_api_v1_tasks_bulk_transition`; Stage_3_Field_Traceability_Final_3.5.csv
AC-213,AC,MOD-005,Задачи,[Authentication/session error handling (Stage 3.5 error/UI rule)/Authentication/session error handling (Stage 3.5 error/UI rule)/Device-revocation error handling (Stage 3.5 error/UI rule)] Session/device interruption: операция прекращается без сохранения неподтверждённого состояния,POST_api_v1_tasks_bulk_transition,POST /api/v1/tasks/bulk-transition,Task.ChangeStatus,OrganizerController.POST_api_v1_tasks_bulk_transition,"SCR-020 Задачи: список/дерево; SCR-021 Фильтры задач; SCR-022 Быстрое создание задачи; SCR-023 Полный редактор задачи; SCR-024 ETag/If-Match, task aggregate, directory; SCR-025 Инспектор задачи; SCR-029 Исполнители и наблюдатели; SCR-030 Зависимости задач; SCR-031 Массовые действия задач; SCR-032 Разрешение конфликта Task; SCR-034 Контекстное меню задачи",FLOW-033 Массовая смена статуса,,Security/session,Critical,OpenAPI `POST_api_v1_tasks_bulk_transition`; Stage_3_Field_Traceability_Final_3.5.csv
AC-214,AC,MOD-005,Задачи,[STATE-007] Validation: fieldErrors сохраняют draft и привязываются к canonical field path,POST_api_v1_tasks_bulk_transition,POST /api/v1/tasks/bulk-transition,Task.ChangeStatus,OrganizerController.POST_api_v1_tasks_bulk_transition,"SCR-020 Задачи: список/дерево; SCR-021 Фильтры задач; SCR-022 Быстрое создание задачи; SCR-023 Полный редактор задачи; SCR-024 ETag/If-Match, task aggregate, directory; SCR-025 Инспектор задачи; SCR-029 Исполнители и наблюдатели; SCR-030 Зависимости задач; SCR-031 Массовые действия задач; SCR-032 Разрешение конфликта Task; SCR-034 Контекстное меню задачи",FLOW-033 Массовая смена статуса,,Contract/UI,High,OpenAPI `POST_api_v1_tasks_bulk_transition`; Stage_3_Field_Traceability_Final_3.5.csv
AC-215,AC,MOD-005,Задачи,[STATE-014/STATE-025] Conflict/precondition: устаревшая или отсутствующая контрактная версия/precondition не приводит к overwrite,POST_api_v1_tasks_bulk_transition,POST /api/v1/tasks/bulk-transition,Task.ChangeStatus,OrganizerController.POST_api_v1_tasks_bulk_transition,"SCR-020 Задачи: список/дерево; SCR-021 Фильтры задач; SCR-022 Быстрое создание задачи; SCR-023 Полный редактор задачи; SCR-024 ETag/If-Match, task aggregate, directory; SCR-025 Инспектор задачи; SCR-029 Исполнители и наблюдатели; SCR-030 Зависимости задач; SCR-031 Массовые действия задач; SCR-032 Разрешение конфликта Task; SCR-034 Контекстное меню задачи",FLOW-033 Массовая смена статуса,,Concurrency/integration,Critical,OpenAPI `POST_api_v1_tasks_bulk_transition`; Stage_3_Field_Traceability_Final_3.5.csv
AC-216,AC,MOD-005,Задачи,[ServerUnavailable (Stage 3.5 State Matrix)/ServerUnavailable (cached read-only presentation) (Stage 3.5 State Matrix)/Reconnecting (Stage 3.5 State Matrix)] Server unavailable/read-only: команда Пакетная смена статуса не ставится в offline queue,POST_api_v1_tasks_bulk_transition,POST /api/v1/tasks/bulk-transition,Task.ChangeStatus,OrganizerController.POST_api_v1_tasks_bulk_transition,"SCR-020 Задачи: список/дерево; SCR-021 Фильтры задач; SCR-022 Быстрое создание задачи; SCR-023 Полный редактор задачи; SCR-024 ETag/If-Match, task aggregate, directory; SCR-025 Инспектор задачи; SCR-029 Исполнители и наблюдатели; SCR-030 Зависимости задач; SCR-031 Массовые действия задач; SCR-032 Разрешение конфликта Task; SCR-034 Контекстное меню задачи",FLOW-033 Массовая смена статуса,,Desktop/resilience,Critical,OpenAPI `POST_api_v1_tasks_bulk_transition`; Stage_3_Field_Traceability_Final_3.5.csv
AC-217,AC,MOD-005,Задачи,[Stable-error-specific recovery (Stage 3.5 error/UI rule)] Idempotency: повтор с тем же key/hash не создаёт двойной side effect,POST_api_v1_tasks_bulk_transition,POST /api/v1/tasks/bulk-transition,Task.ChangeStatus,OrganizerController.POST_api_v1_tasks_bulk_transition,"SCR-020 Задачи: список/дерево; SCR-021 Фильтры задач; SCR-022 Быстрое создание задачи; SCR-023 Полный редактор задачи; SCR-024 ETag/If-Match, task aggregate, directory; SCR-025 Инспектор задачи; SCR-029 Исполнители и наблюдатели; SCR-030 Зависимости задач; SCR-031 Массовые действия задач; SCR-032 Разрешение конфликта Task; SCR-034 Контекстное меню задачи",FLOW-033 Массовая смена статуса,,Integration,Critical,OpenAPI `POST_api_v1_tasks_bulk_transition`; Stage_3_Field_Traceability_Final_3.5.csv
AC-218,AC,MOD-005,Задачи,[Trashed (Stage 3.5 State Matrix)] Удалённый объект: команда не применяется к trashed target и не создаёт новый объект,POST_api_v1_tasks_bulk_transition,POST /api/v1/tasks/bulk-transition,Task.ChangeStatus,OrganizerController.POST_api_v1_tasks_bulk_transition,"SCR-020 Задачи: список/дерево; SCR-021 Фильтры задач; SCR-022 Быстрое создание задачи; SCR-023 Полный редактор задачи; SCR-024 ETag/If-Match, task aggregate, directory; SCR-025 Инспектор задачи; SCR-029 Исполнители и наблюдатели; SCR-030 Зависимости задач; SCR-031 Массовые действия задач; SCR-032 Разрешение конфликта Task; SCR-034 Контекстное меню задачи",FLOW-033 Массовая смена статуса,,Lifecycle/integration,High,OpenAPI `POST_api_v1_tasks_bulk_transition`; Stage_3_Field_Traceability_Final_3.5.csv
AC-219,AC,MOD-005,Задачи,Happy path: Переместить задачу в корзину,DELETE_api_v1_tasks_id,DELETE /api/v1/tasks/{id},Task.Delete,OrganizerController.DELETE_api_v1_tasks_id,"SCR-020 Задачи: список/дерево; SCR-021 Фильтры задач; SCR-022 Быстрое создание задачи; SCR-023 Полный редактор задачи; SCR-024 ETag/If-Match, task aggregate, directory; SCR-025 Инспектор задачи; SCR-029 Исполнители и наблюдатели; SCR-030 Зависимости задач; SCR-031 Массовые действия задач; SCR-032 Разрешение конфликта Task; SCR-034 Контекстное меню задачи",FLOW-027 Перемещение в корзину,,Contract/integration,Critical,OpenAPI `DELETE_api_v1_tasks_id`; Stage_3_Field_Traceability_Final_3.5.csv
AC-220,AC,MOD-005,Задачи,[Forbidden (Stage 3.5 State Matrix)/ObjectUnavailable (Stage 3.5 State Matrix)] Permission denied: Переместить задачу в корзину не выполняется и данные не раскрываются,DELETE_api_v1_tasks_id,DELETE /api/v1/tasks/{id},Task.Delete,OrganizerController.DELETE_api_v1_tasks_id,"SCR-020 Задачи: список/дерево; SCR-021 Фильтры задач; SCR-022 Быстрое создание задачи; SCR-023 Полный редактор задачи; SCR-024 ETag/If-Match, task aggregate, directory; SCR-025 Инспектор задачи; SCR-029 Исполнители и наблюдатели; SCR-030 Зависимости задач; SCR-031 Массовые действия задач; SCR-032 Разрешение конфликта Task; SCR-034 Контекстное меню задачи",FLOW-027 Перемещение в корзину,,Security/authorization,Critical,OpenAPI `DELETE_api_v1_tasks_id`; Stage_3_Field_Traceability_Final_3.5.csv
AC-221,AC,MOD-005,Задачи,[Authentication/session error handling (Stage 3.5 error/UI rule)/Authentication/session error handling (Stage 3.5 error/UI rule)/Device-revocation error handling (Stage 3.5 error/UI rule)] Session/device interruption: операция прекращается без сохранения неподтверждённого состояния,DELETE_api_v1_tasks_id,DELETE /api/v1/tasks/{id},Task.Delete,OrganizerController.DELETE_api_v1_tasks_id,"SCR-020 Задачи: список/дерево; SCR-021 Фильтры задач; SCR-022 Быстрое создание задачи; SCR-023 Полный редактор задачи; SCR-024 ETag/If-Match, task aggregate, directory; SCR-025 Инспектор задачи; SCR-029 Исполнители и наблюдатели; SCR-030 Зависимости задач; SCR-031 Массовые действия задач; SCR-032 Разрешение конфликта Task; SCR-034 Контекстное меню задачи",FLOW-027 Перемещение в корзину,,Security/session,Critical,OpenAPI `DELETE_api_v1_tasks_id`; Stage_3_Field_Traceability_Final_3.5.csv
AC-222,AC,MOD-005,Задачи,[STATE-014/STATE-025] Conflict/precondition: устаревшая или отсутствующая If-Match не приводит к overwrite,DELETE_api_v1_tasks_id,DELETE /api/v1/tasks/{id},Task.Delete,OrganizerController.DELETE_api_v1_tasks_id,"SCR-020 Задачи: список/дерево; SCR-021 Фильтры задач; SCR-022 Быстрое создание задачи; SCR-023 Полный редактор задачи; SCR-024 ETag/If-Match, task aggregate, directory; SCR-025 Инспектор задачи; SCR-029 Исполнители и наблюдатели; SCR-030 Зависимости задач; SCR-031 Массовые действия задач; SCR-032 Разрешение конфликта Task; SCR-034 Контекстное меню задачи",FLOW-027 Перемещение в корзину,,Concurrency/integration,Critical,OpenAPI `DELETE_api_v1_tasks_id`; Stage_3_Field_Traceability_Final_3.5.csv
AC-223,AC,MOD-005,Задачи,[ServerUnavailable (Stage 3.5 State Matrix)/ServerUnavailable (cached read-only presentation) (Stage 3.5 State Matrix)/Reconnecting (Stage 3.5 State Matrix)] Server unavailable/read-only: команда Переместить задачу в корзину не ставится в offline queue,DELETE_api_v1_tasks_id,DELETE /api/v1/tasks/{id},Task.Delete,OrganizerController.DELETE_api_v1_tasks_id,"SCR-020 Задачи: список/дерево; SCR-021 Фильтры задач; SCR-022 Быстрое создание задачи; SCR-023 Полный редактор задачи; SCR-024 ETag/If-Match, task aggregate, directory; SCR-025 Инспектор задачи; SCR-029 Исполнители и наблюдатели; SCR-030 Зависимости задач; SCR-031 Массовые действия задач; SCR-032 Разрешение конфликта Task; SCR-034 Контекстное меню задачи",FLOW-027 Перемещение в корзину,,Desktop/resilience,Critical,OpenAPI `DELETE_api_v1_tasks_id`; Stage_3_Field_Traceability_Final_3.5.csv
AC-224,AC,MOD-005,Задачи,[Trashed (Stage 3.5 State Matrix)] Удалённый объект: команда не применяется к trashed target и не создаёт новый объект,DELETE_api_v1_tasks_id,DELETE /api/v1/tasks/{id},Task.Delete,OrganizerController.DELETE_api_v1_tasks_id,"SCR-020 Задачи: список/дерево; SCR-021 Фильтры задач; SCR-022 Быстрое создание задачи; SCR-023 Полный редактор задачи; SCR-024 ETag/If-Match, task aggregate, directory; SCR-025 Инспектор задачи; SCR-029 Исполнители и наблюдатели; SCR-030 Зависимости задач; SCR-031 Массовые действия задач; SCR-032 Разрешение конфликта Task; SCR-034 Контекстное меню задачи",FLOW-027 Перемещение в корзину,,Lifecycle/integration,High,OpenAPI `DELETE_api_v1_tasks_id`; Stage_3_Field_Traceability_Final_3.5.csv
AC-225,AC,MOD-005,Задачи,Happy path: Получить задачу,GET_api_v1_tasks_id,GET /api/v1/tasks/{id},Task.Read,OrganizerController.GET_api_v1_tasks_id,"SCR-023 Полный редактор задачи; SCR-024 ETag/If-Match, task aggregate, directory",FLOW-004 Создание задачи; FLOW-005 Быстрое создание задачи; FLOW-006 Назначение исполнителя; FLOW-007 Завершение задачи; FLOW-008 Изменение статуса; FLOW-025 Optimistic conflict; FLOW-033 Массовая смена статуса,,Contract/integration,High,OpenAPI `GET_api_v1_tasks_id`; Stage_3_Field_Traceability_Final_3.5.csv
AC-226,AC,MOD-005,Задачи,[Forbidden (Stage 3.5 State Matrix)/ObjectUnavailable (Stage 3.5 State Matrix)] Permission denied: Получить задачу не выполняется и данные не раскрываются,GET_api_v1_tasks_id,GET /api/v1/tasks/{id},Task.Read,OrganizerController.GET_api_v1_tasks_id,"SCR-023 Полный редактор задачи; SCR-024 ETag/If-Match, task aggregate, directory",FLOW-004 Создание задачи; FLOW-005 Быстрое создание задачи; FLOW-006 Назначение исполнителя; FLOW-007 Завершение задачи; FLOW-008 Изменение статуса; FLOW-025 Optimistic conflict; FLOW-033 Массовая смена статуса,,Security/authorization,Critical,OpenAPI `GET_api_v1_tasks_id`; Stage_3_Field_Traceability_Final_3.5.csv
AC-227,AC,MOD-005,Задачи,[Authentication/session error handling (Stage 3.5 error/UI rule)/Authentication/session error handling (Stage 3.5 error/UI rule)/Device-revocation error handling (Stage 3.5 error/UI rule)] Session/device interruption: операция прекращается без сохранения неподтверждённого состояния,GET_api_v1_tasks_id,GET /api/v1/tasks/{id},Task.Read,OrganizerController.GET_api_v1_tasks_id,"SCR-023 Полный редактор задачи; SCR-024 ETag/If-Match, task aggregate, directory",FLOW-004 Создание задачи; FLOW-005 Быстрое создание задачи; FLOW-006 Назначение исполнителя; FLOW-007 Завершение задачи; FLOW-008 Изменение статуса; FLOW-025 Optimistic conflict; FLOW-033 Массовая смена статуса,,Security/session,Critical,OpenAPI `GET_api_v1_tasks_id`; Stage_3_Field_Traceability_Final_3.5.csv
AC-228,AC,MOD-005,Задачи,Happy path: Изменить задачу,PATCH_api_v1_tasks_id,PATCH /api/v1/tasks/{id},Task.Update,OrganizerController.PATCH_api_v1_tasks_id,SCR-023 Полный редактор задачи; SCR-047 Conflict после drag/resize,FLOW-004 Создание задачи; FLOW-005 Быстрое создание задачи; FLOW-006 Назначение исполнителя; FLOW-007 Завершение задачи; FLOW-008 Изменение статуса; FLOW-025 Optimistic conflict; FLOW-033 Массовая смена статуса,,Contract/integration,Critical,OpenAPI `PATCH_api_v1_tasks_id`; Stage_3_Field_Traceability_Final_3.5.csv
AC-229,AC,MOD-005,Задачи,[Forbidden (Stage 3.5 State Matrix)/ObjectUnavailable (Stage 3.5 State Matrix)] Permission denied: Изменить задачу не выполняется и данные не раскрываются,PATCH_api_v1_tasks_id,PATCH /api/v1/tasks/{id},Task.Update,OrganizerController.PATCH_api_v1_tasks_id,SCR-023 Полный редактор задачи; SCR-047 Conflict после drag/resize,FLOW-004 Создание задачи; FLOW-005 Быстрое создание задачи; FLOW-006 Назначение исполнителя; FLOW-007 Завершение задачи; FLOW-008 Изменение статуса; FLOW-025 Optimistic conflict; FLOW-033 Массовая смена статуса,,Security/authorization,Critical,OpenAPI `PATCH_api_v1_tasks_id`; Stage_3_Field_Traceability_Final_3.5.csv
AC-230,AC,MOD-005,Задачи,[Authentication/session error handling (Stage 3.5 error/UI rule)/Authentication/session error handling (Stage 3.5 error/UI rule)/Device-revocation error handling (Stage 3.5 error/UI rule)] Session/device interruption: операция прекращается без сохранения неподтверждённого состояния,PATCH_api_v1_tasks_id,PATCH /api/v1/tasks/{id},Task.Update,OrganizerController.PATCH_api_v1_tasks_id,SCR-023 Полный редактор задачи; SCR-047 Conflict после drag/resize,FLOW-004 Создание задачи; FLOW-005 Быстрое создание задачи; FLOW-006 Назначение исполнителя; FLOW-007 Завершение задачи; FLOW-008 Изменение статуса; FLOW-025 Optimistic conflict; FLOW-033 Массовая смена статуса,,Security/session,Critical,OpenAPI `PATCH_api_v1_tasks_id`; Stage_3_Field_Traceability_Final_3.5.csv
AC-231,AC,MOD-005,Задачи,[STATE-007] Validation: fieldErrors сохраняют draft и привязываются к canonical field path,PATCH_api_v1_tasks_id,PATCH /api/v1/tasks/{id},Task.Update,OrganizerController.PATCH_api_v1_tasks_id,SCR-023 Полный редактор задачи; SCR-047 Conflict после drag/resize,FLOW-004 Создание задачи; FLOW-005 Быстрое создание задачи; FLOW-006 Назначение исполнителя; FLOW-007 Завершение задачи; FLOW-008 Изменение статуса; FLOW-025 Optimistic conflict; FLOW-033 Массовая смена статуса,,Contract/UI,High,OpenAPI `PATCH_api_v1_tasks_id`; Stage_3_Field_Traceability_Final_3.5.csv
AC-232,AC,MOD-005,Задачи,[STATE-014/STATE-025] Conflict/precondition: устаревшая или отсутствующая If-Match не приводит к overwrite,PATCH_api_v1_tasks_id,PATCH /api/v1/tasks/{id},Task.Update,OrganizerController.PATCH_api_v1_tasks_id,SCR-023 Полный редактор задачи; SCR-047 Conflict после drag/resize,FLOW-004 Создание задачи; FLOW-005 Быстрое создание задачи; FLOW-006 Назначение исполнителя; FLOW-007 Завершение задачи; FLOW-008 Изменение статуса; FLOW-025 Optimistic conflict; FLOW-033 Массовая смена статуса,,Concurrency/integration,Critical,OpenAPI `PATCH_api_v1_tasks_id`; Stage_3_Field_Traceability_Final_3.5.csv
AC-233,AC,MOD-005,Задачи,[ServerUnavailable (Stage 3.5 State Matrix)/ServerUnavailable (cached read-only presentation) (Stage 3.5 State Matrix)/Reconnecting (Stage 3.5 State Matrix)] Server unavailable/read-only: команда Изменить задачу не ставится в offline queue,PATCH_api_v1_tasks_id,PATCH /api/v1/tasks/{id},Task.Update,OrganizerController.PATCH_api_v1_tasks_id,SCR-023 Полный редактор задачи; SCR-047 Conflict после drag/resize,FLOW-004 Создание задачи; FLOW-005 Быстрое создание задачи; FLOW-006 Назначение исполнителя; FLOW-007 Завершение задачи; FLOW-008 Изменение статуса; FLOW-025 Optimistic conflict; FLOW-033 Массовая смена статуса,,Desktop/resilience,Critical,OpenAPI `PATCH_api_v1_tasks_id`; Stage_3_Field_Traceability_Final_3.5.csv
AC-234,AC,MOD-005,Задачи,[Trashed (Stage 3.5 State Matrix)] Удалённый объект: команда не применяется к trashed target и не создаёт новый объект,PATCH_api_v1_tasks_id,PATCH /api/v1/tasks/{id},Task.Update,OrganizerController.PATCH_api_v1_tasks_id,SCR-023 Полный редактор задачи; SCR-047 Conflict после drag/resize,FLOW-004 Создание задачи; FLOW-005 Быстрое создание задачи; FLOW-006 Назначение исполнителя; FLOW-007 Завершение задачи; FLOW-008 Изменение статуса; FLOW-025 Optimistic conflict; FLOW-033 Массовая смена статуса,,Lifecycle/integration,High,OpenAPI `PATCH_api_v1_tasks_id`; Stage_3_Field_Traceability_Final_3.5.csv
AC-235,AC,MOD-005,Задачи,[Archived (Stage 3.5 State Matrix)] Happy path: Архивировать задачу,POST_api_v1_tasks_id_archive,POST /api/v1/tasks/{id}/archive,Task.Archive,OrganizerController.POST_api_v1_tasks_id_archive,"SCR-020 Задачи: список/дерево; SCR-021 Фильтры задач; SCR-022 Быстрое создание задачи; SCR-023 Полный редактор задачи; SCR-024 ETag/If-Match, task aggregate, directory; SCR-025 Инспектор задачи; SCR-029 Исполнители и наблюдатели; SCR-030 Зависимости задач; SCR-031 Массовые действия задач; SCR-032 Разрешение конфликта Task; SCR-034 Контекстное меню задачи",FLOW-026 Архивирование,,Contract/integration,Critical,OpenAPI `POST_api_v1_tasks_id_archive`; Stage_3_Field_Traceability_Final_3.5.csv
AC-236,AC,MOD-005,Задачи,[Forbidden (Stage 3.5 State Matrix)/ObjectUnavailable (Stage 3.5 State Matrix)/Archived (Stage 3.5 State Matrix)] Permission denied: Архивировать задачу не выполняется и данные не раскрываются,POST_api_v1_tasks_id_archive,POST /api/v1/tasks/{id}/archive,Task.Archive,OrganizerController.POST_api_v1_tasks_id_archive,"SCR-020 Задачи: список/дерево; SCR-021 Фильтры задач; SCR-022 Быстрое создание задачи; SCR-023 Полный редактор задачи; SCR-024 ETag/If-Match, task aggregate, directory; SCR-025 Инспектор задачи; SCR-029 Исполнители и наблюдатели; SCR-030 Зависимости задач; SCR-031 Массовые действия задач; SCR-032 Разрешение конфликта Task; SCR-034 Контекстное меню задачи",FLOW-026 Архивирование,,Security/authorization,Critical,OpenAPI `POST_api_v1_tasks_id_archive`; Stage_3_Field_Traceability_Final_3.5.csv
AC-237,AC,MOD-005,Задачи,[Archived (Stage 3.5 State Matrix)/Authentication/session error handling (Stage 3.5 error/UI rule)/Authentication/session error handling (Stage 3.5 error/UI rule)/Device-revocation error handling (Stage 3.5 error/UI rule)] Session/device interruption: операция прекращается без сохранения неподтверждённого состояния,POST_api_v1_tasks_id_archive,POST /api/v1/tasks/{id}/archive,Task.Archive,OrganizerController.POST_api_v1_tasks_id_archive,"SCR-020 Задачи: список/дерево; SCR-021 Фильтры задач; SCR-022 Быстрое создание задачи; SCR-023 Полный редактор задачи; SCR-024 ETag/If-Match, task aggregate, directory; SCR-025 Инспектор задачи; SCR-029 Исполнители и наблюдатели; SCR-030 Зависимости задач; SCR-031 Массовые действия задач; SCR-032 Разрешение конфликта Task; SCR-034 Контекстное меню задачи",FLOW-026 Архивирование,,Security/session,Critical,OpenAPI `POST_api_v1_tasks_id_archive`; Stage_3_Field_Traceability_Final_3.5.csv
AC-238,AC,MOD-005,Задачи,[STATE-007/Archived (Stage 3.5 State Matrix)] Validation: fieldErrors сохраняют draft и привязываются к canonical field path,POST_api_v1_tasks_id_archive,POST /api/v1/tasks/{id}/archive,Task.Archive,OrganizerController.POST_api_v1_tasks_id_archive,"SCR-020 Задачи: список/дерево; SCR-021 Фильтры задач; SCR-022 Быстрое создание задачи; SCR-023 Полный редактор задачи; SCR-024 ETag/If-Match, task aggregate, directory; SCR-025 Инспектор задачи; SCR-029 Исполнители и наблюдатели; SCR-030 Зависимости задач; SCR-031 Массовые действия задач; SCR-032 Разрешение конфликта Task; SCR-034 Контекстное меню задачи",FLOW-026 Архивирование,,Contract/UI,High,OpenAPI `POST_api_v1_tasks_id_archive`; Stage_3_Field_Traceability_Final_3.5.csv
AC-239,AC,MOD-005,Задачи,[STATE-014/Archived (Stage 3.5 State Matrix)/STATE-025] Conflict/precondition: устаревшая или отсутствующая If-Match не приводит к overwrite,POST_api_v1_tasks_id_archive,POST /api/v1/tasks/{id}/archive,Task.Archive,OrganizerController.POST_api_v1_tasks_id_archive,"SCR-020 Задачи: список/дерево; SCR-021 Фильтры задач; SCR-022 Быстрое создание задачи; SCR-023 Полный редактор задачи; SCR-024 ETag/If-Match, task aggregate, directory; SCR-025 Инспектор задачи; SCR-029 Исполнители и наблюдатели; SCR-030 Зависимости задач; SCR-031 Массовые действия задач; SCR-032 Разрешение конфликта Task; SCR-034 Контекстное меню задачи",FLOW-026 Архивирование,,Concurrency/integration,Critical,OpenAPI `POST_api_v1_tasks_id_archive`; Stage_3_Field_Traceability_Final_3.5.csv
AC-240,AC,MOD-005,Задачи,[ServerUnavailable (Stage 3.5 State Matrix)/ServerUnavailable (cached read-only presentation) (Stage 3.5 State Matrix)/Reconnecting (Stage 3.5 State Matrix)] Server unavailable/read-only: команда Архивировать задачу не ставится в offline queue,POST_api_v1_tasks_id_archive,POST /api/v1/tasks/{id}/archive,Task.Archive,OrganizerController.POST_api_v1_tasks_id_archive,"SCR-020 Задачи: список/дерево; SCR-021 Фильтры задач; SCR-022 Быстрое создание задачи; SCR-023 Полный редактор задачи; SCR-024 ETag/If-Match, task aggregate, directory; SCR-025 Инспектор задачи; SCR-029 Исполнители и наблюдатели; SCR-030 Зависимости задач; SCR-031 Массовые действия задач; SCR-032 Разрешение конфликта Task; SCR-034 Контекстное меню задачи",FLOW-026 Архивирование,,Desktop/resilience,Critical,OpenAPI `POST_api_v1_tasks_id_archive`; Stage_3_Field_Traceability_Final_3.5.csv
AC-241,AC,MOD-005,Задачи,[Archived (Stage 3.5 State Matrix)/Stable-error-specific recovery (Stage 3.5 error/UI rule)] Idempotency: повтор с тем же key/hash не создаёт двойной side effect,POST_api_v1_tasks_id_archive,POST /api/v1/tasks/{id}/archive,Task.Archive,OrganizerController.POST_api_v1_tasks_id_archive,"SCR-020 Задачи: список/дерево; SCR-021 Фильтры задач; SCR-022 Быстрое создание задачи; SCR-023 Полный редактор задачи; SCR-024 ETag/If-Match, task aggregate, directory; SCR-025 Инспектор задачи; SCR-029 Исполнители и наблюдатели; SCR-030 Зависимости задач; SCR-031 Массовые действия задач; SCR-032 Разрешение конфликта Task; SCR-034 Контекстное меню задачи",FLOW-026 Архивирование,,Integration,Critical,OpenAPI `POST_api_v1_tasks_id_archive`; Stage_3_Field_Traceability_Final_3.5.csv
AC-242,AC,MOD-005,Задачи,[Trashed (Stage 3.5 State Matrix)] Удалённый объект: команда не применяется к trashed target и не создаёт новый объект,POST_api_v1_tasks_id_archive,POST /api/v1/tasks/{id}/archive,Task.Archive,OrganizerController.POST_api_v1_tasks_id_archive,"SCR-020 Задачи: список/дерево; SCR-021 Фильтры задач; SCR-022 Быстрое создание задачи; SCR-023 Полный редактор задачи; SCR-024 ETag/If-Match, task aggregate, directory; SCR-025 Инспектор задачи; SCR-029 Исполнители и наблюдатели; SCR-030 Зависимости задач; SCR-031 Массовые действия задач; SCR-032 Разрешение конфликта Task; SCR-034 Контекстное меню задачи",FLOW-026 Архивирование,,Lifecycle/integration,High,OpenAPI `POST_api_v1_tasks_id_archive`; Stage_3_Field_Traceability_Final_3.5.csv
AC-243,AC,MOD-005,Задачи,Happy path: Заменить исполнителей,PUT_api_v1_tasks_id_assignees,PUT /api/v1/tasks/{id}/assignees,Task.Assign,OrganizerController.PUT_api_v1_tasks_id_assignees,SCR-029 Исполнители и наблюдатели,FLOW-006 Назначение исполнителя,,Contract/integration,Critical,OpenAPI `PUT_api_v1_tasks_id_assignees`; Stage_3_Field_Traceability_Final_3.5.csv
AC-244,AC,MOD-005,Задачи,[Forbidden (Stage 3.5 State Matrix)/ObjectUnavailable (Stage 3.5 State Matrix)] Permission denied: Заменить исполнителей не выполняется и данные не раскрываются,PUT_api_v1_tasks_id_assignees,PUT /api/v1/tasks/{id}/assignees,Task.Assign,OrganizerController.PUT_api_v1_tasks_id_assignees,SCR-029 Исполнители и наблюдатели,FLOW-006 Назначение исполнителя,,Security/authorization,Critical,OpenAPI `PUT_api_v1_tasks_id_assignees`; Stage_3_Field_Traceability_Final_3.5.csv
AC-245,AC,MOD-005,Задачи,[Authentication/session error handling (Stage 3.5 error/UI rule)/Authentication/session error handling (Stage 3.5 error/UI rule)/Device-revocation error handling (Stage 3.5 error/UI rule)] Session/device interruption: операция прекращается без сохранения неподтверждённого состояния,PUT_api_v1_tasks_id_assignees,PUT /api/v1/tasks/{id}/assignees,Task.Assign,OrganizerController.PUT_api_v1_tasks_id_assignees,SCR-029 Исполнители и наблюдатели,FLOW-006 Назначение исполнителя,,Security/session,Critical,OpenAPI `PUT_api_v1_tasks_id_assignees`; Stage_3_Field_Traceability_Final_3.5.csv
AC-246,AC,MOD-005,Задачи,[STATE-007] Validation: fieldErrors сохраняют draft и привязываются к canonical field path,PUT_api_v1_tasks_id_assignees,PUT /api/v1/tasks/{id}/assignees,Task.Assign,OrganizerController.PUT_api_v1_tasks_id_assignees,SCR-029 Исполнители и наблюдатели,FLOW-006 Назначение исполнителя,,Contract/UI,High,OpenAPI `PUT_api_v1_tasks_id_assignees`; Stage_3_Field_Traceability_Final_3.5.csv
AC-247,AC,MOD-005,Задачи,[STATE-014/STATE-025] Conflict/precondition: устаревшая или отсутствующая If-Match не приводит к overwrite,PUT_api_v1_tasks_id_assignees,PUT /api/v1/tasks/{id}/assignees,Task.Assign,OrganizerController.PUT_api_v1_tasks_id_assignees,SCR-029 Исполнители и наблюдатели,FLOW-006 Назначение исполнителя,,Concurrency/integration,Critical,OpenAPI `PUT_api_v1_tasks_id_assignees`; Stage_3_Field_Traceability_Final_3.5.csv
AC-248,AC,MOD-005,Задачи,[ServerUnavailable (Stage 3.5 State Matrix)/ServerUnavailable (cached read-only presentation) (Stage 3.5 State Matrix)/Reconnecting (Stage 3.5 State Matrix)] Server unavailable/read-only: команда Заменить исполнителей не ставится в offline queue,PUT_api_v1_tasks_id_assignees,PUT /api/v1/tasks/{id}/assignees,Task.Assign,OrganizerController.PUT_api_v1_tasks_id_assignees,SCR-029 Исполнители и наблюдатели,FLOW-006 Назначение исполнителя,,Desktop/resilience,Critical,OpenAPI `PUT_api_v1_tasks_id_assignees`; Stage_3_Field_Traceability_Final_3.5.csv
AC-249,AC,MOD-005,Задачи,[Stable-error-specific recovery (Stage 3.5 error/UI rule)] Idempotency: повтор с тем же key/hash не создаёт двойной side effect,PUT_api_v1_tasks_id_assignees,PUT /api/v1/tasks/{id}/assignees,Task.Assign,OrganizerController.PUT_api_v1_tasks_id_assignees,SCR-029 Исполнители и наблюдатели,FLOW-006 Назначение исполнителя,,Integration,Critical,OpenAPI `PUT_api_v1_tasks_id_assignees`; Stage_3_Field_Traceability_Final_3.5.csv
AC-250,AC,MOD-005,Задачи,[Trashed (Stage 3.5 State Matrix)] Удалённый объект: команда не применяется к trashed target и не создаёт новый объект,PUT_api_v1_tasks_id_assignees,PUT /api/v1/tasks/{id}/assignees,Task.Assign,OrganizerController.PUT_api_v1_tasks_id_assignees,SCR-029 Исполнители и наблюдатели,FLOW-006 Назначение исполнителя,,Lifecycle/integration,High,OpenAPI `PUT_api_v1_tasks_id_assignees`; Stage_3_Field_Traceability_Final_3.5.csv
AC-251,AC,MOD-005,Задачи,Happy path: Добавить зависимость,POST_api_v1_tasks_id_dependencies,POST /api/v1/tasks/{id}/dependencies,Task.Update,OrganizerController.POST_api_v1_tasks_id_dependencies,"SCR-020 Задачи: список/дерево; SCR-021 Фильтры задач; SCR-022 Быстрое создание задачи; SCR-023 Полный редактор задачи; SCR-024 ETag/If-Match, task aggregate, directory; SCR-025 Инспектор задачи; SCR-029 Исполнители и наблюдатели; SCR-030 Зависимости задач; SCR-031 Массовые действия задач; SCR-032 Разрешение конфликта Task; SCR-034 Контекстное меню задачи",FLOW-004 Создание задачи; FLOW-005 Быстрое создание задачи; FLOW-006 Назначение исполнителя; FLOW-007 Завершение задачи; FLOW-008 Изменение статуса; FLOW-025 Optimistic conflict; FLOW-033 Массовая смена статуса,,Contract/integration,Critical,OpenAPI `POST_api_v1_tasks_id_dependencies`; Stage_3_Field_Traceability_Final_3.5.csv
AC-252,AC,MOD-005,Задачи,[Forbidden (Stage 3.5 State Matrix)/ObjectUnavailable (Stage 3.5 State Matrix)] Permission denied: Добавить зависимость не выполняется и данные не раскрываются,POST_api_v1_tasks_id_dependencies,POST /api/v1/tasks/{id}/dependencies,Task.Update,OrganizerController.POST_api_v1_tasks_id_dependencies,"SCR-020 Задачи: список/дерево; SCR-021 Фильтры задач; SCR-022 Быстрое создание задачи; SCR-023 Полный редактор задачи; SCR-024 ETag/If-Match, task aggregate, directory; SCR-025 Инспектор задачи; SCR-029 Исполнители и наблюдатели; SCR-030 Зависимости задач; SCR-031 Массовые действия задач; SCR-032 Разрешение конфликта Task; SCR-034 Контекстное меню задачи",FLOW-004 Создание задачи; FLOW-005 Быстрое создание задачи; FLOW-006 Назначение исполнителя; FLOW-007 Завершение задачи; FLOW-008 Изменение статуса; FLOW-025 Optimistic conflict; FLOW-033 Массовая смена статуса,,Security/authorization,Critical,OpenAPI `POST_api_v1_tasks_id_dependencies`; Stage_3_Field_Traceability_Final_3.5.csv
AC-253,AC,MOD-005,Задачи,[Authentication/session error handling (Stage 3.5 error/UI rule)/Authentication/session error handling (Stage 3.5 error/UI rule)/Device-revocation error handling (Stage 3.5 error/UI rule)] Session/device interruption: операция прекращается без сохранения неподтверждённого состояния,POST_api_v1_tasks_id_dependencies,POST /api/v1/tasks/{id}/dependencies,Task.Update,OrganizerController.POST_api_v1_tasks_id_dependencies,"SCR-020 Задачи: список/дерево; SCR-021 Фильтры задач; SCR-022 Быстрое создание задачи; SCR-023 Полный редактор задачи; SCR-024 ETag/If-Match, task aggregate, directory; SCR-025 Инспектор задачи; SCR-029 Исполнители и наблюдатели; SCR-030 Зависимости задач; SCR-031 Массовые действия задач; SCR-032 Разрешение конфликта Task; SCR-034 Контекстное меню задачи",FLOW-004 Создание задачи; FLOW-005 Быстрое создание задачи; FLOW-006 Назначение исполнителя; FLOW-007 Завершение задачи; FLOW-008 Изменение статуса; FLOW-025 Optimistic conflict; FLOW-033 Массовая смена статуса,,Security/session,Critical,OpenAPI `POST_api_v1_tasks_id_dependencies`; Stage_3_Field_Traceability_Final_3.5.csv
AC-254,AC,MOD-005,Задачи,[STATE-007] Validation: fieldErrors сохраняют draft и привязываются к canonical field path,POST_api_v1_tasks_id_dependencies,POST /api/v1/tasks/{id}/dependencies,Task.Update,OrganizerController.POST_api_v1_tasks_id_dependencies,"SCR-020 Задачи: список/дерево; SCR-021 Фильтры задач; SCR-022 Быстрое создание задачи; SCR-023 Полный редактор задачи; SCR-024 ETag/If-Match, task aggregate, directory; SCR-025 Инспектор задачи; SCR-029 Исполнители и наблюдатели; SCR-030 Зависимости задач; SCR-031 Массовые действия задач; SCR-032 Разрешение конфликта Task; SCR-034 Контекстное меню задачи",FLOW-004 Создание задачи; FLOW-005 Быстрое создание задачи; FLOW-006 Назначение исполнителя; FLOW-007 Завершение задачи; FLOW-008 Изменение статуса; FLOW-025 Optimistic conflict; FLOW-033 Массовая смена статуса,,Contract/UI,High,OpenAPI `POST_api_v1_tasks_id_dependencies`; Stage_3_Field_Traceability_Final_3.5.csv
AC-255,AC,MOD-005,Задачи,[STATE-014/STATE-025] Conflict/precondition: устаревшая или отсутствующая If-Match не приводит к overwrite,POST_api_v1_tasks_id_dependencies,POST /api/v1/tasks/{id}/dependencies,Task.Update,OrganizerController.POST_api_v1_tasks_id_dependencies,"SCR-020 Задачи: список/дерево; SCR-021 Фильтры задач; SCR-022 Быстрое создание задачи; SCR-023 Полный редактор задачи; SCR-024 ETag/If-Match, task aggregate, directory; SCR-025 Инспектор задачи; SCR-029 Исполнители и наблюдатели; SCR-030 Зависимости задач; SCR-031 Массовые действия задач; SCR-032 Разрешение конфликта Task; SCR-034 Контекстное меню задачи",FLOW-004 Создание задачи; FLOW-005 Быстрое создание задачи; FLOW-006 Назначение исполнителя; FLOW-007 Завершение задачи; FLOW-008 Изменение статуса; FLOW-025 Optimistic conflict; FLOW-033 Массовая смена статуса,,Concurrency/integration,Critical,OpenAPI `POST_api_v1_tasks_id_dependencies`; Stage_3_Field_Traceability_Final_3.5.csv
AC-256,AC,MOD-005,Задачи,[ServerUnavailable (Stage 3.5 State Matrix)/ServerUnavailable (cached read-only presentation) (Stage 3.5 State Matrix)/Reconnecting (Stage 3.5 State Matrix)] Server unavailable/read-only: команда Добавить зависимость не ставится в offline queue,POST_api_v1_tasks_id_dependencies,POST /api/v1/tasks/{id}/dependencies,Task.Update,OrganizerController.POST_api_v1_tasks_id_dependencies,"SCR-020 Задачи: список/дерево; SCR-021 Фильтры задач; SCR-022 Быстрое создание задачи; SCR-023 Полный редактор задачи; SCR-024 ETag/If-Match, task aggregate, directory; SCR-025 Инспектор задачи; SCR-029 Исполнители и наблюдатели; SCR-030 Зависимости задач; SCR-031 Массовые действия задач; SCR-032 Разрешение конфликта Task; SCR-034 Контекстное меню задачи",FLOW-004 Создание задачи; FLOW-005 Быстрое создание задачи; FLOW-006 Назначение исполнителя; FLOW-007 Завершение задачи; FLOW-008 Изменение статуса; FLOW-025 Optimistic conflict; FLOW-033 Массовая смена статуса,,Desktop/resilience,Critical,OpenAPI `POST_api_v1_tasks_id_dependencies`; Stage_3_Field_Traceability_Final_3.5.csv
AC-257,AC,MOD-005,Задачи,[Stable-error-specific recovery (Stage 3.5 error/UI rule)] Idempotency: повтор с тем же key/hash не создаёт двойной side effect,POST_api_v1_tasks_id_dependencies,POST /api/v1/tasks/{id}/dependencies,Task.Update,OrganizerController.POST_api_v1_tasks_id_dependencies,"SCR-020 Задачи: список/дерево; SCR-021 Фильтры задач; SCR-022 Быстрое создание задачи; SCR-023 Полный редактор задачи; SCR-024 ETag/If-Match, task aggregate, directory; SCR-025 Инспектор задачи; SCR-029 Исполнители и наблюдатели; SCR-030 Зависимости задач; SCR-031 Массовые действия задач; SCR-032 Разрешение конфликта Task; SCR-034 Контекстное меню задачи",FLOW-004 Создание задачи; FLOW-005 Быстрое создание задачи; FLOW-006 Назначение исполнителя; FLOW-007 Завершение задачи; FLOW-008 Изменение статуса; FLOW-025 Optimistic conflict; FLOW-033 Массовая смена статуса,,Integration,Critical,OpenAPI `POST_api_v1_tasks_id_dependencies`; Stage_3_Field_Traceability_Final_3.5.csv
AC-258,AC,MOD-005,Задачи,[Trashed (Stage 3.5 State Matrix)] Удалённый объект: команда не применяется к trashed target и не создаёт новый объект,POST_api_v1_tasks_id_dependencies,POST /api/v1/tasks/{id}/dependencies,Task.Update,OrganizerController.POST_api_v1_tasks_id_dependencies,"SCR-020 Задачи: список/дерево; SCR-021 Фильтры задач; SCR-022 Быстрое создание задачи; SCR-023 Полный редактор задачи; SCR-024 ETag/If-Match, task aggregate, directory; SCR-025 Инспектор задачи; SCR-029 Исполнители и наблюдатели; SCR-030 Зависимости задач; SCR-031 Массовые действия задач; SCR-032 Разрешение конфликта Task; SCR-034 Контекстное меню задачи",FLOW-004 Создание задачи; FLOW-005 Быстрое создание задачи; FLOW-006 Назначение исполнителя; FLOW-007 Завершение задачи; FLOW-008 Изменение статуса; FLOW-025 Optimistic conflict; FLOW-033 Массовая смена статуса,,Lifecycle/integration,High,OpenAPI `POST_api_v1_tasks_id_dependencies`; Stage_3_Field_Traceability_Final_3.5.csv
AC-259,AC,MOD-005,Задачи,Happy path: Удалить зависимость,DELETE_api_v1_tasks_id_dependencies_dependencyId,DELETE /api/v1/tasks/{id}/dependencies/{dependencyId},Task.Update,OrganizerController.DELETE_api_v1_tasks_id_dependencies_dependencyId,"SCR-020 Задачи: список/дерево; SCR-021 Фильтры задач; SCR-022 Быстрое создание задачи; SCR-023 Полный редактор задачи; SCR-024 ETag/If-Match, task aggregate, directory; SCR-025 Инспектор задачи; SCR-029 Исполнители и наблюдатели; SCR-030 Зависимости задач; SCR-031 Массовые действия задач; SCR-032 Разрешение конфликта Task; SCR-034 Контекстное меню задачи",FLOW-027 Перемещение в корзину,,Contract/integration,Critical,OpenAPI `DELETE_api_v1_tasks_id_dependencies_dependencyId`; Stage_3_Field_Traceability_Final_3.5.csv
AC-260,AC,MOD-005,Задачи,[Forbidden (Stage 3.5 State Matrix)/ObjectUnavailable (Stage 3.5 State Matrix)] Permission denied: Удалить зависимость не выполняется и данные не раскрываются,DELETE_api_v1_tasks_id_dependencies_dependencyId,DELETE /api/v1/tasks/{id}/dependencies/{dependencyId},Task.Update,OrganizerController.DELETE_api_v1_tasks_id_dependencies_dependencyId,"SCR-020 Задачи: список/дерево; SCR-021 Фильтры задач; SCR-022 Быстрое создание задачи; SCR-023 Полный редактор задачи; SCR-024 ETag/If-Match, task aggregate, directory; SCR-025 Инспектор задачи; SCR-029 Исполнители и наблюдатели; SCR-030 Зависимости задач; SCR-031 Массовые действия задач; SCR-032 Разрешение конфликта Task; SCR-034 Контекстное меню задачи",FLOW-027 Перемещение в корзину,,Security/authorization,Critical,OpenAPI `DELETE_api_v1_tasks_id_dependencies_dependencyId`; Stage_3_Field_Traceability_Final_3.5.csv
AC-261,AC,MOD-005,Задачи,[Authentication/session error handling (Stage 3.5 error/UI rule)/Authentication/session error handling (Stage 3.5 error/UI rule)/Device-revocation error handling (Stage 3.5 error/UI rule)] Session/device interruption: операция прекращается без сохранения неподтверждённого состояния,DELETE_api_v1_tasks_id_dependencies_dependencyId,DELETE /api/v1/tasks/{id}/dependencies/{dependencyId},Task.Update,OrganizerController.DELETE_api_v1_tasks_id_dependencies_dependencyId,"SCR-020 Задачи: список/дерево; SCR-021 Фильтры задач; SCR-022 Быстрое создание задачи; SCR-023 Полный редактор задачи; SCR-024 ETag/If-Match, task aggregate, directory; SCR-025 Инспектор задачи; SCR-029 Исполнители и наблюдатели; SCR-030 Зависимости задач; SCR-031 Массовые действия задач; SCR-032 Разрешение конфликта Task; SCR-034 Контекстное меню задачи",FLOW-027 Перемещение в корзину,,Security/session,Critical,OpenAPI `DELETE_api_v1_tasks_id_dependencies_dependencyId`; Stage_3_Field_Traceability_Final_3.5.csv
AC-262,AC,MOD-005,Задачи,[STATE-014/STATE-025] Conflict/precondition: устаревшая или отсутствующая If-Match не приводит к overwrite,DELETE_api_v1_tasks_id_dependencies_dependencyId,DELETE /api/v1/tasks/{id}/dependencies/{dependencyId},Task.Update,OrganizerController.DELETE_api_v1_tasks_id_dependencies_dependencyId,"SCR-020 Задачи: список/дерево; SCR-021 Фильтры задач; SCR-022 Быстрое создание задачи; SCR-023 Полный редактор задачи; SCR-024 ETag/If-Match, task aggregate, directory; SCR-025 Инспектор задачи; SCR-029 Исполнители и наблюдатели; SCR-030 Зависимости задач; SCR-031 Массовые действия задач; SCR-032 Разрешение конфликта Task; SCR-034 Контекстное меню задачи",FLOW-027 Перемещение в корзину,,Concurrency/integration,Critical,OpenAPI `DELETE_api_v1_tasks_id_dependencies_dependencyId`; Stage_3_Field_Traceability_Final_3.5.csv
AC-263,AC,MOD-005,Задачи,[ServerUnavailable (Stage 3.5 State Matrix)/ServerUnavailable (cached read-only presentation) (Stage 3.5 State Matrix)/Reconnecting (Stage 3.5 State Matrix)] Server unavailable/read-only: команда Удалить зависимость не ставится в offline queue,DELETE_api_v1_tasks_id_dependencies_dependencyId,DELETE /api/v1/tasks/{id}/dependencies/{dependencyId},Task.Update,OrganizerController.DELETE_api_v1_tasks_id_dependencies_dependencyId,"SCR-020 Задачи: список/дерево; SCR-021 Фильтры задач; SCR-022 Быстрое создание задачи; SCR-023 Полный редактор задачи; SCR-024 ETag/If-Match, task aggregate, directory; SCR-025 Инспектор задачи; SCR-029 Исполнители и наблюдатели; SCR-030 Зависимости задач; SCR-031 Массовые действия задач; SCR-032 Разрешение конфликта Task; SCR-034 Контекстное меню задачи",FLOW-027 Перемещение в корзину,,Desktop/resilience,Critical,OpenAPI `DELETE_api_v1_tasks_id_dependencies_dependencyId`; Stage_3_Field_Traceability_Final_3.5.csv
AC-264,AC,MOD-005,Задачи,[Trashed (Stage 3.5 State Matrix)] Удалённый объект: команда не применяется к trashed target и не создаёт новый объект,DELETE_api_v1_tasks_id_dependencies_dependencyId,DELETE /api/v1/tasks/{id}/dependencies/{dependencyId},Task.Update,OrganizerController.DELETE_api_v1_tasks_id_dependencies_dependencyId,"SCR-020 Задачи: список/дерево; SCR-021 Фильтры задач; SCR-022 Быстрое создание задачи; SCR-023 Полный редактор задачи; SCR-024 ETag/If-Match, task aggregate, directory; SCR-025 Инспектор задачи; SCR-029 Исполнители и наблюдатели; SCR-030 Зависимости задач; SCR-031 Массовые действия задач; SCR-032 Разрешение конфликта Task; SCR-034 Контекстное меню задачи",FLOW-027 Перемещение в корзину,,Lifecycle/integration,High,OpenAPI `DELETE_api_v1_tasks_id_dependencies_dependencyId`; Stage_3_Field_Traceability_Final_3.5.csv
AC-265,AC,MOD-005,Задачи,Happy path: Изменить дату/время/длительность,POST_api_v1_tasks_id_move,POST /api/v1/tasks/{id}/move,Task.Update,OrganizerController.POST_api_v1_tasks_id_move,SCR-023 Полный редактор задачи,FLOW-032 Drag/resize календаря,,Contract/integration,Critical,OpenAPI `POST_api_v1_tasks_id_move`; Stage_3_Field_Traceability_Final_3.5.csv
AC-266,AC,MOD-005,Задачи,[Forbidden (Stage 3.5 State Matrix)/ObjectUnavailable (Stage 3.5 State Matrix)] Permission denied: Изменить дату/время/длительность не выполняется и данные не раскрываются,POST_api_v1_tasks_id_move,POST /api/v1/tasks/{id}/move,Task.Update,OrganizerController.POST_api_v1_tasks_id_move,SCR-023 Полный редактор задачи,FLOW-032 Drag/resize календаря,,Security/authorization,Critical,OpenAPI `POST_api_v1_tasks_id_move`; Stage_3_Field_Traceability_Final_3.5.csv
AC-267,AC,MOD-005,Задачи,[Authentication/session error handling (Stage 3.5 error/UI rule)/Authentication/session error handling (Stage 3.5 error/UI rule)/Device-revocation error handling (Stage 3.5 error/UI rule)] Session/device interruption: операция прекращается без сохранения неподтверждённого состояния,POST_api_v1_tasks_id_move,POST /api/v1/tasks/{id}/move,Task.Update,OrganizerController.POST_api_v1_tasks_id_move,SCR-023 Полный редактор задачи,FLOW-032 Drag/resize календаря,,Security/session,Critical,OpenAPI `POST_api_v1_tasks_id_move`; Stage_3_Field_Traceability_Final_3.5.csv
AC-268,AC,MOD-005,Задачи,[STATE-007] Validation: fieldErrors сохраняют draft и привязываются к canonical field path,POST_api_v1_tasks_id_move,POST /api/v1/tasks/{id}/move,Task.Update,OrganizerController.POST_api_v1_tasks_id_move,SCR-023 Полный редактор задачи,FLOW-032 Drag/resize календаря,,Contract/UI,High,OpenAPI `POST_api_v1_tasks_id_move`; Stage_3_Field_Traceability_Final_3.5.csv
AC-269,AC,MOD-005,Задачи,[STATE-014/STATE-025] Conflict/precondition: устаревшая или отсутствующая If-Match не приводит к overwrite,POST_api_v1_tasks_id_move,POST /api/v1/tasks/{id}/move,Task.Update,OrganizerController.POST_api_v1_tasks_id_move,SCR-023 Полный редактор задачи,FLOW-032 Drag/resize календаря,,Concurrency/integration,Critical,OpenAPI `POST_api_v1_tasks_id_move`; Stage_3_Field_Traceability_Final_3.5.csv
AC-270,AC,MOD-005,Задачи,[ServerUnavailable (Stage 3.5 State Matrix)/ServerUnavailable (cached read-only presentation) (Stage 3.5 State Matrix)/Reconnecting (Stage 3.5 State Matrix)] Server unavailable/read-only: команда Изменить дату/время/длительность не ставится в offline queue,POST_api_v1_tasks_id_move,POST /api/v1/tasks/{id}/move,Task.Update,OrganizerController.POST_api_v1_tasks_id_move,SCR-023 Полный редактор задачи,FLOW-032 Drag/resize календаря,,Desktop/resilience,Critical,OpenAPI `POST_api_v1_tasks_id_move`; Stage_3_Field_Traceability_Final_3.5.csv
AC-271,AC,MOD-005,Задачи,[Stable-error-specific recovery (Stage 3.5 error/UI rule)] Idempotency: повтор с тем же key/hash не создаёт двойной side effect,POST_api_v1_tasks_id_move,POST /api/v1/tasks/{id}/move,Task.Update,OrganizerController.POST_api_v1_tasks_id_move,SCR-023 Полный редактор задачи,FLOW-032 Drag/resize календаря,,Integration,Critical,OpenAPI `POST_api_v1_tasks_id_move`; Stage_3_Field_Traceability_Final_3.5.csv
AC-272,AC,MOD-005,Задачи,[Trashed (Stage 3.5 State Matrix)] Удалённый объект: команда не применяется к trashed target и не создаёт новый объект,POST_api_v1_tasks_id_move,POST /api/v1/tasks/{id}/move,Task.Update,OrganizerController.POST_api_v1_tasks_id_move,SCR-023 Полный редактор задачи,FLOW-032 Drag/resize календаря,,Lifecycle/integration,High,OpenAPI `POST_api_v1_tasks_id_move`; Stage_3_Field_Traceability_Final_3.5.csv
AC-273,AC,MOD-005,Задачи,[Trashed (Stage 3.5 State Matrix)] Happy path: Восстановить задачу,POST_api_v1_tasks_id_restore,POST /api/v1/tasks/{id}/restore,Task.Restore,OrganizerController.POST_api_v1_tasks_id_restore,"SCR-020 Задачи: список/дерево; SCR-021 Фильтры задач; SCR-022 Быстрое создание задачи; SCR-023 Полный редактор задачи; SCR-024 ETag/If-Match, task aggregate, directory; SCR-025 Инспектор задачи; SCR-029 Исполнители и наблюдатели; SCR-030 Зависимости задач; SCR-031 Массовые действия задач; SCR-032 Разрешение конфликта Task; SCR-034 Контекстное меню задачи",FLOW-028 Восстановление из корзины,,Contract/integration,Critical,OpenAPI `POST_api_v1_tasks_id_restore`; Stage_3_Field_Traceability_Final_3.5.csv
AC-274,AC,MOD-005,Задачи,[Forbidden (Stage 3.5 State Matrix)/ObjectUnavailable (Stage 3.5 State Matrix)/Trashed (Stage 3.5 State Matrix)] Permission denied: Восстановить задачу не выполняется и данные не раскрываются,POST_api_v1_tasks_id_restore,POST /api/v1/tasks/{id}/restore,Task.Restore,OrganizerController.POST_api_v1_tasks_id_restore,"SCR-020 Задачи: список/дерево; SCR-021 Фильтры задач; SCR-022 Быстрое создание задачи; SCR-023 Полный редактор задачи; SCR-024 ETag/If-Match, task aggregate, directory; SCR-025 Инспектор задачи; SCR-029 Исполнители и наблюдатели; SCR-030 Зависимости задач; SCR-031 Массовые действия задач; SCR-032 Разрешение конфликта Task; SCR-034 Контекстное меню задачи",FLOW-028 Восстановление из корзины,,Security/authorization,Critical,OpenAPI `POST_api_v1_tasks_id_restore`; Stage_3_Field_Traceability_Final_3.5.csv
AC-275,AC,MOD-005,Задачи,[Trashed (Stage 3.5 State Matrix)/Authentication/session error handling (Stage 3.5 error/UI rule)/Authentication/session error handling (Stage 3.5 error/UI rule)/Device-revocation error handling (Stage 3.5 error/UI rule)] Session/device interruption: операция прекращается без сохранения неподтверждённого состояния,POST_api_v1_tasks_id_restore,POST /api/v1/tasks/{id}/restore,Task.Restore,OrganizerController.POST_api_v1_tasks_id_restore,"SCR-020 Задачи: список/дерево; SCR-021 Фильтры задач; SCR-022 Быстрое создание задачи; SCR-023 Полный редактор задачи; SCR-024 ETag/If-Match, task aggregate, directory; SCR-025 Инспектор задачи; SCR-029 Исполнители и наблюдатели; SCR-030 Зависимости задач; SCR-031 Массовые действия задач; SCR-032 Разрешение конфликта Task; SCR-034 Контекстное меню задачи",FLOW-028 Восстановление из корзины,,Security/session,Critical,OpenAPI `POST_api_v1_tasks_id_restore`; Stage_3_Field_Traceability_Final_3.5.csv
AC-276,AC,MOD-005,Задачи,[STATE-007/Trashed (Stage 3.5 State Matrix)] Validation: fieldErrors сохраняют draft и привязываются к canonical field path,POST_api_v1_tasks_id_restore,POST /api/v1/tasks/{id}/restore,Task.Restore,OrganizerController.POST_api_v1_tasks_id_restore,"SCR-020 Задачи: список/дерево; SCR-021 Фильтры задач; SCR-022 Быстрое создание задачи; SCR-023 Полный редактор задачи; SCR-024 ETag/If-Match, task aggregate, directory; SCR-025 Инспектор задачи; SCR-029 Исполнители и наблюдатели; SCR-030 Зависимости задач; SCR-031 Массовые действия задач; SCR-032 Разрешение конфликта Task; SCR-034 Контекстное меню задачи",FLOW-028 Восстановление из корзины,,Contract/UI,High,OpenAPI `POST_api_v1_tasks_id_restore`; Stage_3_Field_Traceability_Final_3.5.csv
AC-277,AC,MOD-005,Задачи,[STATE-014/Trashed (Stage 3.5 State Matrix)/STATE-025] Conflict/precondition: устаревшая или отсутствующая If-Match не приводит к overwrite,POST_api_v1_tasks_id_restore,POST /api/v1/tasks/{id}/restore,Task.Restore,OrganizerController.POST_api_v1_tasks_id_restore,"SCR-020 Задачи: список/дерево; SCR-021 Фильтры задач; SCR-022 Быстрое создание задачи; SCR-023 Полный редактор задачи; SCR-024 ETag/If-Match, task aggregate, directory; SCR-025 Инспектор задачи; SCR-029 Исполнители и наблюдатели; SCR-030 Зависимости задач; SCR-031 Массовые действия задач; SCR-032 Разрешение конфликта Task; SCR-034 Контекстное меню задачи",FLOW-028 Восстановление из корзины,,Concurrency/integration,Critical,OpenAPI `POST_api_v1_tasks_id_restore`; Stage_3_Field_Traceability_Final_3.5.csv
AC-278,AC,MOD-005,Задачи,[ServerUnavailable (Stage 3.5 State Matrix)/ServerUnavailable (cached read-only presentation) (Stage 3.5 State Matrix)/Reconnecting (Stage 3.5 State Matrix)] Server unavailable/read-only: команда Восстановить задачу не ставится в offline queue,POST_api_v1_tasks_id_restore,POST /api/v1/tasks/{id}/restore,Task.Restore,OrganizerController.POST_api_v1_tasks_id_restore,"SCR-020 Задачи: список/дерево; SCR-021 Фильтры задач; SCR-022 Быстрое создание задачи; SCR-023 Полный редактор задачи; SCR-024 ETag/If-Match, task aggregate, directory; SCR-025 Инспектор задачи; SCR-029 Исполнители и наблюдатели; SCR-030 Зависимости задач; SCR-031 Массовые действия задач; SCR-032 Разрешение конфликта Task; SCR-034 Контекстное меню задачи",FLOW-028 Восстановление из корзины,,Desktop/resilience,Critical,OpenAPI `POST_api_v1_tasks_id_restore`; Stage_3_Field_Traceability_Final_3.5.csv
AC-279,AC,MOD-005,Задачи,[Trashed (Stage 3.5 State Matrix)/Stable-error-specific recovery (Stage 3.5 error/UI rule)] Idempotency: повтор с тем же key/hash не создаёт двойной side effect,POST_api_v1_tasks_id_restore,POST /api/v1/tasks/{id}/restore,Task.Restore,OrganizerController.POST_api_v1_tasks_id_restore,"SCR-020 Задачи: список/дерево; SCR-021 Фильтры задач; SCR-022 Быстрое создание задачи; SCR-023 Полный редактор задачи; SCR-024 ETag/If-Match, task aggregate, directory; SCR-025 Инспектор задачи; SCR-029 Исполнители и наблюдатели; SCR-030 Зависимости задач; SCR-031 Массовые действия задач; SCR-032 Разрешение конфликта Task; SCR-034 Контекстное меню задачи",FLOW-028 Восстановление из корзины,,Integration,Critical,OpenAPI `POST_api_v1_tasks_id_restore`; Stage_3_Field_Traceability_Final_3.5.csv
AC-280,AC,MOD-005,Задачи,[Trashed (Stage 3.5 State Matrix)] Удалённый объект: команда не применяется к trashed target и не создаёт новый объект,POST_api_v1_tasks_id_restore,POST /api/v1/tasks/{id}/restore,Task.Restore,OrganizerController.POST_api_v1_tasks_id_restore,"SCR-020 Задачи: список/дерево; SCR-021 Фильтры задач; SCR-022 Быстрое создание задачи; SCR-023 Полный редактор задачи; SCR-024 ETag/If-Match, task aggregate, directory; SCR-025 Инспектор задачи; SCR-029 Исполнители и наблюдатели; SCR-030 Зависимости задач; SCR-031 Массовые действия задач; SCR-032 Разрешение конфликта Task; SCR-034 Контекстное меню задачи",FLOW-028 Восстановление из корзины,,Lifecycle/integration,High,OpenAPI `POST_api_v1_tasks_id_restore`; Stage_3_Field_Traceability_Final_3.5.csv
AC-281,AC,MOD-005,Задачи,Happy path: Изменить статус задачи,POST_api_v1_tasks_id_transition,POST /api/v1/tasks/{id}/transition,Task.ChangeStatus,OrganizerController.POST_api_v1_tasks_id_transition,SCR-023 Полный редактор задачи,FLOW-007 Завершение задачи; FLOW-008 Изменение статуса,,Contract/integration,Critical,OpenAPI `POST_api_v1_tasks_id_transition`; Stage_3_Field_Traceability_Final_3.5.csv
AC-282,AC,MOD-005,Задачи,[Forbidden (Stage 3.5 State Matrix)/ObjectUnavailable (Stage 3.5 State Matrix)] Permission denied: Изменить статус задачи не выполняется и данные не раскрываются,POST_api_v1_tasks_id_transition,POST /api/v1/tasks/{id}/transition,Task.ChangeStatus,OrganizerController.POST_api_v1_tasks_id_transition,SCR-023 Полный редактор задачи,FLOW-007 Завершение задачи; FLOW-008 Изменение статуса,,Security/authorization,Critical,OpenAPI `POST_api_v1_tasks_id_transition`; Stage_3_Field_Traceability_Final_3.5.csv
AC-283,AC,MOD-005,Задачи,[Authentication/session error handling (Stage 3.5 error/UI rule)/Authentication/session error handling (Stage 3.5 error/UI rule)/Device-revocation error handling (Stage 3.5 error/UI rule)] Session/device interruption: операция прекращается без сохранения неподтверждённого состояния,POST_api_v1_tasks_id_transition,POST /api/v1/tasks/{id}/transition,Task.ChangeStatus,OrganizerController.POST_api_v1_tasks_id_transition,SCR-023 Полный редактор задачи,FLOW-007 Завершение задачи; FLOW-008 Изменение статуса,,Security/session,Critical,OpenAPI `POST_api_v1_tasks_id_transition`; Stage_3_Field_Traceability_Final_3.5.csv
AC-284,AC,MOD-005,Задачи,[STATE-007] Validation: fieldErrors сохраняют draft и привязываются к canonical field path,POST_api_v1_tasks_id_transition,POST /api/v1/tasks/{id}/transition,Task.ChangeStatus,OrganizerController.POST_api_v1_tasks_id_transition,SCR-023 Полный редактор задачи,FLOW-007 Завершение задачи; FLOW-008 Изменение статуса,,Contract/UI,High,OpenAPI `POST_api_v1_tasks_id_transition`; Stage_3_Field_Traceability_Final_3.5.csv
AC-285,AC,MOD-005,Задачи,[STATE-014/STATE-025] Conflict/precondition: устаревшая или отсутствующая If-Match не приводит к overwrite,POST_api_v1_tasks_id_transition,POST /api/v1/tasks/{id}/transition,Task.ChangeStatus,OrganizerController.POST_api_v1_tasks_id_transition,SCR-023 Полный редактор задачи,FLOW-007 Завершение задачи; FLOW-008 Изменение статуса,,Concurrency/integration,Critical,OpenAPI `POST_api_v1_tasks_id_transition`; Stage_3_Field_Traceability_Final_3.5.csv
AC-286,AC,MOD-005,Задачи,[ServerUnavailable (Stage 3.5 State Matrix)/ServerUnavailable (cached read-only presentation) (Stage 3.5 State Matrix)/Reconnecting (Stage 3.5 State Matrix)] Server unavailable/read-only: команда Изменить статус задачи не ставится в offline queue,POST_api_v1_tasks_id_transition,POST /api/v1/tasks/{id}/transition,Task.ChangeStatus,OrganizerController.POST_api_v1_tasks_id_transition,SCR-023 Полный редактор задачи,FLOW-007 Завершение задачи; FLOW-008 Изменение статуса,,Desktop/resilience,Critical,OpenAPI `POST_api_v1_tasks_id_transition`; Stage_3_Field_Traceability_Final_3.5.csv
AC-287,AC,MOD-005,Задачи,[Stable-error-specific recovery (Stage 3.5 error/UI rule)] Idempotency: повтор с тем же key/hash не создаёт двойной side effect,POST_api_v1_tasks_id_transition,POST /api/v1/tasks/{id}/transition,Task.ChangeStatus,OrganizerController.POST_api_v1_tasks_id_transition,SCR-023 Полный редактор задачи,FLOW-007 Завершение задачи; FLOW-008 Изменение статуса,,Integration,Critical,OpenAPI `POST_api_v1_tasks_id_transition`; Stage_3_Field_Traceability_Final_3.5.csv
AC-288,AC,MOD-005,Задачи,[Trashed (Stage 3.5 State Matrix)] Удалённый объект: команда не применяется к trashed target и не создаёт новый объект,POST_api_v1_tasks_id_transition,POST /api/v1/tasks/{id}/transition,Task.ChangeStatus,OrganizerController.POST_api_v1_tasks_id_transition,SCR-023 Полный редактор задачи,FLOW-007 Завершение задачи; FLOW-008 Изменение статуса,,Lifecycle/integration,High,OpenAPI `POST_api_v1_tasks_id_transition`; Stage_3_Field_Traceability_Final_3.5.csv
AC-289,AC,MOD-005,Задачи,[Archived (Stage 3.5 State Matrix)] Happy path: Вернуть задачу из архива,POST_api_v1_tasks_id_unarchive,POST /api/v1/tasks/{id}/unarchive,Task.Archive,OrganizerController.POST_api_v1_tasks_id_unarchive,"SCR-020 Задачи: список/дерево; SCR-021 Фильтры задач; SCR-022 Быстрое создание задачи; SCR-023 Полный редактор задачи; SCR-024 ETag/If-Match, task aggregate, directory; SCR-025 Инспектор задачи; SCR-029 Исполнители и наблюдатели; SCR-030 Зависимости задач; SCR-031 Массовые действия задач; SCR-032 Разрешение конфликта Task; SCR-034 Контекстное меню задачи",FLOW-026 Архивирование,,Contract/integration,Critical,OpenAPI `POST_api_v1_tasks_id_unarchive`; Stage_3_Field_Traceability_Final_3.5.csv
AC-290,AC,MOD-005,Задачи,[Forbidden (Stage 3.5 State Matrix)/ObjectUnavailable (Stage 3.5 State Matrix)/Archived (Stage 3.5 State Matrix)] Permission denied: Вернуть задачу из архива не выполняется и данные не раскрываются,POST_api_v1_tasks_id_unarchive,POST /api/v1/tasks/{id}/unarchive,Task.Archive,OrganizerController.POST_api_v1_tasks_id_unarchive,"SCR-020 Задачи: список/дерево; SCR-021 Фильтры задач; SCR-022 Быстрое создание задачи; SCR-023 Полный редактор задачи; SCR-024 ETag/If-Match, task aggregate, directory; SCR-025 Инспектор задачи; SCR-029 Исполнители и наблюдатели; SCR-030 Зависимости задач; SCR-031 Массовые действия задач; SCR-032 Разрешение конфликта Task; SCR-034 Контекстное меню задачи",FLOW-026 Архивирование,,Security/authorization,Critical,OpenAPI `POST_api_v1_tasks_id_unarchive`; Stage_3_Field_Traceability_Final_3.5.csv
AC-291,AC,MOD-005,Задачи,[Archived (Stage 3.5 State Matrix)/Authentication/session error handling (Stage 3.5 error/UI rule)/Authentication/session error handling (Stage 3.5 error/UI rule)/Device-revocation error handling (Stage 3.5 error/UI rule)] Session/device interruption: операция прекращается без сохранения неподтверждённого состояния,POST_api_v1_tasks_id_unarchive,POST /api/v1/tasks/{id}/unarchive,Task.Archive,OrganizerController.POST_api_v1_tasks_id_unarchive,"SCR-020 Задачи: список/дерево; SCR-021 Фильтры задач; SCR-022 Быстрое создание задачи; SCR-023 Полный редактор задачи; SCR-024 ETag/If-Match, task aggregate, directory; SCR-025 Инспектор задачи; SCR-029 Исполнители и наблюдатели; SCR-030 Зависимости задач; SCR-031 Массовые действия задач; SCR-032 Разрешение конфликта Task; SCR-034 Контекстное меню задачи",FLOW-026 Архивирование,,Security/session,Critical,OpenAPI `POST_api_v1_tasks_id_unarchive`; Stage_3_Field_Traceability_Final_3.5.csv
AC-292,AC,MOD-005,Задачи,[STATE-014/Archived (Stage 3.5 State Matrix)/STATE-025] Conflict/precondition: устаревшая или отсутствующая If-Match не приводит к overwrite,POST_api_v1_tasks_id_unarchive,POST /api/v1/tasks/{id}/unarchive,Task.Archive,OrganizerController.POST_api_v1_tasks_id_unarchive,"SCR-020 Задачи: список/дерево; SCR-021 Фильтры задач; SCR-022 Быстрое создание задачи; SCR-023 Полный редактор задачи; SCR-024 ETag/If-Match, task aggregate, directory; SCR-025 Инспектор задачи; SCR-029 Исполнители и наблюдатели; SCR-030 Зависимости задач; SCR-031 Массовые действия задач; SCR-032 Разрешение конфликта Task; SCR-034 Контекстное меню задачи",FLOW-026 Архивирование,,Concurrency/integration,Critical,OpenAPI `POST_api_v1_tasks_id_unarchive`; Stage_3_Field_Traceability_Final_3.5.csv
AC-293,AC,MOD-005,Задачи,[ServerUnavailable (Stage 3.5 State Matrix)/ServerUnavailable (cached read-only presentation) (Stage 3.5 State Matrix)/Reconnecting (Stage 3.5 State Matrix)] Server unavailable/read-only: команда Вернуть задачу из архива не ставится в offline queue,POST_api_v1_tasks_id_unarchive,POST /api/v1/tasks/{id}/unarchive,Task.Archive,OrganizerController.POST_api_v1_tasks_id_unarchive,"SCR-020 Задачи: список/дерево; SCR-021 Фильтры задач; SCR-022 Быстрое создание задачи; SCR-023 Полный редактор задачи; SCR-024 ETag/If-Match, task aggregate, directory; SCR-025 Инспектор задачи; SCR-029 Исполнители и наблюдатели; SCR-030 Зависимости задач; SCR-031 Массовые действия задач; SCR-032 Разрешение конфликта Task; SCR-034 Контекстное меню задачи",FLOW-026 Архивирование,,Desktop/resilience,Critical,OpenAPI `POST_api_v1_tasks_id_unarchive`; Stage_3_Field_Traceability_Final_3.5.csv
AC-294,AC,MOD-005,Задачи,[Trashed (Stage 3.5 State Matrix)] Удалённый объект: команда не применяется к trashed target и не создаёт новый объект,POST_api_v1_tasks_id_unarchive,POST /api/v1/tasks/{id}/unarchive,Task.Archive,OrganizerController.POST_api_v1_tasks_id_unarchive,"SCR-020 Задачи: список/дерево; SCR-021 Фильтры задач; SCR-022 Быстрое создание задачи; SCR-023 Полный редактор задачи; SCR-024 ETag/If-Match, task aggregate, directory; SCR-025 Инспектор задачи; SCR-029 Исполнители и наблюдатели; SCR-030 Зависимости задач; SCR-031 Массовые действия задач; SCR-032 Разрешение конфликта Task; SCR-034 Контекстное меню задачи",FLOW-026 Архивирование,,Lifecycle/integration,High,OpenAPI `POST_api_v1_tasks_id_unarchive`; Stage_3_Field_Traceability_Final_3.5.csv
AC-295,AC,MOD-005,Задачи,Happy path: Заменить наблюдателей,PUT_api_v1_tasks_id_watchers,PUT /api/v1/tasks/{id}/watchers,Task.ManageWatchers,OrganizerController.PUT_api_v1_tasks_id_watchers,SCR-029 Исполнители и наблюдатели,FLOW-004 Создание задачи; FLOW-005 Быстрое создание задачи; FLOW-006 Назначение исполнителя; FLOW-007 Завершение задачи; FLOW-008 Изменение статуса; FLOW-025 Optimistic conflict; FLOW-033 Массовая смена статуса,,Contract/integration,Critical,OpenAPI `PUT_api_v1_tasks_id_watchers`; Stage_3_Field_Traceability_Final_3.5.csv
AC-296,AC,MOD-005,Задачи,[Forbidden (Stage 3.5 State Matrix)/ObjectUnavailable (Stage 3.5 State Matrix)] Permission denied: Заменить наблюдателей не выполняется и данные не раскрываются,PUT_api_v1_tasks_id_watchers,PUT /api/v1/tasks/{id}/watchers,Task.ManageWatchers,OrganizerController.PUT_api_v1_tasks_id_watchers,SCR-029 Исполнители и наблюдатели,FLOW-004 Создание задачи; FLOW-005 Быстрое создание задачи; FLOW-006 Назначение исполнителя; FLOW-007 Завершение задачи; FLOW-008 Изменение статуса; FLOW-025 Optimistic conflict; FLOW-033 Массовая смена статуса,,Security/authorization,Critical,OpenAPI `PUT_api_v1_tasks_id_watchers`; Stage_3_Field_Traceability_Final_3.5.csv
AC-297,AC,MOD-005,Задачи,[Authentication/session error handling (Stage 3.5 error/UI rule)/Authentication/session error handling (Stage 3.5 error/UI rule)/Device-revocation error handling (Stage 3.5 error/UI rule)] Session/device interruption: операция прекращается без сохранения неподтверждённого состояния,PUT_api_v1_tasks_id_watchers,PUT /api/v1/tasks/{id}/watchers,Task.ManageWatchers,OrganizerController.PUT_api_v1_tasks_id_watchers,SCR-029 Исполнители и наблюдатели,FLOW-004 Создание задачи; FLOW-005 Быстрое создание задачи; FLOW-006 Назначение исполнителя; FLOW-007 Завершение задачи; FLOW-008 Изменение статуса; FLOW-025 Optimistic conflict; FLOW-033 Массовая смена статуса,,Security/session,Critical,OpenAPI `PUT_api_v1_tasks_id_watchers`; Stage_3_Field_Traceability_Final_3.5.csv
AC-298,AC,MOD-005,Задачи,[STATE-014/STATE-025] Conflict/precondition: устаревшая или отсутствующая If-Match не приводит к overwrite,PUT_api_v1_tasks_id_watchers,PUT /api/v1/tasks/{id}/watchers,Task.ManageWatchers,OrganizerController.PUT_api_v1_tasks_id_watchers,SCR-029 Исполнители и наблюдатели,FLOW-004 Создание задачи; FLOW-005 Быстрое создание задачи; FLOW-006 Назначение исполнителя; FLOW-007 Завершение задачи; FLOW-008 Изменение статуса; FLOW-025 Optimistic conflict; FLOW-033 Массовая смена статуса,,Concurrency/integration,Critical,OpenAPI `PUT_api_v1_tasks_id_watchers`; Stage_3_Field_Traceability_Final_3.5.csv
AC-299,AC,MOD-005,Задачи,[ServerUnavailable (Stage 3.5 State Matrix)/ServerUnavailable (cached read-only presentation) (Stage 3.5 State Matrix)/Reconnecting (Stage 3.5 State Matrix)] Server unavailable/read-only: команда Заменить наблюдателей не ставится в offline queue,PUT_api_v1_tasks_id_watchers,PUT /api/v1/tasks/{id}/watchers,Task.ManageWatchers,OrganizerController.PUT_api_v1_tasks_id_watchers,SCR-029 Исполнители и наблюдатели,FLOW-004 Создание задачи; FLOW-005 Быстрое создание задачи; FLOW-006 Назначение исполнителя; FLOW-007 Завершение задачи; FLOW-008 Изменение статуса; FLOW-025 Optimistic conflict; FLOW-033 Массовая смена статуса,,Desktop/resilience,Critical,OpenAPI `PUT_api_v1_tasks_id_watchers`; Stage_3_Field_Traceability_Final_3.5.csv
AC-300,AC,MOD-005,Задачи,[Stable-error-specific recovery (Stage 3.5 error/UI rule)] Idempotency: повтор с тем же key/hash не создаёт двойной side effect,PUT_api_v1_tasks_id_watchers,PUT /api/v1/tasks/{id}/watchers,Task.ManageWatchers,OrganizerController.PUT_api_v1_tasks_id_watchers,SCR-029 Исполнители и наблюдатели,FLOW-004 Создание задачи; FLOW-005 Быстрое создание задачи; FLOW-006 Назначение исполнителя; FLOW-007 Завершение задачи; FLOW-008 Изменение статуса; FLOW-025 Optimistic conflict; FLOW-033 Массовая смена статуса,,Integration,Critical,OpenAPI `PUT_api_v1_tasks_id_watchers`; Stage_3_Field_Traceability_Final_3.5.csv
AC-301,AC,MOD-005,Задачи,[Trashed (Stage 3.5 State Matrix)] Удалённый объект: команда не применяется к trashed target и не создаёт новый объект,PUT_api_v1_tasks_id_watchers,PUT /api/v1/tasks/{id}/watchers,Task.ManageWatchers,OrganizerController.PUT_api_v1_tasks_id_watchers,SCR-029 Исполнители и наблюдатели,FLOW-004 Создание задачи; FLOW-005 Быстрое создание задачи; FLOW-006 Назначение исполнителя; FLOW-007 Завершение задачи; FLOW-008 Изменение статуса; FLOW-025 Optimistic conflict; FLOW-033 Массовая смена статуса,,Lifecycle/integration,High,OpenAPI `PUT_api_v1_tasks_id_watchers`; Stage_3_Field_Traceability_Final_3.5.csv
AC-1409,AC,MOD-005,Задачи,Desktop behavior: Полный редактор Task должен сохранять draft только по явной команде и сохранять его в памяти при recoverable error.,"— (Desktop-only, без нового API)","— (Desktop-only, без нового API)",Capability-driven; server recheck для команд,"— (Desktop-only, без нового API)","SCR-020 Задачи: список/дерево; SCR-021 Фильтры задач; SCR-022 Быстрое создание задачи; SCR-023 Полный редактор задачи; SCR-024 ETag/If-Match, task aggregate, directory; SCR-025 Инспектор задачи; SCR-029 Исполнители и наблюдатели; SCR-030 Зависимости задач; SCR-031 Массовые действия задач; SCR-032 Разрешение конфликта Task; SCR-034 Контекстное меню задачи",FLOW-004 Создание задачи; FLOW-005 Быстрое создание задачи; FLOW-006 Назначение исполнителя; FLOW-007 Завершение задачи; FLOW-008 Изменение статуса; FLOW-025 Optimistic conflict; FLOW-033 Массовая смена статуса,,Desktop/UI,High,Stage 3.5 UX Architecture
AC-1410,AC,MOD-005,Задачи,"Desktop behavior: Task list должен поддерживать представления по датам, проектам, исполнителям, статусам и приоритетам без client-side обхода permissions.","— (Desktop-only, без нового API)","— (Desktop-only, без нового API)",Capability-driven; server recheck для команд,"— (Desktop-only, без нового API)","SCR-020 Задачи: список/дерево; SCR-021 Фильтры задач; SCR-022 Быстрое создание задачи; SCR-023 Полный редактор задачи; SCR-024 ETag/If-Match, task aggregate, directory; SCR-025 Инспектор задачи; SCR-029 Исполнители и наблюдатели; SCR-030 Зависимости задач; SCR-031 Массовые действия задач; SCR-032 Разрешение конфликта Task; SCR-034 Контекстное меню задачи",FLOW-004 Создание задачи; FLOW-005 Быстрое создание задачи; FLOW-006 Назначение исполнителя; FLOW-007 Завершение задачи; FLOW-008 Изменение статуса; FLOW-025 Optimistic conflict; FLOW-033 Массовая смена статуса,,Desktop/UI,High,Stage 3.5 UX Architecture
AC-1411,AC,MOD-005,Задачи,Security: недоступные данные/действия не раскрываются через локальное состояние,"— (Desktop-only, без нового API)","— (Desktop-only, без нового API)",Capability-driven; server recheck для команд,"— (Desktop-only, без нового API)","SCR-020 Задачи: список/дерево; SCR-021 Фильтры задач; SCR-022 Быстрое создание задачи; SCR-023 Полный редактор задачи; SCR-024 ETag/If-Match, task aggregate, directory; SCR-025 Инспектор задачи; SCR-029 Исполнители и наблюдатели; SCR-030 Зависимости задач; SCR-031 Массовые действия задач; SCR-032 Разрешение конфликта Task; SCR-034 Контекстное меню задачи",FLOW-004 Создание задачи; FLOW-005 Быстрое создание задачи; FLOW-006 Назначение исполнителя; FLOW-007 Завершение задачи; FLOW-008 Изменение статуса; FLOW-025 Optimistic conflict; FLOW-033 Массовая смена статуса,,Security/UI,Critical,DEC-004/030/032
AC-1412,AC,MOD-005,Задачи,"Desktop behavior: Review workflow должен показывать только server-allowed переходы: отправить на проверку, принять, вернуть в работу.","— (Desktop-only, без нового API)","— (Desktop-only, без нового API)",Capability-driven; server recheck для команд,"— (Desktop-only, без нового API)","SCR-020 Задачи: список/дерево; SCR-021 Фильтры задач; SCR-022 Быстрое создание задачи; SCR-023 Полный редактор задачи; SCR-024 ETag/If-Match, task aggregate, directory; SCR-025 Инспектор задачи; SCR-029 Исполнители и наблюдатели; SCR-030 Зависимости задач; SCR-031 Массовые действия задач; SCR-032 Разрешение конфликта Task; SCR-034 Контекстное меню задачи",FLOW-004 Создание задачи; FLOW-005 Быстрое создание задачи; FLOW-006 Назначение исполнителя; FLOW-007 Завершение задачи; FLOW-008 Изменение статуса; FLOW-025 Optimistic conflict; FLOW-033 Массовая смена статуса,,Desktop/UI,High,Stage 3.5 UX Architecture
AC-1467,AC,MOD-005,Задачи,[STATE-007] Field contract: TaskCreate.title respects type/required/nullable/limits/PATCH semantics,— (операции модуля),—,—,—,"SCR-020 Задачи: список/дерево; SCR-021 Фильтры задач; SCR-022 Быстрое создание задачи; SCR-023 Полный редактор задачи; SCR-024 ETag/If-Match, task aggregate, directory; SCR-025 Инспектор задачи; SCR-029 Исполнители и наблюдатели; SCR-030 Зависимости задач; SCR-031 Массовые действия задач; SCR-032 Разрешение конфликта Task; SCR-034 Контекстное меню задачи",FLOW-004 Создание задачи; FLOW-005 Быстрое создание задачи; FLOW-006 Назначение исполнителя; FLOW-007 Завершение задачи; FLOW-008 Изменение статуса; FLOW-025 Optimistic conflict; FLOW-033 Массовая смена статуса,,Boundary/contract UI,High,dto_field_catalog.csv:TaskCreate.title; openapi.yaml operation POST_api_v1_tasks
AC-1468,AC,MOD-005,Задачи,[STATE-007] Field contract: TaskAssigneesReplace.assigneeIds respects type/required/nullable/limits/PATCH semantics,— (операции модуля),—,—,—,"SCR-020 Задачи: список/дерево; SCR-021 Фильтры задач; SCR-022 Быстрое создание задачи; SCR-023 Полный редактор задачи; SCR-024 ETag/If-Match, task aggregate, directory; SCR-025 Инспектор задачи; SCR-029 Исполнители и наблюдатели; SCR-030 Зависимости задач; SCR-031 Массовые действия задач; SCR-032 Разрешение конфликта Task; SCR-034 Контекстное меню задачи",FLOW-004 Создание задачи; FLOW-005 Быстрое создание задачи; FLOW-006 Назначение исполнителя; FLOW-007 Завершение задачи; FLOW-008 Изменение статуса; FLOW-025 Optimistic conflict; FLOW-033 Массовая смена статуса,,Boundary/contract UI,High,dto_field_catalog.csv:TaskAssigneesReplace.assigneeIds; openapi.yaml operation PUT_api_v1_tasks_id_assignees
AC-1469,AC,MOD-005,Задачи,[STATE-007] Field contract: TaskWatchersReplace.watcherIds respects type/required/nullable/limits/PATCH semantics,— (операции модуля),—,—,—,"SCR-020 Задачи: список/дерево; SCR-021 Фильтры задач; SCR-022 Быстрое создание задачи; SCR-023 Полный редактор задачи; SCR-024 ETag/If-Match, task aggregate, directory; SCR-025 Инспектор задачи; SCR-029 Исполнители и наблюдатели; SCR-030 Зависимости задач; SCR-031 Массовые действия задач; SCR-032 Разрешение конфликта Task; SCR-034 Контекстное меню задачи",FLOW-004 Создание задачи; FLOW-005 Быстрое создание задачи; FLOW-006 Назначение исполнителя; FLOW-007 Завершение задачи; FLOW-008 Изменение статуса; FLOW-025 Optimistic conflict; FLOW-033 Массовая смена статуса,,Boundary/contract UI,High,dto_field_catalog.csv:TaskWatchersReplace.watcherIds; openapi.yaml operation PUT_api_v1_tasks_id_watchers
AC-1470,AC,MOD-005,Задачи,[STATE-007] Field contract: TaskPatch.title respects type/required/nullable/limits/PATCH semantics,— (операции модуля),—,—,—,"SCR-020 Задачи: список/дерево; SCR-021 Фильтры задач; SCR-022 Быстрое создание задачи; SCR-023 Полный редактор задачи; SCR-024 ETag/If-Match, task aggregate, directory; SCR-025 Инспектор задачи; SCR-029 Исполнители и наблюдатели; SCR-030 Зависимости задач; SCR-031 Массовые действия задач; SCR-032 Разрешение конфликта Task; SCR-034 Контекстное меню задачи",FLOW-004 Создание задачи; FLOW-005 Быстрое создание задачи; FLOW-006 Назначение исполнителя; FLOW-007 Завершение задачи; FLOW-008 Изменение статуса; FLOW-025 Optimistic conflict; FLOW-033 Массовая смена статуса,,Boundary/contract UI,High,dto_field_catalog.csv:TaskPatch.title; openapi.yaml operation PATCH_api_v1_tasks_id
AC-1471,AC,MOD-005,Задачи,[STATE-007] Field contract: TaskCreate.description respects type/required/nullable/limits/PATCH semantics,— (операции модуля),—,—,—,"SCR-020 Задачи: список/дерево; SCR-021 Фильтры задач; SCR-022 Быстрое создание задачи; SCR-023 Полный редактор задачи; SCR-024 ETag/If-Match, task aggregate, directory; SCR-025 Инспектор задачи; SCR-029 Исполнители и наблюдатели; SCR-030 Зависимости задач; SCR-031 Массовые действия задач; SCR-032 Разрешение конфликта Task; SCR-034 Контекстное меню задачи",FLOW-004 Создание задачи; FLOW-005 Быстрое создание задачи; FLOW-006 Назначение исполнителя; FLOW-007 Завершение задачи; FLOW-008 Изменение статуса; FLOW-025 Optimistic conflict; FLOW-033 Массовая смена статуса,,Boundary/contract UI,High,dto_field_catalog.csv:TaskCreate.description; openapi.yaml operation POST_api_v1_tasks
AC-1472,AC,MOD-005,Задачи,[STATE-007] Field contract: TaskPatch.description respects type/required/nullable/limits/PATCH semantics,— (операции модуля),—,—,—,"SCR-020 Задачи: список/дерево; SCR-021 Фильтры задач; SCR-022 Быстрое создание задачи; SCR-023 Полный редактор задачи; SCR-024 ETag/If-Match, task aggregate, directory; SCR-025 Инспектор задачи; SCR-029 Исполнители и наблюдатели; SCR-030 Зависимости задач; SCR-031 Массовые действия задач; SCR-032 Разрешение конфликта Task; SCR-034 Контекстное меню задачи",FLOW-004 Создание задачи; FLOW-005 Быстрое создание задачи; FLOW-006 Назначение исполнителя; FLOW-007 Завершение задачи; FLOW-008 Изменение статуса; FLOW-025 Optimistic conflict; FLOW-033 Массовая смена статуса,,Boundary/contract UI,High,dto_field_catalog.csv:TaskPatch.description; openapi.yaml operation PATCH_api_v1_tasks_id
AC-1473,AC,MOD-005,Задачи,[STATE-007] Field contract: TaskCreate.status respects type/required/nullable/limits/PATCH semantics,— (операции модуля),—,—,—,"SCR-020 Задачи: список/дерево; SCR-021 Фильтры задач; SCR-022 Быстрое создание задачи; SCR-023 Полный редактор задачи; SCR-024 ETag/If-Match, task aggregate, directory; SCR-025 Инспектор задачи; SCR-029 Исполнители и наблюдатели; SCR-030 Зависимости задач; SCR-031 Массовые действия задач; SCR-032 Разрешение конфликта Task; SCR-034 Контекстное меню задачи",FLOW-004 Создание задачи; FLOW-005 Быстрое создание задачи; FLOW-006 Назначение исполнителя; FLOW-007 Завершение задачи; FLOW-008 Изменение статуса; FLOW-025 Optimistic conflict; FLOW-033 Массовая смена статуса,,Boundary/contract UI,High,dto_field_catalog.csv:TaskCreate.status; openapi.yaml operation POST_api_v1_tasks
AC-1474,AC,MOD-005,Задачи,[STATE-007] Field contract: TaskPatch.status respects type/required/nullable/limits/PATCH semantics,— (операции модуля),—,—,—,"SCR-020 Задачи: список/дерево; SCR-021 Фильтры задач; SCR-022 Быстрое создание задачи; SCR-023 Полный редактор задачи; SCR-024 ETag/If-Match, task aggregate, directory; SCR-025 Инспектор задачи; SCR-029 Исполнители и наблюдатели; SCR-030 Зависимости задач; SCR-031 Массовые действия задач; SCR-032 Разрешение конфликта Task; SCR-034 Контекстное меню задачи",FLOW-004 Создание задачи; FLOW-005 Быстрое создание задачи; FLOW-006 Назначение исполнителя; FLOW-007 Завершение задачи; FLOW-008 Изменение статуса; FLOW-025 Optimistic conflict; FLOW-033 Массовая смена статуса,,Boundary/contract UI,High,dto_field_catalog.csv:TaskPatch.status; openapi.yaml operation PATCH_api_v1_tasks_id
AC-1475,AC,MOD-005,Задачи,[STATE-007] Field contract: TaskCreate.priority respects type/required/nullable/limits/PATCH semantics,— (операции модуля),—,—,—,"SCR-020 Задачи: список/дерево; SCR-021 Фильтры задач; SCR-022 Быстрое создание задачи; SCR-023 Полный редактор задачи; SCR-024 ETag/If-Match, task aggregate, directory; SCR-025 Инспектор задачи; SCR-029 Исполнители и наблюдатели; SCR-030 Зависимости задач; SCR-031 Массовые действия задач; SCR-032 Разрешение конфликта Task; SCR-034 Контекстное меню задачи",FLOW-004 Создание задачи; FLOW-005 Быстрое создание задачи; FLOW-006 Назначение исполнителя; FLOW-007 Завершение задачи; FLOW-008 Изменение статуса; FLOW-025 Optimistic conflict; FLOW-033 Массовая смена статуса,,Boundary/contract UI,High,dto_field_catalog.csv:TaskCreate.priority; openapi.yaml operation POST_api_v1_tasks
AC-1476,AC,MOD-005,Задачи,[STATE-007] Field contract: TaskPatch.priority respects type/required/nullable/limits/PATCH semantics,— (операции модуля),—,—,—,"SCR-020 Задачи: список/дерево; SCR-021 Фильтры задач; SCR-022 Быстрое создание задачи; SCR-023 Полный редактор задачи; SCR-024 ETag/If-Match, task aggregate, directory; SCR-025 Инспектор задачи; SCR-029 Исполнители и наблюдатели; SCR-030 Зависимости задач; SCR-031 Массовые действия задач; SCR-032 Разрешение конфликта Task; SCR-034 Контекстное меню задачи",FLOW-004 Создание задачи; FLOW-005 Быстрое создание задачи; FLOW-006 Назначение исполнителя; FLOW-007 Завершение задачи; FLOW-008 Изменение статуса; FLOW-025 Optimistic conflict; FLOW-033 Массовая смена статуса,,Boundary/contract UI,High,dto_field_catalog.csv:TaskPatch.priority; openapi.yaml operation PATCH_api_v1_tasks_id
AC-1477,AC,MOD-005,Задачи,[STATE-007] Field contract: TaskCreate.projectId respects type/required/nullable/limits/PATCH semantics,— (операции модуля),—,—,—,"SCR-020 Задачи: список/дерево; SCR-021 Фильтры задач; SCR-022 Быстрое создание задачи; SCR-023 Полный редактор задачи; SCR-024 ETag/If-Match, task aggregate, directory; SCR-025 Инспектор задачи; SCR-029 Исполнители и наблюдатели; SCR-030 Зависимости задач; SCR-031 Массовые действия задач; SCR-032 Разрешение конфликта Task; SCR-034 Контекстное меню задачи",FLOW-004 Создание задачи; FLOW-005 Быстрое создание задачи; FLOW-006 Назначение исполнителя; FLOW-007 Завершение задачи; FLOW-008 Изменение статуса; FLOW-025 Optimistic conflict; FLOW-033 Массовая смена статуса,,Boundary/contract UI,High,dto_field_catalog.csv:TaskCreate.projectId; openapi.yaml operation POST_api_v1_tasks
AC-1478,AC,MOD-005,Задачи,[STATE-007] Field contract: TaskMoveRequest.projectId respects type/required/nullable/limits/PATCH semantics,— (операции модуля),—,—,—,"SCR-020 Задачи: список/дерево; SCR-021 Фильтры задач; SCR-022 Быстрое создание задачи; SCR-023 Полный редактор задачи; SCR-024 ETag/If-Match, task aggregate, directory; SCR-025 Инспектор задачи; SCR-029 Исполнители и наблюдатели; SCR-030 Зависимости задач; SCR-031 Массовые действия задач; SCR-032 Разрешение конфликта Task; SCR-034 Контекстное меню задачи",FLOW-004 Создание задачи; FLOW-005 Быстрое создание задачи; FLOW-006 Назначение исполнителя; FLOW-007 Завершение задачи; FLOW-008 Изменение статуса; FLOW-025 Optimistic conflict; FLOW-033 Массовая смена статуса,,Boundary/contract UI,High,dto_field_catalog.csv:TaskMoveRequest.projectId; openapi.yaml operation POST_api_v1_tasks_id_move
AC-1479,AC,MOD-005,Задачи,[STATE-007] Field contract: TaskPatch.projectId respects type/required/nullable/limits/PATCH semantics,— (операции модуля),—,—,—,"SCR-020 Задачи: список/дерево; SCR-021 Фильтры задач; SCR-022 Быстрое создание задачи; SCR-023 Полный редактор задачи; SCR-024 ETag/If-Match, task aggregate, directory; SCR-025 Инспектор задачи; SCR-029 Исполнители и наблюдатели; SCR-030 Зависимости задач; SCR-031 Массовые действия задач; SCR-032 Разрешение конфликта Task; SCR-034 Контекстное меню задачи",FLOW-004 Создание задачи; FLOW-005 Быстрое создание задачи; FLOW-006 Назначение исполнителя; FLOW-007 Завершение задачи; FLOW-008 Изменение статуса; FLOW-025 Optimistic conflict; FLOW-033 Массовая смена статуса,,Boundary/contract UI,High,dto_field_catalog.csv:TaskPatch.projectId; openapi.yaml operation PATCH_api_v1_tasks_id
AC-1480,AC,MOD-005,Задачи,[STATE-007] Field contract: TaskCreate.assigneeIds respects type/required/nullable/limits/PATCH semantics,— (операции модуля),—,—,—,"SCR-020 Задачи: список/дерево; SCR-021 Фильтры задач; SCR-022 Быстрое создание задачи; SCR-023 Полный редактор задачи; SCR-024 ETag/If-Match, task aggregate, directory; SCR-025 Инспектор задачи; SCR-029 Исполнители и наблюдатели; SCR-030 Зависимости задач; SCR-031 Массовые действия задач; SCR-032 Разрешение конфликта Task; SCR-034 Контекстное меню задачи",FLOW-004 Создание задачи; FLOW-005 Быстрое создание задачи; FLOW-006 Назначение исполнителя; FLOW-007 Завершение задачи; FLOW-008 Изменение статуса; FLOW-025 Optimistic conflict; FLOW-033 Массовая смена статуса,,Boundary/contract UI,High,dto_field_catalog.csv:TaskCreate.assigneeIds; openapi.yaml operation POST_api_v1_tasks
AC-1481,AC,MOD-005,Задачи,[STATE-007] Field contract: TaskPatch.assigneeIds respects type/required/nullable/limits/PATCH semantics,— (операции модуля),—,—,—,"SCR-020 Задачи: список/дерево; SCR-021 Фильтры задач; SCR-022 Быстрое создание задачи; SCR-023 Полный редактор задачи; SCR-024 ETag/If-Match, task aggregate, directory; SCR-025 Инспектор задачи; SCR-029 Исполнители и наблюдатели; SCR-030 Зависимости задач; SCR-031 Массовые действия задач; SCR-032 Разрешение конфликта Task; SCR-034 Контекстное меню задачи",FLOW-004 Создание задачи; FLOW-005 Быстрое создание задачи; FLOW-006 Назначение исполнителя; FLOW-007 Завершение задачи; FLOW-008 Изменение статуса; FLOW-025 Optimistic conflict; FLOW-033 Массовая смена статуса,,Boundary/contract UI,High,dto_field_catalog.csv:TaskPatch.assigneeIds; openapi.yaml operation PATCH_api_v1_tasks_id
AC-1482,AC,MOD-005,Задачи,[STATE-007] Field contract: TaskCreate.watcherIds respects type/required/nullable/limits/PATCH semantics,— (операции модуля),—,—,—,"SCR-020 Задачи: список/дерево; SCR-021 Фильтры задач; SCR-022 Быстрое создание задачи; SCR-023 Полный редактор задачи; SCR-024 ETag/If-Match, task aggregate, directory; SCR-025 Инспектор задачи; SCR-029 Исполнители и наблюдатели; SCR-030 Зависимости задач; SCR-031 Массовые действия задач; SCR-032 Разрешение конфликта Task; SCR-034 Контекстное меню задачи",FLOW-004 Создание задачи; FLOW-005 Быстрое создание задачи; FLOW-006 Назначение исполнителя; FLOW-007 Завершение задачи; FLOW-008 Изменение статуса; FLOW-025 Optimistic conflict; FLOW-033 Массовая смена статуса,,Boundary/contract UI,High,dto_field_catalog.csv:TaskCreate.watcherIds; openapi.yaml operation POST_api_v1_tasks
AC-1483,AC,MOD-005,Задачи,[STATE-007] Field contract: TaskPatch.watcherIds respects type/required/nullable/limits/PATCH semantics,— (операции модуля),—,—,—,"SCR-020 Задачи: список/дерево; SCR-021 Фильтры задач; SCR-022 Быстрое создание задачи; SCR-023 Полный редактор задачи; SCR-024 ETag/If-Match, task aggregate, directory; SCR-025 Инспектор задачи; SCR-029 Исполнители и наблюдатели; SCR-030 Зависимости задач; SCR-031 Массовые действия задач; SCR-032 Разрешение конфликта Task; SCR-034 Контекстное меню задачи",FLOW-004 Создание задачи; FLOW-005 Быстрое создание задачи; FLOW-006 Назначение исполнителя; FLOW-007 Завершение задачи; FLOW-008 Изменение статуса; FLOW-025 Optimistic conflict; FLOW-033 Массовая смена статуса,,Boundary/contract UI,High,dto_field_catalog.csv:TaskPatch.watcherIds; openapi.yaml operation PATCH_api_v1_tasks_id
AC-1484,AC,MOD-005,Задачи,[STATE-007] Field contract: TaskCreate.scheduledDate respects type/required/nullable/limits/PATCH semantics,— (операции модуля),—,—,—,"SCR-020 Задачи: список/дерево; SCR-021 Фильтры задач; SCR-022 Быстрое создание задачи; SCR-023 Полный редактор задачи; SCR-024 ETag/If-Match, task aggregate, directory; SCR-025 Инспектор задачи; SCR-029 Исполнители и наблюдатели; SCR-030 Зависимости задач; SCR-031 Массовые действия задач; SCR-032 Разрешение конфликта Task; SCR-034 Контекстное меню задачи",FLOW-004 Создание задачи; FLOW-005 Быстрое создание задачи; FLOW-006 Назначение исполнителя; FLOW-007 Завершение задачи; FLOW-008 Изменение статуса; FLOW-025 Optimistic conflict; FLOW-033 Массовая смена статуса,,Boundary/contract UI,High,dto_field_catalog.csv:TaskCreate.scheduledDate; openapi.yaml operation POST_api_v1_tasks
AC-1485,AC,MOD-005,Задачи,[STATE-007] Field contract: TaskPatch.scheduledDate respects type/required/nullable/limits/PATCH semantics,— (операции модуля),—,—,—,"SCR-020 Задачи: список/дерево; SCR-021 Фильтры задач; SCR-022 Быстрое создание задачи; SCR-023 Полный редактор задачи; SCR-024 ETag/If-Match, task aggregate, directory; SCR-025 Инспектор задачи; SCR-029 Исполнители и наблюдатели; SCR-030 Зависимости задач; SCR-031 Массовые действия задач; SCR-032 Разрешение конфликта Task; SCR-034 Контекстное меню задачи",FLOW-004 Создание задачи; FLOW-005 Быстрое создание задачи; FLOW-006 Назначение исполнителя; FLOW-007 Завершение задачи; FLOW-008 Изменение статуса; FLOW-025 Optimistic conflict; FLOW-033 Массовая смена статуса,,Boundary/contract UI,High,dto_field_catalog.csv:TaskPatch.scheduledDate; openapi.yaml operation PATCH_api_v1_tasks_id
AC-1486,AC,MOD-005,Задачи,[STATE-007] Field contract: TaskCreate.startTimeLocal respects type/required/nullable/limits/PATCH semantics,— (операции модуля),—,—,—,"SCR-020 Задачи: список/дерево; SCR-021 Фильтры задач; SCR-022 Быстрое создание задачи; SCR-023 Полный редактор задачи; SCR-024 ETag/If-Match, task aggregate, directory; SCR-025 Инспектор задачи; SCR-029 Исполнители и наблюдатели; SCR-030 Зависимости задач; SCR-031 Массовые действия задач; SCR-032 Разрешение конфликта Task; SCR-034 Контекстное меню задачи",FLOW-004 Создание задачи; FLOW-005 Быстрое создание задачи; FLOW-006 Назначение исполнителя; FLOW-007 Завершение задачи; FLOW-008 Изменение статуса; FLOW-025 Optimistic conflict; FLOW-033 Массовая смена статуса,,Boundary/contract UI,High,dto_field_catalog.csv:TaskCreate.startTimeLocal; openapi.yaml operation POST_api_v1_tasks
AC-1487,AC,MOD-005,Задачи,[STATE-007] Field contract: TaskPatch.startTimeLocal respects type/required/nullable/limits/PATCH semantics,— (операции модуля),—,—,—,"SCR-020 Задачи: список/дерево; SCR-021 Фильтры задач; SCR-022 Быстрое создание задачи; SCR-023 Полный редактор задачи; SCR-024 ETag/If-Match, task aggregate, directory; SCR-025 Инспектор задачи; SCR-029 Исполнители и наблюдатели; SCR-030 Зависимости задач; SCR-031 Массовые действия задач; SCR-032 Разрешение конфликта Task; SCR-034 Контекстное меню задачи",FLOW-004 Создание задачи; FLOW-005 Быстрое создание задачи; FLOW-006 Назначение исполнителя; FLOW-007 Завершение задачи; FLOW-008 Изменение статуса; FLOW-025 Optimistic conflict; FLOW-033 Массовая смена статуса,,Boundary/contract UI,High,dto_field_catalog.csv:TaskPatch.startTimeLocal; openapi.yaml operation PATCH_api_v1_tasks_id
AC-1488,AC,MOD-005,Задачи,[STATE-007] Field contract: TaskCreate.plannedDurationMinutes respects type/required/nullable/limits/PATCH semantics,— (операции модуля),—,—,—,"SCR-020 Задачи: список/дерево; SCR-021 Фильтры задач; SCR-022 Быстрое создание задачи; SCR-023 Полный редактор задачи; SCR-024 ETag/If-Match, task aggregate, directory; SCR-025 Инспектор задачи; SCR-029 Исполнители и наблюдатели; SCR-030 Зависимости задач; SCR-031 Массовые действия задач; SCR-032 Разрешение конфликта Task; SCR-034 Контекстное меню задачи",FLOW-004 Создание задачи; FLOW-005 Быстрое создание задачи; FLOW-006 Назначение исполнителя; FLOW-007 Завершение задачи; FLOW-008 Изменение статуса; FLOW-025 Optimistic conflict; FLOW-033 Массовая смена статуса,,Boundary/contract UI,High,dto_field_catalog.csv:TaskCreate.plannedDurationMinutes; openapi.yaml operation POST_api_v1_tasks
AC-1489,AC,MOD-005,Задачи,[STATE-007] Field contract: TaskPatch.plannedDurationMinutes respects type/required/nullable/limits/PATCH semantics,— (операции модуля),—,—,—,"SCR-020 Задачи: список/дерево; SCR-021 Фильтры задач; SCR-022 Быстрое создание задачи; SCR-023 Полный редактор задачи; SCR-024 ETag/If-Match, task aggregate, directory; SCR-025 Инспектор задачи; SCR-029 Исполнители и наблюдатели; SCR-030 Зависимости задач; SCR-031 Массовые действия задач; SCR-032 Разрешение конфликта Task; SCR-034 Контекстное меню задачи",FLOW-004 Создание задачи; FLOW-005 Быстрое создание задачи; FLOW-006 Назначение исполнителя; FLOW-007 Завершение задачи; FLOW-008 Изменение статуса; FLOW-025 Optimistic conflict; FLOW-033 Массовая смена статуса,,Boundary/contract UI,High,dto_field_catalog.csv:TaskPatch.plannedDurationMinutes; openapi.yaml operation PATCH_api_v1_tasks_id
AC-1490,AC,MOD-005,Задачи,[STATE-007] Field contract: TaskCreate.deadlineAt respects type/required/nullable/limits/PATCH semantics,— (операции модуля),—,—,—,"SCR-020 Задачи: список/дерево; SCR-021 Фильтры задач; SCR-022 Быстрое создание задачи; SCR-023 Полный редактор задачи; SCR-024 ETag/If-Match, task aggregate, directory; SCR-025 Инспектор задачи; SCR-029 Исполнители и наблюдатели; SCR-030 Зависимости задач; SCR-031 Массовые действия задач; SCR-032 Разрешение конфликта Task; SCR-034 Контекстное меню задачи",FLOW-004 Создание задачи; FLOW-005 Быстрое создание задачи; FLOW-006 Назначение исполнителя; FLOW-007 Завершение задачи; FLOW-008 Изменение статуса; FLOW-025 Optimistic conflict; FLOW-033 Массовая смена статуса,,Boundary/contract UI,High,dto_field_catalog.csv:TaskCreate.deadlineAt; openapi.yaml operation POST_api_v1_tasks
AC-1832,AC,MOD-005,Задачи,Permission denial for FR-026,— (операции модуля),—,—,—,"SCR-020 Задачи: список/дерево; SCR-021 Фильтры задач; SCR-022 Быстрое создание задачи; SCR-023 Полный редактор задачи; SCR-024 ETag/If-Match, task aggregate, directory; SCR-025 Инспектор задачи; SCR-029 Исполнители и наблюдатели; SCR-030 Зависимости задач; SCR-031 Массовые действия задач; SCR-032 Разрешение конфликта Task; SCR-034 Контекстное меню задачи",FLOW-004 Создание задачи; FLOW-005 Быстрое создание задачи; FLOW-006 Назначение исполнителя; FLOW-007 Завершение задачи; FLOW-008 Изменение статуса; FLOW-025 Optimistic conflict; FLOW-033 Массовая смена статуса,,Security/authorization,Critical,OpenAPI `GET_api_v1_tasks`; Stage_3_Field_Traceability_Final_3.5.csv; cross-cutting requirement PERM-005
AC-1853,AC,MOD-005,Задачи,Stable error handling for FR-026,— (операции модуля),—,—,—,"SCR-020 Задачи: список/дерево; SCR-021 Фильтры задач; SCR-022 Быстрое создание задачи; SCR-023 Полный редактор задачи; SCR-024 ETag/If-Match, task aggregate, directory; SCR-025 Инспектор задачи; SCR-029 Исполнители и наблюдатели; SCR-030 Зависимости задач; SCR-031 Массовые действия задач; SCR-032 Разрешение конфликта Task; SCR-034 Контекстное меню задачи",FLOW-004 Создание задачи; FLOW-005 Быстрое создание задачи; FLOW-006 Назначение исполнителя; FLOW-007 Завершение задачи; FLOW-008 Изменение статуса; FLOW-025 Optimistic conflict; FLOW-033 Массовая смена статуса,,Error handling,High,OpenAPI `GET_api_v1_tasks`; Stage_3_Field_Traceability_Final_3.5.csv; cross-cutting requirement ERR-005
AC-1874,AC,MOD-005,Задачи,Read outage behavior for FR-026,GET_api_v1_sync_changes; POST_api_v1_sync_bootstrap; POST_api_v1_sync_ack,GET /api/v1/sync/changes; POST /api/v1/sync/bootstrap; POST /api/v1/sync/ack,—,OrganizerController.GET_api_v1_sync_changes; OrganizerController.POST_api_v1_sync_bootstrap; OrganizerController.POST_api_v1_sync_ack,"SCR-020 Задачи: список/дерево; SCR-021 Фильтры задач; SCR-022 Быстрое создание задачи; SCR-023 Полный редактор задачи; SCR-024 ETag/If-Match, task aggregate, directory; SCR-025 Инспектор задачи; SCR-029 Исполнители и наблюдатели; SCR-030 Зависимости задач; SCR-031 Массовые действия задач; SCR-032 Разрешение конфликта Task; SCR-034 Контекстное меню задачи",FLOW-004 Создание задачи; FLOW-005 Быстрое создание задачи; FLOW-006 Назначение исполнителя; FLOW-007 Завершение задачи; FLOW-008 Изменение статуса; FLOW-025 Optimistic conflict; FLOW-033 Массовая смена статуса,,Desktop/resilience,High,OpenAPI `GET_api_v1_tasks`; Stage_3_Field_Traceability_Final_3.5.csv; cross-cutting requirement SYNC-005
AC-1895,AC,MOD-005,Задачи,Audit evidence for FR-026,— (domain command + audit/history endpoints),—,—,— (domain handlers + audit pipeline),"SCR-020 Задачи: список/дерево; SCR-021 Фильтры задач; SCR-022 Быстрое создание задачи; SCR-023 Полный редактор задачи; SCR-024 ETag/If-Match, task aggregate, directory; SCR-025 Инспектор задачи; SCR-029 Исполнители и наблюдатели; SCR-030 Зависимости задач; SCR-031 Массовые действия задач; SCR-032 Разрешение конфликта Task; SCR-034 Контекстное меню задачи",FLOW-004 Создание задачи; FLOW-005 Быстрое создание задачи; FLOW-006 Назначение исполнителя; FLOW-007 Завершение задачи; FLOW-008 Изменение статуса; FLOW-025 Optimistic conflict; FLOW-033 Массовая смена статуса,,Audit/security,Critical,OpenAPI `GET_api_v1_tasks`; Stage_3_Field_Traceability_Final_3.5.csv; cross-cutting requirement AUDIT-005
AC-1950,AC,MOD-005,Задачи,Permission denial for FR-027,— (операции модуля),—,—,—,"SCR-020 Задачи: список/дерево; SCR-021 Фильтры задач; SCR-022 Быстрое создание задачи; SCR-023 Полный редактор задачи; SCR-024 ETag/If-Match, task aggregate, directory; SCR-025 Инспектор задачи; SCR-029 Исполнители и наблюдатели; SCR-030 Зависимости задач; SCR-031 Массовые действия задач; SCR-032 Разрешение конфликта Task; SCR-034 Контекстное меню задачи",FLOW-004 Создание задачи; FLOW-005 Быстрое создание задачи; FLOW-006 Назначение исполнителя; FLOW-007 Завершение задачи; FLOW-008 Изменение статуса; FLOW-025 Optimistic conflict; FLOW-033 Массовая смена статуса,,Security/authorization,Critical,OpenAPI `POST_api_v1_tasks`; Stage_3_Field_Traceability_Final_3.5.csv; cross-cutting requirement PERM-005
AC-1951,AC,MOD-005,Задачи,Permission denial for FR-028,— (операции модуля),—,—,—,"SCR-020 Задачи: список/дерево; SCR-021 Фильтры задач; SCR-022 Быстрое создание задачи; SCR-023 Полный редактор задачи; SCR-024 ETag/If-Match, task aggregate, directory; SCR-025 Инспектор задачи; SCR-029 Исполнители и наблюдатели; SCR-030 Зависимости задач; SCR-031 Массовые действия задач; SCR-032 Разрешение конфликта Task; SCR-034 Контекстное меню задачи",FLOW-004 Создание задачи; FLOW-005 Быстрое создание задачи; FLOW-006 Назначение исполнителя; FLOW-007 Завершение задачи; FLOW-008 Изменение статуса; FLOW-025 Optimistic conflict; FLOW-033 Массовая смена статуса,,Security/authorization,Critical,OpenAPI `POST_api_v1_tasks_bulk_transition`; Stage_3_Field_Traceability_Final_3.5.csv; cross-cutting requirement PERM-005
AC-1952,AC,MOD-005,Задачи,Permission denial for FR-029,— (операции модуля),—,—,—,"SCR-020 Задачи: список/дерево; SCR-021 Фильтры задач; SCR-022 Быстрое создание задачи; SCR-023 Полный редактор задачи; SCR-024 ETag/If-Match, task aggregate, directory; SCR-025 Инспектор задачи; SCR-029 Исполнители и наблюдатели; SCR-030 Зависимости задач; SCR-031 Массовые действия задач; SCR-032 Разрешение конфликта Task; SCR-034 Контекстное меню задачи",FLOW-004 Создание задачи; FLOW-005 Быстрое создание задачи; FLOW-006 Назначение исполнителя; FLOW-007 Завершение задачи; FLOW-008 Изменение статуса; FLOW-025 Optimistic conflict; FLOW-033 Массовая смена статуса,,Security/authorization,Critical,OpenAPI `DELETE_api_v1_tasks_id`; Stage_3_Field_Traceability_Final_3.5.csv; cross-cutting requirement PERM-005
AC-1953,AC,MOD-005,Задачи,Permission denial for FR-030,— (операции модуля),—,—,—,"SCR-020 Задачи: список/дерево; SCR-021 Фильтры задач; SCR-022 Быстрое создание задачи; SCR-023 Полный редактор задачи; SCR-024 ETag/If-Match, task aggregate, directory; SCR-025 Инспектор задачи; SCR-029 Исполнители и наблюдатели; SCR-030 Зависимости задач; SCR-031 Массовые действия задач; SCR-032 Разрешение конфликта Task; SCR-034 Контекстное меню задачи",FLOW-004 Создание задачи; FLOW-005 Быстрое создание задачи; FLOW-006 Назначение исполнителя; FLOW-007 Завершение задачи; FLOW-008 Изменение статуса; FLOW-025 Optimistic conflict; FLOW-033 Массовая смена статуса,,Security/authorization,Critical,OpenAPI `GET_api_v1_tasks_id`; Stage_3_Field_Traceability_Final_3.5.csv; cross-cutting requirement PERM-005
AC-1954,AC,MOD-005,Задачи,Permission denial for FR-031,— (операции модуля),—,—,—,"SCR-020 Задачи: список/дерево; SCR-021 Фильтры задач; SCR-022 Быстрое создание задачи; SCR-023 Полный редактор задачи; SCR-024 ETag/If-Match, task aggregate, directory; SCR-025 Инспектор задачи; SCR-029 Исполнители и наблюдатели; SCR-030 Зависимости задач; SCR-031 Массовые действия задач; SCR-032 Разрешение конфликта Task; SCR-034 Контекстное меню задачи",FLOW-004 Создание задачи; FLOW-005 Быстрое создание задачи; FLOW-006 Назначение исполнителя; FLOW-007 Завершение задачи; FLOW-008 Изменение статуса; FLOW-025 Optimistic conflict; FLOW-033 Массовая смена статуса,,Security/authorization,Critical,OpenAPI `PATCH_api_v1_tasks_id`; Stage_3_Field_Traceability_Final_3.5.csv; cross-cutting requirement PERM-005
AC-1955,AC,MOD-005,Задачи,Permission denial for FR-032,— (операции модуля),—,—,—,"SCR-020 Задачи: список/дерево; SCR-021 Фильтры задач; SCR-022 Быстрое создание задачи; SCR-023 Полный редактор задачи; SCR-024 ETag/If-Match, task aggregate, directory; SCR-025 Инспектор задачи; SCR-029 Исполнители и наблюдатели; SCR-030 Зависимости задач; SCR-031 Массовые действия задач; SCR-032 Разрешение конфликта Task; SCR-034 Контекстное меню задачи",FLOW-004 Создание задачи; FLOW-005 Быстрое создание задачи; FLOW-006 Назначение исполнителя; FLOW-007 Завершение задачи; FLOW-008 Изменение статуса; FLOW-025 Optimistic conflict; FLOW-033 Массовая смена статуса,,Security/authorization,Critical,OpenAPI `POST_api_v1_tasks_id_archive`; Stage_3_Field_Traceability_Final_3.5.csv; cross-cutting requirement PERM-005
AC-1956,AC,MOD-005,Задачи,Permission denial for FR-033,— (операции модуля),—,—,—,"SCR-020 Задачи: список/дерево; SCR-021 Фильтры задач; SCR-022 Быстрое создание задачи; SCR-023 Полный редактор задачи; SCR-024 ETag/If-Match, task aggregate, directory; SCR-025 Инспектор задачи; SCR-029 Исполнители и наблюдатели; SCR-030 Зависимости задач; SCR-031 Массовые действия задач; SCR-032 Разрешение конфликта Task; SCR-034 Контекстное меню задачи",FLOW-004 Создание задачи; FLOW-005 Быстрое создание задачи; FLOW-006 Назначение исполнителя; FLOW-007 Завершение задачи; FLOW-008 Изменение статуса; FLOW-025 Optimistic conflict; FLOW-033 Массовая смена статуса,,Security/authorization,Critical,OpenAPI `PUT_api_v1_tasks_id_assignees`; Stage_3_Field_Traceability_Final_3.5.csv; cross-cutting requirement PERM-005
AC-1957,AC,MOD-005,Задачи,Permission denial for FR-034,— (операции модуля),—,—,—,"SCR-020 Задачи: список/дерево; SCR-021 Фильтры задач; SCR-022 Быстрое создание задачи; SCR-023 Полный редактор задачи; SCR-024 ETag/If-Match, task aggregate, directory; SCR-025 Инспектор задачи; SCR-029 Исполнители и наблюдатели; SCR-030 Зависимости задач; SCR-031 Массовые действия задач; SCR-032 Разрешение конфликта Task; SCR-034 Контекстное меню задачи",FLOW-004 Создание задачи; FLOW-005 Быстрое создание задачи; FLOW-006 Назначение исполнителя; FLOW-007 Завершение задачи; FLOW-008 Изменение статуса; FLOW-025 Optimistic conflict; FLOW-033 Массовая смена статуса,,Security/authorization,Critical,OpenAPI `POST_api_v1_tasks_id_dependencies`; Stage_3_Field_Traceability_Final_3.5.csv; cross-cutting requirement PERM-005
AC-1958,AC,MOD-005,Задачи,Permission denial for FR-035,— (операции модуля),—,—,—,"SCR-020 Задачи: список/дерево; SCR-021 Фильтры задач; SCR-022 Быстрое создание задачи; SCR-023 Полный редактор задачи; SCR-024 ETag/If-Match, task aggregate, directory; SCR-025 Инспектор задачи; SCR-029 Исполнители и наблюдатели; SCR-030 Зависимости задач; SCR-031 Массовые действия задач; SCR-032 Разрешение конфликта Task; SCR-034 Контекстное меню задачи",FLOW-004 Создание задачи; FLOW-005 Быстрое создание задачи; FLOW-006 Назначение исполнителя; FLOW-007 Завершение задачи; FLOW-008 Изменение статуса; FLOW-025 Optimistic conflict; FLOW-033 Массовая смена статуса,,Security/authorization,Critical,OpenAPI `DELETE_api_v1_tasks_id_dependencies_dependencyId`; Stage_3_Field_Traceability_Final_3.5.csv; cross-cutting requirement PERM-005
AC-1959,AC,MOD-005,Задачи,Permission denial for FR-036,— (операции модуля),—,—,—,"SCR-020 Задачи: список/дерево; SCR-021 Фильтры задач; SCR-022 Быстрое создание задачи; SCR-023 Полный редактор задачи; SCR-024 ETag/If-Match, task aggregate, directory; SCR-025 Инспектор задачи; SCR-029 Исполнители и наблюдатели; SCR-030 Зависимости задач; SCR-031 Массовые действия задач; SCR-032 Разрешение конфликта Task; SCR-034 Контекстное меню задачи",FLOW-004 Создание задачи; FLOW-005 Быстрое создание задачи; FLOW-006 Назначение исполнителя; FLOW-007 Завершение задачи; FLOW-008 Изменение статуса; FLOW-025 Optimistic conflict; FLOW-033 Массовая смена статуса,,Security/authorization,Critical,OpenAPI `POST_api_v1_tasks_id_move`; Stage_3_Field_Traceability_Final_3.5.csv; cross-cutting requirement PERM-005
AC-1960,AC,MOD-005,Задачи,Permission denial for FR-037,— (операции модуля),—,—,—,"SCR-020 Задачи: список/дерево; SCR-021 Фильтры задач; SCR-022 Быстрое создание задачи; SCR-023 Полный редактор задачи; SCR-024 ETag/If-Match, task aggregate, directory; SCR-025 Инспектор задачи; SCR-029 Исполнители и наблюдатели; SCR-030 Зависимости задач; SCR-031 Массовые действия задач; SCR-032 Разрешение конфликта Task; SCR-034 Контекстное меню задачи",FLOW-004 Создание задачи; FLOW-005 Быстрое создание задачи; FLOW-006 Назначение исполнителя; FLOW-007 Завершение задачи; FLOW-008 Изменение статуса; FLOW-025 Optimistic conflict; FLOW-033 Массовая смена статуса,,Security/authorization,Critical,OpenAPI `POST_api_v1_tasks_id_restore`; Stage_3_Field_Traceability_Final_3.5.csv; cross-cutting requirement PERM-005
AC-1961,AC,MOD-005,Задачи,Permission denial for FR-038,— (операции модуля),—,—,—,"SCR-020 Задачи: список/дерево; SCR-021 Фильтры задач; SCR-022 Быстрое создание задачи; SCR-023 Полный редактор задачи; SCR-024 ETag/If-Match, task aggregate, directory; SCR-025 Инспектор задачи; SCR-029 Исполнители и наблюдатели; SCR-030 Зависимости задач; SCR-031 Массовые действия задач; SCR-032 Разрешение конфликта Task; SCR-034 Контекстное меню задачи",FLOW-004 Создание задачи; FLOW-005 Быстрое создание задачи; FLOW-006 Назначение исполнителя; FLOW-007 Завершение задачи; FLOW-008 Изменение статуса; FLOW-025 Optimistic conflict; FLOW-033 Массовая смена статуса,,Security/authorization,Critical,OpenAPI `POST_api_v1_tasks_id_transition`; Stage_3_Field_Traceability_Final_3.5.csv; cross-cutting requirement PERM-005
AC-1962,AC,MOD-005,Задачи,Permission denial for FR-039,— (операции модуля),—,—,—,"SCR-020 Задачи: список/дерево; SCR-021 Фильтры задач; SCR-022 Быстрое создание задачи; SCR-023 Полный редактор задачи; SCR-024 ETag/If-Match, task aggregate, directory; SCR-025 Инспектор задачи; SCR-029 Исполнители и наблюдатели; SCR-030 Зависимости задач; SCR-031 Массовые действия задач; SCR-032 Разрешение конфликта Task; SCR-034 Контекстное меню задачи",FLOW-004 Создание задачи; FLOW-005 Быстрое создание задачи; FLOW-006 Назначение исполнителя; FLOW-007 Завершение задачи; FLOW-008 Изменение статуса; FLOW-025 Optimistic conflict; FLOW-033 Массовая смена статуса,,Security/authorization,Critical,OpenAPI `POST_api_v1_tasks_id_unarchive`; Stage_3_Field_Traceability_Final_3.5.csv; cross-cutting requirement PERM-005
AC-1963,AC,MOD-005,Задачи,Permission denial for FR-040,— (операции модуля),—,—,—,"SCR-020 Задачи: список/дерево; SCR-021 Фильтры задач; SCR-022 Быстрое создание задачи; SCR-023 Полный редактор задачи; SCR-024 ETag/If-Match, task aggregate, directory; SCR-025 Инспектор задачи; SCR-029 Исполнители и наблюдатели; SCR-030 Зависимости задач; SCR-031 Массовые действия задач; SCR-032 Разрешение конфликта Task; SCR-034 Контекстное меню задачи",FLOW-004 Создание задачи; FLOW-005 Быстрое создание задачи; FLOW-006 Назначение исполнителя; FLOW-007 Завершение задачи; FLOW-008 Изменение статуса; FLOW-025 Optimistic conflict; FLOW-033 Массовая смена статуса,,Security/authorization,Critical,OpenAPI `PUT_api_v1_tasks_id_watchers`; Stage_3_Field_Traceability_Final_3.5.csv; cross-cutting requirement PERM-005
AC-1964,AC,MOD-005,Задачи,Permission denial for FR-248,— (операции модуля),—,—,—,"SCR-020 Задачи: список/дерево; SCR-021 Фильтры задач; SCR-022 Быстрое создание задачи; SCR-023 Полный редактор задачи; SCR-024 ETag/If-Match, task aggregate, directory; SCR-025 Инспектор задачи; SCR-029 Исполнители и наблюдатели; SCR-030 Зависимости задач; SCR-031 Массовые действия задач; SCR-032 Разрешение конфликта Task; SCR-034 Контекстное меню задачи",FLOW-004 Создание задачи; FLOW-005 Быстрое создание задачи; FLOW-006 Назначение исполнителя; FLOW-007 Завершение задачи; FLOW-008 Изменение статуса; FLOW-025 Optimistic conflict; FLOW-033 Массовая смена статуса,,Security/authorization,Critical,Stage 3.5 UX Architecture/Decision Log; cross-cutting requirement PERM-005
AC-1965,AC,MOD-005,Задачи,Permission denial for FR-249,— (операции модуля),—,—,—,"SCR-020 Задачи: список/дерево; SCR-021 Фильтры задач; SCR-022 Быстрое создание задачи; SCR-023 Полный редактор задачи; SCR-024 ETag/If-Match, task aggregate, directory; SCR-025 Инспектор задачи; SCR-029 Исполнители и наблюдатели; SCR-030 Зависимости задач; SCR-031 Массовые действия задач; SCR-032 Разрешение конфликта Task; SCR-034 Контекстное меню задачи",FLOW-004 Создание задачи; FLOW-005 Быстрое создание задачи; FLOW-006 Назначение исполнителя; FLOW-007 Завершение задачи; FLOW-008 Изменение статуса; FLOW-025 Optimistic conflict; FLOW-033 Массовая смена статуса,,Security/authorization,Critical,Stage 3.5 UX Architecture/Decision Log; cross-cutting requirement PERM-005
AC-1966,AC,MOD-005,Задачи,Permission denial for FR-250,— (операции модуля),—,—,—,"SCR-020 Задачи: список/дерево; SCR-021 Фильтры задач; SCR-022 Быстрое создание задачи; SCR-023 Полный редактор задачи; SCR-024 ETag/If-Match, task aggregate, directory; SCR-025 Инспектор задачи; SCR-029 Исполнители и наблюдатели; SCR-030 Зависимости задач; SCR-031 Массовые действия задач; SCR-032 Разрешение конфликта Task; SCR-034 Контекстное меню задачи",FLOW-004 Создание задачи; FLOW-005 Быстрое создание задачи; FLOW-006 Назначение исполнителя; FLOW-007 Завершение задачи; FLOW-008 Изменение статуса; FLOW-025 Optimistic conflict; FLOW-033 Массовая смена статуса,,Security/authorization,Critical,Stage 3.5 UX Architecture/Decision Log; cross-cutting requirement PERM-005
AC-2208,AC,MOD-005,Задачи,Stable error handling for FR-027,— (операции модуля),—,—,—,"SCR-020 Задачи: список/дерево; SCR-021 Фильтры задач; SCR-022 Быстрое создание задачи; SCR-023 Полный редактор задачи; SCR-024 ETag/If-Match, task aggregate, directory; SCR-025 Инспектор задачи; SCR-029 Исполнители и наблюдатели; SCR-030 Зависимости задач; SCR-031 Массовые действия задач; SCR-032 Разрешение конфликта Task; SCR-034 Контекстное меню задачи",FLOW-004 Создание задачи; FLOW-005 Быстрое создание задачи; FLOW-006 Назначение исполнителя; FLOW-007 Завершение задачи; FLOW-008 Изменение статуса; FLOW-025 Optimistic conflict; FLOW-033 Массовая смена статуса,,Error handling,High,OpenAPI `POST_api_v1_tasks`; Stage_3_Field_Traceability_Final_3.5.csv; cross-cutting requirement ERR-005
AC-2209,AC,MOD-005,Задачи,Stable error handling for FR-028,— (операции модуля),—,—,—,"SCR-020 Задачи: список/дерево; SCR-021 Фильтры задач; SCR-022 Быстрое создание задачи; SCR-023 Полный редактор задачи; SCR-024 ETag/If-Match, task aggregate, directory; SCR-025 Инспектор задачи; SCR-029 Исполнители и наблюдатели; SCR-030 Зависимости задач; SCR-031 Массовые действия задач; SCR-032 Разрешение конфликта Task; SCR-034 Контекстное меню задачи",FLOW-004 Создание задачи; FLOW-005 Быстрое создание задачи; FLOW-006 Назначение исполнителя; FLOW-007 Завершение задачи; FLOW-008 Изменение статуса; FLOW-025 Optimistic conflict; FLOW-033 Массовая смена статуса,,Error handling,High,OpenAPI `POST_api_v1_tasks_bulk_transition`; Stage_3_Field_Traceability_Final_3.5.csv; cross-cutting requirement ERR-005
AC-2210,AC,MOD-005,Задачи,Stable error handling for FR-029,— (операции модуля),—,—,—,"SCR-020 Задачи: список/дерево; SCR-021 Фильтры задач; SCR-022 Быстрое создание задачи; SCR-023 Полный редактор задачи; SCR-024 ETag/If-Match, task aggregate, directory; SCR-025 Инспектор задачи; SCR-029 Исполнители и наблюдатели; SCR-030 Зависимости задач; SCR-031 Массовые действия задач; SCR-032 Разрешение конфликта Task; SCR-034 Контекстное меню задачи",FLOW-004 Создание задачи; FLOW-005 Быстрое создание задачи; FLOW-006 Назначение исполнителя; FLOW-007 Завершение задачи; FLOW-008 Изменение статуса; FLOW-025 Optimistic conflict; FLOW-033 Массовая смена статуса,,Error handling,High,OpenAPI `DELETE_api_v1_tasks_id`; Stage_3_Field_Traceability_Final_3.5.csv; cross-cutting requirement ERR-005
AC-2211,AC,MOD-005,Задачи,Stable error handling for FR-030,— (операции модуля),—,—,—,"SCR-020 Задачи: список/дерево; SCR-021 Фильтры задач; SCR-022 Быстрое создание задачи; SCR-023 Полный редактор задачи; SCR-024 ETag/If-Match, task aggregate, directory; SCR-025 Инспектор задачи; SCR-029 Исполнители и наблюдатели; SCR-030 Зависимости задач; SCR-031 Массовые действия задач; SCR-032 Разрешение конфликта Task; SCR-034 Контекстное меню задачи",FLOW-004 Создание задачи; FLOW-005 Быстрое создание задачи; FLOW-006 Назначение исполнителя; FLOW-007 Завершение задачи; FLOW-008 Изменение статуса; FLOW-025 Optimistic conflict; FLOW-033 Массовая смена статуса,,Error handling,High,OpenAPI `GET_api_v1_tasks_id`; Stage_3_Field_Traceability_Final_3.5.csv; cross-cutting requirement ERR-005
AC-2212,AC,MOD-005,Задачи,Stable error handling for FR-031,— (операции модуля),—,—,—,"SCR-020 Задачи: список/дерево; SCR-021 Фильтры задач; SCR-022 Быстрое создание задачи; SCR-023 Полный редактор задачи; SCR-024 ETag/If-Match, task aggregate, directory; SCR-025 Инспектор задачи; SCR-029 Исполнители и наблюдатели; SCR-030 Зависимости задач; SCR-031 Массовые действия задач; SCR-032 Разрешение конфликта Task; SCR-034 Контекстное меню задачи",FLOW-004 Создание задачи; FLOW-005 Быстрое создание задачи; FLOW-006 Назначение исполнителя; FLOW-007 Завершение задачи; FLOW-008 Изменение статуса; FLOW-025 Optimistic conflict; FLOW-033 Массовая смена статуса,,Error handling,High,OpenAPI `PATCH_api_v1_tasks_id`; Stage_3_Field_Traceability_Final_3.5.csv; cross-cutting requirement ERR-005
AC-2213,AC,MOD-005,Задачи,Stable error handling for FR-032,— (операции модуля),—,—,—,"SCR-020 Задачи: список/дерево; SCR-021 Фильтры задач; SCR-022 Быстрое создание задачи; SCR-023 Полный редактор задачи; SCR-024 ETag/If-Match, task aggregate, directory; SCR-025 Инспектор задачи; SCR-029 Исполнители и наблюдатели; SCR-030 Зависимости задач; SCR-031 Массовые действия задач; SCR-032 Разрешение конфликта Task; SCR-034 Контекстное меню задачи",FLOW-004 Создание задачи; FLOW-005 Быстрое создание задачи; FLOW-006 Назначение исполнителя; FLOW-007 Завершение задачи; FLOW-008 Изменение статуса; FLOW-025 Optimistic conflict; FLOW-033 Массовая смена статуса,,Error handling,High,OpenAPI `POST_api_v1_tasks_id_archive`; Stage_3_Field_Traceability_Final_3.5.csv; cross-cutting requirement ERR-005
AC-2214,AC,MOD-005,Задачи,Stable error handling for FR-033,— (операции модуля),—,—,—,"SCR-020 Задачи: список/дерево; SCR-021 Фильтры задач; SCR-022 Быстрое создание задачи; SCR-023 Полный редактор задачи; SCR-024 ETag/If-Match, task aggregate, directory; SCR-025 Инспектор задачи; SCR-029 Исполнители и наблюдатели; SCR-030 Зависимости задач; SCR-031 Массовые действия задач; SCR-032 Разрешение конфликта Task; SCR-034 Контекстное меню задачи",FLOW-004 Создание задачи; FLOW-005 Быстрое создание задачи; FLOW-006 Назначение исполнителя; FLOW-007 Завершение задачи; FLOW-008 Изменение статуса; FLOW-025 Optimistic conflict; FLOW-033 Массовая смена статуса,,Error handling,High,OpenAPI `PUT_api_v1_tasks_id_assignees`; Stage_3_Field_Traceability_Final_3.5.csv; cross-cutting requirement ERR-005
AC-2215,AC,MOD-005,Задачи,Stable error handling for FR-034,— (операции модуля),—,—,—,"SCR-020 Задачи: список/дерево; SCR-021 Фильтры задач; SCR-022 Быстрое создание задачи; SCR-023 Полный редактор задачи; SCR-024 ETag/If-Match, task aggregate, directory; SCR-025 Инспектор задачи; SCR-029 Исполнители и наблюдатели; SCR-030 Зависимости задач; SCR-031 Массовые действия задач; SCR-032 Разрешение конфликта Task; SCR-034 Контекстное меню задачи",FLOW-004 Создание задачи; FLOW-005 Быстрое создание задачи; FLOW-006 Назначение исполнителя; FLOW-007 Завершение задачи; FLOW-008 Изменение статуса; FLOW-025 Optimistic conflict; FLOW-033 Массовая смена статуса,,Error handling,High,OpenAPI `POST_api_v1_tasks_id_dependencies`; Stage_3_Field_Traceability_Final_3.5.csv; cross-cutting requirement ERR-005
AC-2216,AC,MOD-005,Задачи,Stable error handling for FR-035,— (операции модуля),—,—,—,"SCR-020 Задачи: список/дерево; SCR-021 Фильтры задач; SCR-022 Быстрое создание задачи; SCR-023 Полный редактор задачи; SCR-024 ETag/If-Match, task aggregate, directory; SCR-025 Инспектор задачи; SCR-029 Исполнители и наблюдатели; SCR-030 Зависимости задач; SCR-031 Массовые действия задач; SCR-032 Разрешение конфликта Task; SCR-034 Контекстное меню задачи",FLOW-004 Создание задачи; FLOW-005 Быстрое создание задачи; FLOW-006 Назначение исполнителя; FLOW-007 Завершение задачи; FLOW-008 Изменение статуса; FLOW-025 Optimistic conflict; FLOW-033 Массовая смена статуса,,Error handling,High,OpenAPI `DELETE_api_v1_tasks_id_dependencies_dependencyId`; Stage_3_Field_Traceability_Final_3.5.csv; cross-cutting requirement ERR-005
AC-2217,AC,MOD-005,Задачи,Stable error handling for FR-036,— (операции модуля),—,—,—,"SCR-020 Задачи: список/дерево; SCR-021 Фильтры задач; SCR-022 Быстрое создание задачи; SCR-023 Полный редактор задачи; SCR-024 ETag/If-Match, task aggregate, directory; SCR-025 Инспектор задачи; SCR-029 Исполнители и наблюдатели; SCR-030 Зависимости задач; SCR-031 Массовые действия задач; SCR-032 Разрешение конфликта Task; SCR-034 Контекстное меню задачи",FLOW-004 Создание задачи; FLOW-005 Быстрое создание задачи; FLOW-006 Назначение исполнителя; FLOW-007 Завершение задачи; FLOW-008 Изменение статуса; FLOW-025 Optimistic conflict; FLOW-033 Массовая смена статуса,,Error handling,High,OpenAPI `POST_api_v1_tasks_id_move`; Stage_3_Field_Traceability_Final_3.5.csv; cross-cutting requirement ERR-005
AC-2218,AC,MOD-005,Задачи,Stable error handling for FR-037,— (операции модуля),—,—,—,"SCR-020 Задачи: список/дерево; SCR-021 Фильтры задач; SCR-022 Быстрое создание задачи; SCR-023 Полный редактор задачи; SCR-024 ETag/If-Match, task aggregate, directory; SCR-025 Инспектор задачи; SCR-029 Исполнители и наблюдатели; SCR-030 Зависимости задач; SCR-031 Массовые действия задач; SCR-032 Разрешение конфликта Task; SCR-034 Контекстное меню задачи",FLOW-004 Создание задачи; FLOW-005 Быстрое создание задачи; FLOW-006 Назначение исполнителя; FLOW-007 Завершение задачи; FLOW-008 Изменение статуса; FLOW-025 Optimistic conflict; FLOW-033 Массовая смена статуса,,Error handling,High,OpenAPI `POST_api_v1_tasks_id_restore`; Stage_3_Field_Traceability_Final_3.5.csv; cross-cutting requirement ERR-005
AC-2219,AC,MOD-005,Задачи,Stable error handling for FR-038,— (операции модуля),—,—,—,"SCR-020 Задачи: список/дерево; SCR-021 Фильтры задач; SCR-022 Быстрое создание задачи; SCR-023 Полный редактор задачи; SCR-024 ETag/If-Match, task aggregate, directory; SCR-025 Инспектор задачи; SCR-029 Исполнители и наблюдатели; SCR-030 Зависимости задач; SCR-031 Массовые действия задач; SCR-032 Разрешение конфликта Task; SCR-034 Контекстное меню задачи",FLOW-004 Создание задачи; FLOW-005 Быстрое создание задачи; FLOW-006 Назначение исполнителя; FLOW-007 Завершение задачи; FLOW-008 Изменение статуса; FLOW-025 Optimistic conflict; FLOW-033 Массовая смена статуса,,Error handling,High,OpenAPI `POST_api_v1_tasks_id_transition`; Stage_3_Field_Traceability_Final_3.5.csv; cross-cutting requirement ERR-005
AC-2220,AC,MOD-005,Задачи,Stable error handling for FR-039,— (операции модуля),—,—,—,"SCR-020 Задачи: список/дерево; SCR-021 Фильтры задач; SCR-022 Быстрое создание задачи; SCR-023 Полный редактор задачи; SCR-024 ETag/If-Match, task aggregate, directory; SCR-025 Инспектор задачи; SCR-029 Исполнители и наблюдатели; SCR-030 Зависимости задач; SCR-031 Массовые действия задач; SCR-032 Разрешение конфликта Task; SCR-034 Контекстное меню задачи",FLOW-004 Создание задачи; FLOW-005 Быстрое создание задачи; FLOW-006 Назначение исполнителя; FLOW-007 Завершение задачи; FLOW-008 Изменение статуса; FLOW-025 Optimistic conflict; FLOW-033 Массовая смена статуса,,Error handling,High,OpenAPI `POST_api_v1_tasks_id_unarchive`; Stage_3_Field_Traceability_Final_3.5.csv; cross-cutting requirement ERR-005
AC-2221,AC,MOD-005,Задачи,Stable error handling for FR-040,— (операции модуля),—,—,—,"SCR-020 Задачи: список/дерево; SCR-021 Фильтры задач; SCR-022 Быстрое создание задачи; SCR-023 Полный редактор задачи; SCR-024 ETag/If-Match, task aggregate, directory; SCR-025 Инспектор задачи; SCR-029 Исполнители и наблюдатели; SCR-030 Зависимости задач; SCR-031 Массовые действия задач; SCR-032 Разрешение конфликта Task; SCR-034 Контекстное меню задачи",FLOW-004 Создание задачи; FLOW-005 Быстрое создание задачи; FLOW-006 Назначение исполнителя; FLOW-007 Завершение задачи; FLOW-008 Изменение статуса; FLOW-025 Optimistic conflict; FLOW-033 Массовая смена статуса,,Error handling,High,OpenAPI `PUT_api_v1_tasks_id_watchers`; Stage_3_Field_Traceability_Final_3.5.csv; cross-cutting requirement ERR-005
AC-2222,AC,MOD-005,Задачи,Stable error handling for FR-248,— (операции модуля),—,—,—,"SCR-020 Задачи: список/дерево; SCR-021 Фильтры задач; SCR-022 Быстрое создание задачи; SCR-023 Полный редактор задачи; SCR-024 ETag/If-Match, task aggregate, directory; SCR-025 Инспектор задачи; SCR-029 Исполнители и наблюдатели; SCR-030 Зависимости задач; SCR-031 Массовые действия задач; SCR-032 Разрешение конфликта Task; SCR-034 Контекстное меню задачи",FLOW-004 Создание задачи; FLOW-005 Быстрое создание задачи; FLOW-006 Назначение исполнителя; FLOW-007 Завершение задачи; FLOW-008 Изменение статуса; FLOW-025 Optimistic conflict; FLOW-033 Массовая смена статуса,,Error handling,High,Stage 3.5 UX Architecture/Decision Log; cross-cutting requirement ERR-005
AC-2223,AC,MOD-005,Задачи,Stable error handling for FR-249,— (операции модуля),—,—,—,"SCR-020 Задачи: список/дерево; SCR-021 Фильтры задач; SCR-022 Быстрое создание задачи; SCR-023 Полный редактор задачи; SCR-024 ETag/If-Match, task aggregate, directory; SCR-025 Инспектор задачи; SCR-029 Исполнители и наблюдатели; SCR-030 Зависимости задач; SCR-031 Массовые действия задач; SCR-032 Разрешение конфликта Task; SCR-034 Контекстное меню задачи",FLOW-004 Создание задачи; FLOW-005 Быстрое создание задачи; FLOW-006 Назначение исполнителя; FLOW-007 Завершение задачи; FLOW-008 Изменение статуса; FLOW-025 Optimistic conflict; FLOW-033 Массовая смена статуса,,Error handling,High,Stage 3.5 UX Architecture/Decision Log; cross-cutting requirement ERR-005
AC-2224,AC,MOD-005,Задачи,Stable error handling for FR-250,— (операции модуля),—,—,—,"SCR-020 Задачи: список/дерево; SCR-021 Фильтры задач; SCR-022 Быстрое создание задачи; SCR-023 Полный редактор задачи; SCR-024 ETag/If-Match, task aggregate, directory; SCR-025 Инспектор задачи; SCR-029 Исполнители и наблюдатели; SCR-030 Зависимости задач; SCR-031 Массовые действия задач; SCR-032 Разрешение конфликта Task; SCR-034 Контекстное меню задачи",FLOW-004 Создание задачи; FLOW-005 Быстрое создание задачи; FLOW-006 Назначение исполнителя; FLOW-007 Завершение задачи; FLOW-008 Изменение статуса; FLOW-025 Optimistic conflict; FLOW-033 Массовая смена статуса,,Error handling,High,Stage 3.5 UX Architecture/Decision Log; cross-cutting requirement ERR-005
AC-2466,AC,MOD-005,Задачи,Command outage behavior for FR-027,GET_api_v1_sync_changes; POST_api_v1_sync_bootstrap; POST_api_v1_sync_ack,GET /api/v1/sync/changes; POST /api/v1/sync/bootstrap; POST /api/v1/sync/ack,—,OrganizerController.GET_api_v1_sync_changes; OrganizerController.POST_api_v1_sync_bootstrap; OrganizerController.POST_api_v1_sync_ack,"SCR-020 Задачи: список/дерево; SCR-021 Фильтры задач; SCR-022 Быстрое создание задачи; SCR-023 Полный редактор задачи; SCR-024 ETag/If-Match, task aggregate, directory; SCR-025 Инспектор задачи; SCR-029 Исполнители и наблюдатели; SCR-030 Зависимости задач; SCR-031 Массовые действия задач; SCR-032 Разрешение конфликта Task; SCR-034 Контекстное меню задачи",FLOW-004 Создание задачи; FLOW-005 Быстрое создание задачи; FLOW-006 Назначение исполнителя; FLOW-007 Завершение задачи; FLOW-008 Изменение статуса; FLOW-025 Optimistic conflict; FLOW-033 Массовая смена статуса,,Desktop/resilience,High,OpenAPI `POST_api_v1_tasks`; Stage_3_Field_Traceability_Final_3.5.csv; cross-cutting requirement SYNC-005
AC-2467,AC,MOD-005,Задачи,Command outage behavior for FR-028,GET_api_v1_sync_changes; POST_api_v1_sync_bootstrap; POST_api_v1_sync_ack,GET /api/v1/sync/changes; POST /api/v1/sync/bootstrap; POST /api/v1/sync/ack,—,OrganizerController.GET_api_v1_sync_changes; OrganizerController.POST_api_v1_sync_bootstrap; OrganizerController.POST_api_v1_sync_ack,"SCR-020 Задачи: список/дерево; SCR-021 Фильтры задач; SCR-022 Быстрое создание задачи; SCR-023 Полный редактор задачи; SCR-024 ETag/If-Match, task aggregate, directory; SCR-025 Инспектор задачи; SCR-029 Исполнители и наблюдатели; SCR-030 Зависимости задач; SCR-031 Массовые действия задач; SCR-032 Разрешение конфликта Task; SCR-034 Контекстное меню задачи",FLOW-004 Создание задачи; FLOW-005 Быстрое создание задачи; FLOW-006 Назначение исполнителя; FLOW-007 Завершение задачи; FLOW-008 Изменение статуса; FLOW-025 Optimistic conflict; FLOW-033 Массовая смена статуса,,Desktop/resilience,High,OpenAPI `POST_api_v1_tasks_bulk_transition`; Stage_3_Field_Traceability_Final_3.5.csv; cross-cutting requirement SYNC-005
AC-2468,AC,MOD-005,Задачи,Command outage behavior for FR-029,GET_api_v1_sync_changes; POST_api_v1_sync_bootstrap; POST_api_v1_sync_ack,GET /api/v1/sync/changes; POST /api/v1/sync/bootstrap; POST /api/v1/sync/ack,—,OrganizerController.GET_api_v1_sync_changes; OrganizerController.POST_api_v1_sync_bootstrap; OrganizerController.POST_api_v1_sync_ack,"SCR-020 Задачи: список/дерево; SCR-021 Фильтры задач; SCR-022 Быстрое создание задачи; SCR-023 Полный редактор задачи; SCR-024 ETag/If-Match, task aggregate, directory; SCR-025 Инспектор задачи; SCR-029 Исполнители и наблюдатели; SCR-030 Зависимости задач; SCR-031 Массовые действия задач; SCR-032 Разрешение конфликта Task; SCR-034 Контекстное меню задачи",FLOW-004 Создание задачи; FLOW-005 Быстрое создание задачи; FLOW-006 Назначение исполнителя; FLOW-007 Завершение задачи; FLOW-008 Изменение статуса; FLOW-025 Optimistic conflict; FLOW-033 Массовая смена статуса,,Desktop/resilience,High,OpenAPI `DELETE_api_v1_tasks_id`; Stage_3_Field_Traceability_Final_3.5.csv; cross-cutting requirement SYNC-005
AC-2469,AC,MOD-005,Задачи,Read outage behavior for FR-030,GET_api_v1_sync_changes; POST_api_v1_sync_bootstrap; POST_api_v1_sync_ack,GET /api/v1/sync/changes; POST /api/v1/sync/bootstrap; POST /api/v1/sync/ack,—,OrganizerController.GET_api_v1_sync_changes; OrganizerController.POST_api_v1_sync_bootstrap; OrganizerController.POST_api_v1_sync_ack,"SCR-020 Задачи: список/дерево; SCR-021 Фильтры задач; SCR-022 Быстрое создание задачи; SCR-023 Полный редактор задачи; SCR-024 ETag/If-Match, task aggregate, directory; SCR-025 Инспектор задачи; SCR-029 Исполнители и наблюдатели; SCR-030 Зависимости задач; SCR-031 Массовые действия задач; SCR-032 Разрешение конфликта Task; SCR-034 Контекстное меню задачи",FLOW-004 Создание задачи; FLOW-005 Быстрое создание задачи; FLOW-006 Назначение исполнителя; FLOW-007 Завершение задачи; FLOW-008 Изменение статуса; FLOW-025 Optimistic conflict; FLOW-033 Массовая смена статуса,,Desktop/resilience,High,OpenAPI `GET_api_v1_tasks_id`; Stage_3_Field_Traceability_Final_3.5.csv; cross-cutting requirement SYNC-005
AC-2470,AC,MOD-005,Задачи,Command outage behavior for FR-031,GET_api_v1_sync_changes; POST_api_v1_sync_bootstrap; POST_api_v1_sync_ack,GET /api/v1/sync/changes; POST /api/v1/sync/bootstrap; POST /api/v1/sync/ack,—,OrganizerController.GET_api_v1_sync_changes; OrganizerController.POST_api_v1_sync_bootstrap; OrganizerController.POST_api_v1_sync_ack,"SCR-020 Задачи: список/дерево; SCR-021 Фильтры задач; SCR-022 Быстрое создание задачи; SCR-023 Полный редактор задачи; SCR-024 ETag/If-Match, task aggregate, directory; SCR-025 Инспектор задачи; SCR-029 Исполнители и наблюдатели; SCR-030 Зависимости задач; SCR-031 Массовые действия задач; SCR-032 Разрешение конфликта Task; SCR-034 Контекстное меню задачи",FLOW-004 Создание задачи; FLOW-005 Быстрое создание задачи; FLOW-006 Назначение исполнителя; FLOW-007 Завершение задачи; FLOW-008 Изменение статуса; FLOW-025 Optimistic conflict; FLOW-033 Массовая смена статуса,,Desktop/resilience,High,OpenAPI `PATCH_api_v1_tasks_id`; Stage_3_Field_Traceability_Final_3.5.csv; cross-cutting requirement SYNC-005
AC-2471,AC,MOD-005,Задачи,Command outage behavior for FR-032,GET_api_v1_sync_changes; POST_api_v1_sync_bootstrap; POST_api_v1_sync_ack,GET /api/v1/sync/changes; POST /api/v1/sync/bootstrap; POST /api/v1/sync/ack,—,OrganizerController.GET_api_v1_sync_changes; OrganizerController.POST_api_v1_sync_bootstrap; OrganizerController.POST_api_v1_sync_ack,"SCR-020 Задачи: список/дерево; SCR-021 Фильтры задач; SCR-022 Быстрое создание задачи; SCR-023 Полный редактор задачи; SCR-024 ETag/If-Match, task aggregate, directory; SCR-025 Инспектор задачи; SCR-029 Исполнители и наблюдатели; SCR-030 Зависимости задач; SCR-031 Массовые действия задач; SCR-032 Разрешение конфликта Task; SCR-034 Контекстное меню задачи",FLOW-004 Создание задачи; FLOW-005 Быстрое создание задачи; FLOW-006 Назначение исполнителя; FLOW-007 Завершение задачи; FLOW-008 Изменение статуса; FLOW-025 Optimistic conflict; FLOW-033 Массовая смена статуса,,Desktop/resilience,High,OpenAPI `POST_api_v1_tasks_id_archive`; Stage_3_Field_Traceability_Final_3.5.csv; cross-cutting requirement SYNC-005
AC-2472,AC,MOD-005,Задачи,Command outage behavior for FR-033,GET_api_v1_sync_changes; POST_api_v1_sync_bootstrap; POST_api_v1_sync_ack,GET /api/v1/sync/changes; POST /api/v1/sync/bootstrap; POST /api/v1/sync/ack,—,OrganizerController.GET_api_v1_sync_changes; OrganizerController.POST_api_v1_sync_bootstrap; OrganizerController.POST_api_v1_sync_ack,"SCR-020 Задачи: список/дерево; SCR-021 Фильтры задач; SCR-022 Быстрое создание задачи; SCR-023 Полный редактор задачи; SCR-024 ETag/If-Match, task aggregate, directory; SCR-025 Инспектор задачи; SCR-029 Исполнители и наблюдатели; SCR-030 Зависимости задач; SCR-031 Массовые действия задач; SCR-032 Разрешение конфликта Task; SCR-034 Контекстное меню задачи",FLOW-004 Создание задачи; FLOW-005 Быстрое создание задачи; FLOW-006 Назначение исполнителя; FLOW-007 Завершение задачи; FLOW-008 Изменение статуса; FLOW-025 Optimistic conflict; FLOW-033 Массовая смена статуса,,Desktop/resilience,High,OpenAPI `PUT_api_v1_tasks_id_assignees`; Stage_3_Field_Traceability_Final_3.5.csv; cross-cutting requirement SYNC-005
AC-2473,AC,MOD-005,Задачи,Command outage behavior for FR-034,GET_api_v1_sync_changes; POST_api_v1_sync_bootstrap; POST_api_v1_sync_ack,GET /api/v1/sync/changes; POST /api/v1/sync/bootstrap; POST /api/v1/sync/ack,—,OrganizerController.GET_api_v1_sync_changes; OrganizerController.POST_api_v1_sync_bootstrap; OrganizerController.POST_api_v1_sync_ack,"SCR-020 Задачи: список/дерево; SCR-021 Фильтры задач; SCR-022 Быстрое создание задачи; SCR-023 Полный редактор задачи; SCR-024 ETag/If-Match, task aggregate, directory; SCR-025 Инспектор задачи; SCR-029 Исполнители и наблюдатели; SCR-030 Зависимости задач; SCR-031 Массовые действия задач; SCR-032 Разрешение конфликта Task; SCR-034 Контекстное меню задачи",FLOW-004 Создание задачи; FLOW-005 Быстрое создание задачи; FLOW-006 Назначение исполнителя; FLOW-007 Завершение задачи; FLOW-008 Изменение статуса; FLOW-025 Optimistic conflict; FLOW-033 Массовая смена статуса,,Desktop/resilience,High,OpenAPI `POST_api_v1_tasks_id_dependencies`; Stage_3_Field_Traceability_Final_3.5.csv; cross-cutting requirement SYNC-005
AC-2474,AC,MOD-005,Задачи,Command outage behavior for FR-035,GET_api_v1_sync_changes; POST_api_v1_sync_bootstrap; POST_api_v1_sync_ack,GET /api/v1/sync/changes; POST /api/v1/sync/bootstrap; POST /api/v1/sync/ack,—,OrganizerController.GET_api_v1_sync_changes; OrganizerController.POST_api_v1_sync_bootstrap; OrganizerController.POST_api_v1_sync_ack,"SCR-020 Задачи: список/дерево; SCR-021 Фильтры задач; SCR-022 Быстрое создание задачи; SCR-023 Полный редактор задачи; SCR-024 ETag/If-Match, task aggregate, directory; SCR-025 Инспектор задачи; SCR-029 Исполнители и наблюдатели; SCR-030 Зависимости задач; SCR-031 Массовые действия задач; SCR-032 Разрешение конфликта Task; SCR-034 Контекстное меню задачи",FLOW-004 Создание задачи; FLOW-005 Быстрое создание задачи; FLOW-006 Назначение исполнителя; FLOW-007 Завершение задачи; FLOW-008 Изменение статуса; FLOW-025 Optimistic conflict; FLOW-033 Массовая смена статуса,,Desktop/resilience,High,OpenAPI `DELETE_api_v1_tasks_id_dependencies_dependencyId`; Stage_3_Field_Traceability_Final_3.5.csv; cross-cutting requirement SYNC-005
AC-2475,AC,MOD-005,Задачи,Command outage behavior for FR-036,GET_api_v1_sync_changes; POST_api_v1_sync_bootstrap; POST_api_v1_sync_ack,GET /api/v1/sync/changes; POST /api/v1/sync/bootstrap; POST /api/v1/sync/ack,—,OrganizerController.GET_api_v1_sync_changes; OrganizerController.POST_api_v1_sync_bootstrap; OrganizerController.POST_api_v1_sync_ack,"SCR-020 Задачи: список/дерево; SCR-021 Фильтры задач; SCR-022 Быстрое создание задачи; SCR-023 Полный редактор задачи; SCR-024 ETag/If-Match, task aggregate, directory; SCR-025 Инспектор задачи; SCR-029 Исполнители и наблюдатели; SCR-030 Зависимости задач; SCR-031 Массовые действия задач; SCR-032 Разрешение конфликта Task; SCR-034 Контекстное меню задачи",FLOW-004 Создание задачи; FLOW-005 Быстрое создание задачи; FLOW-006 Назначение исполнителя; FLOW-007 Завершение задачи; FLOW-008 Изменение статуса; FLOW-025 Optimistic conflict; FLOW-033 Массовая смена статуса,,Desktop/resilience,High,OpenAPI `POST_api_v1_tasks_id_move`; Stage_3_Field_Traceability_Final_3.5.csv; cross-cutting requirement SYNC-005
AC-2476,AC,MOD-005,Задачи,Command outage behavior for FR-037,GET_api_v1_sync_changes; POST_api_v1_sync_bootstrap; POST_api_v1_sync_ack,GET /api/v1/sync/changes; POST /api/v1/sync/bootstrap; POST /api/v1/sync/ack,—,OrganizerController.GET_api_v1_sync_changes; OrganizerController.POST_api_v1_sync_bootstrap; OrganizerController.POST_api_v1_sync_ack,"SCR-020 Задачи: список/дерево; SCR-021 Фильтры задач; SCR-022 Быстрое создание задачи; SCR-023 Полный редактор задачи; SCR-024 ETag/If-Match, task aggregate, directory; SCR-025 Инспектор задачи; SCR-029 Исполнители и наблюдатели; SCR-030 Зависимости задач; SCR-031 Массовые действия задач; SCR-032 Разрешение конфликта Task; SCR-034 Контекстное меню задачи",FLOW-004 Создание задачи; FLOW-005 Быстрое создание задачи; FLOW-006 Назначение исполнителя; FLOW-007 Завершение задачи; FLOW-008 Изменение статуса; FLOW-025 Optimistic conflict; FLOW-033 Массовая смена статуса,,Desktop/resilience,High,OpenAPI `POST_api_v1_tasks_id_restore`; Stage_3_Field_Traceability_Final_3.5.csv; cross-cutting requirement SYNC-005
AC-2477,AC,MOD-005,Задачи,Command outage behavior for FR-038,GET_api_v1_sync_changes; POST_api_v1_sync_bootstrap; POST_api_v1_sync_ack,GET /api/v1/sync/changes; POST /api/v1/sync/bootstrap; POST /api/v1/sync/ack,—,OrganizerController.GET_api_v1_sync_changes; OrganizerController.POST_api_v1_sync_bootstrap; OrganizerController.POST_api_v1_sync_ack,"SCR-020 Задачи: список/дерево; SCR-021 Фильтры задач; SCR-022 Быстрое создание задачи; SCR-023 Полный редактор задачи; SCR-024 ETag/If-Match, task aggregate, directory; SCR-025 Инспектор задачи; SCR-029 Исполнители и наблюдатели; SCR-030 Зависимости задач; SCR-031 Массовые действия задач; SCR-032 Разрешение конфликта Task; SCR-034 Контекстное меню задачи",FLOW-004 Создание задачи; FLOW-005 Быстрое создание задачи; FLOW-006 Назначение исполнителя; FLOW-007 Завершение задачи; FLOW-008 Изменение статуса; FLOW-025 Optimistic conflict; FLOW-033 Массовая смена статуса,,Desktop/resilience,High,OpenAPI `POST_api_v1_tasks_id_transition`; Stage_3_Field_Traceability_Final_3.5.csv; cross-cutting requirement SYNC-005
AC-2478,AC,MOD-005,Задачи,Command outage behavior for FR-039,GET_api_v1_sync_changes; POST_api_v1_sync_bootstrap; POST_api_v1_sync_ack,GET /api/v1/sync/changes; POST /api/v1/sync/bootstrap; POST /api/v1/sync/ack,—,OrganizerController.GET_api_v1_sync_changes; OrganizerController.POST_api_v1_sync_bootstrap; OrganizerController.POST_api_v1_sync_ack,"SCR-020 Задачи: список/дерево; SCR-021 Фильтры задач; SCR-022 Быстрое создание задачи; SCR-023 Полный редактор задачи; SCR-024 ETag/If-Match, task aggregate, directory; SCR-025 Инспектор задачи; SCR-029 Исполнители и наблюдатели; SCR-030 Зависимости задач; SCR-031 Массовые действия задач; SCR-032 Разрешение конфликта Task; SCR-034 Контекстное меню задачи",FLOW-004 Создание задачи; FLOW-005 Быстрое создание задачи; FLOW-006 Назначение исполнителя; FLOW-007 Завершение задачи; FLOW-008 Изменение статуса; FLOW-025 Optimistic conflict; FLOW-033 Массовая смена статуса,,Desktop/resilience,High,OpenAPI `POST_api_v1_tasks_id_unarchive`; Stage_3_Field_Traceability_Final_3.5.csv; cross-cutting requirement SYNC-005
AC-2479,AC,MOD-005,Задачи,Command outage behavior for FR-040,GET_api_v1_sync_changes; POST_api_v1_sync_bootstrap; POST_api_v1_sync_ack,GET /api/v1/sync/changes; POST /api/v1/sync/bootstrap; POST /api/v1/sync/ack,—,OrganizerController.GET_api_v1_sync_changes; OrganizerController.POST_api_v1_sync_bootstrap; OrganizerController.POST_api_v1_sync_ack,"SCR-020 Задачи: список/дерево; SCR-021 Фильтры задач; SCR-022 Быстрое создание задачи; SCR-023 Полный редактор задачи; SCR-024 ETag/If-Match, task aggregate, directory; SCR-025 Инспектор задачи; SCR-029 Исполнители и наблюдатели; SCR-030 Зависимости задач; SCR-031 Массовые действия задач; SCR-032 Разрешение конфликта Task; SCR-034 Контекстное меню задачи",FLOW-004 Создание задачи; FLOW-005 Быстрое создание задачи; FLOW-006 Назначение исполнителя; FLOW-007 Завершение задачи; FLOW-008 Изменение статуса; FLOW-025 Optimistic conflict; FLOW-033 Массовая смена статуса,,Desktop/resilience,High,OpenAPI `PUT_api_v1_tasks_id_watchers`; Stage_3_Field_Traceability_Final_3.5.csv; cross-cutting requirement SYNC-005
AC-2480,AC,MOD-005,Задачи,Read outage behavior for FR-248,GET_api_v1_sync_changes; POST_api_v1_sync_bootstrap; POST_api_v1_sync_ack,GET /api/v1/sync/changes; POST /api/v1/sync/bootstrap; POST /api/v1/sync/ack,—,OrganizerController.GET_api_v1_sync_changes; OrganizerController.POST_api_v1_sync_bootstrap; OrganizerController.POST_api_v1_sync_ack,"SCR-020 Задачи: список/дерево; SCR-021 Фильтры задач; SCR-022 Быстрое создание задачи; SCR-023 Полный редактор задачи; SCR-024 ETag/If-Match, task aggregate, directory; SCR-025 Инспектор задачи; SCR-029 Исполнители и наблюдатели; SCR-030 Зависимости задач; SCR-031 Массовые действия задач; SCR-032 Разрешение конфликта Task; SCR-034 Контекстное меню задачи",FLOW-004 Создание задачи; FLOW-005 Быстрое создание задачи; FLOW-006 Назначение исполнителя; FLOW-007 Завершение задачи; FLOW-008 Изменение статуса; FLOW-025 Optimistic conflict; FLOW-033 Массовая смена статуса,,Desktop/resilience,High,Stage 3.5 UX Architecture/Decision Log; cross-cutting requirement SYNC-005
AC-2481,AC,MOD-005,Задачи,Read outage behavior for FR-249,GET_api_v1_sync_changes; POST_api_v1_sync_bootstrap; POST_api_v1_sync_ack,GET /api/v1/sync/changes; POST /api/v1/sync/bootstrap; POST /api/v1/sync/ack,—,OrganizerController.GET_api_v1_sync_changes; OrganizerController.POST_api_v1_sync_bootstrap; OrganizerController.POST_api_v1_sync_ack,"SCR-020 Задачи: список/дерево; SCR-021 Фильтры задач; SCR-022 Быстрое создание задачи; SCR-023 Полный редактор задачи; SCR-024 ETag/If-Match, task aggregate, directory; SCR-025 Инспектор задачи; SCR-029 Исполнители и наблюдатели; SCR-030 Зависимости задач; SCR-031 Массовые действия задач; SCR-032 Разрешение конфликта Task; SCR-034 Контекстное меню задачи",FLOW-004 Создание задачи; FLOW-005 Быстрое создание задачи; FLOW-006 Назначение исполнителя; FLOW-007 Завершение задачи; FLOW-008 Изменение статуса; FLOW-025 Optimistic conflict; FLOW-033 Массовая смена статуса,,Desktop/resilience,High,Stage 3.5 UX Architecture/Decision Log; cross-cutting requirement SYNC-005
AC-2482,AC,MOD-005,Задачи,Read outage behavior for FR-250,GET_api_v1_sync_changes; POST_api_v1_sync_bootstrap; POST_api_v1_sync_ack,GET /api/v1/sync/changes; POST /api/v1/sync/bootstrap; POST /api/v1/sync/ack,—,OrganizerController.GET_api_v1_sync_changes; OrganizerController.POST_api_v1_sync_bootstrap; OrganizerController.POST_api_v1_sync_ack,"SCR-020 Задачи: список/дерево; SCR-021 Фильтры задач; SCR-022 Быстрое создание задачи; SCR-023 Полный редактор задачи; SCR-024 ETag/If-Match, task aggregate, directory; SCR-025 Инспектор задачи; SCR-029 Исполнители и наблюдатели; SCR-030 Зависимости задач; SCR-031 Массовые действия задач; SCR-032 Разрешение конфликта Task; SCR-034 Контекстное меню задачи",FLOW-004 Создание задачи; FLOW-005 Быстрое создание задачи; FLOW-006 Назначение исполнителя; FLOW-007 Завершение задачи; FLOW-008 Изменение статуса; FLOW-025 Optimistic conflict; FLOW-033 Массовая смена статуса,,Desktop/resilience,High,Stage 3.5 UX Architecture/Decision Log; cross-cutting requirement SYNC-005
AC-2724,AC,MOD-005,Задачи,Audit evidence for FR-027,— (domain command + audit/history endpoints),—,—,— (domain handlers + audit pipeline),"SCR-020 Задачи: список/дерево; SCR-021 Фильтры задач; SCR-022 Быстрое создание задачи; SCR-023 Полный редактор задачи; SCR-024 ETag/If-Match, task aggregate, directory; SCR-025 Инспектор задачи; SCR-029 Исполнители и наблюдатели; SCR-030 Зависимости задач; SCR-031 Массовые действия задач; SCR-032 Разрешение конфликта Task; SCR-034 Контекстное меню задачи",FLOW-004 Создание задачи; FLOW-005 Быстрое создание задачи; FLOW-006 Назначение исполнителя; FLOW-007 Завершение задачи; FLOW-008 Изменение статуса; FLOW-025 Optimistic conflict; FLOW-033 Массовая смена статуса,,Audit/security,Critical,OpenAPI `POST_api_v1_tasks`; Stage_3_Field_Traceability_Final_3.5.csv; cross-cutting requirement AUDIT-005
AC-2725,AC,MOD-005,Задачи,Audit evidence for FR-028,— (domain command + audit/history endpoints),—,—,— (domain handlers + audit pipeline),"SCR-020 Задачи: список/дерево; SCR-021 Фильтры задач; SCR-022 Быстрое создание задачи; SCR-023 Полный редактор задачи; SCR-024 ETag/If-Match, task aggregate, directory; SCR-025 Инспектор задачи; SCR-029 Исполнители и наблюдатели; SCR-030 Зависимости задач; SCR-031 Массовые действия задач; SCR-032 Разрешение конфликта Task; SCR-034 Контекстное меню задачи",FLOW-004 Создание задачи; FLOW-005 Быстрое создание задачи; FLOW-006 Назначение исполнителя; FLOW-007 Завершение задачи; FLOW-008 Изменение статуса; FLOW-025 Optimistic conflict; FLOW-033 Массовая смена статуса,,Audit/security,Critical,OpenAPI `POST_api_v1_tasks_bulk_transition`; Stage_3_Field_Traceability_Final_3.5.csv; cross-cutting requirement AUDIT-005
AC-2726,AC,MOD-005,Задачи,Audit evidence for FR-029,— (domain command + audit/history endpoints),—,—,— (domain handlers + audit pipeline),"SCR-020 Задачи: список/дерево; SCR-021 Фильтры задач; SCR-022 Быстрое создание задачи; SCR-023 Полный редактор задачи; SCR-024 ETag/If-Match, task aggregate, directory; SCR-025 Инспектор задачи; SCR-029 Исполнители и наблюдатели; SCR-030 Зависимости задач; SCR-031 Массовые действия задач; SCR-032 Разрешение конфликта Task; SCR-034 Контекстное меню задачи",FLOW-004 Создание задачи; FLOW-005 Быстрое создание задачи; FLOW-006 Назначение исполнителя; FLOW-007 Завершение задачи; FLOW-008 Изменение статуса; FLOW-025 Optimistic conflict; FLOW-033 Массовая смена статуса,,Audit/security,Critical,OpenAPI `DELETE_api_v1_tasks_id`; Stage_3_Field_Traceability_Final_3.5.csv; cross-cutting requirement AUDIT-005
AC-2727,AC,MOD-005,Задачи,Audit evidence for FR-030,— (domain command + audit/history endpoints),—,—,— (domain handlers + audit pipeline),"SCR-020 Задачи: список/дерево; SCR-021 Фильтры задач; SCR-022 Быстрое создание задачи; SCR-023 Полный редактор задачи; SCR-024 ETag/If-Match, task aggregate, directory; SCR-025 Инспектор задачи; SCR-029 Исполнители и наблюдатели; SCR-030 Зависимости задач; SCR-031 Массовые действия задач; SCR-032 Разрешение конфликта Task; SCR-034 Контекстное меню задачи",FLOW-004 Создание задачи; FLOW-005 Быстрое создание задачи; FLOW-006 Назначение исполнителя; FLOW-007 Завершение задачи; FLOW-008 Изменение статуса; FLOW-025 Optimistic conflict; FLOW-033 Массовая смена статуса,,Audit/security,Critical,OpenAPI `GET_api_v1_tasks_id`; Stage_3_Field_Traceability_Final_3.5.csv; cross-cutting requirement AUDIT-005
AC-2728,AC,MOD-005,Задачи,Audit evidence for FR-031,— (domain command + audit/history endpoints),—,—,— (domain handlers + audit pipeline),"SCR-020 Задачи: список/дерево; SCR-021 Фильтры задач; SCR-022 Быстрое создание задачи; SCR-023 Полный редактор задачи; SCR-024 ETag/If-Match, task aggregate, directory; SCR-025 Инспектор задачи; SCR-029 Исполнители и наблюдатели; SCR-030 Зависимости задач; SCR-031 Массовые действия задач; SCR-032 Разрешение конфликта Task; SCR-034 Контекстное меню задачи",FLOW-004 Создание задачи; FLOW-005 Быстрое создание задачи; FLOW-006 Назначение исполнителя; FLOW-007 Завершение задачи; FLOW-008 Изменение статуса; FLOW-025 Optimistic conflict; FLOW-033 Массовая смена статуса,,Audit/security,Critical,OpenAPI `PATCH_api_v1_tasks_id`; Stage_3_Field_Traceability_Final_3.5.csv; cross-cutting requirement AUDIT-005
AC-2729,AC,MOD-005,Задачи,Audit evidence for FR-032,— (domain command + audit/history endpoints),—,—,— (domain handlers + audit pipeline),"SCR-020 Задачи: список/дерево; SCR-021 Фильтры задач; SCR-022 Быстрое создание задачи; SCR-023 Полный редактор задачи; SCR-024 ETag/If-Match, task aggregate, directory; SCR-025 Инспектор задачи; SCR-029 Исполнители и наблюдатели; SCR-030 Зависимости задач; SCR-031 Массовые действия задач; SCR-032 Разрешение конфликта Task; SCR-034 Контекстное меню задачи",FLOW-004 Создание задачи; FLOW-005 Быстрое создание задачи; FLOW-006 Назначение исполнителя; FLOW-007 Завершение задачи; FLOW-008 Изменение статуса; FLOW-025 Optimistic conflict; FLOW-033 Массовая смена статуса,,Audit/security,Critical,OpenAPI `POST_api_v1_tasks_id_archive`; Stage_3_Field_Traceability_Final_3.5.csv; cross-cutting requirement AUDIT-005
AC-2730,AC,MOD-005,Задачи,Audit evidence for FR-033,— (domain command + audit/history endpoints),—,—,— (domain handlers + audit pipeline),"SCR-020 Задачи: список/дерево; SCR-021 Фильтры задач; SCR-022 Быстрое создание задачи; SCR-023 Полный редактор задачи; SCR-024 ETag/If-Match, task aggregate, directory; SCR-025 Инспектор задачи; SCR-029 Исполнители и наблюдатели; SCR-030 Зависимости задач; SCR-031 Массовые действия задач; SCR-032 Разрешение конфликта Task; SCR-034 Контекстное меню задачи",FLOW-004 Создание задачи; FLOW-005 Быстрое создание задачи; FLOW-006 Назначение исполнителя; FLOW-007 Завершение задачи; FLOW-008 Изменение статуса; FLOW-025 Optimistic conflict; FLOW-033 Массовая смена статуса,,Audit/security,Critical,OpenAPI `PUT_api_v1_tasks_id_assignees`; Stage_3_Field_Traceability_Final_3.5.csv; cross-cutting requirement AUDIT-005
AC-2731,AC,MOD-005,Задачи,Audit evidence for FR-034,— (domain command + audit/history endpoints),—,—,— (domain handlers + audit pipeline),"SCR-020 Задачи: список/дерево; SCR-021 Фильтры задач; SCR-022 Быстрое создание задачи; SCR-023 Полный редактор задачи; SCR-024 ETag/If-Match, task aggregate, directory; SCR-025 Инспектор задачи; SCR-029 Исполнители и наблюдатели; SCR-030 Зависимости задач; SCR-031 Массовые действия задач; SCR-032 Разрешение конфликта Task; SCR-034 Контекстное меню задачи",FLOW-004 Создание задачи; FLOW-005 Быстрое создание задачи; FLOW-006 Назначение исполнителя; FLOW-007 Завершение задачи; FLOW-008 Изменение статуса; FLOW-025 Optimistic conflict; FLOW-033 Массовая смена статуса,,Audit/security,Critical,OpenAPI `POST_api_v1_tasks_id_dependencies`; Stage_3_Field_Traceability_Final_3.5.csv; cross-cutting requirement AUDIT-005
AC-2732,AC,MOD-005,Задачи,Audit evidence for FR-035,— (domain command + audit/history endpoints),—,—,— (domain handlers + audit pipeline),"SCR-020 Задачи: список/дерево; SCR-021 Фильтры задач; SCR-022 Быстрое создание задачи; SCR-023 Полный редактор задачи; SCR-024 ETag/If-Match, task aggregate, directory; SCR-025 Инспектор задачи; SCR-029 Исполнители и наблюдатели; SCR-030 Зависимости задач; SCR-031 Массовые действия задач; SCR-032 Разрешение конфликта Task; SCR-034 Контекстное меню задачи",FLOW-004 Создание задачи; FLOW-005 Быстрое создание задачи; FLOW-006 Назначение исполнителя; FLOW-007 Завершение задачи; FLOW-008 Изменение статуса; FLOW-025 Optimistic conflict; FLOW-033 Массовая смена статуса,,Audit/security,Critical,OpenAPI `DELETE_api_v1_tasks_id_dependencies_dependencyId`; Stage_3_Field_Traceability_Final_3.5.csv; cross-cutting requirement AUDIT-005
AC-2733,AC,MOD-005,Задачи,Audit evidence for FR-036,— (domain command + audit/history endpoints),—,—,— (domain handlers + audit pipeline),"SCR-020 Задачи: список/дерево; SCR-021 Фильтры задач; SCR-022 Быстрое создание задачи; SCR-023 Полный редактор задачи; SCR-024 ETag/If-Match, task aggregate, directory; SCR-025 Инспектор задачи; SCR-029 Исполнители и наблюдатели; SCR-030 Зависимости задач; SCR-031 Массовые действия задач; SCR-032 Разрешение конфликта Task; SCR-034 Контекстное меню задачи",FLOW-004 Создание задачи; FLOW-005 Быстрое создание задачи; FLOW-006 Назначение исполнителя; FLOW-007 Завершение задачи; FLOW-008 Изменение статуса; FLOW-025 Optimistic conflict; FLOW-033 Массовая смена статуса,,Audit/security,Critical,OpenAPI `POST_api_v1_tasks_id_move`; Stage_3_Field_Traceability_Final_3.5.csv; cross-cutting requirement AUDIT-005
AC-2734,AC,MOD-005,Задачи,Audit evidence for FR-037,— (domain command + audit/history endpoints),—,—,— (domain handlers + audit pipeline),"SCR-020 Задачи: список/дерево; SCR-021 Фильтры задач; SCR-022 Быстрое создание задачи; SCR-023 Полный редактор задачи; SCR-024 ETag/If-Match, task aggregate, directory; SCR-025 Инспектор задачи; SCR-029 Исполнители и наблюдатели; SCR-030 Зависимости задач; SCR-031 Массовые действия задач; SCR-032 Разрешение конфликта Task; SCR-034 Контекстное меню задачи",FLOW-004 Создание задачи; FLOW-005 Быстрое создание задачи; FLOW-006 Назначение исполнителя; FLOW-007 Завершение задачи; FLOW-008 Изменение статуса; FLOW-025 Optimistic conflict; FLOW-033 Массовая смена статуса,,Audit/security,Critical,OpenAPI `POST_api_v1_tasks_id_restore`; Stage_3_Field_Traceability_Final_3.5.csv; cross-cutting requirement AUDIT-005
AC-2735,AC,MOD-005,Задачи,Audit evidence for FR-038,— (domain command + audit/history endpoints),—,—,— (domain handlers + audit pipeline),"SCR-020 Задачи: список/дерево; SCR-021 Фильтры задач; SCR-022 Быстрое создание задачи; SCR-023 Полный редактор задачи; SCR-024 ETag/If-Match, task aggregate, directory; SCR-025 Инспектор задачи; SCR-029 Исполнители и наблюдатели; SCR-030 Зависимости задач; SCR-031 Массовые действия задач; SCR-032 Разрешение конфликта Task; SCR-034 Контекстное меню задачи",FLOW-004 Создание задачи; FLOW-005 Быстрое создание задачи; FLOW-006 Назначение исполнителя; FLOW-007 Завершение задачи; FLOW-008 Изменение статуса; FLOW-025 Optimistic conflict; FLOW-033 Массовая смена статуса,,Audit/security,Critical,OpenAPI `POST_api_v1_tasks_id_transition`; Stage_3_Field_Traceability_Final_3.5.csv; cross-cutting requirement AUDIT-005
AC-2736,AC,MOD-005,Задачи,Audit evidence for FR-039,— (domain command + audit/history endpoints),—,—,— (domain handlers + audit pipeline),"SCR-020 Задачи: список/дерево; SCR-021 Фильтры задач; SCR-022 Быстрое создание задачи; SCR-023 Полный редактор задачи; SCR-024 ETag/If-Match, task aggregate, directory; SCR-025 Инспектор задачи; SCR-029 Исполнители и наблюдатели; SCR-030 Зависимости задач; SCR-031 Массовые действия задач; SCR-032 Разрешение конфликта Task; SCR-034 Контекстное меню задачи",FLOW-004 Создание задачи; FLOW-005 Быстрое создание задачи; FLOW-006 Назначение исполнителя; FLOW-007 Завершение задачи; FLOW-008 Изменение статуса; FLOW-025 Optimistic conflict; FLOW-033 Массовая смена статуса,,Audit/security,Critical,OpenAPI `POST_api_v1_tasks_id_unarchive`; Stage_3_Field_Traceability_Final_3.5.csv; cross-cutting requirement AUDIT-005
AC-2737,AC,MOD-005,Задачи,Audit evidence for FR-040,— (domain command + audit/history endpoints),—,—,— (domain handlers + audit pipeline),"SCR-020 Задачи: список/дерево; SCR-021 Фильтры задач; SCR-022 Быстрое создание задачи; SCR-023 Полный редактор задачи; SCR-024 ETag/If-Match, task aggregate, directory; SCR-025 Инспектор задачи; SCR-029 Исполнители и наблюдатели; SCR-030 Зависимости задач; SCR-031 Массовые действия задач; SCR-032 Разрешение конфликта Task; SCR-034 Контекстное меню задачи",FLOW-004 Создание задачи; FLOW-005 Быстрое создание задачи; FLOW-006 Назначение исполнителя; FLOW-007 Завершение задачи; FLOW-008 Изменение статуса; FLOW-025 Optimistic conflict; FLOW-033 Массовая смена статуса,,Audit/security,Critical,OpenAPI `PUT_api_v1_tasks_id_watchers`; Stage_3_Field_Traceability_Final_3.5.csv; cross-cutting requirement AUDIT-005
AC-2738,AC,MOD-005,Задачи,Audit evidence for FR-248,— (domain command + audit/history endpoints),—,—,— (domain handlers + audit pipeline),"SCR-020 Задачи: список/дерево; SCR-021 Фильтры задач; SCR-022 Быстрое создание задачи; SCR-023 Полный редактор задачи; SCR-024 ETag/If-Match, task aggregate, directory; SCR-025 Инспектор задачи; SCR-029 Исполнители и наблюдатели; SCR-030 Зависимости задач; SCR-031 Массовые действия задач; SCR-032 Разрешение конфликта Task; SCR-034 Контекстное меню задачи",FLOW-004 Создание задачи; FLOW-005 Быстрое создание задачи; FLOW-006 Назначение исполнителя; FLOW-007 Завершение задачи; FLOW-008 Изменение статуса; FLOW-025 Optimistic conflict; FLOW-033 Массовая смена статуса,,Audit/security,Critical,Stage 3.5 UX Architecture/Decision Log; cross-cutting requirement AUDIT-005
AC-2739,AC,MOD-005,Задачи,Audit evidence for FR-249,— (domain command + audit/history endpoints),—,—,— (domain handlers + audit pipeline),"SCR-020 Задачи: список/дерево; SCR-021 Фильтры задач; SCR-022 Быстрое создание задачи; SCR-023 Полный редактор задачи; SCR-024 ETag/If-Match, task aggregate, directory; SCR-025 Инспектор задачи; SCR-029 Исполнители и наблюдатели; SCR-030 Зависимости задач; SCR-031 Массовые действия задач; SCR-032 Разрешение конфликта Task; SCR-034 Контекстное меню задачи",FLOW-004 Создание задачи; FLOW-005 Быстрое создание задачи; FLOW-006 Назначение исполнителя; FLOW-007 Завершение задачи; FLOW-008 Изменение статуса; FLOW-025 Optimistic conflict; FLOW-033 Массовая смена статуса,,Audit/security,Critical,Stage 3.5 UX Architecture/Decision Log; cross-cutting requirement AUDIT-005
AC-2740,AC,MOD-005,Задачи,Audit evidence for FR-250,— (domain command + audit/history endpoints),—,—,— (domain handlers + audit pipeline),"SCR-020 Задачи: список/дерево; SCR-021 Фильтры задач; SCR-022 Быстрое создание задачи; SCR-023 Полный редактор задачи; SCR-024 ETag/If-Match, task aggregate, directory; SCR-025 Инспектор задачи; SCR-029 Исполнители и наблюдатели; SCR-030 Зависимости задач; SCR-031 Массовые действия задач; SCR-032 Разрешение конфликта Task; SCR-034 Контекстное меню задачи",FLOW-004 Создание задачи; FLOW-005 Быстрое создание задачи; FLOW-006 Назначение исполнителя; FLOW-007 Завершение задачи; FLOW-008 Изменение статуса; FLOW-025 Optimistic conflict; FLOW-033 Массовая смена статуса,,Audit/security,Critical,Stage 3.5 UX Architecture/Decision Log; cross-cutting requirement AUDIT-005
AC-036,AC,MOD-006,Подзадачи и чек-листы,Проверить бизнес-правило: Подзадача является Task с parentTaskId.,—,—,—,—,SCR-033 Подзадачи и чек-листы,FLOW-009 Создание подзадачи,,Integration/domain,High,"§11.4–11.5, §27.1.9–10; Stage 3.5"
AC-037,AC,MOD-006,Подзадачи и чек-листы,Проверить бизнес-правило: Глубина вложенности ограничена одним уровнем.,—,—,—,—,SCR-033 Подзадачи и чек-листы,FLOW-009 Создание подзадачи,,Integration/domain,High,"§11.4–11.5, §27.1.9–10; Stage 3.5"
AC-038,AC,MOD-006,Подзадачи и чек-листы,Проверить бизнес-правило: Checklist item не имеет самостоятельного lifecycle вне родительского Task.,—,—,—,—,SCR-033 Подзадачи и чек-листы,FLOW-009 Создание подзадачи,,Integration/domain,High,"§11.4–11.5, §27.1.9–10; Stage 3.5"
AC-039,AC,MOD-006,Подзадачи и чек-листы,Проверить бизнес-правило: Reorder сохраняет стабильный порядок без дубликатов.,—,—,—,—,SCR-033 Подзадачи и чек-листы,FLOW-009 Создание подзадачи,,Integration/domain,High,"§11.4–11.5, §27.1.9–10; Stage 3.5"
AC-302,AC,MOD-006,Подзадачи и чек-листы,Happy path: Список чек-лист,GET_api_v1_tasks_taskId_checklists,GET /api/v1/tasks/{taskId}/checklists,Task.Read,OrganizerController.GET_api_v1_tasks_taskId_checklists,SCR-033 Подзадачи и чек-листы,FLOW-009 Создание подзадачи,,Contract/integration,High,OpenAPI `GET_api_v1_tasks_taskId_checklists`; Stage_3_Field_Traceability_Final_3.5.csv
AC-303,AC,MOD-006,Подзадачи и чек-листы,[Forbidden (Stage 3.5 State Matrix)/ObjectUnavailable (Stage 3.5 State Matrix)] Permission denied: Список чек-лист не выполняется и данные не раскрываются,GET_api_v1_tasks_taskId_checklists,GET /api/v1/tasks/{taskId}/checklists,Task.Read,OrganizerController.GET_api_v1_tasks_taskId_checklists,SCR-033 Подзадачи и чек-листы,FLOW-009 Создание подзадачи,,Security/authorization,Critical,OpenAPI `GET_api_v1_tasks_taskId_checklists`; Stage_3_Field_Traceability_Final_3.5.csv
AC-304,AC,MOD-006,Подзадачи и чек-листы,[Authentication/session error handling (Stage 3.5 error/UI rule)/Authentication/session error handling (Stage 3.5 error/UI rule)/Device-revocation error handling (Stage 3.5 error/UI rule)] Session/device interruption: операция прекращается без сохранения неподтверждённого состояния,GET_api_v1_tasks_taskId_checklists,GET /api/v1/tasks/{taskId}/checklists,Task.Read,OrganizerController.GET_api_v1_tasks_taskId_checklists,SCR-033 Подзадачи и чек-листы,FLOW-009 Создание подзадачи,,Security/session,Critical,OpenAPI `GET_api_v1_tasks_taskId_checklists`; Stage_3_Field_Traceability_Final_3.5.csv
AC-305,AC,MOD-006,Подзадачи и чек-листы,Happy path: Создать чек-лист,POST_api_v1_tasks_taskId_checklists,POST /api/v1/tasks/{taskId}/checklists,Task.Update,OrganizerController.POST_api_v1_tasks_taskId_checklists,SCR-033 Подзадачи и чек-листы,FLOW-009 Создание подзадачи,,Contract/integration,Critical,OpenAPI `POST_api_v1_tasks_taskId_checklists`; Stage_3_Field_Traceability_Final_3.5.csv
AC-306,AC,MOD-006,Подзадачи и чек-листы,[Forbidden (Stage 3.5 State Matrix)/ObjectUnavailable (Stage 3.5 State Matrix)] Permission denied: Создать чек-лист не выполняется и данные не раскрываются,POST_api_v1_tasks_taskId_checklists,POST /api/v1/tasks/{taskId}/checklists,Task.Update,OrganizerController.POST_api_v1_tasks_taskId_checklists,SCR-033 Подзадачи и чек-листы,FLOW-009 Создание подзадачи,,Security/authorization,Critical,OpenAPI `POST_api_v1_tasks_taskId_checklists`; Stage_3_Field_Traceability_Final_3.5.csv
AC-307,AC,MOD-006,Подзадачи и чек-листы,[Authentication/session error handling (Stage 3.5 error/UI rule)/Authentication/session error handling (Stage 3.5 error/UI rule)/Device-revocation error handling (Stage 3.5 error/UI rule)] Session/device interruption: операция прекращается без сохранения неподтверждённого состояния,POST_api_v1_tasks_taskId_checklists,POST /api/v1/tasks/{taskId}/checklists,Task.Update,OrganizerController.POST_api_v1_tasks_taskId_checklists,SCR-033 Подзадачи и чек-листы,FLOW-009 Создание подзадачи,,Security/session,Critical,OpenAPI `POST_api_v1_tasks_taskId_checklists`; Stage_3_Field_Traceability_Final_3.5.csv
AC-308,AC,MOD-006,Подзадачи и чек-листы,[STATE-007] Validation: fieldErrors сохраняют draft и привязываются к canonical field path,POST_api_v1_tasks_taskId_checklists,POST /api/v1/tasks/{taskId}/checklists,Task.Update,OrganizerController.POST_api_v1_tasks_taskId_checklists,SCR-033 Подзадачи и чек-листы,FLOW-009 Создание подзадачи,,Contract/UI,High,OpenAPI `POST_api_v1_tasks_taskId_checklists`; Stage_3_Field_Traceability_Final_3.5.csv
AC-309,AC,MOD-006,Подзадачи и чек-листы,[STATE-014/STATE-025] Conflict/precondition: устаревшая или отсутствующая контрактная версия/precondition не приводит к overwrite,POST_api_v1_tasks_taskId_checklists,POST /api/v1/tasks/{taskId}/checklists,Task.Update,OrganizerController.POST_api_v1_tasks_taskId_checklists,SCR-033 Подзадачи и чек-листы,FLOW-009 Создание подзадачи,,Concurrency/integration,Critical,OpenAPI `POST_api_v1_tasks_taskId_checklists`; Stage_3_Field_Traceability_Final_3.5.csv
AC-310,AC,MOD-006,Подзадачи и чек-листы,[ServerUnavailable (Stage 3.5 State Matrix)/ServerUnavailable (cached read-only presentation) (Stage 3.5 State Matrix)/Reconnecting (Stage 3.5 State Matrix)] Server unavailable/read-only: команда Создать чек-лист не ставится в offline queue,POST_api_v1_tasks_taskId_checklists,POST /api/v1/tasks/{taskId}/checklists,Task.Update,OrganizerController.POST_api_v1_tasks_taskId_checklists,SCR-033 Подзадачи и чек-листы,FLOW-009 Создание подзадачи,,Desktop/resilience,Critical,OpenAPI `POST_api_v1_tasks_taskId_checklists`; Stage_3_Field_Traceability_Final_3.5.csv
AC-311,AC,MOD-006,Подзадачи и чек-листы,[Stable-error-specific recovery (Stage 3.5 error/UI rule)] Idempotency: повтор с тем же key/hash не создаёт двойной side effect,POST_api_v1_tasks_taskId_checklists,POST /api/v1/tasks/{taskId}/checklists,Task.Update,OrganizerController.POST_api_v1_tasks_taskId_checklists,SCR-033 Подзадачи и чек-листы,FLOW-009 Создание подзадачи,,Integration,Critical,OpenAPI `POST_api_v1_tasks_taskId_checklists`; Stage_3_Field_Traceability_Final_3.5.csv
AC-312,AC,MOD-006,Подзадачи и чек-листы,[Trashed (Stage 3.5 State Matrix)] Удалённый объект: команда не применяется к trashed target и не создаёт новый объект,POST_api_v1_tasks_taskId_checklists,POST /api/v1/tasks/{taskId}/checklists,Task.Update,OrganizerController.POST_api_v1_tasks_taskId_checklists,SCR-033 Подзадачи и чек-листы,FLOW-009 Создание подзадачи,,Lifecycle/integration,High,OpenAPI `POST_api_v1_tasks_taskId_checklists`; Stage_3_Field_Traceability_Final_3.5.csv
AC-313,AC,MOD-006,Подзадачи и чек-листы,Happy path: Добавить пункт чек-листа,POST_api_v1_tasks_taskId_checklists_checklistId_items,POST /api/v1/tasks/{taskId}/checklists/{checklistId}/items,Task.Update,OrganizerController.POST_api_v1_tasks_taskId_checklists_checklistId_items,SCR-033 Подзадачи и чек-листы,FLOW-009 Создание подзадачи,,Contract/integration,Critical,OpenAPI `POST_api_v1_tasks_taskId_checklists_checklistId_items`; Stage_3_Field_Traceability_Final_3.5.csv
AC-314,AC,MOD-006,Подзадачи и чек-листы,[Forbidden (Stage 3.5 State Matrix)/ObjectUnavailable (Stage 3.5 State Matrix)] Permission denied: Добавить пункт чек-листа не выполняется и данные не раскрываются,POST_api_v1_tasks_taskId_checklists_checklistId_items,POST /api/v1/tasks/{taskId}/checklists/{checklistId}/items,Task.Update,OrganizerController.POST_api_v1_tasks_taskId_checklists_checklistId_items,SCR-033 Подзадачи и чек-листы,FLOW-009 Создание подзадачи,,Security/authorization,Critical,OpenAPI `POST_api_v1_tasks_taskId_checklists_checklistId_items`; Stage_3_Field_Traceability_Final_3.5.csv
AC-315,AC,MOD-006,Подзадачи и чек-листы,[Authentication/session error handling (Stage 3.5 error/UI rule)/Authentication/session error handling (Stage 3.5 error/UI rule)/Device-revocation error handling (Stage 3.5 error/UI rule)] Session/device interruption: операция прекращается без сохранения неподтверждённого состояния,POST_api_v1_tasks_taskId_checklists_checklistId_items,POST /api/v1/tasks/{taskId}/checklists/{checklistId}/items,Task.Update,OrganizerController.POST_api_v1_tasks_taskId_checklists_checklistId_items,SCR-033 Подзадачи и чек-листы,FLOW-009 Создание подзадачи,,Security/session,Critical,OpenAPI `POST_api_v1_tasks_taskId_checklists_checklistId_items`; Stage_3_Field_Traceability_Final_3.5.csv
AC-316,AC,MOD-006,Подзадачи и чек-листы,[STATE-007] Validation: fieldErrors сохраняют draft и привязываются к canonical field path,POST_api_v1_tasks_taskId_checklists_checklistId_items,POST /api/v1/tasks/{taskId}/checklists/{checklistId}/items,Task.Update,OrganizerController.POST_api_v1_tasks_taskId_checklists_checklistId_items,SCR-033 Подзадачи и чек-листы,FLOW-009 Создание подзадачи,,Contract/UI,High,OpenAPI `POST_api_v1_tasks_taskId_checklists_checklistId_items`; Stage_3_Field_Traceability_Final_3.5.csv
AC-317,AC,MOD-006,Подзадачи и чек-листы,[STATE-014/STATE-025] Conflict/precondition: устаревшая или отсутствующая If-Match не приводит к overwrite,POST_api_v1_tasks_taskId_checklists_checklistId_items,POST /api/v1/tasks/{taskId}/checklists/{checklistId}/items,Task.Update,OrganizerController.POST_api_v1_tasks_taskId_checklists_checklistId_items,SCR-033 Подзадачи и чек-листы,FLOW-009 Создание подзадачи,,Concurrency/integration,Critical,OpenAPI `POST_api_v1_tasks_taskId_checklists_checklistId_items`; Stage_3_Field_Traceability_Final_3.5.csv
AC-318,AC,MOD-006,Подзадачи и чек-листы,[ServerUnavailable (Stage 3.5 State Matrix)/ServerUnavailable (cached read-only presentation) (Stage 3.5 State Matrix)/Reconnecting (Stage 3.5 State Matrix)] Server unavailable/read-only: команда Добавить пункт чек-листа не ставится в offline queue,POST_api_v1_tasks_taskId_checklists_checklistId_items,POST /api/v1/tasks/{taskId}/checklists/{checklistId}/items,Task.Update,OrganizerController.POST_api_v1_tasks_taskId_checklists_checklistId_items,SCR-033 Подзадачи и чек-листы,FLOW-009 Создание подзадачи,,Desktop/resilience,Critical,OpenAPI `POST_api_v1_tasks_taskId_checklists_checklistId_items`; Stage_3_Field_Traceability_Final_3.5.csv
AC-319,AC,MOD-006,Подзадачи и чек-листы,[Stable-error-specific recovery (Stage 3.5 error/UI rule)] Idempotency: повтор с тем же key/hash не создаёт двойной side effect,POST_api_v1_tasks_taskId_checklists_checklistId_items,POST /api/v1/tasks/{taskId}/checklists/{checklistId}/items,Task.Update,OrganizerController.POST_api_v1_tasks_taskId_checklists_checklistId_items,SCR-033 Подзадачи и чек-листы,FLOW-009 Создание подзадачи,,Integration,Critical,OpenAPI `POST_api_v1_tasks_taskId_checklists_checklistId_items`; Stage_3_Field_Traceability_Final_3.5.csv
AC-320,AC,MOD-006,Подзадачи и чек-листы,[Trashed (Stage 3.5 State Matrix)] Удалённый объект: команда не применяется к trashed target и не создаёт новый объект,POST_api_v1_tasks_taskId_checklists_checklistId_items,POST /api/v1/tasks/{taskId}/checklists/{checklistId}/items,Task.Update,OrganizerController.POST_api_v1_tasks_taskId_checklists_checklistId_items,SCR-033 Подзадачи и чек-листы,FLOW-009 Создание подзадачи,,Lifecycle/integration,High,OpenAPI `POST_api_v1_tasks_taskId_checklists_checklistId_items`; Stage_3_Field_Traceability_Final_3.5.csv
AC-321,AC,MOD-006,Подзадачи и чек-листы,Happy path: Удалить пункт,DELETE_api_v1_tasks_taskId_checklists_checklistId_items_itemId,DELETE /api/v1/tasks/{taskId}/checklists/{checklistId}/items/{itemId},Task.Update,OrganizerController.DELETE_api_v1_tasks_taskId_checklists_checklistId_items_itemId,SCR-033 Подзадачи и чек-листы,FLOW-027 Перемещение в корзину,,Contract/integration,Critical,OpenAPI `DELETE_api_v1_tasks_taskId_checklists_checklistId_items_itemId`; Stage_3_Field_Traceability_Final_3.5.csv
AC-322,AC,MOD-006,Подзадачи и чек-листы,[Forbidden (Stage 3.5 State Matrix)/ObjectUnavailable (Stage 3.5 State Matrix)] Permission denied: Удалить пункт не выполняется и данные не раскрываются,DELETE_api_v1_tasks_taskId_checklists_checklistId_items_itemId,DELETE /api/v1/tasks/{taskId}/checklists/{checklistId}/items/{itemId},Task.Update,OrganizerController.DELETE_api_v1_tasks_taskId_checklists_checklistId_items_itemId,SCR-033 Подзадачи и чек-листы,FLOW-027 Перемещение в корзину,,Security/authorization,Critical,OpenAPI `DELETE_api_v1_tasks_taskId_checklists_checklistId_items_itemId`; Stage_3_Field_Traceability_Final_3.5.csv
AC-323,AC,MOD-006,Подзадачи и чек-листы,[Authentication/session error handling (Stage 3.5 error/UI rule)/Authentication/session error handling (Stage 3.5 error/UI rule)/Device-revocation error handling (Stage 3.5 error/UI rule)] Session/device interruption: операция прекращается без сохранения неподтверждённого состояния,DELETE_api_v1_tasks_taskId_checklists_checklistId_items_itemId,DELETE /api/v1/tasks/{taskId}/checklists/{checklistId}/items/{itemId},Task.Update,OrganizerController.DELETE_api_v1_tasks_taskId_checklists_checklistId_items_itemId,SCR-033 Подзадачи и чек-листы,FLOW-027 Перемещение в корзину,,Security/session,Critical,OpenAPI `DELETE_api_v1_tasks_taskId_checklists_checklistId_items_itemId`; Stage_3_Field_Traceability_Final_3.5.csv
AC-324,AC,MOD-006,Подзадачи и чек-листы,[STATE-014/STATE-025] Conflict/precondition: устаревшая или отсутствующая If-Match не приводит к overwrite,DELETE_api_v1_tasks_taskId_checklists_checklistId_items_itemId,DELETE /api/v1/tasks/{taskId}/checklists/{checklistId}/items/{itemId},Task.Update,OrganizerController.DELETE_api_v1_tasks_taskId_checklists_checklistId_items_itemId,SCR-033 Подзадачи и чек-листы,FLOW-027 Перемещение в корзину,,Concurrency/integration,Critical,OpenAPI `DELETE_api_v1_tasks_taskId_checklists_checklistId_items_itemId`; Stage_3_Field_Traceability_Final_3.5.csv
AC-325,AC,MOD-006,Подзадачи и чек-листы,[ServerUnavailable (Stage 3.5 State Matrix)/ServerUnavailable (cached read-only presentation) (Stage 3.5 State Matrix)/Reconnecting (Stage 3.5 State Matrix)] Server unavailable/read-only: команда Удалить пункт не ставится в offline queue,DELETE_api_v1_tasks_taskId_checklists_checklistId_items_itemId,DELETE /api/v1/tasks/{taskId}/checklists/{checklistId}/items/{itemId},Task.Update,OrganizerController.DELETE_api_v1_tasks_taskId_checklists_checklistId_items_itemId,SCR-033 Подзадачи и чек-листы,FLOW-027 Перемещение в корзину,,Desktop/resilience,Critical,OpenAPI `DELETE_api_v1_tasks_taskId_checklists_checklistId_items_itemId`; Stage_3_Field_Traceability_Final_3.5.csv
AC-326,AC,MOD-006,Подзадачи и чек-листы,[Trashed (Stage 3.5 State Matrix)] Удалённый объект: команда не применяется к trashed target и не создаёт новый объект,DELETE_api_v1_tasks_taskId_checklists_checklistId_items_itemId,DELETE /api/v1/tasks/{taskId}/checklists/{checklistId}/items/{itemId},Task.Update,OrganizerController.DELETE_api_v1_tasks_taskId_checklists_checklistId_items_itemId,SCR-033 Подзадачи и чек-листы,FLOW-027 Перемещение в корзину,,Lifecycle/integration,High,OpenAPI `DELETE_api_v1_tasks_taskId_checklists_checklistId_items_itemId`; Stage_3_Field_Traceability_Final_3.5.csv
AC-327,AC,MOD-006,Подзадачи и чек-листы,Happy path: Изменить/выполнить пункт,PATCH_api_v1_tasks_taskId_checklists_checklistId_items_itemId,PATCH /api/v1/tasks/{taskId}/checklists/{checklistId}/items/{itemId},Task.ChangeStatus,OrganizerController.PATCH_api_v1_tasks_taskId_checklists_checklistId_items_itemId,SCR-033 Подзадачи и чек-листы,FLOW-009 Создание подзадачи,,Contract/integration,Critical,OpenAPI `PATCH_api_v1_tasks_taskId_checklists_checklistId_items_itemId`; Stage_3_Field_Traceability_Final_3.5.csv
AC-328,AC,MOD-006,Подзадачи и чек-листы,[Forbidden (Stage 3.5 State Matrix)/ObjectUnavailable (Stage 3.5 State Matrix)] Permission denied: Изменить/выполнить пункт не выполняется и данные не раскрываются,PATCH_api_v1_tasks_taskId_checklists_checklistId_items_itemId,PATCH /api/v1/tasks/{taskId}/checklists/{checklistId}/items/{itemId},Task.ChangeStatus,OrganizerController.PATCH_api_v1_tasks_taskId_checklists_checklistId_items_itemId,SCR-033 Подзадачи и чек-листы,FLOW-009 Создание подзадачи,,Security/authorization,Critical,OpenAPI `PATCH_api_v1_tasks_taskId_checklists_checklistId_items_itemId`; Stage_3_Field_Traceability_Final_3.5.csv
AC-329,AC,MOD-006,Подзадачи и чек-листы,[Authentication/session error handling (Stage 3.5 error/UI rule)/Authentication/session error handling (Stage 3.5 error/UI rule)/Device-revocation error handling (Stage 3.5 error/UI rule)] Session/device interruption: операция прекращается без сохранения неподтверждённого состояния,PATCH_api_v1_tasks_taskId_checklists_checklistId_items_itemId,PATCH /api/v1/tasks/{taskId}/checklists/{checklistId}/items/{itemId},Task.ChangeStatus,OrganizerController.PATCH_api_v1_tasks_taskId_checklists_checklistId_items_itemId,SCR-033 Подзадачи и чек-листы,FLOW-009 Создание подзадачи,,Security/session,Critical,OpenAPI `PATCH_api_v1_tasks_taskId_checklists_checklistId_items_itemId`; Stage_3_Field_Traceability_Final_3.5.csv
AC-330,AC,MOD-006,Подзадачи и чек-листы,[STATE-007] Validation: fieldErrors сохраняют draft и привязываются к canonical field path,PATCH_api_v1_tasks_taskId_checklists_checklistId_items_itemId,PATCH /api/v1/tasks/{taskId}/checklists/{checklistId}/items/{itemId},Task.ChangeStatus,OrganizerController.PATCH_api_v1_tasks_taskId_checklists_checklistId_items_itemId,SCR-033 Подзадачи и чек-листы,FLOW-009 Создание подзадачи,,Contract/UI,High,OpenAPI `PATCH_api_v1_tasks_taskId_checklists_checklistId_items_itemId`; Stage_3_Field_Traceability_Final_3.5.csv
AC-331,AC,MOD-006,Подзадачи и чек-листы,[STATE-014/STATE-025] Conflict/precondition: устаревшая или отсутствующая If-Match не приводит к overwrite,PATCH_api_v1_tasks_taskId_checklists_checklistId_items_itemId,PATCH /api/v1/tasks/{taskId}/checklists/{checklistId}/items/{itemId},Task.ChangeStatus,OrganizerController.PATCH_api_v1_tasks_taskId_checklists_checklistId_items_itemId,SCR-033 Подзадачи и чек-листы,FLOW-009 Создание подзадачи,,Concurrency/integration,Critical,OpenAPI `PATCH_api_v1_tasks_taskId_checklists_checklistId_items_itemId`; Stage_3_Field_Traceability_Final_3.5.csv
AC-332,AC,MOD-006,Подзадачи и чек-листы,[ServerUnavailable (Stage 3.5 State Matrix)/ServerUnavailable (cached read-only presentation) (Stage 3.5 State Matrix)/Reconnecting (Stage 3.5 State Matrix)] Server unavailable/read-only: команда Изменить/выполнить пункт не ставится в offline queue,PATCH_api_v1_tasks_taskId_checklists_checklistId_items_itemId,PATCH /api/v1/tasks/{taskId}/checklists/{checklistId}/items/{itemId},Task.ChangeStatus,OrganizerController.PATCH_api_v1_tasks_taskId_checklists_checklistId_items_itemId,SCR-033 Подзадачи и чек-листы,FLOW-009 Создание подзадачи,,Desktop/resilience,Critical,OpenAPI `PATCH_api_v1_tasks_taskId_checklists_checklistId_items_itemId`; Stage_3_Field_Traceability_Final_3.5.csv
AC-333,AC,MOD-006,Подзадачи и чек-листы,[Stable-error-specific recovery (Stage 3.5 error/UI rule)] Idempotency: повтор с тем же key/hash не создаёт двойной side effect,PATCH_api_v1_tasks_taskId_checklists_checklistId_items_itemId,PATCH /api/v1/tasks/{taskId}/checklists/{checklistId}/items/{itemId},Task.ChangeStatus,OrganizerController.PATCH_api_v1_tasks_taskId_checklists_checklistId_items_itemId,SCR-033 Подзадачи и чек-листы,FLOW-009 Создание подзадачи,,Integration,Critical,OpenAPI `PATCH_api_v1_tasks_taskId_checklists_checklistId_items_itemId`; Stage_3_Field_Traceability_Final_3.5.csv
AC-334,AC,MOD-006,Подзадачи и чек-листы,[Trashed (Stage 3.5 State Matrix)] Удалённый объект: команда не применяется к trashed target и не создаёт новый объект,PATCH_api_v1_tasks_taskId_checklists_checklistId_items_itemId,PATCH /api/v1/tasks/{taskId}/checklists/{checklistId}/items/{itemId},Task.ChangeStatus,OrganizerController.PATCH_api_v1_tasks_taskId_checklists_checklistId_items_itemId,SCR-033 Подзадачи и чек-листы,FLOW-009 Создание подзадачи,,Lifecycle/integration,High,OpenAPI `PATCH_api_v1_tasks_taskId_checklists_checklistId_items_itemId`; Stage_3_Field_Traceability_Final_3.5.csv
AC-335,AC,MOD-006,Подзадачи и чек-листы,Happy path: Изменить порядок пунктов,POST_api_v1_tasks_taskId_checklists_checklistId_reorder,POST /api/v1/tasks/{taskId}/checklists/{checklistId}/reorder,Task.Update,OrganizerController.POST_api_v1_tasks_taskId_checklists_checklistId_reorder,SCR-033 Подзадачи и чек-листы,FLOW-009 Создание подзадачи,,Contract/integration,Critical,OpenAPI `POST_api_v1_tasks_taskId_checklists_checklistId_reorder`; Stage_3_Field_Traceability_Final_3.5.csv
AC-336,AC,MOD-006,Подзадачи и чек-листы,[Forbidden (Stage 3.5 State Matrix)/ObjectUnavailable (Stage 3.5 State Matrix)] Permission denied: Изменить порядок пунктов не выполняется и данные не раскрываются,POST_api_v1_tasks_taskId_checklists_checklistId_reorder,POST /api/v1/tasks/{taskId}/checklists/{checklistId}/reorder,Task.Update,OrganizerController.POST_api_v1_tasks_taskId_checklists_checklistId_reorder,SCR-033 Подзадачи и чек-листы,FLOW-009 Создание подзадачи,,Security/authorization,Critical,OpenAPI `POST_api_v1_tasks_taskId_checklists_checklistId_reorder`; Stage_3_Field_Traceability_Final_3.5.csv
AC-337,AC,MOD-006,Подзадачи и чек-листы,[Authentication/session error handling (Stage 3.5 error/UI rule)/Authentication/session error handling (Stage 3.5 error/UI rule)/Device-revocation error handling (Stage 3.5 error/UI rule)] Session/device interruption: операция прекращается без сохранения неподтверждённого состояния,POST_api_v1_tasks_taskId_checklists_checklistId_reorder,POST /api/v1/tasks/{taskId}/checklists/{checklistId}/reorder,Task.Update,OrganizerController.POST_api_v1_tasks_taskId_checklists_checklistId_reorder,SCR-033 Подзадачи и чек-листы,FLOW-009 Создание подзадачи,,Security/session,Critical,OpenAPI `POST_api_v1_tasks_taskId_checklists_checklistId_reorder`; Stage_3_Field_Traceability_Final_3.5.csv
AC-338,AC,MOD-006,Подзадачи и чек-листы,[STATE-007] Validation: fieldErrors сохраняют draft и привязываются к canonical field path,POST_api_v1_tasks_taskId_checklists_checklistId_reorder,POST /api/v1/tasks/{taskId}/checklists/{checklistId}/reorder,Task.Update,OrganizerController.POST_api_v1_tasks_taskId_checklists_checklistId_reorder,SCR-033 Подзадачи и чек-листы,FLOW-009 Создание подзадачи,,Contract/UI,High,OpenAPI `POST_api_v1_tasks_taskId_checklists_checklistId_reorder`; Stage_3_Field_Traceability_Final_3.5.csv
AC-339,AC,MOD-006,Подзадачи и чек-листы,[STATE-014/STATE-025] Conflict/precondition: устаревшая или отсутствующая If-Match не приводит к overwrite,POST_api_v1_tasks_taskId_checklists_checklistId_reorder,POST /api/v1/tasks/{taskId}/checklists/{checklistId}/reorder,Task.Update,OrganizerController.POST_api_v1_tasks_taskId_checklists_checklistId_reorder,SCR-033 Подзадачи и чек-листы,FLOW-009 Создание подзадачи,,Concurrency/integration,Critical,OpenAPI `POST_api_v1_tasks_taskId_checklists_checklistId_reorder`; Stage_3_Field_Traceability_Final_3.5.csv
AC-340,AC,MOD-006,Подзадачи и чек-листы,[ServerUnavailable (Stage 3.5 State Matrix)/ServerUnavailable (cached read-only presentation) (Stage 3.5 State Matrix)/Reconnecting (Stage 3.5 State Matrix)] Server unavailable/read-only: команда Изменить порядок пунктов не ставится в offline queue,POST_api_v1_tasks_taskId_checklists_checklistId_reorder,POST /api/v1/tasks/{taskId}/checklists/{checklistId}/reorder,Task.Update,OrganizerController.POST_api_v1_tasks_taskId_checklists_checklistId_reorder,SCR-033 Подзадачи и чек-листы,FLOW-009 Создание подзадачи,,Desktop/resilience,Critical,OpenAPI `POST_api_v1_tasks_taskId_checklists_checklistId_reorder`; Stage_3_Field_Traceability_Final_3.5.csv
AC-341,AC,MOD-006,Подзадачи и чек-листы,[Stable-error-specific recovery (Stage 3.5 error/UI rule)] Idempotency: повтор с тем же key/hash не создаёт двойной side effect,POST_api_v1_tasks_taskId_checklists_checklistId_reorder,POST /api/v1/tasks/{taskId}/checklists/{checklistId}/reorder,Task.Update,OrganizerController.POST_api_v1_tasks_taskId_checklists_checklistId_reorder,SCR-033 Подзадачи и чек-листы,FLOW-009 Создание подзадачи,,Integration,Critical,OpenAPI `POST_api_v1_tasks_taskId_checklists_checklistId_reorder`; Stage_3_Field_Traceability_Final_3.5.csv
AC-342,AC,MOD-006,Подзадачи и чек-листы,[Trashed (Stage 3.5 State Matrix)] Удалённый объект: команда не применяется к trashed target и не создаёт новый объект,POST_api_v1_tasks_taskId_checklists_checklistId_reorder,POST /api/v1/tasks/{taskId}/checklists/{checklistId}/reorder,Task.Update,OrganizerController.POST_api_v1_tasks_taskId_checklists_checklistId_reorder,SCR-033 Подзадачи и чек-листы,FLOW-009 Создание подзадачи,,Lifecycle/integration,High,OpenAPI `POST_api_v1_tasks_taskId_checklists_checklistId_reorder`; Stage_3_Field_Traceability_Final_3.5.csv
AC-343,AC,MOD-006,Подзадачи и чек-листы,Happy path: Переместить чек-лист в корзину,DELETE_api_v1_tasks_taskId_checklists_id,DELETE /api/v1/tasks/{taskId}/checklists/{id},Task.Update,OrganizerController.DELETE_api_v1_tasks_taskId_checklists_id,SCR-033 Подзадачи и чек-листы,FLOW-027 Перемещение в корзину,,Contract/integration,Critical,OpenAPI `DELETE_api_v1_tasks_taskId_checklists_id`; Stage_3_Field_Traceability_Final_3.5.csv
AC-344,AC,MOD-006,Подзадачи и чек-листы,[Forbidden (Stage 3.5 State Matrix)/ObjectUnavailable (Stage 3.5 State Matrix)] Permission denied: Переместить чек-лист в корзину не выполняется и данные не раскрываются,DELETE_api_v1_tasks_taskId_checklists_id,DELETE /api/v1/tasks/{taskId}/checklists/{id},Task.Update,OrganizerController.DELETE_api_v1_tasks_taskId_checklists_id,SCR-033 Подзадачи и чек-листы,FLOW-027 Перемещение в корзину,,Security/authorization,Critical,OpenAPI `DELETE_api_v1_tasks_taskId_checklists_id`; Stage_3_Field_Traceability_Final_3.5.csv
AC-345,AC,MOD-006,Подзадачи и чек-листы,[Authentication/session error handling (Stage 3.5 error/UI rule)/Authentication/session error handling (Stage 3.5 error/UI rule)/Device-revocation error handling (Stage 3.5 error/UI rule)] Session/device interruption: операция прекращается без сохранения неподтверждённого состояния,DELETE_api_v1_tasks_taskId_checklists_id,DELETE /api/v1/tasks/{taskId}/checklists/{id},Task.Update,OrganizerController.DELETE_api_v1_tasks_taskId_checklists_id,SCR-033 Подзадачи и чек-листы,FLOW-027 Перемещение в корзину,,Security/session,Critical,OpenAPI `DELETE_api_v1_tasks_taskId_checklists_id`; Stage_3_Field_Traceability_Final_3.5.csv
AC-346,AC,MOD-006,Подзадачи и чек-листы,[STATE-014/STATE-025] Conflict/precondition: устаревшая или отсутствующая If-Match не приводит к overwrite,DELETE_api_v1_tasks_taskId_checklists_id,DELETE /api/v1/tasks/{taskId}/checklists/{id},Task.Update,OrganizerController.DELETE_api_v1_tasks_taskId_checklists_id,SCR-033 Подзадачи и чек-листы,FLOW-027 Перемещение в корзину,,Concurrency/integration,Critical,OpenAPI `DELETE_api_v1_tasks_taskId_checklists_id`; Stage_3_Field_Traceability_Final_3.5.csv
AC-347,AC,MOD-006,Подзадачи и чек-листы,[ServerUnavailable (Stage 3.5 State Matrix)/ServerUnavailable (cached read-only presentation) (Stage 3.5 State Matrix)/Reconnecting (Stage 3.5 State Matrix)] Server unavailable/read-only: команда Переместить чек-лист в корзину не ставится в offline queue,DELETE_api_v1_tasks_taskId_checklists_id,DELETE /api/v1/tasks/{taskId}/checklists/{id},Task.Update,OrganizerController.DELETE_api_v1_tasks_taskId_checklists_id,SCR-033 Подзадачи и чек-листы,FLOW-027 Перемещение в корзину,,Desktop/resilience,Critical,OpenAPI `DELETE_api_v1_tasks_taskId_checklists_id`; Stage_3_Field_Traceability_Final_3.5.csv
AC-348,AC,MOD-006,Подзадачи и чек-листы,[Trashed (Stage 3.5 State Matrix)] Удалённый объект: команда не применяется к trashed target и не создаёт новый объект,DELETE_api_v1_tasks_taskId_checklists_id,DELETE /api/v1/tasks/{taskId}/checklists/{id},Task.Update,OrganizerController.DELETE_api_v1_tasks_taskId_checklists_id,SCR-033 Подзадачи и чек-листы,FLOW-027 Перемещение в корзину,,Lifecycle/integration,High,OpenAPI `DELETE_api_v1_tasks_taskId_checklists_id`; Stage_3_Field_Traceability_Final_3.5.csv
AC-349,AC,MOD-006,Подзадачи и чек-листы,Happy path: Получить чек-лист,GET_api_v1_tasks_taskId_checklists_id,GET /api/v1/tasks/{taskId}/checklists/{id},Task.Read,OrganizerController.GET_api_v1_tasks_taskId_checklists_id,SCR-033 Подзадачи и чек-листы,FLOW-009 Создание подзадачи,,Contract/integration,High,OpenAPI `GET_api_v1_tasks_taskId_checklists_id`; Stage_3_Field_Traceability_Final_3.5.csv
AC-350,AC,MOD-006,Подзадачи и чек-листы,[Forbidden (Stage 3.5 State Matrix)/ObjectUnavailable (Stage 3.5 State Matrix)] Permission denied: Получить чек-лист не выполняется и данные не раскрываются,GET_api_v1_tasks_taskId_checklists_id,GET /api/v1/tasks/{taskId}/checklists/{id},Task.Read,OrganizerController.GET_api_v1_tasks_taskId_checklists_id,SCR-033 Подзадачи и чек-листы,FLOW-009 Создание подзадачи,,Security/authorization,Critical,OpenAPI `GET_api_v1_tasks_taskId_checklists_id`; Stage_3_Field_Traceability_Final_3.5.csv
AC-351,AC,MOD-006,Подзадачи и чек-листы,[Authentication/session error handling (Stage 3.5 error/UI rule)/Authentication/session error handling (Stage 3.5 error/UI rule)/Device-revocation error handling (Stage 3.5 error/UI rule)] Session/device interruption: операция прекращается без сохранения неподтверждённого состояния,GET_api_v1_tasks_taskId_checklists_id,GET /api/v1/tasks/{taskId}/checklists/{id},Task.Read,OrganizerController.GET_api_v1_tasks_taskId_checklists_id,SCR-033 Подзадачи и чек-листы,FLOW-009 Создание подзадачи,,Security/session,Critical,OpenAPI `GET_api_v1_tasks_taskId_checklists_id`; Stage_3_Field_Traceability_Final_3.5.csv
AC-352,AC,MOD-006,Подзадачи и чек-листы,Happy path: Изменить чек-лист,PATCH_api_v1_tasks_taskId_checklists_id,PATCH /api/v1/tasks/{taskId}/checklists/{id},Task.Update,OrganizerController.PATCH_api_v1_tasks_taskId_checklists_id,SCR-033 Подзадачи и чек-листы,FLOW-009 Создание подзадачи,,Contract/integration,Critical,OpenAPI `PATCH_api_v1_tasks_taskId_checklists_id`; Stage_3_Field_Traceability_Final_3.5.csv
AC-353,AC,MOD-006,Подзадачи и чек-листы,[Forbidden (Stage 3.5 State Matrix)/ObjectUnavailable (Stage 3.5 State Matrix)] Permission denied: Изменить чек-лист не выполняется и данные не раскрываются,PATCH_api_v1_tasks_taskId_checklists_id,PATCH /api/v1/tasks/{taskId}/checklists/{id},Task.Update,OrganizerController.PATCH_api_v1_tasks_taskId_checklists_id,SCR-033 Подзадачи и чек-листы,FLOW-009 Создание подзадачи,,Security/authorization,Critical,OpenAPI `PATCH_api_v1_tasks_taskId_checklists_id`; Stage_3_Field_Traceability_Final_3.5.csv
AC-354,AC,MOD-006,Подзадачи и чек-листы,[Authentication/session error handling (Stage 3.5 error/UI rule)/Authentication/session error handling (Stage 3.5 error/UI rule)/Device-revocation error handling (Stage 3.5 error/UI rule)] Session/device interruption: операция прекращается без сохранения неподтверждённого состояния,PATCH_api_v1_tasks_taskId_checklists_id,PATCH /api/v1/tasks/{taskId}/checklists/{id},Task.Update,OrganizerController.PATCH_api_v1_tasks_taskId_checklists_id,SCR-033 Подзадачи и чек-листы,FLOW-009 Создание подзадачи,,Security/session,Critical,OpenAPI `PATCH_api_v1_tasks_taskId_checklists_id`; Stage_3_Field_Traceability_Final_3.5.csv
AC-355,AC,MOD-006,Подзадачи и чек-листы,[STATE-007] Validation: fieldErrors сохраняют draft и привязываются к canonical field path,PATCH_api_v1_tasks_taskId_checklists_id,PATCH /api/v1/tasks/{taskId}/checklists/{id},Task.Update,OrganizerController.PATCH_api_v1_tasks_taskId_checklists_id,SCR-033 Подзадачи и чек-листы,FLOW-009 Создание подзадачи,,Contract/UI,High,OpenAPI `PATCH_api_v1_tasks_taskId_checklists_id`; Stage_3_Field_Traceability_Final_3.5.csv
AC-356,AC,MOD-006,Подзадачи и чек-листы,[STATE-014/STATE-025] Conflict/precondition: устаревшая или отсутствующая If-Match не приводит к overwrite,PATCH_api_v1_tasks_taskId_checklists_id,PATCH /api/v1/tasks/{taskId}/checklists/{id},Task.Update,OrganizerController.PATCH_api_v1_tasks_taskId_checklists_id,SCR-033 Подзадачи и чек-листы,FLOW-009 Создание подзадачи,,Concurrency/integration,Critical,OpenAPI `PATCH_api_v1_tasks_taskId_checklists_id`; Stage_3_Field_Traceability_Final_3.5.csv
AC-357,AC,MOD-006,Подзадачи и чек-листы,[ServerUnavailable (Stage 3.5 State Matrix)/ServerUnavailable (cached read-only presentation) (Stage 3.5 State Matrix)/Reconnecting (Stage 3.5 State Matrix)] Server unavailable/read-only: команда Изменить чек-лист не ставится в offline queue,PATCH_api_v1_tasks_taskId_checklists_id,PATCH /api/v1/tasks/{taskId}/checklists/{id},Task.Update,OrganizerController.PATCH_api_v1_tasks_taskId_checklists_id,SCR-033 Подзадачи и чек-листы,FLOW-009 Создание подзадачи,,Desktop/resilience,Critical,OpenAPI `PATCH_api_v1_tasks_taskId_checklists_id`; Stage_3_Field_Traceability_Final_3.5.csv
AC-358,AC,MOD-006,Подзадачи и чек-листы,[Trashed (Stage 3.5 State Matrix)] Удалённый объект: команда не применяется к trashed target и не создаёт новый объект,PATCH_api_v1_tasks_taskId_checklists_id,PATCH /api/v1/tasks/{taskId}/checklists/{id},Task.Update,OrganizerController.PATCH_api_v1_tasks_taskId_checklists_id,SCR-033 Подзадачи и чек-листы,FLOW-009 Создание подзадачи,,Lifecycle/integration,High,OpenAPI `PATCH_api_v1_tasks_taskId_checklists_id`; Stage_3_Field_Traceability_Final_3.5.csv
AC-359,AC,MOD-006,Подзадачи и чек-листы,Happy path: Список подзадач,GET_api_v1_tasks_id_subtasks,GET /api/v1/tasks/{id}/subtasks,Task.Read,OrganizerController.GET_api_v1_tasks_id_subtasks,SCR-033 Подзадачи и чек-листы,FLOW-009 Создание подзадачи,,Contract/integration,High,OpenAPI `GET_api_v1_tasks_id_subtasks`; Stage_3_Field_Traceability_Final_3.5.csv
AC-360,AC,MOD-006,Подзадачи и чек-листы,[Forbidden (Stage 3.5 State Matrix)/ObjectUnavailable (Stage 3.5 State Matrix)] Permission denied: Список подзадач не выполняется и данные не раскрываются,GET_api_v1_tasks_id_subtasks,GET /api/v1/tasks/{id}/subtasks,Task.Read,OrganizerController.GET_api_v1_tasks_id_subtasks,SCR-033 Подзадачи и чек-листы,FLOW-009 Создание подзадачи,,Security/authorization,Critical,OpenAPI `GET_api_v1_tasks_id_subtasks`; Stage_3_Field_Traceability_Final_3.5.csv
AC-361,AC,MOD-006,Подзадачи и чек-листы,[Authentication/session error handling (Stage 3.5 error/UI rule)/Authentication/session error handling (Stage 3.5 error/UI rule)/Device-revocation error handling (Stage 3.5 error/UI rule)] Session/device interruption: операция прекращается без сохранения неподтверждённого состояния,GET_api_v1_tasks_id_subtasks,GET /api/v1/tasks/{id}/subtasks,Task.Read,OrganizerController.GET_api_v1_tasks_id_subtasks,SCR-033 Подзадачи и чек-листы,FLOW-009 Создание подзадачи,,Security/session,Critical,OpenAPI `GET_api_v1_tasks_id_subtasks`; Stage_3_Field_Traceability_Final_3.5.csv
AC-362,AC,MOD-006,Подзадачи и чек-листы,Happy path: Создать подзадачу,POST_api_v1_tasks_id_subtasks,POST /api/v1/tasks/{id}/subtasks,Task.Create,OrganizerController.POST_api_v1_tasks_id_subtasks,SCR-033 Подзадачи и чек-листы,FLOW-009 Создание подзадачи,,Contract/integration,Critical,OpenAPI `POST_api_v1_tasks_id_subtasks`; Stage_3_Field_Traceability_Final_3.5.csv
AC-363,AC,MOD-006,Подзадачи и чек-листы,[Forbidden (Stage 3.5 State Matrix)/ObjectUnavailable (Stage 3.5 State Matrix)] Permission denied: Создать подзадачу не выполняется и данные не раскрываются,POST_api_v1_tasks_id_subtasks,POST /api/v1/tasks/{id}/subtasks,Task.Create,OrganizerController.POST_api_v1_tasks_id_subtasks,SCR-033 Подзадачи и чек-листы,FLOW-009 Создание подзадачи,,Security/authorization,Critical,OpenAPI `POST_api_v1_tasks_id_subtasks`; Stage_3_Field_Traceability_Final_3.5.csv
AC-364,AC,MOD-006,Подзадачи и чек-листы,[Authentication/session error handling (Stage 3.5 error/UI rule)/Authentication/session error handling (Stage 3.5 error/UI rule)/Device-revocation error handling (Stage 3.5 error/UI rule)] Session/device interruption: операция прекращается без сохранения неподтверждённого состояния,POST_api_v1_tasks_id_subtasks,POST /api/v1/tasks/{id}/subtasks,Task.Create,OrganizerController.POST_api_v1_tasks_id_subtasks,SCR-033 Подзадачи и чек-листы,FLOW-009 Создание подзадачи,,Security/session,Critical,OpenAPI `POST_api_v1_tasks_id_subtasks`; Stage_3_Field_Traceability_Final_3.5.csv
AC-365,AC,MOD-006,Подзадачи и чек-листы,[STATE-007] Validation: fieldErrors сохраняют draft и привязываются к canonical field path,POST_api_v1_tasks_id_subtasks,POST /api/v1/tasks/{id}/subtasks,Task.Create,OrganizerController.POST_api_v1_tasks_id_subtasks,SCR-033 Подзадачи и чек-листы,FLOW-009 Создание подзадачи,,Contract/UI,High,OpenAPI `POST_api_v1_tasks_id_subtasks`; Stage_3_Field_Traceability_Final_3.5.csv
AC-366,AC,MOD-006,Подзадачи и чек-листы,[STATE-014/STATE-025] Conflict/precondition: устаревшая или отсутствующая If-Match не приводит к overwrite,POST_api_v1_tasks_id_subtasks,POST /api/v1/tasks/{id}/subtasks,Task.Create,OrganizerController.POST_api_v1_tasks_id_subtasks,SCR-033 Подзадачи и чек-листы,FLOW-009 Создание подзадачи,,Concurrency/integration,Critical,OpenAPI `POST_api_v1_tasks_id_subtasks`; Stage_3_Field_Traceability_Final_3.5.csv
AC-367,AC,MOD-006,Подзадачи и чек-листы,[ServerUnavailable (Stage 3.5 State Matrix)/ServerUnavailable (cached read-only presentation) (Stage 3.5 State Matrix)/Reconnecting (Stage 3.5 State Matrix)] Server unavailable/read-only: команда Создать подзадачу не ставится в offline queue,POST_api_v1_tasks_id_subtasks,POST /api/v1/tasks/{id}/subtasks,Task.Create,OrganizerController.POST_api_v1_tasks_id_subtasks,SCR-033 Подзадачи и чек-листы,FLOW-009 Создание подзадачи,,Desktop/resilience,Critical,OpenAPI `POST_api_v1_tasks_id_subtasks`; Stage_3_Field_Traceability_Final_3.5.csv
AC-368,AC,MOD-006,Подзадачи и чек-листы,[Stable-error-specific recovery (Stage 3.5 error/UI rule)] Idempotency: повтор с тем же key/hash не создаёт двойной side effect,POST_api_v1_tasks_id_subtasks,POST /api/v1/tasks/{id}/subtasks,Task.Create,OrganizerController.POST_api_v1_tasks_id_subtasks,SCR-033 Подзадачи и чек-листы,FLOW-009 Создание подзадачи,,Integration,Critical,OpenAPI `POST_api_v1_tasks_id_subtasks`; Stage_3_Field_Traceability_Final_3.5.csv
AC-369,AC,MOD-006,Подзадачи и чек-листы,[Trashed (Stage 3.5 State Matrix)] Удалённый объект: команда не применяется к trashed target и не создаёт новый объект,POST_api_v1_tasks_id_subtasks,POST /api/v1/tasks/{id}/subtasks,Task.Create,OrganizerController.POST_api_v1_tasks_id_subtasks,SCR-033 Подзадачи и чек-листы,FLOW-009 Создание подзадачи,,Lifecycle/integration,High,OpenAPI `POST_api_v1_tasks_id_subtasks`; Stage_3_Field_Traceability_Final_3.5.csv
AC-1413,AC,MOD-006,Подзадачи и чек-листы,"Desktop behavior: Интерфейс должен предлагать создать sibling вместо child, если parent уже является подзадачей.","— (Desktop-only, без нового API)","— (Desktop-only, без нового API)",Capability-driven; server recheck для команд,"— (Desktop-only, без нового API)",SCR-033 Подзадачи и чек-листы,FLOW-009 Создание подзадачи,,Desktop/UI,High,Stage 3.5 UX Architecture
AC-1491,AC,MOD-006,Подзадачи и чек-листы,[STATE-007] Field contract: ChecklistCreate.title respects type/required/nullable/limits/PATCH semantics,— (операции модуля),—,—,—,SCR-033 Подзадачи и чек-листы,FLOW-009 Создание подзадачи,,Boundary/contract UI,High,dto_field_catalog.csv:ChecklistCreate.title; openapi.yaml operation POST_api_v1_tasks_taskId_checklists
AC-1492,AC,MOD-006,Подзадачи и чек-листы,[STATE-007] Field contract: TaskCreate.title respects type/required/nullable/limits/PATCH semantics,— (операции модуля),—,—,—,SCR-033 Подзадачи и чек-листы,FLOW-009 Создание подзадачи,,Boundary/contract UI,High,dto_field_catalog.csv:TaskCreate.title; openapi.yaml operation POST_api_v1_tasks_id_subtasks
AC-1493,AC,MOD-006,Подзадачи и чек-листы,[STATE-007] Field contract: ChecklistPatch.title respects type/required/nullable/limits/PATCH semantics,— (операции модуля),—,—,—,SCR-033 Подзадачи и чек-листы,FLOW-009 Создание подзадачи,,Boundary/contract UI,High,dto_field_catalog.csv:ChecklistPatch.title; openapi.yaml operation PATCH_api_v1_tasks_taskId_checklists_id
AC-1494,AC,MOD-006,Подзадачи и чек-листы,[STATE-007] Field contract: TaskCreate.description respects type/required/nullable/limits/PATCH semantics,— (операции модуля),—,—,—,SCR-033 Подзадачи и чек-листы,FLOW-009 Создание подзадачи,,Boundary/contract UI,High,dto_field_catalog.csv:TaskCreate.description; openapi.yaml operation POST_api_v1_tasks_id_subtasks
AC-1495,AC,MOD-006,Подзадачи и чек-листы,[STATE-007] Field contract: TaskCreate.status respects type/required/nullable/limits/PATCH semantics,— (операции модуля),—,—,—,SCR-033 Подзадачи и чек-листы,FLOW-009 Создание подзадачи,,Boundary/contract UI,High,dto_field_catalog.csv:TaskCreate.status; openapi.yaml operation POST_api_v1_tasks_id_subtasks
AC-1496,AC,MOD-006,Подзадачи и чек-листы,[STATE-007] Field contract: TaskCreate.priority respects type/required/nullable/limits/PATCH semantics,— (операции модуля),—,—,—,SCR-033 Подзадачи и чек-листы,FLOW-009 Создание подзадачи,,Boundary/contract UI,High,dto_field_catalog.csv:TaskCreate.priority; openapi.yaml operation POST_api_v1_tasks_id_subtasks
AC-1497,AC,MOD-006,Подзадачи и чек-листы,[STATE-007] Field contract: TaskCreate.projectId respects type/required/nullable/limits/PATCH semantics,— (операции модуля),—,—,—,SCR-033 Подзадачи и чек-листы,FLOW-009 Создание подзадачи,,Boundary/contract UI,High,dto_field_catalog.csv:TaskCreate.projectId; openapi.yaml operation POST_api_v1_tasks_id_subtasks
AC-1498,AC,MOD-006,Подзадачи и чек-листы,[STATE-007] Field contract: TaskCreate.assigneeIds respects type/required/nullable/limits/PATCH semantics,— (операции модуля),—,—,—,SCR-033 Подзадачи и чек-листы,FLOW-009 Создание подзадачи,,Boundary/contract UI,High,dto_field_catalog.csv:TaskCreate.assigneeIds; openapi.yaml operation POST_api_v1_tasks_id_subtasks
AC-1499,AC,MOD-006,Подзадачи и чек-листы,[STATE-007] Field contract: TaskCreate.watcherIds respects type/required/nullable/limits/PATCH semantics,— (операции модуля),—,—,—,SCR-033 Подзадачи и чек-листы,FLOW-009 Создание подзадачи,,Boundary/contract UI,High,dto_field_catalog.csv:TaskCreate.watcherIds; openapi.yaml operation POST_api_v1_tasks_id_subtasks
AC-1500,AC,MOD-006,Подзадачи и чек-листы,[STATE-007] Field contract: TaskCreate.scheduledDate respects type/required/nullable/limits/PATCH semantics,— (операции модуля),—,—,—,SCR-033 Подзадачи и чек-листы,FLOW-009 Создание подзадачи,,Boundary/contract UI,High,dto_field_catalog.csv:TaskCreate.scheduledDate; openapi.yaml operation POST_api_v1_tasks_id_subtasks
AC-1501,AC,MOD-006,Подзадачи и чек-листы,[STATE-007] Field contract: TaskCreate.startTimeLocal respects type/required/nullable/limits/PATCH semantics,— (операции модуля),—,—,—,SCR-033 Подзадачи и чек-листы,FLOW-009 Создание подзадачи,,Boundary/contract UI,High,dto_field_catalog.csv:TaskCreate.startTimeLocal; openapi.yaml operation POST_api_v1_tasks_id_subtasks
AC-1502,AC,MOD-006,Подзадачи и чек-листы,[STATE-007] Field contract: TaskCreate.plannedDurationMinutes respects type/required/nullable/limits/PATCH semantics,— (операции модуля),—,—,—,SCR-033 Подзадачи и чек-листы,FLOW-009 Создание подзадачи,,Boundary/contract UI,High,dto_field_catalog.csv:TaskCreate.plannedDurationMinutes; openapi.yaml operation POST_api_v1_tasks_id_subtasks
AC-1503,AC,MOD-006,Подзадачи и чек-листы,[STATE-007] Field contract: TaskCreate.deadlineAt respects type/required/nullable/limits/PATCH semantics,— (операции модуля),—,—,—,SCR-033 Подзадачи и чек-листы,FLOW-009 Создание подзадачи,,Boundary/contract UI,High,dto_field_catalog.csv:TaskCreate.deadlineAt; openapi.yaml operation POST_api_v1_tasks_id_subtasks
AC-1504,AC,MOD-006,Подзадачи и чек-листы,[STATE-007] Field contract: TaskCreate.scheduleTimeZone respects type/required/nullable/limits/PATCH semantics,— (операции модуля),—,—,—,SCR-033 Подзадачи и чек-листы,FLOW-009 Создание подзадачи,,Boundary/contract UI,High,dto_field_catalog.csv:TaskCreate.scheduleTimeZone; openapi.yaml operation POST_api_v1_tasks_id_subtasks
AC-1505,AC,MOD-006,Подзадачи и чек-листы,[STATE-007] Field contract: ChecklistItemCreate.text respects type/required/nullable/limits/PATCH semantics,— (операции модуля),—,—,—,SCR-033 Подзадачи и чек-листы,FLOW-009 Создание подзадачи,,Boundary/contract UI,High,dto_field_catalog.csv:ChecklistItemCreate.text; openapi.yaml operation POST_api_v1_tasks_taskId_checklists_checklistId_items
AC-1506,AC,MOD-006,Подзадачи и чек-листы,[STATE-007] Field contract: OrderKeys.items respects type/required/nullable/limits/PATCH semantics,— (операции модуля),—,—,—,SCR-033 Подзадачи и чек-листы,FLOW-009 Создание подзадачи,,Boundary/contract UI,High,dto_field_catalog.csv:OrderKeys.items; openapi.yaml operation POST_api_v1_tasks_taskId_checklists_checklistId_reorder
AC-1507,AC,MOD-006,Подзадачи и чек-листы,[STATE-007] Field contract: OrderKeys.items[].id respects type/required/nullable/limits/PATCH semantics,— (операции модуля),—,—,—,SCR-033 Подзадачи и чек-листы,FLOW-009 Создание подзадачи,,Boundary/contract UI,High,dto_field_catalog.csv:OrderKeys.items[].id; openapi.yaml operation POST_api_v1_tasks_taskId_checklists_checklistId_reorder
AC-1508,AC,MOD-006,Подзадачи и чек-листы,[STATE-007] Field contract: OrderKeys.items[].sortOrder respects type/required/nullable/limits/PATCH semantics,— (операции модуля),—,—,—,SCR-033 Подзадачи и чек-листы,FLOW-009 Создание подзадачи,,Boundary/contract UI,High,dto_field_catalog.csv:OrderKeys.items[].sortOrder; openapi.yaml operation POST_api_v1_tasks_taskId_checklists_checklistId_reorder
AC-1509,AC,MOD-006,Подзадачи и чек-листы,[STATE-007] Field contract: TaskCreate.authorUserId respects type/required/nullable/limits/PATCH semantics,— (операции модуля),—,—,—,SCR-033 Подзадачи и чек-листы,FLOW-009 Создание подзадачи,,Boundary/contract UI,High,dto_field_catalog.csv:TaskCreate.authorUserId; openapi.yaml operation POST_api_v1_tasks_id_subtasks
AC-1510,AC,MOD-006,Подзадачи и чек-листы,[STATE-007] Field contract: ChecklistCreate.items respects type/required/nullable/limits/PATCH semantics,— (операции модуля),—,—,—,SCR-033 Подзадачи и чек-листы,FLOW-009 Создание подзадачи,,Boundary/contract UI,High,dto_field_catalog.csv:ChecklistCreate.items; openapi.yaml operation POST_api_v1_tasks_taskId_checklists
AC-1511,AC,MOD-006,Подзадачи и чек-листы,[STATE-007] Field contract: ChecklistCreate.sortOrder respects type/required/nullable/limits/PATCH semantics,— (операции модуля),—,—,—,SCR-033 Подзадачи и чек-листы,FLOW-009 Создание подзадачи,,Boundary/contract UI,High,dto_field_catalog.csv:ChecklistCreate.sortOrder; openapi.yaml operation POST_api_v1_tasks_taskId_checklists
AC-1512,AC,MOD-006,Подзадачи и чек-листы,[STATE-007] Field contract: ChecklistCreate.taskId respects type/required/nullable/limits/PATCH semantics,— (операции модуля),—,—,—,SCR-033 Подзадачи и чек-листы,FLOW-009 Создание подзадачи,,Boundary/contract UI,High,dto_field_catalog.csv:ChecklistCreate.taskId; openapi.yaml operation POST_api_v1_tasks_taskId_checklists
AC-1513,AC,MOD-006,Подзадачи и чек-листы,[STATE-007] Field contract: ChecklistItemCreate.checklistId respects type/required/nullable/limits/PATCH semantics,— (операции модуля),—,—,—,SCR-033 Подзадачи и чек-листы,FLOW-009 Создание подзадачи,,Boundary/contract UI,High,dto_field_catalog.csv:ChecklistItemCreate.checklistId; openapi.yaml operation POST_api_v1_tasks_taskId_checklists_checklistId_items
AC-1514,AC,MOD-006,Подзадачи и чек-листы,[STATE-007] Field contract: ChecklistItemCreate.completedAt respects type/required/nullable/limits/PATCH semantics,— (операции модуля),—,—,—,SCR-033 Подзадачи и чек-листы,FLOW-009 Создание подзадачи,,Boundary/contract UI,High,dto_field_catalog.csv:ChecklistItemCreate.completedAt; openapi.yaml operation POST_api_v1_tasks_taskId_checklists_checklistId_items
AC-1833,AC,MOD-006,Подзадачи и чек-листы,Permission denial for FR-041,— (операции модуля),—,—,—,SCR-033 Подзадачи и чек-листы,FLOW-009 Создание подзадачи,,Security/authorization,Critical,OpenAPI `GET_api_v1_tasks_taskId_checklists`; Stage_3_Field_Traceability_Final_3.5.csv; cross-cutting requirement PERM-006
AC-1854,AC,MOD-006,Подзадачи и чек-листы,Stable error handling for FR-041,— (операции модуля),—,—,—,SCR-033 Подзадачи и чек-листы,FLOW-009 Создание подзадачи,,Error handling,High,OpenAPI `GET_api_v1_tasks_taskId_checklists`; Stage_3_Field_Traceability_Final_3.5.csv; cross-cutting requirement ERR-006
AC-1875,AC,MOD-006,Подзадачи и чек-листы,Read outage behavior for FR-041,GET_api_v1_sync_changes; POST_api_v1_sync_bootstrap; POST_api_v1_sync_ack,GET /api/v1/sync/changes; POST /api/v1/sync/bootstrap; POST /api/v1/sync/ack,—,OrganizerController.GET_api_v1_sync_changes; OrganizerController.POST_api_v1_sync_bootstrap; OrganizerController.POST_api_v1_sync_ack,SCR-033 Подзадачи и чек-листы,FLOW-009 Создание подзадачи,,Desktop/resilience,High,OpenAPI `GET_api_v1_tasks_taskId_checklists`; Stage_3_Field_Traceability_Final_3.5.csv; cross-cutting requirement SYNC-006
AC-1896,AC,MOD-006,Подзадачи и чек-листы,Audit evidence for FR-041,— (domain command + audit/history endpoints),—,—,— (domain handlers + audit pipeline),SCR-033 Подзадачи и чек-листы,FLOW-009 Создание подзадачи,,Audit/security,Critical,OpenAPI `GET_api_v1_tasks_taskId_checklists`; Stage_3_Field_Traceability_Final_3.5.csv; cross-cutting requirement AUDIT-006
AC-1967,AC,MOD-006,Подзадачи и чек-листы,Permission denial for FR-042,— (операции модуля),—,—,—,SCR-033 Подзадачи и чек-листы,FLOW-009 Создание подзадачи,,Security/authorization,Critical,OpenAPI `POST_api_v1_tasks_taskId_checklists`; Stage_3_Field_Traceability_Final_3.5.csv; cross-cutting requirement PERM-006
AC-1968,AC,MOD-006,Подзадачи и чек-листы,Permission denial for FR-043,— (операции модуля),—,—,—,SCR-033 Подзадачи и чек-листы,FLOW-009 Создание подзадачи,,Security/authorization,Critical,OpenAPI `POST_api_v1_tasks_taskId_checklists_checklistId_items`; Stage_3_Field_Traceability_Final_3.5.csv; cross-cutting requirement PERM-006
AC-1969,AC,MOD-006,Подзадачи и чек-листы,Permission denial for FR-044,— (операции модуля),—,—,—,SCR-033 Подзадачи и чек-листы,FLOW-009 Создание подзадачи,,Security/authorization,Critical,OpenAPI `DELETE_api_v1_tasks_taskId_checklists_checklistId_items_itemId`; Stage_3_Field_Traceability_Final_3.5.csv; cross-cutting requirement PERM-006
AC-1970,AC,MOD-006,Подзадачи и чек-листы,Permission denial for FR-045,— (операции модуля),—,—,—,SCR-033 Подзадачи и чек-листы,FLOW-009 Создание подзадачи,,Security/authorization,Critical,OpenAPI `PATCH_api_v1_tasks_taskId_checklists_checklistId_items_itemId`; Stage_3_Field_Traceability_Final_3.5.csv; cross-cutting requirement PERM-006
AC-1971,AC,MOD-006,Подзадачи и чек-листы,Permission denial for FR-046,— (операции модуля),—,—,—,SCR-033 Подзадачи и чек-листы,FLOW-009 Создание подзадачи,,Security/authorization,Critical,OpenAPI `POST_api_v1_tasks_taskId_checklists_checklistId_reorder`; Stage_3_Field_Traceability_Final_3.5.csv; cross-cutting requirement PERM-006
AC-1972,AC,MOD-006,Подзадачи и чек-листы,Permission denial for FR-047,— (операции модуля),—,—,—,SCR-033 Подзадачи и чек-листы,FLOW-009 Создание подзадачи,,Security/authorization,Critical,OpenAPI `DELETE_api_v1_tasks_taskId_checklists_id`; Stage_3_Field_Traceability_Final_3.5.csv; cross-cutting requirement PERM-006
AC-1973,AC,MOD-006,Подзадачи и чек-листы,Permission denial for FR-048,— (операции модуля),—,—,—,SCR-033 Подзадачи и чек-листы,FLOW-009 Создание подзадачи,,Security/authorization,Critical,OpenAPI `GET_api_v1_tasks_taskId_checklists_id`; Stage_3_Field_Traceability_Final_3.5.csv; cross-cutting requirement PERM-006
AC-1974,AC,MOD-006,Подзадачи и чек-листы,Permission denial for FR-049,— (операции модуля),—,—,—,SCR-033 Подзадачи и чек-листы,FLOW-009 Создание подзадачи,,Security/authorization,Critical,OpenAPI `PATCH_api_v1_tasks_taskId_checklists_id`; Stage_3_Field_Traceability_Final_3.5.csv; cross-cutting requirement PERM-006
AC-1975,AC,MOD-006,Подзадачи и чек-листы,Permission denial for FR-050,— (операции модуля),—,—,—,SCR-033 Подзадачи и чек-листы,FLOW-009 Создание подзадачи,,Security/authorization,Critical,OpenAPI `GET_api_v1_tasks_id_subtasks`; Stage_3_Field_Traceability_Final_3.5.csv; cross-cutting requirement PERM-006
AC-1976,AC,MOD-006,Подзадачи и чек-листы,Permission denial for FR-051,— (операции модуля),—,—,—,SCR-033 Подзадачи и чек-листы,FLOW-009 Создание подзадачи,,Security/authorization,Critical,OpenAPI `POST_api_v1_tasks_id_subtasks`; Stage_3_Field_Traceability_Final_3.5.csv; cross-cutting requirement PERM-006
AC-1977,AC,MOD-006,Подзадачи и чек-листы,Permission denial for FR-251,— (операции модуля),—,—,—,SCR-033 Подзадачи и чек-листы,FLOW-009 Создание подзадачи,,Security/authorization,Critical,Stage 3.5 UX Architecture/Decision Log; cross-cutting requirement PERM-006
AC-2225,AC,MOD-006,Подзадачи и чек-листы,Stable error handling for FR-042,— (операции модуля),—,—,—,SCR-033 Подзадачи и чек-листы,FLOW-009 Создание подзадачи,,Error handling,High,OpenAPI `POST_api_v1_tasks_taskId_checklists`; Stage_3_Field_Traceability_Final_3.5.csv; cross-cutting requirement ERR-006
AC-2226,AC,MOD-006,Подзадачи и чек-листы,Stable error handling for FR-043,— (операции модуля),—,—,—,SCR-033 Подзадачи и чек-листы,FLOW-009 Создание подзадачи,,Error handling,High,OpenAPI `POST_api_v1_tasks_taskId_checklists_checklistId_items`; Stage_3_Field_Traceability_Final_3.5.csv; cross-cutting requirement ERR-006
AC-2227,AC,MOD-006,Подзадачи и чек-листы,Stable error handling for FR-044,— (операции модуля),—,—,—,SCR-033 Подзадачи и чек-листы,FLOW-009 Создание подзадачи,,Error handling,High,OpenAPI `DELETE_api_v1_tasks_taskId_checklists_checklistId_items_itemId`; Stage_3_Field_Traceability_Final_3.5.csv; cross-cutting requirement ERR-006
AC-2228,AC,MOD-006,Подзадачи и чек-листы,Stable error handling for FR-045,— (операции модуля),—,—,—,SCR-033 Подзадачи и чек-листы,FLOW-009 Создание подзадачи,,Error handling,High,OpenAPI `PATCH_api_v1_tasks_taskId_checklists_checklistId_items_itemId`; Stage_3_Field_Traceability_Final_3.5.csv; cross-cutting requirement ERR-006
AC-2229,AC,MOD-006,Подзадачи и чек-листы,Stable error handling for FR-046,— (операции модуля),—,—,—,SCR-033 Подзадачи и чек-листы,FLOW-009 Создание подзадачи,,Error handling,High,OpenAPI `POST_api_v1_tasks_taskId_checklists_checklistId_reorder`; Stage_3_Field_Traceability_Final_3.5.csv; cross-cutting requirement ERR-006
AC-2230,AC,MOD-006,Подзадачи и чек-листы,Stable error handling for FR-047,— (операции модуля),—,—,—,SCR-033 Подзадачи и чек-листы,FLOW-009 Создание подзадачи,,Error handling,High,OpenAPI `DELETE_api_v1_tasks_taskId_checklists_id`; Stage_3_Field_Traceability_Final_3.5.csv; cross-cutting requirement ERR-006
AC-2231,AC,MOD-006,Подзадачи и чек-листы,Stable error handling for FR-048,— (операции модуля),—,—,—,SCR-033 Подзадачи и чек-листы,FLOW-009 Создание подзадачи,,Error handling,High,OpenAPI `GET_api_v1_tasks_taskId_checklists_id`; Stage_3_Field_Traceability_Final_3.5.csv; cross-cutting requirement ERR-006
AC-2232,AC,MOD-006,Подзадачи и чек-листы,Stable error handling for FR-049,— (операции модуля),—,—,—,SCR-033 Подзадачи и чек-листы,FLOW-009 Создание подзадачи,,Error handling,High,OpenAPI `PATCH_api_v1_tasks_taskId_checklists_id`; Stage_3_Field_Traceability_Final_3.5.csv; cross-cutting requirement ERR-006
AC-2233,AC,MOD-006,Подзадачи и чек-листы,Stable error handling for FR-050,— (операции модуля),—,—,—,SCR-033 Подзадачи и чек-листы,FLOW-009 Создание подзадачи,,Error handling,High,OpenAPI `GET_api_v1_tasks_id_subtasks`; Stage_3_Field_Traceability_Final_3.5.csv; cross-cutting requirement ERR-006
AC-2234,AC,MOD-006,Подзадачи и чек-листы,Stable error handling for FR-051,— (операции модуля),—,—,—,SCR-033 Подзадачи и чек-листы,FLOW-009 Создание подзадачи,,Error handling,High,OpenAPI `POST_api_v1_tasks_id_subtasks`; Stage_3_Field_Traceability_Final_3.5.csv; cross-cutting requirement ERR-006
AC-2235,AC,MOD-006,Подзадачи и чек-листы,Stable error handling for FR-251,— (операции модуля),—,—,—,SCR-033 Подзадачи и чек-листы,FLOW-009 Создание подзадачи,,Error handling,High,Stage 3.5 UX Architecture/Decision Log; cross-cutting requirement ERR-006
AC-2483,AC,MOD-006,Подзадачи и чек-листы,Command outage behavior for FR-042,GET_api_v1_sync_changes; POST_api_v1_sync_bootstrap; POST_api_v1_sync_ack,GET /api/v1/sync/changes; POST /api/v1/sync/bootstrap; POST /api/v1/sync/ack,—,OrganizerController.GET_api_v1_sync_changes; OrganizerController.POST_api_v1_sync_bootstrap; OrganizerController.POST_api_v1_sync_ack,SCR-033 Подзадачи и чек-листы,FLOW-009 Создание подзадачи,,Desktop/resilience,High,OpenAPI `POST_api_v1_tasks_taskId_checklists`; Stage_3_Field_Traceability_Final_3.5.csv; cross-cutting requirement SYNC-006
AC-2484,AC,MOD-006,Подзадачи и чек-листы,Command outage behavior for FR-043,GET_api_v1_sync_changes; POST_api_v1_sync_bootstrap; POST_api_v1_sync_ack,GET /api/v1/sync/changes; POST /api/v1/sync/bootstrap; POST /api/v1/sync/ack,—,OrganizerController.GET_api_v1_sync_changes; OrganizerController.POST_api_v1_sync_bootstrap; OrganizerController.POST_api_v1_sync_ack,SCR-033 Подзадачи и чек-листы,FLOW-009 Создание подзадачи,,Desktop/resilience,High,OpenAPI `POST_api_v1_tasks_taskId_checklists_checklistId_items`; Stage_3_Field_Traceability_Final_3.5.csv; cross-cutting requirement SYNC-006
AC-2485,AC,MOD-006,Подзадачи и чек-листы,Command outage behavior for FR-044,GET_api_v1_sync_changes; POST_api_v1_sync_bootstrap; POST_api_v1_sync_ack,GET /api/v1/sync/changes; POST /api/v1/sync/bootstrap; POST /api/v1/sync/ack,—,OrganizerController.GET_api_v1_sync_changes; OrganizerController.POST_api_v1_sync_bootstrap; OrganizerController.POST_api_v1_sync_ack,SCR-033 Подзадачи и чек-листы,FLOW-009 Создание подзадачи,,Desktop/resilience,High,OpenAPI `DELETE_api_v1_tasks_taskId_checklists_checklistId_items_itemId`; Stage_3_Field_Traceability_Final_3.5.csv; cross-cutting requirement SYNC-006
AC-2486,AC,MOD-006,Подзадачи и чек-листы,Command outage behavior for FR-045,GET_api_v1_sync_changes; POST_api_v1_sync_bootstrap; POST_api_v1_sync_ack,GET /api/v1/sync/changes; POST /api/v1/sync/bootstrap; POST /api/v1/sync/ack,—,OrganizerController.GET_api_v1_sync_changes; OrganizerController.POST_api_v1_sync_bootstrap; OrganizerController.POST_api_v1_sync_ack,SCR-033 Подзадачи и чек-листы,FLOW-009 Создание подзадачи,,Desktop/resilience,High,OpenAPI `PATCH_api_v1_tasks_taskId_checklists_checklistId_items_itemId`; Stage_3_Field_Traceability_Final_3.5.csv; cross-cutting requirement SYNC-006
AC-2487,AC,MOD-006,Подзадачи и чек-листы,Command outage behavior for FR-046,GET_api_v1_sync_changes; POST_api_v1_sync_bootstrap; POST_api_v1_sync_ack,GET /api/v1/sync/changes; POST /api/v1/sync/bootstrap; POST /api/v1/sync/ack,—,OrganizerController.GET_api_v1_sync_changes; OrganizerController.POST_api_v1_sync_bootstrap; OrganizerController.POST_api_v1_sync_ack,SCR-033 Подзадачи и чек-листы,FLOW-009 Создание подзадачи,,Desktop/resilience,High,OpenAPI `POST_api_v1_tasks_taskId_checklists_checklistId_reorder`; Stage_3_Field_Traceability_Final_3.5.csv; cross-cutting requirement SYNC-006
AC-2488,AC,MOD-006,Подзадачи и чек-листы,Command outage behavior for FR-047,GET_api_v1_sync_changes; POST_api_v1_sync_bootstrap; POST_api_v1_sync_ack,GET /api/v1/sync/changes; POST /api/v1/sync/bootstrap; POST /api/v1/sync/ack,—,OrganizerController.GET_api_v1_sync_changes; OrganizerController.POST_api_v1_sync_bootstrap; OrganizerController.POST_api_v1_sync_ack,SCR-033 Подзадачи и чек-листы,FLOW-009 Создание подзадачи,,Desktop/resilience,High,OpenAPI `DELETE_api_v1_tasks_taskId_checklists_id`; Stage_3_Field_Traceability_Final_3.5.csv; cross-cutting requirement SYNC-006
AC-2489,AC,MOD-006,Подзадачи и чек-листы,Read outage behavior for FR-048,GET_api_v1_sync_changes; POST_api_v1_sync_bootstrap; POST_api_v1_sync_ack,GET /api/v1/sync/changes; POST /api/v1/sync/bootstrap; POST /api/v1/sync/ack,—,OrganizerController.GET_api_v1_sync_changes; OrganizerController.POST_api_v1_sync_bootstrap; OrganizerController.POST_api_v1_sync_ack,SCR-033 Подзадачи и чек-листы,FLOW-009 Создание подзадачи,,Desktop/resilience,High,OpenAPI `GET_api_v1_tasks_taskId_checklists_id`; Stage_3_Field_Traceability_Final_3.5.csv; cross-cutting requirement SYNC-006
AC-2490,AC,MOD-006,Подзадачи и чек-листы,Command outage behavior for FR-049,GET_api_v1_sync_changes; POST_api_v1_sync_bootstrap; POST_api_v1_sync_ack,GET /api/v1/sync/changes; POST /api/v1/sync/bootstrap; POST /api/v1/sync/ack,—,OrganizerController.GET_api_v1_sync_changes; OrganizerController.POST_api_v1_sync_bootstrap; OrganizerController.POST_api_v1_sync_ack,SCR-033 Подзадачи и чек-листы,FLOW-009 Создание подзадачи,,Desktop/resilience,High,OpenAPI `PATCH_api_v1_tasks_taskId_checklists_id`; Stage_3_Field_Traceability_Final_3.5.csv; cross-cutting requirement SYNC-006
AC-2491,AC,MOD-006,Подзадачи и чек-листы,Read outage behavior for FR-050,GET_api_v1_sync_changes; POST_api_v1_sync_bootstrap; POST_api_v1_sync_ack,GET /api/v1/sync/changes; POST /api/v1/sync/bootstrap; POST /api/v1/sync/ack,—,OrganizerController.GET_api_v1_sync_changes; OrganizerController.POST_api_v1_sync_bootstrap; OrganizerController.POST_api_v1_sync_ack,SCR-033 Подзадачи и чек-листы,FLOW-009 Создание подзадачи,,Desktop/resilience,High,OpenAPI `GET_api_v1_tasks_id_subtasks`; Stage_3_Field_Traceability_Final_3.5.csv; cross-cutting requirement SYNC-006
AC-2492,AC,MOD-006,Подзадачи и чек-листы,Command outage behavior for FR-051,GET_api_v1_sync_changes; POST_api_v1_sync_bootstrap; POST_api_v1_sync_ack,GET /api/v1/sync/changes; POST /api/v1/sync/bootstrap; POST /api/v1/sync/ack,—,OrganizerController.GET_api_v1_sync_changes; OrganizerController.POST_api_v1_sync_bootstrap; OrganizerController.POST_api_v1_sync_ack,SCR-033 Подзадачи и чек-листы,FLOW-009 Создание подзадачи,,Desktop/resilience,High,OpenAPI `POST_api_v1_tasks_id_subtasks`; Stage_3_Field_Traceability_Final_3.5.csv; cross-cutting requirement SYNC-006
AC-2493,AC,MOD-006,Подзадачи и чек-листы,Read outage behavior for FR-251,GET_api_v1_sync_changes; POST_api_v1_sync_bootstrap; POST_api_v1_sync_ack,GET /api/v1/sync/changes; POST /api/v1/sync/bootstrap; POST /api/v1/sync/ack,—,OrganizerController.GET_api_v1_sync_changes; OrganizerController.POST_api_v1_sync_bootstrap; OrganizerController.POST_api_v1_sync_ack,SCR-033 Подзадачи и чек-листы,FLOW-009 Создание подзадачи,,Desktop/resilience,High,Stage 3.5 UX Architecture/Decision Log; cross-cutting requirement SYNC-006
AC-2741,AC,MOD-006,Подзадачи и чек-листы,Audit evidence for FR-042,— (domain command + audit/history endpoints),—,—,— (domain handlers + audit pipeline),SCR-033 Подзадачи и чек-листы,FLOW-009 Создание подзадачи,,Audit/security,Critical,OpenAPI `POST_api_v1_tasks_taskId_checklists`; Stage_3_Field_Traceability_Final_3.5.csv; cross-cutting requirement AUDIT-006
AC-2742,AC,MOD-006,Подзадачи и чек-листы,Audit evidence for FR-043,— (domain command + audit/history endpoints),—,—,— (domain handlers + audit pipeline),SCR-033 Подзадачи и чек-листы,FLOW-009 Создание подзадачи,,Audit/security,Critical,OpenAPI `POST_api_v1_tasks_taskId_checklists_checklistId_items`; Stage_3_Field_Traceability_Final_3.5.csv; cross-cutting requirement AUDIT-006
AC-2743,AC,MOD-006,Подзадачи и чек-листы,Audit evidence for FR-044,— (domain command + audit/history endpoints),—,—,— (domain handlers + audit pipeline),SCR-033 Подзадачи и чек-листы,FLOW-009 Создание подзадачи,,Audit/security,Critical,OpenAPI `DELETE_api_v1_tasks_taskId_checklists_checklistId_items_itemId`; Stage_3_Field_Traceability_Final_3.5.csv; cross-cutting requirement AUDIT-006
AC-2744,AC,MOD-006,Подзадачи и чек-листы,Audit evidence for FR-045,— (domain command + audit/history endpoints),—,—,— (domain handlers + audit pipeline),SCR-033 Подзадачи и чек-листы,FLOW-009 Создание подзадачи,,Audit/security,Critical,OpenAPI `PATCH_api_v1_tasks_taskId_checklists_checklistId_items_itemId`; Stage_3_Field_Traceability_Final_3.5.csv; cross-cutting requirement AUDIT-006
AC-2745,AC,MOD-006,Подзадачи и чек-листы,Audit evidence for FR-046,— (domain command + audit/history endpoints),—,—,— (domain handlers + audit pipeline),SCR-033 Подзадачи и чек-листы,FLOW-009 Создание подзадачи,,Audit/security,Critical,OpenAPI `POST_api_v1_tasks_taskId_checklists_checklistId_reorder`; Stage_3_Field_Traceability_Final_3.5.csv; cross-cutting requirement AUDIT-006
AC-2746,AC,MOD-006,Подзадачи и чек-листы,Audit evidence for FR-047,— (domain command + audit/history endpoints),—,—,— (domain handlers + audit pipeline),SCR-033 Подзадачи и чек-листы,FLOW-009 Создание подзадачи,,Audit/security,Critical,OpenAPI `DELETE_api_v1_tasks_taskId_checklists_id`; Stage_3_Field_Traceability_Final_3.5.csv; cross-cutting requirement AUDIT-006
AC-2747,AC,MOD-006,Подзадачи и чек-листы,Audit evidence for FR-048,— (domain command + audit/history endpoints),—,—,— (domain handlers + audit pipeline),SCR-033 Подзадачи и чек-листы,FLOW-009 Создание подзадачи,,Audit/security,Critical,OpenAPI `GET_api_v1_tasks_taskId_checklists_id`; Stage_3_Field_Traceability_Final_3.5.csv; cross-cutting requirement AUDIT-006
AC-2748,AC,MOD-006,Подзадачи и чек-листы,Audit evidence for FR-049,— (domain command + audit/history endpoints),—,—,— (domain handlers + audit pipeline),SCR-033 Подзадачи и чек-листы,FLOW-009 Создание подзадачи,,Audit/security,Critical,OpenAPI `PATCH_api_v1_tasks_taskId_checklists_id`; Stage_3_Field_Traceability_Final_3.5.csv; cross-cutting requirement AUDIT-006
AC-2749,AC,MOD-006,Подзадачи и чек-листы,Audit evidence for FR-050,— (domain command + audit/history endpoints),—,—,— (domain handlers + audit pipeline),SCR-033 Подзадачи и чек-листы,FLOW-009 Создание подзадачи,,Audit/security,Critical,OpenAPI `GET_api_v1_tasks_id_subtasks`; Stage_3_Field_Traceability_Final_3.5.csv; cross-cutting requirement AUDIT-006
AC-2750,AC,MOD-006,Подзадачи и чек-листы,Audit evidence for FR-051,— (domain command + audit/history endpoints),—,—,— (domain handlers + audit pipeline),SCR-033 Подзадачи и чек-листы,FLOW-009 Создание подзадачи,,Audit/security,Critical,OpenAPI `POST_api_v1_tasks_id_subtasks`; Stage_3_Field_Traceability_Final_3.5.csv; cross-cutting requirement AUDIT-006
AC-2751,AC,MOD-006,Подзадачи и чек-листы,Audit evidence for FR-251,— (domain command + audit/history endpoints),—,—,— (domain handlers + audit pipeline),SCR-033 Подзадачи и чек-листы,FLOW-009 Создание подзадачи,,Audit/security,Critical,Stage 3.5 UX Architecture/Decision Log; cross-cutting requirement AUDIT-006
AC-040,AC,MOD-007,Повторяющиеся задачи,"Проверить бизнес-правило: Series имеет timezone и ровно один termination mode, если завершение задано.",—,—,—,—,SCR-026 Редактор recurrence; SCR-027 Scope изменения серии,FLOW-010 Повторяющаяся задача; FLOW-011 Изменить один occurrence; FLOW-012 Изменить future/all series,,Integration/domain,High,"§11.6, §27.1.16; Stage 3.5"
AC-041,AC,MOD-007,Повторяющиеся задачи,Проверить бизнес-правило: Occurrence key уникален; повторная генерация идемпотентна.,—,—,—,—,SCR-026 Редактор recurrence; SCR-027 Scope изменения серии,FLOW-010 Повторяющаяся задача; FLOW-011 Изменить один occurrence; FLOW-012 Изменить future/all series,,Integration/domain,High,"§11.6, §27.1.16; Stage 3.5"
AC-042,AC,MOD-007,Повторяющиеся задачи,Проверить бизнес-правило: Изменение scope выбирается явно.,—,—,—,—,SCR-026 Редактор recurrence; SCR-027 Scope изменения серии,FLOW-010 Повторяющаяся задача; FLOW-011 Изменить один occurrence; FLOW-012 Изменить future/all series,,Integration/domain,High,"§11.6, §27.1.16; Stage 3.5"
AC-043,AC,MOD-007,Повторяющиеся задачи,Проверить бизнес-правило: Отмена серии не помещает её в универсальную корзину.,—,—,—,—,SCR-026 Редактор recurrence; SCR-027 Scope изменения серии,FLOW-010 Повторяющаяся задача; FLOW-011 Изменить один occurrence; FLOW-012 Изменить future/all series,,Integration/domain,High,"§11.6, §27.1.16; Stage 3.5"
AC-370,AC,MOD-007,Повторяющиеся задачи,Happy path: Список серию повторений,GET_api_v1_recurrence_series,GET /api/v1/recurrence-series,Task.Read,OrganizerController.GET_api_v1_recurrence_series,SCR-026 Редактор recurrence; SCR-027 Scope изменения серии,FLOW-010 Повторяющаяся задача; FLOW-011 Изменить один occurrence; FLOW-012 Изменить future/all series,,Contract/integration,High,OpenAPI `GET_api_v1_recurrence_series`; Stage_3_Field_Traceability_Final_3.5.csv
AC-371,AC,MOD-007,Повторяющиеся задачи,[Forbidden (Stage 3.5 State Matrix)/ObjectUnavailable (Stage 3.5 State Matrix)] Permission denied: Список серию повторений не выполняется и данные не раскрываются,GET_api_v1_recurrence_series,GET /api/v1/recurrence-series,Task.Read,OrganizerController.GET_api_v1_recurrence_series,SCR-026 Редактор recurrence; SCR-027 Scope изменения серии,FLOW-010 Повторяющаяся задача; FLOW-011 Изменить один occurrence; FLOW-012 Изменить future/all series,,Security/authorization,Critical,OpenAPI `GET_api_v1_recurrence_series`; Stage_3_Field_Traceability_Final_3.5.csv
AC-372,AC,MOD-007,Повторяющиеся задачи,[Authentication/session error handling (Stage 3.5 error/UI rule)/Authentication/session error handling (Stage 3.5 error/UI rule)/Device-revocation error handling (Stage 3.5 error/UI rule)] Session/device interruption: операция прекращается без сохранения неподтверждённого состояния,GET_api_v1_recurrence_series,GET /api/v1/recurrence-series,Task.Read,OrganizerController.GET_api_v1_recurrence_series,SCR-026 Редактор recurrence; SCR-027 Scope изменения серии,FLOW-010 Повторяющаяся задача; FLOW-011 Изменить один occurrence; FLOW-012 Изменить future/all series,,Security/session,Critical,OpenAPI `GET_api_v1_recurrence_series`; Stage_3_Field_Traceability_Final_3.5.csv
AC-373,AC,MOD-007,Повторяющиеся задачи,Happy path: Создать серию повторений,POST_api_v1_recurrence_series,POST /api/v1/recurrence-series,Task.ManageRecurrence,OrganizerController.POST_api_v1_recurrence_series,SCR-026 Редактор recurrence,FLOW-010 Повторяющаяся задача,,Contract/integration,Critical,OpenAPI `POST_api_v1_recurrence_series`; Stage_3_Field_Traceability_Final_3.5.csv
AC-374,AC,MOD-007,Повторяющиеся задачи,[Forbidden (Stage 3.5 State Matrix)/ObjectUnavailable (Stage 3.5 State Matrix)] Permission denied: Создать серию повторений не выполняется и данные не раскрываются,POST_api_v1_recurrence_series,POST /api/v1/recurrence-series,Task.ManageRecurrence,OrganizerController.POST_api_v1_recurrence_series,SCR-026 Редактор recurrence,FLOW-010 Повторяющаяся задача,,Security/authorization,Critical,OpenAPI `POST_api_v1_recurrence_series`; Stage_3_Field_Traceability_Final_3.5.csv
AC-375,AC,MOD-007,Повторяющиеся задачи,[Authentication/session error handling (Stage 3.5 error/UI rule)/Authentication/session error handling (Stage 3.5 error/UI rule)/Device-revocation error handling (Stage 3.5 error/UI rule)] Session/device interruption: операция прекращается без сохранения неподтверждённого состояния,POST_api_v1_recurrence_series,POST /api/v1/recurrence-series,Task.ManageRecurrence,OrganizerController.POST_api_v1_recurrence_series,SCR-026 Редактор recurrence,FLOW-010 Повторяющаяся задача,,Security/session,Critical,OpenAPI `POST_api_v1_recurrence_series`; Stage_3_Field_Traceability_Final_3.5.csv
AC-376,AC,MOD-007,Повторяющиеся задачи,[STATE-007] Validation: fieldErrors сохраняют draft и привязываются к canonical field path,POST_api_v1_recurrence_series,POST /api/v1/recurrence-series,Task.ManageRecurrence,OrganizerController.POST_api_v1_recurrence_series,SCR-026 Редактор recurrence,FLOW-010 Повторяющаяся задача,,Contract/UI,High,OpenAPI `POST_api_v1_recurrence_series`; Stage_3_Field_Traceability_Final_3.5.csv
AC-377,AC,MOD-007,Повторяющиеся задачи,[STATE-014/STATE-025] Conflict/precondition: устаревшая или отсутствующая контрактная версия/precondition не приводит к overwrite,POST_api_v1_recurrence_series,POST /api/v1/recurrence-series,Task.ManageRecurrence,OrganizerController.POST_api_v1_recurrence_series,SCR-026 Редактор recurrence,FLOW-010 Повторяющаяся задача,,Concurrency/integration,Critical,OpenAPI `POST_api_v1_recurrence_series`; Stage_3_Field_Traceability_Final_3.5.csv
AC-378,AC,MOD-007,Повторяющиеся задачи,[ServerUnavailable (Stage 3.5 State Matrix)/ServerUnavailable (cached read-only presentation) (Stage 3.5 State Matrix)/Reconnecting (Stage 3.5 State Matrix)] Server unavailable/read-only: команда Создать серию повторений не ставится в offline queue,POST_api_v1_recurrence_series,POST /api/v1/recurrence-series,Task.ManageRecurrence,OrganizerController.POST_api_v1_recurrence_series,SCR-026 Редактор recurrence,FLOW-010 Повторяющаяся задача,,Desktop/resilience,Critical,OpenAPI `POST_api_v1_recurrence_series`; Stage_3_Field_Traceability_Final_3.5.csv
AC-379,AC,MOD-007,Повторяющиеся задачи,[Stable-error-specific recovery (Stage 3.5 error/UI rule)] Idempotency: повтор с тем же key/hash не создаёт двойной side effect,POST_api_v1_recurrence_series,POST /api/v1/recurrence-series,Task.ManageRecurrence,OrganizerController.POST_api_v1_recurrence_series,SCR-026 Редактор recurrence,FLOW-010 Повторяющаяся задача,,Integration,Critical,OpenAPI `POST_api_v1_recurrence_series`; Stage_3_Field_Traceability_Final_3.5.csv
AC-380,AC,MOD-007,Повторяющиеся задачи,Happy path: Отменить серию без помещения в универсальную корзину,DELETE_api_v1_recurrence_series_id,DELETE /api/v1/recurrence-series/{id},Task.ManageRecurrence,OrganizerController.DELETE_api_v1_recurrence_series_id,SCR-026 Редактор recurrence,FLOW-010 Повторяющаяся задача; FLOW-011 Изменить один occurrence; FLOW-012 Изменить future/all series,,Contract/integration,Critical,OpenAPI `DELETE_api_v1_recurrence_series_id`; Stage_3_Field_Traceability_Final_3.5.csv
AC-381,AC,MOD-007,Повторяющиеся задачи,[Forbidden (Stage 3.5 State Matrix)/ObjectUnavailable (Stage 3.5 State Matrix)] Permission denied: Отменить серию без помещения в универсальную корзину не выполняется и данные не раскрываются,DELETE_api_v1_recurrence_series_id,DELETE /api/v1/recurrence-series/{id},Task.ManageRecurrence,OrganizerController.DELETE_api_v1_recurrence_series_id,SCR-026 Редактор recurrence,FLOW-010 Повторяющаяся задача; FLOW-011 Изменить один occurrence; FLOW-012 Изменить future/all series,,Security/authorization,Critical,OpenAPI `DELETE_api_v1_recurrence_series_id`; Stage_3_Field_Traceability_Final_3.5.csv
AC-382,AC,MOD-007,Повторяющиеся задачи,[Authentication/session error handling (Stage 3.5 error/UI rule)/Authentication/session error handling (Stage 3.5 error/UI rule)/Device-revocation error handling (Stage 3.5 error/UI rule)] Session/device interruption: операция прекращается без сохранения неподтверждённого состояния,DELETE_api_v1_recurrence_series_id,DELETE /api/v1/recurrence-series/{id},Task.ManageRecurrence,OrganizerController.DELETE_api_v1_recurrence_series_id,SCR-026 Редактор recurrence,FLOW-010 Повторяющаяся задача; FLOW-011 Изменить один occurrence; FLOW-012 Изменить future/all series,,Security/session,Critical,OpenAPI `DELETE_api_v1_recurrence_series_id`; Stage_3_Field_Traceability_Final_3.5.csv
AC-383,AC,MOD-007,Повторяющиеся задачи,[STATE-014/STATE-025] Conflict/precondition: устаревшая или отсутствующая If-Match не приводит к overwrite,DELETE_api_v1_recurrence_series_id,DELETE /api/v1/recurrence-series/{id},Task.ManageRecurrence,OrganizerController.DELETE_api_v1_recurrence_series_id,SCR-026 Редактор recurrence,FLOW-010 Повторяющаяся задача; FLOW-011 Изменить один occurrence; FLOW-012 Изменить future/all series,,Concurrency/integration,Critical,OpenAPI `DELETE_api_v1_recurrence_series_id`; Stage_3_Field_Traceability_Final_3.5.csv
AC-384,AC,MOD-007,Повторяющиеся задачи,[ServerUnavailable (Stage 3.5 State Matrix)/ServerUnavailable (cached read-only presentation) (Stage 3.5 State Matrix)/Reconnecting (Stage 3.5 State Matrix)] Server unavailable/read-only: команда Отменить серию без помещения в универсальную корзину не ставится в offline queue,DELETE_api_v1_recurrence_series_id,DELETE /api/v1/recurrence-series/{id},Task.ManageRecurrence,OrganizerController.DELETE_api_v1_recurrence_series_id,SCR-026 Редактор recurrence,FLOW-010 Повторяющаяся задача; FLOW-011 Изменить один occurrence; FLOW-012 Изменить future/all series,,Desktop/resilience,Critical,OpenAPI `DELETE_api_v1_recurrence_series_id`; Stage_3_Field_Traceability_Final_3.5.csv
AC-385,AC,MOD-007,Повторяющиеся задачи,Happy path: Получить серию повторений,GET_api_v1_recurrence_series_id,GET /api/v1/recurrence-series/{id},Task.Read,OrganizerController.GET_api_v1_recurrence_series_id,SCR-026 Редактор recurrence,FLOW-010 Повторяющаяся задача; FLOW-011 Изменить один occurrence; FLOW-012 Изменить future/all series,,Contract/integration,High,OpenAPI `GET_api_v1_recurrence_series_id`; Stage_3_Field_Traceability_Final_3.5.csv
AC-386,AC,MOD-007,Повторяющиеся задачи,[Forbidden (Stage 3.5 State Matrix)/ObjectUnavailable (Stage 3.5 State Matrix)] Permission denied: Получить серию повторений не выполняется и данные не раскрываются,GET_api_v1_recurrence_series_id,GET /api/v1/recurrence-series/{id},Task.Read,OrganizerController.GET_api_v1_recurrence_series_id,SCR-026 Редактор recurrence,FLOW-010 Повторяющаяся задача; FLOW-011 Изменить один occurrence; FLOW-012 Изменить future/all series,,Security/authorization,Critical,OpenAPI `GET_api_v1_recurrence_series_id`; Stage_3_Field_Traceability_Final_3.5.csv
AC-387,AC,MOD-007,Повторяющиеся задачи,[Authentication/session error handling (Stage 3.5 error/UI rule)/Authentication/session error handling (Stage 3.5 error/UI rule)/Device-revocation error handling (Stage 3.5 error/UI rule)] Session/device interruption: операция прекращается без сохранения неподтверждённого состояния,GET_api_v1_recurrence_series_id,GET /api/v1/recurrence-series/{id},Task.Read,OrganizerController.GET_api_v1_recurrence_series_id,SCR-026 Редактор recurrence,FLOW-010 Повторяющаяся задача; FLOW-011 Изменить один occurrence; FLOW-012 Изменить future/all series,,Security/session,Critical,OpenAPI `GET_api_v1_recurrence_series_id`; Stage_3_Field_Traceability_Final_3.5.csv
AC-388,AC,MOD-007,Повторяющиеся задачи,Happy path: Изменить серию повторений,PATCH_api_v1_recurrence_series_id,PATCH /api/v1/recurrence-series/{id},Task.ManageRecurrence,OrganizerController.PATCH_api_v1_recurrence_series_id,SCR-026 Редактор recurrence,FLOW-010 Повторяющаяся задача; FLOW-011 Изменить один occurrence; FLOW-012 Изменить future/all series,,Contract/integration,Critical,OpenAPI `PATCH_api_v1_recurrence_series_id`; Stage_3_Field_Traceability_Final_3.5.csv
AC-389,AC,MOD-007,Повторяющиеся задачи,[Forbidden (Stage 3.5 State Matrix)/ObjectUnavailable (Stage 3.5 State Matrix)] Permission denied: Изменить серию повторений не выполняется и данные не раскрываются,PATCH_api_v1_recurrence_series_id,PATCH /api/v1/recurrence-series/{id},Task.ManageRecurrence,OrganizerController.PATCH_api_v1_recurrence_series_id,SCR-026 Редактор recurrence,FLOW-010 Повторяющаяся задача; FLOW-011 Изменить один occurrence; FLOW-012 Изменить future/all series,,Security/authorization,Critical,OpenAPI `PATCH_api_v1_recurrence_series_id`; Stage_3_Field_Traceability_Final_3.5.csv
AC-390,AC,MOD-007,Повторяющиеся задачи,[Authentication/session error handling (Stage 3.5 error/UI rule)/Authentication/session error handling (Stage 3.5 error/UI rule)/Device-revocation error handling (Stage 3.5 error/UI rule)] Session/device interruption: операция прекращается без сохранения неподтверждённого состояния,PATCH_api_v1_recurrence_series_id,PATCH /api/v1/recurrence-series/{id},Task.ManageRecurrence,OrganizerController.PATCH_api_v1_recurrence_series_id,SCR-026 Редактор recurrence,FLOW-010 Повторяющаяся задача; FLOW-011 Изменить один occurrence; FLOW-012 Изменить future/all series,,Security/session,Critical,OpenAPI `PATCH_api_v1_recurrence_series_id`; Stage_3_Field_Traceability_Final_3.5.csv
AC-391,AC,MOD-007,Повторяющиеся задачи,[STATE-007] Validation: fieldErrors сохраняют draft и привязываются к canonical field path,PATCH_api_v1_recurrence_series_id,PATCH /api/v1/recurrence-series/{id},Task.ManageRecurrence,OrganizerController.PATCH_api_v1_recurrence_series_id,SCR-026 Редактор recurrence,FLOW-010 Повторяющаяся задача; FLOW-011 Изменить один occurrence; FLOW-012 Изменить future/all series,,Contract/UI,High,OpenAPI `PATCH_api_v1_recurrence_series_id`; Stage_3_Field_Traceability_Final_3.5.csv
AC-392,AC,MOD-007,Повторяющиеся задачи,[STATE-014/STATE-025] Conflict/precondition: устаревшая или отсутствующая If-Match не приводит к overwrite,PATCH_api_v1_recurrence_series_id,PATCH /api/v1/recurrence-series/{id},Task.ManageRecurrence,OrganizerController.PATCH_api_v1_recurrence_series_id,SCR-026 Редактор recurrence,FLOW-010 Повторяющаяся задача; FLOW-011 Изменить один occurrence; FLOW-012 Изменить future/all series,,Concurrency/integration,Critical,OpenAPI `PATCH_api_v1_recurrence_series_id`; Stage_3_Field_Traceability_Final_3.5.csv
AC-393,AC,MOD-007,Повторяющиеся задачи,[ServerUnavailable (Stage 3.5 State Matrix)/ServerUnavailable (cached read-only presentation) (Stage 3.5 State Matrix)/Reconnecting (Stage 3.5 State Matrix)] Server unavailable/read-only: команда Изменить серию повторений не ставится в offline queue,PATCH_api_v1_recurrence_series_id,PATCH /api/v1/recurrence-series/{id},Task.ManageRecurrence,OrganizerController.PATCH_api_v1_recurrence_series_id,SCR-026 Редактор recurrence,FLOW-010 Повторяющаяся задача; FLOW-011 Изменить один occurrence; FLOW-012 Изменить future/all series,,Desktop/resilience,Critical,OpenAPI `PATCH_api_v1_recurrence_series_id`; Stage_3_Field_Traceability_Final_3.5.csv
AC-394,AC,MOD-007,Повторяющиеся задачи,Happy path: Изменить one/future/all,POST_api_v1_recurrence_series_id_apply_change,POST /api/v1/recurrence-series/{id}/apply-change,Task.ManageRecurrence,OrganizerController.POST_api_v1_recurrence_series_id_apply_change,SCR-027 Scope изменения серии,FLOW-011 Изменить один occurrence; FLOW-012 Изменить future/all series,,Contract/integration,Critical,OpenAPI `POST_api_v1_recurrence_series_id_apply_change`; Stage_3_Field_Traceability_Final_3.5.csv
AC-395,AC,MOD-007,Повторяющиеся задачи,[Forbidden (Stage 3.5 State Matrix)/ObjectUnavailable (Stage 3.5 State Matrix)] Permission denied: Изменить one/future/all не выполняется и данные не раскрываются,POST_api_v1_recurrence_series_id_apply_change,POST /api/v1/recurrence-series/{id}/apply-change,Task.ManageRecurrence,OrganizerController.POST_api_v1_recurrence_series_id_apply_change,SCR-027 Scope изменения серии,FLOW-011 Изменить один occurrence; FLOW-012 Изменить future/all series,,Security/authorization,Critical,OpenAPI `POST_api_v1_recurrence_series_id_apply_change`; Stage_3_Field_Traceability_Final_3.5.csv
AC-396,AC,MOD-007,Повторяющиеся задачи,[Authentication/session error handling (Stage 3.5 error/UI rule)/Authentication/session error handling (Stage 3.5 error/UI rule)/Device-revocation error handling (Stage 3.5 error/UI rule)] Session/device interruption: операция прекращается без сохранения неподтверждённого состояния,POST_api_v1_recurrence_series_id_apply_change,POST /api/v1/recurrence-series/{id}/apply-change,Task.ManageRecurrence,OrganizerController.POST_api_v1_recurrence_series_id_apply_change,SCR-027 Scope изменения серии,FLOW-011 Изменить один occurrence; FLOW-012 Изменить future/all series,,Security/session,Critical,OpenAPI `POST_api_v1_recurrence_series_id_apply_change`; Stage_3_Field_Traceability_Final_3.5.csv
AC-397,AC,MOD-007,Повторяющиеся задачи,[STATE-007] Validation: fieldErrors сохраняют draft и привязываются к canonical field path,POST_api_v1_recurrence_series_id_apply_change,POST /api/v1/recurrence-series/{id}/apply-change,Task.ManageRecurrence,OrganizerController.POST_api_v1_recurrence_series_id_apply_change,SCR-027 Scope изменения серии,FLOW-011 Изменить один occurrence; FLOW-012 Изменить future/all series,,Contract/UI,High,OpenAPI `POST_api_v1_recurrence_series_id_apply_change`; Stage_3_Field_Traceability_Final_3.5.csv
AC-398,AC,MOD-007,Повторяющиеся задачи,[STATE-014/STATE-025] Conflict/precondition: устаревшая или отсутствующая If-Match не приводит к overwrite,POST_api_v1_recurrence_series_id_apply_change,POST /api/v1/recurrence-series/{id}/apply-change,Task.ManageRecurrence,OrganizerController.POST_api_v1_recurrence_series_id_apply_change,SCR-027 Scope изменения серии,FLOW-011 Изменить один occurrence; FLOW-012 Изменить future/all series,,Concurrency/integration,Critical,OpenAPI `POST_api_v1_recurrence_series_id_apply_change`; Stage_3_Field_Traceability_Final_3.5.csv
AC-399,AC,MOD-007,Повторяющиеся задачи,[ServerUnavailable (Stage 3.5 State Matrix)/ServerUnavailable (cached read-only presentation) (Stage 3.5 State Matrix)/Reconnecting (Stage 3.5 State Matrix)] Server unavailable/read-only: команда Изменить one/future/all не ставится в offline queue,POST_api_v1_recurrence_series_id_apply_change,POST /api/v1/recurrence-series/{id}/apply-change,Task.ManageRecurrence,OrganizerController.POST_api_v1_recurrence_series_id_apply_change,SCR-027 Scope изменения серии,FLOW-011 Изменить один occurrence; FLOW-012 Изменить future/all series,,Desktop/resilience,Critical,OpenAPI `POST_api_v1_recurrence_series_id_apply_change`; Stage_3_Field_Traceability_Final_3.5.csv
AC-400,AC,MOD-007,Повторяющиеся задачи,[Stable-error-specific recovery (Stage 3.5 error/UI rule)] Idempotency: повтор с тем же key/hash не создаёт двойной side effect,POST_api_v1_recurrence_series_id_apply_change,POST /api/v1/recurrence-series/{id}/apply-change,Task.ManageRecurrence,OrganizerController.POST_api_v1_recurrence_series_id_apply_change,SCR-027 Scope изменения серии,FLOW-011 Изменить один occurrence; FLOW-012 Изменить future/all series,,Integration,Critical,OpenAPI `POST_api_v1_recurrence_series_id_apply_change`; Stage_3_Field_Traceability_Final_3.5.csv
AC-401,AC,MOD-007,Повторяющиеся задачи,Happy path: Административно расширить горизонт,POST_api_v1_recurrence_series_id_generate,POST /api/v1/recurrence-series/{id}/generate,System.JobRun,OrganizerController.POST_api_v1_recurrence_series_id_generate,SCR-026 Редактор recurrence; SCR-027 Scope изменения серии,FLOW-010 Повторяющаяся задача; FLOW-011 Изменить один occurrence; FLOW-012 Изменить future/all series,,Contract/integration,Critical,OpenAPI `POST_api_v1_recurrence_series_id_generate`; Stage_3_Field_Traceability_Final_3.5.csv
AC-402,AC,MOD-007,Повторяющиеся задачи,[Forbidden (Stage 3.5 State Matrix)/ObjectUnavailable (Stage 3.5 State Matrix)] Permission denied: Административно расширить горизонт не выполняется и данные не раскрываются,POST_api_v1_recurrence_series_id_generate,POST /api/v1/recurrence-series/{id}/generate,System.JobRun,OrganizerController.POST_api_v1_recurrence_series_id_generate,SCR-026 Редактор recurrence; SCR-027 Scope изменения серии,FLOW-010 Повторяющаяся задача; FLOW-011 Изменить один occurrence; FLOW-012 Изменить future/all series,,Security/authorization,Critical,OpenAPI `POST_api_v1_recurrence_series_id_generate`; Stage_3_Field_Traceability_Final_3.5.csv
AC-403,AC,MOD-007,Повторяющиеся задачи,[Authentication/session error handling (Stage 3.5 error/UI rule)/Authentication/session error handling (Stage 3.5 error/UI rule)/Device-revocation error handling (Stage 3.5 error/UI rule)] Session/device interruption: операция прекращается без сохранения неподтверждённого состояния,POST_api_v1_recurrence_series_id_generate,POST /api/v1/recurrence-series/{id}/generate,System.JobRun,OrganizerController.POST_api_v1_recurrence_series_id_generate,SCR-026 Редактор recurrence; SCR-027 Scope изменения серии,FLOW-010 Повторяющаяся задача; FLOW-011 Изменить один occurrence; FLOW-012 Изменить future/all series,,Security/session,Critical,OpenAPI `POST_api_v1_recurrence_series_id_generate`; Stage_3_Field_Traceability_Final_3.5.csv
AC-404,AC,MOD-007,Повторяющиеся задачи,[STATE-014/STATE-025] Conflict/precondition: устаревшая или отсутствующая контрактная версия/precondition не приводит к overwrite,POST_api_v1_recurrence_series_id_generate,POST /api/v1/recurrence-series/{id}/generate,System.JobRun,OrganizerController.POST_api_v1_recurrence_series_id_generate,SCR-026 Редактор recurrence; SCR-027 Scope изменения серии,FLOW-010 Повторяющаяся задача; FLOW-011 Изменить один occurrence; FLOW-012 Изменить future/all series,,Concurrency/integration,Critical,OpenAPI `POST_api_v1_recurrence_series_id_generate`; Stage_3_Field_Traceability_Final_3.5.csv
AC-405,AC,MOD-007,Повторяющиеся задачи,[ServerUnavailable (Stage 3.5 State Matrix)/ServerUnavailable (cached read-only presentation) (Stage 3.5 State Matrix)/Reconnecting (Stage 3.5 State Matrix)] Server unavailable/read-only: команда Административно расширить горизонт не ставится в offline queue,POST_api_v1_recurrence_series_id_generate,POST /api/v1/recurrence-series/{id}/generate,System.JobRun,OrganizerController.POST_api_v1_recurrence_series_id_generate,SCR-026 Редактор recurrence; SCR-027 Scope изменения серии,FLOW-010 Повторяющаяся задача; FLOW-011 Изменить один occurrence; FLOW-012 Изменить future/all series,,Desktop/resilience,Critical,OpenAPI `POST_api_v1_recurrence_series_id_generate`; Stage_3_Field_Traceability_Final_3.5.csv
AC-406,AC,MOD-007,Повторяющиеся задачи,[Stable-error-specific recovery (Stage 3.5 error/UI rule)] Idempotency: повтор с тем же key/hash не создаёт двойной side effect,POST_api_v1_recurrence_series_id_generate,POST /api/v1/recurrence-series/{id}/generate,System.JobRun,OrganizerController.POST_api_v1_recurrence_series_id_generate,SCR-026 Редактор recurrence; SCR-027 Scope изменения серии,FLOW-010 Повторяющаяся задача; FLOW-011 Изменить один occurrence; FLOW-012 Изменить future/all series,,Integration,Critical,OpenAPI `POST_api_v1_recurrence_series_id_generate`; Stage_3_Field_Traceability_Final_3.5.csv
AC-407,AC,MOD-007,Повторяющиеся задачи,Happy path: Предпросмотр будущих occurrence,POST_api_v1_recurrence_series_id_preview,POST /api/v1/recurrence-series/{id}/preview,Task.Read,OrganizerController.POST_api_v1_recurrence_series_id_preview,SCR-026 Редактор recurrence,FLOW-010 Повторяющаяся задача; FLOW-011 Изменить один occurrence; FLOW-012 Изменить future/all series,,Contract/integration,Critical,OpenAPI `POST_api_v1_recurrence_series_id_preview`; Stage_3_Field_Traceability_Final_3.5.csv
AC-408,AC,MOD-007,Повторяющиеся задачи,[Forbidden (Stage 3.5 State Matrix)/ObjectUnavailable (Stage 3.5 State Matrix)] Permission denied: Предпросмотр будущих occurrence не выполняется и данные не раскрываются,POST_api_v1_recurrence_series_id_preview,POST /api/v1/recurrence-series/{id}/preview,Task.Read,OrganizerController.POST_api_v1_recurrence_series_id_preview,SCR-026 Редактор recurrence,FLOW-010 Повторяющаяся задача; FLOW-011 Изменить один occurrence; FLOW-012 Изменить future/all series,,Security/authorization,Critical,OpenAPI `POST_api_v1_recurrence_series_id_preview`; Stage_3_Field_Traceability_Final_3.5.csv
AC-409,AC,MOD-007,Повторяющиеся задачи,[Authentication/session error handling (Stage 3.5 error/UI rule)/Authentication/session error handling (Stage 3.5 error/UI rule)/Device-revocation error handling (Stage 3.5 error/UI rule)] Session/device interruption: операция прекращается без сохранения неподтверждённого состояния,POST_api_v1_recurrence_series_id_preview,POST /api/v1/recurrence-series/{id}/preview,Task.Read,OrganizerController.POST_api_v1_recurrence_series_id_preview,SCR-026 Редактор recurrence,FLOW-010 Повторяющаяся задача; FLOW-011 Изменить один occurrence; FLOW-012 Изменить future/all series,,Security/session,Critical,OpenAPI `POST_api_v1_recurrence_series_id_preview`; Stage_3_Field_Traceability_Final_3.5.csv
AC-410,AC,MOD-007,Повторяющиеся задачи,[STATE-007] Validation: fieldErrors сохраняют draft и привязываются к canonical field path,POST_api_v1_recurrence_series_id_preview,POST /api/v1/recurrence-series/{id}/preview,Task.Read,OrganizerController.POST_api_v1_recurrence_series_id_preview,SCR-026 Редактор recurrence,FLOW-010 Повторяющаяся задача; FLOW-011 Изменить один occurrence; FLOW-012 Изменить future/all series,,Contract/UI,High,OpenAPI `POST_api_v1_recurrence_series_id_preview`; Stage_3_Field_Traceability_Final_3.5.csv
AC-411,AC,MOD-007,Повторяющиеся задачи,[ServerUnavailable (Stage 3.5 State Matrix)/ServerUnavailable (cached read-only presentation) (Stage 3.5 State Matrix)/Reconnecting (Stage 3.5 State Matrix)] Server unavailable/read-only: команда Предпросмотр будущих occurrence не ставится в offline queue,POST_api_v1_recurrence_series_id_preview,POST /api/v1/recurrence-series/{id}/preview,Task.Read,OrganizerController.POST_api_v1_recurrence_series_id_preview,SCR-026 Редактор recurrence,FLOW-010 Повторяющаяся задача; FLOW-011 Изменить один occurrence; FLOW-012 Изменить future/all series,,Desktop/resilience,Critical,OpenAPI `POST_api_v1_recurrence_series_id_preview`; Stage_3_Field_Traceability_Final_3.5.csv
AC-412,AC,MOD-007,Повторяющиеся задачи,Happy path: Возобновить приостановленную серию,POST_api_v1_recurrence_series_id_resume,POST /api/v1/recurrence-series/{id}/resume,Task.ManageRecurrence,OrganizerController.POST_api_v1_recurrence_series_id_resume,SCR-026 Редактор recurrence; SCR-027 Scope изменения серии,FLOW-010 Повторяющаяся задача; FLOW-011 Изменить один occurrence; FLOW-012 Изменить future/all series,,Contract/integration,Critical,OpenAPI `POST_api_v1_recurrence_series_id_resume`; Stage_3_Field_Traceability_Final_3.5.csv
AC-413,AC,MOD-007,Повторяющиеся задачи,[Forbidden (Stage 3.5 State Matrix)/ObjectUnavailable (Stage 3.5 State Matrix)] Permission denied: Возобновить приостановленную серию не выполняется и данные не раскрываются,POST_api_v1_recurrence_series_id_resume,POST /api/v1/recurrence-series/{id}/resume,Task.ManageRecurrence,OrganizerController.POST_api_v1_recurrence_series_id_resume,SCR-026 Редактор recurrence; SCR-027 Scope изменения серии,FLOW-010 Повторяющаяся задача; FLOW-011 Изменить один occurrence; FLOW-012 Изменить future/all series,,Security/authorization,Critical,OpenAPI `POST_api_v1_recurrence_series_id_resume`; Stage_3_Field_Traceability_Final_3.5.csv
AC-414,AC,MOD-007,Повторяющиеся задачи,[Authentication/session error handling (Stage 3.5 error/UI rule)/Authentication/session error handling (Stage 3.5 error/UI rule)/Device-revocation error handling (Stage 3.5 error/UI rule)] Session/device interruption: операция прекращается без сохранения неподтверждённого состояния,POST_api_v1_recurrence_series_id_resume,POST /api/v1/recurrence-series/{id}/resume,Task.ManageRecurrence,OrganizerController.POST_api_v1_recurrence_series_id_resume,SCR-026 Редактор recurrence; SCR-027 Scope изменения серии,FLOW-010 Повторяющаяся задача; FLOW-011 Изменить один occurrence; FLOW-012 Изменить future/all series,,Security/session,Critical,OpenAPI `POST_api_v1_recurrence_series_id_resume`; Stage_3_Field_Traceability_Final_3.5.csv
AC-415,AC,MOD-007,Повторяющиеся задачи,[STATE-007] Validation: fieldErrors сохраняют draft и привязываются к canonical field path,POST_api_v1_recurrence_series_id_resume,POST /api/v1/recurrence-series/{id}/resume,Task.ManageRecurrence,OrganizerController.POST_api_v1_recurrence_series_id_resume,SCR-026 Редактор recurrence; SCR-027 Scope изменения серии,FLOW-010 Повторяющаяся задача; FLOW-011 Изменить один occurrence; FLOW-012 Изменить future/all series,,Contract/UI,High,OpenAPI `POST_api_v1_recurrence_series_id_resume`; Stage_3_Field_Traceability_Final_3.5.csv
AC-416,AC,MOD-007,Повторяющиеся задачи,[STATE-014/STATE-025] Conflict/precondition: устаревшая или отсутствующая If-Match не приводит к overwrite,POST_api_v1_recurrence_series_id_resume,POST /api/v1/recurrence-series/{id}/resume,Task.ManageRecurrence,OrganizerController.POST_api_v1_recurrence_series_id_resume,SCR-026 Редактор recurrence; SCR-027 Scope изменения серии,FLOW-010 Повторяющаяся задача; FLOW-011 Изменить один occurrence; FLOW-012 Изменить future/all series,,Concurrency/integration,Critical,OpenAPI `POST_api_v1_recurrence_series_id_resume`; Stage_3_Field_Traceability_Final_3.5.csv
AC-417,AC,MOD-007,Повторяющиеся задачи,[ServerUnavailable (Stage 3.5 State Matrix)/ServerUnavailable (cached read-only presentation) (Stage 3.5 State Matrix)/Reconnecting (Stage 3.5 State Matrix)] Server unavailable/read-only: команда Возобновить приостановленную серию не ставится в offline queue,POST_api_v1_recurrence_series_id_resume,POST /api/v1/recurrence-series/{id}/resume,Task.ManageRecurrence,OrganizerController.POST_api_v1_recurrence_series_id_resume,SCR-026 Редактор recurrence; SCR-027 Scope изменения серии,FLOW-010 Повторяющаяся задача; FLOW-011 Изменить один occurrence; FLOW-012 Изменить future/all series,,Desktop/resilience,Critical,OpenAPI `POST_api_v1_recurrence_series_id_resume`; Stage_3_Field_Traceability_Final_3.5.csv
AC-418,AC,MOD-007,Повторяющиеся задачи,[Stable-error-specific recovery (Stage 3.5 error/UI rule)] Idempotency: повтор с тем же key/hash не создаёт двойной side effect,POST_api_v1_recurrence_series_id_resume,POST /api/v1/recurrence-series/{id}/resume,Task.ManageRecurrence,OrganizerController.POST_api_v1_recurrence_series_id_resume,SCR-026 Редактор recurrence; SCR-027 Scope изменения серии,FLOW-010 Повторяющаяся задача; FLOW-011 Изменить один occurrence; FLOW-012 Изменить future/all series,,Integration,Critical,OpenAPI `POST_api_v1_recurrence_series_id_resume`; Stage_3_Field_Traceability_Final_3.5.csv
AC-419,AC,MOD-007,Повторяющиеся задачи,Happy path: Пропустить экземпляр,POST_api_v1_recurrence_series_id_skip_occurrenceKey,POST /api/v1/recurrence-series/{id}/skip/{occurrenceKey},Task.ManageRecurrence,OrganizerController.POST_api_v1_recurrence_series_id_skip_occurrenceKey,SCR-026 Редактор recurrence,FLOW-010 Повторяющаяся задача; FLOW-011 Изменить один occurrence; FLOW-012 Изменить future/all series,,Contract/integration,Critical,OpenAPI `POST_api_v1_recurrence_series_id_skip_occurrenceKey`; Stage_3_Field_Traceability_Final_3.5.csv
AC-420,AC,MOD-007,Повторяющиеся задачи,[Forbidden (Stage 3.5 State Matrix)/ObjectUnavailable (Stage 3.5 State Matrix)] Permission denied: Пропустить экземпляр не выполняется и данные не раскрываются,POST_api_v1_recurrence_series_id_skip_occurrenceKey,POST /api/v1/recurrence-series/{id}/skip/{occurrenceKey},Task.ManageRecurrence,OrganizerController.POST_api_v1_recurrence_series_id_skip_occurrenceKey,SCR-026 Редактор recurrence,FLOW-010 Повторяющаяся задача; FLOW-011 Изменить один occurrence; FLOW-012 Изменить future/all series,,Security/authorization,Critical,OpenAPI `POST_api_v1_recurrence_series_id_skip_occurrenceKey`; Stage_3_Field_Traceability_Final_3.5.csv
AC-421,AC,MOD-007,Повторяющиеся задачи,[Authentication/session error handling (Stage 3.5 error/UI rule)/Authentication/session error handling (Stage 3.5 error/UI rule)/Device-revocation error handling (Stage 3.5 error/UI rule)] Session/device interruption: операция прекращается без сохранения неподтверждённого состояния,POST_api_v1_recurrence_series_id_skip_occurrenceKey,POST /api/v1/recurrence-series/{id}/skip/{occurrenceKey},Task.ManageRecurrence,OrganizerController.POST_api_v1_recurrence_series_id_skip_occurrenceKey,SCR-026 Редактор recurrence,FLOW-010 Повторяющаяся задача; FLOW-011 Изменить один occurrence; FLOW-012 Изменить future/all series,,Security/session,Critical,OpenAPI `POST_api_v1_recurrence_series_id_skip_occurrenceKey`; Stage_3_Field_Traceability_Final_3.5.csv
AC-422,AC,MOD-007,Повторяющиеся задачи,[STATE-014/STATE-025] Conflict/precondition: устаревшая или отсутствующая If-Match не приводит к overwrite,POST_api_v1_recurrence_series_id_skip_occurrenceKey,POST /api/v1/recurrence-series/{id}/skip/{occurrenceKey},Task.ManageRecurrence,OrganizerController.POST_api_v1_recurrence_series_id_skip_occurrenceKey,SCR-026 Редактор recurrence,FLOW-010 Повторяющаяся задача; FLOW-011 Изменить один occurrence; FLOW-012 Изменить future/all series,,Concurrency/integration,Critical,OpenAPI `POST_api_v1_recurrence_series_id_skip_occurrenceKey`; Stage_3_Field_Traceability_Final_3.5.csv
AC-423,AC,MOD-007,Повторяющиеся задачи,[ServerUnavailable (Stage 3.5 State Matrix)/ServerUnavailable (cached read-only presentation) (Stage 3.5 State Matrix)/Reconnecting (Stage 3.5 State Matrix)] Server unavailable/read-only: команда Пропустить экземпляр не ставится в offline queue,POST_api_v1_recurrence_series_id_skip_occurrenceKey,POST /api/v1/recurrence-series/{id}/skip/{occurrenceKey},Task.ManageRecurrence,OrganizerController.POST_api_v1_recurrence_series_id_skip_occurrenceKey,SCR-026 Редактор recurrence,FLOW-010 Повторяющаяся задача; FLOW-011 Изменить один occurrence; FLOW-012 Изменить future/all series,,Desktop/resilience,Critical,OpenAPI `POST_api_v1_recurrence_series_id_skip_occurrenceKey`; Stage_3_Field_Traceability_Final_3.5.csv
AC-424,AC,MOD-007,Повторяющиеся задачи,[Stable-error-specific recovery (Stage 3.5 error/UI rule)] Idempotency: повтор с тем же key/hash не создаёт двойной side effect,POST_api_v1_recurrence_series_id_skip_occurrenceKey,POST /api/v1/recurrence-series/{id}/skip/{occurrenceKey},Task.ManageRecurrence,OrganizerController.POST_api_v1_recurrence_series_id_skip_occurrenceKey,SCR-026 Редактор recurrence,FLOW-010 Повторяющаяся задача; FLOW-011 Изменить один occurrence; FLOW-012 Изменить future/all series,,Integration,Critical,OpenAPI `POST_api_v1_recurrence_series_id_skip_occurrenceKey`; Stage_3_Field_Traceability_Final_3.5.csv
AC-1414,AC,MOD-007,Повторяющиеся задачи,Desktop behavior: Перед изменением серии интерфейс должен показать preview affected count и потребовать scope one/future/all.,"— (Desktop-only, без нового API)","— (Desktop-only, без нового API)",Capability-driven; server recheck для команд,"— (Desktop-only, без нового API)",SCR-026 Редактор recurrence; SCR-027 Scope изменения серии,FLOW-010 Повторяющаяся задача; FLOW-011 Изменить один occurrence; FLOW-012 Изменить future/all series,,Desktop/UI,High,Stage 3.5 UX Architecture
AC-1415,AC,MOD-007,Повторяющиеся задачи,Security: недоступные данные/действия не раскрываются через локальное состояние,"— (Desktop-only, без нового API)","— (Desktop-only, без нового API)",Capability-driven; server recheck для команд,"— (Desktop-only, без нового API)",SCR-026 Редактор recurrence; SCR-027 Scope изменения серии,FLOW-010 Повторяющаяся задача; FLOW-011 Изменить один occurrence; FLOW-012 Изменить future/all series,,Security/UI,Critical,DEC-004/030/032
AC-1515,AC,MOD-007,Повторяющиеся задачи,[STATE-007] Field contract: RecurrenceSeriesCreate.status respects type/required/nullable/limits/PATCH semantics,— (операции модуля),—,—,—,SCR-026 Редактор recurrence; SCR-027 Scope изменения серии,FLOW-010 Повторяющаяся задача; FLOW-011 Изменить один occurrence; FLOW-012 Изменить future/all series,,Boundary/contract UI,High,dto_field_catalog.csv:RecurrenceSeriesCreate.status; openapi.yaml operation POST_api_v1_recurrence_series
AC-1516,AC,MOD-007,Повторяющиеся задачи,[STATE-007] Field contract: RecurrenceSeriesPatch.status respects type/required/nullable/limits/PATCH semantics,— (операции модуля),—,—,—,SCR-026 Редактор recurrence; SCR-027 Scope изменения серии,FLOW-010 Повторяющаяся задача; FLOW-011 Изменить один occurrence; FLOW-012 Изменить future/all series,,Boundary/contract UI,High,dto_field_catalog.csv:RecurrenceSeriesPatch.status; openapi.yaml operation PATCH_api_v1_recurrence_series_id
AC-1517,AC,MOD-007,Повторяющиеся задачи,[STATE-007] Field contract: SkipOccurrenceRequest.status respects type/required/nullable/limits/PATCH semantics,— (операции модуля),—,—,—,SCR-026 Редактор recurrence; SCR-027 Scope изменения серии,FLOW-010 Повторяющаяся задача; FLOW-011 Изменить один occurrence; FLOW-012 Изменить future/all series,,Boundary/contract UI,High,dto_field_catalog.csv:RecurrenceOccurrence.status; openapi.yaml operation POST_api_v1_recurrence_series_id_skip_occurrenceKey
AC-1518,AC,MOD-007,Повторяющиеся задачи,[STATE-007] Field contract: —.status respects type/required/nullable/limits/PATCH semantics,— (операции модуля),—,—,—,SCR-026 Редактор recurrence; SCR-027 Scope изменения серии,FLOW-010 Повторяющаяся задача; FLOW-011 Изменить один occurrence; FLOW-012 Изменить future/all series,,Boundary/contract UI,High,dto_field_catalog.csv:RecurrenceSeries.status; openapi.yaml operation DELETE_api_v1_recurrence_series_id
AC-1519,AC,MOD-007,Повторяющиеся задачи,[STATE-007] Field contract: RecurrencePreviewRequest.fromDate respects type/required/nullable/limits/PATCH semantics,— (операции модуля),—,—,—,SCR-026 Редактор recurrence; SCR-027 Scope изменения серии,FLOW-010 Повторяющаяся задача; FLOW-011 Изменить один occurrence; FLOW-012 Изменить future/all series,,Boundary/contract UI,High,dto_field_catalog.csv:RecurrencePreviewRequest.fromDate; openapi.yaml operation POST_api_v1_recurrence_series_id_preview
AC-1520,AC,MOD-007,Повторяющиеся задачи,[STATE-007] Field contract: RecurrencePreviewRequest.limit respects type/required/nullable/limits/PATCH semantics,— (операции модуля),—,—,—,SCR-026 Редактор recurrence; SCR-027 Scope изменения серии,FLOW-010 Повторяющаяся задача; FLOW-011 Изменить один occurrence; FLOW-012 Изменить future/all series,,Boundary/contract UI,High,dto_field_catalog.csv:RecurrencePreviewRequest.limit; openapi.yaml operation POST_api_v1_recurrence_series_id_preview
AC-1521,AC,MOD-007,Повторяющиеся задачи,[STATE-007] Field contract: RecurrencePreviewRequest.rule respects type/required/nullable/limits/PATCH semantics,— (операции модуля),—,—,—,SCR-026 Редактор recurrence; SCR-027 Scope изменения серии,FLOW-010 Повторяющаяся задача; FLOW-011 Изменить один occurrence; FLOW-012 Изменить future/all series,,Boundary/contract UI,High,dto_field_catalog.csv:RecurrencePreviewRequest.rule; openapi.yaml operation POST_api_v1_recurrence_series_id_preview
AC-1522,AC,MOD-007,Повторяющиеся задачи,[STATE-007] Field contract: RecurrencePreviewRequest.rule.frequency respects type/required/nullable/limits/PATCH semantics,— (операции модуля),—,—,—,SCR-026 Редактор recurrence; SCR-027 Scope изменения серии,FLOW-010 Повторяющаяся задача; FLOW-011 Изменить один occurrence; FLOW-012 Изменить future/all series,,Boundary/contract UI,High,dto_field_catalog.csv:RecurrenceSeriesCreate.frequency; openapi.yaml operation POST_api_v1_recurrence_series_id_preview
AC-1523,AC,MOD-007,Повторяющиеся задачи,[STATE-007] Field contract: RecurrencePreviewRequest.rule.interval respects type/required/nullable/limits/PATCH semantics,— (операции модуля),—,—,—,SCR-026 Редактор recurrence; SCR-027 Scope изменения серии,FLOW-010 Повторяющаяся задача; FLOW-011 Изменить один occurrence; FLOW-012 Изменить future/all series,,Boundary/contract UI,High,dto_field_catalog.csv:RecurrenceSeriesCreate.interval; openapi.yaml operation POST_api_v1_recurrence_series_id_preview
AC-1524,AC,MOD-007,Повторяющиеся задачи,[STATE-007] Field contract: RecurrencePreviewRequest.rule.occurrenceStartDate respects type/required/nullable/limits/PATCH semantics,— (операции модуля),—,—,—,SCR-026 Редактор recurrence; SCR-027 Scope изменения серии,FLOW-010 Повторяющаяся задача; FLOW-011 Изменить один occurrence; FLOW-012 Изменить future/all series,,Boundary/contract UI,High,dto_field_catalog.csv:RecurrenceSeriesCreate.occurrenceStartDate; openapi.yaml operation POST_api_v1_recurrence_series_id_preview
AC-1525,AC,MOD-007,Повторяющиеся задачи,[STATE-007] Field contract: RecurrencePreviewRequest.rule.template respects type/required/nullable/limits/PATCH semantics,— (операции модуля),—,—,—,SCR-026 Редактор recurrence; SCR-027 Scope изменения серии,FLOW-010 Повторяющаяся задача; FLOW-011 Изменить один occurrence; FLOW-012 Изменить future/all series,,Boundary/contract UI,High,dto_field_catalog.csv:RecurrenceSeriesCreate.template; openapi.yaml operation POST_api_v1_recurrence_series_id_preview
AC-1526,AC,MOD-007,Повторяющиеся задачи,[STATE-007] Field contract: RecurrencePreviewRequest.rule.template.assigneeIds respects type/required/nullable/limits/PATCH semantics,— (операции модуля),—,—,—,SCR-026 Редактор recurrence; SCR-027 Scope изменения серии,FLOW-010 Повторяющаяся задача; FLOW-011 Изменить один occurrence; FLOW-012 Изменить future/all series,,Boundary/contract UI,High,dto_field_catalog.csv:RecurrenceTaskTemplate.assigneeIds; openapi.yaml operation POST_api_v1_recurrence_series_id_preview
AC-1527,AC,MOD-007,Повторяющиеся задачи,[STATE-007] Field contract: RecurrencePreviewRequest.rule.template.authorUserId respects type/required/nullable/limits/PATCH semantics,— (операции модуля),—,—,—,SCR-026 Редактор recurrence; SCR-027 Scope изменения серии,FLOW-010 Повторяющаяся задача; FLOW-011 Изменить один occurrence; FLOW-012 Изменить future/all series,,Boundary/contract UI,High,dto_field_catalog.csv:RecurrenceTaskTemplate.authorUserId; openapi.yaml operation POST_api_v1_recurrence_series_id_preview
AC-1528,AC,MOD-007,Повторяющиеся задачи,[STATE-007] Field contract: RecurrencePreviewRequest.rule.template.checklists respects type/required/nullable/limits/PATCH semantics,— (операции модуля),—,—,—,SCR-026 Редактор recurrence; SCR-027 Scope изменения серии,FLOW-010 Повторяющаяся задача; FLOW-011 Изменить один occurrence; FLOW-012 Изменить future/all series,,Boundary/contract UI,High,dto_field_catalog.csv:RecurrenceTaskTemplate.checklists; openapi.yaml operation POST_api_v1_recurrence_series_id_preview
AC-1529,AC,MOD-007,Повторяющиеся задачи,[STATE-007] Field contract: RecurrencePreviewRequest.rule.template.priority respects type/required/nullable/limits/PATCH semantics,— (операции модуля),—,—,—,SCR-026 Редактор recurrence; SCR-027 Scope изменения серии,FLOW-010 Повторяющаяся задача; FLOW-011 Изменить один occurrence; FLOW-012 Изменить future/all series,,Boundary/contract UI,High,dto_field_catalog.csv:RecurrenceTaskTemplate.priority; openapi.yaml operation POST_api_v1_recurrence_series_id_preview
AC-1530,AC,MOD-007,Повторяющиеся задачи,[STATE-007] Field contract: RecurrencePreviewRequest.rule.template.reminderRules respects type/required/nullable/limits/PATCH semantics,— (операции модуля),—,—,—,SCR-026 Редактор recurrence; SCR-027 Scope изменения серии,FLOW-010 Повторяющаяся задача; FLOW-011 Изменить один occurrence; FLOW-012 Изменить future/all series,,Boundary/contract UI,High,dto_field_catalog.csv:RecurrenceTaskTemplate.reminderRules; openapi.yaml operation POST_api_v1_recurrence_series_id_preview
AC-1531,AC,MOD-007,Повторяющиеся задачи,[STATE-007] Field contract: RecurrencePreviewRequest.rule.template.templateVersion respects type/required/nullable/limits/PATCH semantics,— (операции модуля),—,—,—,SCR-026 Редактор recurrence; SCR-027 Scope изменения серии,FLOW-010 Повторяющаяся задача; FLOW-011 Изменить один occurrence; FLOW-012 Изменить future/all series,,Boundary/contract UI,High,dto_field_catalog.csv:RecurrenceTaskTemplate.templateVersion; openapi.yaml operation POST_api_v1_recurrence_series_id_preview
AC-1532,AC,MOD-007,Повторяющиеся задачи,[STATE-007] Field contract: RecurrencePreviewRequest.rule.template.title respects type/required/nullable/limits/PATCH semantics,— (операции модуля),—,—,—,SCR-026 Редактор recurrence; SCR-027 Scope изменения серии,FLOW-010 Повторяющаяся задача; FLOW-011 Изменить один occurrence; FLOW-012 Изменить future/all series,,Boundary/contract UI,High,dto_field_catalog.csv:RecurrenceTaskTemplate.title; openapi.yaml operation POST_api_v1_recurrence_series_id_preview
AC-1533,AC,MOD-007,Повторяющиеся задачи,[STATE-007] Field contract: RecurrencePreviewRequest.rule.template.watcherIds respects type/required/nullable/limits/PATCH semantics,— (операции модуля),—,—,—,SCR-026 Редактор recurrence; SCR-027 Scope изменения серии,FLOW-010 Повторяющаяся задача; FLOW-011 Изменить один occurrence; FLOW-012 Изменить future/all series,,Boundary/contract UI,High,dto_field_catalog.csv:RecurrenceTaskTemplate.watcherIds; openapi.yaml operation POST_api_v1_recurrence_series_id_preview
AC-1534,AC,MOD-007,Повторяющиеся задачи,[STATE-007] Field contract: RecurrencePreviewRequest.rule.timeZone respects type/required/nullable/limits/PATCH semantics,— (операции модуля),—,—,—,SCR-026 Редактор recurrence; SCR-027 Scope изменения серии,FLOW-010 Повторяющаяся задача; FLOW-011 Изменить один occurrence; FLOW-012 Изменить future/all series,,Boundary/contract UI,High,dto_field_catalog.csv:RecurrenceSeriesCreate.timeZone; openapi.yaml operation POST_api_v1_recurrence_series_id_preview
AC-1535,AC,MOD-007,Повторяющиеся задачи,[STATE-007] Field contract: RecurrenceScopedChange.patch respects type/required/nullable/limits/PATCH semantics,— (операции модуля),—,—,—,SCR-026 Редактор recurrence; SCR-027 Scope изменения серии,FLOW-010 Повторяющаяся задача; FLOW-011 Изменить один occurrence; FLOW-012 Изменить future/all series,,Boundary/contract UI,High,dto_field_catalog.csv:RecurrenceScopedChange.patch; openapi.yaml operation POST_api_v1_recurrence_series_id_apply_change
AC-1536,AC,MOD-007,Повторяющиеся задачи,[STATE-007] Field contract: RecurrenceScopedChange.scope respects type/required/nullable/limits/PATCH semantics,— (операции модуля),—,—,—,SCR-026 Редактор recurrence; SCR-027 Scope изменения серии,FLOW-010 Повторяющаяся задача; FLOW-011 Изменить один occurrence; FLOW-012 Изменить future/all series,,Boundary/contract UI,High,dto_field_catalog.csv:RecurrenceScopedChange.scope; openapi.yaml operation POST_api_v1_recurrence_series_id_apply_change
AC-1537,AC,MOD-007,Повторяющиеся задачи,[STATE-007] Field contract: RecurrenceSeriesCreate.frequency respects type/required/nullable/limits/PATCH semantics,— (операции модуля),—,—,—,SCR-026 Редактор recurrence; SCR-027 Scope изменения серии,FLOW-010 Повторяющаяся задача; FLOW-011 Изменить один occurrence; FLOW-012 Изменить future/all series,,Boundary/contract UI,High,dto_field_catalog.csv:RecurrenceSeriesCreate.frequency; openapi.yaml operation POST_api_v1_recurrence_series
AC-1538,AC,MOD-007,Повторяющиеся задачи,[STATE-007] Field contract: RecurrenceSeriesCreate.interval respects type/required/nullable/limits/PATCH semantics,— (операции модуля),—,—,—,SCR-026 Редактор recurrence; SCR-027 Scope изменения серии,FLOW-010 Повторяющаяся задача; FLOW-011 Изменить один occurrence; FLOW-012 Изменить future/all series,,Boundary/contract UI,High,dto_field_catalog.csv:RecurrenceSeriesCreate.interval; openapi.yaml operation POST_api_v1_recurrence_series
AC-1834,AC,MOD-007,Повторяющиеся задачи,Permission denial for FR-052,— (операции модуля),—,—,—,SCR-026 Редактор recurrence; SCR-027 Scope изменения серии,FLOW-010 Повторяющаяся задача; FLOW-011 Изменить один occurrence; FLOW-012 Изменить future/all series,,Security/authorization,Critical,OpenAPI `GET_api_v1_recurrence_series`; Stage_3_Field_Traceability_Final_3.5.csv; cross-cutting requirement PERM-007
AC-1855,AC,MOD-007,Повторяющиеся задачи,Stable error handling for FR-052,— (операции модуля),—,—,—,SCR-026 Редактор recurrence; SCR-027 Scope изменения серии,FLOW-010 Повторяющаяся задача; FLOW-011 Изменить один occurrence; FLOW-012 Изменить future/all series,,Error handling,High,OpenAPI `GET_api_v1_recurrence_series`; Stage_3_Field_Traceability_Final_3.5.csv; cross-cutting requirement ERR-007
AC-1876,AC,MOD-007,Повторяющиеся задачи,Read outage behavior for FR-052,GET_api_v1_sync_changes; POST_api_v1_sync_bootstrap; POST_api_v1_sync_ack,GET /api/v1/sync/changes; POST /api/v1/sync/bootstrap; POST /api/v1/sync/ack,—,OrganizerController.GET_api_v1_sync_changes; OrganizerController.POST_api_v1_sync_bootstrap; OrganizerController.POST_api_v1_sync_ack,SCR-026 Редактор recurrence; SCR-027 Scope изменения серии,FLOW-010 Повторяющаяся задача; FLOW-011 Изменить один occurrence; FLOW-012 Изменить future/all series,,Desktop/resilience,High,OpenAPI `GET_api_v1_recurrence_series`; Stage_3_Field_Traceability_Final_3.5.csv; cross-cutting requirement SYNC-007
AC-1897,AC,MOD-007,Повторяющиеся задачи,Audit evidence for FR-052,— (domain command + audit/history endpoints),—,—,— (domain handlers + audit pipeline),SCR-026 Редактор recurrence; SCR-027 Scope изменения серии,FLOW-010 Повторяющаяся задача; FLOW-011 Изменить один occurrence; FLOW-012 Изменить future/all series,,Audit/security,Critical,OpenAPI `GET_api_v1_recurrence_series`; Stage_3_Field_Traceability_Final_3.5.csv; cross-cutting requirement AUDIT-007
AC-1978,AC,MOD-007,Повторяющиеся задачи,Permission denial for FR-053,— (операции модуля),—,—,—,SCR-026 Редактор recurrence; SCR-027 Scope изменения серии,FLOW-010 Повторяющаяся задача; FLOW-011 Изменить один occurrence; FLOW-012 Изменить future/all series,,Security/authorization,Critical,OpenAPI `POST_api_v1_recurrence_series`; Stage_3_Field_Traceability_Final_3.5.csv; cross-cutting requirement PERM-007
AC-1979,AC,MOD-007,Повторяющиеся задачи,Permission denial for FR-054,— (операции модуля),—,—,—,SCR-026 Редактор recurrence; SCR-027 Scope изменения серии,FLOW-010 Повторяющаяся задача; FLOW-011 Изменить один occurrence; FLOW-012 Изменить future/all series,,Security/authorization,Critical,OpenAPI `DELETE_api_v1_recurrence_series_id`; Stage_3_Field_Traceability_Final_3.5.csv; cross-cutting requirement PERM-007
AC-1980,AC,MOD-007,Повторяющиеся задачи,Permission denial for FR-055,— (операции модуля),—,—,—,SCR-026 Редактор recurrence; SCR-027 Scope изменения серии,FLOW-010 Повторяющаяся задача; FLOW-011 Изменить один occurrence; FLOW-012 Изменить future/all series,,Security/authorization,Critical,OpenAPI `GET_api_v1_recurrence_series_id`; Stage_3_Field_Traceability_Final_3.5.csv; cross-cutting requirement PERM-007
AC-1981,AC,MOD-007,Повторяющиеся задачи,Permission denial for FR-056,— (операции модуля),—,—,—,SCR-026 Редактор recurrence; SCR-027 Scope изменения серии,FLOW-010 Повторяющаяся задача; FLOW-011 Изменить один occurrence; FLOW-012 Изменить future/all series,,Security/authorization,Critical,OpenAPI `PATCH_api_v1_recurrence_series_id`; Stage_3_Field_Traceability_Final_3.5.csv; cross-cutting requirement PERM-007
AC-1982,AC,MOD-007,Повторяющиеся задачи,Permission denial for FR-057,— (операции модуля),—,—,—,SCR-026 Редактор recurrence; SCR-027 Scope изменения серии,FLOW-010 Повторяющаяся задача; FLOW-011 Изменить один occurrence; FLOW-012 Изменить future/all series,,Security/authorization,Critical,OpenAPI `POST_api_v1_recurrence_series_id_apply_change`; Stage_3_Field_Traceability_Final_3.5.csv; cross-cutting requirement PERM-007
AC-1983,AC,MOD-007,Повторяющиеся задачи,Permission denial for FR-058,— (операции модуля),—,—,—,SCR-026 Редактор recurrence; SCR-027 Scope изменения серии,FLOW-010 Повторяющаяся задача; FLOW-011 Изменить один occurrence; FLOW-012 Изменить future/all series,,Security/authorization,Critical,OpenAPI `POST_api_v1_recurrence_series_id_generate`; Stage_3_Field_Traceability_Final_3.5.csv; cross-cutting requirement PERM-007
AC-1984,AC,MOD-007,Повторяющиеся задачи,Permission denial for FR-059,— (операции модуля),—,—,—,SCR-026 Редактор recurrence; SCR-027 Scope изменения серии,FLOW-010 Повторяющаяся задача; FLOW-011 Изменить один occurrence; FLOW-012 Изменить future/all series,,Security/authorization,Critical,OpenAPI `POST_api_v1_recurrence_series_id_preview`; Stage_3_Field_Traceability_Final_3.5.csv; cross-cutting requirement PERM-007
AC-1985,AC,MOD-007,Повторяющиеся задачи,Permission denial for FR-060,— (операции модуля),—,—,—,SCR-026 Редактор recurrence; SCR-027 Scope изменения серии,FLOW-010 Повторяющаяся задача; FLOW-011 Изменить один occurrence; FLOW-012 Изменить future/all series,,Security/authorization,Critical,OpenAPI `POST_api_v1_recurrence_series_id_resume`; Stage_3_Field_Traceability_Final_3.5.csv; cross-cutting requirement PERM-007
AC-1986,AC,MOD-007,Повторяющиеся задачи,Permission denial for FR-061,— (операции модуля),—,—,—,SCR-026 Редактор recurrence; SCR-027 Scope изменения серии,FLOW-010 Повторяющаяся задача; FLOW-011 Изменить один occurrence; FLOW-012 Изменить future/all series,,Security/authorization,Critical,OpenAPI `POST_api_v1_recurrence_series_id_skip_occurrenceKey`; Stage_3_Field_Traceability_Final_3.5.csv; cross-cutting requirement PERM-007
AC-1987,AC,MOD-007,Повторяющиеся задачи,Permission denial for FR-252,— (операции модуля),—,—,—,SCR-026 Редактор recurrence; SCR-027 Scope изменения серии,FLOW-010 Повторяющаяся задача; FLOW-011 Изменить один occurrence; FLOW-012 Изменить future/all series,,Security/authorization,Critical,Stage 3.5 UX Architecture/Decision Log; cross-cutting requirement PERM-007
AC-2236,AC,MOD-007,Повторяющиеся задачи,Stable error handling for FR-053,— (операции модуля),—,—,—,SCR-026 Редактор recurrence; SCR-027 Scope изменения серии,FLOW-010 Повторяющаяся задача; FLOW-011 Изменить один occurrence; FLOW-012 Изменить future/all series,,Error handling,High,OpenAPI `POST_api_v1_recurrence_series`; Stage_3_Field_Traceability_Final_3.5.csv; cross-cutting requirement ERR-007
AC-2237,AC,MOD-007,Повторяющиеся задачи,Stable error handling for FR-054,— (операции модуля),—,—,—,SCR-026 Редактор recurrence; SCR-027 Scope изменения серии,FLOW-010 Повторяющаяся задача; FLOW-011 Изменить один occurrence; FLOW-012 Изменить future/all series,,Error handling,High,OpenAPI `DELETE_api_v1_recurrence_series_id`; Stage_3_Field_Traceability_Final_3.5.csv; cross-cutting requirement ERR-007
AC-2238,AC,MOD-007,Повторяющиеся задачи,Stable error handling for FR-055,— (операции модуля),—,—,—,SCR-026 Редактор recurrence; SCR-027 Scope изменения серии,FLOW-010 Повторяющаяся задача; FLOW-011 Изменить один occurrence; FLOW-012 Изменить future/all series,,Error handling,High,OpenAPI `GET_api_v1_recurrence_series_id`; Stage_3_Field_Traceability_Final_3.5.csv; cross-cutting requirement ERR-007
AC-2239,AC,MOD-007,Повторяющиеся задачи,Stable error handling for FR-056,— (операции модуля),—,—,—,SCR-026 Редактор recurrence; SCR-027 Scope изменения серии,FLOW-010 Повторяющаяся задача; FLOW-011 Изменить один occurrence; FLOW-012 Изменить future/all series,,Error handling,High,OpenAPI `PATCH_api_v1_recurrence_series_id`; Stage_3_Field_Traceability_Final_3.5.csv; cross-cutting requirement ERR-007
AC-2240,AC,MOD-007,Повторяющиеся задачи,Stable error handling for FR-057,— (операции модуля),—,—,—,SCR-026 Редактор recurrence; SCR-027 Scope изменения серии,FLOW-010 Повторяющаяся задача; FLOW-011 Изменить один occurrence; FLOW-012 Изменить future/all series,,Error handling,High,OpenAPI `POST_api_v1_recurrence_series_id_apply_change`; Stage_3_Field_Traceability_Final_3.5.csv; cross-cutting requirement ERR-007
AC-2241,AC,MOD-007,Повторяющиеся задачи,Stable error handling for FR-058,— (операции модуля),—,—,—,SCR-026 Редактор recurrence; SCR-027 Scope изменения серии,FLOW-010 Повторяющаяся задача; FLOW-011 Изменить один occurrence; FLOW-012 Изменить future/all series,,Error handling,High,OpenAPI `POST_api_v1_recurrence_series_id_generate`; Stage_3_Field_Traceability_Final_3.5.csv; cross-cutting requirement ERR-007
AC-2242,AC,MOD-007,Повторяющиеся задачи,Stable error handling for FR-059,— (операции модуля),—,—,—,SCR-026 Редактор recurrence; SCR-027 Scope изменения серии,FLOW-010 Повторяющаяся задача; FLOW-011 Изменить один occurrence; FLOW-012 Изменить future/all series,,Error handling,High,OpenAPI `POST_api_v1_recurrence_series_id_preview`; Stage_3_Field_Traceability_Final_3.5.csv; cross-cutting requirement ERR-007
AC-2243,AC,MOD-007,Повторяющиеся задачи,Stable error handling for FR-060,— (операции модуля),—,—,—,SCR-026 Редактор recurrence; SCR-027 Scope изменения серии,FLOW-010 Повторяющаяся задача; FLOW-011 Изменить один occurrence; FLOW-012 Изменить future/all series,,Error handling,High,OpenAPI `POST_api_v1_recurrence_series_id_resume`; Stage_3_Field_Traceability_Final_3.5.csv; cross-cutting requirement ERR-007
AC-2244,AC,MOD-007,Повторяющиеся задачи,Stable error handling for FR-061,— (операции модуля),—,—,—,SCR-026 Редактор recurrence; SCR-027 Scope изменения серии,FLOW-010 Повторяющаяся задача; FLOW-011 Изменить один occurrence; FLOW-012 Изменить future/all series,,Error handling,High,OpenAPI `POST_api_v1_recurrence_series_id_skip_occurrenceKey`; Stage_3_Field_Traceability_Final_3.5.csv; cross-cutting requirement ERR-007
AC-2245,AC,MOD-007,Повторяющиеся задачи,Stable error handling for FR-252,— (операции модуля),—,—,—,SCR-026 Редактор recurrence; SCR-027 Scope изменения серии,FLOW-010 Повторяющаяся задача; FLOW-011 Изменить один occurrence; FLOW-012 Изменить future/all series,,Error handling,High,Stage 3.5 UX Architecture/Decision Log; cross-cutting requirement ERR-007
AC-2494,AC,MOD-007,Повторяющиеся задачи,Command outage behavior for FR-053,GET_api_v1_sync_changes; POST_api_v1_sync_bootstrap; POST_api_v1_sync_ack,GET /api/v1/sync/changes; POST /api/v1/sync/bootstrap; POST /api/v1/sync/ack,—,OrganizerController.GET_api_v1_sync_changes; OrganizerController.POST_api_v1_sync_bootstrap; OrganizerController.POST_api_v1_sync_ack,SCR-026 Редактор recurrence; SCR-027 Scope изменения серии,FLOW-010 Повторяющаяся задача; FLOW-011 Изменить один occurrence; FLOW-012 Изменить future/all series,,Desktop/resilience,High,OpenAPI `POST_api_v1_recurrence_series`; Stage_3_Field_Traceability_Final_3.5.csv; cross-cutting requirement SYNC-007
AC-2495,AC,MOD-007,Повторяющиеся задачи,Command outage behavior for FR-054,GET_api_v1_sync_changes; POST_api_v1_sync_bootstrap; POST_api_v1_sync_ack,GET /api/v1/sync/changes; POST /api/v1/sync/bootstrap; POST /api/v1/sync/ack,—,OrganizerController.GET_api_v1_sync_changes; OrganizerController.POST_api_v1_sync_bootstrap; OrganizerController.POST_api_v1_sync_ack,SCR-026 Редактор recurrence; SCR-027 Scope изменения серии,FLOW-010 Повторяющаяся задача; FLOW-011 Изменить один occurrence; FLOW-012 Изменить future/all series,,Desktop/resilience,High,OpenAPI `DELETE_api_v1_recurrence_series_id`; Stage_3_Field_Traceability_Final_3.5.csv; cross-cutting requirement SYNC-007
AC-2496,AC,MOD-007,Повторяющиеся задачи,Read outage behavior for FR-055,GET_api_v1_sync_changes; POST_api_v1_sync_bootstrap; POST_api_v1_sync_ack,GET /api/v1/sync/changes; POST /api/v1/sync/bootstrap; POST /api/v1/sync/ack,—,OrganizerController.GET_api_v1_sync_changes; OrganizerController.POST_api_v1_sync_bootstrap; OrganizerController.POST_api_v1_sync_ack,SCR-026 Редактор recurrence; SCR-027 Scope изменения серии,FLOW-010 Повторяющаяся задача; FLOW-011 Изменить один occurrence; FLOW-012 Изменить future/all series,,Desktop/resilience,High,OpenAPI `GET_api_v1_recurrence_series_id`; Stage_3_Field_Traceability_Final_3.5.csv; cross-cutting requirement SYNC-007
AC-2497,AC,MOD-007,Повторяющиеся задачи,Command outage behavior for FR-056,GET_api_v1_sync_changes; POST_api_v1_sync_bootstrap; POST_api_v1_sync_ack,GET /api/v1/sync/changes; POST /api/v1/sync/bootstrap; POST /api/v1/sync/ack,—,OrganizerController.GET_api_v1_sync_changes; OrganizerController.POST_api_v1_sync_bootstrap; OrganizerController.POST_api_v1_sync_ack,SCR-026 Редактор recurrence; SCR-027 Scope изменения серии,FLOW-010 Повторяющаяся задача; FLOW-011 Изменить один occurrence; FLOW-012 Изменить future/all series,,Desktop/resilience,High,OpenAPI `PATCH_api_v1_recurrence_series_id`; Stage_3_Field_Traceability_Final_3.5.csv; cross-cutting requirement SYNC-007
AC-2498,AC,MOD-007,Повторяющиеся задачи,Command outage behavior for FR-057,GET_api_v1_sync_changes; POST_api_v1_sync_bootstrap; POST_api_v1_sync_ack,GET /api/v1/sync/changes; POST /api/v1/sync/bootstrap; POST /api/v1/sync/ack,—,OrganizerController.GET_api_v1_sync_changes; OrganizerController.POST_api_v1_sync_bootstrap; OrganizerController.POST_api_v1_sync_ack,SCR-026 Редактор recurrence; SCR-027 Scope изменения серии,FLOW-010 Повторяющаяся задача; FLOW-011 Изменить один occurrence; FLOW-012 Изменить future/all series,,Desktop/resilience,High,OpenAPI `POST_api_v1_recurrence_series_id_apply_change`; Stage_3_Field_Traceability_Final_3.5.csv; cross-cutting requirement SYNC-007
AC-2499,AC,MOD-007,Повторяющиеся задачи,Command outage behavior for FR-058,GET_api_v1_sync_changes; POST_api_v1_sync_bootstrap; POST_api_v1_sync_ack,GET /api/v1/sync/changes; POST /api/v1/sync/bootstrap; POST /api/v1/sync/ack,—,OrganizerController.GET_api_v1_sync_changes; OrganizerController.POST_api_v1_sync_bootstrap; OrganizerController.POST_api_v1_sync_ack,SCR-026 Редактор recurrence; SCR-027 Scope изменения серии,FLOW-010 Повторяющаяся задача; FLOW-011 Изменить один occurrence; FLOW-012 Изменить future/all series,,Desktop/resilience,High,OpenAPI `POST_api_v1_recurrence_series_id_generate`; Stage_3_Field_Traceability_Final_3.5.csv; cross-cutting requirement SYNC-007
AC-2500,AC,MOD-007,Повторяющиеся задачи,Command outage behavior for FR-059,GET_api_v1_sync_changes; POST_api_v1_sync_bootstrap; POST_api_v1_sync_ack,GET /api/v1/sync/changes; POST /api/v1/sync/bootstrap; POST /api/v1/sync/ack,—,OrganizerController.GET_api_v1_sync_changes; OrganizerController.POST_api_v1_sync_bootstrap; OrganizerController.POST_api_v1_sync_ack,SCR-026 Редактор recurrence; SCR-027 Scope изменения серии,FLOW-010 Повторяющаяся задача; FLOW-011 Изменить один occurrence; FLOW-012 Изменить future/all series,,Desktop/resilience,High,OpenAPI `POST_api_v1_recurrence_series_id_preview`; Stage_3_Field_Traceability_Final_3.5.csv; cross-cutting requirement SYNC-007
AC-2501,AC,MOD-007,Повторяющиеся задачи,Command outage behavior for FR-060,GET_api_v1_sync_changes; POST_api_v1_sync_bootstrap; POST_api_v1_sync_ack,GET /api/v1/sync/changes; POST /api/v1/sync/bootstrap; POST /api/v1/sync/ack,—,OrganizerController.GET_api_v1_sync_changes; OrganizerController.POST_api_v1_sync_bootstrap; OrganizerController.POST_api_v1_sync_ack,SCR-026 Редактор recurrence; SCR-027 Scope изменения серии,FLOW-010 Повторяющаяся задача; FLOW-011 Изменить один occurrence; FLOW-012 Изменить future/all series,,Desktop/resilience,High,OpenAPI `POST_api_v1_recurrence_series_id_resume`; Stage_3_Field_Traceability_Final_3.5.csv; cross-cutting requirement SYNC-007
AC-2502,AC,MOD-007,Повторяющиеся задачи,Command outage behavior for FR-061,GET_api_v1_sync_changes; POST_api_v1_sync_bootstrap; POST_api_v1_sync_ack,GET /api/v1/sync/changes; POST /api/v1/sync/bootstrap; POST /api/v1/sync/ack,—,OrganizerController.GET_api_v1_sync_changes; OrganizerController.POST_api_v1_sync_bootstrap; OrganizerController.POST_api_v1_sync_ack,SCR-026 Редактор recurrence; SCR-027 Scope изменения серии,FLOW-010 Повторяющаяся задача; FLOW-011 Изменить один occurrence; FLOW-012 Изменить future/all series,,Desktop/resilience,High,OpenAPI `POST_api_v1_recurrence_series_id_skip_occurrenceKey`; Stage_3_Field_Traceability_Final_3.5.csv; cross-cutting requirement SYNC-007
AC-2503,AC,MOD-007,Повторяющиеся задачи,Read outage behavior for FR-252,GET_api_v1_sync_changes; POST_api_v1_sync_bootstrap; POST_api_v1_sync_ack,GET /api/v1/sync/changes; POST /api/v1/sync/bootstrap; POST /api/v1/sync/ack,—,OrganizerController.GET_api_v1_sync_changes; OrganizerController.POST_api_v1_sync_bootstrap; OrganizerController.POST_api_v1_sync_ack,SCR-026 Редактор recurrence; SCR-027 Scope изменения серии,FLOW-010 Повторяющаяся задача; FLOW-011 Изменить один occurrence; FLOW-012 Изменить future/all series,,Desktop/resilience,High,Stage 3.5 UX Architecture/Decision Log; cross-cutting requirement SYNC-007
AC-2752,AC,MOD-007,Повторяющиеся задачи,Audit evidence for FR-053,— (domain command + audit/history endpoints),—,—,— (domain handlers + audit pipeline),SCR-026 Редактор recurrence; SCR-027 Scope изменения серии,FLOW-010 Повторяющаяся задача; FLOW-011 Изменить один occurrence; FLOW-012 Изменить future/all series,,Audit/security,Critical,OpenAPI `POST_api_v1_recurrence_series`; Stage_3_Field_Traceability_Final_3.5.csv; cross-cutting requirement AUDIT-007
AC-2753,AC,MOD-007,Повторяющиеся задачи,Audit evidence for FR-054,— (domain command + audit/history endpoints),—,—,— (domain handlers + audit pipeline),SCR-026 Редактор recurrence; SCR-027 Scope изменения серии,FLOW-010 Повторяющаяся задача; FLOW-011 Изменить один occurrence; FLOW-012 Изменить future/all series,,Audit/security,Critical,OpenAPI `DELETE_api_v1_recurrence_series_id`; Stage_3_Field_Traceability_Final_3.5.csv; cross-cutting requirement AUDIT-007
AC-2754,AC,MOD-007,Повторяющиеся задачи,Audit evidence for FR-055,— (domain command + audit/history endpoints),—,—,— (domain handlers + audit pipeline),SCR-026 Редактор recurrence; SCR-027 Scope изменения серии,FLOW-010 Повторяющаяся задача; FLOW-011 Изменить один occurrence; FLOW-012 Изменить future/all series,,Audit/security,Critical,OpenAPI `GET_api_v1_recurrence_series_id`; Stage_3_Field_Traceability_Final_3.5.csv; cross-cutting requirement AUDIT-007
AC-2755,AC,MOD-007,Повторяющиеся задачи,Audit evidence for FR-056,— (domain command + audit/history endpoints),—,—,— (domain handlers + audit pipeline),SCR-026 Редактор recurrence; SCR-027 Scope изменения серии,FLOW-010 Повторяющаяся задача; FLOW-011 Изменить один occurrence; FLOW-012 Изменить future/all series,,Audit/security,Critical,OpenAPI `PATCH_api_v1_recurrence_series_id`; Stage_3_Field_Traceability_Final_3.5.csv; cross-cutting requirement AUDIT-007
AC-2756,AC,MOD-007,Повторяющиеся задачи,Audit evidence for FR-057,— (domain command + audit/history endpoints),—,—,— (domain handlers + audit pipeline),SCR-026 Редактор recurrence; SCR-027 Scope изменения серии,FLOW-010 Повторяющаяся задача; FLOW-011 Изменить один occurrence; FLOW-012 Изменить future/all series,,Audit/security,Critical,OpenAPI `POST_api_v1_recurrence_series_id_apply_change`; Stage_3_Field_Traceability_Final_3.5.csv; cross-cutting requirement AUDIT-007
AC-2757,AC,MOD-007,Повторяющиеся задачи,Audit evidence for FR-058,— (domain command + audit/history endpoints),—,—,— (domain handlers + audit pipeline),SCR-026 Редактор recurrence; SCR-027 Scope изменения серии,FLOW-010 Повторяющаяся задача; FLOW-011 Изменить один occurrence; FLOW-012 Изменить future/all series,,Audit/security,Critical,OpenAPI `POST_api_v1_recurrence_series_id_generate`; Stage_3_Field_Traceability_Final_3.5.csv; cross-cutting requirement AUDIT-007
AC-2758,AC,MOD-007,Повторяющиеся задачи,Audit evidence for FR-059,— (domain command + audit/history endpoints),—,—,— (domain handlers + audit pipeline),SCR-026 Редактор recurrence; SCR-027 Scope изменения серии,FLOW-010 Повторяющаяся задача; FLOW-011 Изменить один occurrence; FLOW-012 Изменить future/all series,,Audit/security,Critical,OpenAPI `POST_api_v1_recurrence_series_id_preview`; Stage_3_Field_Traceability_Final_3.5.csv; cross-cutting requirement AUDIT-007
AC-2759,AC,MOD-007,Повторяющиеся задачи,Audit evidence for FR-060,— (domain command + audit/history endpoints),—,—,— (domain handlers + audit pipeline),SCR-026 Редактор recurrence; SCR-027 Scope изменения серии,FLOW-010 Повторяющаяся задача; FLOW-011 Изменить один occurrence; FLOW-012 Изменить future/all series,,Audit/security,Critical,OpenAPI `POST_api_v1_recurrence_series_id_resume`; Stage_3_Field_Traceability_Final_3.5.csv; cross-cutting requirement AUDIT-007
AC-2760,AC,MOD-007,Повторяющиеся задачи,Audit evidence for FR-061,— (domain command + audit/history endpoints),—,—,— (domain handlers + audit pipeline),SCR-026 Редактор recurrence; SCR-027 Scope изменения серии,FLOW-010 Повторяющаяся задача; FLOW-011 Изменить один occurrence; FLOW-012 Изменить future/all series,,Audit/security,Critical,OpenAPI `POST_api_v1_recurrence_series_id_skip_occurrenceKey`; Stage_3_Field_Traceability_Final_3.5.csv; cross-cutting requirement AUDIT-007
AC-2761,AC,MOD-007,Повторяющиеся задачи,Audit evidence for FR-252,— (domain command + audit/history endpoints),—,—,— (domain handlers + audit pipeline),SCR-026 Редактор recurrence; SCR-027 Scope изменения серии,FLOW-010 Повторяющаяся задача; FLOW-011 Изменить один occurrence; FLOW-012 Изменить future/all series,,Audit/security,Critical,Stage 3.5 UX Architecture/Decision Log; cross-cutting requirement AUDIT-007
AC-044,AC,MOD-008,Напоминания,Проверить бизнес-правило: Напоминание имеет ровно один trigger mode.,—,—,—,—,SCR-028 Напоминания,FLOW-021 Snooze reminder,,Integration/domain,High,"§17, §27.1.19–21; Stage 3.5"
AC-045,AC,MOD-008,Напоминания,"Проверить бизнес-правило: Snooze меняет время reminder, но не расписание Task/Event.",—,—,—,—,SCR-028 Напоминания,FLOW-021 Snooze reminder,,Integration/domain,High,"§17, §27.1.19–21; Stage 3.5"
AC-046,AC,MOD-008,Напоминания,Проверить бизнес-правило: Повторное срабатывание дедуплицируется сервером.,—,—,—,—,SCR-028 Напоминания,FLOW-021 Snooze reminder,,Integration/domain,High,"§17, §27.1.19–21; Stage 3.5"
AC-425,AC,MOD-008,Напоминания,Happy path: Список напоминание,GET_api_v1_reminders,GET /api/v1/reminders,Reminder.ManageOwn,OrganizerController.GET_api_v1_reminders,SCR-028 Напоминания,FLOW-021 Snooze reminder,,Contract/integration,High,OpenAPI `GET_api_v1_reminders`; Stage_3_Field_Traceability_Final_3.5.csv
AC-426,AC,MOD-008,Напоминания,[Forbidden (Stage 3.5 State Matrix)/ObjectUnavailable (Stage 3.5 State Matrix)] Permission denied: Список напоминание не выполняется и данные не раскрываются,GET_api_v1_reminders,GET /api/v1/reminders,Reminder.ManageOwn,OrganizerController.GET_api_v1_reminders,SCR-028 Напоминания,FLOW-021 Snooze reminder,,Security/authorization,Critical,OpenAPI `GET_api_v1_reminders`; Stage_3_Field_Traceability_Final_3.5.csv
AC-427,AC,MOD-008,Напоминания,[Authentication/session error handling (Stage 3.5 error/UI rule)/Authentication/session error handling (Stage 3.5 error/UI rule)/Device-revocation error handling (Stage 3.5 error/UI rule)] Session/device interruption: операция прекращается без сохранения неподтверждённого состояния,GET_api_v1_reminders,GET /api/v1/reminders,Reminder.ManageOwn,OrganizerController.GET_api_v1_reminders,SCR-028 Напоминания,FLOW-021 Snooze reminder,,Security/session,Critical,OpenAPI `GET_api_v1_reminders`; Stage_3_Field_Traceability_Final_3.5.csv
AC-428,AC,MOD-008,Напоминания,Happy path: Создать напоминание,POST_api_v1_reminders,POST /api/v1/reminders,Reminder.ManageOwn,OrganizerController.POST_api_v1_reminders,SCR-028 Напоминания,FLOW-021 Snooze reminder,,Contract/integration,Critical,OpenAPI `POST_api_v1_reminders`; Stage_3_Field_Traceability_Final_3.5.csv
AC-429,AC,MOD-008,Напоминания,[Forbidden (Stage 3.5 State Matrix)/ObjectUnavailable (Stage 3.5 State Matrix)] Permission denied: Создать напоминание не выполняется и данные не раскрываются,POST_api_v1_reminders,POST /api/v1/reminders,Reminder.ManageOwn,OrganizerController.POST_api_v1_reminders,SCR-028 Напоминания,FLOW-021 Snooze reminder,,Security/authorization,Critical,OpenAPI `POST_api_v1_reminders`; Stage_3_Field_Traceability_Final_3.5.csv
AC-430,AC,MOD-008,Напоминания,[Authentication/session error handling (Stage 3.5 error/UI rule)/Authentication/session error handling (Stage 3.5 error/UI rule)/Device-revocation error handling (Stage 3.5 error/UI rule)] Session/device interruption: операция прекращается без сохранения неподтверждённого состояния,POST_api_v1_reminders,POST /api/v1/reminders,Reminder.ManageOwn,OrganizerController.POST_api_v1_reminders,SCR-028 Напоминания,FLOW-021 Snooze reminder,,Security/session,Critical,OpenAPI `POST_api_v1_reminders`; Stage_3_Field_Traceability_Final_3.5.csv
AC-431,AC,MOD-008,Напоминания,[STATE-007] Validation: fieldErrors сохраняют draft и привязываются к canonical field path,POST_api_v1_reminders,POST /api/v1/reminders,Reminder.ManageOwn,OrganizerController.POST_api_v1_reminders,SCR-028 Напоминания,FLOW-021 Snooze reminder,,Contract/UI,High,OpenAPI `POST_api_v1_reminders`; Stage_3_Field_Traceability_Final_3.5.csv
AC-432,AC,MOD-008,Напоминания,[STATE-014/STATE-025] Conflict/precondition: устаревшая или отсутствующая контрактная версия/precondition не приводит к overwrite,POST_api_v1_reminders,POST /api/v1/reminders,Reminder.ManageOwn,OrganizerController.POST_api_v1_reminders,SCR-028 Напоминания,FLOW-021 Snooze reminder,,Concurrency/integration,Critical,OpenAPI `POST_api_v1_reminders`; Stage_3_Field_Traceability_Final_3.5.csv
AC-433,AC,MOD-008,Напоминания,[ServerUnavailable (Stage 3.5 State Matrix)/ServerUnavailable (cached read-only presentation) (Stage 3.5 State Matrix)/Reconnecting (Stage 3.5 State Matrix)] Server unavailable/read-only: команда Создать напоминание не ставится в offline queue,POST_api_v1_reminders,POST /api/v1/reminders,Reminder.ManageOwn,OrganizerController.POST_api_v1_reminders,SCR-028 Напоминания,FLOW-021 Snooze reminder,,Desktop/resilience,Critical,OpenAPI `POST_api_v1_reminders`; Stage_3_Field_Traceability_Final_3.5.csv
AC-434,AC,MOD-008,Напоминания,[Stable-error-specific recovery (Stage 3.5 error/UI rule)] Idempotency: повтор с тем же key/hash не создаёт двойной side effect,POST_api_v1_reminders,POST /api/v1/reminders,Reminder.ManageOwn,OrganizerController.POST_api_v1_reminders,SCR-028 Напоминания,FLOW-021 Snooze reminder,,Integration,Critical,OpenAPI `POST_api_v1_reminders`; Stage_3_Field_Traceability_Final_3.5.csv
AC-435,AC,MOD-008,Напоминания,Happy path: Ближайшие напоминания,GET_api_v1_reminders_upcoming,GET /api/v1/reminders/upcoming,Reminder.ManageOwn,OrganizerController.GET_api_v1_reminders_upcoming,SCR-028 Напоминания,FLOW-021 Snooze reminder,,Contract/integration,High,OpenAPI `GET_api_v1_reminders_upcoming`; Stage_3_Field_Traceability_Final_3.5.csv
AC-436,AC,MOD-008,Напоминания,[Forbidden (Stage 3.5 State Matrix)/ObjectUnavailable (Stage 3.5 State Matrix)] Permission denied: Ближайшие напоминания не выполняется и данные не раскрываются,GET_api_v1_reminders_upcoming,GET /api/v1/reminders/upcoming,Reminder.ManageOwn,OrganizerController.GET_api_v1_reminders_upcoming,SCR-028 Напоминания,FLOW-021 Snooze reminder,,Security/authorization,Critical,OpenAPI `GET_api_v1_reminders_upcoming`; Stage_3_Field_Traceability_Final_3.5.csv
AC-437,AC,MOD-008,Напоминания,[Authentication/session error handling (Stage 3.5 error/UI rule)/Authentication/session error handling (Stage 3.5 error/UI rule)/Device-revocation error handling (Stage 3.5 error/UI rule)] Session/device interruption: операция прекращается без сохранения неподтверждённого состояния,GET_api_v1_reminders_upcoming,GET /api/v1/reminders/upcoming,Reminder.ManageOwn,OrganizerController.GET_api_v1_reminders_upcoming,SCR-028 Напоминания,FLOW-021 Snooze reminder,,Security/session,Critical,OpenAPI `GET_api_v1_reminders_upcoming`; Stage_3_Field_Traceability_Final_3.5.csv
AC-438,AC,MOD-008,Напоминания,Happy path: Отменить напоминание,DELETE_api_v1_reminders_id,DELETE /api/v1/reminders/{id},Reminder.ManageOwn,OrganizerController.DELETE_api_v1_reminders_id,SCR-028 Напоминания,FLOW-021 Snooze reminder,,Contract/integration,Critical,OpenAPI `DELETE_api_v1_reminders_id`; Stage_3_Field_Traceability_Final_3.5.csv
AC-439,AC,MOD-008,Напоминания,[Forbidden (Stage 3.5 State Matrix)/ObjectUnavailable (Stage 3.5 State Matrix)] Permission denied: Отменить напоминание не выполняется и данные не раскрываются,DELETE_api_v1_reminders_id,DELETE /api/v1/reminders/{id},Reminder.ManageOwn,OrganizerController.DELETE_api_v1_reminders_id,SCR-028 Напоминания,FLOW-021 Snooze reminder,,Security/authorization,Critical,OpenAPI `DELETE_api_v1_reminders_id`; Stage_3_Field_Traceability_Final_3.5.csv
AC-440,AC,MOD-008,Напоминания,[Authentication/session error handling (Stage 3.5 error/UI rule)/Authentication/session error handling (Stage 3.5 error/UI rule)/Device-revocation error handling (Stage 3.5 error/UI rule)] Session/device interruption: операция прекращается без сохранения неподтверждённого состояния,DELETE_api_v1_reminders_id,DELETE /api/v1/reminders/{id},Reminder.ManageOwn,OrganizerController.DELETE_api_v1_reminders_id,SCR-028 Напоминания,FLOW-021 Snooze reminder,,Security/session,Critical,OpenAPI `DELETE_api_v1_reminders_id`; Stage_3_Field_Traceability_Final_3.5.csv
AC-441,AC,MOD-008,Напоминания,[STATE-014/STATE-025] Conflict/precondition: устаревшая или отсутствующая If-Match не приводит к overwrite,DELETE_api_v1_reminders_id,DELETE /api/v1/reminders/{id},Reminder.ManageOwn,OrganizerController.DELETE_api_v1_reminders_id,SCR-028 Напоминания,FLOW-021 Snooze reminder,,Concurrency/integration,Critical,OpenAPI `DELETE_api_v1_reminders_id`; Stage_3_Field_Traceability_Final_3.5.csv
AC-442,AC,MOD-008,Напоминания,[ServerUnavailable (Stage 3.5 State Matrix)/ServerUnavailable (cached read-only presentation) (Stage 3.5 State Matrix)/Reconnecting (Stage 3.5 State Matrix)] Server unavailable/read-only: команда Отменить напоминание не ставится в offline queue,DELETE_api_v1_reminders_id,DELETE /api/v1/reminders/{id},Reminder.ManageOwn,OrganizerController.DELETE_api_v1_reminders_id,SCR-028 Напоминания,FLOW-021 Snooze reminder,,Desktop/resilience,Critical,OpenAPI `DELETE_api_v1_reminders_id`; Stage_3_Field_Traceability_Final_3.5.csv
AC-443,AC,MOD-008,Напоминания,Happy path: Получить напоминание,GET_api_v1_reminders_id,GET /api/v1/reminders/{id},Reminder.ManageOwn,OrganizerController.GET_api_v1_reminders_id,SCR-028 Напоминания,FLOW-021 Snooze reminder,,Contract/integration,High,OpenAPI `GET_api_v1_reminders_id`; Stage_3_Field_Traceability_Final_3.5.csv
AC-444,AC,MOD-008,Напоминания,[Forbidden (Stage 3.5 State Matrix)/ObjectUnavailable (Stage 3.5 State Matrix)] Permission denied: Получить напоминание не выполняется и данные не раскрываются,GET_api_v1_reminders_id,GET /api/v1/reminders/{id},Reminder.ManageOwn,OrganizerController.GET_api_v1_reminders_id,SCR-028 Напоминания,FLOW-021 Snooze reminder,,Security/authorization,Critical,OpenAPI `GET_api_v1_reminders_id`; Stage_3_Field_Traceability_Final_3.5.csv
AC-445,AC,MOD-008,Напоминания,[Authentication/session error handling (Stage 3.5 error/UI rule)/Authentication/session error handling (Stage 3.5 error/UI rule)/Device-revocation error handling (Stage 3.5 error/UI rule)] Session/device interruption: операция прекращается без сохранения неподтверждённого состояния,GET_api_v1_reminders_id,GET /api/v1/reminders/{id},Reminder.ManageOwn,OrganizerController.GET_api_v1_reminders_id,SCR-028 Напоминания,FLOW-021 Snooze reminder,,Security/session,Critical,OpenAPI `GET_api_v1_reminders_id`; Stage_3_Field_Traceability_Final_3.5.csv
AC-446,AC,MOD-008,Напоминания,Happy path: Изменить напоминание,PATCH_api_v1_reminders_id,PATCH /api/v1/reminders/{id},Reminder.ManageOwn,OrganizerController.PATCH_api_v1_reminders_id,SCR-028 Напоминания,FLOW-021 Snooze reminder,,Contract/integration,Critical,OpenAPI `PATCH_api_v1_reminders_id`; Stage_3_Field_Traceability_Final_3.5.csv
AC-447,AC,MOD-008,Напоминания,[Forbidden (Stage 3.5 State Matrix)/ObjectUnavailable (Stage 3.5 State Matrix)] Permission denied: Изменить напоминание не выполняется и данные не раскрываются,PATCH_api_v1_reminders_id,PATCH /api/v1/reminders/{id},Reminder.ManageOwn,OrganizerController.PATCH_api_v1_reminders_id,SCR-028 Напоминания,FLOW-021 Snooze reminder,,Security/authorization,Critical,OpenAPI `PATCH_api_v1_reminders_id`; Stage_3_Field_Traceability_Final_3.5.csv
AC-448,AC,MOD-008,Напоминания,[Authentication/session error handling (Stage 3.5 error/UI rule)/Authentication/session error handling (Stage 3.5 error/UI rule)/Device-revocation error handling (Stage 3.5 error/UI rule)] Session/device interruption: операция прекращается без сохранения неподтверждённого состояния,PATCH_api_v1_reminders_id,PATCH /api/v1/reminders/{id},Reminder.ManageOwn,OrganizerController.PATCH_api_v1_reminders_id,SCR-028 Напоминания,FLOW-021 Snooze reminder,,Security/session,Critical,OpenAPI `PATCH_api_v1_reminders_id`; Stage_3_Field_Traceability_Final_3.5.csv
AC-449,AC,MOD-008,Напоминания,[STATE-007] Validation: fieldErrors сохраняют draft и привязываются к canonical field path,PATCH_api_v1_reminders_id,PATCH /api/v1/reminders/{id},Reminder.ManageOwn,OrganizerController.PATCH_api_v1_reminders_id,SCR-028 Напоминания,FLOW-021 Snooze reminder,,Contract/UI,High,OpenAPI `PATCH_api_v1_reminders_id`; Stage_3_Field_Traceability_Final_3.5.csv
AC-450,AC,MOD-008,Напоминания,[STATE-014/STATE-025] Conflict/precondition: устаревшая или отсутствующая If-Match не приводит к overwrite,PATCH_api_v1_reminders_id,PATCH /api/v1/reminders/{id},Reminder.ManageOwn,OrganizerController.PATCH_api_v1_reminders_id,SCR-028 Напоминания,FLOW-021 Snooze reminder,,Concurrency/integration,Critical,OpenAPI `PATCH_api_v1_reminders_id`; Stage_3_Field_Traceability_Final_3.5.csv
AC-451,AC,MOD-008,Напоминания,[ServerUnavailable (Stage 3.5 State Matrix)/ServerUnavailable (cached read-only presentation) (Stage 3.5 State Matrix)/Reconnecting (Stage 3.5 State Matrix)] Server unavailable/read-only: команда Изменить напоминание не ставится в offline queue,PATCH_api_v1_reminders_id,PATCH /api/v1/reminders/{id},Reminder.ManageOwn,OrganizerController.PATCH_api_v1_reminders_id,SCR-028 Напоминания,FLOW-021 Snooze reminder,,Desktop/resilience,Critical,OpenAPI `PATCH_api_v1_reminders_id`; Stage_3_Field_Traceability_Final_3.5.csv
AC-452,AC,MOD-008,Напоминания,Happy path: Закрыть срабатывание,POST_api_v1_reminders_id_dismiss,POST /api/v1/reminders/{id}/dismiss,Reminder.ManageOwn,OrganizerController.POST_api_v1_reminders_id_dismiss,SCR-028 Напоминания,FLOW-021 Snooze reminder,,Contract/integration,Critical,OpenAPI `POST_api_v1_reminders_id_dismiss`; Stage_3_Field_Traceability_Final_3.5.csv
AC-453,AC,MOD-008,Напоминания,[Forbidden (Stage 3.5 State Matrix)/ObjectUnavailable (Stage 3.5 State Matrix)] Permission denied: Закрыть срабатывание не выполняется и данные не раскрываются,POST_api_v1_reminders_id_dismiss,POST /api/v1/reminders/{id}/dismiss,Reminder.ManageOwn,OrganizerController.POST_api_v1_reminders_id_dismiss,SCR-028 Напоминания,FLOW-021 Snooze reminder,,Security/authorization,Critical,OpenAPI `POST_api_v1_reminders_id_dismiss`; Stage_3_Field_Traceability_Final_3.5.csv
AC-454,AC,MOD-008,Напоминания,[Authentication/session error handling (Stage 3.5 error/UI rule)/Authentication/session error handling (Stage 3.5 error/UI rule)/Device-revocation error handling (Stage 3.5 error/UI rule)] Session/device interruption: операция прекращается без сохранения неподтверждённого состояния,POST_api_v1_reminders_id_dismiss,POST /api/v1/reminders/{id}/dismiss,Reminder.ManageOwn,OrganizerController.POST_api_v1_reminders_id_dismiss,SCR-028 Напоминания,FLOW-021 Snooze reminder,,Security/session,Critical,OpenAPI `POST_api_v1_reminders_id_dismiss`; Stage_3_Field_Traceability_Final_3.5.csv
AC-455,AC,MOD-008,Напоминания,[STATE-014/STATE-025] Conflict/precondition: устаревшая или отсутствующая If-Match не приводит к overwrite,POST_api_v1_reminders_id_dismiss,POST /api/v1/reminders/{id}/dismiss,Reminder.ManageOwn,OrganizerController.POST_api_v1_reminders_id_dismiss,SCR-028 Напоминания,FLOW-021 Snooze reminder,,Concurrency/integration,Critical,OpenAPI `POST_api_v1_reminders_id_dismiss`; Stage_3_Field_Traceability_Final_3.5.csv
AC-456,AC,MOD-008,Напоминания,[ServerUnavailable (Stage 3.5 State Matrix)/ServerUnavailable (cached read-only presentation) (Stage 3.5 State Matrix)/Reconnecting (Stage 3.5 State Matrix)] Server unavailable/read-only: команда Закрыть срабатывание не ставится в offline queue,POST_api_v1_reminders_id_dismiss,POST /api/v1/reminders/{id}/dismiss,Reminder.ManageOwn,OrganizerController.POST_api_v1_reminders_id_dismiss,SCR-028 Напоминания,FLOW-021 Snooze reminder,,Desktop/resilience,Critical,OpenAPI `POST_api_v1_reminders_id_dismiss`; Stage_3_Field_Traceability_Final_3.5.csv
AC-457,AC,MOD-008,Напоминания,Happy path: Перепланировать отменённое напоминание,POST_api_v1_reminders_id_reschedule,POST /api/v1/reminders/{id}/reschedule,Reminder.ManageOwn,OrganizerController.POST_api_v1_reminders_id_reschedule,SCR-028 Напоминания,FLOW-021 Snooze reminder,,Contract/integration,Critical,OpenAPI `POST_api_v1_reminders_id_reschedule`; Stage_3_Field_Traceability_Final_3.5.csv
AC-458,AC,MOD-008,Напоминания,[Forbidden (Stage 3.5 State Matrix)/ObjectUnavailable (Stage 3.5 State Matrix)] Permission denied: Перепланировать отменённое напоминание не выполняется и данные не раскрываются,POST_api_v1_reminders_id_reschedule,POST /api/v1/reminders/{id}/reschedule,Reminder.ManageOwn,OrganizerController.POST_api_v1_reminders_id_reschedule,SCR-028 Напоминания,FLOW-021 Snooze reminder,,Security/authorization,Critical,OpenAPI `POST_api_v1_reminders_id_reschedule`; Stage_3_Field_Traceability_Final_3.5.csv
AC-459,AC,MOD-008,Напоминания,[Authentication/session error handling (Stage 3.5 error/UI rule)/Authentication/session error handling (Stage 3.5 error/UI rule)/Device-revocation error handling (Stage 3.5 error/UI rule)] Session/device interruption: операция прекращается без сохранения неподтверждённого состояния,POST_api_v1_reminders_id_reschedule,POST /api/v1/reminders/{id}/reschedule,Reminder.ManageOwn,OrganizerController.POST_api_v1_reminders_id_reschedule,SCR-028 Напоминания,FLOW-021 Snooze reminder,,Security/session,Critical,OpenAPI `POST_api_v1_reminders_id_reschedule`; Stage_3_Field_Traceability_Final_3.5.csv
AC-460,AC,MOD-008,Напоминания,[STATE-007] Validation: fieldErrors сохраняют draft и привязываются к canonical field path,POST_api_v1_reminders_id_reschedule,POST /api/v1/reminders/{id}/reschedule,Reminder.ManageOwn,OrganizerController.POST_api_v1_reminders_id_reschedule,SCR-028 Напоминания,FLOW-021 Snooze reminder,,Contract/UI,High,OpenAPI `POST_api_v1_reminders_id_reschedule`; Stage_3_Field_Traceability_Final_3.5.csv
AC-461,AC,MOD-008,Напоминания,[STATE-014/STATE-025] Conflict/precondition: устаревшая или отсутствующая If-Match не приводит к overwrite,POST_api_v1_reminders_id_reschedule,POST /api/v1/reminders/{id}/reschedule,Reminder.ManageOwn,OrganizerController.POST_api_v1_reminders_id_reschedule,SCR-028 Напоминания,FLOW-021 Snooze reminder,,Concurrency/integration,Critical,OpenAPI `POST_api_v1_reminders_id_reschedule`; Stage_3_Field_Traceability_Final_3.5.csv
AC-462,AC,MOD-008,Напоминания,[ServerUnavailable (Stage 3.5 State Matrix)/ServerUnavailable (cached read-only presentation) (Stage 3.5 State Matrix)/Reconnecting (Stage 3.5 State Matrix)] Server unavailable/read-only: команда Перепланировать отменённое напоминание не ставится в offline queue,POST_api_v1_reminders_id_reschedule,POST /api/v1/reminders/{id}/reschedule,Reminder.ManageOwn,OrganizerController.POST_api_v1_reminders_id_reschedule,SCR-028 Напоминания,FLOW-021 Snooze reminder,,Desktop/resilience,Critical,OpenAPI `POST_api_v1_reminders_id_reschedule`; Stage_3_Field_Traceability_Final_3.5.csv
AC-463,AC,MOD-008,Напоминания,[Stable-error-specific recovery (Stage 3.5 error/UI rule)] Idempotency: повтор с тем же key/hash не создаёт двойной side effect,POST_api_v1_reminders_id_reschedule,POST /api/v1/reminders/{id}/reschedule,Reminder.ManageOwn,OrganizerController.POST_api_v1_reminders_id_reschedule,SCR-028 Напоминания,FLOW-021 Snooze reminder,,Integration,Critical,OpenAPI `POST_api_v1_reminders_id_reschedule`; Stage_3_Field_Traceability_Final_3.5.csv
AC-464,AC,MOD-008,Напоминания,Happy path: Отложить напоминание,POST_api_v1_reminders_id_snooze,POST /api/v1/reminders/{id}/snooze,Reminder.ManageOwn,OrganizerController.POST_api_v1_reminders_id_snooze,SCR-028 Напоминания,FLOW-021 Snooze reminder,,Contract/integration,Critical,OpenAPI `POST_api_v1_reminders_id_snooze`; Stage_3_Field_Traceability_Final_3.5.csv
AC-465,AC,MOD-008,Напоминания,[Forbidden (Stage 3.5 State Matrix)/ObjectUnavailable (Stage 3.5 State Matrix)] Permission denied: Отложить напоминание не выполняется и данные не раскрываются,POST_api_v1_reminders_id_snooze,POST /api/v1/reminders/{id}/snooze,Reminder.ManageOwn,OrganizerController.POST_api_v1_reminders_id_snooze,SCR-028 Напоминания,FLOW-021 Snooze reminder,,Security/authorization,Critical,OpenAPI `POST_api_v1_reminders_id_snooze`; Stage_3_Field_Traceability_Final_3.5.csv
AC-466,AC,MOD-008,Напоминания,[Authentication/session error handling (Stage 3.5 error/UI rule)/Authentication/session error handling (Stage 3.5 error/UI rule)/Device-revocation error handling (Stage 3.5 error/UI rule)] Session/device interruption: операция прекращается без сохранения неподтверждённого состояния,POST_api_v1_reminders_id_snooze,POST /api/v1/reminders/{id}/snooze,Reminder.ManageOwn,OrganizerController.POST_api_v1_reminders_id_snooze,SCR-028 Напоминания,FLOW-021 Snooze reminder,,Security/session,Critical,OpenAPI `POST_api_v1_reminders_id_snooze`; Stage_3_Field_Traceability_Final_3.5.csv
AC-467,AC,MOD-008,Напоминания,[STATE-007] Validation: fieldErrors сохраняют draft и привязываются к canonical field path,POST_api_v1_reminders_id_snooze,POST /api/v1/reminders/{id}/snooze,Reminder.ManageOwn,OrganizerController.POST_api_v1_reminders_id_snooze,SCR-028 Напоминания,FLOW-021 Snooze reminder,,Contract/UI,High,OpenAPI `POST_api_v1_reminders_id_snooze`; Stage_3_Field_Traceability_Final_3.5.csv
AC-468,AC,MOD-008,Напоминания,[STATE-014/STATE-025] Conflict/precondition: устаревшая или отсутствующая If-Match не приводит к overwrite,POST_api_v1_reminders_id_snooze,POST /api/v1/reminders/{id}/snooze,Reminder.ManageOwn,OrganizerController.POST_api_v1_reminders_id_snooze,SCR-028 Напоминания,FLOW-021 Snooze reminder,,Concurrency/integration,Critical,OpenAPI `POST_api_v1_reminders_id_snooze`; Stage_3_Field_Traceability_Final_3.5.csv
AC-469,AC,MOD-008,Напоминания,[ServerUnavailable (Stage 3.5 State Matrix)/ServerUnavailable (cached read-only presentation) (Stage 3.5 State Matrix)/Reconnecting (Stage 3.5 State Matrix)] Server unavailable/read-only: команда Отложить напоминание не ставится в offline queue,POST_api_v1_reminders_id_snooze,POST /api/v1/reminders/{id}/snooze,Reminder.ManageOwn,OrganizerController.POST_api_v1_reminders_id_snooze,SCR-028 Напоминания,FLOW-021 Snooze reminder,,Desktop/resilience,Critical,OpenAPI `POST_api_v1_reminders_id_snooze`; Stage_3_Field_Traceability_Final_3.5.csv
AC-470,AC,MOD-008,Напоминания,[Stable-error-specific recovery (Stage 3.5 error/UI rule)] Idempotency: повтор с тем же key/hash не создаёт двойной side effect,POST_api_v1_reminders_id_snooze,POST /api/v1/reminders/{id}/snooze,Reminder.ManageOwn,OrganizerController.POST_api_v1_reminders_id_snooze,SCR-028 Напоминания,FLOW-021 Snooze reminder,,Integration,Critical,OpenAPI `POST_api_v1_reminders_id_snooze`; Stage_3_Field_Traceability_Final_3.5.csv
AC-1416,AC,MOD-008,Напоминания,Desktop behavior: Snooze action должен явно показывать новое время и не менять Task/Event schedule.,"— (Desktop-only, без нового API)","— (Desktop-only, без нового API)",Capability-driven; server recheck для команд,"— (Desktop-only, без нового API)",SCR-028 Напоминания,FLOW-021 Snooze reminder,,Desktop/UI,High,Stage 3.5 UX Architecture
AC-1539,AC,MOD-008,Напоминания,[STATE-007] Field contract: ReminderCreate.status respects type/required/nullable/limits/PATCH semantics,— (операции модуля),—,—,—,SCR-028 Напоминания,FLOW-021 Snooze reminder,,Boundary/contract UI,High,dto_field_catalog.csv:ReminderCreate.status; openapi.yaml operation POST_api_v1_reminders
AC-1540,AC,MOD-008,Напоминания,[STATE-007] Field contract: ReminderPatch.status respects type/required/nullable/limits/PATCH semantics,— (операции модуля),—,—,—,SCR-028 Напоминания,FLOW-021 Snooze reminder,,Boundary/contract UI,High,dto_field_catalog.csv:ReminderPatch.status; openapi.yaml operation PATCH_api_v1_reminders_id
AC-1541,AC,MOD-008,Напоминания,[STATE-007/Trashed (Stage 3.5 State Matrix)] Field contract: RestoreRequest.status respects type/required/nullable/limits/PATCH semantics,— (операции модуля),—,—,—,SCR-028 Напоминания,FLOW-021 Snooze reminder,,Boundary/contract UI,High,dto_field_catalog.csv:Reminder.status; openapi.yaml operation POST_api_v1_reminders_id_reschedule
AC-1542,AC,MOD-008,Напоминания,[STATE-007] Field contract: SnoozeRequest.status respects type/required/nullable/limits/PATCH semantics,— (операции модуля),—,—,—,SCR-028 Напоминания,FLOW-021 Snooze reminder,,Boundary/contract UI,High,dto_field_catalog.csv:ReminderOccurrence.status; openapi.yaml operation POST_api_v1_reminders_id_snooze
AC-1543,AC,MOD-008,Напоминания,[STATE-007] Field contract: —.status respects type/required/nullable/limits/PATCH semantics,— (операции модуля),—,—,—,SCR-028 Напоминания,FLOW-021 Snooze reminder,,Boundary/contract UI,High,dto_field_catalog.csv:Reminder.status; openapi.yaml operation DELETE_api_v1_reminders_id
AC-1544,AC,MOD-008,Напоминания,[STATE-007] Field contract: ReminderCreate.recipientUserId respects type/required/nullable/limits/PATCH semantics,— (операции модуля),—,—,—,SCR-028 Напоминания,FLOW-021 Snooze reminder,,Boundary/contract UI,High,dto_field_catalog.csv:ReminderCreate.recipientUserId; openapi.yaml operation POST_api_v1_reminders
AC-1545,AC,MOD-008,Напоминания,[STATE-007] Field contract: ReminderCreate.targetObjectId respects type/required/nullable/limits/PATCH semantics,— (операции модуля),—,—,—,SCR-028 Напоминания,FLOW-021 Snooze reminder,,Boundary/contract UI,High,dto_field_catalog.csv:ReminderCreate.targetObjectId; openapi.yaml operation POST_api_v1_reminders
AC-1546,AC,MOD-008,Напоминания,[STATE-007] Field contract: ReminderCreate.triggerType respects type/required/nullable/limits/PATCH semantics,— (операции модуля),—,—,—,SCR-028 Напоминания,FLOW-021 Snooze reminder,,Boundary/contract UI,High,dto_field_catalog.csv:ReminderCreate.triggerType; openapi.yaml operation POST_api_v1_reminders
AC-1547,AC,MOD-008,Напоминания,[STATE-007] Field contract: SnoozeRequest.until respects type/required/nullable/limits/PATCH semantics,— (операции модуля),—,—,—,SCR-028 Напоминания,FLOW-021 Snooze reminder,,Boundary/contract UI,High,dto_field_catalog.csv:SnoozeRequest.until; openapi.yaml operation POST_api_v1_reminders_id_snooze
AC-1548,AC,MOD-008,Напоминания,[STATE-007] Field contract: ReminderCreate.absoluteTriggerAt respects type/required/nullable/limits/PATCH semantics,— (операции модуля),—,—,—,SCR-028 Напоминания,FLOW-021 Snooze reminder,,Boundary/contract UI,High,dto_field_catalog.csv:ReminderCreate.absoluteTriggerAt; openapi.yaml operation POST_api_v1_reminders
AC-1549,AC,MOD-008,Напоминания,[STATE-007] Field contract: ReminderCreate.deliveredAt respects type/required/nullable/limits/PATCH semantics,— (операции модуля),—,—,—,SCR-028 Напоминания,FLOW-021 Snooze reminder,,Boundary/contract UI,High,dto_field_catalog.csv:ReminderCreate.deliveredAt; openapi.yaml operation POST_api_v1_reminders
AC-1550,AC,MOD-008,Напоминания,[STATE-007] Field contract: ReminderCreate.nextTriggerAt respects type/required/nullable/limits/PATCH semantics,— (операции модуля),—,—,—,SCR-028 Напоминания,FLOW-021 Snooze reminder,,Boundary/contract UI,High,dto_field_catalog.csv:ReminderCreate.nextTriggerAt; openapi.yaml operation POST_api_v1_reminders
AC-1551,AC,MOD-008,Напоминания,[STATE-007] Field contract: ReminderCreate.offsetMinutes respects type/required/nullable/limits/PATCH semantics,— (операции модуля),—,—,—,SCR-028 Напоминания,FLOW-021 Snooze reminder,,Boundary/contract UI,High,dto_field_catalog.csv:ReminderCreate.offsetMinutes; openapi.yaml operation POST_api_v1_reminders
AC-1552,AC,MOD-008,Напоминания,[STATE-007] Field contract: ReminderCreate.snoozedUntil respects type/required/nullable/limits/PATCH semantics,— (операции модуля),—,—,—,SCR-028 Напоминания,FLOW-021 Snooze reminder,,Boundary/contract UI,High,dto_field_catalog.csv:ReminderCreate.snoozedUntil; openapi.yaml operation POST_api_v1_reminders
AC-1553,AC,MOD-008,Напоминания,[STATE-007] Field contract: ReminderPatch.absoluteTriggerAt respects type/required/nullable/limits/PATCH semantics,— (операции модуля),—,—,—,SCR-028 Напоминания,FLOW-021 Snooze reminder,,Boundary/contract UI,High,dto_field_catalog.csv:ReminderPatch.absoluteTriggerAt; openapi.yaml operation PATCH_api_v1_reminders_id
AC-1554,AC,MOD-008,Напоминания,[STATE-007] Field contract: ReminderPatch.deliveredAt respects type/required/nullable/limits/PATCH semantics,— (операции модуля),—,—,—,SCR-028 Напоминания,FLOW-021 Snooze reminder,,Boundary/contract UI,High,dto_field_catalog.csv:ReminderPatch.deliveredAt; openapi.yaml operation PATCH_api_v1_reminders_id
AC-1555,AC,MOD-008,Напоминания,[STATE-007] Field contract: ReminderPatch.nextTriggerAt respects type/required/nullable/limits/PATCH semantics,— (операции модуля),—,—,—,SCR-028 Напоминания,FLOW-021 Snooze reminder,,Boundary/contract UI,High,dto_field_catalog.csv:ReminderPatch.nextTriggerAt; openapi.yaml operation PATCH_api_v1_reminders_id
AC-1556,AC,MOD-008,Напоминания,[STATE-007] Field contract: ReminderPatch.offsetMinutes respects type/required/nullable/limits/PATCH semantics,— (операции модуля),—,—,—,SCR-028 Напоминания,FLOW-021 Snooze reminder,,Boundary/contract UI,High,dto_field_catalog.csv:ReminderPatch.offsetMinutes; openapi.yaml operation PATCH_api_v1_reminders_id
AC-1557,AC,MOD-008,Напоминания,[STATE-007] Field contract: ReminderPatch.recipientUserId respects type/required/nullable/limits/PATCH semantics,— (операции модуля),—,—,—,SCR-028 Напоминания,FLOW-021 Snooze reminder,,Boundary/contract UI,High,dto_field_catalog.csv:ReminderPatch.recipientUserId; openapi.yaml operation PATCH_api_v1_reminders_id
AC-1558,AC,MOD-008,Напоминания,[STATE-007] Field contract: ReminderPatch.snoozedUntil respects type/required/nullable/limits/PATCH semantics,— (операции модуля),—,—,—,SCR-028 Напоминания,FLOW-021 Snooze reminder,,Boundary/contract UI,High,dto_field_catalog.csv:ReminderPatch.snoozedUntil; openapi.yaml operation PATCH_api_v1_reminders_id
AC-1559,AC,MOD-008,Напоминания,[STATE-007] Field contract: ReminderPatch.targetObjectId respects type/required/nullable/limits/PATCH semantics,— (операции модуля),—,—,—,SCR-028 Напоминания,FLOW-021 Snooze reminder,,Boundary/contract UI,High,dto_field_catalog.csv:ReminderPatch.targetObjectId; openapi.yaml operation PATCH_api_v1_reminders_id
AC-1560,AC,MOD-008,Напоминания,[STATE-007] Field contract: ReminderPatch.triggerType respects type/required/nullable/limits/PATCH semantics,— (операции модуля),—,—,—,SCR-028 Напоминания,FLOW-021 Snooze reminder,,Boundary/contract UI,High,dto_field_catalog.csv:ReminderPatch.triggerType; openapi.yaml operation PATCH_api_v1_reminders_id
AC-1561,AC,MOD-008,Напоминания,[STATE-007/Trashed (Stage 3.5 State Matrix)] Field contract: RestoreRequest.reason respects type/required/nullable/limits/PATCH semantics,— (операции модуля),—,—,—,SCR-028 Напоминания,FLOW-021 Snooze reminder,,Boundary/contract UI,High,dto_field_catalog.csv:RestoreRequest.reason; openapi.yaml operation POST_api_v1_reminders_id_reschedule
AC-1562,AC,MOD-008,Напоминания,[STATE-007] Field contract: DismissReminderRequest.expectedVersion respects type/required/nullable/limits/PATCH semantics,— (операции модуля),—,—,—,SCR-028 Напоминания,FLOW-021 Snooze reminder,,Boundary/contract UI,High,dto_field_catalog.csv:DismissReminderRequest.expectedVersion; openapi.yaml operation POST_api_v1_reminders_id_dismiss
AC-1835,AC,MOD-008,Напоминания,Permission denial for FR-062,— (операции модуля),—,—,—,SCR-028 Напоминания,FLOW-021 Snooze reminder,,Security/authorization,Critical,OpenAPI `GET_api_v1_reminders`; Stage_3_Field_Traceability_Final_3.5.csv; cross-cutting requirement PERM-008
AC-1856,AC,MOD-008,Напоминания,Stable error handling for FR-062,— (операции модуля),—,—,—,SCR-028 Напоминания,FLOW-021 Snooze reminder,,Error handling,High,OpenAPI `GET_api_v1_reminders`; Stage_3_Field_Traceability_Final_3.5.csv; cross-cutting requirement ERR-008
AC-1877,AC,MOD-008,Напоминания,Read outage behavior for FR-062,GET_api_v1_sync_changes; POST_api_v1_sync_bootstrap; POST_api_v1_sync_ack,GET /api/v1/sync/changes; POST /api/v1/sync/bootstrap; POST /api/v1/sync/ack,—,OrganizerController.GET_api_v1_sync_changes; OrganizerController.POST_api_v1_sync_bootstrap; OrganizerController.POST_api_v1_sync_ack,SCR-028 Напоминания,FLOW-021 Snooze reminder,,Desktop/resilience,High,OpenAPI `GET_api_v1_reminders`; Stage_3_Field_Traceability_Final_3.5.csv; cross-cutting requirement SYNC-008
AC-1898,AC,MOD-008,Напоминания,Audit evidence for FR-062,— (domain command + audit/history endpoints),—,—,— (domain handlers + audit pipeline),SCR-028 Напоминания,FLOW-021 Snooze reminder,,Audit/security,Critical,OpenAPI `GET_api_v1_reminders`; Stage_3_Field_Traceability_Final_3.5.csv; cross-cutting requirement AUDIT-008
AC-1988,AC,MOD-008,Напоминания,Permission denial for FR-063,— (операции модуля),—,—,—,SCR-028 Напоминания,FLOW-021 Snooze reminder,,Security/authorization,Critical,OpenAPI `POST_api_v1_reminders`; Stage_3_Field_Traceability_Final_3.5.csv; cross-cutting requirement PERM-008
AC-1989,AC,MOD-008,Напоминания,Permission denial for FR-064,— (операции модуля),—,—,—,SCR-028 Напоминания,FLOW-021 Snooze reminder,,Security/authorization,Critical,OpenAPI `GET_api_v1_reminders_upcoming`; Stage_3_Field_Traceability_Final_3.5.csv; cross-cutting requirement PERM-008
AC-1990,AC,MOD-008,Напоминания,Permission denial for FR-065,— (операции модуля),—,—,—,SCR-028 Напоминания,FLOW-021 Snooze reminder,,Security/authorization,Critical,OpenAPI `DELETE_api_v1_reminders_id`; Stage_3_Field_Traceability_Final_3.5.csv; cross-cutting requirement PERM-008
AC-1991,AC,MOD-008,Напоминания,Permission denial for FR-066,— (операции модуля),—,—,—,SCR-028 Напоминания,FLOW-021 Snooze reminder,,Security/authorization,Critical,OpenAPI `GET_api_v1_reminders_id`; Stage_3_Field_Traceability_Final_3.5.csv; cross-cutting requirement PERM-008
AC-1992,AC,MOD-008,Напоминания,Permission denial for FR-067,— (операции модуля),—,—,—,SCR-028 Напоминания,FLOW-021 Snooze reminder,,Security/authorization,Critical,OpenAPI `PATCH_api_v1_reminders_id`; Stage_3_Field_Traceability_Final_3.5.csv; cross-cutting requirement PERM-008
AC-1993,AC,MOD-008,Напоминания,Permission denial for FR-068,— (операции модуля),—,—,—,SCR-028 Напоминания,FLOW-021 Snooze reminder,,Security/authorization,Critical,OpenAPI `POST_api_v1_reminders_id_dismiss`; Stage_3_Field_Traceability_Final_3.5.csv; cross-cutting requirement PERM-008
AC-1994,AC,MOD-008,Напоминания,Permission denial for FR-069,— (операции модуля),—,—,—,SCR-028 Напоминания,FLOW-021 Snooze reminder,,Security/authorization,Critical,OpenAPI `POST_api_v1_reminders_id_reschedule`; Stage_3_Field_Traceability_Final_3.5.csv; cross-cutting requirement PERM-008
AC-1995,AC,MOD-008,Напоминания,Permission denial for FR-070,— (операции модуля),—,—,—,SCR-028 Напоминания,FLOW-021 Snooze reminder,,Security/authorization,Critical,OpenAPI `POST_api_v1_reminders_id_snooze`; Stage_3_Field_Traceability_Final_3.5.csv; cross-cutting requirement PERM-008
AC-1996,AC,MOD-008,Напоминания,Permission denial for FR-253,— (операции модуля),—,—,—,SCR-028 Напоминания,FLOW-021 Snooze reminder,,Security/authorization,Critical,Stage 3.5 UX Architecture/Decision Log; cross-cutting requirement PERM-008
AC-2246,AC,MOD-008,Напоминания,Stable error handling for FR-063,— (операции модуля),—,—,—,SCR-028 Напоминания,FLOW-021 Snooze reminder,,Error handling,High,OpenAPI `POST_api_v1_reminders`; Stage_3_Field_Traceability_Final_3.5.csv; cross-cutting requirement ERR-008
AC-2247,AC,MOD-008,Напоминания,Stable error handling for FR-064,— (операции модуля),—,—,—,SCR-028 Напоминания,FLOW-021 Snooze reminder,,Error handling,High,OpenAPI `GET_api_v1_reminders_upcoming`; Stage_3_Field_Traceability_Final_3.5.csv; cross-cutting requirement ERR-008
AC-2248,AC,MOD-008,Напоминания,Stable error handling for FR-065,— (операции модуля),—,—,—,SCR-028 Напоминания,FLOW-021 Snooze reminder,,Error handling,High,OpenAPI `DELETE_api_v1_reminders_id`; Stage_3_Field_Traceability_Final_3.5.csv; cross-cutting requirement ERR-008
AC-2249,AC,MOD-008,Напоминания,Stable error handling for FR-066,— (операции модуля),—,—,—,SCR-028 Напоминания,FLOW-021 Snooze reminder,,Error handling,High,OpenAPI `GET_api_v1_reminders_id`; Stage_3_Field_Traceability_Final_3.5.csv; cross-cutting requirement ERR-008
AC-2250,AC,MOD-008,Напоминания,Stable error handling for FR-067,— (операции модуля),—,—,—,SCR-028 Напоминания,FLOW-021 Snooze reminder,,Error handling,High,OpenAPI `PATCH_api_v1_reminders_id`; Stage_3_Field_Traceability_Final_3.5.csv; cross-cutting requirement ERR-008
AC-2251,AC,MOD-008,Напоминания,Stable error handling for FR-068,— (операции модуля),—,—,—,SCR-028 Напоминания,FLOW-021 Snooze reminder,,Error handling,High,OpenAPI `POST_api_v1_reminders_id_dismiss`; Stage_3_Field_Traceability_Final_3.5.csv; cross-cutting requirement ERR-008
AC-2252,AC,MOD-008,Напоминания,Stable error handling for FR-069,— (операции модуля),—,—,—,SCR-028 Напоминания,FLOW-021 Snooze reminder,,Error handling,High,OpenAPI `POST_api_v1_reminders_id_reschedule`; Stage_3_Field_Traceability_Final_3.5.csv; cross-cutting requirement ERR-008
AC-2253,AC,MOD-008,Напоминания,Stable error handling for FR-070,— (операции модуля),—,—,—,SCR-028 Напоминания,FLOW-021 Snooze reminder,,Error handling,High,OpenAPI `POST_api_v1_reminders_id_snooze`; Stage_3_Field_Traceability_Final_3.5.csv; cross-cutting requirement ERR-008
AC-2254,AC,MOD-008,Напоминания,Stable error handling for FR-253,— (операции модуля),—,—,—,SCR-028 Напоминания,FLOW-021 Snooze reminder,,Error handling,High,Stage 3.5 UX Architecture/Decision Log; cross-cutting requirement ERR-008
AC-2504,AC,MOD-008,Напоминания,Command outage behavior for FR-063,GET_api_v1_sync_changes; POST_api_v1_sync_bootstrap; POST_api_v1_sync_ack,GET /api/v1/sync/changes; POST /api/v1/sync/bootstrap; POST /api/v1/sync/ack,—,OrganizerController.GET_api_v1_sync_changes; OrganizerController.POST_api_v1_sync_bootstrap; OrganizerController.POST_api_v1_sync_ack,SCR-028 Напоминания,FLOW-021 Snooze reminder,,Desktop/resilience,High,OpenAPI `POST_api_v1_reminders`; Stage_3_Field_Traceability_Final_3.5.csv; cross-cutting requirement SYNC-008
AC-2505,AC,MOD-008,Напоминания,Read outage behavior for FR-064,GET_api_v1_sync_changes; POST_api_v1_sync_bootstrap; POST_api_v1_sync_ack,GET /api/v1/sync/changes; POST /api/v1/sync/bootstrap; POST /api/v1/sync/ack,—,OrganizerController.GET_api_v1_sync_changes; OrganizerController.POST_api_v1_sync_bootstrap; OrganizerController.POST_api_v1_sync_ack,SCR-028 Напоминания,FLOW-021 Snooze reminder,,Desktop/resilience,High,OpenAPI `GET_api_v1_reminders_upcoming`; Stage_3_Field_Traceability_Final_3.5.csv; cross-cutting requirement SYNC-008
AC-2506,AC,MOD-008,Напоминания,Command outage behavior for FR-065,GET_api_v1_sync_changes; POST_api_v1_sync_bootstrap; POST_api_v1_sync_ack,GET /api/v1/sync/changes; POST /api/v1/sync/bootstrap; POST /api/v1/sync/ack,—,OrganizerController.GET_api_v1_sync_changes; OrganizerController.POST_api_v1_sync_bootstrap; OrganizerController.POST_api_v1_sync_ack,SCR-028 Напоминания,FLOW-021 Snooze reminder,,Desktop/resilience,High,OpenAPI `DELETE_api_v1_reminders_id`; Stage_3_Field_Traceability_Final_3.5.csv; cross-cutting requirement SYNC-008
AC-2507,AC,MOD-008,Напоминания,Read outage behavior for FR-066,GET_api_v1_sync_changes; POST_api_v1_sync_bootstrap; POST_api_v1_sync_ack,GET /api/v1/sync/changes; POST /api/v1/sync/bootstrap; POST /api/v1/sync/ack,—,OrganizerController.GET_api_v1_sync_changes; OrganizerController.POST_api_v1_sync_bootstrap; OrganizerController.POST_api_v1_sync_ack,SCR-028 Напоминания,FLOW-021 Snooze reminder,,Desktop/resilience,High,OpenAPI `GET_api_v1_reminders_id`; Stage_3_Field_Traceability_Final_3.5.csv; cross-cutting requirement SYNC-008
AC-2508,AC,MOD-008,Напоминания,Command outage behavior for FR-067,GET_api_v1_sync_changes; POST_api_v1_sync_bootstrap; POST_api_v1_sync_ack,GET /api/v1/sync/changes; POST /api/v1/sync/bootstrap; POST /api/v1/sync/ack,—,OrganizerController.GET_api_v1_sync_changes; OrganizerController.POST_api_v1_sync_bootstrap; OrganizerController.POST_api_v1_sync_ack,SCR-028 Напоминания,FLOW-021 Snooze reminder,,Desktop/resilience,High,OpenAPI `PATCH_api_v1_reminders_id`; Stage_3_Field_Traceability_Final_3.5.csv; cross-cutting requirement SYNC-008
AC-2509,AC,MOD-008,Напоминания,Command outage behavior for FR-068,GET_api_v1_sync_changes; POST_api_v1_sync_bootstrap; POST_api_v1_sync_ack,GET /api/v1/sync/changes; POST /api/v1/sync/bootstrap; POST /api/v1/sync/ack,—,OrganizerController.GET_api_v1_sync_changes; OrganizerController.POST_api_v1_sync_bootstrap; OrganizerController.POST_api_v1_sync_ack,SCR-028 Напоминания,FLOW-021 Snooze reminder,,Desktop/resilience,High,OpenAPI `POST_api_v1_reminders_id_dismiss`; Stage_3_Field_Traceability_Final_3.5.csv; cross-cutting requirement SYNC-008
AC-2510,AC,MOD-008,Напоминания,Command outage behavior for FR-069,GET_api_v1_sync_changes; POST_api_v1_sync_bootstrap; POST_api_v1_sync_ack,GET /api/v1/sync/changes; POST /api/v1/sync/bootstrap; POST /api/v1/sync/ack,—,OrganizerController.GET_api_v1_sync_changes; OrganizerController.POST_api_v1_sync_bootstrap; OrganizerController.POST_api_v1_sync_ack,SCR-028 Напоминания,FLOW-021 Snooze reminder,,Desktop/resilience,High,OpenAPI `POST_api_v1_reminders_id_reschedule`; Stage_3_Field_Traceability_Final_3.5.csv; cross-cutting requirement SYNC-008
AC-2511,AC,MOD-008,Напоминания,Command outage behavior for FR-070,GET_api_v1_sync_changes; POST_api_v1_sync_bootstrap; POST_api_v1_sync_ack,GET /api/v1/sync/changes; POST /api/v1/sync/bootstrap; POST /api/v1/sync/ack,—,OrganizerController.GET_api_v1_sync_changes; OrganizerController.POST_api_v1_sync_bootstrap; OrganizerController.POST_api_v1_sync_ack,SCR-028 Напоминания,FLOW-021 Snooze reminder,,Desktop/resilience,High,OpenAPI `POST_api_v1_reminders_id_snooze`; Stage_3_Field_Traceability_Final_3.5.csv; cross-cutting requirement SYNC-008
AC-2512,AC,MOD-008,Напоминания,Read outage behavior for FR-253,GET_api_v1_sync_changes; POST_api_v1_sync_bootstrap; POST_api_v1_sync_ack,GET /api/v1/sync/changes; POST /api/v1/sync/bootstrap; POST /api/v1/sync/ack,—,OrganizerController.GET_api_v1_sync_changes; OrganizerController.POST_api_v1_sync_bootstrap; OrganizerController.POST_api_v1_sync_ack,SCR-028 Напоминания,FLOW-021 Snooze reminder,,Desktop/resilience,High,Stage 3.5 UX Architecture/Decision Log; cross-cutting requirement SYNC-008
AC-2762,AC,MOD-008,Напоминания,Audit evidence for FR-063,— (domain command + audit/history endpoints),—,—,— (domain handlers + audit pipeline),SCR-028 Напоминания,FLOW-021 Snooze reminder,,Audit/security,Critical,OpenAPI `POST_api_v1_reminders`; Stage_3_Field_Traceability_Final_3.5.csv; cross-cutting requirement AUDIT-008
AC-2763,AC,MOD-008,Напоминания,Audit evidence for FR-064,— (domain command + audit/history endpoints),—,—,— (domain handlers + audit pipeline),SCR-028 Напоминания,FLOW-021 Snooze reminder,,Audit/security,Critical,OpenAPI `GET_api_v1_reminders_upcoming`; Stage_3_Field_Traceability_Final_3.5.csv; cross-cutting requirement AUDIT-008
AC-2764,AC,MOD-008,Напоминания,Audit evidence for FR-065,— (domain command + audit/history endpoints),—,—,— (domain handlers + audit pipeline),SCR-028 Напоминания,FLOW-021 Snooze reminder,,Audit/security,Critical,OpenAPI `DELETE_api_v1_reminders_id`; Stage_3_Field_Traceability_Final_3.5.csv; cross-cutting requirement AUDIT-008
AC-2765,AC,MOD-008,Напоминания,Audit evidence for FR-066,— (domain command + audit/history endpoints),—,—,— (domain handlers + audit pipeline),SCR-028 Напоминания,FLOW-021 Snooze reminder,,Audit/security,Critical,OpenAPI `GET_api_v1_reminders_id`; Stage_3_Field_Traceability_Final_3.5.csv; cross-cutting requirement AUDIT-008
AC-2766,AC,MOD-008,Напоминания,Audit evidence for FR-067,— (domain command + audit/history endpoints),—,—,— (domain handlers + audit pipeline),SCR-028 Напоминания,FLOW-021 Snooze reminder,,Audit/security,Critical,OpenAPI `PATCH_api_v1_reminders_id`; Stage_3_Field_Traceability_Final_3.5.csv; cross-cutting requirement AUDIT-008
AC-2767,AC,MOD-008,Напоминания,Audit evidence for FR-068,— (domain command + audit/history endpoints),—,—,— (domain handlers + audit pipeline),SCR-028 Напоминания,FLOW-021 Snooze reminder,,Audit/security,Critical,OpenAPI `POST_api_v1_reminders_id_dismiss`; Stage_3_Field_Traceability_Final_3.5.csv; cross-cutting requirement AUDIT-008
AC-2768,AC,MOD-008,Напоминания,Audit evidence for FR-069,— (domain command + audit/history endpoints),—,—,— (domain handlers + audit pipeline),SCR-028 Напоминания,FLOW-021 Snooze reminder,,Audit/security,Critical,OpenAPI `POST_api_v1_reminders_id_reschedule`; Stage_3_Field_Traceability_Final_3.5.csv; cross-cutting requirement AUDIT-008
AC-2769,AC,MOD-008,Напоминания,Audit evidence for FR-070,— (domain command + audit/history endpoints),—,—,— (domain handlers + audit pipeline),SCR-028 Напоминания,FLOW-021 Snooze reminder,,Audit/security,Critical,OpenAPI `POST_api_v1_reminders_id_snooze`; Stage_3_Field_Traceability_Final_3.5.csv; cross-cutting requirement AUDIT-008
AC-2770,AC,MOD-008,Напоминания,Audit evidence for FR-253,— (domain command + audit/history endpoints),—,—,— (domain handlers + audit pipeline),SCR-028 Напоминания,FLOW-021 Snooze reminder,,Audit/security,Critical,Stage 3.5 UX Architecture/Decision Log; cross-cutting requirement AUDIT-008
AC-047,AC,MOD-009,Календарь,Проверить бизнес-правило: Overlap разрешён и только предупреждается.,—,—,—,—,SCR-040 Календарь; SCR-041 Календарь: день; SCR-042 Календарь: неделя; SCR-043 Календарь: месяц; SCR-044 Редактор CalendarEvent; SCR-045 Фильтры календаря; SCR-046 Предупреждение overlap; SCR-047 Conflict после drag/resize,FLOW-031 Создание CalendarEvent; FLOW-032 Drag/resize календаря,,Integration/domain,High,"§12, §27.1.18, §29; Stage 3.5"
AC-048,AC,MOD-009,Календарь,Проверить бизнес-правило: Date-only Task отображается вне временной шкалы.,—,—,—,—,SCR-040 Календарь; SCR-041 Календарь: день; SCR-042 Календарь: неделя; SCR-043 Календарь: месяц; SCR-044 Редактор CalendarEvent; SCR-045 Фильтры календаря; SCR-046 Предупреждение overlap; SCR-047 Conflict после drag/resize,FLOW-031 Создание CalendarEvent; FLOW-032 Drag/resize календаря,,Integration/domain,High,"§12, §27.1.18, §29; Stage 3.5"
AC-049,AC,MOD-009,Календарь,Проверить бизнес-правило: Deadline не используется как позиция на timeline.,—,—,—,—,SCR-040 Календарь; SCR-041 Календарь: день; SCR-042 Календарь: неделя; SCR-043 Календарь: месяц; SCR-044 Редактор CalendarEvent; SCR-045 Фильтры календаря; SCR-046 Предупреждение overlap; SCR-047 Conflict после drag/resize,FLOW-031 Создание CalendarEvent; FLOW-032 Drag/resize календаря,,Integration/domain,High,"§12, §27.1.18, §29; Stage 3.5"
AC-050,AC,MOD-009,Календарь,Проверить бизнес-правило: Все локальные времена интерпретируются с timezone.,—,—,—,—,SCR-040 Календарь; SCR-041 Календарь: день; SCR-042 Календарь: неделя; SCR-043 Календарь: месяц; SCR-044 Редактор CalendarEvent; SCR-045 Фильтры календаря; SCR-046 Предупреждение overlap; SCR-047 Conflict после drag/resize,FLOW-031 Создание CalendarEvent; FLOW-032 Drag/resize календаря,,Integration/domain,High,"§12, §27.1.18, §29; Stage 3.5"
AC-471,AC,MOD-009,Календарь,Happy path: Объединённая проекция Task + Event,GET_api_v1_calendar,GET /api/v1/calendar,Calendar.Read,OrganizerController.GET_api_v1_calendar,SCR-040 Календарь; SCR-041 Календарь: день; SCR-042 Календарь: неделя; SCR-043 Календарь: месяц; SCR-044 Редактор CalendarEvent; SCR-045 Фильтры календаря; SCR-046 Предупреждение overlap; SCR-047 Conflict после drag/resize,FLOW-031 Создание CalendarEvent; FLOW-032 Drag/resize календаря,,Contract/integration,High,OpenAPI `GET_api_v1_calendar`; Stage_3_Field_Traceability_Final_3.5.csv
AC-472,AC,MOD-009,Календарь,[Forbidden (Stage 3.5 State Matrix)/ObjectUnavailable (Stage 3.5 State Matrix)] Permission denied: Объединённая проекция Task + Event не выполняется и данные не раскрываются,GET_api_v1_calendar,GET /api/v1/calendar,Calendar.Read,OrganizerController.GET_api_v1_calendar,SCR-040 Календарь; SCR-041 Календарь: день; SCR-042 Календарь: неделя; SCR-043 Календарь: месяц; SCR-044 Редактор CalendarEvent; SCR-045 Фильтры календаря; SCR-046 Предупреждение overlap; SCR-047 Conflict после drag/resize,FLOW-031 Создание CalendarEvent; FLOW-032 Drag/resize календаря,,Security/authorization,Critical,OpenAPI `GET_api_v1_calendar`; Stage_3_Field_Traceability_Final_3.5.csv
AC-473,AC,MOD-009,Календарь,[Authentication/session error handling (Stage 3.5 error/UI rule)/Authentication/session error handling (Stage 3.5 error/UI rule)/Device-revocation error handling (Stage 3.5 error/UI rule)] Session/device interruption: операция прекращается без сохранения неподтверждённого состояния,GET_api_v1_calendar,GET /api/v1/calendar,Calendar.Read,OrganizerController.GET_api_v1_calendar,SCR-040 Календарь; SCR-041 Календарь: день; SCR-042 Календарь: неделя; SCR-043 Календарь: месяц; SCR-044 Редактор CalendarEvent; SCR-045 Фильтры календаря; SCR-046 Предупреждение overlap; SCR-047 Conflict после drag/resize,FLOW-031 Создание CalendarEvent; FLOW-032 Drag/resize календаря,,Security/session,Critical,OpenAPI `GET_api_v1_calendar`; Stage_3_Field_Traceability_Final_3.5.csv
AC-474,AC,MOD-009,Календарь,[STATE-007] Validation: fieldErrors сохраняют draft и привязываются к canonical field path,GET_api_v1_calendar,GET /api/v1/calendar,Calendar.Read,OrganizerController.GET_api_v1_calendar,SCR-040 Календарь; SCR-041 Календарь: день; SCR-042 Календарь: неделя; SCR-043 Календарь: месяц; SCR-044 Редактор CalendarEvent; SCR-045 Фильтры календаря; SCR-046 Предупреждение overlap; SCR-047 Conflict после drag/resize,FLOW-031 Создание CalendarEvent; FLOW-032 Drag/resize календаря,,Contract/UI,High,OpenAPI `GET_api_v1_calendar`; Stage_3_Field_Traceability_Final_3.5.csv
AC-475,AC,MOD-009,Календарь,Happy path: Список календарное событие,GET_api_v1_calendar_events,GET /api/v1/calendar-events,Calendar.Read,OrganizerController.GET_api_v1_calendar_events,SCR-040 Календарь; SCR-041 Календарь: день; SCR-042 Календарь: неделя; SCR-043 Календарь: месяц; SCR-044 Редактор CalendarEvent; SCR-045 Фильтры календаря; SCR-046 Предупреждение overlap; SCR-047 Conflict после drag/resize,FLOW-031 Создание CalendarEvent; FLOW-032 Drag/resize календаря,,Contract/integration,High,OpenAPI `GET_api_v1_calendar_events`; Stage_3_Field_Traceability_Final_3.5.csv
AC-476,AC,MOD-009,Календарь,[Forbidden (Stage 3.5 State Matrix)/ObjectUnavailable (Stage 3.5 State Matrix)] Permission denied: Список календарное событие не выполняется и данные не раскрываются,GET_api_v1_calendar_events,GET /api/v1/calendar-events,Calendar.Read,OrganizerController.GET_api_v1_calendar_events,SCR-040 Календарь; SCR-041 Календарь: день; SCR-042 Календарь: неделя; SCR-043 Календарь: месяц; SCR-044 Редактор CalendarEvent; SCR-045 Фильтры календаря; SCR-046 Предупреждение overlap; SCR-047 Conflict после drag/resize,FLOW-031 Создание CalendarEvent; FLOW-032 Drag/resize календаря,,Security/authorization,Critical,OpenAPI `GET_api_v1_calendar_events`; Stage_3_Field_Traceability_Final_3.5.csv
AC-477,AC,MOD-009,Календарь,[Authentication/session error handling (Stage 3.5 error/UI rule)/Authentication/session error handling (Stage 3.5 error/UI rule)/Device-revocation error handling (Stage 3.5 error/UI rule)] Session/device interruption: операция прекращается без сохранения неподтверждённого состояния,GET_api_v1_calendar_events,GET /api/v1/calendar-events,Calendar.Read,OrganizerController.GET_api_v1_calendar_events,SCR-040 Календарь; SCR-041 Календарь: день; SCR-042 Календарь: неделя; SCR-043 Календарь: месяц; SCR-044 Редактор CalendarEvent; SCR-045 Фильтры календаря; SCR-046 Предупреждение overlap; SCR-047 Conflict после drag/resize,FLOW-031 Создание CalendarEvent; FLOW-032 Drag/resize календаря,,Security/session,Critical,OpenAPI `GET_api_v1_calendar_events`; Stage_3_Field_Traceability_Final_3.5.csv
AC-478,AC,MOD-009,Календарь,Happy path: Создать календарное событие,POST_api_v1_calendar_events,POST /api/v1/calendar-events,CalendarEvent.Create,OrganizerController.POST_api_v1_calendar_events,SCR-044 Редактор CalendarEvent,FLOW-031 Создание CalendarEvent,,Contract/integration,Critical,OpenAPI `POST_api_v1_calendar_events`; Stage_3_Field_Traceability_Final_3.5.csv
AC-479,AC,MOD-009,Календарь,[Forbidden (Stage 3.5 State Matrix)/ObjectUnavailable (Stage 3.5 State Matrix)] Permission denied: Создать календарное событие не выполняется и данные не раскрываются,POST_api_v1_calendar_events,POST /api/v1/calendar-events,CalendarEvent.Create,OrganizerController.POST_api_v1_calendar_events,SCR-044 Редактор CalendarEvent,FLOW-031 Создание CalendarEvent,,Security/authorization,Critical,OpenAPI `POST_api_v1_calendar_events`; Stage_3_Field_Traceability_Final_3.5.csv
AC-480,AC,MOD-009,Календарь,[Authentication/session error handling (Stage 3.5 error/UI rule)/Authentication/session error handling (Stage 3.5 error/UI rule)/Device-revocation error handling (Stage 3.5 error/UI rule)] Session/device interruption: операция прекращается без сохранения неподтверждённого состояния,POST_api_v1_calendar_events,POST /api/v1/calendar-events,CalendarEvent.Create,OrganizerController.POST_api_v1_calendar_events,SCR-044 Редактор CalendarEvent,FLOW-031 Создание CalendarEvent,,Security/session,Critical,OpenAPI `POST_api_v1_calendar_events`; Stage_3_Field_Traceability_Final_3.5.csv
AC-481,AC,MOD-009,Календарь,[STATE-007] Validation: fieldErrors сохраняют draft и привязываются к canonical field path,POST_api_v1_calendar_events,POST /api/v1/calendar-events,CalendarEvent.Create,OrganizerController.POST_api_v1_calendar_events,SCR-044 Редактор CalendarEvent,FLOW-031 Создание CalendarEvent,,Contract/UI,High,OpenAPI `POST_api_v1_calendar_events`; Stage_3_Field_Traceability_Final_3.5.csv
AC-482,AC,MOD-009,Календарь,[STATE-014/STATE-025] Conflict/precondition: устаревшая или отсутствующая контрактная версия/precondition не приводит к overwrite,POST_api_v1_calendar_events,POST /api/v1/calendar-events,CalendarEvent.Create,OrganizerController.POST_api_v1_calendar_events,SCR-044 Редактор CalendarEvent,FLOW-031 Создание CalendarEvent,,Concurrency/integration,Critical,OpenAPI `POST_api_v1_calendar_events`; Stage_3_Field_Traceability_Final_3.5.csv
AC-483,AC,MOD-009,Календарь,[ServerUnavailable (Stage 3.5 State Matrix)/ServerUnavailable (cached read-only presentation) (Stage 3.5 State Matrix)/Reconnecting (Stage 3.5 State Matrix)] Server unavailable/read-only: команда Создать календарное событие не ставится в offline queue,POST_api_v1_calendar_events,POST /api/v1/calendar-events,CalendarEvent.Create,OrganizerController.POST_api_v1_calendar_events,SCR-044 Редактор CalendarEvent,FLOW-031 Создание CalendarEvent,,Desktop/resilience,Critical,OpenAPI `POST_api_v1_calendar_events`; Stage_3_Field_Traceability_Final_3.5.csv
AC-484,AC,MOD-009,Календарь,[Stable-error-specific recovery (Stage 3.5 error/UI rule)] Idempotency: повтор с тем же key/hash не создаёт двойной side effect,POST_api_v1_calendar_events,POST /api/v1/calendar-events,CalendarEvent.Create,OrganizerController.POST_api_v1_calendar_events,SCR-044 Редактор CalendarEvent,FLOW-031 Создание CalendarEvent,,Integration,Critical,OpenAPI `POST_api_v1_calendar_events`; Stage_3_Field_Traceability_Final_3.5.csv
AC-485,AC,MOD-009,Календарь,Happy path: Переместить календарное событие в корзину,DELETE_api_v1_calendar_events_id,DELETE /api/v1/calendar-events/{id},CalendarEvent.Delete,OrganizerController.DELETE_api_v1_calendar_events_id,SCR-040 Календарь; SCR-041 Календарь: день; SCR-042 Календарь: неделя; SCR-043 Календарь: месяц; SCR-044 Редактор CalendarEvent; SCR-045 Фильтры календаря; SCR-046 Предупреждение overlap; SCR-047 Conflict после drag/resize,FLOW-027 Перемещение в корзину,,Contract/integration,Critical,OpenAPI `DELETE_api_v1_calendar_events_id`; Stage_3_Field_Traceability_Final_3.5.csv
AC-486,AC,MOD-009,Календарь,[Forbidden (Stage 3.5 State Matrix)/ObjectUnavailable (Stage 3.5 State Matrix)] Permission denied: Переместить календарное событие в корзину не выполняется и данные не раскрываются,DELETE_api_v1_calendar_events_id,DELETE /api/v1/calendar-events/{id},CalendarEvent.Delete,OrganizerController.DELETE_api_v1_calendar_events_id,SCR-040 Календарь; SCR-041 Календарь: день; SCR-042 Календарь: неделя; SCR-043 Календарь: месяц; SCR-044 Редактор CalendarEvent; SCR-045 Фильтры календаря; SCR-046 Предупреждение overlap; SCR-047 Conflict после drag/resize,FLOW-027 Перемещение в корзину,,Security/authorization,Critical,OpenAPI `DELETE_api_v1_calendar_events_id`; Stage_3_Field_Traceability_Final_3.5.csv
AC-487,AC,MOD-009,Календарь,[Authentication/session error handling (Stage 3.5 error/UI rule)/Authentication/session error handling (Stage 3.5 error/UI rule)/Device-revocation error handling (Stage 3.5 error/UI rule)] Session/device interruption: операция прекращается без сохранения неподтверждённого состояния,DELETE_api_v1_calendar_events_id,DELETE /api/v1/calendar-events/{id},CalendarEvent.Delete,OrganizerController.DELETE_api_v1_calendar_events_id,SCR-040 Календарь; SCR-041 Календарь: день; SCR-042 Календарь: неделя; SCR-043 Календарь: месяц; SCR-044 Редактор CalendarEvent; SCR-045 Фильтры календаря; SCR-046 Предупреждение overlap; SCR-047 Conflict после drag/resize,FLOW-027 Перемещение в корзину,,Security/session,Critical,OpenAPI `DELETE_api_v1_calendar_events_id`; Stage_3_Field_Traceability_Final_3.5.csv
AC-488,AC,MOD-009,Календарь,[STATE-014/STATE-025] Conflict/precondition: устаревшая или отсутствующая If-Match не приводит к overwrite,DELETE_api_v1_calendar_events_id,DELETE /api/v1/calendar-events/{id},CalendarEvent.Delete,OrganizerController.DELETE_api_v1_calendar_events_id,SCR-040 Календарь; SCR-041 Календарь: день; SCR-042 Календарь: неделя; SCR-043 Календарь: месяц; SCR-044 Редактор CalendarEvent; SCR-045 Фильтры календаря; SCR-046 Предупреждение overlap; SCR-047 Conflict после drag/resize,FLOW-027 Перемещение в корзину,,Concurrency/integration,Critical,OpenAPI `DELETE_api_v1_calendar_events_id`; Stage_3_Field_Traceability_Final_3.5.csv
AC-489,AC,MOD-009,Календарь,[ServerUnavailable (Stage 3.5 State Matrix)/ServerUnavailable (cached read-only presentation) (Stage 3.5 State Matrix)/Reconnecting (Stage 3.5 State Matrix)] Server unavailable/read-only: команда Переместить календарное событие в корзину не ставится в offline queue,DELETE_api_v1_calendar_events_id,DELETE /api/v1/calendar-events/{id},CalendarEvent.Delete,OrganizerController.DELETE_api_v1_calendar_events_id,SCR-040 Календарь; SCR-041 Календарь: день; SCR-042 Календарь: неделя; SCR-043 Календарь: месяц; SCR-044 Редактор CalendarEvent; SCR-045 Фильтры календаря; SCR-046 Предупреждение overlap; SCR-047 Conflict после drag/resize,FLOW-027 Перемещение в корзину,,Desktop/resilience,Critical,OpenAPI `DELETE_api_v1_calendar_events_id`; Stage_3_Field_Traceability_Final_3.5.csv
AC-490,AC,MOD-009,Календарь,[Trashed (Stage 3.5 State Matrix)] Удалённый объект: команда не применяется к trashed target и не создаёт новый объект,DELETE_api_v1_calendar_events_id,DELETE /api/v1/calendar-events/{id},CalendarEvent.Delete,OrganizerController.DELETE_api_v1_calendar_events_id,SCR-040 Календарь; SCR-041 Календарь: день; SCR-042 Календарь: неделя; SCR-043 Календарь: месяц; SCR-044 Редактор CalendarEvent; SCR-045 Фильтры календаря; SCR-046 Предупреждение overlap; SCR-047 Conflict после drag/resize,FLOW-027 Перемещение в корзину,,Lifecycle/integration,High,OpenAPI `DELETE_api_v1_calendar_events_id`; Stage_3_Field_Traceability_Final_3.5.csv
AC-491,AC,MOD-009,Календарь,Happy path: Получить календарное событие,GET_api_v1_calendar_events_id,GET /api/v1/calendar-events/{id},Calendar.Read,OrganizerController.GET_api_v1_calendar_events_id,SCR-044 Редактор CalendarEvent,FLOW-031 Создание CalendarEvent; FLOW-032 Drag/resize календаря,,Contract/integration,High,OpenAPI `GET_api_v1_calendar_events_id`; Stage_3_Field_Traceability_Final_3.5.csv
AC-492,AC,MOD-009,Календарь,[Forbidden (Stage 3.5 State Matrix)/ObjectUnavailable (Stage 3.5 State Matrix)] Permission denied: Получить календарное событие не выполняется и данные не раскрываются,GET_api_v1_calendar_events_id,GET /api/v1/calendar-events/{id},Calendar.Read,OrganizerController.GET_api_v1_calendar_events_id,SCR-044 Редактор CalendarEvent,FLOW-031 Создание CalendarEvent; FLOW-032 Drag/resize календаря,,Security/authorization,Critical,OpenAPI `GET_api_v1_calendar_events_id`; Stage_3_Field_Traceability_Final_3.5.csv
AC-493,AC,MOD-009,Календарь,[Authentication/session error handling (Stage 3.5 error/UI rule)/Authentication/session error handling (Stage 3.5 error/UI rule)/Device-revocation error handling (Stage 3.5 error/UI rule)] Session/device interruption: операция прекращается без сохранения неподтверждённого состояния,GET_api_v1_calendar_events_id,GET /api/v1/calendar-events/{id},Calendar.Read,OrganizerController.GET_api_v1_calendar_events_id,SCR-044 Редактор CalendarEvent,FLOW-031 Создание CalendarEvent; FLOW-032 Drag/resize календаря,,Security/session,Critical,OpenAPI `GET_api_v1_calendar_events_id`; Stage_3_Field_Traceability_Final_3.5.csv
AC-494,AC,MOD-009,Календарь,Happy path: Изменить календарное событие,PATCH_api_v1_calendar_events_id,PATCH /api/v1/calendar-events/{id},CalendarEvent.Update,OrganizerController.PATCH_api_v1_calendar_events_id,SCR-044 Редактор CalendarEvent; SCR-047 Conflict после drag/resize,FLOW-032 Drag/resize календаря,,Contract/integration,Critical,OpenAPI `PATCH_api_v1_calendar_events_id`; Stage_3_Field_Traceability_Final_3.5.csv
AC-495,AC,MOD-009,Календарь,[Forbidden (Stage 3.5 State Matrix)/ObjectUnavailable (Stage 3.5 State Matrix)] Permission denied: Изменить календарное событие не выполняется и данные не раскрываются,PATCH_api_v1_calendar_events_id,PATCH /api/v1/calendar-events/{id},CalendarEvent.Update,OrganizerController.PATCH_api_v1_calendar_events_id,SCR-044 Редактор CalendarEvent; SCR-047 Conflict после drag/resize,FLOW-032 Drag/resize календаря,,Security/authorization,Critical,OpenAPI `PATCH_api_v1_calendar_events_id`; Stage_3_Field_Traceability_Final_3.5.csv
AC-496,AC,MOD-009,Календарь,[Authentication/session error handling (Stage 3.5 error/UI rule)/Authentication/session error handling (Stage 3.5 error/UI rule)/Device-revocation error handling (Stage 3.5 error/UI rule)] Session/device interruption: операция прекращается без сохранения неподтверждённого состояния,PATCH_api_v1_calendar_events_id,PATCH /api/v1/calendar-events/{id},CalendarEvent.Update,OrganizerController.PATCH_api_v1_calendar_events_id,SCR-044 Редактор CalendarEvent; SCR-047 Conflict после drag/resize,FLOW-032 Drag/resize календаря,,Security/session,Critical,OpenAPI `PATCH_api_v1_calendar_events_id`; Stage_3_Field_Traceability_Final_3.5.csv
AC-497,AC,MOD-009,Календарь,[STATE-007] Validation: fieldErrors сохраняют draft и привязываются к canonical field path,PATCH_api_v1_calendar_events_id,PATCH /api/v1/calendar-events/{id},CalendarEvent.Update,OrganizerController.PATCH_api_v1_calendar_events_id,SCR-044 Редактор CalendarEvent; SCR-047 Conflict после drag/resize,FLOW-032 Drag/resize календаря,,Contract/UI,High,OpenAPI `PATCH_api_v1_calendar_events_id`; Stage_3_Field_Traceability_Final_3.5.csv
AC-498,AC,MOD-009,Календарь,[STATE-014/STATE-025] Conflict/precondition: устаревшая или отсутствующая If-Match не приводит к overwrite,PATCH_api_v1_calendar_events_id,PATCH /api/v1/calendar-events/{id},CalendarEvent.Update,OrganizerController.PATCH_api_v1_calendar_events_id,SCR-044 Редактор CalendarEvent; SCR-047 Conflict после drag/resize,FLOW-032 Drag/resize календаря,,Concurrency/integration,Critical,OpenAPI `PATCH_api_v1_calendar_events_id`; Stage_3_Field_Traceability_Final_3.5.csv
AC-499,AC,MOD-009,Календарь,[ServerUnavailable (Stage 3.5 State Matrix)/ServerUnavailable (cached read-only presentation) (Stage 3.5 State Matrix)/Reconnecting (Stage 3.5 State Matrix)] Server unavailable/read-only: команда Изменить календарное событие не ставится в offline queue,PATCH_api_v1_calendar_events_id,PATCH /api/v1/calendar-events/{id},CalendarEvent.Update,OrganizerController.PATCH_api_v1_calendar_events_id,SCR-044 Редактор CalendarEvent; SCR-047 Conflict после drag/resize,FLOW-032 Drag/resize календаря,,Desktop/resilience,Critical,OpenAPI `PATCH_api_v1_calendar_events_id`; Stage_3_Field_Traceability_Final_3.5.csv
AC-500,AC,MOD-009,Календарь,[Trashed (Stage 3.5 State Matrix)] Удалённый объект: команда не применяется к trashed target и не создаёт новый объект,PATCH_api_v1_calendar_events_id,PATCH /api/v1/calendar-events/{id},CalendarEvent.Update,OrganizerController.PATCH_api_v1_calendar_events_id,SCR-044 Редактор CalendarEvent; SCR-047 Conflict после drag/resize,FLOW-032 Drag/resize календаря,,Lifecycle/integration,High,OpenAPI `PATCH_api_v1_calendar_events_id`; Stage_3_Field_Traceability_Final_3.5.csv
AC-501,AC,MOD-009,Календарь,[Archived (Stage 3.5 State Matrix)] Happy path: Архивировать календарное событие,POST_api_v1_calendar_events_id_archive,POST /api/v1/calendar-events/{id}/archive,CalendarEvent.Update,OrganizerController.POST_api_v1_calendar_events_id_archive,SCR-040 Календарь; SCR-041 Календарь: день; SCR-042 Календарь: неделя; SCR-043 Календарь: месяц; SCR-044 Редактор CalendarEvent; SCR-045 Фильтры календаря; SCR-046 Предупреждение overlap; SCR-047 Conflict после drag/resize,FLOW-026 Архивирование,,Contract/integration,Critical,OpenAPI `POST_api_v1_calendar_events_id_archive`; Stage_3_Field_Traceability_Final_3.5.csv
AC-502,AC,MOD-009,Календарь,[Forbidden (Stage 3.5 State Matrix)/ObjectUnavailable (Stage 3.5 State Matrix)/Archived (Stage 3.5 State Matrix)] Permission denied: Архивировать календарное событие не выполняется и данные не раскрываются,POST_api_v1_calendar_events_id_archive,POST /api/v1/calendar-events/{id}/archive,CalendarEvent.Update,OrganizerController.POST_api_v1_calendar_events_id_archive,SCR-040 Календарь; SCR-041 Календарь: день; SCR-042 Календарь: неделя; SCR-043 Календарь: месяц; SCR-044 Редактор CalendarEvent; SCR-045 Фильтры календаря; SCR-046 Предупреждение overlap; SCR-047 Conflict после drag/resize,FLOW-026 Архивирование,,Security/authorization,Critical,OpenAPI `POST_api_v1_calendar_events_id_archive`; Stage_3_Field_Traceability_Final_3.5.csv
AC-503,AC,MOD-009,Календарь,[Archived (Stage 3.5 State Matrix)/Authentication/session error handling (Stage 3.5 error/UI rule)/Authentication/session error handling (Stage 3.5 error/UI rule)/Device-revocation error handling (Stage 3.5 error/UI rule)] Session/device interruption: операция прекращается без сохранения неподтверждённого состояния,POST_api_v1_calendar_events_id_archive,POST /api/v1/calendar-events/{id}/archive,CalendarEvent.Update,OrganizerController.POST_api_v1_calendar_events_id_archive,SCR-040 Календарь; SCR-041 Календарь: день; SCR-042 Календарь: неделя; SCR-043 Календарь: месяц; SCR-044 Редактор CalendarEvent; SCR-045 Фильтры календаря; SCR-046 Предупреждение overlap; SCR-047 Conflict после drag/resize,FLOW-026 Архивирование,,Security/session,Critical,OpenAPI `POST_api_v1_calendar_events_id_archive`; Stage_3_Field_Traceability_Final_3.5.csv
AC-504,AC,MOD-009,Календарь,[STATE-007/Archived (Stage 3.5 State Matrix)] Validation: fieldErrors сохраняют draft и привязываются к canonical field path,POST_api_v1_calendar_events_id_archive,POST /api/v1/calendar-events/{id}/archive,CalendarEvent.Update,OrganizerController.POST_api_v1_calendar_events_id_archive,SCR-040 Календарь; SCR-041 Календарь: день; SCR-042 Календарь: неделя; SCR-043 Календарь: месяц; SCR-044 Редактор CalendarEvent; SCR-045 Фильтры календаря; SCR-046 Предупреждение overlap; SCR-047 Conflict после drag/resize,FLOW-026 Архивирование,,Contract/UI,High,OpenAPI `POST_api_v1_calendar_events_id_archive`; Stage_3_Field_Traceability_Final_3.5.csv
AC-505,AC,MOD-009,Календарь,[STATE-014/Archived (Stage 3.5 State Matrix)/STATE-025] Conflict/precondition: устаревшая или отсутствующая If-Match не приводит к overwrite,POST_api_v1_calendar_events_id_archive,POST /api/v1/calendar-events/{id}/archive,CalendarEvent.Update,OrganizerController.POST_api_v1_calendar_events_id_archive,SCR-040 Календарь; SCR-041 Календарь: день; SCR-042 Календарь: неделя; SCR-043 Календарь: месяц; SCR-044 Редактор CalendarEvent; SCR-045 Фильтры календаря; SCR-046 Предупреждение overlap; SCR-047 Conflict после drag/resize,FLOW-026 Архивирование,,Concurrency/integration,Critical,OpenAPI `POST_api_v1_calendar_events_id_archive`; Stage_3_Field_Traceability_Final_3.5.csv
AC-506,AC,MOD-009,Календарь,[ServerUnavailable (Stage 3.5 State Matrix)/ServerUnavailable (cached read-only presentation) (Stage 3.5 State Matrix)/Reconnecting (Stage 3.5 State Matrix)] Server unavailable/read-only: команда Архивировать календарное событие не ставится в offline queue,POST_api_v1_calendar_events_id_archive,POST /api/v1/calendar-events/{id}/archive,CalendarEvent.Update,OrganizerController.POST_api_v1_calendar_events_id_archive,SCR-040 Календарь; SCR-041 Календарь: день; SCR-042 Календарь: неделя; SCR-043 Календарь: месяц; SCR-044 Редактор CalendarEvent; SCR-045 Фильтры календаря; SCR-046 Предупреждение overlap; SCR-047 Conflict после drag/resize,FLOW-026 Архивирование,,Desktop/resilience,Critical,OpenAPI `POST_api_v1_calendar_events_id_archive`; Stage_3_Field_Traceability_Final_3.5.csv
AC-507,AC,MOD-009,Календарь,[Archived (Stage 3.5 State Matrix)/Stable-error-specific recovery (Stage 3.5 error/UI rule)] Idempotency: повтор с тем же key/hash не создаёт двойной side effect,POST_api_v1_calendar_events_id_archive,POST /api/v1/calendar-events/{id}/archive,CalendarEvent.Update,OrganizerController.POST_api_v1_calendar_events_id_archive,SCR-040 Календарь; SCR-041 Календарь: день; SCR-042 Календарь: неделя; SCR-043 Календарь: месяц; SCR-044 Редактор CalendarEvent; SCR-045 Фильтры календаря; SCR-046 Предупреждение overlap; SCR-047 Conflict после drag/resize,FLOW-026 Архивирование,,Integration,Critical,OpenAPI `POST_api_v1_calendar_events_id_archive`; Stage_3_Field_Traceability_Final_3.5.csv
AC-508,AC,MOD-009,Календарь,[Trashed (Stage 3.5 State Matrix)] Удалённый объект: команда не применяется к trashed target и не создаёт новый объект,POST_api_v1_calendar_events_id_archive,POST /api/v1/calendar-events/{id}/archive,CalendarEvent.Update,OrganizerController.POST_api_v1_calendar_events_id_archive,SCR-040 Календарь; SCR-041 Календарь: день; SCR-042 Календарь: неделя; SCR-043 Календарь: месяц; SCR-044 Редактор CalendarEvent; SCR-045 Фильтры календаря; SCR-046 Предупреждение overlap; SCR-047 Conflict после drag/resize,FLOW-026 Архивирование,,Lifecycle/integration,High,OpenAPI `POST_api_v1_calendar_events_id_archive`; Stage_3_Field_Traceability_Final_3.5.csv
AC-509,AC,MOD-009,Календарь,Happy path: Заменить участников события,PUT_api_v1_calendar_events_id_attendees,PUT /api/v1/calendar-events/{id}/attendees,CalendarEvent.Update,OrganizerController.PUT_api_v1_calendar_events_id_attendees,SCR-044 Редактор CalendarEvent,FLOW-031 Создание CalendarEvent; FLOW-032 Drag/resize календаря,,Contract/integration,Critical,OpenAPI `PUT_api_v1_calendar_events_id_attendees`; Stage_3_Field_Traceability_Final_3.5.csv
AC-510,AC,MOD-009,Календарь,[Forbidden (Stage 3.5 State Matrix)/ObjectUnavailable (Stage 3.5 State Matrix)] Permission denied: Заменить участников события не выполняется и данные не раскрываются,PUT_api_v1_calendar_events_id_attendees,PUT /api/v1/calendar-events/{id}/attendees,CalendarEvent.Update,OrganizerController.PUT_api_v1_calendar_events_id_attendees,SCR-044 Редактор CalendarEvent,FLOW-031 Создание CalendarEvent; FLOW-032 Drag/resize календаря,,Security/authorization,Critical,OpenAPI `PUT_api_v1_calendar_events_id_attendees`; Stage_3_Field_Traceability_Final_3.5.csv
AC-511,AC,MOD-009,Календарь,[Authentication/session error handling (Stage 3.5 error/UI rule)/Authentication/session error handling (Stage 3.5 error/UI rule)/Device-revocation error handling (Stage 3.5 error/UI rule)] Session/device interruption: операция прекращается без сохранения неподтверждённого состояния,PUT_api_v1_calendar_events_id_attendees,PUT /api/v1/calendar-events/{id}/attendees,CalendarEvent.Update,OrganizerController.PUT_api_v1_calendar_events_id_attendees,SCR-044 Редактор CalendarEvent,FLOW-031 Создание CalendarEvent; FLOW-032 Drag/resize календаря,,Security/session,Critical,OpenAPI `PUT_api_v1_calendar_events_id_attendees`; Stage_3_Field_Traceability_Final_3.5.csv
AC-512,AC,MOD-009,Календарь,[STATE-007] Validation: fieldErrors сохраняют draft и привязываются к canonical field path,PUT_api_v1_calendar_events_id_attendees,PUT /api/v1/calendar-events/{id}/attendees,CalendarEvent.Update,OrganizerController.PUT_api_v1_calendar_events_id_attendees,SCR-044 Редактор CalendarEvent,FLOW-031 Создание CalendarEvent; FLOW-032 Drag/resize календаря,,Contract/UI,High,OpenAPI `PUT_api_v1_calendar_events_id_attendees`; Stage_3_Field_Traceability_Final_3.5.csv
AC-513,AC,MOD-009,Календарь,[STATE-014/STATE-025] Conflict/precondition: устаревшая или отсутствующая If-Match не приводит к overwrite,PUT_api_v1_calendar_events_id_attendees,PUT /api/v1/calendar-events/{id}/attendees,CalendarEvent.Update,OrganizerController.PUT_api_v1_calendar_events_id_attendees,SCR-044 Редактор CalendarEvent,FLOW-031 Создание CalendarEvent; FLOW-032 Drag/resize календаря,,Concurrency/integration,Critical,OpenAPI `PUT_api_v1_calendar_events_id_attendees`; Stage_3_Field_Traceability_Final_3.5.csv
AC-514,AC,MOD-009,Календарь,[ServerUnavailable (Stage 3.5 State Matrix)/ServerUnavailable (cached read-only presentation) (Stage 3.5 State Matrix)/Reconnecting (Stage 3.5 State Matrix)] Server unavailable/read-only: команда Заменить участников события не ставится в offline queue,PUT_api_v1_calendar_events_id_attendees,PUT /api/v1/calendar-events/{id}/attendees,CalendarEvent.Update,OrganizerController.PUT_api_v1_calendar_events_id_attendees,SCR-044 Редактор CalendarEvent,FLOW-031 Создание CalendarEvent; FLOW-032 Drag/resize календаря,,Desktop/resilience,Critical,OpenAPI `PUT_api_v1_calendar_events_id_attendees`; Stage_3_Field_Traceability_Final_3.5.csv
AC-515,AC,MOD-009,Календарь,[Stable-error-specific recovery (Stage 3.5 error/UI rule)] Idempotency: повтор с тем же key/hash не создаёт двойной side effect,PUT_api_v1_calendar_events_id_attendees,PUT /api/v1/calendar-events/{id}/attendees,CalendarEvent.Update,OrganizerController.PUT_api_v1_calendar_events_id_attendees,SCR-044 Редактор CalendarEvent,FLOW-031 Создание CalendarEvent; FLOW-032 Drag/resize календаря,,Integration,Critical,OpenAPI `PUT_api_v1_calendar_events_id_attendees`; Stage_3_Field_Traceability_Final_3.5.csv
AC-516,AC,MOD-009,Календарь,[Trashed (Stage 3.5 State Matrix)] Удалённый объект: команда не применяется к trashed target и не создаёт новый объект,PUT_api_v1_calendar_events_id_attendees,PUT /api/v1/calendar-events/{id}/attendees,CalendarEvent.Update,OrganizerController.PUT_api_v1_calendar_events_id_attendees,SCR-044 Редактор CalendarEvent,FLOW-031 Создание CalendarEvent; FLOW-032 Drag/resize календаря,,Lifecycle/integration,High,OpenAPI `PUT_api_v1_calendar_events_id_attendees`; Stage_3_Field_Traceability_Final_3.5.csv
AC-517,AC,MOD-009,Календарь,Happy path: Ответить на приглашение,POST_api_v1_calendar_events_id_respond,POST /api/v1/calendar-events/{id}/respond,CalendarEvent.Respond,OrganizerController.POST_api_v1_calendar_events_id_respond,SCR-044 Редактор CalendarEvent,FLOW-031 Создание CalendarEvent; FLOW-032 Drag/resize календаря,,Contract/integration,Critical,OpenAPI `POST_api_v1_calendar_events_id_respond`; Stage_3_Field_Traceability_Final_3.5.csv
AC-518,AC,MOD-009,Календарь,[Forbidden (Stage 3.5 State Matrix)/ObjectUnavailable (Stage 3.5 State Matrix)] Permission denied: Ответить на приглашение не выполняется и данные не раскрываются,POST_api_v1_calendar_events_id_respond,POST /api/v1/calendar-events/{id}/respond,CalendarEvent.Respond,OrganizerController.POST_api_v1_calendar_events_id_respond,SCR-044 Редактор CalendarEvent,FLOW-031 Создание CalendarEvent; FLOW-032 Drag/resize календаря,,Security/authorization,Critical,OpenAPI `POST_api_v1_calendar_events_id_respond`; Stage_3_Field_Traceability_Final_3.5.csv
AC-519,AC,MOD-009,Календарь,[Authentication/session error handling (Stage 3.5 error/UI rule)/Authentication/session error handling (Stage 3.5 error/UI rule)/Device-revocation error handling (Stage 3.5 error/UI rule)] Session/device interruption: операция прекращается без сохранения неподтверждённого состояния,POST_api_v1_calendar_events_id_respond,POST /api/v1/calendar-events/{id}/respond,CalendarEvent.Respond,OrganizerController.POST_api_v1_calendar_events_id_respond,SCR-044 Редактор CalendarEvent,FLOW-031 Создание CalendarEvent; FLOW-032 Drag/resize календаря,,Security/session,Critical,OpenAPI `POST_api_v1_calendar_events_id_respond`; Stage_3_Field_Traceability_Final_3.5.csv
AC-520,AC,MOD-009,Календарь,[STATE-007] Validation: fieldErrors сохраняют draft и привязываются к canonical field path,POST_api_v1_calendar_events_id_respond,POST /api/v1/calendar-events/{id}/respond,CalendarEvent.Respond,OrganizerController.POST_api_v1_calendar_events_id_respond,SCR-044 Редактор CalendarEvent,FLOW-031 Создание CalendarEvent; FLOW-032 Drag/resize календаря,,Contract/UI,High,OpenAPI `POST_api_v1_calendar_events_id_respond`; Stage_3_Field_Traceability_Final_3.5.csv
AC-521,AC,MOD-009,Календарь,[STATE-014/STATE-025] Conflict/precondition: устаревшая или отсутствующая If-Match не приводит к overwrite,POST_api_v1_calendar_events_id_respond,POST /api/v1/calendar-events/{id}/respond,CalendarEvent.Respond,OrganizerController.POST_api_v1_calendar_events_id_respond,SCR-044 Редактор CalendarEvent,FLOW-031 Создание CalendarEvent; FLOW-032 Drag/resize календаря,,Concurrency/integration,Critical,OpenAPI `POST_api_v1_calendar_events_id_respond`; Stage_3_Field_Traceability_Final_3.5.csv
AC-522,AC,MOD-009,Календарь,[ServerUnavailable (Stage 3.5 State Matrix)/ServerUnavailable (cached read-only presentation) (Stage 3.5 State Matrix)/Reconnecting (Stage 3.5 State Matrix)] Server unavailable/read-only: команда Ответить на приглашение не ставится в offline queue,POST_api_v1_calendar_events_id_respond,POST /api/v1/calendar-events/{id}/respond,CalendarEvent.Respond,OrganizerController.POST_api_v1_calendar_events_id_respond,SCR-044 Редактор CalendarEvent,FLOW-031 Создание CalendarEvent; FLOW-032 Drag/resize календаря,,Desktop/resilience,Critical,OpenAPI `POST_api_v1_calendar_events_id_respond`; Stage_3_Field_Traceability_Final_3.5.csv
AC-523,AC,MOD-009,Календарь,[Stable-error-specific recovery (Stage 3.5 error/UI rule)] Idempotency: повтор с тем же key/hash не создаёт двойной side effect,POST_api_v1_calendar_events_id_respond,POST /api/v1/calendar-events/{id}/respond,CalendarEvent.Respond,OrganizerController.POST_api_v1_calendar_events_id_respond,SCR-044 Редактор CalendarEvent,FLOW-031 Создание CalendarEvent; FLOW-032 Drag/resize календаря,,Integration,Critical,OpenAPI `POST_api_v1_calendar_events_id_respond`; Stage_3_Field_Traceability_Final_3.5.csv
AC-524,AC,MOD-009,Календарь,[Trashed (Stage 3.5 State Matrix)] Удалённый объект: команда не применяется к trashed target и не создаёт новый объект,POST_api_v1_calendar_events_id_respond,POST /api/v1/calendar-events/{id}/respond,CalendarEvent.Respond,OrganizerController.POST_api_v1_calendar_events_id_respond,SCR-044 Редактор CalendarEvent,FLOW-031 Создание CalendarEvent; FLOW-032 Drag/resize календаря,,Lifecycle/integration,High,OpenAPI `POST_api_v1_calendar_events_id_respond`; Stage_3_Field_Traceability_Final_3.5.csv
AC-525,AC,MOD-009,Календарь,[Trashed (Stage 3.5 State Matrix)] Happy path: Восстановить календарное событие,POST_api_v1_calendar_events_id_restore,POST /api/v1/calendar-events/{id}/restore,CalendarEvent.Delete,OrganizerController.POST_api_v1_calendar_events_id_restore,SCR-040 Календарь; SCR-041 Календарь: день; SCR-042 Календарь: неделя; SCR-043 Календарь: месяц; SCR-044 Редактор CalendarEvent; SCR-045 Фильтры календаря; SCR-046 Предупреждение overlap; SCR-047 Conflict после drag/resize,FLOW-028 Восстановление из корзины,,Contract/integration,Critical,OpenAPI `POST_api_v1_calendar_events_id_restore`; Stage_3_Field_Traceability_Final_3.5.csv
AC-526,AC,MOD-009,Календарь,[Forbidden (Stage 3.5 State Matrix)/ObjectUnavailable (Stage 3.5 State Matrix)/Trashed (Stage 3.5 State Matrix)] Permission denied: Восстановить календарное событие не выполняется и данные не раскрываются,POST_api_v1_calendar_events_id_restore,POST /api/v1/calendar-events/{id}/restore,CalendarEvent.Delete,OrganizerController.POST_api_v1_calendar_events_id_restore,SCR-040 Календарь; SCR-041 Календарь: день; SCR-042 Календарь: неделя; SCR-043 Календарь: месяц; SCR-044 Редактор CalendarEvent; SCR-045 Фильтры календаря; SCR-046 Предупреждение overlap; SCR-047 Conflict после drag/resize,FLOW-028 Восстановление из корзины,,Security/authorization,Critical,OpenAPI `POST_api_v1_calendar_events_id_restore`; Stage_3_Field_Traceability_Final_3.5.csv
AC-527,AC,MOD-009,Календарь,[Trashed (Stage 3.5 State Matrix)/Authentication/session error handling (Stage 3.5 error/UI rule)/Authentication/session error handling (Stage 3.5 error/UI rule)/Device-revocation error handling (Stage 3.5 error/UI rule)] Session/device interruption: операция прекращается без сохранения неподтверждённого состояния,POST_api_v1_calendar_events_id_restore,POST /api/v1/calendar-events/{id}/restore,CalendarEvent.Delete,OrganizerController.POST_api_v1_calendar_events_id_restore,SCR-040 Календарь; SCR-041 Календарь: день; SCR-042 Календарь: неделя; SCR-043 Календарь: месяц; SCR-044 Редактор CalendarEvent; SCR-045 Фильтры календаря; SCR-046 Предупреждение overlap; SCR-047 Conflict после drag/resize,FLOW-028 Восстановление из корзины,,Security/session,Critical,OpenAPI `POST_api_v1_calendar_events_id_restore`; Stage_3_Field_Traceability_Final_3.5.csv
AC-528,AC,MOD-009,Календарь,[STATE-007/Trashed (Stage 3.5 State Matrix)] Validation: fieldErrors сохраняют draft и привязываются к canonical field path,POST_api_v1_calendar_events_id_restore,POST /api/v1/calendar-events/{id}/restore,CalendarEvent.Delete,OrganizerController.POST_api_v1_calendar_events_id_restore,SCR-040 Календарь; SCR-041 Календарь: день; SCR-042 Календарь: неделя; SCR-043 Календарь: месяц; SCR-044 Редактор CalendarEvent; SCR-045 Фильтры календаря; SCR-046 Предупреждение overlap; SCR-047 Conflict после drag/resize,FLOW-028 Восстановление из корзины,,Contract/UI,High,OpenAPI `POST_api_v1_calendar_events_id_restore`; Stage_3_Field_Traceability_Final_3.5.csv
AC-529,AC,MOD-009,Календарь,[STATE-014/Trashed (Stage 3.5 State Matrix)/STATE-025] Conflict/precondition: устаревшая или отсутствующая If-Match не приводит к overwrite,POST_api_v1_calendar_events_id_restore,POST /api/v1/calendar-events/{id}/restore,CalendarEvent.Delete,OrganizerController.POST_api_v1_calendar_events_id_restore,SCR-040 Календарь; SCR-041 Календарь: день; SCR-042 Календарь: неделя; SCR-043 Календарь: месяц; SCR-044 Редактор CalendarEvent; SCR-045 Фильтры календаря; SCR-046 Предупреждение overlap; SCR-047 Conflict после drag/resize,FLOW-028 Восстановление из корзины,,Concurrency/integration,Critical,OpenAPI `POST_api_v1_calendar_events_id_restore`; Stage_3_Field_Traceability_Final_3.5.csv
AC-530,AC,MOD-009,Календарь,[ServerUnavailable (Stage 3.5 State Matrix)/ServerUnavailable (cached read-only presentation) (Stage 3.5 State Matrix)/Reconnecting (Stage 3.5 State Matrix)] Server unavailable/read-only: команда Восстановить календарное событие не ставится в offline queue,POST_api_v1_calendar_events_id_restore,POST /api/v1/calendar-events/{id}/restore,CalendarEvent.Delete,OrganizerController.POST_api_v1_calendar_events_id_restore,SCR-040 Календарь; SCR-041 Календарь: день; SCR-042 Календарь: неделя; SCR-043 Календарь: месяц; SCR-044 Редактор CalendarEvent; SCR-045 Фильтры календаря; SCR-046 Предупреждение overlap; SCR-047 Conflict после drag/resize,FLOW-028 Восстановление из корзины,,Desktop/resilience,Critical,OpenAPI `POST_api_v1_calendar_events_id_restore`; Stage_3_Field_Traceability_Final_3.5.csv
AC-531,AC,MOD-009,Календарь,[Trashed (Stage 3.5 State Matrix)/Stable-error-specific recovery (Stage 3.5 error/UI rule)] Idempotency: повтор с тем же key/hash не создаёт двойной side effect,POST_api_v1_calendar_events_id_restore,POST /api/v1/calendar-events/{id}/restore,CalendarEvent.Delete,OrganizerController.POST_api_v1_calendar_events_id_restore,SCR-040 Календарь; SCR-041 Календарь: день; SCR-042 Календарь: неделя; SCR-043 Календарь: месяц; SCR-044 Редактор CalendarEvent; SCR-045 Фильтры календаря; SCR-046 Предупреждение overlap; SCR-047 Conflict после drag/resize,FLOW-028 Восстановление из корзины,,Integration,Critical,OpenAPI `POST_api_v1_calendar_events_id_restore`; Stage_3_Field_Traceability_Final_3.5.csv
AC-532,AC,MOD-009,Календарь,[Trashed (Stage 3.5 State Matrix)] Удалённый объект: команда не применяется к trashed target и не создаёт новый объект,POST_api_v1_calendar_events_id_restore,POST /api/v1/calendar-events/{id}/restore,CalendarEvent.Delete,OrganizerController.POST_api_v1_calendar_events_id_restore,SCR-040 Календарь; SCR-041 Календарь: день; SCR-042 Календарь: неделя; SCR-043 Календарь: месяц; SCR-044 Редактор CalendarEvent; SCR-045 Фильтры календаря; SCR-046 Предупреждение overlap; SCR-047 Conflict после drag/resize,FLOW-028 Восстановление из корзины,,Lifecycle/integration,High,OpenAPI `POST_api_v1_calendar_events_id_restore`; Stage_3_Field_Traceability_Final_3.5.csv
AC-533,AC,MOD-009,Календарь,[Archived (Stage 3.5 State Matrix)] Happy path: Вернуть календарное событие из архива,POST_api_v1_calendar_events_id_unarchive,POST /api/v1/calendar-events/{id}/unarchive,CalendarEvent.Update,OrganizerController.POST_api_v1_calendar_events_id_unarchive,SCR-040 Календарь; SCR-041 Календарь: день; SCR-042 Календарь: неделя; SCR-043 Календарь: месяц; SCR-044 Редактор CalendarEvent; SCR-045 Фильтры календаря; SCR-046 Предупреждение overlap; SCR-047 Conflict после drag/resize,FLOW-026 Архивирование,,Contract/integration,Critical,OpenAPI `POST_api_v1_calendar_events_id_unarchive`; Stage_3_Field_Traceability_Final_3.5.csv
AC-534,AC,MOD-009,Календарь,[Forbidden (Stage 3.5 State Matrix)/ObjectUnavailable (Stage 3.5 State Matrix)/Archived (Stage 3.5 State Matrix)] Permission denied: Вернуть календарное событие из архива не выполняется и данные не раскрываются,POST_api_v1_calendar_events_id_unarchive,POST /api/v1/calendar-events/{id}/unarchive,CalendarEvent.Update,OrganizerController.POST_api_v1_calendar_events_id_unarchive,SCR-040 Календарь; SCR-041 Календарь: день; SCR-042 Календарь: неделя; SCR-043 Календарь: месяц; SCR-044 Редактор CalendarEvent; SCR-045 Фильтры календаря; SCR-046 Предупреждение overlap; SCR-047 Conflict после drag/resize,FLOW-026 Архивирование,,Security/authorization,Critical,OpenAPI `POST_api_v1_calendar_events_id_unarchive`; Stage_3_Field_Traceability_Final_3.5.csv
AC-535,AC,MOD-009,Календарь,[Archived (Stage 3.5 State Matrix)/Authentication/session error handling (Stage 3.5 error/UI rule)/Authentication/session error handling (Stage 3.5 error/UI rule)/Device-revocation error handling (Stage 3.5 error/UI rule)] Session/device interruption: операция прекращается без сохранения неподтверждённого состояния,POST_api_v1_calendar_events_id_unarchive,POST /api/v1/calendar-events/{id}/unarchive,CalendarEvent.Update,OrganizerController.POST_api_v1_calendar_events_id_unarchive,SCR-040 Календарь; SCR-041 Календарь: день; SCR-042 Календарь: неделя; SCR-043 Календарь: месяц; SCR-044 Редактор CalendarEvent; SCR-045 Фильтры календаря; SCR-046 Предупреждение overlap; SCR-047 Conflict после drag/resize,FLOW-026 Архивирование,,Security/session,Critical,OpenAPI `POST_api_v1_calendar_events_id_unarchive`; Stage_3_Field_Traceability_Final_3.5.csv
AC-536,AC,MOD-009,Календарь,[STATE-014/Archived (Stage 3.5 State Matrix)/STATE-025] Conflict/precondition: устаревшая или отсутствующая If-Match не приводит к overwrite,POST_api_v1_calendar_events_id_unarchive,POST /api/v1/calendar-events/{id}/unarchive,CalendarEvent.Update,OrganizerController.POST_api_v1_calendar_events_id_unarchive,SCR-040 Календарь; SCR-041 Календарь: день; SCR-042 Календарь: неделя; SCR-043 Календарь: месяц; SCR-044 Редактор CalendarEvent; SCR-045 Фильтры календаря; SCR-046 Предупреждение overlap; SCR-047 Conflict после drag/resize,FLOW-026 Архивирование,,Concurrency/integration,Critical,OpenAPI `POST_api_v1_calendar_events_id_unarchive`; Stage_3_Field_Traceability_Final_3.5.csv
AC-537,AC,MOD-009,Календарь,[ServerUnavailable (Stage 3.5 State Matrix)/ServerUnavailable (cached read-only presentation) (Stage 3.5 State Matrix)/Reconnecting (Stage 3.5 State Matrix)] Server unavailable/read-only: команда Вернуть календарное событие из архива не ставится в offline queue,POST_api_v1_calendar_events_id_unarchive,POST /api/v1/calendar-events/{id}/unarchive,CalendarEvent.Update,OrganizerController.POST_api_v1_calendar_events_id_unarchive,SCR-040 Календарь; SCR-041 Календарь: день; SCR-042 Календарь: неделя; SCR-043 Календарь: месяц; SCR-044 Редактор CalendarEvent; SCR-045 Фильтры календаря; SCR-046 Предупреждение overlap; SCR-047 Conflict после drag/resize,FLOW-026 Архивирование,,Desktop/resilience,Critical,OpenAPI `POST_api_v1_calendar_events_id_unarchive`; Stage_3_Field_Traceability_Final_3.5.csv
AC-538,AC,MOD-009,Календарь,[Trashed (Stage 3.5 State Matrix)] Удалённый объект: команда не применяется к trashed target и не создаёт новый объект,POST_api_v1_calendar_events_id_unarchive,POST /api/v1/calendar-events/{id}/unarchive,CalendarEvent.Update,OrganizerController.POST_api_v1_calendar_events_id_unarchive,SCR-040 Календарь; SCR-041 Календарь: день; SCR-042 Календарь: неделя; SCR-043 Календарь: месяц; SCR-044 Редактор CalendarEvent; SCR-045 Фильтры календаря; SCR-046 Предупреждение overlap; SCR-047 Conflict после drag/resize,FLOW-026 Архивирование,,Lifecycle/integration,High,OpenAPI `POST_api_v1_calendar_events_id_unarchive`; Stage_3_Field_Traceability_Final_3.5.csv
AC-539,AC,MOD-009,Календарь,Happy path: Пересечения расписания,GET_api_v1_calendar_conflicts,GET /api/v1/calendar/conflicts,Calendar.Read,OrganizerController.GET_api_v1_calendar_conflicts,SCR-040 Календарь; SCR-041 Календарь: день; SCR-042 Календарь: неделя; SCR-043 Календарь: месяц; SCR-044 Редактор CalendarEvent; SCR-045 Фильтры календаря; SCR-046 Предупреждение overlap; SCR-047 Conflict после drag/resize,FLOW-031 Создание CalendarEvent; FLOW-032 Drag/resize календаря,,Contract/integration,High,OpenAPI `GET_api_v1_calendar_conflicts`; Stage_3_Field_Traceability_Final_3.5.csv
AC-540,AC,MOD-009,Календарь,[Forbidden (Stage 3.5 State Matrix)/ObjectUnavailable (Stage 3.5 State Matrix)] Permission denied: Пересечения расписания не выполняется и данные не раскрываются,GET_api_v1_calendar_conflicts,GET /api/v1/calendar/conflicts,Calendar.Read,OrganizerController.GET_api_v1_calendar_conflicts,SCR-040 Календарь; SCR-041 Календарь: день; SCR-042 Календарь: неделя; SCR-043 Календарь: месяц; SCR-044 Редактор CalendarEvent; SCR-045 Фильтры календаря; SCR-046 Предупреждение overlap; SCR-047 Conflict после drag/resize,FLOW-031 Создание CalendarEvent; FLOW-032 Drag/resize календаря,,Security/authorization,Critical,OpenAPI `GET_api_v1_calendar_conflicts`; Stage_3_Field_Traceability_Final_3.5.csv
AC-541,AC,MOD-009,Календарь,[Authentication/session error handling (Stage 3.5 error/UI rule)/Authentication/session error handling (Stage 3.5 error/UI rule)/Device-revocation error handling (Stage 3.5 error/UI rule)] Session/device interruption: операция прекращается без сохранения неподтверждённого состояния,GET_api_v1_calendar_conflicts,GET /api/v1/calendar/conflicts,Calendar.Read,OrganizerController.GET_api_v1_calendar_conflicts,SCR-040 Календарь; SCR-041 Календарь: день; SCR-042 Календарь: неделя; SCR-043 Календарь: месяц; SCR-044 Редактор CalendarEvent; SCR-045 Фильтры календаря; SCR-046 Предупреждение overlap; SCR-047 Conflict после drag/resize,FLOW-031 Создание CalendarEvent; FLOW-032 Drag/resize календаря,,Security/session,Critical,OpenAPI `GET_api_v1_calendar_conflicts`; Stage_3_Field_Traceability_Final_3.5.csv
AC-542,AC,MOD-009,Календарь,[STATE-007] Validation: fieldErrors сохраняют draft и привязываются к canonical field path,GET_api_v1_calendar_conflicts,GET /api/v1/calendar/conflicts,Calendar.Read,OrganizerController.GET_api_v1_calendar_conflicts,SCR-040 Календарь; SCR-041 Календарь: день; SCR-042 Календарь: неделя; SCR-043 Календарь: месяц; SCR-044 Редактор CalendarEvent; SCR-045 Фильтры календаря; SCR-046 Предупреждение overlap; SCR-047 Conflict после drag/resize,FLOW-031 Создание CalendarEvent; FLOW-032 Drag/resize календаря,,Contract/UI,High,OpenAPI `GET_api_v1_calendar_conflicts`; Stage_3_Field_Traceability_Final_3.5.csv
AC-1417,AC,MOD-009,Календарь,Desktop behavior: Каждое drag/resize действие должно иметь keyboard-equivalent dialog с теми же полями.,"— (Desktop-only, без нового API)","— (Desktop-only, без нового API)",Capability-driven; server recheck для команд,"— (Desktop-only, без нового API)",SCR-040 Календарь; SCR-041 Календарь: день; SCR-042 Календарь: неделя; SCR-043 Календарь: месяц; SCR-044 Редактор CalendarEvent; SCR-045 Фильтры календаря; SCR-046 Предупреждение overlap; SCR-047 Conflict после drag/resize,FLOW-031 Создание CalendarEvent; FLOW-032 Drag/resize календаря,,Desktop/UI,High,Stage 3.5 UX Architecture
AC-1563,AC,MOD-009,Календарь,[STATE-007] Field contract: CalendarEventCreate.title respects type/required/nullable/limits/PATCH semantics,— (операции модуля),—,—,—,SCR-040 Календарь; SCR-041 Календарь: день; SCR-042 Календарь: неделя; SCR-043 Календарь: месяц; SCR-044 Редактор CalendarEvent; SCR-045 Фильтры календаря; SCR-046 Предупреждение overlap; SCR-047 Conflict после drag/resize,FLOW-031 Создание CalendarEvent; FLOW-032 Drag/resize календаря,,Boundary/contract UI,High,dto_field_catalog.csv:CalendarEventCreate.title; openapi.yaml operation POST_api_v1_calendar_events
AC-1564,AC,MOD-009,Календарь,[STATE-007] Field contract: CalendarEventPatch.title respects type/required/nullable/limits/PATCH semantics,— (операции модуля),—,—,—,SCR-040 Календарь; SCR-041 Календарь: день; SCR-042 Календарь: неделя; SCR-043 Календарь: месяц; SCR-044 Редактор CalendarEvent; SCR-045 Фильтры календаря; SCR-046 Предупреждение overlap; SCR-047 Conflict после drag/resize,FLOW-031 Создание CalendarEvent; FLOW-032 Drag/resize календаря,,Boundary/contract UI,High,dto_field_catalog.csv:CalendarEventPatch.title; openapi.yaml operation PATCH_api_v1_calendar_events_id
AC-1565,AC,MOD-009,Календарь,[STATE-007] Field contract: TaskPatch.title respects type/required/nullable/limits/PATCH semantics,— (операции модуля),—,—,—,SCR-040 Календарь; SCR-041 Календарь: день; SCR-042 Календарь: неделя; SCR-043 Календарь: месяц; SCR-044 Редактор CalendarEvent; SCR-045 Фильтры календаря; SCR-046 Предупреждение overlap; SCR-047 Conflict после drag/resize,FLOW-031 Создание CalendarEvent; FLOW-032 Drag/resize календаря,,Boundary/contract UI,High,dto_field_catalog.csv:TaskPatch.title; openapi.yaml operation PATCH_api_v1_tasks_id
AC-1566,AC,MOD-009,Календарь,[STATE-007] Field contract: CalendarEventCreate.description respects type/required/nullable/limits/PATCH semantics,— (операции модуля),—,—,—,SCR-040 Календарь; SCR-041 Календарь: день; SCR-042 Календарь: неделя; SCR-043 Календарь: месяц; SCR-044 Редактор CalendarEvent; SCR-045 Фильтры календаря; SCR-046 Предупреждение overlap; SCR-047 Conflict после drag/resize,FLOW-031 Создание CalendarEvent; FLOW-032 Drag/resize календаря,,Boundary/contract UI,High,dto_field_catalog.csv:CalendarEventCreate.description; openapi.yaml operation POST_api_v1_calendar_events
AC-1567,AC,MOD-009,Календарь,[STATE-007] Field contract: CalendarEventPatch.description respects type/required/nullable/limits/PATCH semantics,— (операции модуля),—,—,—,SCR-040 Календарь; SCR-041 Календарь: день; SCR-042 Календарь: неделя; SCR-043 Календарь: месяц; SCR-044 Редактор CalendarEvent; SCR-045 Фильтры календаря; SCR-046 Предупреждение overlap; SCR-047 Conflict после drag/resize,FLOW-031 Создание CalendarEvent; FLOW-032 Drag/resize календаря,,Boundary/contract UI,High,dto_field_catalog.csv:CalendarEventPatch.description; openapi.yaml operation PATCH_api_v1_calendar_events_id
AC-1568,AC,MOD-009,Календарь,[STATE-007] Field contract: TaskPatch.description respects type/required/nullable/limits/PATCH semantics,— (операции модуля),—,—,—,SCR-040 Календарь; SCR-041 Календарь: день; SCR-042 Календарь: неделя; SCR-043 Календарь: месяц; SCR-044 Редактор CalendarEvent; SCR-045 Фильтры календаря; SCR-046 Предупреждение overlap; SCR-047 Conflict после drag/resize,FLOW-031 Создание CalendarEvent; FLOW-032 Drag/resize календаря,,Boundary/contract UI,High,dto_field_catalog.csv:TaskPatch.description; openapi.yaml operation PATCH_api_v1_tasks_id
AC-1569,AC,MOD-009,Календарь,[STATE-007] Field contract: CalendarEventCreate.status respects type/required/nullable/limits/PATCH semantics,— (операции модуля),—,—,—,SCR-040 Календарь; SCR-041 Календарь: день; SCR-042 Календарь: неделя; SCR-043 Календарь: месяц; SCR-044 Редактор CalendarEvent; SCR-045 Фильтры календаря; SCR-046 Предупреждение overlap; SCR-047 Conflict после drag/resize,FLOW-031 Создание CalendarEvent; FLOW-032 Drag/resize календаря,,Boundary/contract UI,High,dto_field_catalog.csv:CalendarEventCreate.status; openapi.yaml operation POST_api_v1_calendar_events
AC-1570,AC,MOD-009,Календарь,[STATE-007] Field contract: CalendarEventPatch.status respects type/required/nullable/limits/PATCH semantics,— (операции модуля),—,—,—,SCR-040 Календарь; SCR-041 Календарь: день; SCR-042 Календарь: неделя; SCR-043 Календарь: месяц; SCR-044 Редактор CalendarEvent; SCR-045 Фильтры календаря; SCR-046 Предупреждение overlap; SCR-047 Conflict после drag/resize,FLOW-031 Создание CalendarEvent; FLOW-032 Drag/resize календаря,,Boundary/contract UI,High,dto_field_catalog.csv:CalendarEventPatch.status; openapi.yaml operation PATCH_api_v1_calendar_events_id
AC-1571,AC,MOD-009,Календарь,[STATE-007] Field contract: TaskPatch.status respects type/required/nullable/limits/PATCH semantics,— (операции модуля),—,—,—,SCR-040 Календарь; SCR-041 Календарь: день; SCR-042 Календарь: неделя; SCR-043 Календарь: месяц; SCR-044 Редактор CalendarEvent; SCR-045 Фильтры календаря; SCR-046 Предупреждение overlap; SCR-047 Conflict после drag/resize,FLOW-031 Создание CalendarEvent; FLOW-032 Drag/resize календаря,,Boundary/contract UI,High,dto_field_catalog.csv:TaskPatch.status; openapi.yaml operation PATCH_api_v1_tasks_id
AC-1572,AC,MOD-009,Календарь,[STATE-007] Field contract: TaskPatch.priority respects type/required/nullable/limits/PATCH semantics,— (операции модуля),—,—,—,SCR-040 Календарь; SCR-041 Календарь: день; SCR-042 Календарь: неделя; SCR-043 Календарь: месяц; SCR-044 Редактор CalendarEvent; SCR-045 Фильтры календаря; SCR-046 Предупреждение overlap; SCR-047 Conflict после drag/resize,FLOW-031 Создание CalendarEvent; FLOW-032 Drag/resize календаря,,Boundary/contract UI,High,dto_field_catalog.csv:TaskPatch.priority; openapi.yaml operation PATCH_api_v1_tasks_id
AC-1573,AC,MOD-009,Календарь,[STATE-007] Field contract: CalendarEventCreate.projectId respects type/required/nullable/limits/PATCH semantics,— (операции модуля),—,—,—,SCR-040 Календарь; SCR-041 Календарь: день; SCR-042 Календарь: неделя; SCR-043 Календарь: месяц; SCR-044 Редактор CalendarEvent; SCR-045 Фильтры календаря; SCR-046 Предупреждение overlap; SCR-047 Conflict после drag/resize,FLOW-031 Создание CalendarEvent; FLOW-032 Drag/resize календаря,,Boundary/contract UI,High,dto_field_catalog.csv:CalendarEventCreate.projectId; openapi.yaml operation POST_api_v1_calendar_events
AC-1574,AC,MOD-009,Календарь,[STATE-007] Field contract: CalendarEventPatch.projectId respects type/required/nullable/limits/PATCH semantics,— (операции модуля),—,—,—,SCR-040 Календарь; SCR-041 Календарь: день; SCR-042 Календарь: неделя; SCR-043 Календарь: месяц; SCR-044 Редактор CalendarEvent; SCR-045 Фильтры календаря; SCR-046 Предупреждение overlap; SCR-047 Conflict после drag/resize,FLOW-031 Создание CalendarEvent; FLOW-032 Drag/resize календаря,,Boundary/contract UI,High,dto_field_catalog.csv:CalendarEventPatch.projectId; openapi.yaml operation PATCH_api_v1_calendar_events_id
AC-1575,AC,MOD-009,Календарь,[STATE-007] Field contract: TaskPatch.projectId respects type/required/nullable/limits/PATCH semantics,— (операции модуля),—,—,—,SCR-040 Календарь; SCR-041 Календарь: день; SCR-042 Календарь: неделя; SCR-043 Календарь: месяц; SCR-044 Редактор CalendarEvent; SCR-045 Фильтры календаря; SCR-046 Предупреждение overlap; SCR-047 Conflict после drag/resize,FLOW-031 Создание CalendarEvent; FLOW-032 Drag/resize календаря,,Boundary/contract UI,High,dto_field_catalog.csv:TaskPatch.projectId; openapi.yaml operation PATCH_api_v1_tasks_id
AC-1576,AC,MOD-009,Календарь,[STATE-007] Field contract: TaskPatch.assigneeIds respects type/required/nullable/limits/PATCH semantics,— (операции модуля),—,—,—,SCR-040 Календарь; SCR-041 Календарь: день; SCR-042 Календарь: неделя; SCR-043 Календарь: месяц; SCR-044 Редактор CalendarEvent; SCR-045 Фильтры календаря; SCR-046 Предупреждение overlap; SCR-047 Conflict после drag/resize,FLOW-031 Создание CalendarEvent; FLOW-032 Drag/resize календаря,,Boundary/contract UI,High,dto_field_catalog.csv:TaskPatch.assigneeIds; openapi.yaml operation PATCH_api_v1_tasks_id
AC-1577,AC,MOD-009,Календарь,[STATE-007] Field contract: TaskPatch.watcherIds respects type/required/nullable/limits/PATCH semantics,— (операции модуля),—,—,—,SCR-040 Календарь; SCR-041 Календарь: день; SCR-042 Календарь: неделя; SCR-043 Календарь: месяц; SCR-044 Редактор CalendarEvent; SCR-045 Фильтры календаря; SCR-046 Предупреждение overlap; SCR-047 Conflict после drag/resize,FLOW-031 Создание CalendarEvent; FLOW-032 Drag/resize календаря,,Boundary/contract UI,High,dto_field_catalog.csv:TaskPatch.watcherIds; openapi.yaml operation PATCH_api_v1_tasks_id
AC-1578,AC,MOD-009,Календарь,[STATE-007] Field contract: TaskPatch.scheduledDate respects type/required/nullable/limits/PATCH semantics,— (операции модуля),—,—,—,SCR-040 Календарь; SCR-041 Календарь: день; SCR-042 Календарь: неделя; SCR-043 Календарь: месяц; SCR-044 Редактор CalendarEvent; SCR-045 Фильтры календаря; SCR-046 Предупреждение overlap; SCR-047 Conflict после drag/resize,FLOW-031 Создание CalendarEvent; FLOW-032 Drag/resize календаря,,Boundary/contract UI,High,dto_field_catalog.csv:TaskPatch.scheduledDate; openapi.yaml operation PATCH_api_v1_tasks_id
AC-1579,AC,MOD-009,Календарь,[STATE-007] Field contract: TaskPatch.startTimeLocal respects type/required/nullable/limits/PATCH semantics,— (операции модуля),—,—,—,SCR-040 Календарь; SCR-041 Календарь: день; SCR-042 Календарь: неделя; SCR-043 Календарь: месяц; SCR-044 Редактор CalendarEvent; SCR-045 Фильтры календаря; SCR-046 Предупреждение overlap; SCR-047 Conflict после drag/resize,FLOW-031 Создание CalendarEvent; FLOW-032 Drag/resize календаря,,Boundary/contract UI,High,dto_field_catalog.csv:TaskPatch.startTimeLocal; openapi.yaml operation PATCH_api_v1_tasks_id
AC-1580,AC,MOD-009,Календарь,[STATE-007] Field contract: TaskPatch.plannedDurationMinutes respects type/required/nullable/limits/PATCH semantics,— (операции модуля),—,—,—,SCR-040 Календарь; SCR-041 Календарь: день; SCR-042 Календарь: неделя; SCR-043 Календарь: месяц; SCR-044 Редактор CalendarEvent; SCR-045 Фильтры календаря; SCR-046 Предупреждение overlap; SCR-047 Conflict после drag/resize,FLOW-031 Создание CalendarEvent; FLOW-032 Drag/resize календаря,,Boundary/contract UI,High,dto_field_catalog.csv:TaskPatch.plannedDurationMinutes; openapi.yaml operation PATCH_api_v1_tasks_id
AC-1581,AC,MOD-009,Календарь,[STATE-007] Field contract: TaskPatch.deadlineAt respects type/required/nullable/limits/PATCH semantics,— (операции модуля),—,—,—,SCR-040 Календарь; SCR-041 Календарь: день; SCR-042 Календарь: неделя; SCR-043 Календарь: месяц; SCR-044 Редактор CalendarEvent; SCR-045 Фильтры календаря; SCR-046 Предупреждение overlap; SCR-047 Conflict после drag/resize,FLOW-031 Создание CalendarEvent; FLOW-032 Drag/resize календаря,,Boundary/contract UI,High,dto_field_catalog.csv:TaskPatch.deadlineAt; openapi.yaml operation PATCH_api_v1_tasks_id
AC-1582,AC,MOD-009,Календарь,[STATE-007] Field contract: TaskPatch.scheduleTimeZone respects type/required/nullable/limits/PATCH semantics,— (операции модуля),—,—,—,SCR-040 Календарь; SCR-041 Календарь: день; SCR-042 Календарь: неделя; SCR-043 Календарь: месяц; SCR-044 Редактор CalendarEvent; SCR-045 Фильтры календаря; SCR-046 Предупреждение overlap; SCR-047 Conflict после drag/resize,FLOW-031 Создание CalendarEvent; FLOW-032 Drag/resize календаря,,Boundary/contract UI,High,dto_field_catalog.csv:TaskPatch.scheduleTimeZone; openapi.yaml operation PATCH_api_v1_tasks_id
AC-1583,AC,MOD-009,Календарь,[STATE-007] Field contract: AttendeesReplace.status respects type/required/nullable/limits/PATCH semantics,— (операции модуля),—,—,—,SCR-040 Календарь; SCR-041 Календарь: день; SCR-042 Календарь: неделя; SCR-043 Календарь: месяц; SCR-044 Редактор CalendarEvent; SCR-045 Фильтры календаря; SCR-046 Предупреждение overlap; SCR-047 Conflict после drag/resize,FLOW-031 Создание CalendarEvent; FLOW-032 Drag/resize календаря,,Boundary/contract UI,High,dto_field_catalog.csv:CalendarEvent.status; openapi.yaml operation PUT_api_v1_calendar_events_id_attendees
AC-1584,AC,MOD-009,Календарь,[STATE-007] Field contract: —.status respects type/required/nullable/limits/PATCH semantics,— (операции модуля),—,—,—,SCR-040 Календарь; SCR-041 Календарь: день; SCR-042 Календарь: неделя; SCR-043 Календарь: месяц; SCR-044 Редактор CalendarEvent; SCR-045 Фильтры календаря; SCR-046 Предупреждение overlap; SCR-047 Conflict после drag/resize,FLOW-031 Создание CalendarEvent; FLOW-032 Drag/resize календаря,,Boundary/contract UI,High,dto_field_catalog.csv:CalendarEvent.status; openapi.yaml operation GET_api_v1_calendar_events_id
AC-1585,AC,MOD-009,Календарь,[STATE-007] Field contract: AttendeeResponse.expectedAttendeeVersion respects type/required/nullable/limits/PATCH semantics,— (операции модуля),—,—,—,SCR-040 Календарь; SCR-041 Календарь: день; SCR-042 Календарь: неделя; SCR-043 Календарь: месяц; SCR-044 Редактор CalendarEvent; SCR-045 Фильтры календаря; SCR-046 Предупреждение overlap; SCR-047 Conflict после drag/resize,FLOW-031 Создание CalendarEvent; FLOW-032 Drag/resize календаря,,Boundary/contract UI,High,dto_field_catalog.csv:AttendeeResponse.expectedAttendeeVersion; openapi.yaml operation POST_api_v1_calendar_events_id_respond
AC-1586,AC,MOD-009,Календарь,[STATE-007] Field contract: AttendeeResponse.responseStatus respects type/required/nullable/limits/PATCH semantics,— (операции модуля),—,—,—,SCR-040 Календарь; SCR-041 Календарь: день; SCR-042 Календарь: неделя; SCR-043 Календарь: месяц; SCR-044 Редактор CalendarEvent; SCR-045 Фильтры календаря; SCR-046 Предупреждение overlap; SCR-047 Conflict после drag/resize,FLOW-031 Создание CalendarEvent; FLOW-032 Drag/resize календаря,,Boundary/contract UI,High,dto_field_catalog.csv:AttendeeResponse.responseStatus; openapi.yaml operation POST_api_v1_calendar_events_id_respond
AC-1836,AC,MOD-009,Календарь,Permission denial for FR-071,— (операции модуля),—,—,—,SCR-040 Календарь; SCR-041 Календарь: день; SCR-042 Календарь: неделя; SCR-043 Календарь: месяц; SCR-044 Редактор CalendarEvent; SCR-045 Фильтры календаря; SCR-046 Предупреждение overlap; SCR-047 Conflict после drag/resize,FLOW-031 Создание CalendarEvent; FLOW-032 Drag/resize календаря,,Security/authorization,Critical,OpenAPI `GET_api_v1_calendar`; Stage_3_Field_Traceability_Final_3.5.csv; cross-cutting requirement PERM-009
AC-1857,AC,MOD-009,Календарь,Stable error handling for FR-071,— (операции модуля),—,—,—,SCR-040 Календарь; SCR-041 Календарь: день; SCR-042 Календарь: неделя; SCR-043 Календарь: месяц; SCR-044 Редактор CalendarEvent; SCR-045 Фильтры календаря; SCR-046 Предупреждение overlap; SCR-047 Conflict после drag/resize,FLOW-031 Создание CalendarEvent; FLOW-032 Drag/resize календаря,,Error handling,High,OpenAPI `GET_api_v1_calendar`; Stage_3_Field_Traceability_Final_3.5.csv; cross-cutting requirement ERR-009
AC-1878,AC,MOD-009,Календарь,Read outage behavior for FR-071,GET_api_v1_sync_changes; POST_api_v1_sync_bootstrap; POST_api_v1_sync_ack,GET /api/v1/sync/changes; POST /api/v1/sync/bootstrap; POST /api/v1/sync/ack,—,OrganizerController.GET_api_v1_sync_changes; OrganizerController.POST_api_v1_sync_bootstrap; OrganizerController.POST_api_v1_sync_ack,SCR-040 Календарь; SCR-041 Календарь: день; SCR-042 Календарь: неделя; SCR-043 Календарь: месяц; SCR-044 Редактор CalendarEvent; SCR-045 Фильтры календаря; SCR-046 Предупреждение overlap; SCR-047 Conflict после drag/resize,FLOW-031 Создание CalendarEvent; FLOW-032 Drag/resize календаря,,Desktop/resilience,High,OpenAPI `GET_api_v1_calendar`; Stage_3_Field_Traceability_Final_3.5.csv; cross-cutting requirement SYNC-009
AC-1899,AC,MOD-009,Календарь,Audit evidence for FR-071,— (domain command + audit/history endpoints),—,—,— (domain handlers + audit pipeline),SCR-040 Календарь; SCR-041 Календарь: день; SCR-042 Календарь: неделя; SCR-043 Календарь: месяц; SCR-044 Редактор CalendarEvent; SCR-045 Фильтры календаря; SCR-046 Предупреждение overlap; SCR-047 Conflict после drag/resize,FLOW-031 Создание CalendarEvent; FLOW-032 Drag/resize календаря,,Audit/security,Critical,OpenAPI `GET_api_v1_calendar`; Stage_3_Field_Traceability_Final_3.5.csv; cross-cutting requirement AUDIT-009
AC-1997,AC,MOD-009,Календарь,Permission denial for FR-072,— (операции модуля),—,—,—,SCR-040 Календарь; SCR-041 Календарь: день; SCR-042 Календарь: неделя; SCR-043 Календарь: месяц; SCR-044 Редактор CalendarEvent; SCR-045 Фильтры календаря; SCR-046 Предупреждение overlap; SCR-047 Conflict после drag/resize,FLOW-031 Создание CalendarEvent; FLOW-032 Drag/resize календаря,,Security/authorization,Critical,OpenAPI `GET_api_v1_calendar_events`; Stage_3_Field_Traceability_Final_3.5.csv; cross-cutting requirement PERM-009
AC-1998,AC,MOD-009,Календарь,Permission denial for FR-073,— (операции модуля),—,—,—,SCR-040 Календарь; SCR-041 Календарь: день; SCR-042 Календарь: неделя; SCR-043 Календарь: месяц; SCR-044 Редактор CalendarEvent; SCR-045 Фильтры календаря; SCR-046 Предупреждение overlap; SCR-047 Conflict после drag/resize,FLOW-031 Создание CalendarEvent; FLOW-032 Drag/resize календаря,,Security/authorization,Critical,OpenAPI `POST_api_v1_calendar_events`; Stage_3_Field_Traceability_Final_3.5.csv; cross-cutting requirement PERM-009
AC-1999,AC,MOD-009,Календарь,Permission denial for FR-074,— (операции модуля),—,—,—,SCR-040 Календарь; SCR-041 Календарь: день; SCR-042 Календарь: неделя; SCR-043 Календарь: месяц; SCR-044 Редактор CalendarEvent; SCR-045 Фильтры календаря; SCR-046 Предупреждение overlap; SCR-047 Conflict после drag/resize,FLOW-031 Создание CalendarEvent; FLOW-032 Drag/resize календаря,,Security/authorization,Critical,OpenAPI `DELETE_api_v1_calendar_events_id`; Stage_3_Field_Traceability_Final_3.5.csv; cross-cutting requirement PERM-009
AC-2000,AC,MOD-009,Календарь,Permission denial for FR-075,— (операции модуля),—,—,—,SCR-040 Календарь; SCR-041 Календарь: день; SCR-042 Календарь: неделя; SCR-043 Календарь: месяц; SCR-044 Редактор CalendarEvent; SCR-045 Фильтры календаря; SCR-046 Предупреждение overlap; SCR-047 Conflict после drag/resize,FLOW-031 Создание CalendarEvent; FLOW-032 Drag/resize календаря,,Security/authorization,Critical,OpenAPI `GET_api_v1_calendar_events_id`; Stage_3_Field_Traceability_Final_3.5.csv; cross-cutting requirement PERM-009
AC-2001,AC,MOD-009,Календарь,Permission denial for FR-076,— (операции модуля),—,—,—,SCR-040 Календарь; SCR-041 Календарь: день; SCR-042 Календарь: неделя; SCR-043 Календарь: месяц; SCR-044 Редактор CalendarEvent; SCR-045 Фильтры календаря; SCR-046 Предупреждение overlap; SCR-047 Conflict после drag/resize,FLOW-031 Создание CalendarEvent; FLOW-032 Drag/resize календаря,,Security/authorization,Critical,OpenAPI `PATCH_api_v1_calendar_events_id`; Stage_3_Field_Traceability_Final_3.5.csv; cross-cutting requirement PERM-009
AC-2002,AC,MOD-009,Календарь,Permission denial for FR-077,— (операции модуля),—,—,—,SCR-040 Календарь; SCR-041 Календарь: день; SCR-042 Календарь: неделя; SCR-043 Календарь: месяц; SCR-044 Редактор CalendarEvent; SCR-045 Фильтры календаря; SCR-046 Предупреждение overlap; SCR-047 Conflict после drag/resize,FLOW-031 Создание CalendarEvent; FLOW-032 Drag/resize календаря,,Security/authorization,Critical,OpenAPI `POST_api_v1_calendar_events_id_archive`; Stage_3_Field_Traceability_Final_3.5.csv; cross-cutting requirement PERM-009
AC-2003,AC,MOD-009,Календарь,Permission denial for FR-078,— (операции модуля),—,—,—,SCR-040 Календарь; SCR-041 Календарь: день; SCR-042 Календарь: неделя; SCR-043 Календарь: месяц; SCR-044 Редактор CalendarEvent; SCR-045 Фильтры календаря; SCR-046 Предупреждение overlap; SCR-047 Conflict после drag/resize,FLOW-031 Создание CalendarEvent; FLOW-032 Drag/resize календаря,,Security/authorization,Critical,OpenAPI `PUT_api_v1_calendar_events_id_attendees`; Stage_3_Field_Traceability_Final_3.5.csv; cross-cutting requirement PERM-009
AC-2004,AC,MOD-009,Календарь,Permission denial for FR-079,— (операции модуля),—,—,—,SCR-040 Календарь; SCR-041 Календарь: день; SCR-042 Календарь: неделя; SCR-043 Календарь: месяц; SCR-044 Редактор CalendarEvent; SCR-045 Фильтры календаря; SCR-046 Предупреждение overlap; SCR-047 Conflict после drag/resize,FLOW-031 Создание CalendarEvent; FLOW-032 Drag/resize календаря,,Security/authorization,Critical,OpenAPI `POST_api_v1_calendar_events_id_respond`; Stage_3_Field_Traceability_Final_3.5.csv; cross-cutting requirement PERM-009
AC-2005,AC,MOD-009,Календарь,Permission denial for FR-080,— (операции модуля),—,—,—,SCR-040 Календарь; SCR-041 Календарь: день; SCR-042 Календарь: неделя; SCR-043 Календарь: месяц; SCR-044 Редактор CalendarEvent; SCR-045 Фильтры календаря; SCR-046 Предупреждение overlap; SCR-047 Conflict после drag/resize,FLOW-031 Создание CalendarEvent; FLOW-032 Drag/resize календаря,,Security/authorization,Critical,OpenAPI `POST_api_v1_calendar_events_id_restore`; Stage_3_Field_Traceability_Final_3.5.csv; cross-cutting requirement PERM-009
AC-2006,AC,MOD-009,Календарь,Permission denial for FR-081,— (операции модуля),—,—,—,SCR-040 Календарь; SCR-041 Календарь: день; SCR-042 Календарь: неделя; SCR-043 Календарь: месяц; SCR-044 Редактор CalendarEvent; SCR-045 Фильтры календаря; SCR-046 Предупреждение overlap; SCR-047 Conflict после drag/resize,FLOW-031 Создание CalendarEvent; FLOW-032 Drag/resize календаря,,Security/authorization,Critical,OpenAPI `POST_api_v1_calendar_events_id_unarchive`; Stage_3_Field_Traceability_Final_3.5.csv; cross-cutting requirement PERM-009
AC-2007,AC,MOD-009,Календарь,Permission denial for FR-082,— (операции модуля),—,—,—,SCR-040 Календарь; SCR-041 Календарь: день; SCR-042 Календарь: неделя; SCR-043 Календарь: месяц; SCR-044 Редактор CalendarEvent; SCR-045 Фильтры календаря; SCR-046 Предупреждение overlap; SCR-047 Conflict после drag/resize,FLOW-031 Создание CalendarEvent; FLOW-032 Drag/resize календаря,,Security/authorization,Critical,OpenAPI `GET_api_v1_calendar_conflicts`; Stage_3_Field_Traceability_Final_3.5.csv; cross-cutting requirement PERM-009
AC-2008,AC,MOD-009,Календарь,Permission denial for FR-254,— (операции модуля),—,—,—,SCR-040 Календарь; SCR-041 Календарь: день; SCR-042 Календарь: неделя; SCR-043 Календарь: месяц; SCR-044 Редактор CalendarEvent; SCR-045 Фильтры календаря; SCR-046 Предупреждение overlap; SCR-047 Conflict после drag/resize,FLOW-031 Создание CalendarEvent; FLOW-032 Drag/resize календаря,,Security/authorization,Critical,Stage 3.5 UX Architecture/Decision Log; cross-cutting requirement PERM-009
AC-2255,AC,MOD-009,Календарь,Stable error handling for FR-072,— (операции модуля),—,—,—,SCR-040 Календарь; SCR-041 Календарь: день; SCR-042 Календарь: неделя; SCR-043 Календарь: месяц; SCR-044 Редактор CalendarEvent; SCR-045 Фильтры календаря; SCR-046 Предупреждение overlap; SCR-047 Conflict после drag/resize,FLOW-031 Создание CalendarEvent; FLOW-032 Drag/resize календаря,,Error handling,High,OpenAPI `GET_api_v1_calendar_events`; Stage_3_Field_Traceability_Final_3.5.csv; cross-cutting requirement ERR-009
AC-2256,AC,MOD-009,Календарь,Stable error handling for FR-073,— (операции модуля),—,—,—,SCR-040 Календарь; SCR-041 Календарь: день; SCR-042 Календарь: неделя; SCR-043 Календарь: месяц; SCR-044 Редактор CalendarEvent; SCR-045 Фильтры календаря; SCR-046 Предупреждение overlap; SCR-047 Conflict после drag/resize,FLOW-031 Создание CalendarEvent; FLOW-032 Drag/resize календаря,,Error handling,High,OpenAPI `POST_api_v1_calendar_events`; Stage_3_Field_Traceability_Final_3.5.csv; cross-cutting requirement ERR-009
AC-2257,AC,MOD-009,Календарь,Stable error handling for FR-074,— (операции модуля),—,—,—,SCR-040 Календарь; SCR-041 Календарь: день; SCR-042 Календарь: неделя; SCR-043 Календарь: месяц; SCR-044 Редактор CalendarEvent; SCR-045 Фильтры календаря; SCR-046 Предупреждение overlap; SCR-047 Conflict после drag/resize,FLOW-031 Создание CalendarEvent; FLOW-032 Drag/resize календаря,,Error handling,High,OpenAPI `DELETE_api_v1_calendar_events_id`; Stage_3_Field_Traceability_Final_3.5.csv; cross-cutting requirement ERR-009
AC-2258,AC,MOD-009,Календарь,Stable error handling for FR-075,— (операции модуля),—,—,—,SCR-040 Календарь; SCR-041 Календарь: день; SCR-042 Календарь: неделя; SCR-043 Календарь: месяц; SCR-044 Редактор CalendarEvent; SCR-045 Фильтры календаря; SCR-046 Предупреждение overlap; SCR-047 Conflict после drag/resize,FLOW-031 Создание CalendarEvent; FLOW-032 Drag/resize календаря,,Error handling,High,OpenAPI `GET_api_v1_calendar_events_id`; Stage_3_Field_Traceability_Final_3.5.csv; cross-cutting requirement ERR-009
AC-2259,AC,MOD-009,Календарь,Stable error handling for FR-076,— (операции модуля),—,—,—,SCR-040 Календарь; SCR-041 Календарь: день; SCR-042 Календарь: неделя; SCR-043 Календарь: месяц; SCR-044 Редактор CalendarEvent; SCR-045 Фильтры календаря; SCR-046 Предупреждение overlap; SCR-047 Conflict после drag/resize,FLOW-031 Создание CalendarEvent; FLOW-032 Drag/resize календаря,,Error handling,High,OpenAPI `PATCH_api_v1_calendar_events_id`; Stage_3_Field_Traceability_Final_3.5.csv; cross-cutting requirement ERR-009
AC-2260,AC,MOD-009,Календарь,Stable error handling for FR-077,— (операции модуля),—,—,—,SCR-040 Календарь; SCR-041 Календарь: день; SCR-042 Календарь: неделя; SCR-043 Календарь: месяц; SCR-044 Редактор CalendarEvent; SCR-045 Фильтры календаря; SCR-046 Предупреждение overlap; SCR-047 Conflict после drag/resize,FLOW-031 Создание CalendarEvent; FLOW-032 Drag/resize календаря,,Error handling,High,OpenAPI `POST_api_v1_calendar_events_id_archive`; Stage_3_Field_Traceability_Final_3.5.csv; cross-cutting requirement ERR-009
AC-2261,AC,MOD-009,Календарь,Stable error handling for FR-078,— (операции модуля),—,—,—,SCR-040 Календарь; SCR-041 Календарь: день; SCR-042 Календарь: неделя; SCR-043 Календарь: месяц; SCR-044 Редактор CalendarEvent; SCR-045 Фильтры календаря; SCR-046 Предупреждение overlap; SCR-047 Conflict после drag/resize,FLOW-031 Создание CalendarEvent; FLOW-032 Drag/resize календаря,,Error handling,High,OpenAPI `PUT_api_v1_calendar_events_id_attendees`; Stage_3_Field_Traceability_Final_3.5.csv; cross-cutting requirement ERR-009
AC-2262,AC,MOD-009,Календарь,Stable error handling for FR-079,— (операции модуля),—,—,—,SCR-040 Календарь; SCR-041 Календарь: день; SCR-042 Календарь: неделя; SCR-043 Календарь: месяц; SCR-044 Редактор CalendarEvent; SCR-045 Фильтры календаря; SCR-046 Предупреждение overlap; SCR-047 Conflict после drag/resize,FLOW-031 Создание CalendarEvent; FLOW-032 Drag/resize календаря,,Error handling,High,OpenAPI `POST_api_v1_calendar_events_id_respond`; Stage_3_Field_Traceability_Final_3.5.csv; cross-cutting requirement ERR-009
AC-2263,AC,MOD-009,Календарь,Stable error handling for FR-080,— (операции модуля),—,—,—,SCR-040 Календарь; SCR-041 Календарь: день; SCR-042 Календарь: неделя; SCR-043 Календарь: месяц; SCR-044 Редактор CalendarEvent; SCR-045 Фильтры календаря; SCR-046 Предупреждение overlap; SCR-047 Conflict после drag/resize,FLOW-031 Создание CalendarEvent; FLOW-032 Drag/resize календаря,,Error handling,High,OpenAPI `POST_api_v1_calendar_events_id_restore`; Stage_3_Field_Traceability_Final_3.5.csv; cross-cutting requirement ERR-009
AC-2264,AC,MOD-009,Календарь,Stable error handling for FR-081,— (операции модуля),—,—,—,SCR-040 Календарь; SCR-041 Календарь: день; SCR-042 Календарь: неделя; SCR-043 Календарь: месяц; SCR-044 Редактор CalendarEvent; SCR-045 Фильтры календаря; SCR-046 Предупреждение overlap; SCR-047 Conflict после drag/resize,FLOW-031 Создание CalendarEvent; FLOW-032 Drag/resize календаря,,Error handling,High,OpenAPI `POST_api_v1_calendar_events_id_unarchive`; Stage_3_Field_Traceability_Final_3.5.csv; cross-cutting requirement ERR-009
AC-2265,AC,MOD-009,Календарь,Stable error handling for FR-082,— (операции модуля),—,—,—,SCR-040 Календарь; SCR-041 Календарь: день; SCR-042 Календарь: неделя; SCR-043 Календарь: месяц; SCR-044 Редактор CalendarEvent; SCR-045 Фильтры календаря; SCR-046 Предупреждение overlap; SCR-047 Conflict после drag/resize,FLOW-031 Создание CalendarEvent; FLOW-032 Drag/resize календаря,,Error handling,High,OpenAPI `GET_api_v1_calendar_conflicts`; Stage_3_Field_Traceability_Final_3.5.csv; cross-cutting requirement ERR-009
AC-2266,AC,MOD-009,Календарь,Stable error handling for FR-254,— (операции модуля),—,—,—,SCR-040 Календарь; SCR-041 Календарь: день; SCR-042 Календарь: неделя; SCR-043 Календарь: месяц; SCR-044 Редактор CalendarEvent; SCR-045 Фильтры календаря; SCR-046 Предупреждение overlap; SCR-047 Conflict после drag/resize,FLOW-031 Создание CalendarEvent; FLOW-032 Drag/resize календаря,,Error handling,High,Stage 3.5 UX Architecture/Decision Log; cross-cutting requirement ERR-009
AC-2513,AC,MOD-009,Календарь,Read outage behavior for FR-072,GET_api_v1_sync_changes; POST_api_v1_sync_bootstrap; POST_api_v1_sync_ack,GET /api/v1/sync/changes; POST /api/v1/sync/bootstrap; POST /api/v1/sync/ack,—,OrganizerController.GET_api_v1_sync_changes; OrganizerController.POST_api_v1_sync_bootstrap; OrganizerController.POST_api_v1_sync_ack,SCR-040 Календарь; SCR-041 Календарь: день; SCR-042 Календарь: неделя; SCR-043 Календарь: месяц; SCR-044 Редактор CalendarEvent; SCR-045 Фильтры календаря; SCR-046 Предупреждение overlap; SCR-047 Conflict после drag/resize,FLOW-031 Создание CalendarEvent; FLOW-032 Drag/resize календаря,,Desktop/resilience,High,OpenAPI `GET_api_v1_calendar_events`; Stage_3_Field_Traceability_Final_3.5.csv; cross-cutting requirement SYNC-009
AC-2514,AC,MOD-009,Календарь,Command outage behavior for FR-073,GET_api_v1_sync_changes; POST_api_v1_sync_bootstrap; POST_api_v1_sync_ack,GET /api/v1/sync/changes; POST /api/v1/sync/bootstrap; POST /api/v1/sync/ack,—,OrganizerController.GET_api_v1_sync_changes; OrganizerController.POST_api_v1_sync_bootstrap; OrganizerController.POST_api_v1_sync_ack,SCR-040 Календарь; SCR-041 Календарь: день; SCR-042 Календарь: неделя; SCR-043 Календарь: месяц; SCR-044 Редактор CalendarEvent; SCR-045 Фильтры календаря; SCR-046 Предупреждение overlap; SCR-047 Conflict после drag/resize,FLOW-031 Создание CalendarEvent; FLOW-032 Drag/resize календаря,,Desktop/resilience,High,OpenAPI `POST_api_v1_calendar_events`; Stage_3_Field_Traceability_Final_3.5.csv; cross-cutting requirement SYNC-009
AC-2515,AC,MOD-009,Календарь,Command outage behavior for FR-074,GET_api_v1_sync_changes; POST_api_v1_sync_bootstrap; POST_api_v1_sync_ack,GET /api/v1/sync/changes; POST /api/v1/sync/bootstrap; POST /api/v1/sync/ack,—,OrganizerController.GET_api_v1_sync_changes; OrganizerController.POST_api_v1_sync_bootstrap; OrganizerController.POST_api_v1_sync_ack,SCR-040 Календарь; SCR-041 Календарь: день; SCR-042 Календарь: неделя; SCR-043 Календарь: месяц; SCR-044 Редактор CalendarEvent; SCR-045 Фильтры календаря; SCR-046 Предупреждение overlap; SCR-047 Conflict после drag/resize,FLOW-031 Создание CalendarEvent; FLOW-032 Drag/resize календаря,,Desktop/resilience,High,OpenAPI `DELETE_api_v1_calendar_events_id`; Stage_3_Field_Traceability_Final_3.5.csv; cross-cutting requirement SYNC-009
AC-2516,AC,MOD-009,Календарь,Read outage behavior for FR-075,GET_api_v1_sync_changes; POST_api_v1_sync_bootstrap; POST_api_v1_sync_ack,GET /api/v1/sync/changes; POST /api/v1/sync/bootstrap; POST /api/v1/sync/ack,—,OrganizerController.GET_api_v1_sync_changes; OrganizerController.POST_api_v1_sync_bootstrap; OrganizerController.POST_api_v1_sync_ack,SCR-040 Календарь; SCR-041 Календарь: день; SCR-042 Календарь: неделя; SCR-043 Календарь: месяц; SCR-044 Редактор CalendarEvent; SCR-045 Фильтры календаря; SCR-046 Предупреждение overlap; SCR-047 Conflict после drag/resize,FLOW-031 Создание CalendarEvent; FLOW-032 Drag/resize календаря,,Desktop/resilience,High,OpenAPI `GET_api_v1_calendar_events_id`; Stage_3_Field_Traceability_Final_3.5.csv; cross-cutting requirement SYNC-009
AC-2517,AC,MOD-009,Календарь,Command outage behavior for FR-076,GET_api_v1_sync_changes; POST_api_v1_sync_bootstrap; POST_api_v1_sync_ack,GET /api/v1/sync/changes; POST /api/v1/sync/bootstrap; POST /api/v1/sync/ack,—,OrganizerController.GET_api_v1_sync_changes; OrganizerController.POST_api_v1_sync_bootstrap; OrganizerController.POST_api_v1_sync_ack,SCR-040 Календарь; SCR-041 Календарь: день; SCR-042 Календарь: неделя; SCR-043 Календарь: месяц; SCR-044 Редактор CalendarEvent; SCR-045 Фильтры календаря; SCR-046 Предупреждение overlap; SCR-047 Conflict после drag/resize,FLOW-031 Создание CalendarEvent; FLOW-032 Drag/resize календаря,,Desktop/resilience,High,OpenAPI `PATCH_api_v1_calendar_events_id`; Stage_3_Field_Traceability_Final_3.5.csv; cross-cutting requirement SYNC-009
AC-2518,AC,MOD-009,Календарь,Command outage behavior for FR-077,GET_api_v1_sync_changes; POST_api_v1_sync_bootstrap; POST_api_v1_sync_ack,GET /api/v1/sync/changes; POST /api/v1/sync/bootstrap; POST /api/v1/sync/ack,—,OrganizerController.GET_api_v1_sync_changes; OrganizerController.POST_api_v1_sync_bootstrap; OrganizerController.POST_api_v1_sync_ack,SCR-040 Календарь; SCR-041 Календарь: день; SCR-042 Календарь: неделя; SCR-043 Календарь: месяц; SCR-044 Редактор CalendarEvent; SCR-045 Фильтры календаря; SCR-046 Предупреждение overlap; SCR-047 Conflict после drag/resize,FLOW-031 Создание CalendarEvent; FLOW-032 Drag/resize календаря,,Desktop/resilience,High,OpenAPI `POST_api_v1_calendar_events_id_archive`; Stage_3_Field_Traceability_Final_3.5.csv; cross-cutting requirement SYNC-009
AC-2519,AC,MOD-009,Календарь,Command outage behavior for FR-078,GET_api_v1_sync_changes; POST_api_v1_sync_bootstrap; POST_api_v1_sync_ack,GET /api/v1/sync/changes; POST /api/v1/sync/bootstrap; POST /api/v1/sync/ack,—,OrganizerController.GET_api_v1_sync_changes; OrganizerController.POST_api_v1_sync_bootstrap; OrganizerController.POST_api_v1_sync_ack,SCR-040 Календарь; SCR-041 Календарь: день; SCR-042 Календарь: неделя; SCR-043 Календарь: месяц; SCR-044 Редактор CalendarEvent; SCR-045 Фильтры календаря; SCR-046 Предупреждение overlap; SCR-047 Conflict после drag/resize,FLOW-031 Создание CalendarEvent; FLOW-032 Drag/resize календаря,,Desktop/resilience,High,OpenAPI `PUT_api_v1_calendar_events_id_attendees`; Stage_3_Field_Traceability_Final_3.5.csv; cross-cutting requirement SYNC-009
AC-2520,AC,MOD-009,Календарь,Command outage behavior for FR-079,GET_api_v1_sync_changes; POST_api_v1_sync_bootstrap; POST_api_v1_sync_ack,GET /api/v1/sync/changes; POST /api/v1/sync/bootstrap; POST /api/v1/sync/ack,—,OrganizerController.GET_api_v1_sync_changes; OrganizerController.POST_api_v1_sync_bootstrap; OrganizerController.POST_api_v1_sync_ack,SCR-040 Календарь; SCR-041 Календарь: день; SCR-042 Календарь: неделя; SCR-043 Календарь: месяц; SCR-044 Редактор CalendarEvent; SCR-045 Фильтры календаря; SCR-046 Предупреждение overlap; SCR-047 Conflict после drag/resize,FLOW-031 Создание CalendarEvent; FLOW-032 Drag/resize календаря,,Desktop/resilience,High,OpenAPI `POST_api_v1_calendar_events_id_respond`; Stage_3_Field_Traceability_Final_3.5.csv; cross-cutting requirement SYNC-009
AC-2521,AC,MOD-009,Календарь,Command outage behavior for FR-080,GET_api_v1_sync_changes; POST_api_v1_sync_bootstrap; POST_api_v1_sync_ack,GET /api/v1/sync/changes; POST /api/v1/sync/bootstrap; POST /api/v1/sync/ack,—,OrganizerController.GET_api_v1_sync_changes; OrganizerController.POST_api_v1_sync_bootstrap; OrganizerController.POST_api_v1_sync_ack,SCR-040 Календарь; SCR-041 Календарь: день; SCR-042 Календарь: неделя; SCR-043 Календарь: месяц; SCR-044 Редактор CalendarEvent; SCR-045 Фильтры календаря; SCR-046 Предупреждение overlap; SCR-047 Conflict после drag/resize,FLOW-031 Создание CalendarEvent; FLOW-032 Drag/resize календаря,,Desktop/resilience,High,OpenAPI `POST_api_v1_calendar_events_id_restore`; Stage_3_Field_Traceability_Final_3.5.csv; cross-cutting requirement SYNC-009
AC-2522,AC,MOD-009,Календарь,Command outage behavior for FR-081,GET_api_v1_sync_changes; POST_api_v1_sync_bootstrap; POST_api_v1_sync_ack,GET /api/v1/sync/changes; POST /api/v1/sync/bootstrap; POST /api/v1/sync/ack,—,OrganizerController.GET_api_v1_sync_changes; OrganizerController.POST_api_v1_sync_bootstrap; OrganizerController.POST_api_v1_sync_ack,SCR-040 Календарь; SCR-041 Календарь: день; SCR-042 Календарь: неделя; SCR-043 Календарь: месяц; SCR-044 Редактор CalendarEvent; SCR-045 Фильтры календаря; SCR-046 Предупреждение overlap; SCR-047 Conflict после drag/resize,FLOW-031 Создание CalendarEvent; FLOW-032 Drag/resize календаря,,Desktop/resilience,High,OpenAPI `POST_api_v1_calendar_events_id_unarchive`; Stage_3_Field_Traceability_Final_3.5.csv; cross-cutting requirement SYNC-009
AC-2523,AC,MOD-009,Календарь,Read outage behavior for FR-082,GET_api_v1_sync_changes; POST_api_v1_sync_bootstrap; POST_api_v1_sync_ack,GET /api/v1/sync/changes; POST /api/v1/sync/bootstrap; POST /api/v1/sync/ack,—,OrganizerController.GET_api_v1_sync_changes; OrganizerController.POST_api_v1_sync_bootstrap; OrganizerController.POST_api_v1_sync_ack,SCR-040 Календарь; SCR-041 Календарь: день; SCR-042 Календарь: неделя; SCR-043 Календарь: месяц; SCR-044 Редактор CalendarEvent; SCR-045 Фильтры календаря; SCR-046 Предупреждение overlap; SCR-047 Conflict после drag/resize,FLOW-031 Создание CalendarEvent; FLOW-032 Drag/resize календаря,,Desktop/resilience,High,OpenAPI `GET_api_v1_calendar_conflicts`; Stage_3_Field_Traceability_Final_3.5.csv; cross-cutting requirement SYNC-009
AC-2524,AC,MOD-009,Календарь,Read outage behavior for FR-254,GET_api_v1_sync_changes; POST_api_v1_sync_bootstrap; POST_api_v1_sync_ack,GET /api/v1/sync/changes; POST /api/v1/sync/bootstrap; POST /api/v1/sync/ack,—,OrganizerController.GET_api_v1_sync_changes; OrganizerController.POST_api_v1_sync_bootstrap; OrganizerController.POST_api_v1_sync_ack,SCR-040 Календарь; SCR-041 Календарь: день; SCR-042 Календарь: неделя; SCR-043 Календарь: месяц; SCR-044 Редактор CalendarEvent; SCR-045 Фильтры календаря; SCR-046 Предупреждение overlap; SCR-047 Conflict после drag/resize,FLOW-031 Создание CalendarEvent; FLOW-032 Drag/resize календаря,,Desktop/resilience,High,Stage 3.5 UX Architecture/Decision Log; cross-cutting requirement SYNC-009
AC-2771,AC,MOD-009,Календарь,Audit evidence for FR-072,— (domain command + audit/history endpoints),—,—,— (domain handlers + audit pipeline),SCR-040 Календарь; SCR-041 Календарь: день; SCR-042 Календарь: неделя; SCR-043 Календарь: месяц; SCR-044 Редактор CalendarEvent; SCR-045 Фильтры календаря; SCR-046 Предупреждение overlap; SCR-047 Conflict после drag/resize,FLOW-031 Создание CalendarEvent; FLOW-032 Drag/resize календаря,,Audit/security,Critical,OpenAPI `GET_api_v1_calendar_events`; Stage_3_Field_Traceability_Final_3.5.csv; cross-cutting requirement AUDIT-009
AC-2772,AC,MOD-009,Календарь,Audit evidence for FR-073,— (domain command + audit/history endpoints),—,—,— (domain handlers + audit pipeline),SCR-040 Календарь; SCR-041 Календарь: день; SCR-042 Календарь: неделя; SCR-043 Календарь: месяц; SCR-044 Редактор CalendarEvent; SCR-045 Фильтры календаря; SCR-046 Предупреждение overlap; SCR-047 Conflict после drag/resize,FLOW-031 Создание CalendarEvent; FLOW-032 Drag/resize календаря,,Audit/security,Critical,OpenAPI `POST_api_v1_calendar_events`; Stage_3_Field_Traceability_Final_3.5.csv; cross-cutting requirement AUDIT-009
AC-2773,AC,MOD-009,Календарь,Audit evidence for FR-074,— (domain command + audit/history endpoints),—,—,— (domain handlers + audit pipeline),SCR-040 Календарь; SCR-041 Календарь: день; SCR-042 Календарь: неделя; SCR-043 Календарь: месяц; SCR-044 Редактор CalendarEvent; SCR-045 Фильтры календаря; SCR-046 Предупреждение overlap; SCR-047 Conflict после drag/resize,FLOW-031 Создание CalendarEvent; FLOW-032 Drag/resize календаря,,Audit/security,Critical,OpenAPI `DELETE_api_v1_calendar_events_id`; Stage_3_Field_Traceability_Final_3.5.csv; cross-cutting requirement AUDIT-009
AC-2774,AC,MOD-009,Календарь,Audit evidence for FR-075,— (domain command + audit/history endpoints),—,—,— (domain handlers + audit pipeline),SCR-040 Календарь; SCR-041 Календарь: день; SCR-042 Календарь: неделя; SCR-043 Календарь: месяц; SCR-044 Редактор CalendarEvent; SCR-045 Фильтры календаря; SCR-046 Предупреждение overlap; SCR-047 Conflict после drag/resize,FLOW-031 Создание CalendarEvent; FLOW-032 Drag/resize календаря,,Audit/security,Critical,OpenAPI `GET_api_v1_calendar_events_id`; Stage_3_Field_Traceability_Final_3.5.csv; cross-cutting requirement AUDIT-009
AC-2775,AC,MOD-009,Календарь,Audit evidence for FR-076,— (domain command + audit/history endpoints),—,—,— (domain handlers + audit pipeline),SCR-040 Календарь; SCR-041 Календарь: день; SCR-042 Календарь: неделя; SCR-043 Календарь: месяц; SCR-044 Редактор CalendarEvent; SCR-045 Фильтры календаря; SCR-046 Предупреждение overlap; SCR-047 Conflict после drag/resize,FLOW-031 Создание CalendarEvent; FLOW-032 Drag/resize календаря,,Audit/security,Critical,OpenAPI `PATCH_api_v1_calendar_events_id`; Stage_3_Field_Traceability_Final_3.5.csv; cross-cutting requirement AUDIT-009
AC-2776,AC,MOD-009,Календарь,Audit evidence for FR-077,— (domain command + audit/history endpoints),—,—,— (domain handlers + audit pipeline),SCR-040 Календарь; SCR-041 Календарь: день; SCR-042 Календарь: неделя; SCR-043 Календарь: месяц; SCR-044 Редактор CalendarEvent; SCR-045 Фильтры календаря; SCR-046 Предупреждение overlap; SCR-047 Conflict после drag/resize,FLOW-031 Создание CalendarEvent; FLOW-032 Drag/resize календаря,,Audit/security,Critical,OpenAPI `POST_api_v1_calendar_events_id_archive`; Stage_3_Field_Traceability_Final_3.5.csv; cross-cutting requirement AUDIT-009
AC-2777,AC,MOD-009,Календарь,Audit evidence for FR-078,— (domain command + audit/history endpoints),—,—,— (domain handlers + audit pipeline),SCR-040 Календарь; SCR-041 Календарь: день; SCR-042 Календарь: неделя; SCR-043 Календарь: месяц; SCR-044 Редактор CalendarEvent; SCR-045 Фильтры календаря; SCR-046 Предупреждение overlap; SCR-047 Conflict после drag/resize,FLOW-031 Создание CalendarEvent; FLOW-032 Drag/resize календаря,,Audit/security,Critical,OpenAPI `PUT_api_v1_calendar_events_id_attendees`; Stage_3_Field_Traceability_Final_3.5.csv; cross-cutting requirement AUDIT-009
AC-2778,AC,MOD-009,Календарь,Audit evidence for FR-079,— (domain command + audit/history endpoints),—,—,— (domain handlers + audit pipeline),SCR-040 Календарь; SCR-041 Календарь: день; SCR-042 Календарь: неделя; SCR-043 Календарь: месяц; SCR-044 Редактор CalendarEvent; SCR-045 Фильтры календаря; SCR-046 Предупреждение overlap; SCR-047 Conflict после drag/resize,FLOW-031 Создание CalendarEvent; FLOW-032 Drag/resize календаря,,Audit/security,Critical,OpenAPI `POST_api_v1_calendar_events_id_respond`; Stage_3_Field_Traceability_Final_3.5.csv; cross-cutting requirement AUDIT-009
AC-2779,AC,MOD-009,Календарь,Audit evidence for FR-080,— (domain command + audit/history endpoints),—,—,— (domain handlers + audit pipeline),SCR-040 Календарь; SCR-041 Календарь: день; SCR-042 Календарь: неделя; SCR-043 Календарь: месяц; SCR-044 Редактор CalendarEvent; SCR-045 Фильтры календаря; SCR-046 Предупреждение overlap; SCR-047 Conflict после drag/resize,FLOW-031 Создание CalendarEvent; FLOW-032 Drag/resize календаря,,Audit/security,Critical,OpenAPI `POST_api_v1_calendar_events_id_restore`; Stage_3_Field_Traceability_Final_3.5.csv; cross-cutting requirement AUDIT-009
AC-2780,AC,MOD-009,Календарь,Audit evidence for FR-081,— (domain command + audit/history endpoints),—,—,— (domain handlers + audit pipeline),SCR-040 Календарь; SCR-041 Календарь: день; SCR-042 Календарь: неделя; SCR-043 Календарь: месяц; SCR-044 Редактор CalendarEvent; SCR-045 Фильтры календаря; SCR-046 Предупреждение overlap; SCR-047 Conflict после drag/resize,FLOW-031 Создание CalendarEvent; FLOW-032 Drag/resize календаря,,Audit/security,Critical,OpenAPI `POST_api_v1_calendar_events_id_unarchive`; Stage_3_Field_Traceability_Final_3.5.csv; cross-cutting requirement AUDIT-009
AC-2781,AC,MOD-009,Календарь,Audit evidence for FR-082,— (domain command + audit/history endpoints),—,—,— (domain handlers + audit pipeline),SCR-040 Календарь; SCR-041 Календарь: день; SCR-042 Календарь: неделя; SCR-043 Календарь: месяц; SCR-044 Редактор CalendarEvent; SCR-045 Фильтры календаря; SCR-046 Предупреждение overlap; SCR-047 Conflict после drag/resize,FLOW-031 Создание CalendarEvent; FLOW-032 Drag/resize календаря,,Audit/security,Critical,OpenAPI `GET_api_v1_calendar_conflicts`; Stage_3_Field_Traceability_Final_3.5.csv; cross-cutting requirement AUDIT-009
AC-2782,AC,MOD-009,Календарь,Audit evidence for FR-254,— (domain command + audit/history endpoints),—,—,— (domain handlers + audit pipeline),SCR-040 Календарь; SCR-041 Календарь: день; SCR-042 Календарь: неделя; SCR-043 Календарь: месяц; SCR-044 Редактор CalendarEvent; SCR-045 Фильтры календаря; SCR-046 Предупреждение overlap; SCR-047 Conflict после drag/resize,FLOW-031 Создание CalendarEvent; FLOW-032 Drag/resize календаря,,Audit/security,Critical,Stage 3.5 UX Architecture/Decision Log; cross-cutting requirement AUDIT-009
NFR-001,NFR,ALL,Все модули (Wave A: 9 модулей),[Platform] Desktop client supports corporate Windows 10/11 editions approved by the company.,—,—,—,—,—,—,,Versioned install/launch/sign-in/logout smoke matrix on each approved corporate image; 0 failed required step.,—,Architecture §0.5/technology profile (NFR catalog NFR-001)
NFR-002,NFR,ALL,Все модули (Wave A: 9 модулей),"[Desktop] All primary/destructive actions, CMP-001 and CMP-002 have keyboard-only paths.",—,—,—,—,—,—,,Automated UIA plus manual keyboard matrix; exact focus-return and disabled-reason assertions for every listed flow.,—,Stage 2.3.1 OpenAPI 1.2.0-stage2.3; Stage 3.5 UX baseline; Stage 4.3 remediation (NFR catalog NFR-002)
NFR-003,NFR,ALL,Все модули (Wave A: 9 модулей),[Accessibility] Focus is visible/deterministic; urgency levels/bounds and employee group/status/redaction have accessible names and states.,—,—,—,—,—,—,,"UIA tree snapshot + Narrator/NVDA script for loading, result-group, redaction, validation, conflict, unavailable and close/Esc states.",—,Stage 2.3.1 OpenAPI 1.2.0-stage2.3; Stage 3.5 UX baseline; Stage 4.3 remediation (NFR catalog NFR-003)
NFR-004,NFR,ALL,Все модули (Wave A: 9 модулей),[High DPI] Layouts remain usable at 100–200% Windows scaling and multiple monitors.,—,—,—,—,—,—,,Window-size × scaling × high-contrast visual/keyboard matrix on approved Windows images.,—,Architecture/Stage 3 (NFR catalog NFR-004)
NFR-005,NFR,ALL,Все модули (Wave A: 9 модулей),[Color] Status/urgency/error/redaction is never communicated by color alone; semantic text and icon/shape alternatives are present.,—,—,—,—,—,—,,Accessibility review,—,Stage 2.3.1 OpenAPI 1.2.0-stage2.3; Stage 3.5 UX baseline; Stage 4.3 remediation (NFR catalog NFR-005)
NFR-006,NFR,ALL,Все модули (Wave A: 9 модулей),[Performance] Large lists use server pagination and client virtualization.,—,—,—,—,—,—,,"Production-scale fixture profile: request log, page/cursor assertions, realized-item count and memory trend.",—,Architecture scale; DEC-034 (NFR catalog NFR-006)
NFR-007,NFR,ALL,Все модули (Wave A: 9 модулей),[Calendar] Calendar reads are range-bounded and virtualized.,—,—,—,—,—,—,,"Generated contract/UI tests for minimum/maximum supported ranges, DST boundaries and one over-limit range.",—,Architecture §3.12 (NFR catalog NFR-007)
NFR-008,NFR,ALL,Все модули (Wave A: 9 модулей),[Search] Filtering and cursor pagination execute server-side before result delivery.,—,—,—,—,—,—,,Contract tests with filter-bound cursor,—,Search Contract; DEC-040 (NFR catalog NFR-008)
NFR-009,NFR,ALL,Все модули (Wave A: 9 модулей),[Resilience] Server outage changes application to honest read-only cache mode.,—,—,—,—,—,—,,Fault injection desktop tests,—,ADR-015; DEC-006 (NFR catalog NFR-009)
NFR-010,NFR,ALL,Все модули (Wave A: 9 модулей),"[Recovery] After reconnect client authenticates, applies change feed, and bootstraps when cursor/scope is invalid.",—,—,—,—,—,—,,Fault injection/integration,—,ADR-005; DEC-032 (NFR catalog NFR-010)
NFR-011,NFR,ALL,Все модули (Wave A: 9 модулей),"[Concurrency] All versioned writes, including urgency scale PUT/reset, require If-Match and reject stale/missing version.",—,—,—,—,—,—,,Generated contract test suite,—,Stage 2.3.1 OpenAPI 1.2.0-stage2.3; Stage 3.5 UX baseline; Stage 4.3 remediation (NFR catalog NFR-011)
NFR-012,NFR,ALL,Все модули (Wave A: 9 модулей),[Idempotency] Idempotent commands do not duplicate side effects for same key/hash.,—,—,—,—,—,—,,Integration/replay tests,—,Stage 2.3.1 (NFR catalog NFR-012)
NFR-013,NFR,ALL,Все модули (Wave A: 9 модулей),"[Security] Server evaluates authentication, capability, relation, employee visibility/redaction and filters before pagination on every request.",—,—,—,—,—,—,,BOLA/permission tests,—,Stage 2.3.1 OpenAPI 1.2.0-stage2.3; Stage 3.5 UX baseline; Stage 4.3 remediation (NFR catalog NFR-013)
NFR-014,NFR,ALL,Все модули (Wave A: 9 модулей),"[Security] Tokens, passwords, secrets, raw query, PII, notification content and sensitive full paths are absent from logs/analytics.",—,—,—,—,—,—,,Automated redaction/security test,—,Stage 2.3.1 OpenAPI 1.2.0-stage2.3; Stage 3.5 UX baseline; Stage 4.3 remediation (NFR catalog NFR-014)
NFR-015,NFR,ALL,Все модули (Wave A: 9 модулей),[Transport] Client-server traffic uses approved TLS inside local network.,—,—,—,—,—,—,,Deployment endpoint scan and negative TLS handshake/certificate matrix inside the approved LAN configuration.,—,Architecture (NFR catalog NFR-015)
NFR-016,NFR,ALL,Все модули (Wave A: 9 модулей),"[Local data] User-specific cache is encrypted, disposable and cleared on logout/revoke/scope changes as specified.",—,—,—,—,—,—,,Desktop storage/security test,—,ADR-015; DEC-032 (NFR catalog NFR-016)
NFR-017,NFR,ALL,Все модули (Wave A: 9 модулей),"[Errors] Client maps all Stage 2.3.1 stable errors, cursor invalidation and redaction/unavailable states without raw exceptions.",—,—,—,—,—,—,,Catalog coverage test,—,Stage 2.3.1 OpenAPI 1.2.0-stage2.3; Stage 3.5 UX baseline; Stage 4.3 remediation (NFR catalog NFR-017)
NFR-018,NFR,ALL,Все модули (Wave A: 9 модулей),[File safety] Application never deletes or moves physical working files as a metadata side effect.,—,—,—,—,—,—,,Filesystem sandbox tests,—,DEC-017/018 (NFR catalog NFR-018)
NFR-019,NFR,ALL,Все модули (Wave A: 9 модулей),[File access] OS/SMB ACL remains authoritative and failures are categorized.,—,—,—,—,—,—,,Windows/SMB integration tests,—,Architecture A1-06 (NFR catalog NFR-019)
NFR-020,NFR,ALL,Все модули (Wave A: 9 модулей),[Compatibility] Unsupported clients are blocked for writes; Stage 2.3.1 notification clients retain built-in urgency presentation mapping.,—,—,—,—,—,—,,Version compatibility tests,—,Stage 2.3.1 OpenAPI 1.2.0-stage2.3; Stage 3.5 UX baseline; Stage 4.3 remediation (NFR catalog NFR-020)
NFR-021,NFR,ALL,Все модули (Wave A: 9 модулей),[Audit] Audit/history is append-only and authorization/redaction aware.,—,—,—,—,—,—,,DB/API/security tests,—,Architecture; ADR-009 (NFR catalog NFR-021)
NFR-022,NFR,ALL,Все модули (Wave A: 9 модулей),"[Backup UX] Admin UI shows backup result, last success and verification status; backup bytes are not exposed.",—,—,—,—,—,—,,Admin integration test,—,Architecture backup agent (NFR catalog NFR-022)
NFR-023,NFR,ALL,Все модули (Wave A: 9 модулей),"[Scale] Candidate is designed for up to 300 active employees, 100 concurrent connections and approximately 2M tasks/events.",—,—,—,—,—,—,,Load test report,—,Architecture §0.5 assumption (NFR catalog NFR-023)
NFR-024,NFR,ALL,Все модули (Wave A: 9 модулей),"[Availability] The product candidate does not assert an unapproved numeric availability SLA, RPO or RTO. Deployment must reference a company-approved operational policy before production approval.",—,—,—,—,—,—,,PRD token scan plus deployment-policy presence/approval/link check; numeric objectives are tested only after company approval.,—,"Stage 1 architecture §0.5 and §18 require company approval; OQ-008 closed as an external deployment-policy gate, not a product value. (NFR catalog NFR-024)"
NFR-025,NFR,ALL,Все модули (Wave A: 9 модулей),"[Request limits] Requests, text and batch sizes respect OpenAPI/Stage 2.3.1 limits.",—,—,—,—,—,—,,Generated boundary tests,—,Stage 2.3.1 OpenAPI 1.2.0-stage2.3; Stage 3.5 UX baseline; Stage 4.3 remediation (NFR catalog NFR-025)
