Requirement,Type,Module,Module name,Requirement title,API operationId,API path (method),Permission,Server handler (planned),Screen (Stage 3.5),FLOW (Stage 3.5),Acceptance criteria (AC),Test type,Priority,Source
BR-001,BR,ALL,Все модули (Wave C: 6 модулей),Организация одна; каждая общая запись ограничена organization boundary.,—,—,—,—,—,—,AC-001,Integration/contract,High,Концепция §3.1; Архитектура A1-11
BR-002,BR,ALL,Все модули (Wave C: 6 модулей),"UserAccount отвечает за аутентификацию, EmployeeProfile — за рабочий профиль.",—,—,—,—,—,—,AC-002,Integration/contract,High,Stage 2.3.1 C-03
BR-003,BR,ALL,Все модули (Wave C: 6 модулей),Сервер является единственным источником истины; локальный cache disposable и read-only при outage.,—,—,—,—,—,—,AC-003,Integration/contract,High,Архитектура A1-01/A1-03; DEC-006
BR-004,BR,ALL,Все модули (Wave C: 6 модулей),"Любое действие разрешается сервером по RBAC/ReBAC/ABAC, explicit deny сильнее allow, default deny.",—,—,—,—,—,—,AC-004,Integration/contract,Critical,ADR-002; DEC-004
BR-005,BR,ALL,Все модули (Wave C: 6 модулей),"Business status, derived state, archive, trash и UI state не смешиваются.",—,—,—,—,—,—,AC-005,Integration/contract,High,DEC-005
BR-006,BR,ALL,Все модули (Wave C: 6 модулей),Archived object по умолчанию read-only; Trashed object доступен только для restore/purge.,—,—,—,—,—,—,AC-006,Integration/contract,High,ADR-011; DEC-023
BR-007,BR,ALL,Все модули (Wave C: 6 модулей),Удаление metadata рабочего файла не удаляет физический файл.,—,—,—,—,—,—,AC-007,Integration/contract,Critical,Концепция §22.2; DEC-018
BR-008,BR,ALL,Все модули (Wave C: 6 модулей),Физический доступ к файлу определяется Windows/SMB ACL после metadata permission.,—,—,—,—,—,—,AC-008,Integration/contract,Critical,Архитектура A1-06; GAP-004
BR-009,BR,ALL,Все модули (Wave C: 6 модулей),Versioned write требует If-Match; stale version не перезаписывается молча.,—,—,—,—,—,—,AC-009,Integration/contract,Critical,ADR-004; DEC-038
BR-010,BR,ALL,Все модули (Wave C: 6 модулей),Safe retry допускается только для safe/idempotent operation с сохранением request hash/key.,—,—,—,—,—,—,AC-010,Integration/contract,High,Stage 2.3.1 idempotency
BR-011,BR,ALL,Все модули (Wave C: 6 модулей),Audit append-only; secrets и неразрешённые sensitive paths редактируются или не записываются.,—,—,—,—,—,—,AC-011,Integration/contract,High,ADR-009; архитектура
BR-012,BR,ALL,Все модули (Wave C: 6 модулей),Realtime signal является invalidation; durable recovery выполняется через change feed.,—,—,—,—,—,—,AC-012,Integration/contract,High,ADR-005
BR-013,BR,ALL,Все модули (Wave C: 6 модулей),Search фильтруется по authorization и filters до pagination; client post-filter запрещён.,—,—,—,—,—,—,AC-013,Integration/contract,High,DEC-040; Search Contract
BR-014,BR,ALL,Все модули (Wave C: 6 модулей),UI hidden/disabled state не заменяет server-side permission check.,—,—,—,—,—,—,AC-014,Integration/contract,Critical,DEC-030
BR-015,BR,ALL,Все модули (Wave C: 6 модулей),PATCH omitted означает unchanged; explicit null очищает только nullable field.,—,—,—,—,—,—,AC-015,Integration/contract,High,DEC-037
BR-113,BR,ALL,Все модули (Wave C: 6 модулей),"Analytics не хранит полный query, PII, paths, secrets или notification contents; product/diagnostic/audit разделены.",—,—,—,—,SCR-133 Глобальный поиск; SCR-153 Notifications и DND,"FLOW-019 Глобальный поиск; FLOW-038 Управление организационной шкалой срочности (Stage 4.5, DEC-060)",AC-1823,Privacy,Critical,Stage 2.3.1 OpenAPI 1.2.0-stage2.3; Stage 3.5 UX baseline; Stage 4.3 remediation
DATA-014,DATA,MOD-014,Глобальный поиск,Данные модуля: DTO/агрегаты и их поля по OpenAPI,— (операции модуля),—,—,—,SCR-133 Глобальный поиск; SCR-134 Полные результаты поиска; SCR-135 Фильтры поиска; SCR-136 Partial/offline search banner,FLOW-019 Глобальный поиск,AC-1683;AC-1684;AC-1685;AC-1686;AC-1687;AC-1688;AC-1689;AC-1690;AC-1691;AC-1692;AC-1693;AC-1694;AC-1695;AC-1696,Boundary/contract UI,High,DEC-036/037/041
PERM-014,PERM,MOD-014,Глобальный поиск,Права модуля: capabilities и scopes по OpenAPI,— (операции модуля),—,—,—,SCR-133 Глобальный поиск; SCR-134 Полные результаты поиска; SCR-135 Фильтры поиска; SCR-136 Partial/offline search banner,FLOW-019 Глобальный поиск,AC-1841;AC-2086;AC-2087;AC-2088;AC-2089;AC-2090;AC-2091,Security/authorization,Critical,DEC-004/030; OpenAPI
ERR-014,ERR,MOD-014,Глобальный поиск,"Ошибки модуля: стабильные коды, HTTP-статусы и recovery по OpenAPI",— (операции модуля),—,—,—,SCR-133 Глобальный поиск; SCR-134 Полные результаты поиска; SCR-135 Фильтры поиска; SCR-136 Partial/offline search banner,FLOW-019 Глобальный поиск,AC-1862;AC-2344;AC-2345;AC-2346;AC-2347;AC-2348;AC-2349,Error handling,High,errors.csv; State Matrix
SYNC-014,SYNC,MOD-014,Глобальный поиск,"Синхронизация модуля: bootstrap/incremental sync, ack, cursor, scope invalidation",GET_api_v1_sync_changes; POST_api_v1_sync_bootstrap; POST_api_v1_sync_ack,GET /api/v1/sync/changes; POST /api/v1/sync/bootstrap; POST /api/v1/sync/ack,—,OrganizerController.GET_api_v1_sync_changes; OrganizerController.POST_api_v1_sync_bootstrap; OrganizerController.POST_api_v1_sync_ack,SCR-133 Глобальный поиск; SCR-134 Полные результаты поиска; SCR-135 Фильтры поиска; SCR-136 Partial/offline search banner,FLOW-019 Глобальный поиск,AC-1883;AC-2602;AC-2603;AC-2604;AC-2605;AC-2606;AC-2607,Desktop/resilience,High,ADR-005/015; DEC-006/032
AUDIT-014,AUDIT,MOD-014,Глобальный поиск,"Аудит и история действий модуля (append-only, redaction-aware)",— (domain command + audit/history endpoints),—,—,— (domain handlers + audit pipeline),SCR-133 Глобальный поиск; SCR-134 Полные результаты поиска; SCR-135 Фильтры поиска; SCR-136 Partial/offline search banner,FLOW-019 Глобальный поиск,AC-1904;AC-2860;AC-2861;AC-2862;AC-2863;AC-2864;AC-2865,Audit/security,Critical,Architecture audit principles; OpenAPI side effects
BR-067,BR,MOD-014,Глобальный поиск,Authorization filtering выполняется до pagination.,—,—,—,—,SCR-133 Глобальный поиск; SCR-134 Полные результаты поиска; SCR-135 Фильтры поиска; SCR-136 Partial/offline search banner,FLOW-019 Глобальный поиск,AC-067,Integration/domain,High,"§20, §27.1.35; Stage 3.5"
BR-068,BR,MOD-014,Глобальный поиск,Cursor связан со всеми фильтрами и scopeVersion.,—,—,—,—,SCR-133 Глобальный поиск; SCR-134 Полные результаты поиска; SCR-135 Фильтры поиска; SCR-136 Partial/offline search banner,FLOW-019 Глобальный поиск,AC-068,Integration/domain,High,"§20, §27.1.35; Stage 3.5"
BR-069,BR,MOD-014,Глобальный поиск,Изменение фильтра сбрасывает cursor.,—,—,—,—,SCR-133 Глобальный поиск; SCR-134 Полные результаты поиска; SCR-135 Фильтры поиска; SCR-136 Partial/offline search banner,FLOW-019 Глобальный поиск,AC-069,Integration/domain,High,"§20, §27.1.35; Stage 3.5"
BR-070,BR,MOD-014,Глобальный поиск,DEPRECATED in 4.3; replaced by BR-105. Исторически Stage 2.3.1 не поддерживал employee result type; Stage 2.3.1 добавил его.,—,—,—,—,SCR-133 Глобальный поиск; SCR-134 Полные результаты поиска; SCR-135 Фильтры поиска; SCR-136 Partial/offline search banner,FLOW-019 Глобальный поиск,AC-070,Integration/domain,High,"§20, §27.1.35; Stage 3.5"
BR-105,BR,MOD-014,Глобальный поиск,"Employee — отдельный result type/group; отображаются только DTO fields, avatar отсутствует.",—,—,—,—,SCR-133 Глобальный поиск; SCR-134 Полные результаты поиска; SCR-135 Фильтры поиска,FLOW-019 Глобальный поиск,AC-1805;AC-1820,UI/accessibility; Field contract,High,Stage 2.3.1 OpenAPI 1.2.0-stage2.3; Stage 3.5 UX baseline; Stage 4.3 remediation
BR-106,BR,MOD-014,Глобальный поиск,"Authorization, ranking, redaction и filtering выполняются сервером до pagination; client post-filter запрещён.",—,—,—,—,SCR-133 Глобальный поиск; SCR-134 Полные результаты поиска; SCR-135 Фильтры поиска,FLOW-019 Глобальный поиск,AC-1818,Security/contract,Critical,Stage 2.3.1 OpenAPI 1.2.0-stage2.3; Stage 3.5 UX baseline; Stage 4.3 remediation
BR-107,BR,MOD-014,Глобальный поиск,При `isRedacted=true` nullable fields скрываются нейтрально без hidden values/counts.,—,—,—,—,SCR-133 Глобальный поиск; SCR-134 Полные результаты поиска; SCR-135 Фильтры поиска,FLOW-019 Глобальный поиск,AC-1808;AC-1809,Security/UI; Security,High; Critical,Stage 2.3.1 OpenAPI 1.2.0-stage2.3; Stage 3.5 UX baseline; Stage 4.3 remediation
BR-108,BR,MOD-014,Глобальный поиск,"Blocked employee исключается сервером, кроме caller с существующей capability `User.Block`.",—,—,—,—,SCR-133 Глобальный поиск; SCR-134 Полные результаты поиска; SCR-135 Фильтры поиска,FLOW-019 Глобальный поиск,AC-1811,Security,Critical,Stage 2.3.1 OpenAPI 1.2.0-stage2.3; Stage 3.5 UX baseline; Stage 4.3 remediation
BR-109,BR,MOD-014,Глобальный поиск,"Cursor связан с filters, authorization scope, index snapshot и employee visibility policy version.",—,—,—,—,SCR-133 Глобальный поиск; SCR-134 Полные результаты поиска; SCR-135 Фильтры поиска,FLOW-019 Глобальный поиск,AC-1812;AC-1813,Integration; Integration/security,High,Stage 2.3.1 OpenAPI 1.2.0-stage2.3; Stage 3.5 UX baseline; Stage 4.3 remediation
BR-110,BR,MOD-014,Глобальный поиск,Deep link использует DTO target и повторную authorization check; недоступный target раскрывается нейтрально.,—,—,—,—,SCR-133 Глобальный поиск; SCR-134 Полные результаты поиска; SCR-135 Фильтры поиска,FLOW-019 Глобальный поиск,AC-1807;AC-1814;AC-1815,Navigation/security; Resilience; Security/navigation,High; Critical,Stage 2.3.1 OpenAPI 1.2.0-stage2.3; Stage 3.5 UX baseline; Stage 4.3 remediation
BR-111,BR,MOD-014,Глобальный поиск,"Employee-only search допускает q, departments, types, cursor, limit; `userIds` не заменяет employee type.",—,—,—,—,SCR-133 Глобальный поиск; SCR-134 Полные результаты поиска; SCR-135 Фильтры поиска,FLOW-019 Глобальный поиск,AC-1804,Integration/UI,High,Stage 2.3.1 OpenAPI 1.2.0-stage2.3; Stage 3.5 UX baseline; Stage 4.3 remediation
BR-112,BR,MOD-014,Глобальный поиск,Mixed search сохраняет отдельную Employees group и server order; partial failure группы обозначается явно.,—,—,—,—,SCR-133 Глобальный поиск; SCR-134 Полные результаты поиска; SCR-135 Фильтры поиска,FLOW-019 Глобальный поиск,AC-1806;AC-1817,Integration/UI; Resilience,High,Stage 2.3.1 OpenAPI 1.2.0-stage2.3; Stage 3.5 UX baseline; Stage 4.3 remediation
FR-159,FR,MOD-014,Глобальный поиск,"GET `/api/v1/search` должен принимать `types=employee`, возвращать `SearchPage` с `resultType=employee` и `EmployeeSearchResult`, а authorization, redaction, blocked-user policy, ranking и filtering выполнять сервером до cursor pagination.",GET_api_v1_search,GET /api/v1/search,Search.Use,OrganizerController.GET_api_v1_search,SCR-133 Глобальный поиск; SCR-134 Полные результаты поиска; SCR-135 Фильтры поиска,FLOW-019 Глобальный поиск,AC-1002;AC-1003;AC-1004;AC-1005,Contract/integration; Security/authorization; Security/session; Contract/UI,High; Critical,Stage 2.3.1 OpenAPI 1.2.0-stage2.3; Stage 3.5 UX baseline; Stage 4.3 remediation
FR-160,FR,MOD-014,Глобальный поиск,"Подсказки по префиксу должны оставаться permission-safe: клиент использует только присутствующие в `SearchSuggestion` поля `resultType`/`employee`, не восстанавливает скрытые данные и не смешивает employee с contact, admin user или `userIds` filter.",GET_api_v1_search_suggestions,GET /api/v1/search/suggestions,Search.Use,OrganizerController.GET_api_v1_search_suggestions,SCR-133 Глобальный поиск; SCR-134 Полные результаты поиска; SCR-135 Фильтры поиска; SCR-136 Partial/offline search banner,FLOW-019 Глобальный поиск,AC-1006;AC-1007;AC-1008,Contract/integration; Security/authorization; Security/session,High; Critical,Stage 2.3.1 OpenAPI 1.2.0-stage2.3; Stage 3.5 UX baseline; Stage 4.3 remediation
FR-260,FR,MOD-014,Глобальный поиск,"При offline/cache-only search интерфейс должен показывать явный banner неполноты, не объединять cache с server pages и не выполнять client post-filter, включая employee results.","— (Desktop-only, без нового API)","— (Desktop-only, без нового API)",Capability-driven; server recheck для команд,"— (Desktop-only, без нового API)",SCR-133 Глобальный поиск; SCR-134 Полные результаты поиска; SCR-135 Фильтры поиска; SCR-136 Partial/offline search banner,FLOW-019 Глобальный поиск,AC-1425,Desktop/UI,High,Stage 2.3.1 OpenAPI 1.2.0-stage2.3; Stage 3.5 UX baseline; Stage 4.3 remediation
FR-275,FR,MOD-014,Глобальный поиск,MOD-014,—,—,Search.Use,—,SCR-133 Глобальный поиск; SCR-134 Полные результаты поиска; SCR-135 Фильтры поиска,FLOW-019 Глобальный поиск,AC-1804;AC-1805;AC-1806;AC-1816,Integration/UI; UI/accessibility; UI,High,Stage 2.3.1 OpenAPI 1.2.0-stage2.3; Stage 3.5 UX baseline; Stage 4.3 remediation
FR-276,FR,MOD-014,Глобальный поиск,MOD-014,—,—,Search.Use; target policy recheck,—,SCR-133 Глобальный поиск; SCR-134 Полные результаты поиска,FLOW-019 Глобальный поиск,AC-1807;AC-1814;AC-1815,Navigation/security; Resilience; Security/navigation,High; Critical,Stage 2.3.1 OpenAPI 1.2.0-stage2.3; Stage 3.5 UX baseline; Stage 4.3 remediation
FR-277,FR,MOD-014,Глобальный поиск,MOD-014,—,—,Search.Use;User.Block only for blocked visibility,—,SCR-133 Глобальный поиск; SCR-134 Полные результаты поиска,FLOW-019 Глобальный поиск,AC-1808;AC-1809;AC-1810;AC-1811;AC-1818;AC-1820,Security/UI; Security; Security/contract; Field contract,High; Critical,Stage 2.3.1 OpenAPI 1.2.0-stage2.3; Stage 3.5 UX baseline; Stage 4.3 remediation
FR-278,FR,MOD-014,Глобальный поиск,MOD-014,—,—,Search.Use,—,SCR-133 Глобальный поиск; SCR-134 Полные результаты поиска; SCR-135 Фильтры поиска,FLOW-019 Глобальный поиск,AC-1812;AC-1813;AC-1817,Integration; Integration/security; Resilience,High,Stage 2.3.1 OpenAPI 1.2.0-stage2.3; Stage 3.5 UX baseline; Stage 4.3 remediation
DATA-015,DATA,MOD-015,Уведомления,Данные модуля: DTO/агрегаты и их поля по OpenAPI,— (операции модуля),—,—,—,SCR-130 Центр уведомлений; SCR-131 Windows desktop notification; SCR-132 Результат notification action; SCR-212 Toast deep-link activation,FLOW-020 Действие из notification,AC-1697;AC-1698;AC-1699,Boundary/contract UI,High,DEC-036/037/041
PERM-015,PERM,MOD-015,Уведомления,Права модуля: capabilities и scopes по OpenAPI,— (операции модуля),—,—,—,SCR-130 Центр уведомлений; SCR-131 Windows desktop notification; SCR-132 Результат notification action; SCR-212 Toast deep-link activation,FLOW-020 Действие из notification,AC-1842;AC-2092;AC-2093;AC-2094;AC-2095;AC-2096;AC-2097,Security/authorization,Critical,DEC-004/030; OpenAPI
ERR-015,ERR,MOD-015,Уведомления,"Ошибки модуля: стабильные коды, HTTP-статусы и recovery по OpenAPI",— (операции модуля),—,—,—,SCR-130 Центр уведомлений; SCR-131 Windows desktop notification; SCR-132 Результат notification action; SCR-212 Toast deep-link activation,FLOW-020 Действие из notification,AC-1863;AC-2350;AC-2351;AC-2352;AC-2353;AC-2354;AC-2355,Error handling,High,errors.csv; State Matrix
SYNC-015,SYNC,MOD-015,Уведомления,"Синхронизация модуля: bootstrap/incremental sync, ack, cursor, scope invalidation",GET_api_v1_sync_changes; POST_api_v1_sync_bootstrap; POST_api_v1_sync_ack,GET /api/v1/sync/changes; POST /api/v1/sync/bootstrap; POST /api/v1/sync/ack,—,OrganizerController.GET_api_v1_sync_changes; OrganizerController.POST_api_v1_sync_bootstrap; OrganizerController.POST_api_v1_sync_ack,SCR-130 Центр уведомлений; SCR-131 Windows desktop notification; SCR-132 Результат notification action; SCR-212 Toast deep-link activation,FLOW-020 Действие из notification,AC-1884;AC-2608;AC-2609;AC-2610;AC-2611;AC-2612;AC-2613,Desktop/resilience,High,ADR-005/015; DEC-006/032
AUDIT-015,AUDIT,MOD-015,Уведомления,"Аудит и история действий модуля (append-only, redaction-aware)",— (domain command + audit/history endpoints),—,—,— (domain handlers + audit pipeline),SCR-130 Центр уведомлений; SCR-131 Windows desktop notification; SCR-132 Результат notification action; SCR-212 Toast deep-link activation,FLOW-020 Действие из notification,AC-1905;AC-2866;AC-2867;AC-2868;AC-2869;AC-2870;AC-2871,Audit/security,Critical,Architecture audit principles; OpenAPI side effects
BR-071,BR,MOD-015,Уведомления,Notification content после создания неизменно; меняются только состояния доставки/прочтения.,—,—,—,—,SCR-130 Центр уведомлений; SCR-131 Windows desktop notification; SCR-132 Результат notification action; SCR-212 Toast deep-link activation,FLOW-020 Действие из notification,AC-071,Integration/domain,High,"§17, §27.1.19–21, §29; Stage 3.5"
BR-072,BR,MOD-015,Уведомления,Toast action не изменяет бизнес-объект локально.,—,—,—,—,SCR-130 Центр уведомлений; SCR-131 Windows desktop notification; SCR-132 Результат notification action; SCR-212 Toast deep-link activation,FLOW-020 Действие из notification,AC-072,Integration/domain,High,"§17, §27.1.19–21, §29; Stage 3.5"
BR-073,BR,MOD-015,Уведомления,Target permission и version проверяются при каждом действии.,—,—,—,—,SCR-130 Центр уведомлений; SCR-131 Windows desktop notification; SCR-132 Результат notification action; SCR-212 Toast deep-link activation,FLOW-020 Действие из notification,AC-073,Integration/domain,High,"§17, §27.1.19–21, §29; Stage 3.5"
BR-074,BR,MOD-015,Уведомления,Недоступный target не раскрывается.,—,—,—,—,SCR-130 Центр уведомлений; SCR-131 Windows desktop notification; SCR-132 Результат notification action; SCR-212 Toast deep-link activation,FLOW-020 Действие из notification,AC-074,Integration/domain,High,"§17, §27.1.19–21, §29; Stage 3.5"
BR-103,BR,MOD-015,Уведомления,"Scale меняет presentation существующих и будущих notifications, но не semantic urgency; старый client сохраняет встроенный mapping.",—,—,—,—,SCR-153 Notifications и DND,"FLOW-038 Управление организационной шкалой срочности (Stage 4.5, DEC-060)",AC-1803;AC-1822,Compatibility; Projection,High,Stage 2.3.1 OpenAPI 1.2.0-stage2.3; Stage 3.5 UX baseline; Stage 4.3 remediation
FR-161,FR,MOD-015,Уведомления,Система должна позволять пользователю с capability `Notification.ReadOwn` выполнить действие «Список уведомление» и считать его успешным только после подтверждения сервера.,GET_api_v1_notifications,GET /api/v1/notifications,Notification.ReadOwn,OrganizerController.GET_api_v1_notifications,SCR-130 Центр уведомлений; SCR-131 Windows desktop notification; SCR-132 Результат notification action; SCR-153 Notifications и DND; SCR-212 Toast deep-link activation,"FLOW-020 Действие из notification; FLOW-038 Управление организационной шкалой срочности (Stage 4.5, DEC-060)",AC-1009;AC-1010;AC-1011,Contract/integration; Security/authorization; Security/session,High; Critical,OpenAPI `GET_api_v1_notifications`; Stage_3_Field_Traceability_Final_3.5.csv
FR-162,FR,MOD-015,Уведомления,Система должна позволять пользователю с capability `Notification.ReadOwn` выполнить действие «Прочитать все в scope» и считать его успешным только после подтверждения сервера.,POST_api_v1_notifications_read_all,POST /api/v1/notifications/read-all,Notification.ReadOwn,OrganizerController.POST_api_v1_notifications_read_all,SCR-130 Центр уведомлений; SCR-131 Windows desktop notification; SCR-132 Результат notification action; SCR-153 Notifications и DND; SCR-212 Toast deep-link activation,"FLOW-020 Действие из notification; FLOW-038 Управление организационной шкалой срочности (Stage 4.5, DEC-060)",AC-1012;AC-1013;AC-1014;AC-1015;AC-1016,Contract/integration; Security/authorization; Security/session; Desktop/resilience; Integration,Critical,OpenAPI `POST_api_v1_notifications_read_all`; Stage_3_Field_Traceability_Final_3.5.csv
FR-163,FR,MOD-015,Уведомления,Система должна позволять пользователю с capability `Notification.ReadOwn` выполнить действие «Получить уведомление» и считать его успешным только после подтверждения сервера.,GET_api_v1_notifications_id,GET /api/v1/notifications/{id},Notification.ReadOwn,OrganizerController.GET_api_v1_notifications_id,SCR-130 Центр уведомлений; SCR-131 Windows desktop notification; SCR-132 Результат notification action; SCR-153 Notifications и DND; SCR-212 Toast deep-link activation,"FLOW-020 Действие из notification; FLOW-038 Управление организационной шкалой срочности (Stage 4.5, DEC-060)",AC-1017;AC-1018;AC-1019,Contract/integration; Security/authorization; Security/session,High; Critical,OpenAPI `GET_api_v1_notifications_id`; Stage_3_Field_Traceability_Final_3.5.csv
FR-164,FR,MOD-015,Уведомления,Система должна позволять пользователю с capability `Notification.ManageOwn` выполнить действие «Выполнить разрешённое действие toast» и считать его успешным только после подтверждения сервера.,POST_api_v1_notifications_id_action,POST /api/v1/notifications/{id}/action,Notification.ManageOwn,OrganizerController.POST_api_v1_notifications_id_action,SCR-130 Центр уведомлений; SCR-131 Windows desktop notification; SCR-132 Результат notification action; SCR-153 Notifications и DND; SCR-212 Toast deep-link activation,FLOW-020 Действие из notification,AC-1020;AC-1021;AC-1022;AC-1023;AC-1024;AC-1025;AC-1026,Contract/integration; Security/authorization; Security/session; Contract/UI; Concurrency/integration; Desktop/resilience; Integration,Critical; High,OpenAPI `POST_api_v1_notifications_id_action`; Stage_3_Field_Traceability_Final_3.5.csv
FR-165,FR,MOD-015,Уведомления,Система должна позволять пользователю с capability `Notification.ReadOwn` выполнить действие «Пометить прочитанным» и считать его успешным только после подтверждения сервера.,POST_api_v1_notifications_id_read,POST /api/v1/notifications/{id}/read,Notification.ReadOwn,OrganizerController.POST_api_v1_notifications_id_read,SCR-130 Центр уведомлений; SCR-131 Windows desktop notification; SCR-132 Результат notification action; SCR-153 Notifications и DND; SCR-212 Toast deep-link activation,"FLOW-020 Действие из notification; FLOW-038 Управление организационной шкалой срочности (Stage 4.5, DEC-060)",AC-1027;AC-1028;AC-1029;AC-1030;AC-1031,Contract/integration; Security/authorization; Security/session; Concurrency/integration; Desktop/resilience,Critical,OpenAPI `POST_api_v1_notifications_id_read`; Stage_3_Field_Traceability_Final_3.5.csv
FR-261,FR,MOD-015,Уведомления,"Notification UI должен применять текущую организационную шкалу к presentation существующих и будущих notifications, не изменяя их semantic urgency; level передаётся текстом/иконкой, а не только цветом.","— (Desktop-only, без нового API)","— (Desktop-only, без нового API)",Capability-driven; server recheck для команд,"— (Desktop-only, без нового API)",SCR-130 Центр уведомлений; SCR-131 Windows desktop notification; SCR-132 Результат notification action; SCR-212 Toast deep-link activation,FLOW-020 Действие из notification,AC-1426,Desktop/UI,High,Stage 2.3.1 OpenAPI 1.2.0-stage2.3; Stage 3.5 UX baseline; Stage 4.3 remediation
FR-279,FR,MOD-015,Уведомления,MOD-015,—,—,Notification.ReadOwn;Settings.ReadOwn,—,SCR-130 Центр уведомлений; SCR-153 Notifications и DND,"FLOW-020 Действие из notification; FLOW-038 Управление организационной шкалой срочности (Stage 4.5, DEC-060)",AC-1803;AC-1822,Compatibility; Projection,High,Stage 2.3.1 OpenAPI 1.2.0-stage2.3; Stage 3.5 UX baseline; Stage 4.3 remediation
DATA-016,DATA,MOD-016,Архив,Данные модуля: DTO/агрегаты и их поля по OpenAPI,— (операции модуля),—,—,—,SCR-140 Архив,FLOW-026 Архивирование,AC-1827;AC-1921;AC-1922,Contract/UI,High,DEC-036/037/041
PERM-016,PERM,MOD-016,Архив,Права модуля: capabilities и scopes по OpenAPI,— (операции модуля),—,—,—,SCR-140 Архив,FLOW-026 Архивирование,AC-1843;AC-2098;AC-2099,Security/authorization,Critical,DEC-004/030; OpenAPI
ERR-016,ERR,MOD-016,Архив,"Ошибки модуля: стабильные коды, HTTP-статусы и recovery по OpenAPI",— (операции модуля),—,—,—,SCR-140 Архив,FLOW-026 Архивирование,AC-1864;AC-2356;AC-2357,Error handling,High,errors.csv; State Matrix
SYNC-016,SYNC,MOD-016,Архив,"Синхронизация модуля: bootstrap/incremental sync, ack, cursor, scope invalidation",GET_api_v1_sync_changes; POST_api_v1_sync_bootstrap; POST_api_v1_sync_ack,GET /api/v1/sync/changes; POST /api/v1/sync/bootstrap; POST /api/v1/sync/ack,—,OrganizerController.GET_api_v1_sync_changes; OrganizerController.POST_api_v1_sync_bootstrap; OrganizerController.POST_api_v1_sync_ack,SCR-140 Архив,FLOW-026 Архивирование,AC-1885;AC-2614;AC-2615,Desktop/resilience,High,ADR-005/015; DEC-006/032
AUDIT-016,AUDIT,MOD-016,Архив,"Аудит и история действий модуля (append-only, redaction-aware)",— (domain command + audit/history endpoints),—,—,— (domain handlers + audit pipeline),SCR-140 Архив,FLOW-026 Архивирование,AC-1906;AC-2872;AC-2873,Audit/security,Critical,Architecture audit principles; OpenAPI side effects
BR-075,BR,MOD-016,Архив,Archived object сохраняется и по умолчанию read-only.,—,—,—,—,SCR-140 Архив,FLOW-026 Архивирование,AC-075,Integration/domain,High,"§22.1, §27.1.36; Stage 3.5"
BR-076,BR,MOD-016,Архив,Архив не является удалением и не запускает retention purge.,—,—,—,—,SCR-140 Архив,FLOW-026 Архивирование,AC-076,Integration/domain,High,"§22.1, §27.1.36; Stage 3.5"
BR-077,BR,MOD-016,Архив,"Unarchive проверяет текущие parent, uniqueness и permissions.",—,—,—,—,SCR-140 Архив,FLOW-026 Архивирование,AC-077,Integration/domain,High,"§22.1, §27.1.36; Stage 3.5"
FR-166,FR,MOD-016,Архив,Система должна позволять пользователю с capability `History.Read` выполнить действие «Архив» и считать его успешным только после подтверждения сервера.,GET_api_v1_archive,GET /api/v1/archive,History.Read,OrganizerController.GET_api_v1_archive,SCR-140 Архив,FLOW-026 Архивирование,AC-1032;AC-1033;AC-1034,Contract/integration; Security/authorization; Security/session,High; Critical,OpenAPI `GET_api_v1_archive`; Stage_3_Field_Traceability_Final_3.5.csv
FR-167,FR,MOD-016,Архив,Система должна позволять пользователю с capability `Archive.Restore` выполнить действие «Вернуть из архива» и считать его успешным только после подтверждения сервера.,POST_api_v1_archive_objectId_restore,POST /api/v1/archive/{objectId}/restore,Archive.Restore,OrganizerController.POST_api_v1_archive_objectId_restore,SCR-140 Архив,FLOW-026 Архивирование,AC-1035;AC-1036;AC-1037;AC-1038;AC-1039;AC-1040,Contract/integration; Security/authorization; Security/session; Contract/UI; Concurrency/integration; Desktop/resilience,Critical; High,OpenAPI `POST_api_v1_archive_objectId_restore`; Stage_3_Field_Traceability_Final_3.5.csv
FR-262,FR,MOD-016,Архив,Archived banner должен отличаться от completed status и Trash.,"— (Desktop-only, без нового API)","— (Desktop-only, без нового API)",Capability-driven; server recheck для команд,"— (Desktop-only, без нового API)",SCR-140 Архив,FLOW-026 Архивирование,AC-1427,Desktop/UI,High,Stage 3.5 UX Architecture/Decision Log
DATA-017,DATA,MOD-017,Корзина и восстановление,Данные модуля: DTO/агрегаты и их поля по OpenAPI,— (операции модуля),—,—,—,SCR-141 Корзина; SCR-142 Восстановление / restore conflict; SCR-143 Purge metadata,FLOW-027 Перемещение в корзину; FLOW-028 Восстановление из корзины,AC-1700;AC-1701;AC-1702;AC-1703;AC-1704,Boundary/contract UI,High,DEC-036/037/041
PERM-017,PERM,MOD-017,Корзина и восстановление,Права модуля: capabilities и scopes по OpenAPI,— (операции модуля),—,—,—,SCR-141 Корзина; SCR-142 Восстановление / restore conflict; SCR-143 Purge metadata,FLOW-027 Перемещение в корзину; FLOW-028 Восстановление из корзины,AC-1844;AC-2100;AC-2101;AC-2102,Security/authorization,Critical,DEC-004/030; OpenAPI
ERR-017,ERR,MOD-017,Корзина и восстановление,"Ошибки модуля: стабильные коды, HTTP-статусы и recovery по OpenAPI",— (операции модуля),—,—,—,SCR-141 Корзина; SCR-142 Восстановление / restore conflict; SCR-143 Purge metadata,FLOW-027 Перемещение в корзину; FLOW-028 Восстановление из корзины,AC-1865;AC-2358;AC-2359;AC-2360,Error handling,High,errors.csv; State Matrix
SYNC-017,SYNC,MOD-017,Корзина и восстановление,"Синхронизация модуля: bootstrap/incremental sync, ack, cursor, scope invalidation",GET_api_v1_sync_changes; POST_api_v1_sync_bootstrap; POST_api_v1_sync_ack,GET /api/v1/sync/changes; POST /api/v1/sync/bootstrap; POST /api/v1/sync/ack,—,OrganizerController.GET_api_v1_sync_changes; OrganizerController.POST_api_v1_sync_bootstrap; OrganizerController.POST_api_v1_sync_ack,SCR-141 Корзина; SCR-142 Восстановление / restore conflict; SCR-143 Purge metadata,FLOW-027 Перемещение в корзину; FLOW-028 Восстановление из корзины,AC-1886;AC-2616;AC-2617;AC-2618,Desktop/resilience,High,ADR-005/015; DEC-006/032
AUDIT-017,AUDIT,MOD-017,Корзина и восстановление,"Аудит и история действий модуля (append-only, redaction-aware)",— (domain command + audit/history endpoints),—,—,— (domain handlers + audit pipeline),SCR-141 Корзина; SCR-142 Восстановление / restore conflict; SCR-143 Purge metadata,FLOW-027 Перемещение в корзину; FLOW-028 Восстановление из корзины,AC-1907;AC-2874;AC-2875;AC-2876,Audit/security,Critical,Architecture audit principles; OpenAPI side effects
BR-078,BR,MOD-017,Корзина и восстановление,Trashed object не редактируется обычными командами.,—,—,—,—,SCR-141 Корзина; SCR-142 Восстановление / restore conflict; SCR-143 Purge metadata,FLOW-027 Перемещение в корзину; FLOW-028 Восстановление из корзины,AC-078,Integration/domain,High,"§22.2, §27.1.37, §29; Stage 3.5"
BR-079,BR,MOD-017,Корзина и восстановление,"Restore валидирует parent, uniqueness и текущие permissions.",—,—,—,—,SCR-141 Корзина; SCR-142 Восстановление / restore conflict; SCR-143 Purge metadata,FLOW-027 Перемещение в корзину; FLOW-028 Восстановление из корзины,AC-079,Integration/domain,High,"§22.2, §27.1.37, §29; Stage 3.5"
BR-080,BR,MOD-017,Корзина и восстановление,Purge необратим и доступен только после retention.,—,—,—,—,SCR-141 Корзина; SCR-142 Восстановление / restore conflict; SCR-143 Purge metadata,FLOW-027 Перемещение в корзину; FLOW-028 Восстановление из корзины,AC-080,Integration/domain,High,"§22.2, §27.1.37, §29; Stage 3.5"
BR-081,BR,MOD-017,Корзина и восстановление,UserAccount не удаляется через generic trash.,—,—,—,—,SCR-141 Корзина; SCR-142 Восстановление / restore conflict; SCR-143 Purge metadata,FLOW-027 Перемещение в корзину; FLOW-028 Восстановление из корзины,AC-081,Integration/domain,High,"§22.2, §27.1.37, §29; Stage 3.5"
FR-168,FR,MOD-017,Корзина и восстановление,Система должна позволять пользователю с capability `Trash.Read` выполнить действие «Корзина» и считать его успешным только после подтверждения сервера.,GET_api_v1_trash,GET /api/v1/trash,Trash.Read,OrganizerController.GET_api_v1_trash,SCR-141 Корзина; SCR-142 Восстановление / restore conflict; SCR-143 Purge metadata,FLOW-027 Перемещение в корзину; FLOW-028 Восстановление из корзины,AC-1041;AC-1042;AC-1043,Contract/integration; Security/authorization; Security/session,High; Critical,OpenAPI `GET_api_v1_trash`; Stage_3_Field_Traceability_Final_3.5.csv
FR-169,FR,MOD-017,Корзина и восстановление,Система должна позволять пользователю с capability `Trash.Purge` выполнить действие «Purge объекта после retention» и считать его успешным только после подтверждения сервера.,DELETE_api_v1_trash_objectId,DELETE /api/v1/trash/{objectId},Trash.Purge,OrganizerController.DELETE_api_v1_trash_objectId,SCR-141 Корзина; SCR-142 Восстановление / restore conflict; SCR-143 Purge metadata,FLOW-028 Восстановление из корзины,AC-1044;AC-1045;AC-1046;AC-1047;AC-1048;AC-1049;AC-1050,Contract/integration; Security/authorization; Security/session; Contract/UI; Concurrency/integration; Desktop/resilience; Integration,Critical; High,OpenAPI `DELETE_api_v1_trash_objectId`; Stage_3_Field_Traceability_Final_3.5.csv
FR-170,FR,MOD-017,Корзина и восстановление,Система должна позволять пользователю с capability `Trash.Restore` выполнить действие «Восстановить универсальный объект» и считать его успешным только после подтверждения сервера.,POST_api_v1_trash_objectId_restore,POST /api/v1/trash/{objectId}/restore,Trash.Restore,OrganizerController.POST_api_v1_trash_objectId_restore,SCR-141 Корзина; SCR-142 Восстановление / restore conflict; SCR-143 Purge metadata,FLOW-028 Восстановление из корзины,AC-1051;AC-1052;AC-1053;AC-1054;AC-1055;AC-1056;AC-1057,Contract/integration; Security/authorization; Security/session; Contract/UI; Concurrency/integration; Desktop/resilience; Integration,Critical; High,OpenAPI `POST_api_v1_trash_objectId_restore`; Stage_3_Field_Traceability_Final_3.5.csv
FR-263,FR,MOD-017,Корзина и восстановление,"Подтверждение purge должно явно сообщать, что удаляется metadata, а физический файл не удаляется.","— (Desktop-only, без нового API)","— (Desktop-only, без нового API)",Capability-driven; server recheck для команд,"— (Desktop-only, без нового API)",SCR-141 Корзина; SCR-142 Восстановление / restore conflict; SCR-143 Purge metadata,FLOW-027 Перемещение в корзину; FLOW-028 Восстановление из корзины,AC-1428,Desktop/UI,High,Stage 3.5 UX Architecture/Decision Log
DATA-018,DATA,MOD-018,Настройки,Данные модуля: DTO/агрегаты и их поля по OpenAPI,— (операции модуля),—,—,—,"SCR-150 Настройки; SCR-151 Профиль; SCR-152 Пароль и безопасность; SCR-153 Notifications и DND; SCR-154 Calendar preferences; SCR-155 Startup, tray и device; SCR-156 Cache и sync; SCR-157 Подключение; SCR-158 Доступность; SCR-159 Диагностика клиента; SCR-161 Мои devices и sessions",FLOW-002 Обычный вход; FLOW-003 Истечение сессии,AC-1705;AC-1706;AC-1707;AC-1708;AC-1709;AC-1710;AC-1711;AC-1712;AC-1713;AC-1714;AC-1715;AC-1716;AC-1717;AC-1718;AC-1719;AC-1720;AC-1721;AC-1722;AC-1723;AC-1724;AC-1725;AC-1726;AC-1727;AC-1728,Boundary/contract UI,High,DEC-036/037/041
PERM-018,PERM,MOD-018,Настройки,Права модуля: capabilities и scopes по OpenAPI,— (операции модуля),—,—,—,"SCR-150 Настройки; SCR-151 Профиль; SCR-152 Пароль и безопасность; SCR-153 Notifications и DND; SCR-154 Calendar preferences; SCR-155 Startup, tray и device; SCR-156 Cache и sync; SCR-157 Подключение; SCR-158 Доступность; SCR-159 Диагностика клиента; SCR-161 Мои devices и sessions",FLOW-002 Обычный вход; FLOW-003 Истечение сессии,AC-1845;AC-2103;AC-2104;AC-2105;AC-2106;AC-2107;AC-2108;AC-2109;AC-2110;AC-2111;AC-2112;AC-2113,Security/authorization,Critical,DEC-004/030; OpenAPI
ERR-018,ERR,MOD-018,Настройки,"Ошибки модуля: стабильные коды, HTTP-статусы и recovery по OpenAPI",— (операции модуля),—,—,—,"SCR-150 Настройки; SCR-151 Профиль; SCR-152 Пароль и безопасность; SCR-153 Notifications и DND; SCR-154 Calendar preferences; SCR-155 Startup, tray и device; SCR-156 Cache и sync; SCR-157 Подключение; SCR-158 Доступность; SCR-159 Диагностика клиента; SCR-161 Мои devices и sessions",FLOW-002 Обычный вход; FLOW-003 Истечение сессии,AC-1866;AC-2361;AC-2362;AC-2363;AC-2364;AC-2365;AC-2366;AC-2367;AC-2368;AC-2369;AC-2370;AC-2371,Error handling,High,errors.csv; State Matrix
SYNC-018,SYNC,MOD-018,Настройки,"Синхронизация модуля: bootstrap/incremental sync, ack, cursor, scope invalidation",GET_api_v1_sync_changes; POST_api_v1_sync_bootstrap; POST_api_v1_sync_ack,GET /api/v1/sync/changes; POST /api/v1/sync/bootstrap; POST /api/v1/sync/ack,—,OrganizerController.GET_api_v1_sync_changes; OrganizerController.POST_api_v1_sync_bootstrap; OrganizerController.POST_api_v1_sync_ack,"SCR-150 Настройки; SCR-151 Профиль; SCR-152 Пароль и безопасность; SCR-153 Notifications и DND; SCR-154 Calendar preferences; SCR-155 Startup, tray и device; SCR-156 Cache и sync; SCR-157 Подключение; SCR-158 Доступность; SCR-159 Диагностика клиента; SCR-161 Мои devices и sessions",FLOW-002 Обычный вход; FLOW-003 Истечение сессии,AC-1887;AC-2619;AC-2620;AC-2621;AC-2622;AC-2623;AC-2624;AC-2625;AC-2626;AC-2627;AC-2628;AC-2629,Desktop/resilience,High,ADR-005/015; DEC-006/032
AUDIT-018,AUDIT,MOD-018,Настройки,"Аудит и история действий модуля (append-only, redaction-aware)",— (domain command + audit/history endpoints),—,—,— (domain handlers + audit pipeline),"SCR-150 Настройки; SCR-151 Профиль; SCR-152 Пароль и безопасность; SCR-153 Notifications и DND; SCR-154 Calendar preferences; SCR-155 Startup, tray и device; SCR-156 Cache и sync; SCR-157 Подключение; SCR-158 Доступность; SCR-159 Диагностика клиента; SCR-161 Мои devices и sessions",FLOW-002 Обычный вход; FLOW-003 Истечение сессии,AC-1908;AC-2877;AC-2878;AC-2879;AC-2880;AC-2881;AC-2882;AC-2883;AC-2884;AC-2885;AC-2886;AC-2887,Audit/security,Critical,Architecture audit principles; OpenAPI side effects
BR-082,BR,MOD-018,Настройки,"Каждая настройка маркируется как user-synced, device-local или server-managed.",—,—,—,—,"SCR-150 Настройки; SCR-151 Профиль; SCR-152 Пароль и безопасность; SCR-153 Notifications и DND; SCR-154 Calendar preferences; SCR-155 Startup, tray и device; SCR-156 Cache и sync; SCR-157 Подключение; SCR-158 Доступность; SCR-159 Диагностика клиента; SCR-161 Мои devices и sessions",FLOW-002 Обычный вход; FLOW-003 Истечение сессии,AC-082,Integration/domain,High,"§23, §24; Stage 3.5"
BR-083,BR,MOD-018,Настройки,PATCH omitted означает unchanged; null очищает только nullable field.,—,—,—,—,"SCR-150 Настройки; SCR-151 Профиль; SCR-152 Пароль и безопасность; SCR-153 Notifications и DND; SCR-154 Calendar preferences; SCR-155 Startup, tray и device; SCR-156 Cache и sync; SCR-157 Подключение; SCR-158 Доступность; SCR-159 Диагностика клиента; SCR-161 Мои devices и sessions",FLOW-002 Обычный вход; FLOW-003 Истечение сессии,AC-083,Integration/domain,High,"§23, §24; Stage 3.5"
BR-084,BR,MOD-018,Настройки,Unsupported controls не отображаются.,—,—,—,—,"SCR-150 Настройки; SCR-151 Профиль; SCR-152 Пароль и безопасность; SCR-153 Notifications и DND; SCR-154 Calendar preferences; SCR-155 Startup, tray и device; SCR-156 Cache и sync; SCR-157 Подключение; SCR-158 Доступность; SCR-159 Диагностика клиента; SCR-161 Мои devices и sessions",FLOW-002 Обычный вход; FLOW-003 Истечение сессии,AC-084,Integration/domain,High,"§23, §24; Stage 3.5"
BR-098,BR,MOD-018,Настройки,Scale принадлежит организации (`scope=organization`); personal/user override отсутствует.,—,—,—,—,SCR-153 Notifications и DND,"FLOW-038 Управление организационной шкалой срочности (Stage 4.5, DEC-060)",AC-1790,Contract/UI,High,Stage 2.3.1 OpenAPI 1.2.0-stage2.3; Stage 3.5 UX baseline; Stage 4.3 remediation
BR-099,BR,MOD-018,Настройки,"Scale содержит ровно четыре обязательных semantic levels low/normal/high/critical, каждый ровно один раз.",—,—,—,—,SCR-153 Notifications и DND,"FLOW-038 Управление организационной шкалой срочности (Stage 4.5, DEC-060)",AC-1790;AC-1796,Contract/UI; Integration/concurrency,High; Critical,Stage 2.3.1 OpenAPI 1.2.0-stage2.3; Stage 3.5 UX baseline; Stage 4.3 remediation
BR-100,BR,MOD-018,Настройки,"Четыре inclusive-интервала упорядочены, не пересекаются, не имеют gaps и полностью покрывают 0–100.",—,—,—,—,SCR-153 Notifications и DND,"FLOW-038 Управление организационной шкалой срочности (Stage 4.5, DEC-060)",AC-1792;AC-1793;AC-1794;AC-1795,Boundary,High,Stage 2.3.1 OpenAPI 1.2.0-stage2.3; Stage 3.5 UX baseline; Stage 4.3 remediation
BR-101,BR,MOD-018,Настройки,Scale заменяется атомарно полным массивом; stale/missing If-Match не допускает overwrite.,—,—,—,—,SCR-153 Notifications и DND,"FLOW-038 Управление организационной шкалой срочности (Stage 4.5, DEC-060)",AC-1791;AC-1798,Integration/concurrency; Concurrency,Critical,Stage 2.3.1 OpenAPI 1.2.0-stage2.3; Stage 3.5 UX baseline; Stage 4.3 remediation
BR-102,BR,MOD-018,Настройки,"Reset использует server defaults 0–24, 25–49, 50–74, 75–100 и новый ETag.",—,—,—,—,SCR-153 Notifications и DND,"FLOW-038 Управление организационной шкалой срочности (Stage 4.5, DEC-060)",AC-1796;AC-1821,Integration/concurrency; Resilience/concurrency,Critical; High,Stage 2.3.1 OpenAPI 1.2.0-stage2.3; Stage 3.5 UX baseline; Stage 4.3 remediation
BR-104,BR,MOD-018,Настройки,Срочность передаётся semantic label и текстом/иконкой; цвет/displayToken не является единственным носителем.,—,—,—,—,SCR-153 Notifications и DND,"FLOW-038 Управление организационной шкалой срочности (Stage 4.5, DEC-060)",AC-1802,Accessibility,High,Stage 2.3.1 OpenAPI 1.2.0-stage2.3; Stage 3.5 UX baseline; Stage 4.3 remediation
FR-171,FR,MOD-018,Настройки,Система должна позволять пользователю с capability `Settings.ReadOwn` выполнить действие «Настройки уведомлений» и считать его успешным только после подтверждения сервера.,GET_api_v1_notifications_preferences,GET /api/v1/notifications/preferences,Settings.ReadOwn,OrganizerController.GET_api_v1_notifications_preferences,SCR-153 Notifications и DND,"FLOW-002 Обычный вход; FLOW-003 Истечение сессии; FLOW-022 Потеря сервера; FLOW-023 Работа в read-only cache; FLOW-025 Optimistic conflict; FLOW-038 Управление организационной шкалой срочности (Stage 4.5, DEC-060)",AC-1058;AC-1059;AC-1060,Contract/integration; Security/authorization; Security/session,High; Critical,OpenAPI `GET_api_v1_notifications_preferences`; Stage_3_Field_Traceability_Final_3.5.csv
FR-172,FR,MOD-018,Настройки,Система должна позволять пользователю с capability `Settings.UpdateOwn` выполнить действие «Обновить настройки уведомлений» и считать его успешным только после подтверждения сервера.,PUT_api_v1_notifications_preferences,PUT /api/v1/notifications/preferences,Settings.UpdateOwn,OrganizerController.PUT_api_v1_notifications_preferences,SCR-153 Notifications и DND,"FLOW-002 Обычный вход; FLOW-003 Истечение сессии; FLOW-022 Потеря сервера; FLOW-023 Работа в read-only cache; FLOW-025 Optimistic conflict; FLOW-038 Управление организационной шкалой срочности (Stage 4.5, DEC-060)",AC-1061;AC-1062;AC-1063;AC-1064;AC-1065;AC-1066;AC-1067,Contract/integration; Security/authorization; Security/session; Contract/UI; Concurrency/integration; Desktop/resilience; Integration,Critical; High,OpenAPI `PUT_api_v1_notifications_preferences`; Stage_3_Field_Traceability_Final_3.5.csv
FR-173,FR,MOD-018,Настройки,Система должна позволять пользователю с capability `Settings.ReadOwn` выполнить действие «Пользовательские настройки» и считать его успешным только после подтверждения сервера.,GET_api_v1_settings_me,GET /api/v1/settings/me,Settings.ReadOwn,OrganizerController.GET_api_v1_settings_me,"SCR-151 Профиль; SCR-154 Calendar preferences; SCR-155 Startup, tray и device","FLOW-002 Обычный вход; FLOW-003 Истечение сессии; FLOW-022 Потеря сервера; FLOW-023 Работа в read-only cache; FLOW-025 Optimistic conflict; FLOW-038 Управление организационной шкалой срочности (Stage 4.5, DEC-060)",AC-1068;AC-1069;AC-1070,Contract/integration; Security/authorization; Security/session,High; Critical,OpenAPI `GET_api_v1_settings_me`; Stage_3_Field_Traceability_Final_3.5.csv
FR-174,FR,MOD-018,Настройки,Система должна позволять пользователю с capability `Settings.UpdateOwn` выполнить действие «Изменить пользовательские настройки» и считать его успешным только после подтверждения сервера.,PATCH_api_v1_settings_me,PATCH /api/v1/settings/me,Settings.UpdateOwn,OrganizerController.PATCH_api_v1_settings_me,"SCR-151 Профиль; SCR-154 Calendar preferences; SCR-155 Startup, tray и device","FLOW-002 Обычный вход; FLOW-003 Истечение сессии; FLOW-022 Потеря сервера; FLOW-023 Работа в read-only cache; FLOW-025 Optimistic conflict; FLOW-038 Управление организационной шкалой срочности (Stage 4.5, DEC-060)",AC-1071;AC-1072;AC-1073;AC-1074;AC-1075;AC-1076;AC-1077,Contract/integration; Security/authorization; Security/session; Contract/UI; Concurrency/integration; Desktop/resilience; Integration,Critical; High,OpenAPI `PATCH_api_v1_settings_me`; Stage_3_Field_Traceability_Final_3.5.csv
FR-175,FR,MOD-018,Настройки,Система должна позволять пользователю с capability `Organization.Read` выполнить действие «Настройки организации» и считать его успешным только после подтверждения сервера.,GET_api_v1_settings_organization,GET /api/v1/settings/organization,Organization.Read,OrganizerController.GET_api_v1_settings_organization,SCR-187 Organization settings / feature flags,"FLOW-002 Обычный вход; FLOW-003 Истечение сессии; FLOW-022 Потеря сервера; FLOW-023 Работа в read-only cache; FLOW-025 Optimistic conflict; FLOW-038 Управление организационной шкалой срочности (Stage 4.5, DEC-060)",AC-1078;AC-1079;AC-1080,Contract/integration; Security/authorization; Security/session,High; Critical,OpenAPI `GET_api_v1_settings_organization`; Stage_3_Field_Traceability_Final_3.5.csv
FR-176,FR,MOD-018,Настройки,Система должна позволять пользователю с capability `Organization.Update` выполнить действие «Изменить настройки организации» и считать его успешным только после подтверждения сервера.,PATCH_api_v1_settings_organization,PATCH /api/v1/settings/organization,Organization.Update,OrganizerController.PATCH_api_v1_settings_organization,SCR-187 Organization settings / feature flags,"FLOW-002 Обычный вход; FLOW-003 Истечение сессии; FLOW-022 Потеря сервера; FLOW-023 Работа в read-only cache; FLOW-025 Optimistic conflict; FLOW-038 Управление организационной шкалой срочности (Stage 4.5, DEC-060)",AC-1081;AC-1082;AC-1083;AC-1084;AC-1085;AC-1086;AC-1087,Contract/integration; Security/authorization; Security/session; Contract/UI; Concurrency/integration; Desktop/resilience; Integration,Critical; High,OpenAPI `PATCH_api_v1_settings_organization`; Stage_3_Field_Traceability_Final_3.5.csv
FR-264,FR,MOD-018,Настройки,"SCR-153 должен показывать только contract-backed organizational urgency editor; avatar upload, personal urgency override, произвольный HEX/color picker и внешние notification channels не поддерживаются.",—,—,Settings.ReadOwn;System.Configure,—,SCR-153 Notifications и DND,"FLOW-038 Управление организационной шкалой срочности (Stage 4.5, DEC-060)",AC-1429;AC-1790;AC-1791;AC-1796;AC-1802,Desktop/UI; Contract/UI; Integration/concurrency; Accessibility,High; Critical,Stage 2.3.1 OpenAPI 1.2.0-stage2.3; Stage 3.5 UX baseline; Stage 4.3 remediation
FR-270,FR,MOD-018,Настройки,MOD-018,GET_api_v1_settings_notification_urgency_scale,GET /api/v1/settings/notification-urgency-scale,Settings.ReadOwn,OrganizerController.GET_api_v1_settings_notification_urgency_scale,SCR-153 Notifications и DND,"FLOW-038 Управление организационной шкалой срочности (Stage 4.5, DEC-060)",AC-1790,Contract/UI,High,Stage 2.3.1 OpenAPI 1.2.0-stage2.3; Stage 3.5 UX baseline; Stage 4.3 remediation
FR-271,FR,MOD-018,Настройки,MOD-018,PUT_api_v1_settings_notification_urgency_scale,PUT /api/v1/settings/notification-urgency-scale,System.Configure,OrganizerController.PUT_api_v1_settings_notification_urgency_scale,SCR-153 Notifications и DND,"FLOW-038 Управление организационной шкалой срочности (Stage 4.5, DEC-060)",AC-1791;AC-1797;AC-1798;AC-1801;AC-1819,Integration/concurrency; Security; Concurrency; Audit; Field contract,Critical; High,Stage 2.3.1 OpenAPI 1.2.0-stage2.3; Stage 3.5 UX baseline; Stage 4.3 remediation
FR-272,FR,MOD-018,Настройки,MOD-018,POST_api_v1_settings_notification_urgency_scale_reset,POST /api/v1/settings/notification-urgency-scale/reset,System.Configure,OrganizerController.POST_api_v1_settings_notification_urgency_scale_reset,SCR-153 Notifications и DND,"FLOW-038 Управление организационной шкалой срочности (Stage 4.5, DEC-060)",AC-1796;AC-1821,Integration/concurrency; Resilience/concurrency,Critical; High,Stage 2.3.1 OpenAPI 1.2.0-stage2.3; Stage 3.5 UX baseline; Stage 4.3 remediation
FR-273,FR,MOD-018,Настройки,MOD-018,—,—,Settings.ReadOwn;System.Configure,—,SCR-153 Notifications и DND,"FLOW-038 Управление организационной шкалой срочности (Stage 4.5, DEC-060)",AC-1800;AC-1802;AC-1824,Authorization/UI; Accessibility; Traceability,High,Stage 2.3.1 OpenAPI 1.2.0-stage2.3; Stage 3.5 UX baseline; Stage 4.3 remediation
FR-274,FR,MOD-018,Настройки,MOD-018,—,—,System.Configure,—,SCR-153 Notifications и DND,"FLOW-038 Управление организационной шкалой срочности (Stage 4.5, DEC-060); FLOW-022 Потеря сервера; FLOW-023 Работа в read-only cache; FLOW-025 Optimistic conflict",AC-1792;AC-1793;AC-1794;AC-1795;AC-1799,Boundary; Resilience,High; Critical,Stage 2.3.1 OpenAPI 1.2.0-stage2.3; Stage 3.5 UX baseline; Stage 4.3 remediation
DATA-019,DATA,MOD-019,Администрирование,Данные модуля: DTO/агрегаты и их поля по OpenAPI,— (операции модуля),—,—,—,"SCR-170 Администрирование; SCR-171 Пользователи; SCR-172 Карточка пользователя; SCR-173 Создание/активация пользователя; SCR-174 Block/deactivate user; SCR-175 Отделы; SCR-176 Audit, policy engine, management APIs; SCR-177 Роли и permissions; SCR-178 Audit, policy engine, management APIs; SCR-179 Effective permission diagnostics; SCR-180 Устройства; SCR-181 Sessions и login attempts; SCR-182 Сетевые ресурсы; SCR-183 Settings APIs, Windows settings; SCR-184 Фоновые задания; SCR-185 Резервные копии; SCR-186 Audit; SCR-187 Organization settings / feature flags; SCR-188 Audit, policy engine, management APIs",FLOW-029 Блокировка пользователя; FLOW-030 Изменение permissions,AC-1729;AC-1730;AC-1731;AC-1732;AC-1733;AC-1734;AC-1735;AC-1736;AC-1737;AC-1738;AC-1739;AC-1740;AC-1741;AC-1742;AC-1743;AC-1744;AC-1745;AC-1746;AC-1747;AC-1748;AC-1749;AC-1750;AC-1751;AC-1752,Boundary/contract UI,High,DEC-036/037/041
PERM-019,PERM,MOD-019,Администрирование,Права модуля: capabilities и scopes по OpenAPI,— (операции модуля),—,—,—,"SCR-170 Администрирование; SCR-171 Пользователи; SCR-172 Карточка пользователя; SCR-173 Создание/активация пользователя; SCR-174 Block/deactivate user; SCR-175 Отделы; SCR-176 Audit, policy engine, management APIs; SCR-177 Роли и permissions; SCR-178 Audit, policy engine, management APIs; SCR-179 Effective permission diagnostics; SCR-180 Устройства; SCR-181 Sessions и login attempts; SCR-182 Сетевые ресурсы; SCR-183 Settings APIs, Windows settings; SCR-184 Фоновые задания; SCR-185 Резервные копии; SCR-186 Audit; SCR-187 Organization settings / feature flags; SCR-188 Audit, policy engine, management APIs",FLOW-029 Блокировка пользователя; FLOW-030 Изменение permissions,AC-1846;AC-2114;AC-2115;AC-2116;AC-2117;AC-2118;AC-2119;AC-2120;AC-2121;AC-2122;AC-2123;AC-2124;AC-2125;AC-2126;AC-2127;AC-2128;AC-2129;AC-2130;AC-2131;AC-2132;AC-2133;AC-2134;AC-2135;AC-2136;AC-2137;AC-2138;AC-2139;AC-2140;AC-2141;AC-2142;AC-2143;AC-2144;AC-2145;AC-2146;AC-2147;AC-2148;AC-2149;AC-2150;AC-2151;AC-2152;AC-2153;AC-2154;AC-2155;AC-2156;AC-2157;AC-2158;AC-2159;AC-2160;AC-2161;AC-2162;AC-2163;AC-2164;AC-2165;AC-2166;AC-2167,Security/authorization,Critical,DEC-004/030; OpenAPI
ERR-019,ERR,MOD-019,Администрирование,"Ошибки модуля: стабильные коды, HTTP-статусы и recovery по OpenAPI",— (операции модуля),—,—,—,"SCR-170 Администрирование; SCR-171 Пользователи; SCR-172 Карточка пользователя; SCR-173 Создание/активация пользователя; SCR-174 Block/deactivate user; SCR-175 Отделы; SCR-176 Audit, policy engine, management APIs; SCR-177 Роли и permissions; SCR-178 Audit, policy engine, management APIs; SCR-179 Effective permission diagnostics; SCR-180 Устройства; SCR-181 Sessions и login attempts; SCR-182 Сетевые ресурсы; SCR-183 Settings APIs, Windows settings; SCR-184 Фоновые задания; SCR-185 Резервные копии; SCR-186 Audit; SCR-187 Organization settings / feature flags; SCR-188 Audit, policy engine, management APIs",FLOW-029 Блокировка пользователя; FLOW-030 Изменение permissions,AC-1867;AC-2372;AC-2373;AC-2374;AC-2375;AC-2376;AC-2377;AC-2378;AC-2379;AC-2380;AC-2381;AC-2382;AC-2383;AC-2384;AC-2385;AC-2386;AC-2387;AC-2388;AC-2389;AC-2390;AC-2391;AC-2392;AC-2393;AC-2394;AC-2395;AC-2396;AC-2397;AC-2398;AC-2399;AC-2400;AC-2401;AC-2402;AC-2403;AC-2404;AC-2405;AC-2406;AC-2407;AC-2408;AC-2409;AC-2410;AC-2411;AC-2412;AC-2413;AC-2414;AC-2415;AC-2416;AC-2417;AC-2418;AC-2419;AC-2420;AC-2421;AC-2422;AC-2423;AC-2424;AC-2425,Error handling,High,errors.csv; State Matrix
SYNC-019,SYNC,MOD-019,Администрирование,"Синхронизация модуля: bootstrap/incremental sync, ack, cursor, scope invalidation",GET_api_v1_sync_changes; POST_api_v1_sync_bootstrap; POST_api_v1_sync_ack,GET /api/v1/sync/changes; POST /api/v1/sync/bootstrap; POST /api/v1/sync/ack,—,OrganizerController.GET_api_v1_sync_changes; OrganizerController.POST_api_v1_sync_bootstrap; OrganizerController.POST_api_v1_sync_ack,"SCR-170 Администрирование; SCR-171 Пользователи; SCR-172 Карточка пользователя; SCR-173 Создание/активация пользователя; SCR-174 Block/deactivate user; SCR-175 Отделы; SCR-176 Audit, policy engine, management APIs; SCR-177 Роли и permissions; SCR-178 Audit, policy engine, management APIs; SCR-179 Effective permission diagnostics; SCR-180 Устройства; SCR-181 Sessions и login attempts; SCR-182 Сетевые ресурсы; SCR-183 Settings APIs, Windows settings; SCR-184 Фоновые задания; SCR-185 Резервные копии; SCR-186 Audit; SCR-187 Organization settings / feature flags; SCR-188 Audit, policy engine, management APIs",FLOW-029 Блокировка пользователя; FLOW-030 Изменение permissions,AC-1888;AC-2630;AC-2631;AC-2632;AC-2633;AC-2634;AC-2635;AC-2636;AC-2637;AC-2638;AC-2639;AC-2640;AC-2641;AC-2642;AC-2643;AC-2644;AC-2645;AC-2646;AC-2647;AC-2648;AC-2649;AC-2650;AC-2651;AC-2652;AC-2653;AC-2654;AC-2655;AC-2656;AC-2657;AC-2658;AC-2659;AC-2660;AC-2661;AC-2662;AC-2663;AC-2664;AC-2665;AC-2666;AC-2667;AC-2668;AC-2669;AC-2670;AC-2671;AC-2672;AC-2673;AC-2674;AC-2675;AC-2676;AC-2677;AC-2678;AC-2679;AC-2680;AC-2681;AC-2682;AC-2683,Desktop/resilience,High,ADR-005/015; DEC-006/032
AUDIT-019,AUDIT,MOD-019,Администрирование,"Аудит и история действий модуля (append-only, redaction-aware)",— (domain command + audit/history endpoints),—,—,— (domain handlers + audit pipeline),"SCR-170 Администрирование; SCR-171 Пользователи; SCR-172 Карточка пользователя; SCR-173 Создание/активация пользователя; SCR-174 Block/deactivate user; SCR-175 Отделы; SCR-176 Audit, policy engine, management APIs; SCR-177 Роли и permissions; SCR-178 Audit, policy engine, management APIs; SCR-179 Effective permission diagnostics; SCR-180 Устройства; SCR-181 Sessions и login attempts; SCR-182 Сетевые ресурсы; SCR-183 Settings APIs, Windows settings; SCR-184 Фоновые задания; SCR-185 Резервные копии; SCR-186 Audit; SCR-187 Organization settings / feature flags; SCR-188 Audit, policy engine, management APIs",FLOW-029 Блокировка пользователя; FLOW-030 Изменение permissions,AC-1909;AC-2888;AC-2889;AC-2890;AC-2891;AC-2892;AC-2893;AC-2894;AC-2895;AC-2896;AC-2897;AC-2898;AC-2899;AC-2900;AC-2901;AC-2902;AC-2903;AC-2904;AC-2905;AC-2906;AC-2907;AC-2908;AC-2909;AC-2910;AC-2911;AC-2912;AC-2913;AC-2914;AC-2915;AC-2916;AC-2917;AC-2918;AC-2919;AC-2920;AC-2921;AC-2922;AC-2923;AC-2924;AC-2925;AC-2926;AC-2927;AC-2928;AC-2929;AC-2930;AC-2931;AC-2932;AC-2933;AC-2934;AC-2935;AC-2936;AC-2937;AC-2938;AC-2939;AC-2940;AC-2941,Audit/security,Critical,Architecture audit principles; OpenAPI side effects
BR-085,BR,MOD-019,Администрирование,Administrative action требует отдельной capability и server-side check.,—,—,—,—,"SCR-170 Администрирование; SCR-171 Пользователи; SCR-172 Карточка пользователя; SCR-173 Создание/активация пользователя; SCR-174 Block/deactivate user; SCR-175 Отделы; SCR-176 Audit, policy engine, management APIs; SCR-177 Роли и permissions; SCR-178 Audit, policy engine, management APIs; SCR-179 Effective permission diagnostics; SCR-180 Устройства; SCR-181 Sessions и login attempts; SCR-182 Сетевые ресурсы; SCR-183 Settings APIs, Windows settings; SCR-184 Фоновые задания; SCR-185 Резервные копии; SCR-186 Audit; SCR-187 Organization settings / feature flags; SCR-188 Audit, policy engine, management APIs",FLOW-029 Блокировка пользователя; FLOW-030 Изменение permissions,AC-085,Integration/domain,High,"§7.1, §24–26, §29; Stage 3.5"
BR-086,BR,MOD-019,Администрирование,System roles/canonical permissions не меняются произвольно.,—,—,—,—,"SCR-170 Администрирование; SCR-171 Пользователи; SCR-172 Карточка пользователя; SCR-173 Создание/активация пользователя; SCR-174 Block/deactivate user; SCR-175 Отделы; SCR-176 Audit, policy engine, management APIs; SCR-177 Роли и permissions; SCR-178 Audit, policy engine, management APIs; SCR-179 Effective permission diagnostics; SCR-180 Устройства; SCR-181 Sessions и login attempts; SCR-182 Сетевые ресурсы; SCR-183 Settings APIs, Windows settings; SCR-184 Фоновые задания; SCR-185 Резервные копии; SCR-186 Audit; SCR-187 Organization settings / feature flags; SCR-188 Audit, policy engine, management APIs",FLOW-029 Блокировка пользователя; FLOW-030 Изменение permissions,AC-086,Integration/domain,High,"§7.1, §24–26, §29; Stage 3.5"
BR-087,BR,MOD-019,Администрирование,"Backup success подтверждается проверкой результата, а не существованием файла.",—,—,—,—,"SCR-170 Администрирование; SCR-171 Пользователи; SCR-172 Карточка пользователя; SCR-173 Создание/активация пользователя; SCR-174 Block/deactivate user; SCR-175 Отделы; SCR-176 Audit, policy engine, management APIs; SCR-177 Роли и permissions; SCR-178 Audit, policy engine, management APIs; SCR-179 Effective permission diagnostics; SCR-180 Устройства; SCR-181 Sessions и login attempts; SCR-182 Сетевые ресурсы; SCR-183 Settings APIs, Windows settings; SCR-184 Фоновые задания; SCR-185 Резервные копии; SCR-186 Audit; SCR-187 Organization settings / feature flags; SCR-188 Audit, policy engine, management APIs",FLOW-029 Блокировка пользователя; FLOW-030 Изменение permissions,AC-087,Integration/domain,High,"§7.1, §24–26, §29; Stage 3.5"
BR-088,BR,MOD-019,Администрирование,Любая sensitive admin command журналируется.,—,—,—,—,"SCR-170 Администрирование; SCR-171 Пользователи; SCR-172 Карточка пользователя; SCR-173 Создание/активация пользователя; SCR-174 Block/deactivate user; SCR-175 Отделы; SCR-176 Audit, policy engine, management APIs; SCR-177 Роли и permissions; SCR-178 Audit, policy engine, management APIs; SCR-179 Effective permission diagnostics; SCR-180 Устройства; SCR-181 Sessions и login attempts; SCR-182 Сетевые ресурсы; SCR-183 Settings APIs, Windows settings; SCR-184 Фоновые задания; SCR-185 Резервные копии; SCR-186 Audit; SCR-187 Organization settings / feature flags; SCR-188 Audit, policy engine, management APIs",FLOW-029 Блокировка пользователя; FLOW-030 Изменение permissions,AC-088,Integration/domain,High,"§7.1, §24–26, §29; Stage 3.5"
FR-177,FR,MOD-019,Администрирование,Система должна позволять пользователю с capability `Backup.Read` выполнить действие «Результаты резервного копирования» и считать его успешным только после подтверждения сервера.,GET_api_v1_admin_backups,GET /api/v1/admin/backups,Backup.Read,OrganizerController.GET_api_v1_admin_backups,"SCR-071 Project role/overrides; SCR-155 Startup, tray и device; SCR-170 Администрирование; SCR-171 Пользователи; SCR-172 Карточка пользователя; SCR-173 Создание/активация пользователя; SCR-174 Block/deactivate user; SCR-175 Отделы; SCR-176 Audit, policy engine, management APIs; SCR-177 Роли и permissions; SCR-178 Audit, policy engine, management APIs; SCR-179 Effective permission diagnostics; SCR-180 Устройства; SCR-181 Sessions и login attempts; SCR-182 Сетевые ресурсы; SCR-183 Settings APIs, Windows settings; SCR-184 Фоновые задания; SCR-185 Резервные копии; SCR-186 Audit; SCR-187 Organization settings / feature flags; SCR-188 Audit, policy engine, management APIs",FLOW-026 Архивирование; FLOW-028 Восстановление из корзины; FLOW-029 Блокировка пользователя; FLOW-030 Изменение permissions,AC-1088;AC-1089;AC-1090,Contract/integration; Security/authorization; Security/session,High; Critical,OpenAPI `GET_api_v1_admin_backups`; Stage_3_Field_Traceability_Final_3.5.csv
FR-178,FR,MOD-019,Администрирование,Система должна позволять пользователю с capability `Backup.Execute` выполнить действие «Запустить backup» и считать его успешным только после подтверждения сервера.,POST_api_v1_admin_backups,POST /api/v1/admin/backups,Backup.Execute,OrganizerController.POST_api_v1_admin_backups,"SCR-071 Project role/overrides; SCR-155 Startup, tray и device; SCR-170 Администрирование; SCR-171 Пользователи; SCR-172 Карточка пользователя; SCR-173 Создание/активация пользователя; SCR-174 Block/deactivate user; SCR-175 Отделы; SCR-176 Audit, policy engine, management APIs; SCR-177 Роли и permissions; SCR-178 Audit, policy engine, management APIs; SCR-179 Effective permission diagnostics; SCR-180 Устройства; SCR-181 Sessions и login attempts; SCR-182 Сетевые ресурсы; SCR-183 Settings APIs, Windows settings; SCR-184 Фоновые задания; SCR-185 Резервные копии; SCR-186 Audit; SCR-187 Organization settings / feature flags; SCR-188 Audit, policy engine, management APIs",FLOW-026 Архивирование; FLOW-028 Восстановление из корзины; FLOW-029 Блокировка пользователя; FLOW-030 Изменение permissions,AC-1091;AC-1092;AC-1093;AC-1094;AC-1095;AC-1096,Contract/integration; Security/authorization; Security/session; Concurrency/integration; Desktop/resilience; Integration,Critical,OpenAPI `POST_api_v1_admin_backups`; Stage_3_Field_Traceability_Final_3.5.csv
FR-179,FR,MOD-019,Администрирование,Система должна позволять пользователю с capability `Backup.Restore` выполнить действие «Запросить controlled restore» и считать его успешным только после подтверждения сервера.,POST_api_v1_admin_backups_id_restore,POST /api/v1/admin/backups/{id}/restore,Backup.Restore,OrganizerController.POST_api_v1_admin_backups_id_restore,"SCR-071 Project role/overrides; SCR-155 Startup, tray и device; SCR-170 Администрирование; SCR-171 Пользователи; SCR-172 Карточка пользователя; SCR-173 Создание/активация пользователя; SCR-174 Block/deactivate user; SCR-175 Отделы; SCR-176 Audit, policy engine, management APIs; SCR-177 Роли и permissions; SCR-178 Audit, policy engine, management APIs; SCR-179 Effective permission diagnostics; SCR-180 Устройства; SCR-181 Sessions и login attempts; SCR-182 Сетевые ресурсы; SCR-183 Settings APIs, Windows settings; SCR-184 Фоновые задания; SCR-185 Резервные копии; SCR-186 Audit; SCR-187 Organization settings / feature flags; SCR-188 Audit, policy engine, management APIs",FLOW-028 Восстановление из корзины,AC-1097;AC-1098;AC-1099;AC-1100;AC-1101;AC-1102;AC-1103,Contract/integration; Security/authorization; Security/session; Contract/UI; Concurrency/integration; Desktop/resilience; Integration,Critical; High,OpenAPI `POST_api_v1_admin_backups_id_restore`; Stage_3_Field_Traceability_Final_3.5.csv
FR-180,FR,MOD-019,Администрирование,Система должна позволять пользователю с capability `Backup.RestoreTest` выполнить действие «Запустить restore verification» и считать его успешным только после подтверждения сервера.,POST_api_v1_admin_backups_id_verify,POST /api/v1/admin/backups/{id}/verify,Backup.RestoreTest,OrganizerController.POST_api_v1_admin_backups_id_verify,"SCR-071 Project role/overrides; SCR-155 Startup, tray и device; SCR-170 Администрирование; SCR-171 Пользователи; SCR-172 Карточка пользователя; SCR-173 Создание/активация пользователя; SCR-174 Block/deactivate user; SCR-175 Отделы; SCR-176 Audit, policy engine, management APIs; SCR-177 Роли и permissions; SCR-178 Audit, policy engine, management APIs; SCR-179 Effective permission diagnostics; SCR-180 Устройства; SCR-181 Sessions и login attempts; SCR-182 Сетевые ресурсы; SCR-183 Settings APIs, Windows settings; SCR-184 Фоновые задания; SCR-185 Резервные копии; SCR-186 Audit; SCR-187 Organization settings / feature flags; SCR-188 Audit, policy engine, management APIs",FLOW-026 Архивирование; FLOW-028 Восстановление из корзины; FLOW-029 Блокировка пользователя; FLOW-030 Изменение permissions,AC-1104;AC-1105;AC-1106;AC-1107;AC-1108;AC-1109,Contract/integration; Security/authorization; Security/session; Concurrency/integration; Desktop/resilience; Integration,Critical,OpenAPI `POST_api_v1_admin_backups_id_verify`; Stage_3_Field_Traceability_Final_3.5.csv
FR-181,FR,MOD-019,Администрирование,Система должна позволять пользователю с capability `System.Configure` выполнить действие «Запустить compaction change feed» и считать его успешным только после подтверждения сервера.,POST_api_v1_admin_change_feed_compact,POST /api/v1/admin/change-feed/compact,System.Configure,OrganizerController.POST_api_v1_admin_change_feed_compact,"SCR-071 Project role/overrides; SCR-155 Startup, tray и device; SCR-170 Администрирование; SCR-171 Пользователи; SCR-172 Карточка пользователя; SCR-173 Создание/активация пользователя; SCR-174 Block/deactivate user; SCR-175 Отделы; SCR-176 Audit, policy engine, management APIs; SCR-177 Роли и permissions; SCR-178 Audit, policy engine, management APIs; SCR-179 Effective permission diagnostics; SCR-180 Устройства; SCR-181 Sessions и login attempts; SCR-182 Сетевые ресурсы; SCR-183 Settings APIs, Windows settings; SCR-184 Фоновые задания; SCR-185 Резервные копии; SCR-186 Audit; SCR-187 Organization settings / feature flags; SCR-188 Audit, policy engine, management APIs",FLOW-026 Архивирование; FLOW-028 Восстановление из корзины; FLOW-029 Блокировка пользователя; FLOW-030 Изменение permissions,AC-1110;AC-1111;AC-1112;AC-1113;AC-1114;AC-1115,Contract/integration; Security/authorization; Security/session; Concurrency/integration; Desktop/resilience; Integration,Critical,OpenAPI `POST_api_v1_admin_change_feed_compact`; Stage_3_Field_Traceability_Final_3.5.csv
FR-182,FR,MOD-019,Администрирование,Система должна позволять пользователю с capability `System.Configure` выполнить действие «Изменить feature flag» и считать его успешным только после подтверждения сервера.,PUT_api_v1_admin_feature_flags_key,PUT /api/v1/admin/feature-flags/{key},System.Configure,OrganizerController.PUT_api_v1_admin_feature_flags_key,"SCR-071 Project role/overrides; SCR-155 Startup, tray и device; SCR-170 Администрирование; SCR-171 Пользователи; SCR-172 Карточка пользователя; SCR-173 Создание/активация пользователя; SCR-174 Block/deactivate user; SCR-175 Отделы; SCR-176 Audit, policy engine, management APIs; SCR-177 Роли и permissions; SCR-178 Audit, policy engine, management APIs; SCR-179 Effective permission diagnostics; SCR-180 Устройства; SCR-181 Sessions и login attempts; SCR-182 Сетевые ресурсы; SCR-183 Settings APIs, Windows settings; SCR-184 Фоновые задания; SCR-185 Резервные копии; SCR-186 Audit; SCR-187 Organization settings / feature flags; SCR-188 Audit, policy engine, management APIs",FLOW-026 Архивирование; FLOW-028 Восстановление из корзины; FLOW-029 Блокировка пользователя; FLOW-030 Изменение permissions,AC-1116;AC-1117;AC-1118;AC-1119;AC-1120;AC-1121;AC-1122,Contract/integration; Security/authorization; Security/session; Contract/UI; Concurrency/integration; Desktop/resilience; Integration,Critical; High,OpenAPI `PUT_api_v1_admin_feature_flags_key`; Stage_3_Field_Traceability_Final_3.5.csv
FR-183,FR,MOD-019,Администрирование,Система должна позволять пользователю с capability `System.HealthRead` выполнить действие «Фоновые задания» и считать его успешным только после подтверждения сервера.,GET_api_v1_admin_jobs,GET /api/v1/admin/jobs,System.HealthRead,OrganizerController.GET_api_v1_admin_jobs,"SCR-071 Project role/overrides; SCR-155 Startup, tray и device; SCR-170 Администрирование; SCR-171 Пользователи; SCR-172 Карточка пользователя; SCR-173 Создание/активация пользователя; SCR-174 Block/deactivate user; SCR-175 Отделы; SCR-176 Audit, policy engine, management APIs; SCR-177 Роли и permissions; SCR-178 Audit, policy engine, management APIs; SCR-179 Effective permission diagnostics; SCR-180 Устройства; SCR-181 Sessions и login attempts; SCR-182 Сетевые ресурсы; SCR-183 Settings APIs, Windows settings; SCR-184 Фоновые задания; SCR-185 Резервные копии; SCR-186 Audit; SCR-187 Organization settings / feature flags; SCR-188 Audit, policy engine, management APIs",FLOW-026 Архивирование; FLOW-028 Восстановление из корзины; FLOW-029 Блокировка пользователя; FLOW-030 Изменение permissions,AC-1123;AC-1124;AC-1125,Contract/integration; Security/authorization; Security/session,High; Critical,OpenAPI `GET_api_v1_admin_jobs`; Stage_3_Field_Traceability_Final_3.5.csv
FR-184,FR,MOD-019,Администрирование,Система должна позволять пользователю с capability `System.Configure` выполнить действие «Запустить разрешённый job» и считать его успешным только после подтверждения сервера.,POST_api_v1_admin_jobs_code_run,POST /api/v1/admin/jobs/{code}/run,System.Configure,OrganizerController.POST_api_v1_admin_jobs_code_run,"SCR-071 Project role/overrides; SCR-155 Startup, tray и device; SCR-170 Администрирование; SCR-171 Пользователи; SCR-172 Карточка пользователя; SCR-173 Создание/активация пользователя; SCR-174 Block/deactivate user; SCR-175 Отделы; SCR-176 Audit, policy engine, management APIs; SCR-177 Роли и permissions; SCR-178 Audit, policy engine, management APIs; SCR-179 Effective permission diagnostics; SCR-180 Устройства; SCR-181 Sessions и login attempts; SCR-182 Сетевые ресурсы; SCR-183 Settings APIs, Windows settings; SCR-184 Фоновые задания; SCR-185 Резервные копии; SCR-186 Audit; SCR-187 Organization settings / feature flags; SCR-188 Audit, policy engine, management APIs",FLOW-026 Архивирование; FLOW-028 Восстановление из корзины; FLOW-029 Блокировка пользователя; FLOW-030 Изменение permissions,AC-1126;AC-1127;AC-1128;AC-1129;AC-1130;AC-1131,Contract/integration; Security/authorization; Security/session; Concurrency/integration; Desktop/resilience; Integration,Critical,OpenAPI `POST_api_v1_admin_jobs_code_run`; Stage_3_Field_Traceability_Final_3.5.csv
FR-185,FR,MOD-019,Администрирование,Система должна позволять пользователю с capability `System.HealthRead` выполнить действие «История job» и считать его успешным только после подтверждения сервера.,GET_api_v1_admin_jobs_code_runs,GET /api/v1/admin/jobs/{code}/runs,System.HealthRead,OrganizerController.GET_api_v1_admin_jobs_code_runs,"SCR-071 Project role/overrides; SCR-155 Startup, tray и device; SCR-170 Администрирование; SCR-171 Пользователи; SCR-172 Карточка пользователя; SCR-173 Создание/активация пользователя; SCR-174 Block/deactivate user; SCR-175 Отделы; SCR-176 Audit, policy engine, management APIs; SCR-177 Роли и permissions; SCR-178 Audit, policy engine, management APIs; SCR-179 Effective permission diagnostics; SCR-180 Устройства; SCR-181 Sessions и login attempts; SCR-182 Сетевые ресурсы; SCR-183 Settings APIs, Windows settings; SCR-184 Фоновые задания; SCR-185 Резервные копии; SCR-186 Audit; SCR-187 Organization settings / feature flags; SCR-188 Audit, policy engine, management APIs",FLOW-026 Архивирование; FLOW-028 Восстановление из корзины; FLOW-029 Блокировка пользователя; FLOW-030 Изменение permissions,AC-1132;AC-1133;AC-1134,Contract/integration; Security/authorization; Security/session,High; Critical,OpenAPI `GET_api_v1_admin_jobs_code_runs`; Stage_3_Field_Traceability_Final_3.5.csv
FR-186,FR,MOD-019,Администрирование,Система должна позволять пользователю с capability `System.Configure` выполнить действие «Включить/выключить maintenance mode» и считать его успешным только после подтверждения сервера.,POST_api_v1_admin_maintenance_mode,POST /api/v1/admin/maintenance-mode,System.Configure,OrganizerController.POST_api_v1_admin_maintenance_mode,"SCR-071 Project role/overrides; SCR-155 Startup, tray и device; SCR-170 Администрирование; SCR-171 Пользователи; SCR-172 Карточка пользователя; SCR-173 Создание/активация пользователя; SCR-174 Block/deactivate user; SCR-175 Отделы; SCR-176 Audit, policy engine, management APIs; SCR-177 Роли и permissions; SCR-178 Audit, policy engine, management APIs; SCR-179 Effective permission diagnostics; SCR-180 Устройства; SCR-181 Sessions и login attempts; SCR-182 Сетевые ресурсы; SCR-183 Settings APIs, Windows settings; SCR-184 Фоновые задания; SCR-185 Резервные копии; SCR-186 Audit; SCR-187 Organization settings / feature flags; SCR-188 Audit, policy engine, management APIs",FLOW-026 Архивирование; FLOW-028 Восстановление из корзины; FLOW-029 Блокировка пользователя; FLOW-030 Изменение permissions,AC-1135;AC-1136;AC-1137;AC-1138;AC-1139;AC-1140,Contract/integration; Security/authorization; Security/session; Concurrency/integration; Desktop/resilience; Integration,Critical,OpenAPI `POST_api_v1_admin_maintenance_mode`; Stage_3_Field_Traceability_Final_3.5.csv
FR-187,FR,MOD-019,Администрирование,Система должна позволять пользователю с capability `System.Configure` выполнить действие «Запустить переиндексацию» и считать его успешным только после подтверждения сервера.,POST_api_v1_admin_search_reindex,POST /api/v1/admin/search/reindex,System.Configure,OrganizerController.POST_api_v1_admin_search_reindex,"SCR-071 Project role/overrides; SCR-155 Startup, tray и device; SCR-170 Администрирование; SCR-171 Пользователи; SCR-172 Карточка пользователя; SCR-173 Создание/активация пользователя; SCR-174 Block/deactivate user; SCR-175 Отделы; SCR-176 Audit, policy engine, management APIs; SCR-177 Роли и permissions; SCR-178 Audit, policy engine, management APIs; SCR-179 Effective permission diagnostics; SCR-180 Устройства; SCR-181 Sessions и login attempts; SCR-182 Сетевые ресурсы; SCR-183 Settings APIs, Windows settings; SCR-184 Фоновые задания; SCR-185 Резервные копии; SCR-186 Audit; SCR-187 Organization settings / feature flags; SCR-188 Audit, policy engine, management APIs",FLOW-026 Архивирование; FLOW-028 Восстановление из корзины; FLOW-029 Блокировка пользователя; FLOW-030 Изменение permissions,AC-1141;AC-1142;AC-1143;AC-1144;AC-1145;AC-1146,Contract/integration; Security/authorization; Security/session; Concurrency/integration; Desktop/resilience; Integration,Critical,OpenAPI `POST_api_v1_admin_search_reindex`; Stage_3_Field_Traceability_Final_3.5.csv
FR-188,FR,MOD-019,Администрирование,Система должна позволять пользователю с capability `System.Configure` выполнить действие «Административные capabilities» и считать его успешным только после подтверждения сервера.,GET_api_v1_admin_server_capabilities,GET /api/v1/admin/server-capabilities,System.Configure,OrganizerController.GET_api_v1_admin_server_capabilities,"SCR-071 Project role/overrides; SCR-155 Startup, tray и device; SCR-170 Администрирование; SCR-171 Пользователи; SCR-172 Карточка пользователя; SCR-173 Создание/активация пользователя; SCR-174 Block/deactivate user; SCR-175 Отделы; SCR-176 Audit, policy engine, management APIs; SCR-177 Роли и permissions; SCR-178 Audit, policy engine, management APIs; SCR-179 Effective permission diagnostics; SCR-180 Устройства; SCR-181 Sessions и login attempts; SCR-182 Сетевые ресурсы; SCR-183 Settings APIs, Windows settings; SCR-184 Фоновые задания; SCR-185 Резервные копии; SCR-186 Audit; SCR-187 Organization settings / feature flags; SCR-188 Audit, policy engine, management APIs",FLOW-026 Архивирование; FLOW-028 Восстановление из корзины; FLOW-029 Блокировка пользователя; FLOW-030 Изменение permissions,AC-1147;AC-1148;AC-1149,Contract/integration; Security/authorization; Security/session,High; Critical,OpenAPI `GET_api_v1_admin_server_capabilities`; Stage_3_Field_Traceability_Final_3.5.csv
FR-189,FR,MOD-019,Администрирование,Система должна позволять пользователю с capability `System.HealthRead` выполнить действие «Использование диска БД/backup/log» и считать его успешным только после подтверждения сервера.,GET_api_v1_admin_storage,GET /api/v1/admin/storage,System.HealthRead,OrganizerController.GET_api_v1_admin_storage,"SCR-071 Project role/overrides; SCR-155 Startup, tray и device; SCR-170 Администрирование; SCR-171 Пользователи; SCR-172 Карточка пользователя; SCR-173 Создание/активация пользователя; SCR-174 Block/deactivate user; SCR-175 Отделы; SCR-176 Audit, policy engine, management APIs; SCR-177 Роли и permissions; SCR-178 Audit, policy engine, management APIs; SCR-179 Effective permission diagnostics; SCR-180 Устройства; SCR-181 Sessions и login attempts; SCR-182 Сетевые ресурсы; SCR-183 Settings APIs, Windows settings; SCR-184 Фоновые задания; SCR-185 Резервные копии; SCR-186 Audit; SCR-187 Organization settings / feature flags; SCR-188 Audit, policy engine, management APIs",FLOW-026 Архивирование; FLOW-028 Восстановление из корзины; FLOW-029 Блокировка пользователя; FLOW-030 Изменение permissions,AC-1150;AC-1151;AC-1152,Contract/integration; Security/authorization; Security/session,High; Critical,OpenAPI `GET_api_v1_admin_storage`; Stage_3_Field_Traceability_Final_3.5.csv
FR-190,FR,MOD-019,Администрирование,Система должна позволять пользователю с capability `Department.Read` выполнить действие «Список отдел» и считать его успешным только после подтверждения сервера.,GET_api_v1_departments,GET /api/v1/departments,Department.Read,OrganizerController.GET_api_v1_departments,"SCR-071 Project role/overrides; SCR-155 Startup, tray и device; SCR-170 Администрирование; SCR-171 Пользователи; SCR-172 Карточка пользователя; SCR-173 Создание/активация пользователя; SCR-174 Block/deactivate user; SCR-175 Отделы; SCR-176 Audit, policy engine, management APIs; SCR-177 Роли и permissions; SCR-178 Audit, policy engine, management APIs; SCR-179 Effective permission diagnostics; SCR-180 Устройства; SCR-181 Sessions и login attempts; SCR-182 Сетевые ресурсы; SCR-183 Settings APIs, Windows settings; SCR-184 Фоновые задания; SCR-185 Резервные копии; SCR-186 Audit; SCR-187 Organization settings / feature flags; SCR-188 Audit, policy engine, management APIs",FLOW-026 Архивирование; FLOW-028 Восстановление из корзины; FLOW-029 Блокировка пользователя; FLOW-030 Изменение permissions,AC-1153;AC-1154;AC-1155,Contract/integration; Security/authorization; Security/session,High; Critical,OpenAPI `GET_api_v1_departments`; Stage_3_Field_Traceability_Final_3.5.csv
FR-191,FR,MOD-019,Администрирование,Система должна позволять пользователю с capability `Department.Manage` выполнить действие «Создать отдел» и считать его успешным только после подтверждения сервера.,POST_api_v1_departments,POST /api/v1/departments,Department.Manage,OrganizerController.POST_api_v1_departments,"SCR-176 Audit, policy engine, management APIs",FLOW-026 Архивирование; FLOW-028 Восстановление из корзины; FLOW-029 Блокировка пользователя; FLOW-030 Изменение permissions,AC-1156;AC-1157;AC-1158;AC-1159;AC-1160;AC-1161;AC-1162,Contract/integration; Security/authorization; Security/session; Contract/UI; Concurrency/integration; Desktop/resilience; Integration,Critical; High,OpenAPI `POST_api_v1_departments`; Stage_3_Field_Traceability_Final_3.5.csv
FR-192,FR,MOD-019,Администрирование,Система должна позволять пользователю с capability `Department.Read` выполнить действие «Дерево отделов» и считать его успешным только после подтверждения сервера.,GET_api_v1_departments_tree,GET /api/v1/departments/tree,Department.Read,OrganizerController.GET_api_v1_departments_tree,"SCR-071 Project role/overrides; SCR-155 Startup, tray и device; SCR-170 Администрирование; SCR-171 Пользователи; SCR-172 Карточка пользователя; SCR-173 Создание/активация пользователя; SCR-174 Block/deactivate user; SCR-175 Отделы; SCR-176 Audit, policy engine, management APIs; SCR-177 Роли и permissions; SCR-178 Audit, policy engine, management APIs; SCR-179 Effective permission diagnostics; SCR-180 Устройства; SCR-181 Sessions и login attempts; SCR-182 Сетевые ресурсы; SCR-183 Settings APIs, Windows settings; SCR-184 Фоновые задания; SCR-185 Резервные копии; SCR-186 Audit; SCR-187 Organization settings / feature flags; SCR-188 Audit, policy engine, management APIs",FLOW-026 Архивирование; FLOW-028 Восстановление из корзины; FLOW-029 Блокировка пользователя; FLOW-030 Изменение permissions,AC-1163;AC-1164;AC-1165,Contract/integration; Security/authorization; Security/session,High; Critical,OpenAPI `GET_api_v1_departments_tree`; Stage_3_Field_Traceability_Final_3.5.csv
FR-193,FR,MOD-019,Администрирование,Система должна позволять пользователю с capability `Department.Manage` выполнить действие «Переместить отдел в корзину» и считать его успешным только после подтверждения сервера.,DELETE_api_v1_departments_id,DELETE /api/v1/departments/{id},Department.Manage,OrganizerController.DELETE_api_v1_departments_id,"SCR-071 Project role/overrides; SCR-155 Startup, tray и device; SCR-170 Администрирование; SCR-171 Пользователи; SCR-172 Карточка пользователя; SCR-173 Создание/активация пользователя; SCR-174 Block/deactivate user; SCR-175 Отделы; SCR-176 Audit, policy engine, management APIs; SCR-177 Роли и permissions; SCR-178 Audit, policy engine, management APIs; SCR-179 Effective permission diagnostics; SCR-180 Устройства; SCR-181 Sessions и login attempts; SCR-182 Сетевые ресурсы; SCR-183 Settings APIs, Windows settings; SCR-184 Фоновые задания; SCR-185 Резервные копии; SCR-186 Audit; SCR-187 Organization settings / feature flags; SCR-188 Audit, policy engine, management APIs",FLOW-026 Архивирование; FLOW-028 Восстановление из корзины; FLOW-029 Блокировка пользователя; FLOW-030 Изменение permissions,AC-1166;AC-1167;AC-1168;AC-1169;AC-1170,Contract/integration; Security/authorization; Security/session; Concurrency/integration; Desktop/resilience,Critical,OpenAPI `DELETE_api_v1_departments_id`; Stage_3_Field_Traceability_Final_3.5.csv
FR-194,FR,MOD-019,Администрирование,Система должна позволять пользователю с capability `Department.Read` выполнить действие «Получить отдел» и считать его успешным только после подтверждения сервера.,GET_api_v1_departments_id,GET /api/v1/departments/{id},Department.Read,OrganizerController.GET_api_v1_departments_id,"SCR-176 Audit, policy engine, management APIs",FLOW-026 Архивирование; FLOW-028 Восстановление из корзины; FLOW-029 Блокировка пользователя; FLOW-030 Изменение permissions,AC-1171;AC-1172;AC-1173,Contract/integration; Security/authorization; Security/session,High; Critical,OpenAPI `GET_api_v1_departments_id`; Stage_3_Field_Traceability_Final_3.5.csv
FR-195,FR,MOD-019,Администрирование,Система должна позволять пользователю с capability `Department.Manage` выполнить действие «Изменить отдел» и считать его успешным только после подтверждения сервера.,PATCH_api_v1_departments_id,PATCH /api/v1/departments/{id},Department.Manage,OrganizerController.PATCH_api_v1_departments_id,"SCR-176 Audit, policy engine, management APIs",FLOW-026 Архивирование; FLOW-028 Восстановление из корзины; FLOW-029 Блокировка пользователя; FLOW-030 Изменение permissions,AC-1174;AC-1175;AC-1176;AC-1177;AC-1178;AC-1179,Contract/integration; Security/authorization; Security/session; Contract/UI; Concurrency/integration; Desktop/resilience,Critical; High,OpenAPI `PATCH_api_v1_departments_id`; Stage_3_Field_Traceability_Final_3.5.csv
FR-196,FR,MOD-019,Администрирование,Система должна позволять пользователю с capability `Department.Manage` выполнить действие «Архивировать отдел» и считать его успешным только после подтверждения сервера.,POST_api_v1_departments_id_archive,POST /api/v1/departments/{id}/archive,Department.Manage,OrganizerController.POST_api_v1_departments_id_archive,"SCR-071 Project role/overrides; SCR-155 Startup, tray и device; SCR-170 Администрирование; SCR-171 Пользователи; SCR-172 Карточка пользователя; SCR-173 Создание/активация пользователя; SCR-174 Block/deactivate user; SCR-175 Отделы; SCR-176 Audit, policy engine, management APIs; SCR-177 Роли и permissions; SCR-178 Audit, policy engine, management APIs; SCR-179 Effective permission diagnostics; SCR-180 Устройства; SCR-181 Sessions и login attempts; SCR-182 Сетевые ресурсы; SCR-183 Settings APIs, Windows settings; SCR-184 Фоновые задания; SCR-185 Резервные копии; SCR-186 Audit; SCR-187 Organization settings / feature flags; SCR-188 Audit, policy engine, management APIs",FLOW-026 Архивирование,AC-1180;AC-1181;AC-1182;AC-1183;AC-1184;AC-1185;AC-1186,Contract/integration; Security/authorization; Security/session; Contract/UI; Concurrency/integration; Desktop/resilience; Integration,Critical; High,OpenAPI `POST_api_v1_departments_id_archive`; Stage_3_Field_Traceability_Final_3.5.csv
FR-197,FR,MOD-019,Администрирование,Система должна позволять пользователю с capability `Department.Manage` выполнить действие «Заменить список руководителей отдела» и считать его успешным только после подтверждения сервера.,PUT_api_v1_departments_id_managers,PUT /api/v1/departments/{id}/managers,Department.Manage,OrganizerController.PUT_api_v1_departments_id_managers,"SCR-176 Audit, policy engine, management APIs",FLOW-026 Архивирование; FLOW-028 Восстановление из корзины; FLOW-029 Блокировка пользователя; FLOW-030 Изменение permissions,AC-1187;AC-1188;AC-1189;AC-1190;AC-1191;AC-1192;AC-1193,Contract/integration; Security/authorization; Security/session; Contract/UI; Concurrency/integration; Desktop/resilience; Integration,Critical; High,OpenAPI `PUT_api_v1_departments_id_managers`; Stage_3_Field_Traceability_Final_3.5.csv
FR-198,FR,MOD-019,Администрирование,Система должна позволять пользователю с capability `Department.Manage` выполнить действие «Восстановить отдел» и считать его успешным только после подтверждения сервера.,POST_api_v1_departments_id_restore,POST /api/v1/departments/{id}/restore,Department.Manage,OrganizerController.POST_api_v1_departments_id_restore,"SCR-071 Project role/overrides; SCR-155 Startup, tray и device; SCR-170 Администрирование; SCR-171 Пользователи; SCR-172 Карточка пользователя; SCR-173 Создание/активация пользователя; SCR-174 Block/deactivate user; SCR-175 Отделы; SCR-176 Audit, policy engine, management APIs; SCR-177 Роли и permissions; SCR-178 Audit, policy engine, management APIs; SCR-179 Effective permission diagnostics; SCR-180 Устройства; SCR-181 Sessions и login attempts; SCR-182 Сетевые ресурсы; SCR-183 Settings APIs, Windows settings; SCR-184 Фоновые задания; SCR-185 Резервные копии; SCR-186 Audit; SCR-187 Organization settings / feature flags; SCR-188 Audit, policy engine, management APIs",FLOW-028 Восстановление из корзины,AC-1194;AC-1195;AC-1196;AC-1197;AC-1198;AC-1199;AC-1200,Contract/integration; Security/authorization; Security/session; Contract/UI; Concurrency/integration; Desktop/resilience; Integration,Critical; High,OpenAPI `POST_api_v1_departments_id_restore`; Stage_3_Field_Traceability_Final_3.5.csv
FR-199,FR,MOD-019,Администрирование,Система должна позволять пользователю с capability `Department.Manage` выполнить действие «Вернуть отдел из архива» и считать его успешным только после подтверждения сервера.,POST_api_v1_departments_id_unarchive,POST /api/v1/departments/{id}/unarchive,Department.Manage,OrganizerController.POST_api_v1_departments_id_unarchive,"SCR-071 Project role/overrides; SCR-155 Startup, tray и device; SCR-170 Администрирование; SCR-171 Пользователи; SCR-172 Карточка пользователя; SCR-173 Создание/активация пользователя; SCR-174 Block/deactivate user; SCR-175 Отделы; SCR-176 Audit, policy engine, management APIs; SCR-177 Роли и permissions; SCR-178 Audit, policy engine, management APIs; SCR-179 Effective permission diagnostics; SCR-180 Устройства; SCR-181 Sessions и login attempts; SCR-182 Сетевые ресурсы; SCR-183 Settings APIs, Windows settings; SCR-184 Фоновые задания; SCR-185 Резервные копии; SCR-186 Audit; SCR-187 Organization settings / feature flags; SCR-188 Audit, policy engine, management APIs",FLOW-026 Архивирование,AC-1201;AC-1202;AC-1203;AC-1204;AC-1205,Contract/integration; Security/authorization; Security/session; Concurrency/integration; Desktop/resilience,Critical,OpenAPI `POST_api_v1_departments_id_unarchive`; Stage_3_Field_Traceability_Final_3.5.csv
FR-200,FR,MOD-019,Администрирование,Система должна позволять пользователю с capability `Device.ReadOwnOrAll` выполнить действие «Список устройство» и считать его успешным только после подтверждения сервера.,GET_api_v1_devices,GET /api/v1/devices,Device.ReadOwnOrAll,OrganizerController.GET_api_v1_devices,"SCR-071 Project role/overrides; SCR-155 Startup, tray и device; SCR-170 Администрирование; SCR-171 Пользователи; SCR-172 Карточка пользователя; SCR-173 Создание/активация пользователя; SCR-174 Block/deactivate user; SCR-175 Отделы; SCR-176 Audit, policy engine, management APIs; SCR-177 Роли и permissions; SCR-178 Audit, policy engine, management APIs; SCR-179 Effective permission diagnostics; SCR-180 Устройства; SCR-181 Sessions и login attempts; SCR-182 Сетевые ресурсы; SCR-183 Settings APIs, Windows settings; SCR-184 Фоновые задания; SCR-185 Резервные копии; SCR-186 Audit; SCR-187 Organization settings / feature flags; SCR-188 Audit, policy engine, management APIs",FLOW-026 Архивирование; FLOW-028 Восстановление из корзины; FLOW-029 Блокировка пользователя; FLOW-030 Изменение permissions,AC-1206;AC-1207;AC-1208,Contract/integration; Security/authorization; Security/session,High; Critical,OpenAPI `GET_api_v1_devices`; Stage_3_Field_Traceability_Final_3.5.csv
FR-201,FR,MOD-019,Администрирование,Система должна позволять пользователю с capability `Device.ReadOwnOrAll` выполнить действие «Получить устройство» и считать его успешным только после подтверждения сервера.,GET_api_v1_devices_id,GET /api/v1/devices/{id},Device.ReadOwnOrAll,OrganizerController.GET_api_v1_devices_id,SCR-180 Устройства,FLOW-026 Архивирование; FLOW-028 Восстановление из корзины; FLOW-029 Блокировка пользователя; FLOW-030 Изменение permissions,AC-1209;AC-1210;AC-1211,Contract/integration; Security/authorization; Security/session,High; Critical,OpenAPI `GET_api_v1_devices_id`; Stage_3_Field_Traceability_Final_3.5.csv
FR-202,FR,MOD-019,Администрирование,Система должна позволять пользователю с capability `Device.UpdateOwnOrAll` выполнить действие «Изменить устройство» и считать его успешным только после подтверждения сервера.,PATCH_api_v1_devices_id,PATCH /api/v1/devices/{id},Device.UpdateOwnOrAll,OrganizerController.PATCH_api_v1_devices_id,"SCR-155 Startup, tray и device; SCR-180 Устройства",FLOW-026 Архивирование; FLOW-028 Восстановление из корзины; FLOW-029 Блокировка пользователя; FLOW-030 Изменение permissions,AC-1212;AC-1213;AC-1214;AC-1215;AC-1216;AC-1217,Contract/integration; Security/authorization; Security/session; Contract/UI; Concurrency/integration; Desktop/resilience,Critical; High,OpenAPI `PATCH_api_v1_devices_id`; Stage_3_Field_Traceability_Final_3.5.csv
FR-203,FR,MOD-019,Администрирование,Система должна позволять пользователю с capability `Authenticated` выполнить действие «Обновить last_seen и версию клиента» и считать его успешным только после подтверждения сервера.,POST_api_v1_devices_id_heartbeat,POST /api/v1/devices/{id}/heartbeat,Authenticated,OrganizerController.POST_api_v1_devices_id_heartbeat,"SCR-071 Project role/overrides; SCR-155 Startup, tray и device; SCR-170 Администрирование; SCR-171 Пользователи; SCR-172 Карточка пользователя; SCR-173 Создание/активация пользователя; SCR-174 Block/deactivate user; SCR-175 Отделы; SCR-176 Audit, policy engine, management APIs; SCR-177 Роли и permissions; SCR-178 Audit, policy engine, management APIs; SCR-179 Effective permission diagnostics; SCR-180 Устройства; SCR-181 Sessions и login attempts; SCR-182 Сетевые ресурсы; SCR-183 Settings APIs, Windows settings; SCR-184 Фоновые задания; SCR-185 Резервные копии; SCR-186 Audit; SCR-187 Organization settings / feature flags; SCR-188 Audit, policy engine, management APIs",FLOW-026 Архивирование; FLOW-028 Восстановление из корзины; FLOW-029 Блокировка пользователя; FLOW-030 Изменение permissions,AC-1218;AC-1219;AC-1220,Contract/integration; Security/session; Desktop/resilience,Critical,OpenAPI `POST_api_v1_devices_id_heartbeat`; Stage_3_Field_Traceability_Final_3.5.csv
FR-204,FR,MOD-019,Администрирование,Система должна позволять пользователю с capability `Device.Revoke` выполнить действие «Отозвать устройство» и считать его успешным только после подтверждения сервера.,POST_api_v1_devices_id_revoke,POST /api/v1/devices/{id}/revoke,Device.Revoke,OrganizerController.POST_api_v1_devices_id_revoke,SCR-180 Устройства,FLOW-026 Архивирование; FLOW-028 Восстановление из корзины; FLOW-029 Блокировка пользователя; FLOW-030 Изменение permissions,AC-1221;AC-1222;AC-1223;AC-1224;AC-1225;AC-1226,Contract/integration; Security/authorization; Security/session; Concurrency/integration; Desktop/resilience; Integration,Critical,OpenAPI `POST_api_v1_devices_id_revoke`; Stage_3_Field_Traceability_Final_3.5.csv
FR-205,FR,MOD-019,Администрирование,Система должна позволять пользователю с capability `FileCatalog.Read` выполнить действие «Сетевые ресурсы» и считать его успешным только после подтверждения сервера.,GET_api_v1_network_resources,GET /api/v1/network-resources,FileCatalog.Read,OrganizerController.GET_api_v1_network_resources,SCR-182 Сетевые ресурсы,FLOW-026 Архивирование; FLOW-028 Восстановление из корзины; FLOW-029 Блокировка пользователя; FLOW-030 Изменение permissions,AC-1227;AC-1228;AC-1229,Contract/integration; Security/authorization; Security/session,High; Critical,OpenAPI `GET_api_v1_network_resources`; Stage_3_Field_Traceability_Final_3.5.csv
FR-206,FR,MOD-019,Администрирование,Система должна позволять пользователю с capability `NetworkResource.Manage` выполнить действие «Создать сетевой ресурс» и считать его успешным только после подтверждения сервера.,POST_api_v1_network_resources,POST /api/v1/network-resources,NetworkResource.Manage,OrganizerController.POST_api_v1_network_resources,SCR-182 Сетевые ресурсы,FLOW-026 Архивирование; FLOW-028 Восстановление из корзины; FLOW-029 Блокировка пользователя; FLOW-030 Изменение permissions,AC-1230;AC-1231;AC-1232;AC-1233;AC-1234;AC-1235;AC-1236,Contract/integration; Security/authorization; Security/session; Contract/UI; Concurrency/integration; Desktop/resilience; Integration,Critical; High,OpenAPI `POST_api_v1_network_resources`; Stage_3_Field_Traceability_Final_3.5.csv
FR-207,FR,MOD-019,Администрирование,Система должна позволять пользователю с capability `NetworkResource.Manage` выполнить действие «Изменить сетевой ресурс» и считать его успешным только после подтверждения сервера.,PATCH_api_v1_network_resources_id,PATCH /api/v1/network-resources/{id},NetworkResource.Manage,OrganizerController.PATCH_api_v1_network_resources_id,SCR-182 Сетевые ресурсы,FLOW-026 Архивирование; FLOW-028 Восстановление из корзины; FLOW-029 Блокировка пользователя; FLOW-030 Изменение permissions,AC-1237;AC-1238;AC-1239;AC-1240;AC-1241;AC-1242;AC-1243,Contract/integration; Security/authorization; Security/session; Contract/UI; Concurrency/integration; Desktop/resilience; Integration,Critical; High,OpenAPI `PATCH_api_v1_network_resources_id`; Stage_3_Field_Traceability_Final_3.5.csv
FR-208,FR,MOD-019,Администрирование,Система должна позволять пользователю с capability `NetworkResource.Manage` выполнить действие «Проверить ресурс без credentials» и считать его успешным только после подтверждения сервера.,POST_api_v1_network_resources_id_probe,POST /api/v1/network-resources/{id}/probe,NetworkResource.Manage,OrganizerController.POST_api_v1_network_resources_id_probe,SCR-182 Сетевые ресурсы,FLOW-026 Архивирование; FLOW-028 Восстановление из корзины; FLOW-029 Блокировка пользователя; FLOW-030 Изменение permissions,AC-1244;AC-1245;AC-1246;AC-1247;AC-1248;AC-1249,Contract/integration; Security/authorization; Security/session; Contract/UI; Desktop/resilience; Integration,Critical; High,OpenAPI `POST_api_v1_network_resources_id_probe`; Stage_3_Field_Traceability_Final_3.5.csv
FR-209,FR,MOD-019,Администрирование,Система должна позволять пользователю с capability `System.HealthRead` выполнить действие «Детальный health» и считать его успешным только после подтверждения сервера.,GET_health_details,GET /health/details,System.HealthRead,OrganizerController.GET_health_details,"SCR-071 Project role/overrides; SCR-155 Startup, tray и device; SCR-170 Администрирование; SCR-171 Пользователи; SCR-172 Карточка пользователя; SCR-173 Создание/активация пользователя; SCR-174 Block/deactivate user; SCR-175 Отделы; SCR-176 Audit, policy engine, management APIs; SCR-177 Роли и permissions; SCR-178 Audit, policy engine, management APIs; SCR-179 Effective permission diagnostics; SCR-180 Устройства; SCR-181 Sessions и login attempts; SCR-182 Сетевые ресурсы; SCR-183 Settings APIs, Windows settings; SCR-184 Фоновые задания; SCR-185 Резервные копии; SCR-186 Audit; SCR-187 Organization settings / feature flags; SCR-188 Audit, policy engine, management APIs",FLOW-026 Архивирование; FLOW-028 Восстановление из корзины; FLOW-029 Блокировка пользователя; FLOW-030 Изменение permissions,AC-1250;AC-1251;AC-1252,Contract/integration; Security/authorization; Security/session,High; Critical,OpenAPI `GET_health_details`; Stage_3_Field_Traceability_Final_3.5.csv
FR-210,FR,MOD-019,Администрирование,Система должна позволять пользователю с capability `Role.Read` выполнить действие «Каталог разрешений» и считать его успешным только после подтверждения сервера.,GET_api_v1_permissions,GET /api/v1/permissions,Role.Read,OrganizerController.GET_api_v1_permissions,"SCR-071 Project role/overrides; SCR-155 Startup, tray и device; SCR-170 Администрирование; SCR-171 Пользователи; SCR-172 Карточка пользователя; SCR-173 Создание/активация пользователя; SCR-174 Block/deactivate user; SCR-175 Отделы; SCR-176 Audit, policy engine, management APIs; SCR-177 Роли и permissions; SCR-178 Audit, policy engine, management APIs; SCR-179 Effective permission diagnostics; SCR-180 Устройства; SCR-181 Sessions и login attempts; SCR-182 Сетевые ресурсы; SCR-183 Settings APIs, Windows settings; SCR-184 Фоновые задания; SCR-185 Резервные копии; SCR-186 Audit; SCR-187 Organization settings / feature flags; SCR-188 Audit, policy engine, management APIs",FLOW-026 Архивирование; FLOW-028 Восстановление из корзины; FLOW-029 Блокировка пользователя; FLOW-030 Изменение permissions,AC-1253;AC-1254;AC-1255,Contract/integration; Security/authorization; Security/session,High; Critical,OpenAPI `GET_api_v1_permissions`; Stage_3_Field_Traceability_Final_3.5.csv
FR-211,FR,MOD-019,Администрирование,Система должна позволять пользователю с capability `Project.Read` выполнить действие «Каталог проектных ролей» и считать его успешным только после подтверждения сервера.,GET_api_v1_project_roles,GET /api/v1/project-roles,Project.Read,OrganizerController.GET_api_v1_project_roles,"SCR-071 Project role/overrides; SCR-155 Startup, tray и device; SCR-170 Администрирование; SCR-171 Пользователи; SCR-172 Карточка пользователя; SCR-173 Создание/активация пользователя; SCR-174 Block/deactivate user; SCR-175 Отделы; SCR-176 Audit, policy engine, management APIs; SCR-177 Роли и permissions; SCR-178 Audit, policy engine, management APIs; SCR-179 Effective permission diagnostics; SCR-180 Устройства; SCR-181 Sessions и login attempts; SCR-182 Сетевые ресурсы; SCR-183 Settings APIs, Windows settings; SCR-184 Фоновые задания; SCR-185 Резервные копии; SCR-186 Audit; SCR-187 Organization settings / feature flags; SCR-188 Audit, policy engine, management APIs",FLOW-026 Архивирование; FLOW-028 Восстановление из корзины; FLOW-029 Блокировка пользователя; FLOW-030 Изменение permissions,AC-1256;AC-1257;AC-1258,Contract/integration; Security/authorization; Security/session,High; Critical,OpenAPI `GET_api_v1_project_roles`; Stage_3_Field_Traceability_Final_3.5.csv
FR-212,FR,MOD-019,Администрирование,Система должна позволять пользователю с capability `Role.Manage` выполнить действие «Изменить проектную роль» и считать его успешным только после подтверждения сервера.,PUT_api_v1_project_roles_id_permissions,PUT /api/v1/project-roles/{id}/permissions,Role.Manage,OrganizerController.PUT_api_v1_project_roles_id_permissions,"SCR-071 Project role/overrides; SCR-178 Audit, policy engine, management APIs",FLOW-026 Архивирование; FLOW-028 Восстановление из корзины; FLOW-029 Блокировка пользователя; FLOW-030 Изменение permissions,AC-1259;AC-1260;AC-1261;AC-1262;AC-1263;AC-1264,Contract/integration; Security/authorization; Security/session; Concurrency/integration; Desktop/resilience; Integration,Critical,OpenAPI `PUT_api_v1_project_roles_id_permissions`; Stage_3_Field_Traceability_Final_3.5.csv
FR-213,FR,MOD-019,Администрирование,Система должна позволять пользователю с capability `Role.Read` выполнить действие «Список системную роль» и считать его успешным только после подтверждения сервера.,GET_api_v1_roles,GET /api/v1/roles,Role.Read,OrganizerController.GET_api_v1_roles,"SCR-071 Project role/overrides; SCR-155 Startup, tray и device; SCR-170 Администрирование; SCR-171 Пользователи; SCR-172 Карточка пользователя; SCR-173 Создание/активация пользователя; SCR-174 Block/deactivate user; SCR-175 Отделы; SCR-176 Audit, policy engine, management APIs; SCR-177 Роли и permissions; SCR-178 Audit, policy engine, management APIs; SCR-179 Effective permission diagnostics; SCR-180 Устройства; SCR-181 Sessions и login attempts; SCR-182 Сетевые ресурсы; SCR-183 Settings APIs, Windows settings; SCR-184 Фоновые задания; SCR-185 Резервные копии; SCR-186 Audit; SCR-187 Organization settings / feature flags; SCR-188 Audit, policy engine, management APIs",FLOW-026 Архивирование; FLOW-028 Восстановление из корзины; FLOW-029 Блокировка пользователя; FLOW-030 Изменение permissions,AC-1265;AC-1266;AC-1267,Contract/integration; Security/authorization; Security/session,High; Critical,OpenAPI `GET_api_v1_roles`; Stage_3_Field_Traceability_Final_3.5.csv
FR-214,FR,MOD-019,Администрирование,Система должна позволять пользователю с capability `Role.Manage` выполнить действие «Создать системную роль» и считать его успешным только после подтверждения сервера.,POST_api_v1_roles,POST /api/v1/roles,Role.Manage,OrganizerController.POST_api_v1_roles,"SCR-178 Audit, policy engine, management APIs",FLOW-026 Архивирование; FLOW-028 Восстановление из корзины; FLOW-029 Блокировка пользователя; FLOW-030 Изменение permissions,AC-1268;AC-1269;AC-1270;AC-1271;AC-1272;AC-1273;AC-1274,Contract/integration; Security/authorization; Security/session; Contract/UI; Concurrency/integration; Desktop/resilience; Integration,Critical; High,OpenAPI `POST_api_v1_roles`; Stage_3_Field_Traceability_Final_3.5.csv
FR-215,FR,MOD-019,Администрирование,Система должна позволять пользователю с capability `Role.Manage` выполнить действие «Деактивировать пользовательскую роль» и считать его успешным только после подтверждения сервера.,DELETE_api_v1_roles_id,DELETE /api/v1/roles/{id},Role.Manage,OrganizerController.DELETE_api_v1_roles_id,"SCR-071 Project role/overrides; SCR-155 Startup, tray и device; SCR-170 Администрирование; SCR-171 Пользователи; SCR-172 Карточка пользователя; SCR-173 Создание/активация пользователя; SCR-174 Block/deactivate user; SCR-175 Отделы; SCR-176 Audit, policy engine, management APIs; SCR-177 Роли и permissions; SCR-178 Audit, policy engine, management APIs; SCR-179 Effective permission diagnostics; SCR-180 Устройства; SCR-181 Sessions и login attempts; SCR-182 Сетевые ресурсы; SCR-183 Settings APIs, Windows settings; SCR-184 Фоновые задания; SCR-185 Резервные копии; SCR-186 Audit; SCR-187 Organization settings / feature flags; SCR-188 Audit, policy engine, management APIs",FLOW-026 Архивирование; FLOW-028 Восстановление из корзины; FLOW-029 Блокировка пользователя; FLOW-030 Изменение permissions,AC-1275;AC-1276;AC-1277;AC-1278;AC-1279,Contract/integration; Security/authorization; Security/session; Concurrency/integration; Desktop/resilience,Critical,OpenAPI `DELETE_api_v1_roles_id`; Stage_3_Field_Traceability_Final_3.5.csv
FR-216,FR,MOD-019,Администрирование,Система должна позволять пользователю с capability `Role.Read` выполнить действие «Получить системную роль» и считать его успешным только после подтверждения сервера.,GET_api_v1_roles_id,GET /api/v1/roles/{id},Role.Read,OrganizerController.GET_api_v1_roles_id,"SCR-178 Audit, policy engine, management APIs",FLOW-026 Архивирование; FLOW-028 Восстановление из корзины; FLOW-029 Блокировка пользователя; FLOW-030 Изменение permissions,AC-1280;AC-1281;AC-1282,Contract/integration; Security/authorization; Security/session,High; Critical,OpenAPI `GET_api_v1_roles_id`; Stage_3_Field_Traceability_Final_3.5.csv
FR-217,FR,MOD-019,Администрирование,Система должна позволять пользователю с capability `Role.Manage` выполнить действие «Изменить системную роль» и считать его успешным только после подтверждения сервера.,PATCH_api_v1_roles_id,PATCH /api/v1/roles/{id},Role.Manage,OrganizerController.PATCH_api_v1_roles_id,"SCR-178 Audit, policy engine, management APIs",FLOW-026 Архивирование; FLOW-028 Восстановление из корзины; FLOW-029 Блокировка пользователя; FLOW-030 Изменение permissions,AC-1283;AC-1284;AC-1285;AC-1286;AC-1287;AC-1288,Contract/integration; Security/authorization; Security/session; Contract/UI; Concurrency/integration; Desktop/resilience,Critical; High,OpenAPI `PATCH_api_v1_roles_id`; Stage_3_Field_Traceability_Final_3.5.csv
FR-218,FR,MOD-019,Администрирование,Система должна позволять пользователю с capability `Role.Manage` выполнить действие «Активировать неактивную роль» и считать его успешным только после подтверждения сервера.,POST_api_v1_roles_id_activate,POST /api/v1/roles/{id}/activate,Role.Manage,OrganizerController.POST_api_v1_roles_id_activate,"SCR-071 Project role/overrides; SCR-155 Startup, tray и device; SCR-170 Администрирование; SCR-171 Пользователи; SCR-172 Карточка пользователя; SCR-173 Создание/активация пользователя; SCR-174 Block/deactivate user; SCR-175 Отделы; SCR-176 Audit, policy engine, management APIs; SCR-177 Роли и permissions; SCR-178 Audit, policy engine, management APIs; SCR-179 Effective permission diagnostics; SCR-180 Устройства; SCR-181 Sessions и login attempts; SCR-182 Сетевые ресурсы; SCR-183 Settings APIs, Windows settings; SCR-184 Фоновые задания; SCR-185 Резервные копии; SCR-186 Audit; SCR-187 Organization settings / feature flags; SCR-188 Audit, policy engine, management APIs",FLOW-026 Архивирование; FLOW-028 Восстановление из корзины; FLOW-029 Блокировка пользователя; FLOW-030 Изменение permissions,AC-1289;AC-1290;AC-1291;AC-1292;AC-1293;AC-1294;AC-1295,Contract/integration; Security/authorization; Security/session; Contract/UI; Concurrency/integration; Desktop/resilience; Integration,Critical; High,OpenAPI `POST_api_v1_roles_id_activate`; Stage_3_Field_Traceability_Final_3.5.csv
FR-219,FR,MOD-019,Администрирование,Система должна позволять пользователю с capability `Role.Manage` выполнить действие «Заменить разрешения роли» и считать его успешным только после подтверждения сервера.,PUT_api_v1_roles_id_permissions,PUT /api/v1/roles/{id}/permissions,Role.Manage,OrganizerController.PUT_api_v1_roles_id_permissions,"SCR-178 Audit, policy engine, management APIs",FLOW-026 Архивирование; FLOW-028 Восстановление из корзины; FLOW-029 Блокировка пользователя; FLOW-030 Изменение permissions,AC-1296;AC-1297;AC-1298;AC-1299;AC-1300;AC-1301;AC-1302,Contract/integration; Security/authorization; Security/session; Contract/UI; Concurrency/integration; Desktop/resilience; Integration,Critical; High,OpenAPI `PUT_api_v1_roles_id_permissions`; Stage_3_Field_Traceability_Final_3.5.csv
FR-220,FR,MOD-019,Администрирование,Система должна позволять пользователю с capability `User.ManageRoles` выполнить действие «Заменить scoped-роли пользователя» и считать его успешным только после подтверждения сервера.,PUT_api_v1_users_id_roles,PUT /api/v1/users/{id}/roles,User.ManageRoles,OrganizerController.PUT_api_v1_users_id_roles,SCR-172 Карточка пользователя,FLOW-026 Архивирование; FLOW-028 Восстановление из корзины; FLOW-029 Блокировка пользователя; FLOW-030 Изменение permissions,AC-1303;AC-1304;AC-1305;AC-1306;AC-1307;AC-1308;AC-1309,Contract/integration; Security/authorization; Security/session; Contract/UI; Concurrency/integration; Desktop/resilience; Integration,Critical; High,OpenAPI `PUT_api_v1_users_id_roles`; Stage_3_Field_Traceability_Final_3.5.csv
FR-221,FR,MOD-019,Администрирование,Система должна позволять пользователю с capability `User.Read` выполнить действие «Список пользователя» и считать его успешным только после подтверждения сервера.,GET_api_v1_users,GET /api/v1/users,User.Read,OrganizerController.GET_api_v1_users,"SCR-071 Project role/overrides; SCR-155 Startup, tray и device; SCR-170 Администрирование; SCR-171 Пользователи; SCR-172 Карточка пользователя; SCR-173 Создание/активация пользователя; SCR-174 Block/deactivate user; SCR-175 Отделы; SCR-176 Audit, policy engine, management APIs; SCR-177 Роли и permissions; SCR-178 Audit, policy engine, management APIs; SCR-179 Effective permission diagnostics; SCR-180 Устройства; SCR-181 Sessions и login attempts; SCR-182 Сетевые ресурсы; SCR-183 Settings APIs, Windows settings; SCR-184 Фоновые задания; SCR-185 Резервные копии; SCR-186 Audit; SCR-187 Organization settings / feature flags; SCR-188 Audit, policy engine, management APIs",FLOW-026 Архивирование; FLOW-028 Восстановление из корзины; FLOW-029 Блокировка пользователя; FLOW-030 Изменение permissions,AC-1310;AC-1311;AC-1312,Contract/integration; Security/authorization; Security/session,High; Critical,OpenAPI `GET_api_v1_users`; Stage_3_Field_Traceability_Final_3.5.csv
FR-222,FR,MOD-019,Администрирование,Система должна позволять пользователю с capability `User.Create` выполнить действие «Создать пользователя» и считать его успешным только после подтверждения сервера.,POST_api_v1_users,POST /api/v1/users,User.Create,OrganizerController.POST_api_v1_users,SCR-173 Создание/активация пользователя,FLOW-026 Архивирование; FLOW-028 Восстановление из корзины; FLOW-029 Блокировка пользователя; FLOW-030 Изменение permissions,AC-1313;AC-1314;AC-1315;AC-1316;AC-1317;AC-1318;AC-1319,Contract/integration; Security/authorization; Security/session; Contract/UI; Concurrency/integration; Desktop/resilience; Integration,Critical; High,OpenAPI `POST_api_v1_users`; Stage_3_Field_Traceability_Final_3.5.csv
FR-223,FR,MOD-019,Администрирование,Система должна позволять пользователю с capability `User.Read` выполнить действие «Получить пользователя» и считать его успешным только после подтверждения сервера.,GET_api_v1_users_id,GET /api/v1/users/{id},User.Read,OrganizerController.GET_api_v1_users_id,SCR-172 Карточка пользователя,FLOW-026 Архивирование; FLOW-028 Восстановление из корзины; FLOW-029 Блокировка пользователя; FLOW-030 Изменение permissions,AC-1320;AC-1321;AC-1322,Contract/integration; Security/authorization; Security/session,High; Critical,OpenAPI `GET_api_v1_users_id`; Stage_3_Field_Traceability_Final_3.5.csv
FR-224,FR,MOD-019,Администрирование,Система должна позволять пользователю с capability `User.Update` выполнить действие «Изменить пользователя» и считать его успешным только после подтверждения сервера.,PATCH_api_v1_users_id,PATCH /api/v1/users/{id},User.Update,OrganizerController.PATCH_api_v1_users_id,SCR-172 Карточка пользователя,FLOW-026 Архивирование; FLOW-028 Восстановление из корзины; FLOW-029 Блокировка пользователя; FLOW-030 Изменение permissions,AC-1323;AC-1324;AC-1325;AC-1326;AC-1327;AC-1328,Contract/integration; Security/authorization; Security/session; Contract/UI; Concurrency/integration; Desktop/resilience,Critical; High,OpenAPI `PATCH_api_v1_users_id`; Stage_3_Field_Traceability_Final_3.5.csv
FR-225,FR,MOD-019,Администрирование,Система должна позволять пользователю с capability `User.Create` выполнить действие «Активировать учётную запись» и считать его успешным только после подтверждения сервера.,POST_api_v1_users_id_activate,POST /api/v1/users/{id}/activate,User.Create,OrganizerController.POST_api_v1_users_id_activate,SCR-173 Создание/активация пользователя,FLOW-026 Архивирование; FLOW-028 Восстановление из корзины; FLOW-029 Блокировка пользователя; FLOW-030 Изменение permissions,AC-1329;AC-1330;AC-1331;AC-1332;AC-1333;AC-1334;AC-1335,Contract/integration; Security/authorization; Security/session; Contract/UI; Concurrency/integration; Desktop/resilience; Integration,Critical; High,OpenAPI `POST_api_v1_users_id_activate`; Stage_3_Field_Traceability_Final_3.5.csv
FR-226,FR,MOD-019,Администрирование,Система должна позволять пользователю с capability `User.Block` выполнить действие «Заблокировать пользователя» и считать его успешным только после подтверждения сервера.,POST_api_v1_users_id_block,POST /api/v1/users/{id}/block,User.Block,OrganizerController.POST_api_v1_users_id_block,SCR-174 Block/deactivate user,FLOW-029 Блокировка пользователя,AC-1336;AC-1337;AC-1338;AC-1339;AC-1340;AC-1341,Contract/integration; Security/authorization; Security/session; Concurrency/integration; Desktop/resilience; Integration,Critical,OpenAPI `POST_api_v1_users_id_block`; Stage_3_Field_Traceability_Final_3.5.csv
FR-227,FR,MOD-019,Администрирование,Система должна позволять пользователю с capability `User.Block` выполнить действие «Деактивировать учётную запись без удаления профиля» и считать его успешным только после подтверждения сервера.,POST_api_v1_users_id_deactivate,POST /api/v1/users/{id}/deactivate,User.Block,OrganizerController.POST_api_v1_users_id_deactivate,SCR-174 Block/deactivate user,FLOW-026 Архивирование; FLOW-028 Восстановление из корзины; FLOW-029 Блокировка пользователя; FLOW-030 Изменение permissions,AC-1342;AC-1343;AC-1344;AC-1345;AC-1346;AC-1347,Contract/integration; Security/authorization; Security/session; Concurrency/integration; Desktop/resilience; Integration,Critical,OpenAPI `POST_api_v1_users_id_deactivate`; Stage_3_Field_Traceability_Final_3.5.csv
FR-228,FR,MOD-019,Администрирование,Система должна позволять пользователю с capability `Authorization.Explain` выполнить действие «Диагностика эффективных прав» и считать его успешным только после подтверждения сервера.,GET_api_v1_users_id_effective_permissions,GET /api/v1/users/{id}/effective-permissions,Authorization.Explain,OrganizerController.GET_api_v1_users_id_effective_permissions,"SCR-071 Project role/overrides; SCR-155 Startup, tray и device; SCR-170 Администрирование; SCR-171 Пользователи; SCR-172 Карточка пользователя; SCR-173 Создание/активация пользователя; SCR-174 Block/deactivate user; SCR-175 Отделы; SCR-176 Audit, policy engine, management APIs; SCR-177 Роли и permissions; SCR-178 Audit, policy engine, management APIs; SCR-179 Effective permission diagnostics; SCR-180 Устройства; SCR-181 Sessions и login attempts; SCR-182 Сетевые ресурсы; SCR-183 Settings APIs, Windows settings; SCR-184 Фоновые задания; SCR-185 Резервные копии; SCR-186 Audit; SCR-187 Organization settings / feature flags; SCR-188 Audit, policy engine, management APIs",FLOW-026 Архивирование; FLOW-028 Восстановление из корзины; FLOW-029 Блокировка пользователя; FLOW-030 Изменение permissions,AC-1348;AC-1349;AC-1350,Contract/integration; Security/authorization; Security/session,High; Critical,OpenAPI `GET_api_v1_users_id_effective_permissions`; Stage_3_Field_Traceability_Final_3.5.csv
FR-229,FR,MOD-019,Администрирование,Система должна позволять пользователю с capability `User.Block` выполнить действие «Повторно активировать деактивированную учётную запись» и считать его успешным только после подтверждения сервера.,POST_api_v1_users_id_reactivate,POST /api/v1/users/{id}/reactivate,User.Block,OrganizerController.POST_api_v1_users_id_reactivate,SCR-174 Block/deactivate user,FLOW-026 Архивирование; FLOW-028 Восстановление из корзины; FLOW-029 Блокировка пользователя; FLOW-030 Изменение permissions,AC-1351;AC-1352;AC-1353;AC-1354;AC-1355,Contract/integration; Security/authorization; Security/session; Concurrency/integration; Desktop/resilience,Critical,OpenAPI `POST_api_v1_users_id_reactivate`; Stage_3_Field_Traceability_Final_3.5.csv
FR-230,FR,MOD-019,Администрирование,Система должна позволять пользователю с capability `User.Block` выполнить действие «Разблокировать пользователя» и считать его успешным только после подтверждения сервера.,POST_api_v1_users_id_unblock,POST /api/v1/users/{id}/unblock,User.Block,OrganizerController.POST_api_v1_users_id_unblock,SCR-174 Block/deactivate user,FLOW-026 Архивирование; FLOW-028 Восстановление из корзины; FLOW-029 Блокировка пользователя; FLOW-030 Изменение permissions,AC-1356;AC-1357;AC-1358;AC-1359;AC-1360,Contract/integration; Security/authorization; Security/session; Concurrency/integration; Desktop/resilience,Critical,OpenAPI `POST_api_v1_users_id_unblock`; Stage_3_Field_Traceability_Final_3.5.csv
FR-265,FR,MOD-019,Администрирование,`System.Configure` должен управлять только contract-backed organizational urgency scale в SCR-153/CMP-001; это не административный список пользователей и не замена employee global search под `Search.Use`.,"— (Desktop-only, без нового API)","— (Desktop-only, без нового API)",Capability-driven; server recheck для команд,"— (Desktop-only, без нового API)","SCR-170 Администрирование; SCR-171 Пользователи; SCR-172 Карточка пользователя; SCR-173 Создание/активация пользователя; SCR-174 Block/deactivate user; SCR-175 Отделы; SCR-176 Audit, policy engine, management APIs; SCR-177 Роли и permissions; SCR-178 Audit, policy engine, management APIs; SCR-179 Effective permission diagnostics; SCR-180 Устройства; SCR-181 Sessions и login attempts; SCR-182 Сетевые ресурсы; SCR-183 Settings APIs, Windows settings; SCR-184 Фоновые задания; SCR-185 Резервные копии; SCR-186 Audit; SCR-187 Organization settings / feature flags; SCR-188 Audit, policy engine, management APIs",FLOW-029 Блокировка пользователя; FLOW-030 Изменение permissions,AC-1430,Desktop/UI,High,Stage 2.3.1 OpenAPI 1.2.0-stage2.3; Stage 3.5 UX baseline; Stage 4.3 remediation
AC-001,AC,ALL,Все модули (Wave C: 6 модулей),Проверить правило: Организация одна; каждая общая запись ограничена organization boundary.,—,—,—,—,—,—,,Integration/contract,High,Концепция §3.1; Архитектура A1-11
AC-002,AC,ALL,Все модули (Wave C: 6 модулей),"Проверить правило: UserAccount отвечает за аутентификацию, EmployeeProfile — за рабочий профиль.",—,—,—,—,—,—,,Integration/contract,High,Stage 2.3.1 C-03
AC-003,AC,ALL,Все модули (Wave C: 6 модулей),Проверить правило: Сервер является единственным источником истины; локальный cache disposable и read-only при outage.,—,—,—,—,—,—,,Integration/contract,High,Архитектура A1-01/A1-03; DEC-006
AC-004,AC,ALL,Все модули (Wave C: 6 модулей),"Проверить правило: Любое действие разрешается сервером по RBAC/ReBAC/ABAC, explicit deny сильнее allow, default deny.",—,—,—,—,—,—,,Integration/contract,Critical,ADR-002; DEC-004
AC-005,AC,ALL,Все модули (Wave C: 6 модулей),"[Trashed (Stage 3.5 State Matrix)] Проверить правило: Business status, derived state, archive, trash и UI state не смешиваются.",—,—,—,—,—,—,,Integration/contract,High,DEC-005
AC-006,AC,ALL,Все модули (Wave C: 6 модулей),[Trashed (Stage 3.5 State Matrix)] Проверить правило: Archived object по умолчанию read-only; Trashed object доступен только для restore/purge.,—,—,—,—,—,—,,Integration/contract,High,ADR-011; DEC-023
AC-007,AC,ALL,Все модули (Wave C: 6 модулей),Проверить правило: Удаление metadata рабочего файла не удаляет физический файл.,—,—,—,—,—,—,,Integration/contract,Critical,Концепция §22.2; DEC-018
AC-008,AC,ALL,Все модули (Wave C: 6 модулей),Проверить правило: Физический доступ к файлу определяется Windows/SMB ACL после metadata permission.,—,—,—,—,—,—,,Integration/contract,Critical,Архитектура A1-06; GAP-004
AC-009,AC,ALL,Все модули (Wave C: 6 модулей),[STATE-014/STATE-025] Проверить правило: Versioned write требует If-Match; stale version не перезаписывается молча.,—,—,—,—,—,—,,Integration/contract,Critical,ADR-004; DEC-038
AC-010,AC,ALL,Все модули (Wave C: 6 модулей),Проверить правило: Safe retry допускается только для safe/idempotent operation с сохранением request hash/key.,—,—,—,—,—,—,,Integration/contract,High,Stage 2.3.1 idempotency
AC-011,AC,ALL,Все модули (Wave C: 6 модулей),Проверить правило: Audit append-only; secrets и неразрешённые sensitive paths редактируются или не записываются.,—,—,—,—,—,—,,Integration/contract,High,ADR-009; архитектура
AC-012,AC,ALL,Все модули (Wave C: 6 модулей),[STATE-007] Проверить правило: Realtime signal является invalidation; durable recovery выполняется через change feed.,—,—,—,—,—,—,,Integration/contract,High,ADR-005
AC-013,AC,ALL,Все модули (Wave C: 6 модулей),Проверить правило: Search фильтруется по authorization и filters до pagination; client post-filter запрещён.,—,—,—,—,—,—,,Integration/contract,High,DEC-040; Search Contract
AC-014,AC,ALL,Все модули (Wave C: 6 модулей),Проверить правило: UI hidden/disabled state не заменяет server-side permission check.,—,—,—,—,—,—,,Integration/contract,Critical,DEC-030
AC-015,AC,ALL,Все модули (Wave C: 6 модулей),Проверить правило: PATCH omitted означает unchanged; explicit null очищает только nullable field.,—,—,—,—,—,—,,Integration/contract,High,DEC-037
AC-1823,AC,ALL,Все модули (Wave C: 6 модулей),Analytics privacy,—,—,—,—,SCR-133 Глобальный поиск; SCR-153 Notifications и DND,"FLOW-019 Глобальный поиск; FLOW-038 Управление организационной шкалой срочности (Stage 4.5, DEC-060)",,Privacy,Critical,Stage 2.3.1 OpenAPI 1.2.0-stage2.3; Stage 3.5 UX baseline; Stage 4.3 remediation
AC-067,AC,MOD-014,Глобальный поиск,Проверить бизнес-правило: Authorization filtering выполняется до pagination.,—,—,—,—,SCR-133 Глобальный поиск; SCR-134 Полные результаты поиска; SCR-135 Фильтры поиска; SCR-136 Partial/offline search banner,FLOW-019 Глобальный поиск,,Integration/domain,High,"§20, §27.1.35; Stage 3.5"
AC-068,AC,MOD-014,Глобальный поиск,Проверить бизнес-правило: Cursor связан со всеми фильтрами и scopeVersion.,—,—,—,—,SCR-133 Глобальный поиск; SCR-134 Полные результаты поиска; SCR-135 Фильтры поиска; SCR-136 Partial/offline search banner,FLOW-019 Глобальный поиск,,Integration/domain,High,"§20, §27.1.35; Stage 3.5"
AC-069,AC,MOD-014,Глобальный поиск,Проверить бизнес-правило: Изменение фильтра сбрасывает cursor.,—,—,—,—,SCR-133 Глобальный поиск; SCR-134 Полные результаты поиска; SCR-135 Фильтры поиска; SCR-136 Partial/offline search banner,FLOW-019 Глобальный поиск,,Integration/domain,High,"§20, §27.1.35; Stage 3.5"
AC-070,AC,MOD-014,Глобальный поиск,Проверить deprecation BR-070 и replacement BR-105 без потери истории.,—,—,—,—,SCR-133 Глобальный поиск; SCR-134 Полные результаты поиска; SCR-135 Фильтры поиска; SCR-136 Partial/offline search banner,FLOW-019 Глобальный поиск,,Integration/domain,High,Stage 2.3.1 OpenAPI 1.2.0-stage2.3; Stage 3.5 UX baseline; Stage 4.3 remediation
AC-1002,AC,MOD-014,Глобальный поиск,Happy path: Глобальный авторизационный поиск,GET_api_v1_search,GET /api/v1/search,Search.Use,OrganizerController.GET_api_v1_search,SCR-133 Глобальный поиск; SCR-134 Полные результаты поиска; SCR-135 Фильтры поиска,FLOW-019 Глобальный поиск,,Contract/integration,High,OpenAPI `GET_api_v1_search`; Stage_3_Field_Traceability_Final_3.5.csv
AC-1003,AC,MOD-014,Глобальный поиск,[Forbidden (Stage 3.5 State Matrix)/ObjectUnavailable (Stage 3.5 State Matrix)] Permission denied: Глобальный авторизационный поиск не выполняется и данные не раскрываются,GET_api_v1_search,GET /api/v1/search,Search.Use,OrganizerController.GET_api_v1_search,SCR-133 Глобальный поиск; SCR-134 Полные результаты поиска; SCR-135 Фильтры поиска,FLOW-019 Глобальный поиск,,Security/authorization,Critical,OpenAPI `GET_api_v1_search`; Stage_3_Field_Traceability_Final_3.5.csv
AC-1004,AC,MOD-014,Глобальный поиск,[Authentication/session error handling (Stage 3.5 error/UI rule)/Authentication/session error handling (Stage 3.5 error/UI rule)/Device-revocation error handling (Stage 3.5 error/UI rule)] Session/device interruption: операция прекращается без сохранения неподтверждённого состояния,GET_api_v1_search,GET /api/v1/search,Search.Use,OrganizerController.GET_api_v1_search,SCR-133 Глобальный поиск; SCR-134 Полные результаты поиска; SCR-135 Фильтры поиска,FLOW-019 Глобальный поиск,,Security/session,Critical,OpenAPI `GET_api_v1_search`; Stage_3_Field_Traceability_Final_3.5.csv
AC-1005,AC,MOD-014,Глобальный поиск,[STATE-007] Validation: fieldErrors сохраняют draft и привязываются к canonical field path,GET_api_v1_search,GET /api/v1/search,Search.Use,OrganizerController.GET_api_v1_search,SCR-133 Глобальный поиск; SCR-134 Полные результаты поиска; SCR-135 Фильтры поиска,FLOW-019 Глобальный поиск,,Contract/UI,High,OpenAPI `GET_api_v1_search`; Stage_3_Field_Traceability_Final_3.5.csv
AC-1006,AC,MOD-014,Глобальный поиск,Happy path: Подсказки по префиксу,GET_api_v1_search_suggestions,GET /api/v1/search/suggestions,Search.Use,OrganizerController.GET_api_v1_search_suggestions,SCR-133 Глобальный поиск; SCR-134 Полные результаты поиска; SCR-135 Фильтры поиска; SCR-136 Partial/offline search banner,FLOW-019 Глобальный поиск,,Contract/integration,High,OpenAPI `GET_api_v1_search_suggestions`; Stage_3_Field_Traceability_Final_3.5.csv
AC-1007,AC,MOD-014,Глобальный поиск,[Forbidden (Stage 3.5 State Matrix)/ObjectUnavailable (Stage 3.5 State Matrix)] Permission denied: Подсказки по префиксу не выполняется и данные не раскрываются,GET_api_v1_search_suggestions,GET /api/v1/search/suggestions,Search.Use,OrganizerController.GET_api_v1_search_suggestions,SCR-133 Глобальный поиск; SCR-134 Полные результаты поиска; SCR-135 Фильтры поиска; SCR-136 Partial/offline search banner,FLOW-019 Глобальный поиск,,Security/authorization,Critical,OpenAPI `GET_api_v1_search_suggestions`; Stage_3_Field_Traceability_Final_3.5.csv
AC-1008,AC,MOD-014,Глобальный поиск,[Authentication/session error handling (Stage 3.5 error/UI rule)/Authentication/session error handling (Stage 3.5 error/UI rule)/Device-revocation error handling (Stage 3.5 error/UI rule)] Session/device interruption: операция прекращается без сохранения неподтверждённого состояния,GET_api_v1_search_suggestions,GET /api/v1/search/suggestions,Search.Use,OrganizerController.GET_api_v1_search_suggestions,SCR-133 Глобальный поиск; SCR-134 Полные результаты поиска; SCR-135 Фильтры поиска; SCR-136 Partial/offline search banner,FLOW-019 Глобальный поиск,,Security/session,Critical,OpenAPI `GET_api_v1_search_suggestions`; Stage_3_Field_Traceability_Final_3.5.csv
AC-1425,AC,MOD-014,Глобальный поиск,Desktop behavior: При offline search интерфейс должен показывать cache-only banner и не заявлять полноту результатов.,"— (Desktop-only, без нового API)","— (Desktop-only, без нового API)",Capability-driven; server recheck для команд,"— (Desktop-only, без нового API)",SCR-133 Глобальный поиск; SCR-134 Полные результаты поиска; SCR-135 Фильтры поиска; SCR-136 Partial/offline search banner,FLOW-019 Глобальный поиск,,Desktop/UI,High,Stage 3.5 UX Architecture
AC-1683,AC,MOD-014,Глобальный поиск,[STATE-007] Field contract: (query parameters).contactIds respects type/required/nullable/limits/PATCH semantics,— (операции модуля),—,—,—,SCR-133 Глобальный поиск; SCR-134 Полные результаты поиска; SCR-135 Фильтры поиска; SCR-136 Partial/offline search banner,FLOW-019 Глобальный поиск,,Boundary/contract UI,High,openapi.yaml#/paths//api/v1/search/get/parameters/contactIds
AC-1684,AC,MOD-014,Глобальный поиск,[STATE-007] Field contract: (query parameters).cursor respects type/required/nullable/limits/PATCH semantics,— (операции модуля),—,—,—,SCR-133 Глобальный поиск; SCR-134 Полные результаты поиска; SCR-135 Фильтры поиска; SCR-136 Partial/offline search banner,FLOW-019 Глобальный поиск,,Boundary/contract UI,High,openapi.yaml#/paths//api/v1/search/get/parameters/cursor
AC-1685,AC,MOD-014,Глобальный поиск,[STATE-007] Field contract: (query parameters).departments respects type/required/nullable/limits/PATCH semantics,— (операции модуля),—,—,—,SCR-133 Глобальный поиск; SCR-134 Полные результаты поиска; SCR-135 Фильтры поиска; SCR-136 Partial/offline search banner,FLOW-019 Глобальный поиск,,Boundary/contract UI,High,openapi.yaml#/paths//api/v1/search/get/parameters/departments
AC-1686,AC,MOD-014,Глобальный поиск,[STATE-007] Field contract: (query parameters).from respects type/required/nullable/limits/PATCH semantics,— (операции модуля),—,—,—,SCR-133 Глобальный поиск; SCR-134 Полные результаты поиска; SCR-135 Фильтры поиска; SCR-136 Partial/offline search banner,FLOW-019 Глобальный поиск,,Boundary/contract UI,High,openapi.yaml#/paths//api/v1/search/get/parameters/from
AC-1687,AC,MOD-014,Глобальный поиск,[STATE-007] Field contract: (query parameters).hasFiles respects type/required/nullable/limits/PATCH semantics,— (операции модуля),—,—,—,SCR-133 Глобальный поиск; SCR-134 Полные результаты поиска; SCR-135 Фильтры поиска; SCR-136 Partial/offline search banner,FLOW-019 Глобальный поиск,,Boundary/contract UI,High,openapi.yaml#/paths//api/v1/search/get/parameters/hasFiles
AC-1688,AC,MOD-014,Глобальный поиск,[STATE-007] Field contract: (query parameters).lifecycle respects type/required/nullable/limits/PATCH semantics,— (операции модуля),—,—,—,SCR-133 Глобальный поиск; SCR-134 Полные результаты поиска; SCR-135 Фильтры поиска; SCR-136 Partial/offline search banner,FLOW-019 Глобальный поиск,,Boundary/contract UI,High,openapi.yaml#/paths//api/v1/search/get/parameters/lifecycle
AC-1689,AC,MOD-014,Глобальный поиск,[STATE-007] Field contract: (query parameters).limit respects type/required/nullable/limits/PATCH semantics,— (операции модуля),—,—,—,SCR-133 Глобальный поиск; SCR-134 Полные результаты поиска; SCR-135 Фильтры поиска; SCR-136 Partial/offline search banner,FLOW-019 Глобальный поиск,,Boundary/contract UI,High,openapi.yaml#/paths//api/v1/search/get/parameters/limit
AC-1690,AC,MOD-014,Глобальный поиск,[STATE-007] Field contract: (query parameters).projectIds respects type/required/nullable/limits/PATCH semantics,— (операции модуля),—,—,—,SCR-133 Глобальный поиск; SCR-134 Полные результаты поиска; SCR-135 Фильтры поиска; SCR-136 Partial/offline search banner,FLOW-019 Глобальный поиск,,Boundary/contract UI,High,openapi.yaml#/paths//api/v1/search/get/parameters/projectIds
AC-1691,AC,MOD-014,Глобальный поиск,[STATE-007] Field contract: (query parameters).q respects type/required/nullable/limits/PATCH semantics,— (операции модуля),—,—,—,SCR-133 Глобальный поиск; SCR-134 Полные результаты поиска; SCR-135 Фильтры поиска; SCR-136 Partial/offline search banner,FLOW-019 Глобальный поиск,,Boundary/contract UI,High,openapi.yaml#/paths//api/v1/search/get/parameters/q
AC-1692,AC,MOD-014,Глобальный поиск,[STATE-007] Field contract: (query parameters).to respects type/required/nullable/limits/PATCH semantics,— (операции модуля),—,—,—,SCR-133 Глобальный поиск; SCR-134 Полные результаты поиска; SCR-135 Фильтры поиска; SCR-136 Partial/offline search banner,FLOW-019 Глобальный поиск,,Boundary/contract UI,High,openapi.yaml#/paths//api/v1/search/get/parameters/to
AC-1693,AC,MOD-014,Глобальный поиск,[STATE-007/STATE-031] Field contract: (query parameters).types respects type/required/nullable/limits/PATCH semantics,— (операции модуля),—,—,—,SCR-133 Глобальный поиск; SCR-134 Полные результаты поиска; SCR-135 Фильтры поиска; SCR-136 Partial/offline search banner,FLOW-019 Глобальный поиск,,Boundary/contract UI,High,openapi.yaml#/paths//api/v1/search/get/parameters/types
AC-1694,AC,MOD-014,Глобальный поиск,[STATE-007] Field contract: (query parameters).userIds respects type/required/nullable/limits/PATCH semantics,— (операции модуля),—,—,—,SCR-133 Глобальный поиск; SCR-134 Полные результаты поиска; SCR-135 Фильтры поиска; SCR-136 Partial/offline search banner,FLOW-019 Глобальный поиск,,Boundary/contract UI,High,openapi.yaml#/paths//api/v1/search/get/parameters/userIds
AC-1695,AC,MOD-014,Глобальный поиск,[STATE-007] Field contract: —.tookMs respects type/required/nullable/limits/PATCH semantics,— (операции модуля),—,—,—,SCR-133 Глобальный поиск; SCR-134 Полные результаты поиска; SCR-135 Фильтры поиска; SCR-136 Partial/offline search banner,FLOW-019 Глобальный поиск,,Boundary/contract UI,High,dto_field_catalog.csv:SearchPage.tookMs; openapi.yaml operation GET_api_v1_search
AC-1696,AC,MOD-014,Глобальный поиск,[STATE-007] Field contract: —.nextCursor respects type/required/nullable/limits/PATCH semantics,— (операции модуля),—,—,—,SCR-133 Глобальный поиск; SCR-134 Полные результаты поиска; SCR-135 Фильтры поиска; SCR-136 Partial/offline search banner,FLOW-019 Глобальный поиск,,Boundary/contract UI,High,dto_field_catalog.csv:SearchPage.nextCursor; openapi.yaml operation GET_api_v1_search
AC-1804,AC,MOD-014,Глобальный поиск,Поиск сотрудника по имени,—,—,Search.Use,—,SCR-133 Глобальный поиск; SCR-134 Полные результаты поиска; SCR-135 Фильтры поиска,FLOW-019 Глобальный поиск,,Integration/UI,High,Stage 2.3.1 OpenAPI 1.2.0-stage2.3; Stage 3.5 UX baseline; Stage 4.3 remediation
AC-1805,AC,MOD-014,Глобальный поиск,Отдельная группа Сотрудники,—,—,—,—,SCR-133 Глобальный поиск; SCR-134 Полные результаты поиска; SCR-135 Фильтры поиска,FLOW-019 Глобальный поиск,,UI/accessibility,High,Stage 2.3.1 OpenAPI 1.2.0-stage2.3; Stage 3.5 UX baseline; Stage 4.3 remediation
AC-1806,AC,MOD-014,Глобальный поиск,Смешанный поиск,—,—,—,—,SCR-133 Глобальный поиск; SCR-134 Полные результаты поиска; SCR-135 Фильтры поиска,FLOW-019 Глобальный поиск,,Integration/UI,High,Stage 2.3.1 OpenAPI 1.2.0-stage2.3; Stage 3.5 UX baseline; Stage 4.3 remediation
AC-1807,AC,MOD-014,Глобальный поиск,Открытие employee result,—,—,Search.Use; target policy recheck,—,SCR-133 Глобальный поиск; SCR-134 Полные результаты поиска,FLOW-019 Глобальный поиск,,Navigation/security,High,Stage 2.3.1 OpenAPI 1.2.0-stage2.3; Stage 3.5 UX baseline; Stage 4.3 remediation
AC-1808,AC,MOD-014,Глобальный поиск,Partial access,—,—,—,—,SCR-133 Глобальный поиск; SCR-134 Полные результаты поиска; SCR-135 Фильтры поиска,FLOW-019 Глобальный поиск,,Security/UI,High,Stage 2.3.1 OpenAPI 1.2.0-stage2.3; Stage 3.5 UX baseline; Stage 4.3 remediation
AC-1809,AC,MOD-014,Глобальный поиск,Redaction,—,—,—,—,SCR-133 Глобальный поиск; SCR-134 Полные результаты поиска; SCR-135 Фильтры поиска,FLOW-019 Глобальный поиск,,Security,Critical,Stage 2.3.1 OpenAPI 1.2.0-stage2.3; Stage 3.5 UX baseline; Stage 4.3 remediation
AC-1810,AC,MOD-014,Глобальный поиск,Пользователь без Search.Use,—,—,Search.Use;User.Block only for blocked visibility,—,SCR-133 Глобальный поиск; SCR-134 Полные результаты поиска,FLOW-019 Глобальный поиск,,Security,Critical,Stage 2.3.1 OpenAPI 1.2.0-stage2.3; Stage 3.5 UX baseline; Stage 4.3 remediation
AC-1811,AC,MOD-014,Глобальный поиск,Заблокированный пользователь,—,—,—,—,SCR-133 Глобальный поиск; SCR-134 Полные результаты поиска; SCR-135 Фильтры поиска,FLOW-019 Глобальный поиск,,Security,Critical,Stage 2.3.1 OpenAPI 1.2.0-stage2.3; Stage 3.5 UX baseline; Stage 4.3 remediation
AC-1812,AC,MOD-014,Глобальный поиск,Pagination,—,—,Search.Use,—,SCR-133 Глобальный поиск; SCR-134 Полные результаты поиска; SCR-135 Фильтры поиска,FLOW-019 Глобальный поиск,,Integration,High,Stage 2.3.1 OpenAPI 1.2.0-stage2.3; Stage 3.5 UX baseline; Stage 4.3 remediation
AC-1813,AC,MOD-014,Глобальный поиск,Cursor stability,—,—,—,—,SCR-133 Глобальный поиск; SCR-134 Полные результаты поиска; SCR-135 Фильтры поиска,FLOW-019 Глобальный поиск,,Integration/security,High,Stage 2.3.1 OpenAPI 1.2.0-stage2.3; Stage 3.5 UX baseline; Stage 4.3 remediation
AC-1814,AC,MOD-014,Глобальный поиск,Stale employee result,—,—,Search.Use; target policy recheck,—,SCR-133 Глобальный поиск; SCR-134 Полные результаты поиска,FLOW-019 Глобальный поиск,,Resilience,High,Stage 2.3.1 OpenAPI 1.2.0-stage2.3; Stage 3.5 UX baseline; Stage 4.3 remediation
AC-1815,AC,MOD-014,Глобальный поиск,Объект стал недоступен,—,—,Search.Use; target policy recheck,—,SCR-133 Глобальный поиск; SCR-134 Полные результаты поиска,FLOW-019 Глобальный поиск,,Security/navigation,Critical,Stage 2.3.1 OpenAPI 1.2.0-stage2.3; Stage 3.5 UX baseline; Stage 4.3 remediation
AC-1816,AC,MOD-014,Глобальный поиск,Нет результатов,—,—,Search.Use,—,SCR-133 Глобальный поиск; SCR-134 Полные результаты поиска; SCR-135 Фильтры поиска,FLOW-019 Глобальный поиск,,UI,High,Stage 2.3.1 OpenAPI 1.2.0-stage2.3; Stage 3.5 UX baseline; Stage 4.3 remediation
AC-1817,AC,MOD-014,Глобальный поиск,Partial failure группы,—,—,—,—,SCR-133 Глобальный поиск; SCR-134 Полные результаты поиска; SCR-135 Фильтры поиска,FLOW-019 Глобальный поиск,,Resilience,High,Stage 2.3.1 OpenAPI 1.2.0-stage2.3; Stage 3.5 UX baseline; Stage 4.3 remediation
AC-1818,AC,MOD-014,Глобальный поиск,Запрет клиентской постфильтрации,—,—,—,—,SCR-133 Глобальный поиск; SCR-134 Полные результаты поиска; SCR-135 Фильтры поиска,FLOW-019 Глобальный поиск,,Security/contract,Critical,Stage 2.3.1 OpenAPI 1.2.0-stage2.3; Stage 3.5 UX baseline; Stage 4.3 remediation
AC-1820,AC,MOD-014,Глобальный поиск,Field contract EmployeeSearchResult,—,—,Search.Use;User.Block only for blocked visibility,—,SCR-133 Глобальный поиск; SCR-134 Полные результаты поиска,FLOW-019 Глобальный поиск,,Field contract,High,Stage 2.3.1 OpenAPI 1.2.0-stage2.3; Stage 3.5 UX baseline; Stage 4.3 remediation
AC-1841,AC,MOD-014,Глобальный поиск,Permission denial for FR-159,— (операции модуля),—,—,—,SCR-133 Глобальный поиск; SCR-134 Полные результаты поиска; SCR-135 Фильтры поиска; SCR-136 Partial/offline search banner,FLOW-019 Глобальный поиск,,Security/authorization,Critical,Stage 2.3.1 OpenAPI 1.2.0-stage2.3; Stage 3.5 UX baseline; Stage 4.3 remediation; cross-cutting requirement PERM-014
AC-1862,AC,MOD-014,Глобальный поиск,Stable error handling for FR-159,— (операции модуля),—,—,—,SCR-133 Глобальный поиск; SCR-134 Полные результаты поиска; SCR-135 Фильтры поиска; SCR-136 Partial/offline search banner,FLOW-019 Глобальный поиск,,Error handling,High,Stage 2.3.1 OpenAPI 1.2.0-stage2.3; Stage 3.5 UX baseline; Stage 4.3 remediation; cross-cutting requirement ERR-014
AC-1883,AC,MOD-014,Глобальный поиск,Read outage behavior for FR-159,GET_api_v1_sync_changes; POST_api_v1_sync_bootstrap; POST_api_v1_sync_ack,GET /api/v1/sync/changes; POST /api/v1/sync/bootstrap; POST /api/v1/sync/ack,—,OrganizerController.GET_api_v1_sync_changes; OrganizerController.POST_api_v1_sync_bootstrap; OrganizerController.POST_api_v1_sync_ack,SCR-133 Глобальный поиск; SCR-134 Полные результаты поиска; SCR-135 Фильтры поиска; SCR-136 Partial/offline search banner,FLOW-019 Глобальный поиск,,Desktop/resilience,High,Stage 2.3.1 OpenAPI 1.2.0-stage2.3; Stage 3.5 UX baseline; Stage 4.3 remediation; cross-cutting requirement SYNC-014
AC-1904,AC,MOD-014,Глобальный поиск,Audit evidence for FR-159,— (domain command + audit/history endpoints),—,—,— (domain handlers + audit pipeline),SCR-133 Глобальный поиск; SCR-134 Полные результаты поиска; SCR-135 Фильтры поиска; SCR-136 Partial/offline search banner,FLOW-019 Глобальный поиск,,Audit/security,Critical,Stage 2.3.1 OpenAPI 1.2.0-stage2.3; Stage 3.5 UX baseline; Stage 4.3 remediation; cross-cutting requirement AUDIT-014
AC-2086,AC,MOD-014,Глобальный поиск,Permission denial for FR-160,— (операции модуля),—,—,—,SCR-133 Глобальный поиск; SCR-134 Полные результаты поиска; SCR-135 Фильтры поиска; SCR-136 Partial/offline search banner,FLOW-019 Глобальный поиск,,Security/authorization,Critical,Stage 2.3.1 OpenAPI 1.2.0-stage2.3; Stage 3.5 UX baseline; Stage 4.3 remediation; cross-cutting requirement PERM-014
AC-2087,AC,MOD-014,Глобальный поиск,Permission denial for FR-260,— (операции модуля),—,—,—,SCR-133 Глобальный поиск; SCR-134 Полные результаты поиска; SCR-135 Фильтры поиска; SCR-136 Partial/offline search banner,FLOW-019 Глобальный поиск,,Security/authorization,Critical,Stage 2.3.1 OpenAPI 1.2.0-stage2.3; Stage 3.5 UX baseline; Stage 4.3 remediation; cross-cutting requirement PERM-014
AC-2088,AC,MOD-014,Глобальный поиск,Permission denial for FR-275,— (операции модуля),—,—,—,SCR-133 Глобальный поиск; SCR-134 Полные результаты поиска; SCR-135 Фильтры поиска; SCR-136 Partial/offline search banner,FLOW-019 Глобальный поиск,,Security/authorization,Critical,Stage 2.3.1 OpenAPI 1.2.0-stage2.3; Stage 3.5 UX baseline; Stage 4.3 remediation; cross-cutting requirement PERM-014
AC-2089,AC,MOD-014,Глобальный поиск,Permission denial for FR-276,— (операции модуля),—,—,—,SCR-133 Глобальный поиск; SCR-134 Полные результаты поиска; SCR-135 Фильтры поиска; SCR-136 Partial/offline search banner,FLOW-019 Глобальный поиск,,Security/authorization,Critical,Stage 2.3.1 OpenAPI 1.2.0-stage2.3; Stage 3.5 UX baseline; Stage 4.3 remediation; cross-cutting requirement PERM-014
AC-2090,AC,MOD-014,Глобальный поиск,Permission denial for FR-277,— (операции модуля),—,—,—,SCR-133 Глобальный поиск; SCR-134 Полные результаты поиска; SCR-135 Фильтры поиска; SCR-136 Partial/offline search banner,FLOW-019 Глобальный поиск,,Security/authorization,Critical,Stage 2.3.1 OpenAPI 1.2.0-stage2.3; Stage 3.5 UX baseline; Stage 4.3 remediation; cross-cutting requirement PERM-014
AC-2091,AC,MOD-014,Глобальный поиск,Permission denial for FR-278,— (операции модуля),—,—,—,SCR-133 Глобальный поиск; SCR-134 Полные результаты поиска; SCR-135 Фильтры поиска; SCR-136 Partial/offline search banner,FLOW-019 Глобальный поиск,,Security/authorization,Critical,Stage 2.3.1 OpenAPI 1.2.0-stage2.3; Stage 3.5 UX baseline; Stage 4.3 remediation; cross-cutting requirement PERM-014
AC-2344,AC,MOD-014,Глобальный поиск,Stable error handling for FR-160,— (операции модуля),—,—,—,SCR-133 Глобальный поиск; SCR-134 Полные результаты поиска; SCR-135 Фильтры поиска; SCR-136 Partial/offline search banner,FLOW-019 Глобальный поиск,,Error handling,High,Stage 2.3.1 OpenAPI 1.2.0-stage2.3; Stage 3.5 UX baseline; Stage 4.3 remediation; cross-cutting requirement ERR-014
AC-2345,AC,MOD-014,Глобальный поиск,Stable error handling for FR-260,— (операции модуля),—,—,—,SCR-133 Глобальный поиск; SCR-134 Полные результаты поиска; SCR-135 Фильтры поиска; SCR-136 Partial/offline search banner,FLOW-019 Глобальный поиск,,Error handling,High,Stage 2.3.1 OpenAPI 1.2.0-stage2.3; Stage 3.5 UX baseline; Stage 4.3 remediation; cross-cutting requirement ERR-014
AC-2346,AC,MOD-014,Глобальный поиск,Stable error handling for FR-275,— (операции модуля),—,—,—,SCR-133 Глобальный поиск; SCR-134 Полные результаты поиска; SCR-135 Фильтры поиска; SCR-136 Partial/offline search banner,FLOW-019 Глобальный поиск,,Error handling,High,Stage 2.3.1 OpenAPI 1.2.0-stage2.3; Stage 3.5 UX baseline; Stage 4.3 remediation; cross-cutting requirement ERR-014
AC-2347,AC,MOD-014,Глобальный поиск,Stable error handling for FR-276,— (операции модуля),—,—,—,SCR-133 Глобальный поиск; SCR-134 Полные результаты поиска; SCR-135 Фильтры поиска; SCR-136 Partial/offline search banner,FLOW-019 Глобальный поиск,,Error handling,High,Stage 2.3.1 OpenAPI 1.2.0-stage2.3; Stage 3.5 UX baseline; Stage 4.3 remediation; cross-cutting requirement ERR-014
AC-2348,AC,MOD-014,Глобальный поиск,Stable error handling for FR-277,— (операции модуля),—,—,—,SCR-133 Глобальный поиск; SCR-134 Полные результаты поиска; SCR-135 Фильтры поиска; SCR-136 Partial/offline search banner,FLOW-019 Глобальный поиск,,Error handling,High,Stage 2.3.1 OpenAPI 1.2.0-stage2.3; Stage 3.5 UX baseline; Stage 4.3 remediation; cross-cutting requirement ERR-014
AC-2349,AC,MOD-014,Глобальный поиск,Stable error handling for FR-278,— (операции модуля),—,—,—,SCR-133 Глобальный поиск; SCR-134 Полные результаты поиска; SCR-135 Фильтры поиска; SCR-136 Partial/offline search banner,FLOW-019 Глобальный поиск,,Error handling,High,Stage 2.3.1 OpenAPI 1.2.0-stage2.3; Stage 3.5 UX baseline; Stage 4.3 remediation; cross-cutting requirement ERR-014
AC-2602,AC,MOD-014,Глобальный поиск,Read outage behavior for FR-160,GET_api_v1_sync_changes; POST_api_v1_sync_bootstrap; POST_api_v1_sync_ack,GET /api/v1/sync/changes; POST /api/v1/sync/bootstrap; POST /api/v1/sync/ack,—,OrganizerController.GET_api_v1_sync_changes; OrganizerController.POST_api_v1_sync_bootstrap; OrganizerController.POST_api_v1_sync_ack,SCR-133 Глобальный поиск; SCR-134 Полные результаты поиска; SCR-135 Фильтры поиска; SCR-136 Partial/offline search banner,FLOW-019 Глобальный поиск,,Desktop/resilience,High,Stage 2.3.1 OpenAPI 1.2.0-stage2.3; Stage 3.5 UX baseline; Stage 4.3 remediation; cross-cutting requirement SYNC-014
AC-2603,AC,MOD-014,Глобальный поиск,Read outage behavior for FR-260,GET_api_v1_sync_changes; POST_api_v1_sync_bootstrap; POST_api_v1_sync_ack,GET /api/v1/sync/changes; POST /api/v1/sync/bootstrap; POST /api/v1/sync/ack,—,OrganizerController.GET_api_v1_sync_changes; OrganizerController.POST_api_v1_sync_bootstrap; OrganizerController.POST_api_v1_sync_ack,SCR-133 Глобальный поиск; SCR-134 Полные результаты поиска; SCR-135 Фильтры поиска; SCR-136 Partial/offline search banner,FLOW-019 Глобальный поиск,,Desktop/resilience,High,Stage 2.3.1 OpenAPI 1.2.0-stage2.3; Stage 3.5 UX baseline; Stage 4.3 remediation; cross-cutting requirement SYNC-014
AC-2604,AC,MOD-014,Глобальный поиск,Read outage behavior for FR-275,GET_api_v1_sync_changes; POST_api_v1_sync_bootstrap; POST_api_v1_sync_ack,GET /api/v1/sync/changes; POST /api/v1/sync/bootstrap; POST /api/v1/sync/ack,—,OrganizerController.GET_api_v1_sync_changes; OrganizerController.POST_api_v1_sync_bootstrap; OrganizerController.POST_api_v1_sync_ack,SCR-133 Глобальный поиск; SCR-134 Полные результаты поиска; SCR-135 Фильтры поиска; SCR-136 Partial/offline search banner,FLOW-019 Глобальный поиск,,Desktop/resilience,High,Stage 2.3.1 OpenAPI 1.2.0-stage2.3; Stage 3.5 UX baseline; Stage 4.3 remediation; cross-cutting requirement SYNC-014
AC-2605,AC,MOD-014,Глобальный поиск,Read outage behavior for FR-276,GET_api_v1_sync_changes; POST_api_v1_sync_bootstrap; POST_api_v1_sync_ack,GET /api/v1/sync/changes; POST /api/v1/sync/bootstrap; POST /api/v1/sync/ack,—,OrganizerController.GET_api_v1_sync_changes; OrganizerController.POST_api_v1_sync_bootstrap; OrganizerController.POST_api_v1_sync_ack,SCR-133 Глобальный поиск; SCR-134 Полные результаты поиска; SCR-135 Фильтры поиска; SCR-136 Partial/offline search banner,FLOW-019 Глобальный поиск,,Desktop/resilience,High,Stage 2.3.1 OpenAPI 1.2.0-stage2.3; Stage 3.5 UX baseline; Stage 4.3 remediation; cross-cutting requirement SYNC-014
AC-2606,AC,MOD-014,Глобальный поиск,Read outage behavior for FR-277,GET_api_v1_sync_changes; POST_api_v1_sync_bootstrap; POST_api_v1_sync_ack,GET /api/v1/sync/changes; POST /api/v1/sync/bootstrap; POST /api/v1/sync/ack,—,OrganizerController.GET_api_v1_sync_changes; OrganizerController.POST_api_v1_sync_bootstrap; OrganizerController.POST_api_v1_sync_ack,SCR-133 Глобальный поиск; SCR-134 Полные результаты поиска; SCR-135 Фильтры поиска; SCR-136 Partial/offline search banner,FLOW-019 Глобальный поиск,,Desktop/resilience,High,Stage 2.3.1 OpenAPI 1.2.0-stage2.3; Stage 3.5 UX baseline; Stage 4.3 remediation; cross-cutting requirement SYNC-014
AC-2607,AC,MOD-014,Глобальный поиск,Read outage behavior for FR-278,GET_api_v1_sync_changes; POST_api_v1_sync_bootstrap; POST_api_v1_sync_ack,GET /api/v1/sync/changes; POST /api/v1/sync/bootstrap; POST /api/v1/sync/ack,—,OrganizerController.GET_api_v1_sync_changes; OrganizerController.POST_api_v1_sync_bootstrap; OrganizerController.POST_api_v1_sync_ack,SCR-133 Глобальный поиск; SCR-134 Полные результаты поиска; SCR-135 Фильтры поиска; SCR-136 Partial/offline search banner,FLOW-019 Глобальный поиск,,Desktop/resilience,High,Stage 2.3.1 OpenAPI 1.2.0-stage2.3; Stage 3.5 UX baseline; Stage 4.3 remediation; cross-cutting requirement SYNC-014
AC-2860,AC,MOD-014,Глобальный поиск,Audit evidence for FR-160,— (domain command + audit/history endpoints),—,—,— (domain handlers + audit pipeline),SCR-133 Глобальный поиск; SCR-134 Полные результаты поиска; SCR-135 Фильтры поиска; SCR-136 Partial/offline search banner,FLOW-019 Глобальный поиск,,Audit/security,Critical,Stage 2.3.1 OpenAPI 1.2.0-stage2.3; Stage 3.5 UX baseline; Stage 4.3 remediation; cross-cutting requirement AUDIT-014
AC-2861,AC,MOD-014,Глобальный поиск,Audit evidence for FR-260,— (domain command + audit/history endpoints),—,—,— (domain handlers + audit pipeline),SCR-133 Глобальный поиск; SCR-134 Полные результаты поиска; SCR-135 Фильтры поиска; SCR-136 Partial/offline search banner,FLOW-019 Глобальный поиск,,Audit/security,Critical,Stage 2.3.1 OpenAPI 1.2.0-stage2.3; Stage 3.5 UX baseline; Stage 4.3 remediation; cross-cutting requirement AUDIT-014
AC-2862,AC,MOD-014,Глобальный поиск,Audit evidence for FR-275,— (domain command + audit/history endpoints),—,—,— (domain handlers + audit pipeline),SCR-133 Глобальный поиск; SCR-134 Полные результаты поиска; SCR-135 Фильтры поиска; SCR-136 Partial/offline search banner,FLOW-019 Глобальный поиск,,Audit/security,Critical,Stage 2.3.1 OpenAPI 1.2.0-stage2.3; Stage 3.5 UX baseline; Stage 4.3 remediation; cross-cutting requirement AUDIT-014
AC-2863,AC,MOD-014,Глобальный поиск,Audit evidence for FR-276,— (domain command + audit/history endpoints),—,—,— (domain handlers + audit pipeline),SCR-133 Глобальный поиск; SCR-134 Полные результаты поиска; SCR-135 Фильтры поиска; SCR-136 Partial/offline search banner,FLOW-019 Глобальный поиск,,Audit/security,Critical,Stage 2.3.1 OpenAPI 1.2.0-stage2.3; Stage 3.5 UX baseline; Stage 4.3 remediation; cross-cutting requirement AUDIT-014
AC-2864,AC,MOD-014,Глобальный поиск,Audit evidence for FR-277,— (domain command + audit/history endpoints),—,—,— (domain handlers + audit pipeline),SCR-133 Глобальный поиск; SCR-134 Полные результаты поиска; SCR-135 Фильтры поиска; SCR-136 Partial/offline search banner,FLOW-019 Глобальный поиск,,Audit/security,Critical,Stage 2.3.1 OpenAPI 1.2.0-stage2.3; Stage 3.5 UX baseline; Stage 4.3 remediation; cross-cutting requirement AUDIT-014
AC-2865,AC,MOD-014,Глобальный поиск,Audit evidence for FR-278,— (domain command + audit/history endpoints),—,—,— (domain handlers + audit pipeline),SCR-133 Глобальный поиск; SCR-134 Полные результаты поиска; SCR-135 Фильтры поиска; SCR-136 Partial/offline search banner,FLOW-019 Глобальный поиск,,Audit/security,Critical,Stage 2.3.1 OpenAPI 1.2.0-stage2.3; Stage 3.5 UX baseline; Stage 4.3 remediation; cross-cutting requirement AUDIT-014
AC-071,AC,MOD-015,Уведомления,Проверить бизнес-правило: Notification content после создания неизменно; меняются только состояния доставки/прочтения.,—,—,—,—,SCR-130 Центр уведомлений; SCR-131 Windows desktop notification; SCR-132 Результат notification action; SCR-212 Toast deep-link activation,FLOW-020 Действие из notification,,Integration/domain,High,"§17, §27.1.19–21, §29; Stage 3.5"
AC-072,AC,MOD-015,Уведомления,Проверить бизнес-правило: Toast action не изменяет бизнес-объект локально.,—,—,—,—,SCR-130 Центр уведомлений; SCR-131 Windows desktop notification; SCR-132 Результат notification action; SCR-212 Toast deep-link activation,FLOW-020 Действие из notification,,Integration/domain,High,"§17, §27.1.19–21, §29; Stage 3.5"
AC-073,AC,MOD-015,Уведомления,Проверить бизнес-правило: Target permission и version проверяются при каждом действии.,—,—,—,—,SCR-130 Центр уведомлений; SCR-131 Windows desktop notification; SCR-132 Результат notification action; SCR-212 Toast deep-link activation,FLOW-020 Действие из notification,,Integration/domain,High,"§17, §27.1.19–21, §29; Stage 3.5"
AC-074,AC,MOD-015,Уведомления,Проверить бизнес-правило: Недоступный target не раскрывается.,—,—,—,—,SCR-130 Центр уведомлений; SCR-131 Windows desktop notification; SCR-132 Результат notification action; SCR-212 Toast deep-link activation,FLOW-020 Действие из notification,,Integration/domain,High,"§17, §27.1.19–21, §29; Stage 3.5"
AC-1009,AC,MOD-015,Уведомления,Happy path: Список уведомление,GET_api_v1_notifications,GET /api/v1/notifications,Notification.ReadOwn,OrganizerController.GET_api_v1_notifications,SCR-130 Центр уведомлений; SCR-131 Windows desktop notification; SCR-132 Результат notification action; SCR-153 Notifications и DND; SCR-212 Toast deep-link activation,"FLOW-020 Действие из notification; FLOW-038 Управление организационной шкалой срочности (Stage 4.5, DEC-060)",,Contract/integration,High,OpenAPI `GET_api_v1_notifications`; Stage_3_Field_Traceability_Final_3.5.csv
AC-1010,AC,MOD-015,Уведомления,[Forbidden (Stage 3.5 State Matrix)/ObjectUnavailable (Stage 3.5 State Matrix)] Permission denied: Список уведомление не выполняется и данные не раскрываются,GET_api_v1_notifications,GET /api/v1/notifications,Notification.ReadOwn,OrganizerController.GET_api_v1_notifications,SCR-130 Центр уведомлений; SCR-131 Windows desktop notification; SCR-132 Результат notification action; SCR-153 Notifications и DND; SCR-212 Toast deep-link activation,"FLOW-020 Действие из notification; FLOW-038 Управление организационной шкалой срочности (Stage 4.5, DEC-060)",,Security/authorization,Critical,OpenAPI `GET_api_v1_notifications`; Stage_3_Field_Traceability_Final_3.5.csv
AC-1011,AC,MOD-015,Уведомления,[Authentication/session error handling (Stage 3.5 error/UI rule)/Authentication/session error handling (Stage 3.5 error/UI rule)/Device-revocation error handling (Stage 3.5 error/UI rule)] Session/device interruption: операция прекращается без сохранения неподтверждённого состояния,GET_api_v1_notifications,GET /api/v1/notifications,Notification.ReadOwn,OrganizerController.GET_api_v1_notifications,SCR-130 Центр уведомлений; SCR-131 Windows desktop notification; SCR-132 Результат notification action; SCR-153 Notifications и DND; SCR-212 Toast deep-link activation,"FLOW-020 Действие из notification; FLOW-038 Управление организационной шкалой срочности (Stage 4.5, DEC-060)",,Security/session,Critical,OpenAPI `GET_api_v1_notifications`; Stage_3_Field_Traceability_Final_3.5.csv
AC-1012,AC,MOD-015,Уведомления,Happy path: Прочитать все в scope,POST_api_v1_notifications_read_all,POST /api/v1/notifications/read-all,Notification.ReadOwn,OrganizerController.POST_api_v1_notifications_read_all,SCR-130 Центр уведомлений; SCR-131 Windows desktop notification; SCR-132 Результат notification action; SCR-153 Notifications и DND; SCR-212 Toast deep-link activation,"FLOW-020 Действие из notification; FLOW-038 Управление организационной шкалой срочности (Stage 4.5, DEC-060)",,Contract/integration,Critical,OpenAPI `POST_api_v1_notifications_read_all`; Stage_3_Field_Traceability_Final_3.5.csv
AC-1013,AC,MOD-015,Уведомления,[Forbidden (Stage 3.5 State Matrix)/ObjectUnavailable (Stage 3.5 State Matrix)] Permission denied: Прочитать все в scope не выполняется и данные не раскрываются,POST_api_v1_notifications_read_all,POST /api/v1/notifications/read-all,Notification.ReadOwn,OrganizerController.POST_api_v1_notifications_read_all,SCR-130 Центр уведомлений; SCR-131 Windows desktop notification; SCR-132 Результат notification action; SCR-153 Notifications и DND; SCR-212 Toast deep-link activation,"FLOW-020 Действие из notification; FLOW-038 Управление организационной шкалой срочности (Stage 4.5, DEC-060)",,Security/authorization,Critical,OpenAPI `POST_api_v1_notifications_read_all`; Stage_3_Field_Traceability_Final_3.5.csv
AC-1014,AC,MOD-015,Уведомления,[Authentication/session error handling (Stage 3.5 error/UI rule)/Authentication/session error handling (Stage 3.5 error/UI rule)/Device-revocation error handling (Stage 3.5 error/UI rule)] Session/device interruption: операция прекращается без сохранения неподтверждённого состояния,POST_api_v1_notifications_read_all,POST /api/v1/notifications/read-all,Notification.ReadOwn,OrganizerController.POST_api_v1_notifications_read_all,SCR-130 Центр уведомлений; SCR-131 Windows desktop notification; SCR-132 Результат notification action; SCR-153 Notifications и DND; SCR-212 Toast deep-link activation,"FLOW-020 Действие из notification; FLOW-038 Управление организационной шкалой срочности (Stage 4.5, DEC-060)",,Security/session,Critical,OpenAPI `POST_api_v1_notifications_read_all`; Stage_3_Field_Traceability_Final_3.5.csv
AC-1015,AC,MOD-015,Уведомления,[ServerUnavailable (Stage 3.5 State Matrix)/ServerUnavailable (cached read-only presentation) (Stage 3.5 State Matrix)/Reconnecting (Stage 3.5 State Matrix)] Server unavailable/read-only: команда Прочитать все в scope не ставится в offline queue,POST_api_v1_notifications_read_all,POST /api/v1/notifications/read-all,Notification.ReadOwn,OrganizerController.POST_api_v1_notifications_read_all,SCR-130 Центр уведомлений; SCR-131 Windows desktop notification; SCR-132 Результат notification action; SCR-153 Notifications и DND; SCR-212 Toast deep-link activation,"FLOW-020 Действие из notification; FLOW-038 Управление организационной шкалой срочности (Stage 4.5, DEC-060)",,Desktop/resilience,Critical,OpenAPI `POST_api_v1_notifications_read_all`; Stage_3_Field_Traceability_Final_3.5.csv
AC-1016,AC,MOD-015,Уведомления,[Stable-error-specific recovery (Stage 3.5 error/UI rule)] Idempotency: повтор с тем же key/hash не создаёт двойной side effect,POST_api_v1_notifications_read_all,POST /api/v1/notifications/read-all,Notification.ReadOwn,OrganizerController.POST_api_v1_notifications_read_all,SCR-130 Центр уведомлений; SCR-131 Windows desktop notification; SCR-132 Результат notification action; SCR-153 Notifications и DND; SCR-212 Toast deep-link activation,"FLOW-020 Действие из notification; FLOW-038 Управление организационной шкалой срочности (Stage 4.5, DEC-060)",,Integration,Critical,OpenAPI `POST_api_v1_notifications_read_all`; Stage_3_Field_Traceability_Final_3.5.csv
AC-1017,AC,MOD-015,Уведомления,Happy path: Получить уведомление,GET_api_v1_notifications_id,GET /api/v1/notifications/{id},Notification.ReadOwn,OrganizerController.GET_api_v1_notifications_id,SCR-130 Центр уведомлений; SCR-131 Windows desktop notification; SCR-132 Результат notification action; SCR-153 Notifications и DND; SCR-212 Toast deep-link activation,"FLOW-020 Действие из notification; FLOW-038 Управление организационной шкалой срочности (Stage 4.5, DEC-060)",,Contract/integration,High,OpenAPI `GET_api_v1_notifications_id`; Stage_3_Field_Traceability_Final_3.5.csv
AC-1018,AC,MOD-015,Уведомления,[Forbidden (Stage 3.5 State Matrix)/ObjectUnavailable (Stage 3.5 State Matrix)] Permission denied: Получить уведомление не выполняется и данные не раскрываются,GET_api_v1_notifications_id,GET /api/v1/notifications/{id},Notification.ReadOwn,OrganizerController.GET_api_v1_notifications_id,SCR-130 Центр уведомлений; SCR-131 Windows desktop notification; SCR-132 Результат notification action; SCR-153 Notifications и DND; SCR-212 Toast deep-link activation,"FLOW-020 Действие из notification; FLOW-038 Управление организационной шкалой срочности (Stage 4.5, DEC-060)",,Security/authorization,Critical,OpenAPI `GET_api_v1_notifications_id`; Stage_3_Field_Traceability_Final_3.5.csv
AC-1019,AC,MOD-015,Уведомления,[Authentication/session error handling (Stage 3.5 error/UI rule)/Authentication/session error handling (Stage 3.5 error/UI rule)/Device-revocation error handling (Stage 3.5 error/UI rule)] Session/device interruption: операция прекращается без сохранения неподтверждённого состояния,GET_api_v1_notifications_id,GET /api/v1/notifications/{id},Notification.ReadOwn,OrganizerController.GET_api_v1_notifications_id,SCR-130 Центр уведомлений; SCR-131 Windows desktop notification; SCR-132 Результат notification action; SCR-153 Notifications и DND; SCR-212 Toast deep-link activation,"FLOW-020 Действие из notification; FLOW-038 Управление организационной шкалой срочности (Stage 4.5, DEC-060)",,Security/session,Critical,OpenAPI `GET_api_v1_notifications_id`; Stage_3_Field_Traceability_Final_3.5.csv
AC-1020,AC,MOD-015,Уведомления,Happy path: Выполнить разрешённое действие toast,POST_api_v1_notifications_id_action,POST /api/v1/notifications/{id}/action,Notification.ManageOwn,OrganizerController.POST_api_v1_notifications_id_action,SCR-130 Центр уведомлений; SCR-131 Windows desktop notification; SCR-132 Результат notification action; SCR-153 Notifications и DND; SCR-212 Toast deep-link activation,FLOW-020 Действие из notification,,Contract/integration,Critical,OpenAPI `POST_api_v1_notifications_id_action`; Stage_3_Field_Traceability_Final_3.5.csv
AC-1021,AC,MOD-015,Уведомления,[Forbidden (Stage 3.5 State Matrix)/ObjectUnavailable (Stage 3.5 State Matrix)] Permission denied: Выполнить разрешённое действие toast не выполняется и данные не раскрываются,POST_api_v1_notifications_id_action,POST /api/v1/notifications/{id}/action,Notification.ManageOwn,OrganizerController.POST_api_v1_notifications_id_action,SCR-130 Центр уведомлений; SCR-131 Windows desktop notification; SCR-132 Результат notification action; SCR-153 Notifications и DND; SCR-212 Toast deep-link activation,FLOW-020 Действие из notification,,Security/authorization,Critical,OpenAPI `POST_api_v1_notifications_id_action`; Stage_3_Field_Traceability_Final_3.5.csv
AC-1022,AC,MOD-015,Уведомления,[Authentication/session error handling (Stage 3.5 error/UI rule)/Authentication/session error handling (Stage 3.5 error/UI rule)/Device-revocation error handling (Stage 3.5 error/UI rule)] Session/device interruption: операция прекращается без сохранения неподтверждённого состояния,POST_api_v1_notifications_id_action,POST /api/v1/notifications/{id}/action,Notification.ManageOwn,OrganizerController.POST_api_v1_notifications_id_action,SCR-130 Центр уведомлений; SCR-131 Windows desktop notification; SCR-132 Результат notification action; SCR-153 Notifications и DND; SCR-212 Toast deep-link activation,FLOW-020 Действие из notification,,Security/session,Critical,OpenAPI `POST_api_v1_notifications_id_action`; Stage_3_Field_Traceability_Final_3.5.csv
AC-1023,AC,MOD-015,Уведомления,[STATE-007] Validation: fieldErrors сохраняют draft и привязываются к canonical field path,POST_api_v1_notifications_id_action,POST /api/v1/notifications/{id}/action,Notification.ManageOwn,OrganizerController.POST_api_v1_notifications_id_action,SCR-130 Центр уведомлений; SCR-131 Windows desktop notification; SCR-132 Результат notification action; SCR-153 Notifications и DND; SCR-212 Toast deep-link activation,FLOW-020 Действие из notification,,Contract/UI,High,OpenAPI `POST_api_v1_notifications_id_action`; Stage_3_Field_Traceability_Final_3.5.csv
AC-1024,AC,MOD-015,Уведомления,[STATE-014/STATE-025] Conflict/precondition: устаревшая или отсутствующая If-Match не приводит к overwrite,POST_api_v1_notifications_id_action,POST /api/v1/notifications/{id}/action,Notification.ManageOwn,OrganizerController.POST_api_v1_notifications_id_action,SCR-130 Центр уведомлений; SCR-131 Windows desktop notification; SCR-132 Результат notification action; SCR-153 Notifications и DND; SCR-212 Toast deep-link activation,FLOW-020 Действие из notification,,Concurrency/integration,Critical,OpenAPI `POST_api_v1_notifications_id_action`; Stage_3_Field_Traceability_Final_3.5.csv
AC-1025,AC,MOD-015,Уведомления,[ServerUnavailable (Stage 3.5 State Matrix)/ServerUnavailable (cached read-only presentation) (Stage 3.5 State Matrix)/Reconnecting (Stage 3.5 State Matrix)] Server unavailable/read-only: команда Выполнить разрешённое действие toast не ставится в offline queue,POST_api_v1_notifications_id_action,POST /api/v1/notifications/{id}/action,Notification.ManageOwn,OrganizerController.POST_api_v1_notifications_id_action,SCR-130 Центр уведомлений; SCR-131 Windows desktop notification; SCR-132 Результат notification action; SCR-153 Notifications и DND; SCR-212 Toast deep-link activation,FLOW-020 Действие из notification,,Desktop/resilience,Critical,OpenAPI `POST_api_v1_notifications_id_action`; Stage_3_Field_Traceability_Final_3.5.csv
AC-1026,AC,MOD-015,Уведомления,[Stable-error-specific recovery (Stage 3.5 error/UI rule)] Idempotency: повтор с тем же key/hash не создаёт двойной side effect,POST_api_v1_notifications_id_action,POST /api/v1/notifications/{id}/action,Notification.ManageOwn,OrganizerController.POST_api_v1_notifications_id_action,SCR-130 Центр уведомлений; SCR-131 Windows desktop notification; SCR-132 Результат notification action; SCR-153 Notifications и DND; SCR-212 Toast deep-link activation,FLOW-020 Действие из notification,,Integration,Critical,OpenAPI `POST_api_v1_notifications_id_action`; Stage_3_Field_Traceability_Final_3.5.csv
AC-1027,AC,MOD-015,Уведомления,Happy path: Пометить прочитанным,POST_api_v1_notifications_id_read,POST /api/v1/notifications/{id}/read,Notification.ReadOwn,OrganizerController.POST_api_v1_notifications_id_read,SCR-130 Центр уведомлений; SCR-131 Windows desktop notification; SCR-132 Результат notification action; SCR-153 Notifications и DND; SCR-212 Toast deep-link activation,"FLOW-020 Действие из notification; FLOW-038 Управление организационной шкалой срочности (Stage 4.5, DEC-060)",,Contract/integration,Critical,OpenAPI `POST_api_v1_notifications_id_read`; Stage_3_Field_Traceability_Final_3.5.csv
AC-1028,AC,MOD-015,Уведомления,[Forbidden (Stage 3.5 State Matrix)/ObjectUnavailable (Stage 3.5 State Matrix)] Permission denied: Пометить прочитанным не выполняется и данные не раскрываются,POST_api_v1_notifications_id_read,POST /api/v1/notifications/{id}/read,Notification.ReadOwn,OrganizerController.POST_api_v1_notifications_id_read,SCR-130 Центр уведомлений; SCR-131 Windows desktop notification; SCR-132 Результат notification action; SCR-153 Notifications и DND; SCR-212 Toast deep-link activation,"FLOW-020 Действие из notification; FLOW-038 Управление организационной шкалой срочности (Stage 4.5, DEC-060)",,Security/authorization,Critical,OpenAPI `POST_api_v1_notifications_id_read`; Stage_3_Field_Traceability_Final_3.5.csv
AC-1029,AC,MOD-015,Уведомления,[Authentication/session error handling (Stage 3.5 error/UI rule)/Authentication/session error handling (Stage 3.5 error/UI rule)/Device-revocation error handling (Stage 3.5 error/UI rule)] Session/device interruption: операция прекращается без сохранения неподтверждённого состояния,POST_api_v1_notifications_id_read,POST /api/v1/notifications/{id}/read,Notification.ReadOwn,OrganizerController.POST_api_v1_notifications_id_read,SCR-130 Центр уведомлений; SCR-131 Windows desktop notification; SCR-132 Результат notification action; SCR-153 Notifications и DND; SCR-212 Toast deep-link activation,"FLOW-020 Действие из notification; FLOW-038 Управление организационной шкалой срочности (Stage 4.5, DEC-060)",,Security/session,Critical,OpenAPI `POST_api_v1_notifications_id_read`; Stage_3_Field_Traceability_Final_3.5.csv
AC-1030,AC,MOD-015,Уведомления,[STATE-014/STATE-025] Conflict/precondition: устаревшая или отсутствующая контрактная версия/precondition не приводит к overwrite,POST_api_v1_notifications_id_read,POST /api/v1/notifications/{id}/read,Notification.ReadOwn,OrganizerController.POST_api_v1_notifications_id_read,SCR-130 Центр уведомлений; SCR-131 Windows desktop notification; SCR-132 Результат notification action; SCR-153 Notifications и DND; SCR-212 Toast deep-link activation,"FLOW-020 Действие из notification; FLOW-038 Управление организационной шкалой срочности (Stage 4.5, DEC-060)",,Concurrency/integration,Critical,OpenAPI `POST_api_v1_notifications_id_read`; Stage_3_Field_Traceability_Final_3.5.csv
AC-1031,AC,MOD-015,Уведомления,[ServerUnavailable (Stage 3.5 State Matrix)/ServerUnavailable (cached read-only presentation) (Stage 3.5 State Matrix)/Reconnecting (Stage 3.5 State Matrix)] Server unavailable/read-only: команда Пометить прочитанным не ставится в offline queue,POST_api_v1_notifications_id_read,POST /api/v1/notifications/{id}/read,Notification.ReadOwn,OrganizerController.POST_api_v1_notifications_id_read,SCR-130 Центр уведомлений; SCR-131 Windows desktop notification; SCR-132 Результат notification action; SCR-153 Notifications и DND; SCR-212 Toast deep-link activation,"FLOW-020 Действие из notification; FLOW-038 Управление организационной шкалой срочности (Stage 4.5, DEC-060)",,Desktop/resilience,Critical,OpenAPI `POST_api_v1_notifications_id_read`; Stage_3_Field_Traceability_Final_3.5.csv
AC-1426,AC,MOD-015,Уведомления,Desktop behavior: Windows toast должен иметь текстовую альтернативу в Notification Center и не полагаться только на цвет.,"— (Desktop-only, без нового API)","— (Desktop-only, без нового API)",Capability-driven; server recheck для команд,"— (Desktop-only, без нового API)",SCR-130 Центр уведомлений; SCR-131 Windows desktop notification; SCR-132 Результат notification action; SCR-212 Toast deep-link activation,FLOW-020 Действие из notification,,Desktop/UI,High,Stage 3.5 UX Architecture
AC-1697,AC,MOD-015,Уведомления,[STATE-007] Field contract: NotificationActionRequest.action respects type/required/nullable/limits/PATCH semantics,— (операции модуля),—,—,—,SCR-130 Центр уведомлений; SCR-131 Windows desktop notification; SCR-132 Результат notification action; SCR-212 Toast deep-link activation,FLOW-020 Действие из notification,,Boundary/contract UI,High,openapi.yaml:NotificationActionRequest.action
AC-1698,AC,MOD-015,Уведомления,[STATE-007] Field contract: NotificationActionRequest.expectedVersion respects type/required/nullable/limits/PATCH semantics,— (операции модуля),—,—,—,SCR-130 Центр уведомлений; SCR-131 Windows desktop notification; SCR-132 Результат notification action; SCR-212 Toast deep-link activation,FLOW-020 Действие из notification,,Boundary/contract UI,High,openapi.yaml:NotificationActionRequest.expectedVersion
AC-1699,AC,MOD-015,Уведомления,[STATE-007] Field contract: ReadAllRequest.notificationIds respects type/required/nullable/limits/PATCH semantics,— (операции модуля),—,—,—,SCR-130 Центр уведомлений; SCR-131 Windows desktop notification; SCR-132 Результат notification action; SCR-212 Toast deep-link activation,FLOW-020 Действие из notification,,Boundary/contract UI,High,openapi.yaml:ReadAllRequest.notificationIds
AC-1803,AC,MOD-015,Уведомления,Backward compatibility старого клиента,—,—,—,—,SCR-153 Notifications и DND,"FLOW-038 Управление организационной шкалой срочности (Stage 4.5, DEC-060)",,Compatibility,High,Stage 2.3.1 OpenAPI 1.2.0-stage2.3; Stage 3.5 UX baseline; Stage 4.3 remediation
AC-1822,AC,MOD-015,Уведомления,Existing and future notifications,—,—,Notification.ReadOwn;Settings.ReadOwn,—,SCR-130 Центр уведомлений; SCR-153 Notifications и DND,"FLOW-020 Действие из notification; FLOW-038 Управление организационной шкалой срочности (Stage 4.5, DEC-060)",,Projection,High,Stage 2.3.1 OpenAPI 1.2.0-stage2.3; Stage 3.5 UX baseline; Stage 4.3 remediation
AC-1842,AC,MOD-015,Уведомления,Permission denial for FR-161,— (операции модуля),—,—,—,SCR-130 Центр уведомлений; SCR-131 Windows desktop notification; SCR-132 Результат notification action; SCR-212 Toast deep-link activation,FLOW-020 Действие из notification,,Security/authorization,Critical,OpenAPI `GET_api_v1_notifications`; Stage_3_Field_Traceability_Final_3.5.csv; cross-cutting requirement PERM-015
AC-1863,AC,MOD-015,Уведомления,Stable error handling for FR-161,— (операции модуля),—,—,—,SCR-130 Центр уведомлений; SCR-131 Windows desktop notification; SCR-132 Результат notification action; SCR-212 Toast deep-link activation,FLOW-020 Действие из notification,,Error handling,High,OpenAPI `GET_api_v1_notifications`; Stage_3_Field_Traceability_Final_3.5.csv; cross-cutting requirement ERR-015
AC-1884,AC,MOD-015,Уведомления,Read outage behavior for FR-161,GET_api_v1_sync_changes; POST_api_v1_sync_bootstrap; POST_api_v1_sync_ack,GET /api/v1/sync/changes; POST /api/v1/sync/bootstrap; POST /api/v1/sync/ack,—,OrganizerController.GET_api_v1_sync_changes; OrganizerController.POST_api_v1_sync_bootstrap; OrganizerController.POST_api_v1_sync_ack,SCR-130 Центр уведомлений; SCR-131 Windows desktop notification; SCR-132 Результат notification action; SCR-212 Toast deep-link activation,FLOW-020 Действие из notification,,Desktop/resilience,High,OpenAPI `GET_api_v1_notifications`; Stage_3_Field_Traceability_Final_3.5.csv; cross-cutting requirement SYNC-015
AC-1905,AC,MOD-015,Уведомления,Audit evidence for FR-161,— (domain command + audit/history endpoints),—,—,— (domain handlers + audit pipeline),SCR-130 Центр уведомлений; SCR-131 Windows desktop notification; SCR-132 Результат notification action; SCR-212 Toast deep-link activation,FLOW-020 Действие из notification,,Audit/security,Critical,OpenAPI `GET_api_v1_notifications`; Stage_3_Field_Traceability_Final_3.5.csv; cross-cutting requirement AUDIT-015
AC-2092,AC,MOD-015,Уведомления,Permission denial for FR-162,— (операции модуля),—,—,—,SCR-130 Центр уведомлений; SCR-131 Windows desktop notification; SCR-132 Результат notification action; SCR-212 Toast deep-link activation,FLOW-020 Действие из notification,,Security/authorization,Critical,OpenAPI `POST_api_v1_notifications_read_all`; Stage_3_Field_Traceability_Final_3.5.csv; cross-cutting requirement PERM-015
AC-2093,AC,MOD-015,Уведомления,Permission denial for FR-163,— (операции модуля),—,—,—,SCR-130 Центр уведомлений; SCR-131 Windows desktop notification; SCR-132 Результат notification action; SCR-212 Toast deep-link activation,FLOW-020 Действие из notification,,Security/authorization,Critical,OpenAPI `GET_api_v1_notifications_id`; Stage_3_Field_Traceability_Final_3.5.csv; cross-cutting requirement PERM-015
AC-2094,AC,MOD-015,Уведомления,Permission denial for FR-164,— (операции модуля),—,—,—,SCR-130 Центр уведомлений; SCR-131 Windows desktop notification; SCR-132 Результат notification action; SCR-212 Toast deep-link activation,FLOW-020 Действие из notification,,Security/authorization,Critical,OpenAPI `POST_api_v1_notifications_id_action`; Stage_3_Field_Traceability_Final_3.5.csv; cross-cutting requirement PERM-015
AC-2095,AC,MOD-015,Уведомления,Permission denial for FR-165,— (операции модуля),—,—,—,SCR-130 Центр уведомлений; SCR-131 Windows desktop notification; SCR-132 Результат notification action; SCR-212 Toast deep-link activation,FLOW-020 Действие из notification,,Security/authorization,Critical,OpenAPI `POST_api_v1_notifications_id_read`; Stage_3_Field_Traceability_Final_3.5.csv; cross-cutting requirement PERM-015
AC-2096,AC,MOD-015,Уведомления,Permission denial for FR-261,— (операции модуля),—,—,—,SCR-130 Центр уведомлений; SCR-131 Windows desktop notification; SCR-132 Результат notification action; SCR-212 Toast deep-link activation,FLOW-020 Действие из notification,,Security/authorization,Critical,Stage 2.3.1 OpenAPI 1.2.0-stage2.3; Stage 3.5 UX baseline; Stage 4.3 remediation; cross-cutting requirement PERM-015
AC-2097,AC,MOD-015,Уведомления,Permission denial for FR-279,— (операции модуля),—,—,—,SCR-130 Центр уведомлений; SCR-131 Windows desktop notification; SCR-132 Результат notification action; SCR-212 Toast deep-link activation,FLOW-020 Действие из notification,,Security/authorization,Critical,Stage 2.3.1 OpenAPI 1.2.0-stage2.3; Stage 3.5 UX baseline; Stage 4.3 remediation; cross-cutting requirement PERM-015
AC-2350,AC,MOD-015,Уведомления,Stable error handling for FR-162,— (операции модуля),—,—,—,SCR-130 Центр уведомлений; SCR-131 Windows desktop notification; SCR-132 Результат notification action; SCR-212 Toast deep-link activation,FLOW-020 Действие из notification,,Error handling,High,OpenAPI `POST_api_v1_notifications_read_all`; Stage_3_Field_Traceability_Final_3.5.csv; cross-cutting requirement ERR-015
AC-2351,AC,MOD-015,Уведомления,Stable error handling for FR-163,— (операции модуля),—,—,—,SCR-130 Центр уведомлений; SCR-131 Windows desktop notification; SCR-132 Результат notification action; SCR-212 Toast deep-link activation,FLOW-020 Действие из notification,,Error handling,High,OpenAPI `GET_api_v1_notifications_id`; Stage_3_Field_Traceability_Final_3.5.csv; cross-cutting requirement ERR-015
AC-2352,AC,MOD-015,Уведомления,Stable error handling for FR-164,— (операции модуля),—,—,—,SCR-130 Центр уведомлений; SCR-131 Windows desktop notification; SCR-132 Результат notification action; SCR-212 Toast deep-link activation,FLOW-020 Действие из notification,,Error handling,High,OpenAPI `POST_api_v1_notifications_id_action`; Stage_3_Field_Traceability_Final_3.5.csv; cross-cutting requirement ERR-015
AC-2353,AC,MOD-015,Уведомления,Stable error handling for FR-165,— (операции модуля),—,—,—,SCR-130 Центр уведомлений; SCR-131 Windows desktop notification; SCR-132 Результат notification action; SCR-212 Toast deep-link activation,FLOW-020 Действие из notification,,Error handling,High,OpenAPI `POST_api_v1_notifications_id_read`; Stage_3_Field_Traceability_Final_3.5.csv; cross-cutting requirement ERR-015
AC-2354,AC,MOD-015,Уведомления,Stable error handling for FR-261,— (операции модуля),—,—,—,SCR-130 Центр уведомлений; SCR-131 Windows desktop notification; SCR-132 Результат notification action; SCR-212 Toast deep-link activation,FLOW-020 Действие из notification,,Error handling,High,Stage 2.3.1 OpenAPI 1.2.0-stage2.3; Stage 3.5 UX baseline; Stage 4.3 remediation; cross-cutting requirement ERR-015
AC-2355,AC,MOD-015,Уведомления,Stable error handling for FR-279,— (операции модуля),—,—,—,SCR-130 Центр уведомлений; SCR-131 Windows desktop notification; SCR-132 Результат notification action; SCR-212 Toast deep-link activation,FLOW-020 Действие из notification,,Error handling,High,Stage 2.3.1 OpenAPI 1.2.0-stage2.3; Stage 3.5 UX baseline; Stage 4.3 remediation; cross-cutting requirement ERR-015
AC-2608,AC,MOD-015,Уведомления,Command outage behavior for FR-162,GET_api_v1_sync_changes; POST_api_v1_sync_bootstrap; POST_api_v1_sync_ack,GET /api/v1/sync/changes; POST /api/v1/sync/bootstrap; POST /api/v1/sync/ack,—,OrganizerController.GET_api_v1_sync_changes; OrganizerController.POST_api_v1_sync_bootstrap; OrganizerController.POST_api_v1_sync_ack,SCR-130 Центр уведомлений; SCR-131 Windows desktop notification; SCR-132 Результат notification action; SCR-212 Toast deep-link activation,FLOW-020 Действие из notification,,Desktop/resilience,High,OpenAPI `POST_api_v1_notifications_read_all`; Stage_3_Field_Traceability_Final_3.5.csv; cross-cutting requirement SYNC-015
AC-2609,AC,MOD-015,Уведомления,Read outage behavior for FR-163,GET_api_v1_sync_changes; POST_api_v1_sync_bootstrap; POST_api_v1_sync_ack,GET /api/v1/sync/changes; POST /api/v1/sync/bootstrap; POST /api/v1/sync/ack,—,OrganizerController.GET_api_v1_sync_changes; OrganizerController.POST_api_v1_sync_bootstrap; OrganizerController.POST_api_v1_sync_ack,SCR-130 Центр уведомлений; SCR-131 Windows desktop notification; SCR-132 Результат notification action; SCR-212 Toast deep-link activation,FLOW-020 Действие из notification,,Desktop/resilience,High,OpenAPI `GET_api_v1_notifications_id`; Stage_3_Field_Traceability_Final_3.5.csv; cross-cutting requirement SYNC-015
AC-2610,AC,MOD-015,Уведомления,Command outage behavior for FR-164,GET_api_v1_sync_changes; POST_api_v1_sync_bootstrap; POST_api_v1_sync_ack,GET /api/v1/sync/changes; POST /api/v1/sync/bootstrap; POST /api/v1/sync/ack,—,OrganizerController.GET_api_v1_sync_changes; OrganizerController.POST_api_v1_sync_bootstrap; OrganizerController.POST_api_v1_sync_ack,SCR-130 Центр уведомлений; SCR-131 Windows desktop notification; SCR-132 Результат notification action; SCR-212 Toast deep-link activation,FLOW-020 Действие из notification,,Desktop/resilience,High,OpenAPI `POST_api_v1_notifications_id_action`; Stage_3_Field_Traceability_Final_3.5.csv; cross-cutting requirement SYNC-015
AC-2611,AC,MOD-015,Уведомления,Command outage behavior for FR-165,GET_api_v1_sync_changes; POST_api_v1_sync_bootstrap; POST_api_v1_sync_ack,GET /api/v1/sync/changes; POST /api/v1/sync/bootstrap; POST /api/v1/sync/ack,—,OrganizerController.GET_api_v1_sync_changes; OrganizerController.POST_api_v1_sync_bootstrap; OrganizerController.POST_api_v1_sync_ack,SCR-130 Центр уведомлений; SCR-131 Windows desktop notification; SCR-132 Результат notification action; SCR-212 Toast deep-link activation,FLOW-020 Действие из notification,,Desktop/resilience,High,OpenAPI `POST_api_v1_notifications_id_read`; Stage_3_Field_Traceability_Final_3.5.csv; cross-cutting requirement SYNC-015
AC-2612,AC,MOD-015,Уведомления,Read outage behavior for FR-261,GET_api_v1_sync_changes; POST_api_v1_sync_bootstrap; POST_api_v1_sync_ack,GET /api/v1/sync/changes; POST /api/v1/sync/bootstrap; POST /api/v1/sync/ack,—,OrganizerController.GET_api_v1_sync_changes; OrganizerController.POST_api_v1_sync_bootstrap; OrganizerController.POST_api_v1_sync_ack,SCR-130 Центр уведомлений; SCR-131 Windows desktop notification; SCR-132 Результат notification action; SCR-212 Toast deep-link activation,FLOW-020 Действие из notification,,Desktop/resilience,High,Stage 2.3.1 OpenAPI 1.2.0-stage2.3; Stage 3.5 UX baseline; Stage 4.3 remediation; cross-cutting requirement SYNC-015
AC-2613,AC,MOD-015,Уведомления,Read outage behavior for FR-279,GET_api_v1_sync_changes; POST_api_v1_sync_bootstrap; POST_api_v1_sync_ack,GET /api/v1/sync/changes; POST /api/v1/sync/bootstrap; POST /api/v1/sync/ack,—,OrganizerController.GET_api_v1_sync_changes; OrganizerController.POST_api_v1_sync_bootstrap; OrganizerController.POST_api_v1_sync_ack,SCR-130 Центр уведомлений; SCR-131 Windows desktop notification; SCR-132 Результат notification action; SCR-212 Toast deep-link activation,FLOW-020 Действие из notification,,Desktop/resilience,High,Stage 2.3.1 OpenAPI 1.2.0-stage2.3; Stage 3.5 UX baseline; Stage 4.3 remediation; cross-cutting requirement SYNC-015
AC-2866,AC,MOD-015,Уведомления,Audit evidence for FR-162,— (domain command + audit/history endpoints),—,—,— (domain handlers + audit pipeline),SCR-130 Центр уведомлений; SCR-131 Windows desktop notification; SCR-132 Результат notification action; SCR-212 Toast deep-link activation,FLOW-020 Действие из notification,,Audit/security,Critical,OpenAPI `POST_api_v1_notifications_read_all`; Stage_3_Field_Traceability_Final_3.5.csv; cross-cutting requirement AUDIT-015
AC-2867,AC,MOD-015,Уведомления,Audit evidence for FR-163,— (domain command + audit/history endpoints),—,—,— (domain handlers + audit pipeline),SCR-130 Центр уведомлений; SCR-131 Windows desktop notification; SCR-132 Результат notification action; SCR-212 Toast deep-link activation,FLOW-020 Действие из notification,,Audit/security,Critical,OpenAPI `GET_api_v1_notifications_id`; Stage_3_Field_Traceability_Final_3.5.csv; cross-cutting requirement AUDIT-015
AC-2868,AC,MOD-015,Уведомления,Audit evidence for FR-164,— (domain command + audit/history endpoints),—,—,— (domain handlers + audit pipeline),SCR-130 Центр уведомлений; SCR-131 Windows desktop notification; SCR-132 Результат notification action; SCR-212 Toast deep-link activation,FLOW-020 Действие из notification,,Audit/security,Critical,OpenAPI `POST_api_v1_notifications_id_action`; Stage_3_Field_Traceability_Final_3.5.csv; cross-cutting requirement AUDIT-015
AC-2869,AC,MOD-015,Уведомления,Audit evidence for FR-165,— (domain command + audit/history endpoints),—,—,— (domain handlers + audit pipeline),SCR-130 Центр уведомлений; SCR-131 Windows desktop notification; SCR-132 Результат notification action; SCR-212 Toast deep-link activation,FLOW-020 Действие из notification,,Audit/security,Critical,OpenAPI `POST_api_v1_notifications_id_read`; Stage_3_Field_Traceability_Final_3.5.csv; cross-cutting requirement AUDIT-015
AC-2870,AC,MOD-015,Уведомления,Audit evidence for FR-261,— (domain command + audit/history endpoints),—,—,— (domain handlers + audit pipeline),SCR-130 Центр уведомлений; SCR-131 Windows desktop notification; SCR-132 Результат notification action; SCR-212 Toast deep-link activation,FLOW-020 Действие из notification,,Audit/security,Critical,Stage 2.3.1 OpenAPI 1.2.0-stage2.3; Stage 3.5 UX baseline; Stage 4.3 remediation; cross-cutting requirement AUDIT-015
AC-2871,AC,MOD-015,Уведомления,Audit evidence for FR-279,— (domain command + audit/history endpoints),—,—,— (domain handlers + audit pipeline),SCR-130 Центр уведомлений; SCR-131 Windows desktop notification; SCR-132 Результат notification action; SCR-212 Toast deep-link activation,FLOW-020 Действие из notification,,Audit/security,Critical,Stage 2.3.1 OpenAPI 1.2.0-stage2.3; Stage 3.5 UX baseline; Stage 4.3 remediation; cross-cutting requirement AUDIT-015
AC-075,AC,MOD-016,Архив,[Archived (Stage 3.5 State Matrix)] Проверить бизнес-правило: Archived object сохраняется и по умолчанию read-only.,—,—,—,—,SCR-140 Архив,FLOW-026 Архивирование,,Integration/domain,High,"§22.1, §27.1.36; Stage 3.5"
AC-076,AC,MOD-016,Архив,[Trashed (Stage 3.5 State Matrix)] Проверить бизнес-правило: Архив не является удалением и не запускает retention purge.,—,—,—,—,SCR-140 Архив,FLOW-026 Архивирование,,Integration/domain,High,"§22.1, §27.1.36; Stage 3.5"
AC-077,AC,MOD-016,Архив,"[Archived (Stage 3.5 State Matrix)] Проверить бизнес-правило: Unarchive проверяет текущие parent, uniqueness и permissions.",—,—,—,—,SCR-140 Архив,FLOW-026 Архивирование,,Integration/domain,High,"§22.1, §27.1.36; Stage 3.5"
AC-1032,AC,MOD-016,Архив,Happy path: Архив,GET_api_v1_archive,GET /api/v1/archive,History.Read,OrganizerController.GET_api_v1_archive,SCR-140 Архив,FLOW-026 Архивирование,,Contract/integration,High,OpenAPI `GET_api_v1_archive`; Stage_3_Field_Traceability_Final_3.5.csv
AC-1033,AC,MOD-016,Архив,[Forbidden (Stage 3.5 State Matrix)/ObjectUnavailable (Stage 3.5 State Matrix)/Archived (Stage 3.5 State Matrix)] Permission denied: Архив не выполняется и данные не раскрываются,GET_api_v1_archive,GET /api/v1/archive,History.Read,OrganizerController.GET_api_v1_archive,SCR-140 Архив,FLOW-026 Архивирование,,Security/authorization,Critical,OpenAPI `GET_api_v1_archive`; Stage_3_Field_Traceability_Final_3.5.csv
AC-1034,AC,MOD-016,Архив,[Archived (Stage 3.5 State Matrix)/Authentication/session error handling (Stage 3.5 error/UI rule)/Authentication/session error handling (Stage 3.5 error/UI rule)/Device-revocation error handling (Stage 3.5 error/UI rule)] Session/device interruption: операция прекращается без сохранения неподтверждённого состояния,GET_api_v1_archive,GET /api/v1/archive,History.Read,OrganizerController.GET_api_v1_archive,SCR-140 Архив,FLOW-026 Архивирование,,Security/session,Critical,OpenAPI `GET_api_v1_archive`; Stage_3_Field_Traceability_Final_3.5.csv
AC-1035,AC,MOD-016,Архив,[Archived (Stage 3.5 State Matrix)/Trashed (Stage 3.5 State Matrix)] Happy path: Вернуть из архива,POST_api_v1_archive_objectId_restore,POST /api/v1/archive/{objectId}/restore,Archive.Restore,OrganizerController.POST_api_v1_archive_objectId_restore,SCR-140 Архив,FLOW-026 Архивирование,,Contract/integration,Critical,OpenAPI `POST_api_v1_archive_objectId_restore`; Stage_3_Field_Traceability_Final_3.5.csv
AC-1036,AC,MOD-016,Архив,[Forbidden (Stage 3.5 State Matrix)/ObjectUnavailable (Stage 3.5 State Matrix)/Archived (Stage 3.5 State Matrix)/Trashed (Stage 3.5 State Matrix)] Permission denied: Вернуть из архива не выполняется и данные не раскрываются,POST_api_v1_archive_objectId_restore,POST /api/v1/archive/{objectId}/restore,Archive.Restore,OrganizerController.POST_api_v1_archive_objectId_restore,SCR-140 Архив,FLOW-026 Архивирование,,Security/authorization,Critical,OpenAPI `POST_api_v1_archive_objectId_restore`; Stage_3_Field_Traceability_Final_3.5.csv
AC-1037,AC,MOD-016,Архив,[Archived (Stage 3.5 State Matrix)/Trashed (Stage 3.5 State Matrix)/Authentication/session error handling (Stage 3.5 error/UI rule)/Authentication/session error handling (Stage 3.5 error/UI rule)/Device-revocation error handling (Stage 3.5 error/UI rule)] Session/device interruption: операция прекращается без сохранения неподтверждённого состояния,POST_api_v1_archive_objectId_restore,POST /api/v1/archive/{objectId}/restore,Archive.Restore,OrganizerController.POST_api_v1_archive_objectId_restore,SCR-140 Архив,FLOW-026 Архивирование,,Security/session,Critical,OpenAPI `POST_api_v1_archive_objectId_restore`; Stage_3_Field_Traceability_Final_3.5.csv
AC-1038,AC,MOD-016,Архив,[STATE-007/Archived (Stage 3.5 State Matrix)/Trashed (Stage 3.5 State Matrix)] Validation: fieldErrors сохраняют draft и привязываются к canonical field path,POST_api_v1_archive_objectId_restore,POST /api/v1/archive/{objectId}/restore,Archive.Restore,OrganizerController.POST_api_v1_archive_objectId_restore,SCR-140 Архив,FLOW-026 Архивирование,,Contract/UI,High,OpenAPI `POST_api_v1_archive_objectId_restore`; Stage_3_Field_Traceability_Final_3.5.csv
AC-1039,AC,MOD-016,Архив,[STATE-014/Archived (Stage 3.5 State Matrix)/Trashed (Stage 3.5 State Matrix)/STATE-025] Conflict/precondition: устаревшая или отсутствующая If-Match не приводит к overwrite,POST_api_v1_archive_objectId_restore,POST /api/v1/archive/{objectId}/restore,Archive.Restore,OrganizerController.POST_api_v1_archive_objectId_restore,SCR-140 Архив,FLOW-026 Архивирование,,Concurrency/integration,Critical,OpenAPI `POST_api_v1_archive_objectId_restore`; Stage_3_Field_Traceability_Final_3.5.csv
AC-1040,AC,MOD-016,Архив,[ServerUnavailable (Stage 3.5 State Matrix)/ServerUnavailable (cached read-only presentation) (Stage 3.5 State Matrix)/Reconnecting (Stage 3.5 State Matrix)] Server unavailable/read-only: команда Вернуть из архива не ставится в offline queue,POST_api_v1_archive_objectId_restore,POST /api/v1/archive/{objectId}/restore,Archive.Restore,OrganizerController.POST_api_v1_archive_objectId_restore,SCR-140 Архив,FLOW-026 Архивирование,,Desktop/resilience,Critical,OpenAPI `POST_api_v1_archive_objectId_restore`; Stage_3_Field_Traceability_Final_3.5.csv
AC-1427,AC,MOD-016,Архив,[Trashed (Stage 3.5 State Matrix)] Desktop behavior: Archived banner должен отличаться от completed status и Trash.,"— (Desktop-only, без нового API)","— (Desktop-only, без нового API)",Capability-driven; server recheck для команд,"— (Desktop-only, без нового API)",SCR-140 Архив,FLOW-026 Архивирование,,Desktop/UI,High,Stage 3.5 UX Architecture
AC-1827,AC,MOD-016,Архив,Contract projection for FR-166,— (операции модуля),—,—,—,SCR-140 Архив,FLOW-026 Архивирование,,Contract/UI,High,OpenAPI `GET_api_v1_archive`; Stage_3_Field_Traceability_Final_3.5.csv; cross-cutting requirement DATA-016
AC-1843,AC,MOD-016,Архив,Permission denial for FR-166,— (операции модуля),—,—,—,SCR-140 Архив,FLOW-026 Архивирование,,Security/authorization,Critical,OpenAPI `GET_api_v1_archive`; Stage_3_Field_Traceability_Final_3.5.csv; cross-cutting requirement PERM-016
AC-1864,AC,MOD-016,Архив,Stable error handling for FR-166,— (операции модуля),—,—,—,SCR-140 Архив,FLOW-026 Архивирование,,Error handling,High,OpenAPI `GET_api_v1_archive`; Stage_3_Field_Traceability_Final_3.5.csv; cross-cutting requirement ERR-016
AC-1885,AC,MOD-016,Архив,Read outage behavior for FR-166,GET_api_v1_sync_changes; POST_api_v1_sync_bootstrap; POST_api_v1_sync_ack,GET /api/v1/sync/changes; POST /api/v1/sync/bootstrap; POST /api/v1/sync/ack,—,OrganizerController.GET_api_v1_sync_changes; OrganizerController.POST_api_v1_sync_bootstrap; OrganizerController.POST_api_v1_sync_ack,SCR-140 Архив,FLOW-026 Архивирование,,Desktop/resilience,High,OpenAPI `GET_api_v1_archive`; Stage_3_Field_Traceability_Final_3.5.csv; cross-cutting requirement SYNC-016
AC-1906,AC,MOD-016,Архив,Audit evidence for FR-166,— (domain command + audit/history endpoints),—,—,— (domain handlers + audit pipeline),SCR-140 Архив,FLOW-026 Архивирование,,Audit/security,Critical,OpenAPI `GET_api_v1_archive`; Stage_3_Field_Traceability_Final_3.5.csv; cross-cutting requirement AUDIT-016
AC-1921,AC,MOD-016,Архив,Contract projection for FR-167,— (операции модуля),—,—,—,SCR-140 Архив,FLOW-026 Архивирование,,Contract/UI,High,OpenAPI `POST_api_v1_archive_objectId_restore`; Stage_3_Field_Traceability_Final_3.5.csv; cross-cutting requirement DATA-016
AC-1922,AC,MOD-016,Архив,Contract projection for FR-262,— (операции модуля),—,—,—,SCR-140 Архив,FLOW-026 Архивирование,,Contract/UI,High,Stage 3.5 UX Architecture/Decision Log; cross-cutting requirement DATA-016
AC-2098,AC,MOD-016,Архив,Permission denial for FR-167,— (операции модуля),—,—,—,SCR-140 Архив,FLOW-026 Архивирование,,Security/authorization,Critical,OpenAPI `POST_api_v1_archive_objectId_restore`; Stage_3_Field_Traceability_Final_3.5.csv; cross-cutting requirement PERM-016
AC-2099,AC,MOD-016,Архив,Permission denial for FR-262,— (операции модуля),—,—,—,SCR-140 Архив,FLOW-026 Архивирование,,Security/authorization,Critical,Stage 3.5 UX Architecture/Decision Log; cross-cutting requirement PERM-016
AC-2356,AC,MOD-016,Архив,Stable error handling for FR-167,— (операции модуля),—,—,—,SCR-140 Архив,FLOW-026 Архивирование,,Error handling,High,OpenAPI `POST_api_v1_archive_objectId_restore`; Stage_3_Field_Traceability_Final_3.5.csv; cross-cutting requirement ERR-016
AC-2357,AC,MOD-016,Архив,Stable error handling for FR-262,— (операции модуля),—,—,—,SCR-140 Архив,FLOW-026 Архивирование,,Error handling,High,Stage 3.5 UX Architecture/Decision Log; cross-cutting requirement ERR-016
AC-2614,AC,MOD-016,Архив,Command outage behavior for FR-167,GET_api_v1_sync_changes; POST_api_v1_sync_bootstrap; POST_api_v1_sync_ack,GET /api/v1/sync/changes; POST /api/v1/sync/bootstrap; POST /api/v1/sync/ack,—,OrganizerController.GET_api_v1_sync_changes; OrganizerController.POST_api_v1_sync_bootstrap; OrganizerController.POST_api_v1_sync_ack,SCR-140 Архив,FLOW-026 Архивирование,,Desktop/resilience,High,OpenAPI `POST_api_v1_archive_objectId_restore`; Stage_3_Field_Traceability_Final_3.5.csv; cross-cutting requirement SYNC-016
AC-2615,AC,MOD-016,Архив,Read outage behavior for FR-262,GET_api_v1_sync_changes; POST_api_v1_sync_bootstrap; POST_api_v1_sync_ack,GET /api/v1/sync/changes; POST /api/v1/sync/bootstrap; POST /api/v1/sync/ack,—,OrganizerController.GET_api_v1_sync_changes; OrganizerController.POST_api_v1_sync_bootstrap; OrganizerController.POST_api_v1_sync_ack,SCR-140 Архив,FLOW-026 Архивирование,,Desktop/resilience,High,Stage 3.5 UX Architecture/Decision Log; cross-cutting requirement SYNC-016
AC-2872,AC,MOD-016,Архив,Audit evidence for FR-167,— (domain command + audit/history endpoints),—,—,— (domain handlers + audit pipeline),SCR-140 Архив,FLOW-026 Архивирование,,Audit/security,Critical,OpenAPI `POST_api_v1_archive_objectId_restore`; Stage_3_Field_Traceability_Final_3.5.csv; cross-cutting requirement AUDIT-016
AC-2873,AC,MOD-016,Архив,Audit evidence for FR-262,— (domain command + audit/history endpoints),—,—,— (domain handlers + audit pipeline),SCR-140 Архив,FLOW-026 Архивирование,,Audit/security,Critical,Stage 3.5 UX Architecture/Decision Log; cross-cutting requirement AUDIT-016
AC-078,AC,MOD-017,Корзина и восстановление,[Trashed (Stage 3.5 State Matrix)] Проверить бизнес-правило: Trashed object не редактируется обычными командами.,—,—,—,—,SCR-141 Корзина; SCR-142 Восстановление / restore conflict; SCR-143 Purge metadata,FLOW-027 Перемещение в корзину; FLOW-028 Восстановление из корзины,,Integration/domain,High,"§22.2, §27.1.37, §29; Stage 3.5"
AC-079,AC,MOD-017,Корзина и восстановление,"[Trashed (Stage 3.5 State Matrix)] Проверить бизнес-правило: Restore валидирует parent, uniqueness и текущие permissions.",—,—,—,—,SCR-141 Корзина; SCR-142 Восстановление / restore conflict; SCR-143 Purge metadata,FLOW-027 Перемещение в корзину; FLOW-028 Восстановление из корзины,,Integration/domain,High,"§22.2, §27.1.37, §29; Stage 3.5"
AC-080,AC,MOD-017,Корзина и восстановление,[Trashed (Stage 3.5 State Matrix)] Проверить бизнес-правило: Purge необратим и доступен только после retention.,—,—,—,—,SCR-141 Корзина; SCR-142 Восстановление / restore conflict; SCR-143 Purge metadata,FLOW-027 Перемещение в корзину; FLOW-028 Восстановление из корзины,,Integration/domain,High,"§22.2, §27.1.37, §29; Stage 3.5"
AC-081,AC,MOD-017,Корзина и восстановление,[Trashed (Stage 3.5 State Matrix)] Проверить бизнес-правило: UserAccount не удаляется через generic trash.,—,—,—,—,SCR-141 Корзина; SCR-142 Восстановление / restore conflict; SCR-143 Purge metadata,FLOW-027 Перемещение в корзину; FLOW-028 Восстановление из корзины,,Integration/domain,High,"§22.2, §27.1.37, §29; Stage 3.5"
AC-1041,AC,MOD-017,Корзина и восстановление,Happy path: Корзина,GET_api_v1_trash,GET /api/v1/trash,Trash.Read,OrganizerController.GET_api_v1_trash,SCR-141 Корзина; SCR-142 Восстановление / restore conflict; SCR-143 Purge metadata,FLOW-027 Перемещение в корзину; FLOW-028 Восстановление из корзины,,Contract/integration,High,OpenAPI `GET_api_v1_trash`; Stage_3_Field_Traceability_Final_3.5.csv
AC-1042,AC,MOD-017,Корзина и восстановление,[Forbidden (Stage 3.5 State Matrix)/ObjectUnavailable (Stage 3.5 State Matrix)/Trashed (Stage 3.5 State Matrix)] Permission denied: Корзина не выполняется и данные не раскрываются,GET_api_v1_trash,GET /api/v1/trash,Trash.Read,OrganizerController.GET_api_v1_trash,SCR-141 Корзина; SCR-142 Восстановление / restore conflict; SCR-143 Purge metadata,FLOW-027 Перемещение в корзину; FLOW-028 Восстановление из корзины,,Security/authorization,Critical,OpenAPI `GET_api_v1_trash`; Stage_3_Field_Traceability_Final_3.5.csv
AC-1043,AC,MOD-017,Корзина и восстановление,[Trashed (Stage 3.5 State Matrix)/Authentication/session error handling (Stage 3.5 error/UI rule)/Authentication/session error handling (Stage 3.5 error/UI rule)/Device-revocation error handling (Stage 3.5 error/UI rule)] Session/device interruption: операция прекращается без сохранения неподтверждённого состояния,GET_api_v1_trash,GET /api/v1/trash,Trash.Read,OrganizerController.GET_api_v1_trash,SCR-141 Корзина; SCR-142 Восстановление / restore conflict; SCR-143 Purge metadata,FLOW-027 Перемещение в корзину; FLOW-028 Восстановление из корзины,,Security/session,Critical,OpenAPI `GET_api_v1_trash`; Stage_3_Field_Traceability_Final_3.5.csv
AC-1044,AC,MOD-017,Корзина и восстановление,[Trashed (Stage 3.5 State Matrix)] Happy path: Purge объекта после retention,DELETE_api_v1_trash_objectId,DELETE /api/v1/trash/{objectId},Trash.Purge,OrganizerController.DELETE_api_v1_trash_objectId,SCR-141 Корзина; SCR-142 Восстановление / restore conflict; SCR-143 Purge metadata,FLOW-028 Восстановление из корзины,,Contract/integration,Critical,OpenAPI `DELETE_api_v1_trash_objectId`; Stage_3_Field_Traceability_Final_3.5.csv
AC-1045,AC,MOD-017,Корзина и восстановление,[Forbidden (Stage 3.5 State Matrix)/ObjectUnavailable (Stage 3.5 State Matrix)/Trashed (Stage 3.5 State Matrix)] Permission denied: Purge объекта после retention не выполняется и данные не раскрываются,DELETE_api_v1_trash_objectId,DELETE /api/v1/trash/{objectId},Trash.Purge,OrganizerController.DELETE_api_v1_trash_objectId,SCR-141 Корзина; SCR-142 Восстановление / restore conflict; SCR-143 Purge metadata,FLOW-028 Восстановление из корзины,,Security/authorization,Critical,OpenAPI `DELETE_api_v1_trash_objectId`; Stage_3_Field_Traceability_Final_3.5.csv
AC-1046,AC,MOD-017,Корзина и восстановление,[Trashed (Stage 3.5 State Matrix)/Authentication/session error handling (Stage 3.5 error/UI rule)/Authentication/session error handling (Stage 3.5 error/UI rule)/Device-revocation error handling (Stage 3.5 error/UI rule)] Session/device interruption: операция прекращается без сохранения неподтверждённого состояния,DELETE_api_v1_trash_objectId,DELETE /api/v1/trash/{objectId},Trash.Purge,OrganizerController.DELETE_api_v1_trash_objectId,SCR-141 Корзина; SCR-142 Восстановление / restore conflict; SCR-143 Purge metadata,FLOW-028 Восстановление из корзины,,Security/session,Critical,OpenAPI `DELETE_api_v1_trash_objectId`; Stage_3_Field_Traceability_Final_3.5.csv
AC-1047,AC,MOD-017,Корзина и восстановление,[STATE-007/Trashed (Stage 3.5 State Matrix)] Validation: fieldErrors сохраняют draft и привязываются к canonical field path,DELETE_api_v1_trash_objectId,DELETE /api/v1/trash/{objectId},Trash.Purge,OrganizerController.DELETE_api_v1_trash_objectId,SCR-141 Корзина; SCR-142 Восстановление / restore conflict; SCR-143 Purge metadata,FLOW-028 Восстановление из корзины,,Contract/UI,High,OpenAPI `DELETE_api_v1_trash_objectId`; Stage_3_Field_Traceability_Final_3.5.csv
AC-1048,AC,MOD-017,Корзина и восстановление,[STATE-014/Trashed (Stage 3.5 State Matrix)/STATE-025] Conflict/precondition: устаревшая или отсутствующая If-Match не приводит к overwrite,DELETE_api_v1_trash_objectId,DELETE /api/v1/trash/{objectId},Trash.Purge,OrganizerController.DELETE_api_v1_trash_objectId,SCR-141 Корзина; SCR-142 Восстановление / restore conflict; SCR-143 Purge metadata,FLOW-028 Восстановление из корзины,,Concurrency/integration,Critical,OpenAPI `DELETE_api_v1_trash_objectId`; Stage_3_Field_Traceability_Final_3.5.csv
AC-1049,AC,MOD-017,Корзина и восстановление,[ServerUnavailable (Stage 3.5 State Matrix)/ServerUnavailable (cached read-only presentation) (Stage 3.5 State Matrix)/Reconnecting (Stage 3.5 State Matrix)/Trashed (Stage 3.5 State Matrix)] Server unavailable/read-only: команда Purge объекта после retention не ставится в offline queue,DELETE_api_v1_trash_objectId,DELETE /api/v1/trash/{objectId},Trash.Purge,OrganizerController.DELETE_api_v1_trash_objectId,SCR-141 Корзина; SCR-142 Восстановление / restore conflict; SCR-143 Purge metadata,FLOW-028 Восстановление из корзины,,Desktop/resilience,Critical,OpenAPI `DELETE_api_v1_trash_objectId`; Stage_3_Field_Traceability_Final_3.5.csv
AC-1050,AC,MOD-017,Корзина и восстановление,[Trashed (Stage 3.5 State Matrix)/Stable-error-specific recovery (Stage 3.5 error/UI rule)] Idempotency: повтор с тем же key/hash не создаёт двойной side effect,DELETE_api_v1_trash_objectId,DELETE /api/v1/trash/{objectId},Trash.Purge,OrganizerController.DELETE_api_v1_trash_objectId,SCR-141 Корзина; SCR-142 Восстановление / restore conflict; SCR-143 Purge metadata,FLOW-028 Восстановление из корзины,,Integration,Critical,OpenAPI `DELETE_api_v1_trash_objectId`; Stage_3_Field_Traceability_Final_3.5.csv
AC-1051,AC,MOD-017,Корзина и восстановление,[Trashed (Stage 3.5 State Matrix)] Happy path: Восстановить универсальный объект,POST_api_v1_trash_objectId_restore,POST /api/v1/trash/{objectId}/restore,Trash.Restore,OrganizerController.POST_api_v1_trash_objectId_restore,SCR-141 Корзина; SCR-142 Восстановление / restore conflict; SCR-143 Purge metadata,FLOW-028 Восстановление из корзины,,Contract/integration,Critical,OpenAPI `POST_api_v1_trash_objectId_restore`; Stage_3_Field_Traceability_Final_3.5.csv
AC-1052,AC,MOD-017,Корзина и восстановление,[Forbidden (Stage 3.5 State Matrix)/ObjectUnavailable (Stage 3.5 State Matrix)/Trashed (Stage 3.5 State Matrix)] Permission denied: Восстановить универсальный объект не выполняется и данные не раскрываются,POST_api_v1_trash_objectId_restore,POST /api/v1/trash/{objectId}/restore,Trash.Restore,OrganizerController.POST_api_v1_trash_objectId_restore,SCR-141 Корзина; SCR-142 Восстановление / restore conflict; SCR-143 Purge metadata,FLOW-028 Восстановление из корзины,,Security/authorization,Critical,OpenAPI `POST_api_v1_trash_objectId_restore`; Stage_3_Field_Traceability_Final_3.5.csv
AC-1053,AC,MOD-017,Корзина и восстановление,[Trashed (Stage 3.5 State Matrix)/Authentication/session error handling (Stage 3.5 error/UI rule)/Authentication/session error handling (Stage 3.5 error/UI rule)/Device-revocation error handling (Stage 3.5 error/UI rule)] Session/device interruption: операция прекращается без сохранения неподтверждённого состояния,POST_api_v1_trash_objectId_restore,POST /api/v1/trash/{objectId}/restore,Trash.Restore,OrganizerController.POST_api_v1_trash_objectId_restore,SCR-141 Корзина; SCR-142 Восстановление / restore conflict; SCR-143 Purge metadata,FLOW-028 Восстановление из корзины,,Security/session,Critical,OpenAPI `POST_api_v1_trash_objectId_restore`; Stage_3_Field_Traceability_Final_3.5.csv
AC-1054,AC,MOD-017,Корзина и восстановление,[STATE-007/Trashed (Stage 3.5 State Matrix)] Validation: fieldErrors сохраняют draft и привязываются к canonical field path,POST_api_v1_trash_objectId_restore,POST /api/v1/trash/{objectId}/restore,Trash.Restore,OrganizerController.POST_api_v1_trash_objectId_restore,SCR-141 Корзина; SCR-142 Восстановление / restore conflict; SCR-143 Purge metadata,FLOW-028 Восстановление из корзины,,Contract/UI,High,OpenAPI `POST_api_v1_trash_objectId_restore`; Stage_3_Field_Traceability_Final_3.5.csv
AC-1055,AC,MOD-017,Корзина и восстановление,[STATE-014/Trashed (Stage 3.5 State Matrix)/STATE-025] Conflict/precondition: устаревшая или отсутствующая If-Match не приводит к overwrite,POST_api_v1_trash_objectId_restore,POST /api/v1/trash/{objectId}/restore,Trash.Restore,OrganizerController.POST_api_v1_trash_objectId_restore,SCR-141 Корзина; SCR-142 Восстановление / restore conflict; SCR-143 Purge metadata,FLOW-028 Восстановление из корзины,,Concurrency/integration,Critical,OpenAPI `POST_api_v1_trash_objectId_restore`; Stage_3_Field_Traceability_Final_3.5.csv
AC-1056,AC,MOD-017,Корзина и восстановление,[ServerUnavailable (Stage 3.5 State Matrix)/ServerUnavailable (cached read-only presentation) (Stage 3.5 State Matrix)/Reconnecting (Stage 3.5 State Matrix)] Server unavailable/read-only: команда Восстановить универсальный объект не ставится в offline queue,POST_api_v1_trash_objectId_restore,POST /api/v1/trash/{objectId}/restore,Trash.Restore,OrganizerController.POST_api_v1_trash_objectId_restore,SCR-141 Корзина; SCR-142 Восстановление / restore conflict; SCR-143 Purge metadata,FLOW-028 Восстановление из корзины,,Desktop/resilience,Critical,OpenAPI `POST_api_v1_trash_objectId_restore`; Stage_3_Field_Traceability_Final_3.5.csv
AC-1057,AC,MOD-017,Корзина и восстановление,[Trashed (Stage 3.5 State Matrix)/Stable-error-specific recovery (Stage 3.5 error/UI rule)] Idempotency: повтор с тем же key/hash не создаёт двойной side effect,POST_api_v1_trash_objectId_restore,POST /api/v1/trash/{objectId}/restore,Trash.Restore,OrganizerController.POST_api_v1_trash_objectId_restore,SCR-141 Корзина; SCR-142 Восстановление / restore conflict; SCR-143 Purge metadata,FLOW-028 Восстановление из корзины,,Integration,Critical,OpenAPI `POST_api_v1_trash_objectId_restore`; Stage_3_Field_Traceability_Final_3.5.csv
AC-1428,AC,MOD-017,Корзина и восстановление,"[Trashed (Stage 3.5 State Matrix)] Desktop behavior: Подтверждение purge должно явно сообщать, что удаляется metadata, а физический файл не удаляется.","— (Desktop-only, без нового API)","— (Desktop-only, без нового API)",Capability-driven; server recheck для команд,"— (Desktop-only, без нового API)",SCR-141 Корзина; SCR-142 Восстановление / restore conflict; SCR-143 Purge metadata,FLOW-027 Перемещение в корзину; FLOW-028 Восстановление из корзины,,Desktop/UI,High,Stage 3.5 UX Architecture
AC-1700,AC,MOD-017,Корзина и восстановление,[STATE-007/Trashed (Stage 3.5 State Matrix)] Field contract: PurgeRequest.confirmObjectId respects type/required/nullable/limits/PATCH semantics,— (операции модуля),—,—,—,SCR-141 Корзина; SCR-142 Восстановление / restore conflict; SCR-143 Purge metadata,FLOW-027 Перемещение в корзину; FLOW-028 Восстановление из корзины,,Boundary/contract UI,High,openapi.yaml:PurgeRequest.confirmObjectId
AC-1701,AC,MOD-017,Корзина и восстановление,[STATE-007/Trashed (Stage 3.5 State Matrix)] Field contract: PurgeRequest.expectedVersion respects type/required/nullable/limits/PATCH semantics,— (операции модуля),—,—,—,SCR-141 Корзина; SCR-142 Восстановление / restore conflict; SCR-143 Purge metadata,FLOW-027 Перемещение в корзину; FLOW-028 Восстановление из корзины,,Boundary/contract UI,High,openapi.yaml:PurgeRequest.expectedVersion
AC-1702,AC,MOD-017,Корзина и восстановление,[STATE-007/Trashed (Stage 3.5 State Matrix)] Field contract: PurgeRequest.reason respects type/required/nullable/limits/PATCH semantics,— (операции модуля),—,—,—,SCR-141 Корзина; SCR-142 Восстановление / restore conflict; SCR-143 Purge metadata,FLOW-027 Перемещение в корзину; FLOW-028 Восстановление из корзины,,Boundary/contract UI,High,openapi.yaml:PurgeRequest.reason
AC-1703,AC,MOD-017,Корзина и восстановление,[STATE-007/Trashed (Stage 3.5 State Matrix)] Field contract: RestoreRequest.expectedVersion respects type/required/nullable/limits/PATCH semantics,— (операции модуля),—,—,—,SCR-141 Корзина; SCR-142 Восстановление / restore conflict; SCR-143 Purge metadata,FLOW-027 Перемещение в корзину; FLOW-028 Восстановление из корзины,,Boundary/contract UI,High,openapi.yaml:RestoreRequest.expectedVersion
AC-1704,AC,MOD-017,Корзина и восстановление,[STATE-007/Trashed (Stage 3.5 State Matrix)] Field contract: RestoreRequest.reason respects type/required/nullable/limits/PATCH semantics,— (операции модуля),—,—,—,SCR-141 Корзина; SCR-142 Восстановление / restore conflict; SCR-143 Purge metadata,FLOW-027 Перемещение в корзину; FLOW-028 Восстановление из корзины,,Boundary/contract UI,High,openapi.yaml:RestoreRequest.reason
AC-1844,AC,MOD-017,Корзина и восстановление,Permission denial for FR-168,— (операции модуля),—,—,—,SCR-141 Корзина; SCR-142 Восстановление / restore conflict; SCR-143 Purge metadata,FLOW-027 Перемещение в корзину; FLOW-028 Восстановление из корзины,,Security/authorization,Critical,OpenAPI `GET_api_v1_trash`; Stage_3_Field_Traceability_Final_3.5.csv; cross-cutting requirement PERM-017
AC-1865,AC,MOD-017,Корзина и восстановление,Stable error handling for FR-168,— (операции модуля),—,—,—,SCR-141 Корзина; SCR-142 Восстановление / restore conflict; SCR-143 Purge metadata,FLOW-027 Перемещение в корзину; FLOW-028 Восстановление из корзины,,Error handling,High,OpenAPI `GET_api_v1_trash`; Stage_3_Field_Traceability_Final_3.5.csv; cross-cutting requirement ERR-017
AC-1886,AC,MOD-017,Корзина и восстановление,Read outage behavior for FR-168,GET_api_v1_sync_changes; POST_api_v1_sync_bootstrap; POST_api_v1_sync_ack,GET /api/v1/sync/changes; POST /api/v1/sync/bootstrap; POST /api/v1/sync/ack,—,OrganizerController.GET_api_v1_sync_changes; OrganizerController.POST_api_v1_sync_bootstrap; OrganizerController.POST_api_v1_sync_ack,SCR-141 Корзина; SCR-142 Восстановление / restore conflict; SCR-143 Purge metadata,FLOW-027 Перемещение в корзину; FLOW-028 Восстановление из корзины,,Desktop/resilience,High,OpenAPI `GET_api_v1_trash`; Stage_3_Field_Traceability_Final_3.5.csv; cross-cutting requirement SYNC-017
AC-1907,AC,MOD-017,Корзина и восстановление,Audit evidence for FR-168,— (domain command + audit/history endpoints),—,—,— (domain handlers + audit pipeline),SCR-141 Корзина; SCR-142 Восстановление / restore conflict; SCR-143 Purge metadata,FLOW-027 Перемещение в корзину; FLOW-028 Восстановление из корзины,,Audit/security,Critical,OpenAPI `GET_api_v1_trash`; Stage_3_Field_Traceability_Final_3.5.csv; cross-cutting requirement AUDIT-017
AC-2100,AC,MOD-017,Корзина и восстановление,Permission denial for FR-169,— (операции модуля),—,—,—,SCR-141 Корзина; SCR-142 Восстановление / restore conflict; SCR-143 Purge metadata,FLOW-027 Перемещение в корзину; FLOW-028 Восстановление из корзины,,Security/authorization,Critical,OpenAPI `DELETE_api_v1_trash_objectId`; Stage_3_Field_Traceability_Final_3.5.csv; cross-cutting requirement PERM-017
AC-2101,AC,MOD-017,Корзина и восстановление,Permission denial for FR-170,— (операции модуля),—,—,—,SCR-141 Корзина; SCR-142 Восстановление / restore conflict; SCR-143 Purge metadata,FLOW-027 Перемещение в корзину; FLOW-028 Восстановление из корзины,,Security/authorization,Critical,OpenAPI `POST_api_v1_trash_objectId_restore`; Stage_3_Field_Traceability_Final_3.5.csv; cross-cutting requirement PERM-017
AC-2102,AC,MOD-017,Корзина и восстановление,Permission denial for FR-263,— (операции модуля),—,—,—,SCR-141 Корзина; SCR-142 Восстановление / restore conflict; SCR-143 Purge metadata,FLOW-027 Перемещение в корзину; FLOW-028 Восстановление из корзины,,Security/authorization,Critical,Stage 3.5 UX Architecture/Decision Log; cross-cutting requirement PERM-017
AC-2358,AC,MOD-017,Корзина и восстановление,Stable error handling for FR-169,— (операции модуля),—,—,—,SCR-141 Корзина; SCR-142 Восстановление / restore conflict; SCR-143 Purge metadata,FLOW-027 Перемещение в корзину; FLOW-028 Восстановление из корзины,,Error handling,High,OpenAPI `DELETE_api_v1_trash_objectId`; Stage_3_Field_Traceability_Final_3.5.csv; cross-cutting requirement ERR-017
AC-2359,AC,MOD-017,Корзина и восстановление,Stable error handling for FR-170,— (операции модуля),—,—,—,SCR-141 Корзина; SCR-142 Восстановление / restore conflict; SCR-143 Purge metadata,FLOW-027 Перемещение в корзину; FLOW-028 Восстановление из корзины,,Error handling,High,OpenAPI `POST_api_v1_trash_objectId_restore`; Stage_3_Field_Traceability_Final_3.5.csv; cross-cutting requirement ERR-017
AC-2360,AC,MOD-017,Корзина и восстановление,Stable error handling for FR-263,— (операции модуля),—,—,—,SCR-141 Корзина; SCR-142 Восстановление / restore conflict; SCR-143 Purge metadata,FLOW-027 Перемещение в корзину; FLOW-028 Восстановление из корзины,,Error handling,High,Stage 3.5 UX Architecture/Decision Log; cross-cutting requirement ERR-017
AC-2616,AC,MOD-017,Корзина и восстановление,Command outage behavior for FR-169,GET_api_v1_sync_changes; POST_api_v1_sync_bootstrap; POST_api_v1_sync_ack,GET /api/v1/sync/changes; POST /api/v1/sync/bootstrap; POST /api/v1/sync/ack,—,OrganizerController.GET_api_v1_sync_changes; OrganizerController.POST_api_v1_sync_bootstrap; OrganizerController.POST_api_v1_sync_ack,SCR-141 Корзина; SCR-142 Восстановление / restore conflict; SCR-143 Purge metadata,FLOW-027 Перемещение в корзину; FLOW-028 Восстановление из корзины,,Desktop/resilience,High,OpenAPI `DELETE_api_v1_trash_objectId`; Stage_3_Field_Traceability_Final_3.5.csv; cross-cutting requirement SYNC-017
AC-2617,AC,MOD-017,Корзина и восстановление,Command outage behavior for FR-170,GET_api_v1_sync_changes; POST_api_v1_sync_bootstrap; POST_api_v1_sync_ack,GET /api/v1/sync/changes; POST /api/v1/sync/bootstrap; POST /api/v1/sync/ack,—,OrganizerController.GET_api_v1_sync_changes; OrganizerController.POST_api_v1_sync_bootstrap; OrganizerController.POST_api_v1_sync_ack,SCR-141 Корзина; SCR-142 Восстановление / restore conflict; SCR-143 Purge metadata,FLOW-027 Перемещение в корзину; FLOW-028 Восстановление из корзины,,Desktop/resilience,High,OpenAPI `POST_api_v1_trash_objectId_restore`; Stage_3_Field_Traceability_Final_3.5.csv; cross-cutting requirement SYNC-017
AC-2618,AC,MOD-017,Корзина и восстановление,Read outage behavior for FR-263,GET_api_v1_sync_changes; POST_api_v1_sync_bootstrap; POST_api_v1_sync_ack,GET /api/v1/sync/changes; POST /api/v1/sync/bootstrap; POST /api/v1/sync/ack,—,OrganizerController.GET_api_v1_sync_changes; OrganizerController.POST_api_v1_sync_bootstrap; OrganizerController.POST_api_v1_sync_ack,SCR-141 Корзина; SCR-142 Восстановление / restore conflict; SCR-143 Purge metadata,FLOW-027 Перемещение в корзину; FLOW-028 Восстановление из корзины,,Desktop/resilience,High,Stage 3.5 UX Architecture/Decision Log; cross-cutting requirement SYNC-017
AC-2874,AC,MOD-017,Корзина и восстановление,Audit evidence for FR-169,— (domain command + audit/history endpoints),—,—,— (domain handlers + audit pipeline),SCR-141 Корзина; SCR-142 Восстановление / restore conflict; SCR-143 Purge metadata,FLOW-027 Перемещение в корзину; FLOW-028 Восстановление из корзины,,Audit/security,Critical,OpenAPI `DELETE_api_v1_trash_objectId`; Stage_3_Field_Traceability_Final_3.5.csv; cross-cutting requirement AUDIT-017
AC-2875,AC,MOD-017,Корзина и восстановление,Audit evidence for FR-170,— (domain command + audit/history endpoints),—,—,— (domain handlers + audit pipeline),SCR-141 Корзина; SCR-142 Восстановление / restore conflict; SCR-143 Purge metadata,FLOW-027 Перемещение в корзину; FLOW-028 Восстановление из корзины,,Audit/security,Critical,OpenAPI `POST_api_v1_trash_objectId_restore`; Stage_3_Field_Traceability_Final_3.5.csv; cross-cutting requirement AUDIT-017
AC-2876,AC,MOD-017,Корзина и восстановление,Audit evidence for FR-263,— (domain command + audit/history endpoints),—,—,— (domain handlers + audit pipeline),SCR-141 Корзина; SCR-142 Восстановление / restore conflict; SCR-143 Purge metadata,FLOW-027 Перемещение в корзину; FLOW-028 Восстановление из корзины,,Audit/security,Critical,Stage 3.5 UX Architecture/Decision Log; cross-cutting requirement AUDIT-017
AC-082,AC,MOD-018,Настройки,"Проверить бизнес-правило: Каждая настройка маркируется как user-synced, device-local или server-managed.",—,—,—,—,"SCR-150 Настройки; SCR-151 Профиль; SCR-152 Пароль и безопасность; SCR-153 Notifications и DND; SCR-154 Calendar preferences; SCR-155 Startup, tray и device; SCR-156 Cache и sync; SCR-157 Подключение; SCR-158 Доступность; SCR-159 Диагностика клиента; SCR-161 Мои devices и sessions",FLOW-002 Обычный вход; FLOW-003 Истечение сессии,,Integration/domain,High,"§23, §24; Stage 3.5"
AC-083,AC,MOD-018,Настройки,Проверить бизнес-правило: PATCH omitted означает unchanged; null очищает только nullable field.,—,—,—,—,"SCR-150 Настройки; SCR-151 Профиль; SCR-152 Пароль и безопасность; SCR-153 Notifications и DND; SCR-154 Calendar preferences; SCR-155 Startup, tray и device; SCR-156 Cache и sync; SCR-157 Подключение; SCR-158 Доступность; SCR-159 Диагностика клиента; SCR-161 Мои devices и sessions",FLOW-002 Обычный вход; FLOW-003 Истечение сессии,,Integration/domain,High,"§23, §24; Stage 3.5"
AC-084,AC,MOD-018,Настройки,Проверить бизнес-правило: Unsupported controls не отображаются.,—,—,—,—,"SCR-150 Настройки; SCR-151 Профиль; SCR-152 Пароль и безопасность; SCR-153 Notifications и DND; SCR-154 Calendar preferences; SCR-155 Startup, tray и device; SCR-156 Cache и sync; SCR-157 Подключение; SCR-158 Доступность; SCR-159 Диагностика клиента; SCR-161 Мои devices и sessions",FLOW-002 Обычный вход; FLOW-003 Истечение сессии,,Integration/domain,High,"§23, §24; Stage 3.5"
AC-1058,AC,MOD-018,Настройки,Happy path: Настройки уведомлений,GET_api_v1_notifications_preferences,GET /api/v1/notifications/preferences,Settings.ReadOwn,OrganizerController.GET_api_v1_notifications_preferences,SCR-153 Notifications и DND,"FLOW-002 Обычный вход; FLOW-003 Истечение сессии; FLOW-022 Потеря сервера; FLOW-023 Работа в read-only cache; FLOW-025 Optimistic conflict; FLOW-038 Управление организационной шкалой срочности (Stage 4.5, DEC-060)",,Contract/integration,High,OpenAPI `GET_api_v1_notifications_preferences`; Stage_3_Field_Traceability_Final_3.5.csv
AC-1059,AC,MOD-018,Настройки,[Forbidden (Stage 3.5 State Matrix)/ObjectUnavailable (Stage 3.5 State Matrix)] Permission denied: Настройки уведомлений не выполняется и данные не раскрываются,GET_api_v1_notifications_preferences,GET /api/v1/notifications/preferences,Settings.ReadOwn,OrganizerController.GET_api_v1_notifications_preferences,SCR-153 Notifications и DND,"FLOW-002 Обычный вход; FLOW-003 Истечение сессии; FLOW-022 Потеря сервера; FLOW-023 Работа в read-only cache; FLOW-025 Optimistic conflict; FLOW-038 Управление организационной шкалой срочности (Stage 4.5, DEC-060)",,Security/authorization,Critical,OpenAPI `GET_api_v1_notifications_preferences`; Stage_3_Field_Traceability_Final_3.5.csv
AC-1060,AC,MOD-018,Настройки,[Authentication/session error handling (Stage 3.5 error/UI rule)/Authentication/session error handling (Stage 3.5 error/UI rule)/Device-revocation error handling (Stage 3.5 error/UI rule)] Session/device interruption: операция прекращается без сохранения неподтверждённого состояния,GET_api_v1_notifications_preferences,GET /api/v1/notifications/preferences,Settings.ReadOwn,OrganizerController.GET_api_v1_notifications_preferences,SCR-153 Notifications и DND,"FLOW-002 Обычный вход; FLOW-003 Истечение сессии; FLOW-022 Потеря сервера; FLOW-023 Работа в read-only cache; FLOW-025 Optimistic conflict; FLOW-038 Управление организационной шкалой срочности (Stage 4.5, DEC-060)",,Security/session,Critical,OpenAPI `GET_api_v1_notifications_preferences`; Stage_3_Field_Traceability_Final_3.5.csv
AC-1061,AC,MOD-018,Настройки,Happy path: Обновить настройки уведомлений,PUT_api_v1_notifications_preferences,PUT /api/v1/notifications/preferences,Settings.UpdateOwn,OrganizerController.PUT_api_v1_notifications_preferences,SCR-153 Notifications и DND,"FLOW-002 Обычный вход; FLOW-003 Истечение сессии; FLOW-022 Потеря сервера; FLOW-023 Работа в read-only cache; FLOW-025 Optimistic conflict; FLOW-038 Управление организационной шкалой срочности (Stage 4.5, DEC-060)",,Contract/integration,Critical,OpenAPI `PUT_api_v1_notifications_preferences`; Stage_3_Field_Traceability_Final_3.5.csv
AC-1062,AC,MOD-018,Настройки,[Forbidden (Stage 3.5 State Matrix)/ObjectUnavailable (Stage 3.5 State Matrix)] Permission denied: Обновить настройки уведомлений не выполняется и данные не раскрываются,PUT_api_v1_notifications_preferences,PUT /api/v1/notifications/preferences,Settings.UpdateOwn,OrganizerController.PUT_api_v1_notifications_preferences,SCR-153 Notifications и DND,"FLOW-002 Обычный вход; FLOW-003 Истечение сессии; FLOW-022 Потеря сервера; FLOW-023 Работа в read-only cache; FLOW-025 Optimistic conflict; FLOW-038 Управление организационной шкалой срочности (Stage 4.5, DEC-060)",,Security/authorization,Critical,OpenAPI `PUT_api_v1_notifications_preferences`; Stage_3_Field_Traceability_Final_3.5.csv
AC-1063,AC,MOD-018,Настройки,[Authentication/session error handling (Stage 3.5 error/UI rule)/Authentication/session error handling (Stage 3.5 error/UI rule)/Device-revocation error handling (Stage 3.5 error/UI rule)] Session/device interruption: операция прекращается без сохранения неподтверждённого состояния,PUT_api_v1_notifications_preferences,PUT /api/v1/notifications/preferences,Settings.UpdateOwn,OrganizerController.PUT_api_v1_notifications_preferences,SCR-153 Notifications и DND,"FLOW-002 Обычный вход; FLOW-003 Истечение сессии; FLOW-022 Потеря сервера; FLOW-023 Работа в read-only cache; FLOW-025 Optimistic conflict; FLOW-038 Управление организационной шкалой срочности (Stage 4.5, DEC-060)",,Security/session,Critical,OpenAPI `PUT_api_v1_notifications_preferences`; Stage_3_Field_Traceability_Final_3.5.csv
AC-1064,AC,MOD-018,Настройки,[STATE-007] Validation: fieldErrors сохраняют draft и привязываются к canonical field path,PUT_api_v1_notifications_preferences,PUT /api/v1/notifications/preferences,Settings.UpdateOwn,OrganizerController.PUT_api_v1_notifications_preferences,SCR-153 Notifications и DND,"FLOW-002 Обычный вход; FLOW-003 Истечение сессии; FLOW-022 Потеря сервера; FLOW-023 Работа в read-only cache; FLOW-025 Optimistic conflict; FLOW-038 Управление организационной шкалой срочности (Stage 4.5, DEC-060)",,Contract/UI,High,OpenAPI `PUT_api_v1_notifications_preferences`; Stage_3_Field_Traceability_Final_3.5.csv
AC-1065,AC,MOD-018,Настройки,[STATE-014/STATE-025] Conflict/precondition: устаревшая или отсутствующая If-Match не приводит к overwrite,PUT_api_v1_notifications_preferences,PUT /api/v1/notifications/preferences,Settings.UpdateOwn,OrganizerController.PUT_api_v1_notifications_preferences,SCR-153 Notifications и DND,"FLOW-002 Обычный вход; FLOW-003 Истечение сессии; FLOW-022 Потеря сервера; FLOW-023 Работа в read-only cache; FLOW-025 Optimistic conflict; FLOW-038 Управление организационной шкалой срочности (Stage 4.5, DEC-060)",,Concurrency/integration,Critical,OpenAPI `PUT_api_v1_notifications_preferences`; Stage_3_Field_Traceability_Final_3.5.csv
AC-1066,AC,MOD-018,Настройки,[ServerUnavailable (Stage 3.5 State Matrix)/ServerUnavailable (cached read-only presentation) (Stage 3.5 State Matrix)/Reconnecting (Stage 3.5 State Matrix)] Server unavailable/read-only: команда Обновить настройки уведомлений не ставится в offline queue,PUT_api_v1_notifications_preferences,PUT /api/v1/notifications/preferences,Settings.UpdateOwn,OrganizerController.PUT_api_v1_notifications_preferences,SCR-153 Notifications и DND,"FLOW-002 Обычный вход; FLOW-003 Истечение сессии; FLOW-022 Потеря сервера; FLOW-023 Работа в read-only cache; FLOW-025 Optimistic conflict; FLOW-038 Управление организационной шкалой срочности (Stage 4.5, DEC-060)",,Desktop/resilience,Critical,OpenAPI `PUT_api_v1_notifications_preferences`; Stage_3_Field_Traceability_Final_3.5.csv
AC-1067,AC,MOD-018,Настройки,[Stable-error-specific recovery (Stage 3.5 error/UI rule)] Idempotency: повтор с тем же key/hash не создаёт двойной side effect,PUT_api_v1_notifications_preferences,PUT /api/v1/notifications/preferences,Settings.UpdateOwn,OrganizerController.PUT_api_v1_notifications_preferences,SCR-153 Notifications и DND,"FLOW-002 Обычный вход; FLOW-003 Истечение сессии; FLOW-022 Потеря сервера; FLOW-023 Работа в read-only cache; FLOW-025 Optimistic conflict; FLOW-038 Управление организационной шкалой срочности (Stage 4.5, DEC-060)",,Integration,Critical,OpenAPI `PUT_api_v1_notifications_preferences`; Stage_3_Field_Traceability_Final_3.5.csv
AC-1068,AC,MOD-018,Настройки,Happy path: Пользовательские настройки,GET_api_v1_settings_me,GET /api/v1/settings/me,Settings.ReadOwn,OrganizerController.GET_api_v1_settings_me,"SCR-151 Профиль; SCR-154 Calendar preferences; SCR-155 Startup, tray и device","FLOW-002 Обычный вход; FLOW-003 Истечение сессии; FLOW-022 Потеря сервера; FLOW-023 Работа в read-only cache; FLOW-025 Optimistic conflict; FLOW-038 Управление организационной шкалой срочности (Stage 4.5, DEC-060)",,Contract/integration,High,OpenAPI `GET_api_v1_settings_me`; Stage_3_Field_Traceability_Final_3.5.csv
AC-1069,AC,MOD-018,Настройки,[Forbidden (Stage 3.5 State Matrix)/ObjectUnavailable (Stage 3.5 State Matrix)] Permission denied: Пользовательские настройки не выполняется и данные не раскрываются,GET_api_v1_settings_me,GET /api/v1/settings/me,Settings.ReadOwn,OrganizerController.GET_api_v1_settings_me,"SCR-151 Профиль; SCR-154 Calendar preferences; SCR-155 Startup, tray и device","FLOW-002 Обычный вход; FLOW-003 Истечение сессии; FLOW-022 Потеря сервера; FLOW-023 Работа в read-only cache; FLOW-025 Optimistic conflict; FLOW-038 Управление организационной шкалой срочности (Stage 4.5, DEC-060)",,Security/authorization,Critical,OpenAPI `GET_api_v1_settings_me`; Stage_3_Field_Traceability_Final_3.5.csv
AC-1070,AC,MOD-018,Настройки,[Authentication/session error handling (Stage 3.5 error/UI rule)/Authentication/session error handling (Stage 3.5 error/UI rule)/Device-revocation error handling (Stage 3.5 error/UI rule)] Session/device interruption: операция прекращается без сохранения неподтверждённого состояния,GET_api_v1_settings_me,GET /api/v1/settings/me,Settings.ReadOwn,OrganizerController.GET_api_v1_settings_me,"SCR-151 Профиль; SCR-154 Calendar preferences; SCR-155 Startup, tray и device","FLOW-002 Обычный вход; FLOW-003 Истечение сессии; FLOW-022 Потеря сервера; FLOW-023 Работа в read-only cache; FLOW-025 Optimistic conflict; FLOW-038 Управление организационной шкалой срочности (Stage 4.5, DEC-060)",,Security/session,Critical,OpenAPI `GET_api_v1_settings_me`; Stage_3_Field_Traceability_Final_3.5.csv
AC-1071,AC,MOD-018,Настройки,Happy path: Изменить пользовательские настройки,PATCH_api_v1_settings_me,PATCH /api/v1/settings/me,Settings.UpdateOwn,OrganizerController.PATCH_api_v1_settings_me,"SCR-151 Профиль; SCR-154 Calendar preferences; SCR-155 Startup, tray и device","FLOW-002 Обычный вход; FLOW-003 Истечение сессии; FLOW-022 Потеря сервера; FLOW-023 Работа в read-only cache; FLOW-025 Optimistic conflict; FLOW-038 Управление организационной шкалой срочности (Stage 4.5, DEC-060)",,Contract/integration,Critical,OpenAPI `PATCH_api_v1_settings_me`; Stage_3_Field_Traceability_Final_3.5.csv
AC-1072,AC,MOD-018,Настройки,[Forbidden (Stage 3.5 State Matrix)/ObjectUnavailable (Stage 3.5 State Matrix)] Permission denied: Изменить пользовательские настройки не выполняется и данные не раскрываются,PATCH_api_v1_settings_me,PATCH /api/v1/settings/me,Settings.UpdateOwn,OrganizerController.PATCH_api_v1_settings_me,"SCR-151 Профиль; SCR-154 Calendar preferences; SCR-155 Startup, tray и device","FLOW-002 Обычный вход; FLOW-003 Истечение сессии; FLOW-022 Потеря сервера; FLOW-023 Работа в read-only cache; FLOW-025 Optimistic conflict; FLOW-038 Управление организационной шкалой срочности (Stage 4.5, DEC-060)",,Security/authorization,Critical,OpenAPI `PATCH_api_v1_settings_me`; Stage_3_Field_Traceability_Final_3.5.csv
AC-1073,AC,MOD-018,Настройки,[Authentication/session error handling (Stage 3.5 error/UI rule)/Authentication/session error handling (Stage 3.5 error/UI rule)/Device-revocation error handling (Stage 3.5 error/UI rule)] Session/device interruption: операция прекращается без сохранения неподтверждённого состояния,PATCH_api_v1_settings_me,PATCH /api/v1/settings/me,Settings.UpdateOwn,OrganizerController.PATCH_api_v1_settings_me,"SCR-151 Профиль; SCR-154 Calendar preferences; SCR-155 Startup, tray и device","FLOW-002 Обычный вход; FLOW-003 Истечение сессии; FLOW-022 Потеря сервера; FLOW-023 Работа в read-only cache; FLOW-025 Optimistic conflict; FLOW-038 Управление организационной шкалой срочности (Stage 4.5, DEC-060)",,Security/session,Critical,OpenAPI `PATCH_api_v1_settings_me`; Stage_3_Field_Traceability_Final_3.5.csv
AC-1074,AC,MOD-018,Настройки,[STATE-007] Validation: fieldErrors сохраняют draft и привязываются к canonical field path,PATCH_api_v1_settings_me,PATCH /api/v1/settings/me,Settings.UpdateOwn,OrganizerController.PATCH_api_v1_settings_me,"SCR-151 Профиль; SCR-154 Calendar preferences; SCR-155 Startup, tray и device","FLOW-002 Обычный вход; FLOW-003 Истечение сессии; FLOW-022 Потеря сервера; FLOW-023 Работа в read-only cache; FLOW-025 Optimistic conflict; FLOW-038 Управление организационной шкалой срочности (Stage 4.5, DEC-060)",,Contract/UI,High,OpenAPI `PATCH_api_v1_settings_me`; Stage_3_Field_Traceability_Final_3.5.csv
AC-1075,AC,MOD-018,Настройки,[STATE-014/STATE-025] Conflict/precondition: устаревшая или отсутствующая If-Match не приводит к overwrite,PATCH_api_v1_settings_me,PATCH /api/v1/settings/me,Settings.UpdateOwn,OrganizerController.PATCH_api_v1_settings_me,"SCR-151 Профиль; SCR-154 Calendar preferences; SCR-155 Startup, tray и device","FLOW-002 Обычный вход; FLOW-003 Истечение сессии; FLOW-022 Потеря сервера; FLOW-023 Работа в read-only cache; FLOW-025 Optimistic conflict; FLOW-038 Управление организационной шкалой срочности (Stage 4.5, DEC-060)",,Concurrency/integration,Critical,OpenAPI `PATCH_api_v1_settings_me`; Stage_3_Field_Traceability_Final_3.5.csv
AC-1076,AC,MOD-018,Настройки,[ServerUnavailable (Stage 3.5 State Matrix)/ServerUnavailable (cached read-only presentation) (Stage 3.5 State Matrix)/Reconnecting (Stage 3.5 State Matrix)] Server unavailable/read-only: команда Изменить пользовательские настройки не ставится в offline queue,PATCH_api_v1_settings_me,PATCH /api/v1/settings/me,Settings.UpdateOwn,OrganizerController.PATCH_api_v1_settings_me,"SCR-151 Профиль; SCR-154 Calendar preferences; SCR-155 Startup, tray и device","FLOW-002 Обычный вход; FLOW-003 Истечение сессии; FLOW-022 Потеря сервера; FLOW-023 Работа в read-only cache; FLOW-025 Optimistic conflict; FLOW-038 Управление организационной шкалой срочности (Stage 4.5, DEC-060)",,Desktop/resilience,Critical,OpenAPI `PATCH_api_v1_settings_me`; Stage_3_Field_Traceability_Final_3.5.csv
AC-1077,AC,MOD-018,Настройки,[Stable-error-specific recovery (Stage 3.5 error/UI rule)] Idempotency: повтор с тем же key/hash не создаёт двойной side effect,PATCH_api_v1_settings_me,PATCH /api/v1/settings/me,Settings.UpdateOwn,OrganizerController.PATCH_api_v1_settings_me,"SCR-151 Профиль; SCR-154 Calendar preferences; SCR-155 Startup, tray и device","FLOW-002 Обычный вход; FLOW-003 Истечение сессии; FLOW-022 Потеря сервера; FLOW-023 Работа в read-only cache; FLOW-025 Optimistic conflict; FLOW-038 Управление организационной шкалой срочности (Stage 4.5, DEC-060)",,Integration,Critical,OpenAPI `PATCH_api_v1_settings_me`; Stage_3_Field_Traceability_Final_3.5.csv
AC-1078,AC,MOD-018,Настройки,Happy path: Настройки организации,GET_api_v1_settings_organization,GET /api/v1/settings/organization,Organization.Read,OrganizerController.GET_api_v1_settings_organization,SCR-187 Organization settings / feature flags,"FLOW-002 Обычный вход; FLOW-003 Истечение сессии; FLOW-022 Потеря сервера; FLOW-023 Работа в read-only cache; FLOW-025 Optimistic conflict; FLOW-038 Управление организационной шкалой срочности (Stage 4.5, DEC-060)",,Contract/integration,High,OpenAPI `GET_api_v1_settings_organization`; Stage_3_Field_Traceability_Final_3.5.csv
AC-1079,AC,MOD-018,Настройки,[Forbidden (Stage 3.5 State Matrix)/ObjectUnavailable (Stage 3.5 State Matrix)] Permission denied: Настройки организации не выполняется и данные не раскрываются,GET_api_v1_settings_organization,GET /api/v1/settings/organization,Organization.Read,OrganizerController.GET_api_v1_settings_organization,SCR-187 Organization settings / feature flags,"FLOW-002 Обычный вход; FLOW-003 Истечение сессии; FLOW-022 Потеря сервера; FLOW-023 Работа в read-only cache; FLOW-025 Optimistic conflict; FLOW-038 Управление организационной шкалой срочности (Stage 4.5, DEC-060)",,Security/authorization,Critical,OpenAPI `GET_api_v1_settings_organization`; Stage_3_Field_Traceability_Final_3.5.csv
AC-1080,AC,MOD-018,Настройки,[Authentication/session error handling (Stage 3.5 error/UI rule)/Authentication/session error handling (Stage 3.5 error/UI rule)/Device-revocation error handling (Stage 3.5 error/UI rule)] Session/device interruption: операция прекращается без сохранения неподтверждённого состояния,GET_api_v1_settings_organization,GET /api/v1/settings/organization,Organization.Read,OrganizerController.GET_api_v1_settings_organization,SCR-187 Organization settings / feature flags,"FLOW-002 Обычный вход; FLOW-003 Истечение сессии; FLOW-022 Потеря сервера; FLOW-023 Работа в read-only cache; FLOW-025 Optimistic conflict; FLOW-038 Управление организационной шкалой срочности (Stage 4.5, DEC-060)",,Security/session,Critical,OpenAPI `GET_api_v1_settings_organization`; Stage_3_Field_Traceability_Final_3.5.csv
AC-1081,AC,MOD-018,Настройки,Happy path: Изменить настройки организации,PATCH_api_v1_settings_organization,PATCH /api/v1/settings/organization,Organization.Update,OrganizerController.PATCH_api_v1_settings_organization,SCR-187 Organization settings / feature flags,"FLOW-002 Обычный вход; FLOW-003 Истечение сессии; FLOW-022 Потеря сервера; FLOW-023 Работа в read-only cache; FLOW-025 Optimistic conflict; FLOW-038 Управление организационной шкалой срочности (Stage 4.5, DEC-060)",,Contract/integration,Critical,OpenAPI `PATCH_api_v1_settings_organization`; Stage_3_Field_Traceability_Final_3.5.csv
AC-1082,AC,MOD-018,Настройки,[Forbidden (Stage 3.5 State Matrix)/ObjectUnavailable (Stage 3.5 State Matrix)] Permission denied: Изменить настройки организации не выполняется и данные не раскрываются,PATCH_api_v1_settings_organization,PATCH /api/v1/settings/organization,Organization.Update,OrganizerController.PATCH_api_v1_settings_organization,SCR-187 Organization settings / feature flags,"FLOW-002 Обычный вход; FLOW-003 Истечение сессии; FLOW-022 Потеря сервера; FLOW-023 Работа в read-only cache; FLOW-025 Optimistic conflict; FLOW-038 Управление организационной шкалой срочности (Stage 4.5, DEC-060)",,Security/authorization,Critical,OpenAPI `PATCH_api_v1_settings_organization`; Stage_3_Field_Traceability_Final_3.5.csv
AC-1083,AC,MOD-018,Настройки,[Authentication/session error handling (Stage 3.5 error/UI rule)/Authentication/session error handling (Stage 3.5 error/UI rule)/Device-revocation error handling (Stage 3.5 error/UI rule)] Session/device interruption: операция прекращается без сохранения неподтверждённого состояния,PATCH_api_v1_settings_organization,PATCH /api/v1/settings/organization,Organization.Update,OrganizerController.PATCH_api_v1_settings_organization,SCR-187 Organization settings / feature flags,"FLOW-002 Обычный вход; FLOW-003 Истечение сессии; FLOW-022 Потеря сервера; FLOW-023 Работа в read-only cache; FLOW-025 Optimistic conflict; FLOW-038 Управление организационной шкалой срочности (Stage 4.5, DEC-060)",,Security/session,Critical,OpenAPI `PATCH_api_v1_settings_organization`; Stage_3_Field_Traceability_Final_3.5.csv
AC-1084,AC,MOD-018,Настройки,[STATE-007] Validation: fieldErrors сохраняют draft и привязываются к canonical field path,PATCH_api_v1_settings_organization,PATCH /api/v1/settings/organization,Organization.Update,OrganizerController.PATCH_api_v1_settings_organization,SCR-187 Organization settings / feature flags,"FLOW-002 Обычный вход; FLOW-003 Истечение сессии; FLOW-022 Потеря сервера; FLOW-023 Работа в read-only cache; FLOW-025 Optimistic conflict; FLOW-038 Управление организационной шкалой срочности (Stage 4.5, DEC-060)",,Contract/UI,High,OpenAPI `PATCH_api_v1_settings_organization`; Stage_3_Field_Traceability_Final_3.5.csv
AC-1085,AC,MOD-018,Настройки,[STATE-014/STATE-025] Conflict/precondition: устаревшая или отсутствующая If-Match не приводит к overwrite,PATCH_api_v1_settings_organization,PATCH /api/v1/settings/organization,Organization.Update,OrganizerController.PATCH_api_v1_settings_organization,SCR-187 Organization settings / feature flags,"FLOW-002 Обычный вход; FLOW-003 Истечение сессии; FLOW-022 Потеря сервера; FLOW-023 Работа в read-only cache; FLOW-025 Optimistic conflict; FLOW-038 Управление организационной шкалой срочности (Stage 4.5, DEC-060)",,Concurrency/integration,Critical,OpenAPI `PATCH_api_v1_settings_organization`; Stage_3_Field_Traceability_Final_3.5.csv
AC-1086,AC,MOD-018,Настройки,[ServerUnavailable (Stage 3.5 State Matrix)/ServerUnavailable (cached read-only presentation) (Stage 3.5 State Matrix)/Reconnecting (Stage 3.5 State Matrix)] Server unavailable/read-only: команда Изменить настройки организации не ставится в offline queue,PATCH_api_v1_settings_organization,PATCH /api/v1/settings/organization,Organization.Update,OrganizerController.PATCH_api_v1_settings_organization,SCR-187 Organization settings / feature flags,"FLOW-002 Обычный вход; FLOW-003 Истечение сессии; FLOW-022 Потеря сервера; FLOW-023 Работа в read-only cache; FLOW-025 Optimistic conflict; FLOW-038 Управление организационной шкалой срочности (Stage 4.5, DEC-060)",,Desktop/resilience,Critical,OpenAPI `PATCH_api_v1_settings_organization`; Stage_3_Field_Traceability_Final_3.5.csv
AC-1087,AC,MOD-018,Настройки,[Stable-error-specific recovery (Stage 3.5 error/UI rule)] Idempotency: повтор с тем же key/hash не создаёт двойной side effect,PATCH_api_v1_settings_organization,PATCH /api/v1/settings/organization,Organization.Update,OrganizerController.PATCH_api_v1_settings_organization,SCR-187 Organization settings / feature flags,"FLOW-002 Обычный вход; FLOW-003 Истечение сессии; FLOW-022 Потеря сервера; FLOW-023 Работа в read-only cache; FLOW-025 Optimistic conflict; FLOW-038 Управление организационной шкалой срочности (Stage 4.5, DEC-060)",,Integration,Critical,OpenAPI `PATCH_api_v1_settings_organization`; Stage_3_Field_Traceability_Final_3.5.csv
AC-1429,AC,MOD-018,Настройки,SCR-153 показывает только contract-backed organization urgency controls и не показывает unsupported avatar/personal override/HEX/external channels.,—,—,Settings.ReadOwn;System.Configure,—,SCR-153 Notifications и DND,"FLOW-038 Управление организационной шкалой срочности (Stage 4.5, DEC-060)",,Desktop/UI,High,Stage 2.3.1 OpenAPI 1.2.0-stage2.3; Stage 3.5 UX baseline; Stage 4.3 remediation
AC-1705,AC,MOD-018,Настройки,[STATE-007] Field contract: DevicePatch.status respects type/required/nullable/limits/PATCH semantics,— (операции модуля),—,—,—,"SCR-150 Настройки; SCR-151 Профиль; SCR-152 Пароль и безопасность; SCR-153 Notifications и DND; SCR-154 Calendar preferences; SCR-155 Startup, tray и device; SCR-156 Cache и sync; SCR-157 Подключение; SCR-158 Доступность; SCR-159 Диагностика клиента; SCR-161 Мои devices и sessions",FLOW-002 Обычный вход; FLOW-003 Истечение сессии,,Boundary/contract UI,High,dto_field_catalog.csv:DevicePatch.status; openapi.yaml operation PATCH_api_v1_devices_id
AC-1706,AC,MOD-018,Настройки,[STATE-007] Field contract: NotificationPreferencesPatch.defaultSnoozeMinutes respects type/required/nullable/limits/PATCH semantics,— (операции модуля),—,—,—,"SCR-150 Настройки; SCR-151 Профиль; SCR-152 Пароль и безопасность; SCR-153 Notifications и DND; SCR-154 Calendar preferences; SCR-155 Startup, tray и device; SCR-156 Cache и sync; SCR-157 Подключение; SCR-158 Доступность; SCR-159 Диагностика клиента; SCR-161 Мои devices и sessions",FLOW-002 Обычный вход; FLOW-003 Истечение сессии,,Boundary/contract UI,High,dto_field_catalog.csv:NotificationPreferencesPatch.defaultSnoozeMinutes; openapi.yaml operation PUT_api_v1_notifications_preferences
AC-1707,AC,MOD-018,Настройки,[STATE-007] Field contract: NotificationPreferencesPatch.desktopEnabled respects type/required/nullable/limits/PATCH semantics,— (операции модуля),—,—,—,"SCR-150 Настройки; SCR-151 Профиль; SCR-152 Пароль и безопасность; SCR-153 Notifications и DND; SCR-154 Calendar preferences; SCR-155 Startup, tray и device; SCR-156 Cache и sync; SCR-157 Подключение; SCR-158 Доступность; SCR-159 Диагностика клиента; SCR-161 Мои devices и sessions",FLOW-002 Обычный вход; FLOW-003 Истечение сессии,,Boundary/contract UI,High,dto_field_catalog.csv:NotificationPreferencesPatch.desktopEnabled; openapi.yaml operation PUT_api_v1_notifications_preferences
AC-1708,AC,MOD-018,Настройки,[STATE-007] Field contract: NotificationPreferencesPatch.enabled respects type/required/nullable/limits/PATCH semantics,— (операции модуля),—,—,—,"SCR-150 Настройки; SCR-151 Профиль; SCR-152 Пароль и безопасность; SCR-153 Notifications и DND; SCR-154 Calendar preferences; SCR-155 Startup, tray и device; SCR-156 Cache и sync; SCR-157 Подключение; SCR-158 Доступность; SCR-159 Диагностика клиента; SCR-161 Мои devices и sessions",FLOW-002 Обычный вход; FLOW-003 Истечение сессии,,Boundary/contract UI,High,dto_field_catalog.csv:NotificationPreferencesPatch.enabled; openapi.yaml operation PUT_api_v1_notifications_preferences
AC-1709,AC,MOD-018,Настройки,[STATE-007] Field contract: NotificationPreferencesPatch.quietHoursEnd respects type/required/nullable/limits/PATCH semantics,— (операции модуля),—,—,—,"SCR-150 Настройки; SCR-151 Профиль; SCR-152 Пароль и безопасность; SCR-153 Notifications и DND; SCR-154 Calendar preferences; SCR-155 Startup, tray и device; SCR-156 Cache и sync; SCR-157 Подключение; SCR-158 Доступность; SCR-159 Диагностика клиента; SCR-161 Мои devices и sessions",FLOW-002 Обычный вход; FLOW-003 Истечение сессии,,Boundary/contract UI,High,dto_field_catalog.csv:NotificationPreferencesPatch.quietHoursEnd; openapi.yaml operation PUT_api_v1_notifications_preferences
AC-1710,AC,MOD-018,Настройки,[STATE-007] Field contract: NotificationPreferencesPatch.quietHoursStart respects type/required/nullable/limits/PATCH semantics,— (операции модуля),—,—,—,"SCR-150 Настройки; SCR-151 Профиль; SCR-152 Пароль и безопасность; SCR-153 Notifications и DND; SCR-154 Calendar preferences; SCR-155 Startup, tray и device; SCR-156 Cache и sync; SCR-157 Подключение; SCR-158 Доступность; SCR-159 Диагностика клиента; SCR-161 Мои devices и sessions",FLOW-002 Обычный вход; FLOW-003 Истечение сессии,,Boundary/contract UI,High,dto_field_catalog.csv:NotificationPreferencesPatch.quietHoursStart; openapi.yaml operation PUT_api_v1_notifications_preferences
AC-1711,AC,MOD-018,Настройки,[STATE-007] Field contract: NotificationPreferencesPatch.soundEnabled respects type/required/nullable/limits/PATCH semantics,— (операции модуля),—,—,—,"SCR-150 Настройки; SCR-151 Профиль; SCR-152 Пароль и безопасность; SCR-153 Notifications и DND; SCR-154 Calendar preferences; SCR-155 Startup, tray и device; SCR-156 Cache и sync; SCR-157 Подключение; SCR-158 Доступность; SCR-159 Диагностика клиента; SCR-161 Мои devices и sessions",FLOW-002 Обычный вход; FLOW-003 Истечение сессии,,Boundary/contract UI,High,dto_field_catalog.csv:NotificationPreferencesPatch.soundEnabled; openapi.yaml operation PUT_api_v1_notifications_preferences
AC-1712,AC,MOD-018,Настройки,[STATE-007] Field contract: UserSettingsPatch.firstDayOfWeek respects type/required/nullable/limits/PATCH semantics,— (операции модуля),—,—,—,"SCR-150 Настройки; SCR-151 Профиль; SCR-152 Пароль и безопасность; SCR-153 Notifications и DND; SCR-154 Calendar preferences; SCR-155 Startup, tray и device; SCR-156 Cache и sync; SCR-157 Подключение; SCR-158 Доступность; SCR-159 Диагностика клиента; SCR-161 Мои devices и sessions",FLOW-002 Обычный вход; FLOW-003 Истечение сессии,,Boundary/contract UI,High,dto_field_catalog.csv:UserSettingsPatch.firstDayOfWeek; openapi.yaml operation PATCH_api_v1_settings_me
AC-1713,AC,MOD-018,Настройки,[STATE-007] Field contract: UserSettingsPatch.language respects type/required/nullable/limits/PATCH semantics,— (операции модуля),—,—,—,"SCR-150 Настройки; SCR-151 Профиль; SCR-152 Пароль и безопасность; SCR-153 Notifications и DND; SCR-154 Calendar preferences; SCR-155 Startup, tray и device; SCR-156 Cache и sync; SCR-157 Подключение; SCR-158 Доступность; SCR-159 Диагностика клиента; SCR-161 Мои devices и sessions",FLOW-002 Обычный вход; FLOW-003 Истечение сессии,,Boundary/contract UI,High,dto_field_catalog.csv:UserSettingsPatch.language; openapi.yaml operation PATCH_api_v1_settings_me
AC-1714,AC,MOD-018,Настройки,[STATE-007] Field contract: UserSettingsPatch.timeFormat respects type/required/nullable/limits/PATCH semantics,— (операции модуля),—,—,—,"SCR-150 Настройки; SCR-151 Профиль; SCR-152 Пароль и безопасность; SCR-153 Notifications и DND; SCR-154 Calendar preferences; SCR-155 Startup, tray и device; SCR-156 Cache и sync; SCR-157 Подключение; SCR-158 Доступность; SCR-159 Диагностика клиента; SCR-161 Мои devices и sessions",FLOW-002 Обычный вход; FLOW-003 Истечение сессии,,Boundary/contract UI,High,dto_field_catalog.csv:UserSettingsPatch.timeFormat; openapi.yaml operation PATCH_api_v1_settings_me
AC-1715,AC,MOD-018,Настройки,[STATE-007] Field contract: UserSettingsPatch.workdayEnd respects type/required/nullable/limits/PATCH semantics,— (операции модуля),—,—,—,"SCR-150 Настройки; SCR-151 Профиль; SCR-152 Пароль и безопасность; SCR-153 Notifications и DND; SCR-154 Calendar preferences; SCR-155 Startup, tray и device; SCR-156 Cache и sync; SCR-157 Подключение; SCR-158 Доступность; SCR-159 Диагностика клиента; SCR-161 Мои devices и sessions",FLOW-002 Обычный вход; FLOW-003 Истечение сессии,,Boundary/contract UI,High,dto_field_catalog.csv:UserSettingsPatch.workdayEnd; openapi.yaml operation PATCH_api_v1_settings_me
AC-1716,AC,MOD-018,Настройки,[STATE-007] Field contract: UserSettingsPatch.workdayStart respects type/required/nullable/limits/PATCH semantics,— (операции модуля),—,—,—,"SCR-150 Настройки; SCR-151 Профиль; SCR-152 Пароль и безопасность; SCR-153 Notifications и DND; SCR-154 Calendar preferences; SCR-155 Startup, tray и device; SCR-156 Cache и sync; SCR-157 Подключение; SCR-158 Доступность; SCR-159 Диагностика клиента; SCR-161 Мои devices и sessions",FLOW-002 Обычный вход; FLOW-003 Истечение сессии,,Boundary/contract UI,High,dto_field_catalog.csv:UserSettingsPatch.workdayStart; openapi.yaml operation PATCH_api_v1_settings_me
AC-1717,AC,MOD-018,Настройки,[STATE-007] Field contract: DevicePatch.appVersion respects type/required/nullable/limits/PATCH semantics,— (операции модуля),—,—,—,"SCR-150 Настройки; SCR-151 Профиль; SCR-152 Пароль и безопасность; SCR-153 Notifications и DND; SCR-154 Calendar preferences; SCR-155 Startup, tray и device; SCR-156 Cache и sync; SCR-157 Подключение; SCR-158 Доступность; SCR-159 Диагностика клиента; SCR-161 Мои devices и sessions",FLOW-002 Обычный вход; FLOW-003 Истечение сессии,,Boundary/contract UI,High,dto_field_catalog.csv:DevicePatch.appVersion; openapi.yaml operation PATCH_api_v1_devices_id
AC-1718,AC,MOD-018,Настройки,[STATE-007] Field contract: DevicePatch.deviceKey respects type/required/nullable/limits/PATCH semantics,— (операции модуля),—,—,—,"SCR-150 Настройки; SCR-151 Профиль; SCR-152 Пароль и безопасность; SCR-153 Notifications и DND; SCR-154 Calendar preferences; SCR-155 Startup, tray и device; SCR-156 Cache и sync; SCR-157 Подключение; SCR-158 Доступность; SCR-159 Диагностика клиента; SCR-161 Мои devices и sessions",FLOW-002 Обычный вход; FLOW-003 Истечение сессии,,Boundary/contract UI,High,dto_field_catalog.csv:DevicePatch.deviceKey; openapi.yaml operation PATCH_api_v1_devices_id
AC-1719,AC,MOD-018,Настройки,[STATE-007] Field contract: DevicePatch.deviceName respects type/required/nullable/limits/PATCH semantics,— (операции модуля),—,—,—,"SCR-150 Настройки; SCR-151 Профиль; SCR-152 Пароль и безопасность; SCR-153 Notifications и DND; SCR-154 Calendar preferences; SCR-155 Startup, tray и device; SCR-156 Cache и sync; SCR-157 Подключение; SCR-158 Доступность; SCR-159 Диагностика клиента; SCR-161 Мои devices и sessions",FLOW-002 Обычный вход; FLOW-003 Истечение сессии,,Boundary/contract UI,High,dto_field_catalog.csv:DevicePatch.deviceName; openapi.yaml operation PATCH_api_v1_devices_id
AC-1720,AC,MOD-018,Настройки,[STATE-007] Field contract: DevicePatch.platform respects type/required/nullable/limits/PATCH semantics,— (операции модуля),—,—,—,"SCR-150 Настройки; SCR-151 Профиль; SCR-152 Пароль и безопасность; SCR-153 Notifications и DND; SCR-154 Calendar preferences; SCR-155 Startup, tray и device; SCR-156 Cache и sync; SCR-157 Подключение; SCR-158 Доступность; SCR-159 Диагностика клиента; SCR-161 Мои devices и sessions",FLOW-002 Обычный вход; FLOW-003 Истечение сессии,,Boundary/contract UI,High,dto_field_catalog.csv:DevicePatch.platform; openapi.yaml operation PATCH_api_v1_devices_id
AC-1721,AC,MOD-018,Настройки,[STATE-007] Field contract: NotificationPreferencesPatch.quietHoursTimeZone respects type/required/nullable/limits/PATCH semantics,— (операции модуля),—,—,—,"SCR-150 Настройки; SCR-151 Профиль; SCR-152 Пароль и безопасность; SCR-153 Notifications и DND; SCR-154 Calendar preferences; SCR-155 Startup, tray и device; SCR-156 Cache и sync; SCR-157 Подключение; SCR-158 Доступность; SCR-159 Диагностика клиента; SCR-161 Мои devices и sessions",FLOW-002 Обычный вход; FLOW-003 Истечение сессии,,Boundary/contract UI,High,dto_field_catalog.csv:NotificationPreferencesPatch.quietHoursTimeZone; openapi.yaml operation PUT_api_v1_notifications_preferences
AC-1722,AC,MOD-018,Настройки,[STATE-007] Field contract: UserSettingsPatch.allowLocalPaths respects type/required/nullable/limits/PATCH semantics,— (операции модуля),—,—,—,"SCR-150 Настройки; SCR-151 Профиль; SCR-152 Пароль и безопасность; SCR-153 Notifications и DND; SCR-154 Calendar preferences; SCR-155 Startup, tray и device; SCR-156 Cache и sync; SCR-157 Подключение; SCR-158 Доступность; SCR-159 Диагностика клиента; SCR-161 Мои devices и sessions",FLOW-002 Обычный вход; FLOW-003 Истечение сессии,,Boundary/contract UI,High,dto_field_catalog.csv:UserSettingsPatch.allowLocalPaths; openapi.yaml operation PATCH_api_v1_settings_me
AC-1723,AC,MOD-018,Настройки,[STATE-007] Field contract: UserSettingsPatch.autostartEnabled respects type/required/nullable/limits/PATCH semantics,— (операции модуля),—,—,—,"SCR-150 Настройки; SCR-151 Профиль; SCR-152 Пароль и безопасность; SCR-153 Notifications и DND; SCR-154 Calendar preferences; SCR-155 Startup, tray и device; SCR-156 Cache и sync; SCR-157 Подключение; SCR-158 Доступность; SCR-159 Диагностика клиента; SCR-161 Мои devices и sessions",FLOW-002 Обычный вход; FLOW-003 Истечение сессии,,Boundary/contract UI,High,dto_field_catalog.csv:UserSettingsPatch.autostartEnabled; openapi.yaml operation PATCH_api_v1_settings_me
AC-1724,AC,MOD-018,Настройки,[STATE-007] Field contract: UserSettingsPatch.confirmCatalogDelete respects type/required/nullable/limits/PATCH semantics,— (операции модуля),—,—,—,"SCR-150 Настройки; SCR-151 Профиль; SCR-152 Пароль и безопасность; SCR-153 Notifications и DND; SCR-154 Calendar preferences; SCR-155 Startup, tray и device; SCR-156 Cache и sync; SCR-157 Подключение; SCR-158 Доступность; SCR-159 Диагностика клиента; SCR-161 Мои devices и sessions",FLOW-002 Обычный вход; FLOW-003 Истечение сессии,,Boundary/contract UI,High,dto_field_catalog.csv:UserSettingsPatch.confirmCatalogDelete; openapi.yaml operation PATCH_api_v1_settings_me
AC-1725,AC,MOD-018,Настройки,[STATE-007] Field contract: UserSettingsPatch.defaultReminderOffsetMinutes respects type/required/nullable/limits/PATCH semantics,— (операции модуля),—,—,—,"SCR-150 Настройки; SCR-151 Профиль; SCR-152 Пароль и безопасность; SCR-153 Notifications и DND; SCR-154 Calendar preferences; SCR-155 Startup, tray и device; SCR-156 Cache и sync; SCR-157 Подключение; SCR-158 Доступность; SCR-159 Диагностика клиента; SCR-161 Мои devices и sessions",FLOW-002 Обычный вход; FLOW-003 Истечение сессии,,Boundary/contract UI,High,dto_field_catalog.csv:UserSettingsPatch.defaultReminderOffsetMinutes; openapi.yaml operation PATCH_api_v1_settings_me
AC-1726,AC,MOD-018,Настройки,[STATE-007] Field contract: UserSettingsPatch.defaultTaskDurationMinutes respects type/required/nullable/limits/PATCH semantics,— (операции модуля),—,—,—,"SCR-150 Настройки; SCR-151 Профиль; SCR-152 Пароль и безопасность; SCR-153 Notifications и DND; SCR-154 Calendar preferences; SCR-155 Startup, tray и device; SCR-156 Cache и sync; SCR-157 Подключение; SCR-158 Доступность; SCR-159 Диагностика клиента; SCR-161 Мои devices и sessions",FLOW-002 Обычный вход; FLOW-003 Истечение сессии,,Boundary/contract UI,High,dto_field_catalog.csv:UserSettingsPatch.defaultTaskDurationMinutes; openapi.yaml operation PATCH_api_v1_settings_me
AC-1727,AC,MOD-018,Настройки,[STATE-007] Field contract: UserSettingsPatch.missingFileBehavior respects type/required/nullable/limits/PATCH semantics,— (операции модуля),—,—,—,"SCR-150 Настройки; SCR-151 Профиль; SCR-152 Пароль и безопасность; SCR-153 Notifications и DND; SCR-154 Calendar preferences; SCR-155 Startup, tray и device; SCR-156 Cache и sync; SCR-157 Подключение; SCR-158 Доступность; SCR-159 Диагностика клиента; SCR-161 Мои devices и sessions",FLOW-002 Обычный вход; FLOW-003 Истечение сессии,,Boundary/contract UI,High,dto_field_catalog.csv:UserSettingsPatch.missingFileBehavior; openapi.yaml operation PATCH_api_v1_settings_me
AC-1728,AC,MOD-018,Настройки,[STATE-007] Field contract: UserSettingsPatch.weekendDays respects type/required/nullable/limits/PATCH semantics,— (операции модуля),—,—,—,"SCR-150 Настройки; SCR-151 Профиль; SCR-152 Пароль и безопасность; SCR-153 Notifications и DND; SCR-154 Calendar preferences; SCR-155 Startup, tray и device; SCR-156 Cache и sync; SCR-157 Подключение; SCR-158 Доступность; SCR-159 Диагностика клиента; SCR-161 Мои devices и sessions",FLOW-002 Обычный вход; FLOW-003 Истечение сессии,,Boundary/contract UI,High,dto_field_catalog.csv:UserSettingsPatch.weekendDays; openapi.yaml operation PATCH_api_v1_settings_me
AC-1790,AC,MOD-018,Настройки,Просмотр текущей шкалы,GET_api_v1_settings_notification_urgency_scale,GET /api/v1/settings/notification-urgency-scale,Settings.ReadOwn,OrganizerController.GET_api_v1_settings_notification_urgency_scale,SCR-153 Notifications и DND,"FLOW-038 Управление организационной шкалой срочности (Stage 4.5, DEC-060)",,Contract/UI,High,Stage 2.3.1 OpenAPI 1.2.0-stage2.3; Stage 3.5 UX baseline; Stage 4.3 remediation
AC-1791,AC,MOD-018,Настройки,Успешное изменение шкалы,PUT_api_v1_settings_notification_urgency_scale,PUT /api/v1/settings/notification-urgency-scale,System.Configure,OrganizerController.PUT_api_v1_settings_notification_urgency_scale,SCR-153 Notifications и DND,"FLOW-038 Управление организационной шкалой срочности (Stage 4.5, DEC-060)",,Integration/concurrency,Critical,Stage 2.3.1 OpenAPI 1.2.0-stage2.3; Stage 3.5 UX baseline; Stage 4.3 remediation
AC-1792,AC,MOD-018,Настройки,Пересечение интервалов,—,—,—,—,SCR-153 Notifications и DND,"FLOW-038 Управление организационной шкалой срочности (Stage 4.5, DEC-060)",,Boundary,High,Stage 2.3.1 OpenAPI 1.2.0-stage2.3; Stage 3.5 UX baseline; Stage 4.3 remediation
AC-1793,AC,MOD-018,Настройки,Неверный порядок,—,—,—,—,SCR-153 Notifications и DND,"FLOW-038 Управление организационной шкалой срочности (Stage 4.5, DEC-060)",,Boundary,High,Stage 2.3.1 OpenAPI 1.2.0-stage2.3; Stage 3.5 UX baseline; Stage 4.3 remediation
AC-1794,AC,MOD-018,Настройки,Недопустимая граница,—,—,—,—,SCR-153 Notifications и DND,"FLOW-038 Управление организационной шкалой срочности (Stage 4.5, DEC-060)",,Boundary,High,Stage 2.3.1 OpenAPI 1.2.0-stage2.3; Stage 3.5 UX baseline; Stage 4.3 remediation
AC-1795,AC,MOD-018,Настройки,Пропущенный диапазон,—,—,—,—,SCR-153 Notifications и DND,"FLOW-038 Управление организационной шкалой срочности (Stage 4.5, DEC-060)",,Boundary,High,Stage 2.3.1 OpenAPI 1.2.0-stage2.3; Stage 3.5 UX baseline; Stage 4.3 remediation
AC-1796,AC,MOD-018,Настройки,Reset to defaults,POST_api_v1_settings_notification_urgency_scale_reset,POST /api/v1/settings/notification-urgency-scale/reset,System.Configure,OrganizerController.POST_api_v1_settings_notification_urgency_scale_reset,SCR-153 Notifications и DND,"FLOW-038 Управление организационной шкалой срочности (Stage 4.5, DEC-060)",,Integration/concurrency,Critical,Stage 2.3.1 OpenAPI 1.2.0-stage2.3; Stage 3.5 UX baseline; Stage 4.3 remediation
AC-1797,AC,MOD-018,Настройки,Отказ без permission,PUT_api_v1_settings_notification_urgency_scale,PUT /api/v1/settings/notification-urgency-scale,System.Configure,OrganizerController.PUT_api_v1_settings_notification_urgency_scale,SCR-153 Notifications и DND,"FLOW-038 Управление организационной шкалой срочности (Stage 4.5, DEC-060)",,Security,Critical,Stage 2.3.1 OpenAPI 1.2.0-stage2.3; Stage 3.5 UX baseline; Stage 4.3 remediation
AC-1798,AC,MOD-018,Настройки,Optimistic conflict,PUT_api_v1_settings_notification_urgency_scale,PUT /api/v1/settings/notification-urgency-scale,System.Configure,OrganizerController.PUT_api_v1_settings_notification_urgency_scale,SCR-153 Notifications и DND,"FLOW-038 Управление организационной шкалой срочности (Stage 4.5, DEC-060)",,Concurrency,Critical,Stage 2.3.1 OpenAPI 1.2.0-stage2.3; Stage 3.5 UX baseline; Stage 4.3 remediation
AC-1799,AC,MOD-018,Настройки,Server unavailable,—,—,System.Configure,—,SCR-153 Notifications и DND,"FLOW-038 Управление организационной шкалой срочности (Stage 4.5, DEC-060); FLOW-022 Потеря сервера; FLOW-023 Работа в read-only cache; FLOW-025 Optimistic conflict",,Resilience,Critical,Stage 2.3.1 OpenAPI 1.2.0-stage2.3; Stage 3.5 UX baseline; Stage 4.3 remediation
AC-1800,AC,MOD-018,Настройки,Read-only,—,—,Settings.ReadOwn;System.Configure,—,SCR-153 Notifications и DND,"FLOW-038 Управление организационной шкалой срочности (Stage 4.5, DEC-060)",,Authorization/UI,High,Stage 2.3.1 OpenAPI 1.2.0-stage2.3; Stage 3.5 UX baseline; Stage 4.3 remediation
AC-1802,AC,MOD-018,Настройки,Срочность не зависит только от цвета,—,—,—,—,SCR-153 Notifications и DND,"FLOW-038 Управление организационной шкалой срочности (Stage 4.5, DEC-060)",,Accessibility,High,Stage 2.3.1 OpenAPI 1.2.0-stage2.3; Stage 3.5 UX baseline; Stage 4.3 remediation
AC-1819,AC,MOD-018,Настройки,Field contract urgency scale,PUT_api_v1_settings_notification_urgency_scale,PUT /api/v1/settings/notification-urgency-scale,System.Configure,OrganizerController.PUT_api_v1_settings_notification_urgency_scale,SCR-153 Notifications и DND,"FLOW-038 Управление организационной шкалой срочности (Stage 4.5, DEC-060)",,Field contract,High,Stage 2.3.1 OpenAPI 1.2.0-stage2.3; Stage 3.5 UX baseline; Stage 4.3 remediation
AC-1821,AC,MOD-018,Настройки,Reset failure,POST_api_v1_settings_notification_urgency_scale_reset,POST /api/v1/settings/notification-urgency-scale/reset,System.Configure,OrganizerController.POST_api_v1_settings_notification_urgency_scale_reset,SCR-153 Notifications и DND,"FLOW-038 Управление организационной шкалой срочности (Stage 4.5, DEC-060)",,Resilience/concurrency,High,Stage 2.3.1 OpenAPI 1.2.0-stage2.3; Stage 3.5 UX baseline; Stage 4.3 remediation
AC-1824,AC,MOD-018,Настройки,Unique flow normalization,—,—,Settings.ReadOwn;System.Configure,—,SCR-153 Notifications и DND,"FLOW-038 Управление организационной шкалой срочности (Stage 4.5, DEC-060)",,Traceability,High,Stage 2.3.1 OpenAPI 1.2.0-stage2.3; Stage 3.5 UX baseline; Stage 4.3 remediation
AC-1845,AC,MOD-018,Настройки,Permission denial for FR-171,— (операции модуля),—,—,—,"SCR-150 Настройки; SCR-151 Профиль; SCR-152 Пароль и безопасность; SCR-153 Notifications и DND; SCR-154 Calendar preferences; SCR-155 Startup, tray и device; SCR-156 Cache и sync; SCR-157 Подключение; SCR-158 Доступность; SCR-159 Диагностика клиента; SCR-161 Мои devices и sessions",FLOW-002 Обычный вход; FLOW-003 Истечение сессии,,Security/authorization,Critical,OpenAPI `GET_api_v1_notifications_preferences`; Stage_3_Field_Traceability_Final_3.5.csv; cross-cutting requirement PERM-018
AC-1866,AC,MOD-018,Настройки,Stable error handling for FR-171,— (операции модуля),—,—,—,"SCR-150 Настройки; SCR-151 Профиль; SCR-152 Пароль и безопасность; SCR-153 Notifications и DND; SCR-154 Calendar preferences; SCR-155 Startup, tray и device; SCR-156 Cache и sync; SCR-157 Подключение; SCR-158 Доступность; SCR-159 Диагностика клиента; SCR-161 Мои devices и sessions",FLOW-002 Обычный вход; FLOW-003 Истечение сессии,,Error handling,High,OpenAPI `GET_api_v1_notifications_preferences`; Stage_3_Field_Traceability_Final_3.5.csv; cross-cutting requirement ERR-018
AC-1887,AC,MOD-018,Настройки,Read outage behavior for FR-171,GET_api_v1_sync_changes; POST_api_v1_sync_bootstrap; POST_api_v1_sync_ack,GET /api/v1/sync/changes; POST /api/v1/sync/bootstrap; POST /api/v1/sync/ack,—,OrganizerController.GET_api_v1_sync_changes; OrganizerController.POST_api_v1_sync_bootstrap; OrganizerController.POST_api_v1_sync_ack,"SCR-150 Настройки; SCR-151 Профиль; SCR-152 Пароль и безопасность; SCR-153 Notifications и DND; SCR-154 Calendar preferences; SCR-155 Startup, tray и device; SCR-156 Cache и sync; SCR-157 Подключение; SCR-158 Доступность; SCR-159 Диагностика клиента; SCR-161 Мои devices и sessions",FLOW-002 Обычный вход; FLOW-003 Истечение сессии,,Desktop/resilience,High,OpenAPI `GET_api_v1_notifications_preferences`; Stage_3_Field_Traceability_Final_3.5.csv; cross-cutting requirement SYNC-018
AC-1908,AC,MOD-018,Настройки,Audit evidence for FR-171,— (domain command + audit/history endpoints),—,—,— (domain handlers + audit pipeline),"SCR-150 Настройки; SCR-151 Профиль; SCR-152 Пароль и безопасность; SCR-153 Notifications и DND; SCR-154 Calendar preferences; SCR-155 Startup, tray и device; SCR-156 Cache и sync; SCR-157 Подключение; SCR-158 Доступность; SCR-159 Диагностика клиента; SCR-161 Мои devices и sessions",FLOW-002 Обычный вход; FLOW-003 Истечение сессии,,Audit/security,Critical,OpenAPI `GET_api_v1_notifications_preferences`; Stage_3_Field_Traceability_Final_3.5.csv; cross-cutting requirement AUDIT-018
AC-2103,AC,MOD-018,Настройки,Permission denial for FR-172,— (операции модуля),—,—,—,"SCR-150 Настройки; SCR-151 Профиль; SCR-152 Пароль и безопасность; SCR-153 Notifications и DND; SCR-154 Calendar preferences; SCR-155 Startup, tray и device; SCR-156 Cache и sync; SCR-157 Подключение; SCR-158 Доступность; SCR-159 Диагностика клиента; SCR-161 Мои devices и sessions",FLOW-002 Обычный вход; FLOW-003 Истечение сессии,,Security/authorization,Critical,OpenAPI `PUT_api_v1_notifications_preferences`; Stage_3_Field_Traceability_Final_3.5.csv; cross-cutting requirement PERM-018
AC-2104,AC,MOD-018,Настройки,Permission denial for FR-173,— (операции модуля),—,—,—,"SCR-150 Настройки; SCR-151 Профиль; SCR-152 Пароль и безопасность; SCR-153 Notifications и DND; SCR-154 Calendar preferences; SCR-155 Startup, tray и device; SCR-156 Cache и sync; SCR-157 Подключение; SCR-158 Доступность; SCR-159 Диагностика клиента; SCR-161 Мои devices и sessions",FLOW-002 Обычный вход; FLOW-003 Истечение сессии,,Security/authorization,Critical,OpenAPI `GET_api_v1_settings_me`; Stage_3_Field_Traceability_Final_3.5.csv; cross-cutting requirement PERM-018
AC-2105,AC,MOD-018,Настройки,Permission denial for FR-174,— (операции модуля),—,—,—,"SCR-150 Настройки; SCR-151 Профиль; SCR-152 Пароль и безопасность; SCR-153 Notifications и DND; SCR-154 Calendar preferences; SCR-155 Startup, tray и device; SCR-156 Cache и sync; SCR-157 Подключение; SCR-158 Доступность; SCR-159 Диагностика клиента; SCR-161 Мои devices и sessions",FLOW-002 Обычный вход; FLOW-003 Истечение сессии,,Security/authorization,Critical,OpenAPI `PATCH_api_v1_settings_me`; Stage_3_Field_Traceability_Final_3.5.csv; cross-cutting requirement PERM-018
AC-2106,AC,MOD-018,Настройки,Permission denial for FR-175,— (операции модуля),—,—,—,"SCR-150 Настройки; SCR-151 Профиль; SCR-152 Пароль и безопасность; SCR-153 Notifications и DND; SCR-154 Calendar preferences; SCR-155 Startup, tray и device; SCR-156 Cache и sync; SCR-157 Подключение; SCR-158 Доступность; SCR-159 Диагностика клиента; SCR-161 Мои devices и sessions",FLOW-002 Обычный вход; FLOW-003 Истечение сессии,,Security/authorization,Critical,OpenAPI `GET_api_v1_settings_organization`; Stage_3_Field_Traceability_Final_3.5.csv; cross-cutting requirement PERM-018
AC-2107,AC,MOD-018,Настройки,Permission denial for FR-176,— (операции модуля),—,—,—,"SCR-150 Настройки; SCR-151 Профиль; SCR-152 Пароль и безопасность; SCR-153 Notifications и DND; SCR-154 Calendar preferences; SCR-155 Startup, tray и device; SCR-156 Cache и sync; SCR-157 Подключение; SCR-158 Доступность; SCR-159 Диагностика клиента; SCR-161 Мои devices и sessions",FLOW-002 Обычный вход; FLOW-003 Истечение сессии,,Security/authorization,Critical,OpenAPI `PATCH_api_v1_settings_organization`; Stage_3_Field_Traceability_Final_3.5.csv; cross-cutting requirement PERM-018
AC-2108,AC,MOD-018,Настройки,Permission denial for FR-264,— (операции модуля),—,—,—,"SCR-150 Настройки; SCR-151 Профиль; SCR-152 Пароль и безопасность; SCR-153 Notifications и DND; SCR-154 Calendar preferences; SCR-155 Startup, tray и device; SCR-156 Cache и sync; SCR-157 Подключение; SCR-158 Доступность; SCR-159 Диагностика клиента; SCR-161 Мои devices и sessions",FLOW-002 Обычный вход; FLOW-003 Истечение сессии,,Security/authorization,Critical,Stage 2.3.1 OpenAPI 1.2.0-stage2.3; Stage 3.5 UX baseline; Stage 4.3 remediation; cross-cutting requirement PERM-018
AC-2109,AC,MOD-018,Настройки,Permission denial for FR-270,— (операции модуля),—,—,—,"SCR-150 Настройки; SCR-151 Профиль; SCR-152 Пароль и безопасность; SCR-153 Notifications и DND; SCR-154 Calendar preferences; SCR-155 Startup, tray и device; SCR-156 Cache и sync; SCR-157 Подключение; SCR-158 Доступность; SCR-159 Диагностика клиента; SCR-161 Мои devices и sessions",FLOW-002 Обычный вход; FLOW-003 Истечение сессии,,Security/authorization,Critical,Stage 2.3.1 OpenAPI 1.2.0-stage2.3; Stage 3.5 UX baseline; Stage 4.3 remediation; cross-cutting requirement PERM-018
AC-2110,AC,MOD-018,Настройки,Permission denial for FR-271,— (операции модуля),—,—,—,"SCR-150 Настройки; SCR-151 Профиль; SCR-152 Пароль и безопасность; SCR-153 Notifications и DND; SCR-154 Calendar preferences; SCR-155 Startup, tray и device; SCR-156 Cache и sync; SCR-157 Подключение; SCR-158 Доступность; SCR-159 Диагностика клиента; SCR-161 Мои devices и sessions",FLOW-002 Обычный вход; FLOW-003 Истечение сессии,,Security/authorization,Critical,Stage 2.3.1 OpenAPI 1.2.0-stage2.3; Stage 3.5 UX baseline; Stage 4.3 remediation; cross-cutting requirement PERM-018
AC-2111,AC,MOD-018,Настройки,Permission denial for FR-272,— (операции модуля),—,—,—,"SCR-150 Настройки; SCR-151 Профиль; SCR-152 Пароль и безопасность; SCR-153 Notifications и DND; SCR-154 Calendar preferences; SCR-155 Startup, tray и device; SCR-156 Cache и sync; SCR-157 Подключение; SCR-158 Доступность; SCR-159 Диагностика клиента; SCR-161 Мои devices и sessions",FLOW-002 Обычный вход; FLOW-003 Истечение сессии,,Security/authorization,Critical,Stage 2.3.1 OpenAPI 1.2.0-stage2.3; Stage 3.5 UX baseline; Stage 4.3 remediation; cross-cutting requirement PERM-018
AC-2112,AC,MOD-018,Настройки,Permission denial for FR-273,— (операции модуля),—,—,—,"SCR-150 Настройки; SCR-151 Профиль; SCR-152 Пароль и безопасность; SCR-153 Notifications и DND; SCR-154 Calendar preferences; SCR-155 Startup, tray и device; SCR-156 Cache и sync; SCR-157 Подключение; SCR-158 Доступность; SCR-159 Диагностика клиента; SCR-161 Мои devices и sessions",FLOW-002 Обычный вход; FLOW-003 Истечение сессии,,Security/authorization,Critical,Stage 2.3.1 OpenAPI 1.2.0-stage2.3; Stage 3.5 UX baseline; Stage 4.3 remediation; cross-cutting requirement PERM-018
AC-2113,AC,MOD-018,Настройки,Permission denial for FR-274,— (операции модуля),—,—,—,"SCR-150 Настройки; SCR-151 Профиль; SCR-152 Пароль и безопасность; SCR-153 Notifications и DND; SCR-154 Calendar preferences; SCR-155 Startup, tray и device; SCR-156 Cache и sync; SCR-157 Подключение; SCR-158 Доступность; SCR-159 Диагностика клиента; SCR-161 Мои devices и sessions",FLOW-002 Обычный вход; FLOW-003 Истечение сессии,,Security/authorization,Critical,Stage 2.3.1 OpenAPI 1.2.0-stage2.3; Stage 3.5 UX baseline; Stage 4.3 remediation; cross-cutting requirement PERM-018
AC-2361,AC,MOD-018,Настройки,Stable error handling for FR-172,— (операции модуля),—,—,—,"SCR-150 Настройки; SCR-151 Профиль; SCR-152 Пароль и безопасность; SCR-153 Notifications и DND; SCR-154 Calendar preferences; SCR-155 Startup, tray и device; SCR-156 Cache и sync; SCR-157 Подключение; SCR-158 Доступность; SCR-159 Диагностика клиента; SCR-161 Мои devices и sessions",FLOW-002 Обычный вход; FLOW-003 Истечение сессии,,Error handling,High,OpenAPI `PUT_api_v1_notifications_preferences`; Stage_3_Field_Traceability_Final_3.5.csv; cross-cutting requirement ERR-018
AC-2362,AC,MOD-018,Настройки,Stable error handling for FR-173,— (операции модуля),—,—,—,"SCR-150 Настройки; SCR-151 Профиль; SCR-152 Пароль и безопасность; SCR-153 Notifications и DND; SCR-154 Calendar preferences; SCR-155 Startup, tray и device; SCR-156 Cache и sync; SCR-157 Подключение; SCR-158 Доступность; SCR-159 Диагностика клиента; SCR-161 Мои devices и sessions",FLOW-002 Обычный вход; FLOW-003 Истечение сессии,,Error handling,High,OpenAPI `GET_api_v1_settings_me`; Stage_3_Field_Traceability_Final_3.5.csv; cross-cutting requirement ERR-018
AC-2363,AC,MOD-018,Настройки,Stable error handling for FR-174,— (операции модуля),—,—,—,"SCR-150 Настройки; SCR-151 Профиль; SCR-152 Пароль и безопасность; SCR-153 Notifications и DND; SCR-154 Calendar preferences; SCR-155 Startup, tray и device; SCR-156 Cache и sync; SCR-157 Подключение; SCR-158 Доступность; SCR-159 Диагностика клиента; SCR-161 Мои devices и sessions",FLOW-002 Обычный вход; FLOW-003 Истечение сессии,,Error handling,High,OpenAPI `PATCH_api_v1_settings_me`; Stage_3_Field_Traceability_Final_3.5.csv; cross-cutting requirement ERR-018
AC-2364,AC,MOD-018,Настройки,Stable error handling for FR-175,— (операции модуля),—,—,—,"SCR-150 Настройки; SCR-151 Профиль; SCR-152 Пароль и безопасность; SCR-153 Notifications и DND; SCR-154 Calendar preferences; SCR-155 Startup, tray и device; SCR-156 Cache и sync; SCR-157 Подключение; SCR-158 Доступность; SCR-159 Диагностика клиента; SCR-161 Мои devices и sessions",FLOW-002 Обычный вход; FLOW-003 Истечение сессии,,Error handling,High,OpenAPI `GET_api_v1_settings_organization`; Stage_3_Field_Traceability_Final_3.5.csv; cross-cutting requirement ERR-018
AC-2365,AC,MOD-018,Настройки,Stable error handling for FR-176,— (операции модуля),—,—,—,"SCR-150 Настройки; SCR-151 Профиль; SCR-152 Пароль и безопасность; SCR-153 Notifications и DND; SCR-154 Calendar preferences; SCR-155 Startup, tray и device; SCR-156 Cache и sync; SCR-157 Подключение; SCR-158 Доступность; SCR-159 Диагностика клиента; SCR-161 Мои devices и sessions",FLOW-002 Обычный вход; FLOW-003 Истечение сессии,,Error handling,High,OpenAPI `PATCH_api_v1_settings_organization`; Stage_3_Field_Traceability_Final_3.5.csv; cross-cutting requirement ERR-018
AC-2366,AC,MOD-018,Настройки,Stable error handling for FR-264,— (операции модуля),—,—,—,"SCR-150 Настройки; SCR-151 Профиль; SCR-152 Пароль и безопасность; SCR-153 Notifications и DND; SCR-154 Calendar preferences; SCR-155 Startup, tray и device; SCR-156 Cache и sync; SCR-157 Подключение; SCR-158 Доступность; SCR-159 Диагностика клиента; SCR-161 Мои devices и sessions",FLOW-002 Обычный вход; FLOW-003 Истечение сессии,,Error handling,High,Stage 2.3.1 OpenAPI 1.2.0-stage2.3; Stage 3.5 UX baseline; Stage 4.3 remediation; cross-cutting requirement ERR-018
AC-2367,AC,MOD-018,Настройки,Stable error handling for FR-270,— (операции модуля),—,—,—,"SCR-150 Настройки; SCR-151 Профиль; SCR-152 Пароль и безопасность; SCR-153 Notifications и DND; SCR-154 Calendar preferences; SCR-155 Startup, tray и device; SCR-156 Cache и sync; SCR-157 Подключение; SCR-158 Доступность; SCR-159 Диагностика клиента; SCR-161 Мои devices и sessions",FLOW-002 Обычный вход; FLOW-003 Истечение сессии,,Error handling,High,Stage 2.3.1 OpenAPI 1.2.0-stage2.3; Stage 3.5 UX baseline; Stage 4.3 remediation; cross-cutting requirement ERR-018
AC-2368,AC,MOD-018,Настройки,Stable error handling for FR-271,— (операции модуля),—,—,—,"SCR-150 Настройки; SCR-151 Профиль; SCR-152 Пароль и безопасность; SCR-153 Notifications и DND; SCR-154 Calendar preferences; SCR-155 Startup, tray и device; SCR-156 Cache и sync; SCR-157 Подключение; SCR-158 Доступность; SCR-159 Диагностика клиента; SCR-161 Мои devices и sessions",FLOW-002 Обычный вход; FLOW-003 Истечение сессии,,Error handling,High,Stage 2.3.1 OpenAPI 1.2.0-stage2.3; Stage 3.5 UX baseline; Stage 4.3 remediation; cross-cutting requirement ERR-018
AC-2369,AC,MOD-018,Настройки,Stable error handling for FR-272,— (операции модуля),—,—,—,"SCR-150 Настройки; SCR-151 Профиль; SCR-152 Пароль и безопасность; SCR-153 Notifications и DND; SCR-154 Calendar preferences; SCR-155 Startup, tray и device; SCR-156 Cache и sync; SCR-157 Подключение; SCR-158 Доступность; SCR-159 Диагностика клиента; SCR-161 Мои devices и sessions",FLOW-002 Обычный вход; FLOW-003 Истечение сессии,,Error handling,High,Stage 2.3.1 OpenAPI 1.2.0-stage2.3; Stage 3.5 UX baseline; Stage 4.3 remediation; cross-cutting requirement ERR-018
AC-2370,AC,MOD-018,Настройки,Stable error handling for FR-273,— (операции модуля),—,—,—,"SCR-150 Настройки; SCR-151 Профиль; SCR-152 Пароль и безопасность; SCR-153 Notifications и DND; SCR-154 Calendar preferences; SCR-155 Startup, tray и device; SCR-156 Cache и sync; SCR-157 Подключение; SCR-158 Доступность; SCR-159 Диагностика клиента; SCR-161 Мои devices и sessions",FLOW-002 Обычный вход; FLOW-003 Истечение сессии,,Error handling,High,Stage 2.3.1 OpenAPI 1.2.0-stage2.3; Stage 3.5 UX baseline; Stage 4.3 remediation; cross-cutting requirement ERR-018
AC-2371,AC,MOD-018,Настройки,Stable error handling for FR-274,— (операции модуля),—,—,—,"SCR-150 Настройки; SCR-151 Профиль; SCR-152 Пароль и безопасность; SCR-153 Notifications и DND; SCR-154 Calendar preferences; SCR-155 Startup, tray и device; SCR-156 Cache и sync; SCR-157 Подключение; SCR-158 Доступность; SCR-159 Диагностика клиента; SCR-161 Мои devices и sessions",FLOW-002 Обычный вход; FLOW-003 Истечение сессии,,Error handling,High,Stage 2.3.1 OpenAPI 1.2.0-stage2.3; Stage 3.5 UX baseline; Stage 4.3 remediation; cross-cutting requirement ERR-018
AC-2619,AC,MOD-018,Настройки,Command outage behavior for FR-172,GET_api_v1_sync_changes; POST_api_v1_sync_bootstrap; POST_api_v1_sync_ack,GET /api/v1/sync/changes; POST /api/v1/sync/bootstrap; POST /api/v1/sync/ack,—,OrganizerController.GET_api_v1_sync_changes; OrganizerController.POST_api_v1_sync_bootstrap; OrganizerController.POST_api_v1_sync_ack,"SCR-150 Настройки; SCR-151 Профиль; SCR-152 Пароль и безопасность; SCR-153 Notifications и DND; SCR-154 Calendar preferences; SCR-155 Startup, tray и device; SCR-156 Cache и sync; SCR-157 Подключение; SCR-158 Доступность; SCR-159 Диагностика клиента; SCR-161 Мои devices и sessions",FLOW-002 Обычный вход; FLOW-003 Истечение сессии,,Desktop/resilience,High,OpenAPI `PUT_api_v1_notifications_preferences`; Stage_3_Field_Traceability_Final_3.5.csv; cross-cutting requirement SYNC-018
AC-2620,AC,MOD-018,Настройки,Read outage behavior for FR-173,GET_api_v1_sync_changes; POST_api_v1_sync_bootstrap; POST_api_v1_sync_ack,GET /api/v1/sync/changes; POST /api/v1/sync/bootstrap; POST /api/v1/sync/ack,—,OrganizerController.GET_api_v1_sync_changes; OrganizerController.POST_api_v1_sync_bootstrap; OrganizerController.POST_api_v1_sync_ack,"SCR-150 Настройки; SCR-151 Профиль; SCR-152 Пароль и безопасность; SCR-153 Notifications и DND; SCR-154 Calendar preferences; SCR-155 Startup, tray и device; SCR-156 Cache и sync; SCR-157 Подключение; SCR-158 Доступность; SCR-159 Диагностика клиента; SCR-161 Мои devices и sessions",FLOW-002 Обычный вход; FLOW-003 Истечение сессии,,Desktop/resilience,High,OpenAPI `GET_api_v1_settings_me`; Stage_3_Field_Traceability_Final_3.5.csv; cross-cutting requirement SYNC-018
AC-2621,AC,MOD-018,Настройки,Command outage behavior for FR-174,GET_api_v1_sync_changes; POST_api_v1_sync_bootstrap; POST_api_v1_sync_ack,GET /api/v1/sync/changes; POST /api/v1/sync/bootstrap; POST /api/v1/sync/ack,—,OrganizerController.GET_api_v1_sync_changes; OrganizerController.POST_api_v1_sync_bootstrap; OrganizerController.POST_api_v1_sync_ack,"SCR-150 Настройки; SCR-151 Профиль; SCR-152 Пароль и безопасность; SCR-153 Notifications и DND; SCR-154 Calendar preferences; SCR-155 Startup, tray и device; SCR-156 Cache и sync; SCR-157 Подключение; SCR-158 Доступность; SCR-159 Диагностика клиента; SCR-161 Мои devices и sessions",FLOW-002 Обычный вход; FLOW-003 Истечение сессии,,Desktop/resilience,High,OpenAPI `PATCH_api_v1_settings_me`; Stage_3_Field_Traceability_Final_3.5.csv; cross-cutting requirement SYNC-018
AC-2622,AC,MOD-018,Настройки,Read outage behavior for FR-175,GET_api_v1_sync_changes; POST_api_v1_sync_bootstrap; POST_api_v1_sync_ack,GET /api/v1/sync/changes; POST /api/v1/sync/bootstrap; POST /api/v1/sync/ack,—,OrganizerController.GET_api_v1_sync_changes; OrganizerController.POST_api_v1_sync_bootstrap; OrganizerController.POST_api_v1_sync_ack,"SCR-150 Настройки; SCR-151 Профиль; SCR-152 Пароль и безопасность; SCR-153 Notifications и DND; SCR-154 Calendar preferences; SCR-155 Startup, tray и device; SCR-156 Cache и sync; SCR-157 Подключение; SCR-158 Доступность; SCR-159 Диагностика клиента; SCR-161 Мои devices и sessions",FLOW-002 Обычный вход; FLOW-003 Истечение сессии,,Desktop/resilience,High,OpenAPI `GET_api_v1_settings_organization`; Stage_3_Field_Traceability_Final_3.5.csv; cross-cutting requirement SYNC-018
AC-2623,AC,MOD-018,Настройки,Command outage behavior for FR-176,GET_api_v1_sync_changes; POST_api_v1_sync_bootstrap; POST_api_v1_sync_ack,GET /api/v1/sync/changes; POST /api/v1/sync/bootstrap; POST /api/v1/sync/ack,—,OrganizerController.GET_api_v1_sync_changes; OrganizerController.POST_api_v1_sync_bootstrap; OrganizerController.POST_api_v1_sync_ack,"SCR-150 Настройки; SCR-151 Профиль; SCR-152 Пароль и безопасность; SCR-153 Notifications и DND; SCR-154 Calendar preferences; SCR-155 Startup, tray и device; SCR-156 Cache и sync; SCR-157 Подключение; SCR-158 Доступность; SCR-159 Диагностика клиента; SCR-161 Мои devices и sessions",FLOW-002 Обычный вход; FLOW-003 Истечение сессии,,Desktop/resilience,High,OpenAPI `PATCH_api_v1_settings_organization`; Stage_3_Field_Traceability_Final_3.5.csv; cross-cutting requirement SYNC-018
AC-2624,AC,MOD-018,Настройки,Read outage behavior for FR-264,GET_api_v1_sync_changes; POST_api_v1_sync_bootstrap; POST_api_v1_sync_ack,GET /api/v1/sync/changes; POST /api/v1/sync/bootstrap; POST /api/v1/sync/ack,—,OrganizerController.GET_api_v1_sync_changes; OrganizerController.POST_api_v1_sync_bootstrap; OrganizerController.POST_api_v1_sync_ack,"SCR-150 Настройки; SCR-151 Профиль; SCR-152 Пароль и безопасность; SCR-153 Notifications и DND; SCR-154 Calendar preferences; SCR-155 Startup, tray и device; SCR-156 Cache и sync; SCR-157 Подключение; SCR-158 Доступность; SCR-159 Диагностика клиента; SCR-161 Мои devices и sessions",FLOW-002 Обычный вход; FLOW-003 Истечение сессии,,Desktop/resilience,High,Stage 2.3.1 OpenAPI 1.2.0-stage2.3; Stage 3.5 UX baseline; Stage 4.3 remediation; cross-cutting requirement SYNC-018
AC-2625,AC,MOD-018,Настройки,Read outage behavior for FR-270,GET_api_v1_sync_changes; POST_api_v1_sync_bootstrap; POST_api_v1_sync_ack,GET /api/v1/sync/changes; POST /api/v1/sync/bootstrap; POST /api/v1/sync/ack,—,OrganizerController.GET_api_v1_sync_changes; OrganizerController.POST_api_v1_sync_bootstrap; OrganizerController.POST_api_v1_sync_ack,"SCR-150 Настройки; SCR-151 Профиль; SCR-152 Пароль и безопасность; SCR-153 Notifications и DND; SCR-154 Calendar preferences; SCR-155 Startup, tray и device; SCR-156 Cache и sync; SCR-157 Подключение; SCR-158 Доступность; SCR-159 Диагностика клиента; SCR-161 Мои devices и sessions",FLOW-002 Обычный вход; FLOW-003 Истечение сессии,,Desktop/resilience,High,Stage 2.3.1 OpenAPI 1.2.0-stage2.3; Stage 3.5 UX baseline; Stage 4.3 remediation; cross-cutting requirement SYNC-018
AC-2626,AC,MOD-018,Настройки,Command outage behavior for FR-271,GET_api_v1_sync_changes; POST_api_v1_sync_bootstrap; POST_api_v1_sync_ack,GET /api/v1/sync/changes; POST /api/v1/sync/bootstrap; POST /api/v1/sync/ack,—,OrganizerController.GET_api_v1_sync_changes; OrganizerController.POST_api_v1_sync_bootstrap; OrganizerController.POST_api_v1_sync_ack,"SCR-150 Настройки; SCR-151 Профиль; SCR-152 Пароль и безопасность; SCR-153 Notifications и DND; SCR-154 Calendar preferences; SCR-155 Startup, tray и device; SCR-156 Cache и sync; SCR-157 Подключение; SCR-158 Доступность; SCR-159 Диагностика клиента; SCR-161 Мои devices и sessions",FLOW-002 Обычный вход; FLOW-003 Истечение сессии,,Desktop/resilience,High,Stage 2.3.1 OpenAPI 1.2.0-stage2.3; Stage 3.5 UX baseline; Stage 4.3 remediation; cross-cutting requirement SYNC-018
AC-2627,AC,MOD-018,Настройки,Command outage behavior for FR-272,GET_api_v1_sync_changes; POST_api_v1_sync_bootstrap; POST_api_v1_sync_ack,GET /api/v1/sync/changes; POST /api/v1/sync/bootstrap; POST /api/v1/sync/ack,—,OrganizerController.GET_api_v1_sync_changes; OrganizerController.POST_api_v1_sync_bootstrap; OrganizerController.POST_api_v1_sync_ack,"SCR-150 Настройки; SCR-151 Профиль; SCR-152 Пароль и безопасность; SCR-153 Notifications и DND; SCR-154 Calendar preferences; SCR-155 Startup, tray и device; SCR-156 Cache и sync; SCR-157 Подключение; SCR-158 Доступность; SCR-159 Диагностика клиента; SCR-161 Мои devices и sessions",FLOW-002 Обычный вход; FLOW-003 Истечение сессии,,Desktop/resilience,High,Stage 2.3.1 OpenAPI 1.2.0-stage2.3; Stage 3.5 UX baseline; Stage 4.3 remediation; cross-cutting requirement SYNC-018
AC-2628,AC,MOD-018,Настройки,Read outage behavior for FR-273,GET_api_v1_sync_changes; POST_api_v1_sync_bootstrap; POST_api_v1_sync_ack,GET /api/v1/sync/changes; POST /api/v1/sync/bootstrap; POST /api/v1/sync/ack,—,OrganizerController.GET_api_v1_sync_changes; OrganizerController.POST_api_v1_sync_bootstrap; OrganizerController.POST_api_v1_sync_ack,"SCR-150 Настройки; SCR-151 Профиль; SCR-152 Пароль и безопасность; SCR-153 Notifications и DND; SCR-154 Calendar preferences; SCR-155 Startup, tray и device; SCR-156 Cache и sync; SCR-157 Подключение; SCR-158 Доступность; SCR-159 Диагностика клиента; SCR-161 Мои devices и sessions",FLOW-002 Обычный вход; FLOW-003 Истечение сессии,,Desktop/resilience,High,Stage 2.3.1 OpenAPI 1.2.0-stage2.3; Stage 3.5 UX baseline; Stage 4.3 remediation; cross-cutting requirement SYNC-018
AC-2629,AC,MOD-018,Настройки,Read outage behavior for FR-274,GET_api_v1_sync_changes; POST_api_v1_sync_bootstrap; POST_api_v1_sync_ack,GET /api/v1/sync/changes; POST /api/v1/sync/bootstrap; POST /api/v1/sync/ack,—,OrganizerController.GET_api_v1_sync_changes; OrganizerController.POST_api_v1_sync_bootstrap; OrganizerController.POST_api_v1_sync_ack,"SCR-150 Настройки; SCR-151 Профиль; SCR-152 Пароль и безопасность; SCR-153 Notifications и DND; SCR-154 Calendar preferences; SCR-155 Startup, tray и device; SCR-156 Cache и sync; SCR-157 Подключение; SCR-158 Доступность; SCR-159 Диагностика клиента; SCR-161 Мои devices и sessions",FLOW-002 Обычный вход; FLOW-003 Истечение сессии,,Desktop/resilience,High,Stage 2.3.1 OpenAPI 1.2.0-stage2.3; Stage 3.5 UX baseline; Stage 4.3 remediation; cross-cutting requirement SYNC-018
AC-2877,AC,MOD-018,Настройки,Audit evidence for FR-172,— (domain command + audit/history endpoints),—,—,— (domain handlers + audit pipeline),"SCR-150 Настройки; SCR-151 Профиль; SCR-152 Пароль и безопасность; SCR-153 Notifications и DND; SCR-154 Calendar preferences; SCR-155 Startup, tray и device; SCR-156 Cache и sync; SCR-157 Подключение; SCR-158 Доступность; SCR-159 Диагностика клиента; SCR-161 Мои devices и sessions",FLOW-002 Обычный вход; FLOW-003 Истечение сессии,,Audit/security,Critical,OpenAPI `PUT_api_v1_notifications_preferences`; Stage_3_Field_Traceability_Final_3.5.csv; cross-cutting requirement AUDIT-018
AC-2878,AC,MOD-018,Настройки,Audit evidence for FR-173,— (domain command + audit/history endpoints),—,—,— (domain handlers + audit pipeline),"SCR-150 Настройки; SCR-151 Профиль; SCR-152 Пароль и безопасность; SCR-153 Notifications и DND; SCR-154 Calendar preferences; SCR-155 Startup, tray и device; SCR-156 Cache и sync; SCR-157 Подключение; SCR-158 Доступность; SCR-159 Диагностика клиента; SCR-161 Мои devices и sessions",FLOW-002 Обычный вход; FLOW-003 Истечение сессии,,Audit/security,Critical,OpenAPI `GET_api_v1_settings_me`; Stage_3_Field_Traceability_Final_3.5.csv; cross-cutting requirement AUDIT-018
AC-2879,AC,MOD-018,Настройки,Audit evidence for FR-174,— (domain command + audit/history endpoints),—,—,— (domain handlers + audit pipeline),"SCR-150 Настройки; SCR-151 Профиль; SCR-152 Пароль и безопасность; SCR-153 Notifications и DND; SCR-154 Calendar preferences; SCR-155 Startup, tray и device; SCR-156 Cache и sync; SCR-157 Подключение; SCR-158 Доступность; SCR-159 Диагностика клиента; SCR-161 Мои devices и sessions",FLOW-002 Обычный вход; FLOW-003 Истечение сессии,,Audit/security,Critical,OpenAPI `PATCH_api_v1_settings_me`; Stage_3_Field_Traceability_Final_3.5.csv; cross-cutting requirement AUDIT-018
AC-2880,AC,MOD-018,Настройки,Audit evidence for FR-175,— (domain command + audit/history endpoints),—,—,— (domain handlers + audit pipeline),"SCR-150 Настройки; SCR-151 Профиль; SCR-152 Пароль и безопасность; SCR-153 Notifications и DND; SCR-154 Calendar preferences; SCR-155 Startup, tray и device; SCR-156 Cache и sync; SCR-157 Подключение; SCR-158 Доступность; SCR-159 Диагностика клиента; SCR-161 Мои devices и sessions",FLOW-002 Обычный вход; FLOW-003 Истечение сессии,,Audit/security,Critical,OpenAPI `GET_api_v1_settings_organization`; Stage_3_Field_Traceability_Final_3.5.csv; cross-cutting requirement AUDIT-018
AC-2881,AC,MOD-018,Настройки,Audit evidence for FR-176,— (domain command + audit/history endpoints),—,—,— (domain handlers + audit pipeline),"SCR-150 Настройки; SCR-151 Профиль; SCR-152 Пароль и безопасность; SCR-153 Notifications и DND; SCR-154 Calendar preferences; SCR-155 Startup, tray и device; SCR-156 Cache и sync; SCR-157 Подключение; SCR-158 Доступность; SCR-159 Диагностика клиента; SCR-161 Мои devices и sessions",FLOW-002 Обычный вход; FLOW-003 Истечение сессии,,Audit/security,Critical,OpenAPI `PATCH_api_v1_settings_organization`; Stage_3_Field_Traceability_Final_3.5.csv; cross-cutting requirement AUDIT-018
AC-2882,AC,MOD-018,Настройки,Audit evidence for FR-264,— (domain command + audit/history endpoints),—,—,— (domain handlers + audit pipeline),"SCR-150 Настройки; SCR-151 Профиль; SCR-152 Пароль и безопасность; SCR-153 Notifications и DND; SCR-154 Calendar preferences; SCR-155 Startup, tray и device; SCR-156 Cache и sync; SCR-157 Подключение; SCR-158 Доступность; SCR-159 Диагностика клиента; SCR-161 Мои devices и sessions",FLOW-002 Обычный вход; FLOW-003 Истечение сессии,,Audit/security,Critical,Stage 2.3.1 OpenAPI 1.2.0-stage2.3; Stage 3.5 UX baseline; Stage 4.3 remediation; cross-cutting requirement AUDIT-018
AC-2883,AC,MOD-018,Настройки,Audit evidence for FR-270,— (domain command + audit/history endpoints),—,—,— (domain handlers + audit pipeline),"SCR-150 Настройки; SCR-151 Профиль; SCR-152 Пароль и безопасность; SCR-153 Notifications и DND; SCR-154 Calendar preferences; SCR-155 Startup, tray и device; SCR-156 Cache и sync; SCR-157 Подключение; SCR-158 Доступность; SCR-159 Диагностика клиента; SCR-161 Мои devices и sessions",FLOW-002 Обычный вход; FLOW-003 Истечение сессии,,Audit/security,Critical,Stage 2.3.1 OpenAPI 1.2.0-stage2.3; Stage 3.5 UX baseline; Stage 4.3 remediation; cross-cutting requirement AUDIT-018
AC-2884,AC,MOD-018,Настройки,Audit evidence for FR-271,— (domain command + audit/history endpoints),—,—,— (domain handlers + audit pipeline),"SCR-150 Настройки; SCR-151 Профиль; SCR-152 Пароль и безопасность; SCR-153 Notifications и DND; SCR-154 Calendar preferences; SCR-155 Startup, tray и device; SCR-156 Cache и sync; SCR-157 Подключение; SCR-158 Доступность; SCR-159 Диагностика клиента; SCR-161 Мои devices и sessions",FLOW-002 Обычный вход; FLOW-003 Истечение сессии,,Audit/security,Critical,Stage 2.3.1 OpenAPI 1.2.0-stage2.3; Stage 3.5 UX baseline; Stage 4.3 remediation; cross-cutting requirement AUDIT-018
AC-2885,AC,MOD-018,Настройки,Audit evidence for FR-272,— (domain command + audit/history endpoints),—,—,— (domain handlers + audit pipeline),"SCR-150 Настройки; SCR-151 Профиль; SCR-152 Пароль и безопасность; SCR-153 Notifications и DND; SCR-154 Calendar preferences; SCR-155 Startup, tray и device; SCR-156 Cache и sync; SCR-157 Подключение; SCR-158 Доступность; SCR-159 Диагностика клиента; SCR-161 Мои devices и sessions",FLOW-002 Обычный вход; FLOW-003 Истечение сессии,,Audit/security,Critical,Stage 2.3.1 OpenAPI 1.2.0-stage2.3; Stage 3.5 UX baseline; Stage 4.3 remediation; cross-cutting requirement AUDIT-018
AC-2886,AC,MOD-018,Настройки,Audit evidence for FR-273,— (domain command + audit/history endpoints),—,—,— (domain handlers + audit pipeline),"SCR-150 Настройки; SCR-151 Профиль; SCR-152 Пароль и безопасность; SCR-153 Notifications и DND; SCR-154 Calendar preferences; SCR-155 Startup, tray и device; SCR-156 Cache и sync; SCR-157 Подключение; SCR-158 Доступность; SCR-159 Диагностика клиента; SCR-161 Мои devices и sessions",FLOW-002 Обычный вход; FLOW-003 Истечение сессии,,Audit/security,Critical,Stage 2.3.1 OpenAPI 1.2.0-stage2.3; Stage 3.5 UX baseline; Stage 4.3 remediation; cross-cutting requirement AUDIT-018
AC-2887,AC,MOD-018,Настройки,Audit evidence for FR-274,— (domain command + audit/history endpoints),—,—,— (domain handlers + audit pipeline),"SCR-150 Настройки; SCR-151 Профиль; SCR-152 Пароль и безопасность; SCR-153 Notifications и DND; SCR-154 Calendar preferences; SCR-155 Startup, tray и device; SCR-156 Cache и sync; SCR-157 Подключение; SCR-158 Доступность; SCR-159 Диагностика клиента; SCR-161 Мои devices и sessions",FLOW-002 Обычный вход; FLOW-003 Истечение сессии,,Audit/security,Critical,Stage 2.3.1 OpenAPI 1.2.0-stage2.3; Stage 3.5 UX baseline; Stage 4.3 remediation; cross-cutting requirement AUDIT-018
AC-085,AC,MOD-019,Администрирование,Проверить бизнес-правило: Administrative action требует отдельной capability и server-side check.,—,—,—,—,"SCR-170 Администрирование; SCR-171 Пользователи; SCR-172 Карточка пользователя; SCR-173 Создание/активация пользователя; SCR-174 Block/deactivate user; SCR-175 Отделы; SCR-176 Audit, policy engine, management APIs; SCR-177 Роли и permissions; SCR-178 Audit, policy engine, management APIs; SCR-179 Effective permission diagnostics; SCR-180 Устройства; SCR-181 Sessions и login attempts; SCR-182 Сетевые ресурсы; SCR-183 Settings APIs, Windows settings; SCR-184 Фоновые задания; SCR-185 Резервные копии; SCR-186 Audit; SCR-187 Organization settings / feature flags; SCR-188 Audit, policy engine, management APIs",FLOW-029 Блокировка пользователя; FLOW-030 Изменение permissions,,Integration/domain,High,"§7.1, §24–26, §29; Stage 3.5"
AC-086,AC,MOD-019,Администрирование,Проверить бизнес-правило: System roles/canonical permissions не меняются произвольно.,—,—,—,—,"SCR-170 Администрирование; SCR-171 Пользователи; SCR-172 Карточка пользователя; SCR-173 Создание/активация пользователя; SCR-174 Block/deactivate user; SCR-175 Отделы; SCR-176 Audit, policy engine, management APIs; SCR-177 Роли и permissions; SCR-178 Audit, policy engine, management APIs; SCR-179 Effective permission diagnostics; SCR-180 Устройства; SCR-181 Sessions и login attempts; SCR-182 Сетевые ресурсы; SCR-183 Settings APIs, Windows settings; SCR-184 Фоновые задания; SCR-185 Резервные копии; SCR-186 Audit; SCR-187 Organization settings / feature flags; SCR-188 Audit, policy engine, management APIs",FLOW-029 Блокировка пользователя; FLOW-030 Изменение permissions,,Integration/domain,High,"§7.1, §24–26, §29; Stage 3.5"
AC-087,AC,MOD-019,Администрирование,"Проверить бизнес-правило: Backup success подтверждается проверкой результата, а не существованием файла.",—,—,—,—,"SCR-170 Администрирование; SCR-171 Пользователи; SCR-172 Карточка пользователя; SCR-173 Создание/активация пользователя; SCR-174 Block/deactivate user; SCR-175 Отделы; SCR-176 Audit, policy engine, management APIs; SCR-177 Роли и permissions; SCR-178 Audit, policy engine, management APIs; SCR-179 Effective permission diagnostics; SCR-180 Устройства; SCR-181 Sessions и login attempts; SCR-182 Сетевые ресурсы; SCR-183 Settings APIs, Windows settings; SCR-184 Фоновые задания; SCR-185 Резервные копии; SCR-186 Audit; SCR-187 Organization settings / feature flags; SCR-188 Audit, policy engine, management APIs",FLOW-029 Блокировка пользователя; FLOW-030 Изменение permissions,,Integration/domain,High,"§7.1, §24–26, §29; Stage 3.5"
AC-088,AC,MOD-019,Администрирование,Проверить бизнес-правило: Любая sensitive admin command журналируется.,—,—,—,—,"SCR-170 Администрирование; SCR-171 Пользователи; SCR-172 Карточка пользователя; SCR-173 Создание/активация пользователя; SCR-174 Block/deactivate user; SCR-175 Отделы; SCR-176 Audit, policy engine, management APIs; SCR-177 Роли и permissions; SCR-178 Audit, policy engine, management APIs; SCR-179 Effective permission diagnostics; SCR-180 Устройства; SCR-181 Sessions и login attempts; SCR-182 Сетевые ресурсы; SCR-183 Settings APIs, Windows settings; SCR-184 Фоновые задания; SCR-185 Резервные копии; SCR-186 Audit; SCR-187 Organization settings / feature flags; SCR-188 Audit, policy engine, management APIs",FLOW-029 Блокировка пользователя; FLOW-030 Изменение permissions,,Integration/domain,High,"§7.1, §24–26, §29; Stage 3.5"
AC-1088,AC,MOD-019,Администрирование,Happy path: Результаты резервного копирования,GET_api_v1_admin_backups,GET /api/v1/admin/backups,Backup.Read,OrganizerController.GET_api_v1_admin_backups,"SCR-071 Project role/overrides; SCR-155 Startup, tray и device; SCR-170 Администрирование; SCR-171 Пользователи; SCR-172 Карточка пользователя; SCR-173 Создание/активация пользователя; SCR-174 Block/deactivate user; SCR-175 Отделы; SCR-176 Audit, policy engine, management APIs; SCR-177 Роли и permissions; SCR-178 Audit, policy engine, management APIs; SCR-179 Effective permission diagnostics; SCR-180 Устройства; SCR-181 Sessions и login attempts; SCR-182 Сетевые ресурсы; SCR-183 Settings APIs, Windows settings; SCR-184 Фоновые задания; SCR-185 Резервные копии; SCR-186 Audit; SCR-187 Organization settings / feature flags; SCR-188 Audit, policy engine, management APIs",FLOW-026 Архивирование; FLOW-028 Восстановление из корзины; FLOW-029 Блокировка пользователя; FLOW-030 Изменение permissions,,Contract/integration,High,OpenAPI `GET_api_v1_admin_backups`; Stage_3_Field_Traceability_Final_3.5.csv
AC-1089,AC,MOD-019,Администрирование,[Forbidden (Stage 3.5 State Matrix)/ObjectUnavailable (Stage 3.5 State Matrix)] Permission denied: Результаты резервного копирования не выполняется и данные не раскрываются,GET_api_v1_admin_backups,GET /api/v1/admin/backups,Backup.Read,OrganizerController.GET_api_v1_admin_backups,"SCR-071 Project role/overrides; SCR-155 Startup, tray и device; SCR-170 Администрирование; SCR-171 Пользователи; SCR-172 Карточка пользователя; SCR-173 Создание/активация пользователя; SCR-174 Block/deactivate user; SCR-175 Отделы; SCR-176 Audit, policy engine, management APIs; SCR-177 Роли и permissions; SCR-178 Audit, policy engine, management APIs; SCR-179 Effective permission diagnostics; SCR-180 Устройства; SCR-181 Sessions и login attempts; SCR-182 Сетевые ресурсы; SCR-183 Settings APIs, Windows settings; SCR-184 Фоновые задания; SCR-185 Резервные копии; SCR-186 Audit; SCR-187 Organization settings / feature flags; SCR-188 Audit, policy engine, management APIs",FLOW-026 Архивирование; FLOW-028 Восстановление из корзины; FLOW-029 Блокировка пользователя; FLOW-030 Изменение permissions,,Security/authorization,Critical,OpenAPI `GET_api_v1_admin_backups`; Stage_3_Field_Traceability_Final_3.5.csv
AC-1090,AC,MOD-019,Администрирование,[Authentication/session error handling (Stage 3.5 error/UI rule)/Authentication/session error handling (Stage 3.5 error/UI rule)/Device-revocation error handling (Stage 3.5 error/UI rule)] Session/device interruption: операция прекращается без сохранения неподтверждённого состояния,GET_api_v1_admin_backups,GET /api/v1/admin/backups,Backup.Read,OrganizerController.GET_api_v1_admin_backups,"SCR-071 Project role/overrides; SCR-155 Startup, tray и device; SCR-170 Администрирование; SCR-171 Пользователи; SCR-172 Карточка пользователя; SCR-173 Создание/активация пользователя; SCR-174 Block/deactivate user; SCR-175 Отделы; SCR-176 Audit, policy engine, management APIs; SCR-177 Роли и permissions; SCR-178 Audit, policy engine, management APIs; SCR-179 Effective permission diagnostics; SCR-180 Устройства; SCR-181 Sessions и login attempts; SCR-182 Сетевые ресурсы; SCR-183 Settings APIs, Windows settings; SCR-184 Фоновые задания; SCR-185 Резервные копии; SCR-186 Audit; SCR-187 Organization settings / feature flags; SCR-188 Audit, policy engine, management APIs",FLOW-026 Архивирование; FLOW-028 Восстановление из корзины; FLOW-029 Блокировка пользователя; FLOW-030 Изменение permissions,,Security/session,Critical,OpenAPI `GET_api_v1_admin_backups`; Stage_3_Field_Traceability_Final_3.5.csv
AC-1091,AC,MOD-019,Администрирование,Happy path: Запустить backup,POST_api_v1_admin_backups,POST /api/v1/admin/backups,Backup.Execute,OrganizerController.POST_api_v1_admin_backups,"SCR-071 Project role/overrides; SCR-155 Startup, tray и device; SCR-170 Администрирование; SCR-171 Пользователи; SCR-172 Карточка пользователя; SCR-173 Создание/активация пользователя; SCR-174 Block/deactivate user; SCR-175 Отделы; SCR-176 Audit, policy engine, management APIs; SCR-177 Роли и permissions; SCR-178 Audit, policy engine, management APIs; SCR-179 Effective permission diagnostics; SCR-180 Устройства; SCR-181 Sessions и login attempts; SCR-182 Сетевые ресурсы; SCR-183 Settings APIs, Windows settings; SCR-184 Фоновые задания; SCR-185 Резервные копии; SCR-186 Audit; SCR-187 Organization settings / feature flags; SCR-188 Audit, policy engine, management APIs",FLOW-026 Архивирование; FLOW-028 Восстановление из корзины; FLOW-029 Блокировка пользователя; FLOW-030 Изменение permissions,,Contract/integration,Critical,OpenAPI `POST_api_v1_admin_backups`; Stage_3_Field_Traceability_Final_3.5.csv
AC-1092,AC,MOD-019,Администрирование,[Forbidden (Stage 3.5 State Matrix)/ObjectUnavailable (Stage 3.5 State Matrix)] Permission denied: Запустить backup не выполняется и данные не раскрываются,POST_api_v1_admin_backups,POST /api/v1/admin/backups,Backup.Execute,OrganizerController.POST_api_v1_admin_backups,"SCR-071 Project role/overrides; SCR-155 Startup, tray и device; SCR-170 Администрирование; SCR-171 Пользователи; SCR-172 Карточка пользователя; SCR-173 Создание/активация пользователя; SCR-174 Block/deactivate user; SCR-175 Отделы; SCR-176 Audit, policy engine, management APIs; SCR-177 Роли и permissions; SCR-178 Audit, policy engine, management APIs; SCR-179 Effective permission diagnostics; SCR-180 Устройства; SCR-181 Sessions и login attempts; SCR-182 Сетевые ресурсы; SCR-183 Settings APIs, Windows settings; SCR-184 Фоновые задания; SCR-185 Резервные копии; SCR-186 Audit; SCR-187 Organization settings / feature flags; SCR-188 Audit, policy engine, management APIs",FLOW-026 Архивирование; FLOW-028 Восстановление из корзины; FLOW-029 Блокировка пользователя; FLOW-030 Изменение permissions,,Security/authorization,Critical,OpenAPI `POST_api_v1_admin_backups`; Stage_3_Field_Traceability_Final_3.5.csv
AC-1093,AC,MOD-019,Администрирование,[Authentication/session error handling (Stage 3.5 error/UI rule)/Authentication/session error handling (Stage 3.5 error/UI rule)/Device-revocation error handling (Stage 3.5 error/UI rule)] Session/device interruption: операция прекращается без сохранения неподтверждённого состояния,POST_api_v1_admin_backups,POST /api/v1/admin/backups,Backup.Execute,OrganizerController.POST_api_v1_admin_backups,"SCR-071 Project role/overrides; SCR-155 Startup, tray и device; SCR-170 Администрирование; SCR-171 Пользователи; SCR-172 Карточка пользователя; SCR-173 Создание/активация пользователя; SCR-174 Block/deactivate user; SCR-175 Отделы; SCR-176 Audit, policy engine, management APIs; SCR-177 Роли и permissions; SCR-178 Audit, policy engine, management APIs; SCR-179 Effective permission diagnostics; SCR-180 Устройства; SCR-181 Sessions и login attempts; SCR-182 Сетевые ресурсы; SCR-183 Settings APIs, Windows settings; SCR-184 Фоновые задания; SCR-185 Резервные копии; SCR-186 Audit; SCR-187 Organization settings / feature flags; SCR-188 Audit, policy engine, management APIs",FLOW-026 Архивирование; FLOW-028 Восстановление из корзины; FLOW-029 Блокировка пользователя; FLOW-030 Изменение permissions,,Security/session,Critical,OpenAPI `POST_api_v1_admin_backups`; Stage_3_Field_Traceability_Final_3.5.csv
AC-1094,AC,MOD-019,Администрирование,[STATE-014/STATE-025] Conflict/precondition: устаревшая или отсутствующая контрактная версия/precondition не приводит к overwrite,POST_api_v1_admin_backups,POST /api/v1/admin/backups,Backup.Execute,OrganizerController.POST_api_v1_admin_backups,"SCR-071 Project role/overrides; SCR-155 Startup, tray и device; SCR-170 Администрирование; SCR-171 Пользователи; SCR-172 Карточка пользователя; SCR-173 Создание/активация пользователя; SCR-174 Block/deactivate user; SCR-175 Отделы; SCR-176 Audit, policy engine, management APIs; SCR-177 Роли и permissions; SCR-178 Audit, policy engine, management APIs; SCR-179 Effective permission diagnostics; SCR-180 Устройства; SCR-181 Sessions и login attempts; SCR-182 Сетевые ресурсы; SCR-183 Settings APIs, Windows settings; SCR-184 Фоновые задания; SCR-185 Резервные копии; SCR-186 Audit; SCR-187 Organization settings / feature flags; SCR-188 Audit, policy engine, management APIs",FLOW-026 Архивирование; FLOW-028 Восстановление из корзины; FLOW-029 Блокировка пользователя; FLOW-030 Изменение permissions,,Concurrency/integration,Critical,OpenAPI `POST_api_v1_admin_backups`; Stage_3_Field_Traceability_Final_3.5.csv
AC-1095,AC,MOD-019,Администрирование,[ServerUnavailable (Stage 3.5 State Matrix)/ServerUnavailable (cached read-only presentation) (Stage 3.5 State Matrix)/Reconnecting (Stage 3.5 State Matrix)] Server unavailable/read-only: команда Запустить backup не ставится в offline queue,POST_api_v1_admin_backups,POST /api/v1/admin/backups,Backup.Execute,OrganizerController.POST_api_v1_admin_backups,"SCR-071 Project role/overrides; SCR-155 Startup, tray и device; SCR-170 Администрирование; SCR-171 Пользователи; SCR-172 Карточка пользователя; SCR-173 Создание/активация пользователя; SCR-174 Block/deactivate user; SCR-175 Отделы; SCR-176 Audit, policy engine, management APIs; SCR-177 Роли и permissions; SCR-178 Audit, policy engine, management APIs; SCR-179 Effective permission diagnostics; SCR-180 Устройства; SCR-181 Sessions и login attempts; SCR-182 Сетевые ресурсы; SCR-183 Settings APIs, Windows settings; SCR-184 Фоновые задания; SCR-185 Резервные копии; SCR-186 Audit; SCR-187 Organization settings / feature flags; SCR-188 Audit, policy engine, management APIs",FLOW-026 Архивирование; FLOW-028 Восстановление из корзины; FLOW-029 Блокировка пользователя; FLOW-030 Изменение permissions,,Desktop/resilience,Critical,OpenAPI `POST_api_v1_admin_backups`; Stage_3_Field_Traceability_Final_3.5.csv
AC-1096,AC,MOD-019,Администрирование,[Stable-error-specific recovery (Stage 3.5 error/UI rule)] Idempotency: повтор с тем же key/hash не создаёт двойной side effect,POST_api_v1_admin_backups,POST /api/v1/admin/backups,Backup.Execute,OrganizerController.POST_api_v1_admin_backups,"SCR-071 Project role/overrides; SCR-155 Startup, tray и device; SCR-170 Администрирование; SCR-171 Пользователи; SCR-172 Карточка пользователя; SCR-173 Создание/активация пользователя; SCR-174 Block/deactivate user; SCR-175 Отделы; SCR-176 Audit, policy engine, management APIs; SCR-177 Роли и permissions; SCR-178 Audit, policy engine, management APIs; SCR-179 Effective permission diagnostics; SCR-180 Устройства; SCR-181 Sessions и login attempts; SCR-182 Сетевые ресурсы; SCR-183 Settings APIs, Windows settings; SCR-184 Фоновые задания; SCR-185 Резервные копии; SCR-186 Audit; SCR-187 Organization settings / feature flags; SCR-188 Audit, policy engine, management APIs",FLOW-026 Архивирование; FLOW-028 Восстановление из корзины; FLOW-029 Блокировка пользователя; FLOW-030 Изменение permissions,,Integration,Critical,OpenAPI `POST_api_v1_admin_backups`; Stage_3_Field_Traceability_Final_3.5.csv
AC-1097,AC,MOD-019,Администрирование,[Trashed (Stage 3.5 State Matrix)] Happy path: Запросить controlled restore,POST_api_v1_admin_backups_id_restore,POST /api/v1/admin/backups/{id}/restore,Backup.Restore,OrganizerController.POST_api_v1_admin_backups_id_restore,"SCR-071 Project role/overrides; SCR-155 Startup, tray и device; SCR-170 Администрирование; SCR-171 Пользователи; SCR-172 Карточка пользователя; SCR-173 Создание/активация пользователя; SCR-174 Block/deactivate user; SCR-175 Отделы; SCR-176 Audit, policy engine, management APIs; SCR-177 Роли и permissions; SCR-178 Audit, policy engine, management APIs; SCR-179 Effective permission diagnostics; SCR-180 Устройства; SCR-181 Sessions и login attempts; SCR-182 Сетевые ресурсы; SCR-183 Settings APIs, Windows settings; SCR-184 Фоновые задания; SCR-185 Резервные копии; SCR-186 Audit; SCR-187 Organization settings / feature flags; SCR-188 Audit, policy engine, management APIs",FLOW-028 Восстановление из корзины,,Contract/integration,Critical,OpenAPI `POST_api_v1_admin_backups_id_restore`; Stage_3_Field_Traceability_Final_3.5.csv
AC-1098,AC,MOD-019,Администрирование,[Forbidden (Stage 3.5 State Matrix)/ObjectUnavailable (Stage 3.5 State Matrix)/Trashed (Stage 3.5 State Matrix)] Permission denied: Запросить controlled restore не выполняется и данные не раскрываются,POST_api_v1_admin_backups_id_restore,POST /api/v1/admin/backups/{id}/restore,Backup.Restore,OrganizerController.POST_api_v1_admin_backups_id_restore,"SCR-071 Project role/overrides; SCR-155 Startup, tray и device; SCR-170 Администрирование; SCR-171 Пользователи; SCR-172 Карточка пользователя; SCR-173 Создание/активация пользователя; SCR-174 Block/deactivate user; SCR-175 Отделы; SCR-176 Audit, policy engine, management APIs; SCR-177 Роли и permissions; SCR-178 Audit, policy engine, management APIs; SCR-179 Effective permission diagnostics; SCR-180 Устройства; SCR-181 Sessions и login attempts; SCR-182 Сетевые ресурсы; SCR-183 Settings APIs, Windows settings; SCR-184 Фоновые задания; SCR-185 Резервные копии; SCR-186 Audit; SCR-187 Organization settings / feature flags; SCR-188 Audit, policy engine, management APIs",FLOW-028 Восстановление из корзины,,Security/authorization,Critical,OpenAPI `POST_api_v1_admin_backups_id_restore`; Stage_3_Field_Traceability_Final_3.5.csv
AC-1099,AC,MOD-019,Администрирование,[Trashed (Stage 3.5 State Matrix)/Authentication/session error handling (Stage 3.5 error/UI rule)/Authentication/session error handling (Stage 3.5 error/UI rule)/Device-revocation error handling (Stage 3.5 error/UI rule)] Session/device interruption: операция прекращается без сохранения неподтверждённого состояния,POST_api_v1_admin_backups_id_restore,POST /api/v1/admin/backups/{id}/restore,Backup.Restore,OrganizerController.POST_api_v1_admin_backups_id_restore,"SCR-071 Project role/overrides; SCR-155 Startup, tray и device; SCR-170 Администрирование; SCR-171 Пользователи; SCR-172 Карточка пользователя; SCR-173 Создание/активация пользователя; SCR-174 Block/deactivate user; SCR-175 Отделы; SCR-176 Audit, policy engine, management APIs; SCR-177 Роли и permissions; SCR-178 Audit, policy engine, management APIs; SCR-179 Effective permission diagnostics; SCR-180 Устройства; SCR-181 Sessions и login attempts; SCR-182 Сетевые ресурсы; SCR-183 Settings APIs, Windows settings; SCR-184 Фоновые задания; SCR-185 Резервные копии; SCR-186 Audit; SCR-187 Organization settings / feature flags; SCR-188 Audit, policy engine, management APIs",FLOW-028 Восстановление из корзины,,Security/session,Critical,OpenAPI `POST_api_v1_admin_backups_id_restore`; Stage_3_Field_Traceability_Final_3.5.csv
AC-1100,AC,MOD-019,Администрирование,[STATE-007/Trashed (Stage 3.5 State Matrix)] Validation: fieldErrors сохраняют draft и привязываются к canonical field path,POST_api_v1_admin_backups_id_restore,POST /api/v1/admin/backups/{id}/restore,Backup.Restore,OrganizerController.POST_api_v1_admin_backups_id_restore,"SCR-071 Project role/overrides; SCR-155 Startup, tray и device; SCR-170 Администрирование; SCR-171 Пользователи; SCR-172 Карточка пользователя; SCR-173 Создание/активация пользователя; SCR-174 Block/deactivate user; SCR-175 Отделы; SCR-176 Audit, policy engine, management APIs; SCR-177 Роли и permissions; SCR-178 Audit, policy engine, management APIs; SCR-179 Effective permission diagnostics; SCR-180 Устройства; SCR-181 Sessions и login attempts; SCR-182 Сетевые ресурсы; SCR-183 Settings APIs, Windows settings; SCR-184 Фоновые задания; SCR-185 Резервные копии; SCR-186 Audit; SCR-187 Organization settings / feature flags; SCR-188 Audit, policy engine, management APIs",FLOW-028 Восстановление из корзины,,Contract/UI,High,OpenAPI `POST_api_v1_admin_backups_id_restore`; Stage_3_Field_Traceability_Final_3.5.csv
AC-1101,AC,MOD-019,Администрирование,[STATE-014/Trashed (Stage 3.5 State Matrix)/STATE-025] Conflict/precondition: устаревшая или отсутствующая контрактная версия/precondition не приводит к overwrite,POST_api_v1_admin_backups_id_restore,POST /api/v1/admin/backups/{id}/restore,Backup.Restore,OrganizerController.POST_api_v1_admin_backups_id_restore,"SCR-071 Project role/overrides; SCR-155 Startup, tray и device; SCR-170 Администрирование; SCR-171 Пользователи; SCR-172 Карточка пользователя; SCR-173 Создание/активация пользователя; SCR-174 Block/deactivate user; SCR-175 Отделы; SCR-176 Audit, policy engine, management APIs; SCR-177 Роли и permissions; SCR-178 Audit, policy engine, management APIs; SCR-179 Effective permission diagnostics; SCR-180 Устройства; SCR-181 Sessions и login attempts; SCR-182 Сетевые ресурсы; SCR-183 Settings APIs, Windows settings; SCR-184 Фоновые задания; SCR-185 Резервные копии; SCR-186 Audit; SCR-187 Organization settings / feature flags; SCR-188 Audit, policy engine, management APIs",FLOW-028 Восстановление из корзины,,Concurrency/integration,Critical,OpenAPI `POST_api_v1_admin_backups_id_restore`; Stage_3_Field_Traceability_Final_3.5.csv
AC-1102,AC,MOD-019,Администрирование,[ServerUnavailable (Stage 3.5 State Matrix)/ServerUnavailable (cached read-only presentation) (Stage 3.5 State Matrix)/Reconnecting (Stage 3.5 State Matrix)/Trashed (Stage 3.5 State Matrix)] Server unavailable/read-only: команда Запросить controlled restore не ставится в offline queue,POST_api_v1_admin_backups_id_restore,POST /api/v1/admin/backups/{id}/restore,Backup.Restore,OrganizerController.POST_api_v1_admin_backups_id_restore,"SCR-071 Project role/overrides; SCR-155 Startup, tray и device; SCR-170 Администрирование; SCR-171 Пользователи; SCR-172 Карточка пользователя; SCR-173 Создание/активация пользователя; SCR-174 Block/deactivate user; SCR-175 Отделы; SCR-176 Audit, policy engine, management APIs; SCR-177 Роли и permissions; SCR-178 Audit, policy engine, management APIs; SCR-179 Effective permission diagnostics; SCR-180 Устройства; SCR-181 Sessions и login attempts; SCR-182 Сетевые ресурсы; SCR-183 Settings APIs, Windows settings; SCR-184 Фоновые задания; SCR-185 Резервные копии; SCR-186 Audit; SCR-187 Organization settings / feature flags; SCR-188 Audit, policy engine, management APIs",FLOW-028 Восстановление из корзины,,Desktop/resilience,Critical,OpenAPI `POST_api_v1_admin_backups_id_restore`; Stage_3_Field_Traceability_Final_3.5.csv
AC-1103,AC,MOD-019,Администрирование,[Trashed (Stage 3.5 State Matrix)/Stable-error-specific recovery (Stage 3.5 error/UI rule)] Idempotency: повтор с тем же key/hash не создаёт двойной side effect,POST_api_v1_admin_backups_id_restore,POST /api/v1/admin/backups/{id}/restore,Backup.Restore,OrganizerController.POST_api_v1_admin_backups_id_restore,"SCR-071 Project role/overrides; SCR-155 Startup, tray и device; SCR-170 Администрирование; SCR-171 Пользователи; SCR-172 Карточка пользователя; SCR-173 Создание/активация пользователя; SCR-174 Block/deactivate user; SCR-175 Отделы; SCR-176 Audit, policy engine, management APIs; SCR-177 Роли и permissions; SCR-178 Audit, policy engine, management APIs; SCR-179 Effective permission diagnostics; SCR-180 Устройства; SCR-181 Sessions и login attempts; SCR-182 Сетевые ресурсы; SCR-183 Settings APIs, Windows settings; SCR-184 Фоновые задания; SCR-185 Резервные копии; SCR-186 Audit; SCR-187 Organization settings / feature flags; SCR-188 Audit, policy engine, management APIs",FLOW-028 Восстановление из корзины,,Integration,Critical,OpenAPI `POST_api_v1_admin_backups_id_restore`; Stage_3_Field_Traceability_Final_3.5.csv
AC-1104,AC,MOD-019,Администрирование,[Trashed (Stage 3.5 State Matrix)] Happy path: Запустить restore verification,POST_api_v1_admin_backups_id_verify,POST /api/v1/admin/backups/{id}/verify,Backup.RestoreTest,OrganizerController.POST_api_v1_admin_backups_id_verify,"SCR-071 Project role/overrides; SCR-155 Startup, tray и device; SCR-170 Администрирование; SCR-171 Пользователи; SCR-172 Карточка пользователя; SCR-173 Создание/активация пользователя; SCR-174 Block/deactivate user; SCR-175 Отделы; SCR-176 Audit, policy engine, management APIs; SCR-177 Роли и permissions; SCR-178 Audit, policy engine, management APIs; SCR-179 Effective permission diagnostics; SCR-180 Устройства; SCR-181 Sessions и login attempts; SCR-182 Сетевые ресурсы; SCR-183 Settings APIs, Windows settings; SCR-184 Фоновые задания; SCR-185 Резервные копии; SCR-186 Audit; SCR-187 Organization settings / feature flags; SCR-188 Audit, policy engine, management APIs",FLOW-026 Архивирование; FLOW-028 Восстановление из корзины; FLOW-029 Блокировка пользователя; FLOW-030 Изменение permissions,,Contract/integration,Critical,OpenAPI `POST_api_v1_admin_backups_id_verify`; Stage_3_Field_Traceability_Final_3.5.csv
AC-1105,AC,MOD-019,Администрирование,[Forbidden (Stage 3.5 State Matrix)/ObjectUnavailable (Stage 3.5 State Matrix)/Trashed (Stage 3.5 State Matrix)] Permission denied: Запустить restore verification не выполняется и данные не раскрываются,POST_api_v1_admin_backups_id_verify,POST /api/v1/admin/backups/{id}/verify,Backup.RestoreTest,OrganizerController.POST_api_v1_admin_backups_id_verify,"SCR-071 Project role/overrides; SCR-155 Startup, tray и device; SCR-170 Администрирование; SCR-171 Пользователи; SCR-172 Карточка пользователя; SCR-173 Создание/активация пользователя; SCR-174 Block/deactivate user; SCR-175 Отделы; SCR-176 Audit, policy engine, management APIs; SCR-177 Роли и permissions; SCR-178 Audit, policy engine, management APIs; SCR-179 Effective permission diagnostics; SCR-180 Устройства; SCR-181 Sessions и login attempts; SCR-182 Сетевые ресурсы; SCR-183 Settings APIs, Windows settings; SCR-184 Фоновые задания; SCR-185 Резервные копии; SCR-186 Audit; SCR-187 Organization settings / feature flags; SCR-188 Audit, policy engine, management APIs",FLOW-026 Архивирование; FLOW-028 Восстановление из корзины; FLOW-029 Блокировка пользователя; FLOW-030 Изменение permissions,,Security/authorization,Critical,OpenAPI `POST_api_v1_admin_backups_id_verify`; Stage_3_Field_Traceability_Final_3.5.csv
AC-1106,AC,MOD-019,Администрирование,[Authentication/session error handling (Stage 3.5 error/UI rule)/Authentication/session error handling (Stage 3.5 error/UI rule)/Device-revocation error handling (Stage 3.5 error/UI rule)] Session/device interruption: операция прекращается без сохранения неподтверждённого состояния,POST_api_v1_admin_backups_id_verify,POST /api/v1/admin/backups/{id}/verify,Backup.RestoreTest,OrganizerController.POST_api_v1_admin_backups_id_verify,"SCR-071 Project role/overrides; SCR-155 Startup, tray и device; SCR-170 Администрирование; SCR-171 Пользователи; SCR-172 Карточка пользователя; SCR-173 Создание/активация пользователя; SCR-174 Block/deactivate user; SCR-175 Отделы; SCR-176 Audit, policy engine, management APIs; SCR-177 Роли и permissions; SCR-178 Audit, policy engine, management APIs; SCR-179 Effective permission diagnostics; SCR-180 Устройства; SCR-181 Sessions и login attempts; SCR-182 Сетевые ресурсы; SCR-183 Settings APIs, Windows settings; SCR-184 Фоновые задания; SCR-185 Резервные копии; SCR-186 Audit; SCR-187 Organization settings / feature flags; SCR-188 Audit, policy engine, management APIs",FLOW-026 Архивирование; FLOW-028 Восстановление из корзины; FLOW-029 Блокировка пользователя; FLOW-030 Изменение permissions,,Security/session,Critical,OpenAPI `POST_api_v1_admin_backups_id_verify`; Stage_3_Field_Traceability_Final_3.5.csv
AC-1107,AC,MOD-019,Администрирование,[STATE-014/STATE-025] Conflict/precondition: устаревшая или отсутствующая контрактная версия/precondition не приводит к overwrite,POST_api_v1_admin_backups_id_verify,POST /api/v1/admin/backups/{id}/verify,Backup.RestoreTest,OrganizerController.POST_api_v1_admin_backups_id_verify,"SCR-071 Project role/overrides; SCR-155 Startup, tray и device; SCR-170 Администрирование; SCR-171 Пользователи; SCR-172 Карточка пользователя; SCR-173 Создание/активация пользователя; SCR-174 Block/deactivate user; SCR-175 Отделы; SCR-176 Audit, policy engine, management APIs; SCR-177 Роли и permissions; SCR-178 Audit, policy engine, management APIs; SCR-179 Effective permission diagnostics; SCR-180 Устройства; SCR-181 Sessions и login attempts; SCR-182 Сетевые ресурсы; SCR-183 Settings APIs, Windows settings; SCR-184 Фоновые задания; SCR-185 Резервные копии; SCR-186 Audit; SCR-187 Organization settings / feature flags; SCR-188 Audit, policy engine, management APIs",FLOW-026 Архивирование; FLOW-028 Восстановление из корзины; FLOW-029 Блокировка пользователя; FLOW-030 Изменение permissions,,Concurrency/integration,Critical,OpenAPI `POST_api_v1_admin_backups_id_verify`; Stage_3_Field_Traceability_Final_3.5.csv
AC-1108,AC,MOD-019,Администрирование,[ServerUnavailable (Stage 3.5 State Matrix)/ServerUnavailable (cached read-only presentation) (Stage 3.5 State Matrix)/Reconnecting (Stage 3.5 State Matrix)/Trashed (Stage 3.5 State Matrix)] Server unavailable/read-only: команда Запустить restore verification не ставится в offline queue,POST_api_v1_admin_backups_id_verify,POST /api/v1/admin/backups/{id}/verify,Backup.RestoreTest,OrganizerController.POST_api_v1_admin_backups_id_verify,"SCR-071 Project role/overrides; SCR-155 Startup, tray и device; SCR-170 Администрирование; SCR-171 Пользователи; SCR-172 Карточка пользователя; SCR-173 Создание/активация пользователя; SCR-174 Block/deactivate user; SCR-175 Отделы; SCR-176 Audit, policy engine, management APIs; SCR-177 Роли и permissions; SCR-178 Audit, policy engine, management APIs; SCR-179 Effective permission diagnostics; SCR-180 Устройства; SCR-181 Sessions и login attempts; SCR-182 Сетевые ресурсы; SCR-183 Settings APIs, Windows settings; SCR-184 Фоновые задания; SCR-185 Резервные копии; SCR-186 Audit; SCR-187 Organization settings / feature flags; SCR-188 Audit, policy engine, management APIs",FLOW-026 Архивирование; FLOW-028 Восстановление из корзины; FLOW-029 Блокировка пользователя; FLOW-030 Изменение permissions,,Desktop/resilience,Critical,OpenAPI `POST_api_v1_admin_backups_id_verify`; Stage_3_Field_Traceability_Final_3.5.csv
AC-1109,AC,MOD-019,Администрирование,[Stable-error-specific recovery (Stage 3.5 error/UI rule)] Idempotency: повтор с тем же key/hash не создаёт двойной side effect,POST_api_v1_admin_backups_id_verify,POST /api/v1/admin/backups/{id}/verify,Backup.RestoreTest,OrganizerController.POST_api_v1_admin_backups_id_verify,"SCR-071 Project role/overrides; SCR-155 Startup, tray и device; SCR-170 Администрирование; SCR-171 Пользователи; SCR-172 Карточка пользователя; SCR-173 Создание/активация пользователя; SCR-174 Block/deactivate user; SCR-175 Отделы; SCR-176 Audit, policy engine, management APIs; SCR-177 Роли и permissions; SCR-178 Audit, policy engine, management APIs; SCR-179 Effective permission diagnostics; SCR-180 Устройства; SCR-181 Sessions и login attempts; SCR-182 Сетевые ресурсы; SCR-183 Settings APIs, Windows settings; SCR-184 Фоновые задания; SCR-185 Резервные копии; SCR-186 Audit; SCR-187 Organization settings / feature flags; SCR-188 Audit, policy engine, management APIs",FLOW-026 Архивирование; FLOW-028 Восстановление из корзины; FLOW-029 Блокировка пользователя; FLOW-030 Изменение permissions,,Integration,Critical,OpenAPI `POST_api_v1_admin_backups_id_verify`; Stage_3_Field_Traceability_Final_3.5.csv
AC-1110,AC,MOD-019,Администрирование,Happy path: Запустить compaction change feed,POST_api_v1_admin_change_feed_compact,POST /api/v1/admin/change-feed/compact,System.Configure,OrganizerController.POST_api_v1_admin_change_feed_compact,"SCR-071 Project role/overrides; SCR-155 Startup, tray и device; SCR-170 Администрирование; SCR-171 Пользователи; SCR-172 Карточка пользователя; SCR-173 Создание/активация пользователя; SCR-174 Block/deactivate user; SCR-175 Отделы; SCR-176 Audit, policy engine, management APIs; SCR-177 Роли и permissions; SCR-178 Audit, policy engine, management APIs; SCR-179 Effective permission diagnostics; SCR-180 Устройства; SCR-181 Sessions и login attempts; SCR-182 Сетевые ресурсы; SCR-183 Settings APIs, Windows settings; SCR-184 Фоновые задания; SCR-185 Резервные копии; SCR-186 Audit; SCR-187 Organization settings / feature flags; SCR-188 Audit, policy engine, management APIs",FLOW-026 Архивирование; FLOW-028 Восстановление из корзины; FLOW-029 Блокировка пользователя; FLOW-030 Изменение permissions,,Contract/integration,Critical,OpenAPI `POST_api_v1_admin_change_feed_compact`; Stage_3_Field_Traceability_Final_3.5.csv
AC-1111,AC,MOD-019,Администрирование,[Forbidden (Stage 3.5 State Matrix)/ObjectUnavailable (Stage 3.5 State Matrix)] Permission denied: Запустить compaction change feed не выполняется и данные не раскрываются,POST_api_v1_admin_change_feed_compact,POST /api/v1/admin/change-feed/compact,System.Configure,OrganizerController.POST_api_v1_admin_change_feed_compact,"SCR-071 Project role/overrides; SCR-155 Startup, tray и device; SCR-170 Администрирование; SCR-171 Пользователи; SCR-172 Карточка пользователя; SCR-173 Создание/активация пользователя; SCR-174 Block/deactivate user; SCR-175 Отделы; SCR-176 Audit, policy engine, management APIs; SCR-177 Роли и permissions; SCR-178 Audit, policy engine, management APIs; SCR-179 Effective permission diagnostics; SCR-180 Устройства; SCR-181 Sessions и login attempts; SCR-182 Сетевые ресурсы; SCR-183 Settings APIs, Windows settings; SCR-184 Фоновые задания; SCR-185 Резервные копии; SCR-186 Audit; SCR-187 Organization settings / feature flags; SCR-188 Audit, policy engine, management APIs",FLOW-026 Архивирование; FLOW-028 Восстановление из корзины; FLOW-029 Блокировка пользователя; FLOW-030 Изменение permissions,,Security/authorization,Critical,OpenAPI `POST_api_v1_admin_change_feed_compact`; Stage_3_Field_Traceability_Final_3.5.csv
AC-1112,AC,MOD-019,Администрирование,[Authentication/session error handling (Stage 3.5 error/UI rule)/Authentication/session error handling (Stage 3.5 error/UI rule)/Device-revocation error handling (Stage 3.5 error/UI rule)] Session/device interruption: операция прекращается без сохранения неподтверждённого состояния,POST_api_v1_admin_change_feed_compact,POST /api/v1/admin/change-feed/compact,System.Configure,OrganizerController.POST_api_v1_admin_change_feed_compact,"SCR-071 Project role/overrides; SCR-155 Startup, tray и device; SCR-170 Администрирование; SCR-171 Пользователи; SCR-172 Карточка пользователя; SCR-173 Создание/активация пользователя; SCR-174 Block/deactivate user; SCR-175 Отделы; SCR-176 Audit, policy engine, management APIs; SCR-177 Роли и permissions; SCR-178 Audit, policy engine, management APIs; SCR-179 Effective permission diagnostics; SCR-180 Устройства; SCR-181 Sessions и login attempts; SCR-182 Сетевые ресурсы; SCR-183 Settings APIs, Windows settings; SCR-184 Фоновые задания; SCR-185 Резервные копии; SCR-186 Audit; SCR-187 Organization settings / feature flags; SCR-188 Audit, policy engine, management APIs",FLOW-026 Архивирование; FLOW-028 Восстановление из корзины; FLOW-029 Блокировка пользователя; FLOW-030 Изменение permissions,,Security/session,Critical,OpenAPI `POST_api_v1_admin_change_feed_compact`; Stage_3_Field_Traceability_Final_3.5.csv
AC-1113,AC,MOD-019,Администрирование,[STATE-014/STATE-025] Conflict/precondition: устаревшая или отсутствующая контрактная версия/precondition не приводит к overwrite,POST_api_v1_admin_change_feed_compact,POST /api/v1/admin/change-feed/compact,System.Configure,OrganizerController.POST_api_v1_admin_change_feed_compact,"SCR-071 Project role/overrides; SCR-155 Startup, tray и device; SCR-170 Администрирование; SCR-171 Пользователи; SCR-172 Карточка пользователя; SCR-173 Создание/активация пользователя; SCR-174 Block/deactivate user; SCR-175 Отделы; SCR-176 Audit, policy engine, management APIs; SCR-177 Роли и permissions; SCR-178 Audit, policy engine, management APIs; SCR-179 Effective permission diagnostics; SCR-180 Устройства; SCR-181 Sessions и login attempts; SCR-182 Сетевые ресурсы; SCR-183 Settings APIs, Windows settings; SCR-184 Фоновые задания; SCR-185 Резервные копии; SCR-186 Audit; SCR-187 Organization settings / feature flags; SCR-188 Audit, policy engine, management APIs",FLOW-026 Архивирование; FLOW-028 Восстановление из корзины; FLOW-029 Блокировка пользователя; FLOW-030 Изменение permissions,,Concurrency/integration,Critical,OpenAPI `POST_api_v1_admin_change_feed_compact`; Stage_3_Field_Traceability_Final_3.5.csv
AC-1114,AC,MOD-019,Администрирование,[ServerUnavailable (Stage 3.5 State Matrix)/ServerUnavailable (cached read-only presentation) (Stage 3.5 State Matrix)/Reconnecting (Stage 3.5 State Matrix)] Server unavailable/read-only: команда Запустить compaction change feed не ставится в offline queue,POST_api_v1_admin_change_feed_compact,POST /api/v1/admin/change-feed/compact,System.Configure,OrganizerController.POST_api_v1_admin_change_feed_compact,"SCR-071 Project role/overrides; SCR-155 Startup, tray и device; SCR-170 Администрирование; SCR-171 Пользователи; SCR-172 Карточка пользователя; SCR-173 Создание/активация пользователя; SCR-174 Block/deactivate user; SCR-175 Отделы; SCR-176 Audit, policy engine, management APIs; SCR-177 Роли и permissions; SCR-178 Audit, policy engine, management APIs; SCR-179 Effective permission diagnostics; SCR-180 Устройства; SCR-181 Sessions и login attempts; SCR-182 Сетевые ресурсы; SCR-183 Settings APIs, Windows settings; SCR-184 Фоновые задания; SCR-185 Резервные копии; SCR-186 Audit; SCR-187 Organization settings / feature flags; SCR-188 Audit, policy engine, management APIs",FLOW-026 Архивирование; FLOW-028 Восстановление из корзины; FLOW-029 Блокировка пользователя; FLOW-030 Изменение permissions,,Desktop/resilience,Critical,OpenAPI `POST_api_v1_admin_change_feed_compact`; Stage_3_Field_Traceability_Final_3.5.csv
AC-1115,AC,MOD-019,Администрирование,[Stable-error-specific recovery (Stage 3.5 error/UI rule)] Idempotency: повтор с тем же key/hash не создаёт двойной side effect,POST_api_v1_admin_change_feed_compact,POST /api/v1/admin/change-feed/compact,System.Configure,OrganizerController.POST_api_v1_admin_change_feed_compact,"SCR-071 Project role/overrides; SCR-155 Startup, tray и device; SCR-170 Администрирование; SCR-171 Пользователи; SCR-172 Карточка пользователя; SCR-173 Создание/активация пользователя; SCR-174 Block/deactivate user; SCR-175 Отделы; SCR-176 Audit, policy engine, management APIs; SCR-177 Роли и permissions; SCR-178 Audit, policy engine, management APIs; SCR-179 Effective permission diagnostics; SCR-180 Устройства; SCR-181 Sessions и login attempts; SCR-182 Сетевые ресурсы; SCR-183 Settings APIs, Windows settings; SCR-184 Фоновые задания; SCR-185 Резервные копии; SCR-186 Audit; SCR-187 Organization settings / feature flags; SCR-188 Audit, policy engine, management APIs",FLOW-026 Архивирование; FLOW-028 Восстановление из корзины; FLOW-029 Блокировка пользователя; FLOW-030 Изменение permissions,,Integration,Critical,OpenAPI `POST_api_v1_admin_change_feed_compact`; Stage_3_Field_Traceability_Final_3.5.csv
AC-1116,AC,MOD-019,Администрирование,Happy path: Изменить feature flag,PUT_api_v1_admin_feature_flags_key,PUT /api/v1/admin/feature-flags/{key},System.Configure,OrganizerController.PUT_api_v1_admin_feature_flags_key,"SCR-071 Project role/overrides; SCR-155 Startup, tray и device; SCR-170 Администрирование; SCR-171 Пользователи; SCR-172 Карточка пользователя; SCR-173 Создание/активация пользователя; SCR-174 Block/deactivate user; SCR-175 Отделы; SCR-176 Audit, policy engine, management APIs; SCR-177 Роли и permissions; SCR-178 Audit, policy engine, management APIs; SCR-179 Effective permission diagnostics; SCR-180 Устройства; SCR-181 Sessions и login attempts; SCR-182 Сетевые ресурсы; SCR-183 Settings APIs, Windows settings; SCR-184 Фоновые задания; SCR-185 Резервные копии; SCR-186 Audit; SCR-187 Organization settings / feature flags; SCR-188 Audit, policy engine, management APIs",FLOW-026 Архивирование; FLOW-028 Восстановление из корзины; FLOW-029 Блокировка пользователя; FLOW-030 Изменение permissions,,Contract/integration,Critical,OpenAPI `PUT_api_v1_admin_feature_flags_key`; Stage_3_Field_Traceability_Final_3.5.csv
AC-1117,AC,MOD-019,Администрирование,[Forbidden (Stage 3.5 State Matrix)/ObjectUnavailable (Stage 3.5 State Matrix)] Permission denied: Изменить feature flag не выполняется и данные не раскрываются,PUT_api_v1_admin_feature_flags_key,PUT /api/v1/admin/feature-flags/{key},System.Configure,OrganizerController.PUT_api_v1_admin_feature_flags_key,"SCR-071 Project role/overrides; SCR-155 Startup, tray и device; SCR-170 Администрирование; SCR-171 Пользователи; SCR-172 Карточка пользователя; SCR-173 Создание/активация пользователя; SCR-174 Block/deactivate user; SCR-175 Отделы; SCR-176 Audit, policy engine, management APIs; SCR-177 Роли и permissions; SCR-178 Audit, policy engine, management APIs; SCR-179 Effective permission diagnostics; SCR-180 Устройства; SCR-181 Sessions и login attempts; SCR-182 Сетевые ресурсы; SCR-183 Settings APIs, Windows settings; SCR-184 Фоновые задания; SCR-185 Резервные копии; SCR-186 Audit; SCR-187 Organization settings / feature flags; SCR-188 Audit, policy engine, management APIs",FLOW-026 Архивирование; FLOW-028 Восстановление из корзины; FLOW-029 Блокировка пользователя; FLOW-030 Изменение permissions,,Security/authorization,Critical,OpenAPI `PUT_api_v1_admin_feature_flags_key`; Stage_3_Field_Traceability_Final_3.5.csv
AC-1118,AC,MOD-019,Администрирование,[Authentication/session error handling (Stage 3.5 error/UI rule)/Authentication/session error handling (Stage 3.5 error/UI rule)/Device-revocation error handling (Stage 3.5 error/UI rule)] Session/device interruption: операция прекращается без сохранения неподтверждённого состояния,PUT_api_v1_admin_feature_flags_key,PUT /api/v1/admin/feature-flags/{key},System.Configure,OrganizerController.PUT_api_v1_admin_feature_flags_key,"SCR-071 Project role/overrides; SCR-155 Startup, tray и device; SCR-170 Администрирование; SCR-171 Пользователи; SCR-172 Карточка пользователя; SCR-173 Создание/активация пользователя; SCR-174 Block/deactivate user; SCR-175 Отделы; SCR-176 Audit, policy engine, management APIs; SCR-177 Роли и permissions; SCR-178 Audit, policy engine, management APIs; SCR-179 Effective permission diagnostics; SCR-180 Устройства; SCR-181 Sessions и login attempts; SCR-182 Сетевые ресурсы; SCR-183 Settings APIs, Windows settings; SCR-184 Фоновые задания; SCR-185 Резервные копии; SCR-186 Audit; SCR-187 Organization settings / feature flags; SCR-188 Audit, policy engine, management APIs",FLOW-026 Архивирование; FLOW-028 Восстановление из корзины; FLOW-029 Блокировка пользователя; FLOW-030 Изменение permissions,,Security/session,Critical,OpenAPI `PUT_api_v1_admin_feature_flags_key`; Stage_3_Field_Traceability_Final_3.5.csv
AC-1119,AC,MOD-019,Администрирование,[STATE-007] Validation: fieldErrors сохраняют draft и привязываются к canonical field path,PUT_api_v1_admin_feature_flags_key,PUT /api/v1/admin/feature-flags/{key},System.Configure,OrganizerController.PUT_api_v1_admin_feature_flags_key,"SCR-071 Project role/overrides; SCR-155 Startup, tray и device; SCR-170 Администрирование; SCR-171 Пользователи; SCR-172 Карточка пользователя; SCR-173 Создание/активация пользователя; SCR-174 Block/deactivate user; SCR-175 Отделы; SCR-176 Audit, policy engine, management APIs; SCR-177 Роли и permissions; SCR-178 Audit, policy engine, management APIs; SCR-179 Effective permission diagnostics; SCR-180 Устройства; SCR-181 Sessions и login attempts; SCR-182 Сетевые ресурсы; SCR-183 Settings APIs, Windows settings; SCR-184 Фоновые задания; SCR-185 Резервные копии; SCR-186 Audit; SCR-187 Organization settings / feature flags; SCR-188 Audit, policy engine, management APIs",FLOW-026 Архивирование; FLOW-028 Восстановление из корзины; FLOW-029 Блокировка пользователя; FLOW-030 Изменение permissions,,Contract/UI,High,OpenAPI `PUT_api_v1_admin_feature_flags_key`; Stage_3_Field_Traceability_Final_3.5.csv
AC-1120,AC,MOD-019,Администрирование,[STATE-014/STATE-025] Conflict/precondition: устаревшая или отсутствующая If-Match не приводит к overwrite,PUT_api_v1_admin_feature_flags_key,PUT /api/v1/admin/feature-flags/{key},System.Configure,OrganizerController.PUT_api_v1_admin_feature_flags_key,"SCR-071 Project role/overrides; SCR-155 Startup, tray и device; SCR-170 Администрирование; SCR-171 Пользователи; SCR-172 Карточка пользователя; SCR-173 Создание/активация пользователя; SCR-174 Block/deactivate user; SCR-175 Отделы; SCR-176 Audit, policy engine, management APIs; SCR-177 Роли и permissions; SCR-178 Audit, policy engine, management APIs; SCR-179 Effective permission diagnostics; SCR-180 Устройства; SCR-181 Sessions и login attempts; SCR-182 Сетевые ресурсы; SCR-183 Settings APIs, Windows settings; SCR-184 Фоновые задания; SCR-185 Резервные копии; SCR-186 Audit; SCR-187 Organization settings / feature flags; SCR-188 Audit, policy engine, management APIs",FLOW-026 Архивирование; FLOW-028 Восстановление из корзины; FLOW-029 Блокировка пользователя; FLOW-030 Изменение permissions,,Concurrency/integration,Critical,OpenAPI `PUT_api_v1_admin_feature_flags_key`; Stage_3_Field_Traceability_Final_3.5.csv
AC-1121,AC,MOD-019,Администрирование,[ServerUnavailable (Stage 3.5 State Matrix)/ServerUnavailable (cached read-only presentation) (Stage 3.5 State Matrix)/Reconnecting (Stage 3.5 State Matrix)] Server unavailable/read-only: команда Изменить feature flag не ставится в offline queue,PUT_api_v1_admin_feature_flags_key,PUT /api/v1/admin/feature-flags/{key},System.Configure,OrganizerController.PUT_api_v1_admin_feature_flags_key,"SCR-071 Project role/overrides; SCR-155 Startup, tray и device; SCR-170 Администрирование; SCR-171 Пользователи; SCR-172 Карточка пользователя; SCR-173 Создание/активация пользователя; SCR-174 Block/deactivate user; SCR-175 Отделы; SCR-176 Audit, policy engine, management APIs; SCR-177 Роли и permissions; SCR-178 Audit, policy engine, management APIs; SCR-179 Effective permission diagnostics; SCR-180 Устройства; SCR-181 Sessions и login attempts; SCR-182 Сетевые ресурсы; SCR-183 Settings APIs, Windows settings; SCR-184 Фоновые задания; SCR-185 Резервные копии; SCR-186 Audit; SCR-187 Organization settings / feature flags; SCR-188 Audit, policy engine, management APIs",FLOW-026 Архивирование; FLOW-028 Восстановление из корзины; FLOW-029 Блокировка пользователя; FLOW-030 Изменение permissions,,Desktop/resilience,Critical,OpenAPI `PUT_api_v1_admin_feature_flags_key`; Stage_3_Field_Traceability_Final_3.5.csv
AC-1122,AC,MOD-019,Администрирование,[Stable-error-specific recovery (Stage 3.5 error/UI rule)] Idempotency: повтор с тем же key/hash не создаёт двойной side effect,PUT_api_v1_admin_feature_flags_key,PUT /api/v1/admin/feature-flags/{key},System.Configure,OrganizerController.PUT_api_v1_admin_feature_flags_key,"SCR-071 Project role/overrides; SCR-155 Startup, tray и device; SCR-170 Администрирование; SCR-171 Пользователи; SCR-172 Карточка пользователя; SCR-173 Создание/активация пользователя; SCR-174 Block/deactivate user; SCR-175 Отделы; SCR-176 Audit, policy engine, management APIs; SCR-177 Роли и permissions; SCR-178 Audit, policy engine, management APIs; SCR-179 Effective permission diagnostics; SCR-180 Устройства; SCR-181 Sessions и login attempts; SCR-182 Сетевые ресурсы; SCR-183 Settings APIs, Windows settings; SCR-184 Фоновые задания; SCR-185 Резервные копии; SCR-186 Audit; SCR-187 Organization settings / feature flags; SCR-188 Audit, policy engine, management APIs",FLOW-026 Архивирование; FLOW-028 Восстановление из корзины; FLOW-029 Блокировка пользователя; FLOW-030 Изменение permissions,,Integration,Critical,OpenAPI `PUT_api_v1_admin_feature_flags_key`; Stage_3_Field_Traceability_Final_3.5.csv
AC-1123,AC,MOD-019,Администрирование,Happy path: Фоновые задания,GET_api_v1_admin_jobs,GET /api/v1/admin/jobs,System.HealthRead,OrganizerController.GET_api_v1_admin_jobs,"SCR-071 Project role/overrides; SCR-155 Startup, tray и device; SCR-170 Администрирование; SCR-171 Пользователи; SCR-172 Карточка пользователя; SCR-173 Создание/активация пользователя; SCR-174 Block/deactivate user; SCR-175 Отделы; SCR-176 Audit, policy engine, management APIs; SCR-177 Роли и permissions; SCR-178 Audit, policy engine, management APIs; SCR-179 Effective permission diagnostics; SCR-180 Устройства; SCR-181 Sessions и login attempts; SCR-182 Сетевые ресурсы; SCR-183 Settings APIs, Windows settings; SCR-184 Фоновые задания; SCR-185 Резервные копии; SCR-186 Audit; SCR-187 Organization settings / feature flags; SCR-188 Audit, policy engine, management APIs",FLOW-026 Архивирование; FLOW-028 Восстановление из корзины; FLOW-029 Блокировка пользователя; FLOW-030 Изменение permissions,,Contract/integration,High,OpenAPI `GET_api_v1_admin_jobs`; Stage_3_Field_Traceability_Final_3.5.csv
AC-1124,AC,MOD-019,Администрирование,[Forbidden (Stage 3.5 State Matrix)/ObjectUnavailable (Stage 3.5 State Matrix)] Permission denied: Фоновые задания не выполняется и данные не раскрываются,GET_api_v1_admin_jobs,GET /api/v1/admin/jobs,System.HealthRead,OrganizerController.GET_api_v1_admin_jobs,"SCR-071 Project role/overrides; SCR-155 Startup, tray и device; SCR-170 Администрирование; SCR-171 Пользователи; SCR-172 Карточка пользователя; SCR-173 Создание/активация пользователя; SCR-174 Block/deactivate user; SCR-175 Отделы; SCR-176 Audit, policy engine, management APIs; SCR-177 Роли и permissions; SCR-178 Audit, policy engine, management APIs; SCR-179 Effective permission diagnostics; SCR-180 Устройства; SCR-181 Sessions и login attempts; SCR-182 Сетевые ресурсы; SCR-183 Settings APIs, Windows settings; SCR-184 Фоновые задания; SCR-185 Резервные копии; SCR-186 Audit; SCR-187 Organization settings / feature flags; SCR-188 Audit, policy engine, management APIs",FLOW-026 Архивирование; FLOW-028 Восстановление из корзины; FLOW-029 Блокировка пользователя; FLOW-030 Изменение permissions,,Security/authorization,Critical,OpenAPI `GET_api_v1_admin_jobs`; Stage_3_Field_Traceability_Final_3.5.csv
AC-1125,AC,MOD-019,Администрирование,[Authentication/session error handling (Stage 3.5 error/UI rule)/Authentication/session error handling (Stage 3.5 error/UI rule)/Device-revocation error handling (Stage 3.5 error/UI rule)] Session/device interruption: операция прекращается без сохранения неподтверждённого состояния,GET_api_v1_admin_jobs,GET /api/v1/admin/jobs,System.HealthRead,OrganizerController.GET_api_v1_admin_jobs,"SCR-071 Project role/overrides; SCR-155 Startup, tray и device; SCR-170 Администрирование; SCR-171 Пользователи; SCR-172 Карточка пользователя; SCR-173 Создание/активация пользователя; SCR-174 Block/deactivate user; SCR-175 Отделы; SCR-176 Audit, policy engine, management APIs; SCR-177 Роли и permissions; SCR-178 Audit, policy engine, management APIs; SCR-179 Effective permission diagnostics; SCR-180 Устройства; SCR-181 Sessions и login attempts; SCR-182 Сетевые ресурсы; SCR-183 Settings APIs, Windows settings; SCR-184 Фоновые задания; SCR-185 Резервные копии; SCR-186 Audit; SCR-187 Organization settings / feature flags; SCR-188 Audit, policy engine, management APIs",FLOW-026 Архивирование; FLOW-028 Восстановление из корзины; FLOW-029 Блокировка пользователя; FLOW-030 Изменение permissions,,Security/session,Critical,OpenAPI `GET_api_v1_admin_jobs`; Stage_3_Field_Traceability_Final_3.5.csv
AC-1126,AC,MOD-019,Администрирование,Happy path: Запустить разрешённый job,POST_api_v1_admin_jobs_code_run,POST /api/v1/admin/jobs/{code}/run,System.Configure,OrganizerController.POST_api_v1_admin_jobs_code_run,"SCR-071 Project role/overrides; SCR-155 Startup, tray и device; SCR-170 Администрирование; SCR-171 Пользователи; SCR-172 Карточка пользователя; SCR-173 Создание/активация пользователя; SCR-174 Block/deactivate user; SCR-175 Отделы; SCR-176 Audit, policy engine, management APIs; SCR-177 Роли и permissions; SCR-178 Audit, policy engine, management APIs; SCR-179 Effective permission diagnostics; SCR-180 Устройства; SCR-181 Sessions и login attempts; SCR-182 Сетевые ресурсы; SCR-183 Settings APIs, Windows settings; SCR-184 Фоновые задания; SCR-185 Резервные копии; SCR-186 Audit; SCR-187 Organization settings / feature flags; SCR-188 Audit, policy engine, management APIs",FLOW-026 Архивирование; FLOW-028 Восстановление из корзины; FLOW-029 Блокировка пользователя; FLOW-030 Изменение permissions,,Contract/integration,Critical,OpenAPI `POST_api_v1_admin_jobs_code_run`; Stage_3_Field_Traceability_Final_3.5.csv
AC-1127,AC,MOD-019,Администрирование,[Forbidden (Stage 3.5 State Matrix)/ObjectUnavailable (Stage 3.5 State Matrix)] Permission denied: Запустить разрешённый job не выполняется и данные не раскрываются,POST_api_v1_admin_jobs_code_run,POST /api/v1/admin/jobs/{code}/run,System.Configure,OrganizerController.POST_api_v1_admin_jobs_code_run,"SCR-071 Project role/overrides; SCR-155 Startup, tray и device; SCR-170 Администрирование; SCR-171 Пользователи; SCR-172 Карточка пользователя; SCR-173 Создание/активация пользователя; SCR-174 Block/deactivate user; SCR-175 Отделы; SCR-176 Audit, policy engine, management APIs; SCR-177 Роли и permissions; SCR-178 Audit, policy engine, management APIs; SCR-179 Effective permission diagnostics; SCR-180 Устройства; SCR-181 Sessions и login attempts; SCR-182 Сетевые ресурсы; SCR-183 Settings APIs, Windows settings; SCR-184 Фоновые задания; SCR-185 Резервные копии; SCR-186 Audit; SCR-187 Organization settings / feature flags; SCR-188 Audit, policy engine, management APIs",FLOW-026 Архивирование; FLOW-028 Восстановление из корзины; FLOW-029 Блокировка пользователя; FLOW-030 Изменение permissions,,Security/authorization,Critical,OpenAPI `POST_api_v1_admin_jobs_code_run`; Stage_3_Field_Traceability_Final_3.5.csv
AC-1128,AC,MOD-019,Администрирование,[Authentication/session error handling (Stage 3.5 error/UI rule)/Authentication/session error handling (Stage 3.5 error/UI rule)/Device-revocation error handling (Stage 3.5 error/UI rule)] Session/device interruption: операция прекращается без сохранения неподтверждённого состояния,POST_api_v1_admin_jobs_code_run,POST /api/v1/admin/jobs/{code}/run,System.Configure,OrganizerController.POST_api_v1_admin_jobs_code_run,"SCR-071 Project role/overrides; SCR-155 Startup, tray и device; SCR-170 Администрирование; SCR-171 Пользователи; SCR-172 Карточка пользователя; SCR-173 Создание/активация пользователя; SCR-174 Block/deactivate user; SCR-175 Отделы; SCR-176 Audit, policy engine, management APIs; SCR-177 Роли и permissions; SCR-178 Audit, policy engine, management APIs; SCR-179 Effective permission diagnostics; SCR-180 Устройства; SCR-181 Sessions и login attempts; SCR-182 Сетевые ресурсы; SCR-183 Settings APIs, Windows settings; SCR-184 Фоновые задания; SCR-185 Резервные копии; SCR-186 Audit; SCR-187 Organization settings / feature flags; SCR-188 Audit, policy engine, management APIs",FLOW-026 Архивирование; FLOW-028 Восстановление из корзины; FLOW-029 Блокировка пользователя; FLOW-030 Изменение permissions,,Security/session,Critical,OpenAPI `POST_api_v1_admin_jobs_code_run`; Stage_3_Field_Traceability_Final_3.5.csv
AC-1129,AC,MOD-019,Администрирование,[STATE-014/STATE-025] Conflict/precondition: устаревшая или отсутствующая контрактная версия/precondition не приводит к overwrite,POST_api_v1_admin_jobs_code_run,POST /api/v1/admin/jobs/{code}/run,System.Configure,OrganizerController.POST_api_v1_admin_jobs_code_run,"SCR-071 Project role/overrides; SCR-155 Startup, tray и device; SCR-170 Администрирование; SCR-171 Пользователи; SCR-172 Карточка пользователя; SCR-173 Создание/активация пользователя; SCR-174 Block/deactivate user; SCR-175 Отделы; SCR-176 Audit, policy engine, management APIs; SCR-177 Роли и permissions; SCR-178 Audit, policy engine, management APIs; SCR-179 Effective permission diagnostics; SCR-180 Устройства; SCR-181 Sessions и login attempts; SCR-182 Сетевые ресурсы; SCR-183 Settings APIs, Windows settings; SCR-184 Фоновые задания; SCR-185 Резервные копии; SCR-186 Audit; SCR-187 Organization settings / feature flags; SCR-188 Audit, policy engine, management APIs",FLOW-026 Архивирование; FLOW-028 Восстановление из корзины; FLOW-029 Блокировка пользователя; FLOW-030 Изменение permissions,,Concurrency/integration,Critical,OpenAPI `POST_api_v1_admin_jobs_code_run`; Stage_3_Field_Traceability_Final_3.5.csv
AC-1130,AC,MOD-019,Администрирование,[ServerUnavailable (Stage 3.5 State Matrix)/ServerUnavailable (cached read-only presentation) (Stage 3.5 State Matrix)/Reconnecting (Stage 3.5 State Matrix)] Server unavailable/read-only: команда Запустить разрешённый job не ставится в offline queue,POST_api_v1_admin_jobs_code_run,POST /api/v1/admin/jobs/{code}/run,System.Configure,OrganizerController.POST_api_v1_admin_jobs_code_run,"SCR-071 Project role/overrides; SCR-155 Startup, tray и device; SCR-170 Администрирование; SCR-171 Пользователи; SCR-172 Карточка пользователя; SCR-173 Создание/активация пользователя; SCR-174 Block/deactivate user; SCR-175 Отделы; SCR-176 Audit, policy engine, management APIs; SCR-177 Роли и permissions; SCR-178 Audit, policy engine, management APIs; SCR-179 Effective permission diagnostics; SCR-180 Устройства; SCR-181 Sessions и login attempts; SCR-182 Сетевые ресурсы; SCR-183 Settings APIs, Windows settings; SCR-184 Фоновые задания; SCR-185 Резервные копии; SCR-186 Audit; SCR-187 Organization settings / feature flags; SCR-188 Audit, policy engine, management APIs",FLOW-026 Архивирование; FLOW-028 Восстановление из корзины; FLOW-029 Блокировка пользователя; FLOW-030 Изменение permissions,,Desktop/resilience,Critical,OpenAPI `POST_api_v1_admin_jobs_code_run`; Stage_3_Field_Traceability_Final_3.5.csv
AC-1131,AC,MOD-019,Администрирование,[Stable-error-specific recovery (Stage 3.5 error/UI rule)] Idempotency: повтор с тем же key/hash не создаёт двойной side effect,POST_api_v1_admin_jobs_code_run,POST /api/v1/admin/jobs/{code}/run,System.Configure,OrganizerController.POST_api_v1_admin_jobs_code_run,"SCR-071 Project role/overrides; SCR-155 Startup, tray и device; SCR-170 Администрирование; SCR-171 Пользователи; SCR-172 Карточка пользователя; SCR-173 Создание/активация пользователя; SCR-174 Block/deactivate user; SCR-175 Отделы; SCR-176 Audit, policy engine, management APIs; SCR-177 Роли и permissions; SCR-178 Audit, policy engine, management APIs; SCR-179 Effective permission diagnostics; SCR-180 Устройства; SCR-181 Sessions и login attempts; SCR-182 Сетевые ресурсы; SCR-183 Settings APIs, Windows settings; SCR-184 Фоновые задания; SCR-185 Резервные копии; SCR-186 Audit; SCR-187 Organization settings / feature flags; SCR-188 Audit, policy engine, management APIs",FLOW-026 Архивирование; FLOW-028 Восстановление из корзины; FLOW-029 Блокировка пользователя; FLOW-030 Изменение permissions,,Integration,Critical,OpenAPI `POST_api_v1_admin_jobs_code_run`; Stage_3_Field_Traceability_Final_3.5.csv
AC-1132,AC,MOD-019,Администрирование,Happy path: История job,GET_api_v1_admin_jobs_code_runs,GET /api/v1/admin/jobs/{code}/runs,System.HealthRead,OrganizerController.GET_api_v1_admin_jobs_code_runs,"SCR-071 Project role/overrides; SCR-155 Startup, tray и device; SCR-170 Администрирование; SCR-171 Пользователи; SCR-172 Карточка пользователя; SCR-173 Создание/активация пользователя; SCR-174 Block/deactivate user; SCR-175 Отделы; SCR-176 Audit, policy engine, management APIs; SCR-177 Роли и permissions; SCR-178 Audit, policy engine, management APIs; SCR-179 Effective permission diagnostics; SCR-180 Устройства; SCR-181 Sessions и login attempts; SCR-182 Сетевые ресурсы; SCR-183 Settings APIs, Windows settings; SCR-184 Фоновые задания; SCR-185 Резервные копии; SCR-186 Audit; SCR-187 Organization settings / feature flags; SCR-188 Audit, policy engine, management APIs",FLOW-026 Архивирование; FLOW-028 Восстановление из корзины; FLOW-029 Блокировка пользователя; FLOW-030 Изменение permissions,,Contract/integration,High,OpenAPI `GET_api_v1_admin_jobs_code_runs`; Stage_3_Field_Traceability_Final_3.5.csv
AC-1133,AC,MOD-019,Администрирование,[Forbidden (Stage 3.5 State Matrix)/ObjectUnavailable (Stage 3.5 State Matrix)] Permission denied: История job не выполняется и данные не раскрываются,GET_api_v1_admin_jobs_code_runs,GET /api/v1/admin/jobs/{code}/runs,System.HealthRead,OrganizerController.GET_api_v1_admin_jobs_code_runs,"SCR-071 Project role/overrides; SCR-155 Startup, tray и device; SCR-170 Администрирование; SCR-171 Пользователи; SCR-172 Карточка пользователя; SCR-173 Создание/активация пользователя; SCR-174 Block/deactivate user; SCR-175 Отделы; SCR-176 Audit, policy engine, management APIs; SCR-177 Роли и permissions; SCR-178 Audit, policy engine, management APIs; SCR-179 Effective permission diagnostics; SCR-180 Устройства; SCR-181 Sessions и login attempts; SCR-182 Сетевые ресурсы; SCR-183 Settings APIs, Windows settings; SCR-184 Фоновые задания; SCR-185 Резервные копии; SCR-186 Audit; SCR-187 Organization settings / feature flags; SCR-188 Audit, policy engine, management APIs",FLOW-026 Архивирование; FLOW-028 Восстановление из корзины; FLOW-029 Блокировка пользователя; FLOW-030 Изменение permissions,,Security/authorization,Critical,OpenAPI `GET_api_v1_admin_jobs_code_runs`; Stage_3_Field_Traceability_Final_3.5.csv
AC-1134,AC,MOD-019,Администрирование,[Authentication/session error handling (Stage 3.5 error/UI rule)/Authentication/session error handling (Stage 3.5 error/UI rule)/Device-revocation error handling (Stage 3.5 error/UI rule)] Session/device interruption: операция прекращается без сохранения неподтверждённого состояния,GET_api_v1_admin_jobs_code_runs,GET /api/v1/admin/jobs/{code}/runs,System.HealthRead,OrganizerController.GET_api_v1_admin_jobs_code_runs,"SCR-071 Project role/overrides; SCR-155 Startup, tray и device; SCR-170 Администрирование; SCR-171 Пользователи; SCR-172 Карточка пользователя; SCR-173 Создание/активация пользователя; SCR-174 Block/deactivate user; SCR-175 Отделы; SCR-176 Audit, policy engine, management APIs; SCR-177 Роли и permissions; SCR-178 Audit, policy engine, management APIs; SCR-179 Effective permission diagnostics; SCR-180 Устройства; SCR-181 Sessions и login attempts; SCR-182 Сетевые ресурсы; SCR-183 Settings APIs, Windows settings; SCR-184 Фоновые задания; SCR-185 Резервные копии; SCR-186 Audit; SCR-187 Organization settings / feature flags; SCR-188 Audit, policy engine, management APIs",FLOW-026 Архивирование; FLOW-028 Восстановление из корзины; FLOW-029 Блокировка пользователя; FLOW-030 Изменение permissions,,Security/session,Critical,OpenAPI `GET_api_v1_admin_jobs_code_runs`; Stage_3_Field_Traceability_Final_3.5.csv
AC-1135,AC,MOD-019,Администрирование,Happy path: Включить/выключить maintenance mode,POST_api_v1_admin_maintenance_mode,POST /api/v1/admin/maintenance-mode,System.Configure,OrganizerController.POST_api_v1_admin_maintenance_mode,"SCR-071 Project role/overrides; SCR-155 Startup, tray и device; SCR-170 Администрирование; SCR-171 Пользователи; SCR-172 Карточка пользователя; SCR-173 Создание/активация пользователя; SCR-174 Block/deactivate user; SCR-175 Отделы; SCR-176 Audit, policy engine, management APIs; SCR-177 Роли и permissions; SCR-178 Audit, policy engine, management APIs; SCR-179 Effective permission diagnostics; SCR-180 Устройства; SCR-181 Sessions и login attempts; SCR-182 Сетевые ресурсы; SCR-183 Settings APIs, Windows settings; SCR-184 Фоновые задания; SCR-185 Резервные копии; SCR-186 Audit; SCR-187 Organization settings / feature flags; SCR-188 Audit, policy engine, management APIs",FLOW-026 Архивирование; FLOW-028 Восстановление из корзины; FLOW-029 Блокировка пользователя; FLOW-030 Изменение permissions,,Contract/integration,Critical,OpenAPI `POST_api_v1_admin_maintenance_mode`; Stage_3_Field_Traceability_Final_3.5.csv
AC-1136,AC,MOD-019,Администрирование,[Forbidden (Stage 3.5 State Matrix)/ObjectUnavailable (Stage 3.5 State Matrix)] Permission denied: Включить/выключить maintenance mode не выполняется и данные не раскрываются,POST_api_v1_admin_maintenance_mode,POST /api/v1/admin/maintenance-mode,System.Configure,OrganizerController.POST_api_v1_admin_maintenance_mode,"SCR-071 Project role/overrides; SCR-155 Startup, tray и device; SCR-170 Администрирование; SCR-171 Пользователи; SCR-172 Карточка пользователя; SCR-173 Создание/активация пользователя; SCR-174 Block/deactivate user; SCR-175 Отделы; SCR-176 Audit, policy engine, management APIs; SCR-177 Роли и permissions; SCR-178 Audit, policy engine, management APIs; SCR-179 Effective permission diagnostics; SCR-180 Устройства; SCR-181 Sessions и login attempts; SCR-182 Сетевые ресурсы; SCR-183 Settings APIs, Windows settings; SCR-184 Фоновые задания; SCR-185 Резервные копии; SCR-186 Audit; SCR-187 Organization settings / feature flags; SCR-188 Audit, policy engine, management APIs",FLOW-026 Архивирование; FLOW-028 Восстановление из корзины; FLOW-029 Блокировка пользователя; FLOW-030 Изменение permissions,,Security/authorization,Critical,OpenAPI `POST_api_v1_admin_maintenance_mode`; Stage_3_Field_Traceability_Final_3.5.csv
AC-1137,AC,MOD-019,Администрирование,[Authentication/session error handling (Stage 3.5 error/UI rule)/Authentication/session error handling (Stage 3.5 error/UI rule)/Device-revocation error handling (Stage 3.5 error/UI rule)] Session/device interruption: операция прекращается без сохранения неподтверждённого состояния,POST_api_v1_admin_maintenance_mode,POST /api/v1/admin/maintenance-mode,System.Configure,OrganizerController.POST_api_v1_admin_maintenance_mode,"SCR-071 Project role/overrides; SCR-155 Startup, tray и device; SCR-170 Администрирование; SCR-171 Пользователи; SCR-172 Карточка пользователя; SCR-173 Создание/активация пользователя; SCR-174 Block/deactivate user; SCR-175 Отделы; SCR-176 Audit, policy engine, management APIs; SCR-177 Роли и permissions; SCR-178 Audit, policy engine, management APIs; SCR-179 Effective permission diagnostics; SCR-180 Устройства; SCR-181 Sessions и login attempts; SCR-182 Сетевые ресурсы; SCR-183 Settings APIs, Windows settings; SCR-184 Фоновые задания; SCR-185 Резервные копии; SCR-186 Audit; SCR-187 Organization settings / feature flags; SCR-188 Audit, policy engine, management APIs",FLOW-026 Архивирование; FLOW-028 Восстановление из корзины; FLOW-029 Блокировка пользователя; FLOW-030 Изменение permissions,,Security/session,Critical,OpenAPI `POST_api_v1_admin_maintenance_mode`; Stage_3_Field_Traceability_Final_3.5.csv
AC-1138,AC,MOD-019,Администрирование,[STATE-014/STATE-025] Conflict/precondition: устаревшая или отсутствующая If-Match не приводит к overwrite,POST_api_v1_admin_maintenance_mode,POST /api/v1/admin/maintenance-mode,System.Configure,OrganizerController.POST_api_v1_admin_maintenance_mode,"SCR-071 Project role/overrides; SCR-155 Startup, tray и device; SCR-170 Администрирование; SCR-171 Пользователи; SCR-172 Карточка пользователя; SCR-173 Создание/активация пользователя; SCR-174 Block/deactivate user; SCR-175 Отделы; SCR-176 Audit, policy engine, management APIs; SCR-177 Роли и permissions; SCR-178 Audit, policy engine, management APIs; SCR-179 Effective permission diagnostics; SCR-180 Устройства; SCR-181 Sessions и login attempts; SCR-182 Сетевые ресурсы; SCR-183 Settings APIs, Windows settings; SCR-184 Фоновые задания; SCR-185 Резервные копии; SCR-186 Audit; SCR-187 Organization settings / feature flags; SCR-188 Audit, policy engine, management APIs",FLOW-026 Архивирование; FLOW-028 Восстановление из корзины; FLOW-029 Блокировка пользователя; FLOW-030 Изменение permissions,,Concurrency/integration,Critical,OpenAPI `POST_api_v1_admin_maintenance_mode`; Stage_3_Field_Traceability_Final_3.5.csv
AC-1139,AC,MOD-019,Администрирование,[ServerUnavailable (Stage 3.5 State Matrix)/ServerUnavailable (cached read-only presentation) (Stage 3.5 State Matrix)/Reconnecting (Stage 3.5 State Matrix)] Server unavailable/read-only: команда Включить/выключить maintenance mode не ставится в offline queue,POST_api_v1_admin_maintenance_mode,POST /api/v1/admin/maintenance-mode,System.Configure,OrganizerController.POST_api_v1_admin_maintenance_mode,"SCR-071 Project role/overrides; SCR-155 Startup, tray и device; SCR-170 Администрирование; SCR-171 Пользователи; SCR-172 Карточка пользователя; SCR-173 Создание/активация пользователя; SCR-174 Block/deactivate user; SCR-175 Отделы; SCR-176 Audit, policy engine, management APIs; SCR-177 Роли и permissions; SCR-178 Audit, policy engine, management APIs; SCR-179 Effective permission diagnostics; SCR-180 Устройства; SCR-181 Sessions и login attempts; SCR-182 Сетевые ресурсы; SCR-183 Settings APIs, Windows settings; SCR-184 Фоновые задания; SCR-185 Резервные копии; SCR-186 Audit; SCR-187 Organization settings / feature flags; SCR-188 Audit, policy engine, management APIs",FLOW-026 Архивирование; FLOW-028 Восстановление из корзины; FLOW-029 Блокировка пользователя; FLOW-030 Изменение permissions,,Desktop/resilience,Critical,OpenAPI `POST_api_v1_admin_maintenance_mode`; Stage_3_Field_Traceability_Final_3.5.csv
AC-1140,AC,MOD-019,Администрирование,[Stable-error-specific recovery (Stage 3.5 error/UI rule)] Idempotency: повтор с тем же key/hash не создаёт двойной side effect,POST_api_v1_admin_maintenance_mode,POST /api/v1/admin/maintenance-mode,System.Configure,OrganizerController.POST_api_v1_admin_maintenance_mode,"SCR-071 Project role/overrides; SCR-155 Startup, tray и device; SCR-170 Администрирование; SCR-171 Пользователи; SCR-172 Карточка пользователя; SCR-173 Создание/активация пользователя; SCR-174 Block/deactivate user; SCR-175 Отделы; SCR-176 Audit, policy engine, management APIs; SCR-177 Роли и permissions; SCR-178 Audit, policy engine, management APIs; SCR-179 Effective permission diagnostics; SCR-180 Устройства; SCR-181 Sessions и login attempts; SCR-182 Сетевые ресурсы; SCR-183 Settings APIs, Windows settings; SCR-184 Фоновые задания; SCR-185 Резервные копии; SCR-186 Audit; SCR-187 Organization settings / feature flags; SCR-188 Audit, policy engine, management APIs",FLOW-026 Архивирование; FLOW-028 Восстановление из корзины; FLOW-029 Блокировка пользователя; FLOW-030 Изменение permissions,,Integration,Critical,OpenAPI `POST_api_v1_admin_maintenance_mode`; Stage_3_Field_Traceability_Final_3.5.csv
AC-1141,AC,MOD-019,Администрирование,Happy path: Запустить переиндексацию,POST_api_v1_admin_search_reindex,POST /api/v1/admin/search/reindex,System.Configure,OrganizerController.POST_api_v1_admin_search_reindex,"SCR-071 Project role/overrides; SCR-155 Startup, tray и device; SCR-170 Администрирование; SCR-171 Пользователи; SCR-172 Карточка пользователя; SCR-173 Создание/активация пользователя; SCR-174 Block/deactivate user; SCR-175 Отделы; SCR-176 Audit, policy engine, management APIs; SCR-177 Роли и permissions; SCR-178 Audit, policy engine, management APIs; SCR-179 Effective permission diagnostics; SCR-180 Устройства; SCR-181 Sessions и login attempts; SCR-182 Сетевые ресурсы; SCR-183 Settings APIs, Windows settings; SCR-184 Фоновые задания; SCR-185 Резервные копии; SCR-186 Audit; SCR-187 Organization settings / feature flags; SCR-188 Audit, policy engine, management APIs",FLOW-026 Архивирование; FLOW-028 Восстановление из корзины; FLOW-029 Блокировка пользователя; FLOW-030 Изменение permissions,,Contract/integration,Critical,OpenAPI `POST_api_v1_admin_search_reindex`; Stage_3_Field_Traceability_Final_3.5.csv
AC-1142,AC,MOD-019,Администрирование,[Forbidden (Stage 3.5 State Matrix)/ObjectUnavailable (Stage 3.5 State Matrix)] Permission denied: Запустить переиндексацию не выполняется и данные не раскрываются,POST_api_v1_admin_search_reindex,POST /api/v1/admin/search/reindex,System.Configure,OrganizerController.POST_api_v1_admin_search_reindex,"SCR-071 Project role/overrides; SCR-155 Startup, tray и device; SCR-170 Администрирование; SCR-171 Пользователи; SCR-172 Карточка пользователя; SCR-173 Создание/активация пользователя; SCR-174 Block/deactivate user; SCR-175 Отделы; SCR-176 Audit, policy engine, management APIs; SCR-177 Роли и permissions; SCR-178 Audit, policy engine, management APIs; SCR-179 Effective permission diagnostics; SCR-180 Устройства; SCR-181 Sessions и login attempts; SCR-182 Сетевые ресурсы; SCR-183 Settings APIs, Windows settings; SCR-184 Фоновые задания; SCR-185 Резервные копии; SCR-186 Audit; SCR-187 Organization settings / feature flags; SCR-188 Audit, policy engine, management APIs",FLOW-026 Архивирование; FLOW-028 Восстановление из корзины; FLOW-029 Блокировка пользователя; FLOW-030 Изменение permissions,,Security/authorization,Critical,OpenAPI `POST_api_v1_admin_search_reindex`; Stage_3_Field_Traceability_Final_3.5.csv
AC-1143,AC,MOD-019,Администрирование,[Authentication/session error handling (Stage 3.5 error/UI rule)/Authentication/session error handling (Stage 3.5 error/UI rule)/Device-revocation error handling (Stage 3.5 error/UI rule)] Session/device interruption: операция прекращается без сохранения неподтверждённого состояния,POST_api_v1_admin_search_reindex,POST /api/v1/admin/search/reindex,System.Configure,OrganizerController.POST_api_v1_admin_search_reindex,"SCR-071 Project role/overrides; SCR-155 Startup, tray и device; SCR-170 Администрирование; SCR-171 Пользователи; SCR-172 Карточка пользователя; SCR-173 Создание/активация пользователя; SCR-174 Block/deactivate user; SCR-175 Отделы; SCR-176 Audit, policy engine, management APIs; SCR-177 Роли и permissions; SCR-178 Audit, policy engine, management APIs; SCR-179 Effective permission diagnostics; SCR-180 Устройства; SCR-181 Sessions и login attempts; SCR-182 Сетевые ресурсы; SCR-183 Settings APIs, Windows settings; SCR-184 Фоновые задания; SCR-185 Резервные копии; SCR-186 Audit; SCR-187 Organization settings / feature flags; SCR-188 Audit, policy engine, management APIs",FLOW-026 Архивирование; FLOW-028 Восстановление из корзины; FLOW-029 Блокировка пользователя; FLOW-030 Изменение permissions,,Security/session,Critical,OpenAPI `POST_api_v1_admin_search_reindex`; Stage_3_Field_Traceability_Final_3.5.csv
AC-1144,AC,MOD-019,Администрирование,[STATE-014/STATE-025] Conflict/precondition: устаревшая или отсутствующая контрактная версия/precondition не приводит к overwrite,POST_api_v1_admin_search_reindex,POST /api/v1/admin/search/reindex,System.Configure,OrganizerController.POST_api_v1_admin_search_reindex,"SCR-071 Project role/overrides; SCR-155 Startup, tray и device; SCR-170 Администрирование; SCR-171 Пользователи; SCR-172 Карточка пользователя; SCR-173 Создание/активация пользователя; SCR-174 Block/deactivate user; SCR-175 Отделы; SCR-176 Audit, policy engine, management APIs; SCR-177 Роли и permissions; SCR-178 Audit, policy engine, management APIs; SCR-179 Effective permission diagnostics; SCR-180 Устройства; SCR-181 Sessions и login attempts; SCR-182 Сетевые ресурсы; SCR-183 Settings APIs, Windows settings; SCR-184 Фоновые задания; SCR-185 Резервные копии; SCR-186 Audit; SCR-187 Organization settings / feature flags; SCR-188 Audit, policy engine, management APIs",FLOW-026 Архивирование; FLOW-028 Восстановление из корзины; FLOW-029 Блокировка пользователя; FLOW-030 Изменение permissions,,Concurrency/integration,Critical,OpenAPI `POST_api_v1_admin_search_reindex`; Stage_3_Field_Traceability_Final_3.5.csv
AC-1145,AC,MOD-019,Администрирование,[ServerUnavailable (Stage 3.5 State Matrix)/ServerUnavailable (cached read-only presentation) (Stage 3.5 State Matrix)/Reconnecting (Stage 3.5 State Matrix)] Server unavailable/read-only: команда Запустить переиндексацию не ставится в offline queue,POST_api_v1_admin_search_reindex,POST /api/v1/admin/search/reindex,System.Configure,OrganizerController.POST_api_v1_admin_search_reindex,"SCR-071 Project role/overrides; SCR-155 Startup, tray и device; SCR-170 Администрирование; SCR-171 Пользователи; SCR-172 Карточка пользователя; SCR-173 Создание/активация пользователя; SCR-174 Block/deactivate user; SCR-175 Отделы; SCR-176 Audit, policy engine, management APIs; SCR-177 Роли и permissions; SCR-178 Audit, policy engine, management APIs; SCR-179 Effective permission diagnostics; SCR-180 Устройства; SCR-181 Sessions и login attempts; SCR-182 Сетевые ресурсы; SCR-183 Settings APIs, Windows settings; SCR-184 Фоновые задания; SCR-185 Резервные копии; SCR-186 Audit; SCR-187 Organization settings / feature flags; SCR-188 Audit, policy engine, management APIs",FLOW-026 Архивирование; FLOW-028 Восстановление из корзины; FLOW-029 Блокировка пользователя; FLOW-030 Изменение permissions,,Desktop/resilience,Critical,OpenAPI `POST_api_v1_admin_search_reindex`; Stage_3_Field_Traceability_Final_3.5.csv
AC-1146,AC,MOD-019,Администрирование,[Stable-error-specific recovery (Stage 3.5 error/UI rule)] Idempotency: повтор с тем же key/hash не создаёт двойной side effect,POST_api_v1_admin_search_reindex,POST /api/v1/admin/search/reindex,System.Configure,OrganizerController.POST_api_v1_admin_search_reindex,"SCR-071 Project role/overrides; SCR-155 Startup, tray и device; SCR-170 Администрирование; SCR-171 Пользователи; SCR-172 Карточка пользователя; SCR-173 Создание/активация пользователя; SCR-174 Block/deactivate user; SCR-175 Отделы; SCR-176 Audit, policy engine, management APIs; SCR-177 Роли и permissions; SCR-178 Audit, policy engine, management APIs; SCR-179 Effective permission diagnostics; SCR-180 Устройства; SCR-181 Sessions и login attempts; SCR-182 Сетевые ресурсы; SCR-183 Settings APIs, Windows settings; SCR-184 Фоновые задания; SCR-185 Резервные копии; SCR-186 Audit; SCR-187 Organization settings / feature flags; SCR-188 Audit, policy engine, management APIs",FLOW-026 Архивирование; FLOW-028 Восстановление из корзины; FLOW-029 Блокировка пользователя; FLOW-030 Изменение permissions,,Integration,Critical,OpenAPI `POST_api_v1_admin_search_reindex`; Stage_3_Field_Traceability_Final_3.5.csv
AC-1147,AC,MOD-019,Администрирование,Happy path: Административные capabilities,GET_api_v1_admin_server_capabilities,GET /api/v1/admin/server-capabilities,System.Configure,OrganizerController.GET_api_v1_admin_server_capabilities,"SCR-071 Project role/overrides; SCR-155 Startup, tray и device; SCR-170 Администрирование; SCR-171 Пользователи; SCR-172 Карточка пользователя; SCR-173 Создание/активация пользователя; SCR-174 Block/deactivate user; SCR-175 Отделы; SCR-176 Audit, policy engine, management APIs; SCR-177 Роли и permissions; SCR-178 Audit, policy engine, management APIs; SCR-179 Effective permission diagnostics; SCR-180 Устройства; SCR-181 Sessions и login attempts; SCR-182 Сетевые ресурсы; SCR-183 Settings APIs, Windows settings; SCR-184 Фоновые задания; SCR-185 Резервные копии; SCR-186 Audit; SCR-187 Organization settings / feature flags; SCR-188 Audit, policy engine, management APIs",FLOW-026 Архивирование; FLOW-028 Восстановление из корзины; FLOW-029 Блокировка пользователя; FLOW-030 Изменение permissions,,Contract/integration,High,OpenAPI `GET_api_v1_admin_server_capabilities`; Stage_3_Field_Traceability_Final_3.5.csv
AC-1148,AC,MOD-019,Администрирование,[Forbidden (Stage 3.5 State Matrix)/ObjectUnavailable (Stage 3.5 State Matrix)] Permission denied: Административные capabilities не выполняется и данные не раскрываются,GET_api_v1_admin_server_capabilities,GET /api/v1/admin/server-capabilities,System.Configure,OrganizerController.GET_api_v1_admin_server_capabilities,"SCR-071 Project role/overrides; SCR-155 Startup, tray и device; SCR-170 Администрирование; SCR-171 Пользователи; SCR-172 Карточка пользователя; SCR-173 Создание/активация пользователя; SCR-174 Block/deactivate user; SCR-175 Отделы; SCR-176 Audit, policy engine, management APIs; SCR-177 Роли и permissions; SCR-178 Audit, policy engine, management APIs; SCR-179 Effective permission diagnostics; SCR-180 Устройства; SCR-181 Sessions и login attempts; SCR-182 Сетевые ресурсы; SCR-183 Settings APIs, Windows settings; SCR-184 Фоновые задания; SCR-185 Резервные копии; SCR-186 Audit; SCR-187 Organization settings / feature flags; SCR-188 Audit, policy engine, management APIs",FLOW-026 Архивирование; FLOW-028 Восстановление из корзины; FLOW-029 Блокировка пользователя; FLOW-030 Изменение permissions,,Security/authorization,Critical,OpenAPI `GET_api_v1_admin_server_capabilities`; Stage_3_Field_Traceability_Final_3.5.csv
AC-1149,AC,MOD-019,Администрирование,[Authentication/session error handling (Stage 3.5 error/UI rule)/Authentication/session error handling (Stage 3.5 error/UI rule)/Device-revocation error handling (Stage 3.5 error/UI rule)] Session/device interruption: операция прекращается без сохранения неподтверждённого состояния,GET_api_v1_admin_server_capabilities,GET /api/v1/admin/server-capabilities,System.Configure,OrganizerController.GET_api_v1_admin_server_capabilities,"SCR-071 Project role/overrides; SCR-155 Startup, tray и device; SCR-170 Администрирование; SCR-171 Пользователи; SCR-172 Карточка пользователя; SCR-173 Создание/активация пользователя; SCR-174 Block/deactivate user; SCR-175 Отделы; SCR-176 Audit, policy engine, management APIs; SCR-177 Роли и permissions; SCR-178 Audit, policy engine, management APIs; SCR-179 Effective permission diagnostics; SCR-180 Устройства; SCR-181 Sessions и login attempts; SCR-182 Сетевые ресурсы; SCR-183 Settings APIs, Windows settings; SCR-184 Фоновые задания; SCR-185 Резервные копии; SCR-186 Audit; SCR-187 Organization settings / feature flags; SCR-188 Audit, policy engine, management APIs",FLOW-026 Архивирование; FLOW-028 Восстановление из корзины; FLOW-029 Блокировка пользователя; FLOW-030 Изменение permissions,,Security/session,Critical,OpenAPI `GET_api_v1_admin_server_capabilities`; Stage_3_Field_Traceability_Final_3.5.csv
AC-1150,AC,MOD-019,Администрирование,Happy path: Использование диска БД/backup/log,GET_api_v1_admin_storage,GET /api/v1/admin/storage,System.HealthRead,OrganizerController.GET_api_v1_admin_storage,"SCR-071 Project role/overrides; SCR-155 Startup, tray и device; SCR-170 Администрирование; SCR-171 Пользователи; SCR-172 Карточка пользователя; SCR-173 Создание/активация пользователя; SCR-174 Block/deactivate user; SCR-175 Отделы; SCR-176 Audit, policy engine, management APIs; SCR-177 Роли и permissions; SCR-178 Audit, policy engine, management APIs; SCR-179 Effective permission diagnostics; SCR-180 Устройства; SCR-181 Sessions и login attempts; SCR-182 Сетевые ресурсы; SCR-183 Settings APIs, Windows settings; SCR-184 Фоновые задания; SCR-185 Резервные копии; SCR-186 Audit; SCR-187 Organization settings / feature flags; SCR-188 Audit, policy engine, management APIs",FLOW-026 Архивирование; FLOW-028 Восстановление из корзины; FLOW-029 Блокировка пользователя; FLOW-030 Изменение permissions,,Contract/integration,High,OpenAPI `GET_api_v1_admin_storage`; Stage_3_Field_Traceability_Final_3.5.csv
AC-1151,AC,MOD-019,Администрирование,[Forbidden (Stage 3.5 State Matrix)/ObjectUnavailable (Stage 3.5 State Matrix)] Permission denied: Использование диска БД/backup/log не выполняется и данные не раскрываются,GET_api_v1_admin_storage,GET /api/v1/admin/storage,System.HealthRead,OrganizerController.GET_api_v1_admin_storage,"SCR-071 Project role/overrides; SCR-155 Startup, tray и device; SCR-170 Администрирование; SCR-171 Пользователи; SCR-172 Карточка пользователя; SCR-173 Создание/активация пользователя; SCR-174 Block/deactivate user; SCR-175 Отделы; SCR-176 Audit, policy engine, management APIs; SCR-177 Роли и permissions; SCR-178 Audit, policy engine, management APIs; SCR-179 Effective permission diagnostics; SCR-180 Устройства; SCR-181 Sessions и login attempts; SCR-182 Сетевые ресурсы; SCR-183 Settings APIs, Windows settings; SCR-184 Фоновые задания; SCR-185 Резервные копии; SCR-186 Audit; SCR-187 Organization settings / feature flags; SCR-188 Audit, policy engine, management APIs",FLOW-026 Архивирование; FLOW-028 Восстановление из корзины; FLOW-029 Блокировка пользователя; FLOW-030 Изменение permissions,,Security/authorization,Critical,OpenAPI `GET_api_v1_admin_storage`; Stage_3_Field_Traceability_Final_3.5.csv
AC-1152,AC,MOD-019,Администрирование,[Authentication/session error handling (Stage 3.5 error/UI rule)/Authentication/session error handling (Stage 3.5 error/UI rule)/Device-revocation error handling (Stage 3.5 error/UI rule)] Session/device interruption: операция прекращается без сохранения неподтверждённого состояния,GET_api_v1_admin_storage,GET /api/v1/admin/storage,System.HealthRead,OrganizerController.GET_api_v1_admin_storage,"SCR-071 Project role/overrides; SCR-155 Startup, tray и device; SCR-170 Администрирование; SCR-171 Пользователи; SCR-172 Карточка пользователя; SCR-173 Создание/активация пользователя; SCR-174 Block/deactivate user; SCR-175 Отделы; SCR-176 Audit, policy engine, management APIs; SCR-177 Роли и permissions; SCR-178 Audit, policy engine, management APIs; SCR-179 Effective permission diagnostics; SCR-180 Устройства; SCR-181 Sessions и login attempts; SCR-182 Сетевые ресурсы; SCR-183 Settings APIs, Windows settings; SCR-184 Фоновые задания; SCR-185 Резервные копии; SCR-186 Audit; SCR-187 Organization settings / feature flags; SCR-188 Audit, policy engine, management APIs",FLOW-026 Архивирование; FLOW-028 Восстановление из корзины; FLOW-029 Блокировка пользователя; FLOW-030 Изменение permissions,,Security/session,Critical,OpenAPI `GET_api_v1_admin_storage`; Stage_3_Field_Traceability_Final_3.5.csv
AC-1153,AC,MOD-019,Администрирование,Happy path: Список отдел,GET_api_v1_departments,GET /api/v1/departments,Department.Read,OrganizerController.GET_api_v1_departments,"SCR-071 Project role/overrides; SCR-155 Startup, tray и device; SCR-170 Администрирование; SCR-171 Пользователи; SCR-172 Карточка пользователя; SCR-173 Создание/активация пользователя; SCR-174 Block/deactivate user; SCR-175 Отделы; SCR-176 Audit, policy engine, management APIs; SCR-177 Роли и permissions; SCR-178 Audit, policy engine, management APIs; SCR-179 Effective permission diagnostics; SCR-180 Устройства; SCR-181 Sessions и login attempts; SCR-182 Сетевые ресурсы; SCR-183 Settings APIs, Windows settings; SCR-184 Фоновые задания; SCR-185 Резервные копии; SCR-186 Audit; SCR-187 Organization settings / feature flags; SCR-188 Audit, policy engine, management APIs",FLOW-026 Архивирование; FLOW-028 Восстановление из корзины; FLOW-029 Блокировка пользователя; FLOW-030 Изменение permissions,,Contract/integration,High,OpenAPI `GET_api_v1_departments`; Stage_3_Field_Traceability_Final_3.5.csv
AC-1154,AC,MOD-019,Администрирование,[Forbidden (Stage 3.5 State Matrix)/ObjectUnavailable (Stage 3.5 State Matrix)] Permission denied: Список отдел не выполняется и данные не раскрываются,GET_api_v1_departments,GET /api/v1/departments,Department.Read,OrganizerController.GET_api_v1_departments,"SCR-071 Project role/overrides; SCR-155 Startup, tray и device; SCR-170 Администрирование; SCR-171 Пользователи; SCR-172 Карточка пользователя; SCR-173 Создание/активация пользователя; SCR-174 Block/deactivate user; SCR-175 Отделы; SCR-176 Audit, policy engine, management APIs; SCR-177 Роли и permissions; SCR-178 Audit, policy engine, management APIs; SCR-179 Effective permission diagnostics; SCR-180 Устройства; SCR-181 Sessions и login attempts; SCR-182 Сетевые ресурсы; SCR-183 Settings APIs, Windows settings; SCR-184 Фоновые задания; SCR-185 Резервные копии; SCR-186 Audit; SCR-187 Organization settings / feature flags; SCR-188 Audit, policy engine, management APIs",FLOW-026 Архивирование; FLOW-028 Восстановление из корзины; FLOW-029 Блокировка пользователя; FLOW-030 Изменение permissions,,Security/authorization,Critical,OpenAPI `GET_api_v1_departments`; Stage_3_Field_Traceability_Final_3.5.csv
AC-1155,AC,MOD-019,Администрирование,[Authentication/session error handling (Stage 3.5 error/UI rule)/Authentication/session error handling (Stage 3.5 error/UI rule)/Device-revocation error handling (Stage 3.5 error/UI rule)] Session/device interruption: операция прекращается без сохранения неподтверждённого состояния,GET_api_v1_departments,GET /api/v1/departments,Department.Read,OrganizerController.GET_api_v1_departments,"SCR-071 Project role/overrides; SCR-155 Startup, tray и device; SCR-170 Администрирование; SCR-171 Пользователи; SCR-172 Карточка пользователя; SCR-173 Создание/активация пользователя; SCR-174 Block/deactivate user; SCR-175 Отделы; SCR-176 Audit, policy engine, management APIs; SCR-177 Роли и permissions; SCR-178 Audit, policy engine, management APIs; SCR-179 Effective permission diagnostics; SCR-180 Устройства; SCR-181 Sessions и login attempts; SCR-182 Сетевые ресурсы; SCR-183 Settings APIs, Windows settings; SCR-184 Фоновые задания; SCR-185 Резервные копии; SCR-186 Audit; SCR-187 Organization settings / feature flags; SCR-188 Audit, policy engine, management APIs",FLOW-026 Архивирование; FLOW-028 Восстановление из корзины; FLOW-029 Блокировка пользователя; FLOW-030 Изменение permissions,,Security/session,Critical,OpenAPI `GET_api_v1_departments`; Stage_3_Field_Traceability_Final_3.5.csv
AC-1156,AC,MOD-019,Администрирование,Happy path: Создать отдел,POST_api_v1_departments,POST /api/v1/departments,Department.Manage,OrganizerController.POST_api_v1_departments,"SCR-176 Audit, policy engine, management APIs",FLOW-026 Архивирование; FLOW-028 Восстановление из корзины; FLOW-029 Блокировка пользователя; FLOW-030 Изменение permissions,,Contract/integration,Critical,OpenAPI `POST_api_v1_departments`; Stage_3_Field_Traceability_Final_3.5.csv
AC-1157,AC,MOD-019,Администрирование,[Forbidden (Stage 3.5 State Matrix)/ObjectUnavailable (Stage 3.5 State Matrix)] Permission denied: Создать отдел не выполняется и данные не раскрываются,POST_api_v1_departments,POST /api/v1/departments,Department.Manage,OrganizerController.POST_api_v1_departments,"SCR-176 Audit, policy engine, management APIs",FLOW-026 Архивирование; FLOW-028 Восстановление из корзины; FLOW-029 Блокировка пользователя; FLOW-030 Изменение permissions,,Security/authorization,Critical,OpenAPI `POST_api_v1_departments`; Stage_3_Field_Traceability_Final_3.5.csv
AC-1158,AC,MOD-019,Администрирование,[Authentication/session error handling (Stage 3.5 error/UI rule)/Authentication/session error handling (Stage 3.5 error/UI rule)/Device-revocation error handling (Stage 3.5 error/UI rule)] Session/device interruption: операция прекращается без сохранения неподтверждённого состояния,POST_api_v1_departments,POST /api/v1/departments,Department.Manage,OrganizerController.POST_api_v1_departments,"SCR-176 Audit, policy engine, management APIs",FLOW-026 Архивирование; FLOW-028 Восстановление из корзины; FLOW-029 Блокировка пользователя; FLOW-030 Изменение permissions,,Security/session,Critical,OpenAPI `POST_api_v1_departments`; Stage_3_Field_Traceability_Final_3.5.csv
AC-1159,AC,MOD-019,Администрирование,[STATE-007] Validation: fieldErrors сохраняют draft и привязываются к canonical field path,POST_api_v1_departments,POST /api/v1/departments,Department.Manage,OrganizerController.POST_api_v1_departments,"SCR-176 Audit, policy engine, management APIs",FLOW-026 Архивирование; FLOW-028 Восстановление из корзины; FLOW-029 Блокировка пользователя; FLOW-030 Изменение permissions,,Contract/UI,High,OpenAPI `POST_api_v1_departments`; Stage_3_Field_Traceability_Final_3.5.csv
AC-1160,AC,MOD-019,Администрирование,[STATE-014/STATE-025] Conflict/precondition: устаревшая или отсутствующая контрактная версия/precondition не приводит к overwrite,POST_api_v1_departments,POST /api/v1/departments,Department.Manage,OrganizerController.POST_api_v1_departments,"SCR-176 Audit, policy engine, management APIs",FLOW-026 Архивирование; FLOW-028 Восстановление из корзины; FLOW-029 Блокировка пользователя; FLOW-030 Изменение permissions,,Concurrency/integration,Critical,OpenAPI `POST_api_v1_departments`; Stage_3_Field_Traceability_Final_3.5.csv
AC-1161,AC,MOD-019,Администрирование,[ServerUnavailable (Stage 3.5 State Matrix)/ServerUnavailable (cached read-only presentation) (Stage 3.5 State Matrix)/Reconnecting (Stage 3.5 State Matrix)] Server unavailable/read-only: команда Создать отдел не ставится в offline queue,POST_api_v1_departments,POST /api/v1/departments,Department.Manage,OrganizerController.POST_api_v1_departments,"SCR-176 Audit, policy engine, management APIs",FLOW-026 Архивирование; FLOW-028 Восстановление из корзины; FLOW-029 Блокировка пользователя; FLOW-030 Изменение permissions,,Desktop/resilience,Critical,OpenAPI `POST_api_v1_departments`; Stage_3_Field_Traceability_Final_3.5.csv
AC-1162,AC,MOD-019,Администрирование,[Stable-error-specific recovery (Stage 3.5 error/UI rule)] Idempotency: повтор с тем же key/hash не создаёт двойной side effect,POST_api_v1_departments,POST /api/v1/departments,Department.Manage,OrganizerController.POST_api_v1_departments,"SCR-176 Audit, policy engine, management APIs",FLOW-026 Архивирование; FLOW-028 Восстановление из корзины; FLOW-029 Блокировка пользователя; FLOW-030 Изменение permissions,,Integration,Critical,OpenAPI `POST_api_v1_departments`; Stage_3_Field_Traceability_Final_3.5.csv
AC-1163,AC,MOD-019,Администрирование,Happy path: Дерево отделов,GET_api_v1_departments_tree,GET /api/v1/departments/tree,Department.Read,OrganizerController.GET_api_v1_departments_tree,"SCR-071 Project role/overrides; SCR-155 Startup, tray и device; SCR-170 Администрирование; SCR-171 Пользователи; SCR-172 Карточка пользователя; SCR-173 Создание/активация пользователя; SCR-174 Block/deactivate user; SCR-175 Отделы; SCR-176 Audit, policy engine, management APIs; SCR-177 Роли и permissions; SCR-178 Audit, policy engine, management APIs; SCR-179 Effective permission diagnostics; SCR-180 Устройства; SCR-181 Sessions и login attempts; SCR-182 Сетевые ресурсы; SCR-183 Settings APIs, Windows settings; SCR-184 Фоновые задания; SCR-185 Резервные копии; SCR-186 Audit; SCR-187 Organization settings / feature flags; SCR-188 Audit, policy engine, management APIs",FLOW-026 Архивирование; FLOW-028 Восстановление из корзины; FLOW-029 Блокировка пользователя; FLOW-030 Изменение permissions,,Contract/integration,High,OpenAPI `GET_api_v1_departments_tree`; Stage_3_Field_Traceability_Final_3.5.csv
AC-1164,AC,MOD-019,Администрирование,[Forbidden (Stage 3.5 State Matrix)/ObjectUnavailable (Stage 3.5 State Matrix)] Permission denied: Дерево отделов не выполняется и данные не раскрываются,GET_api_v1_departments_tree,GET /api/v1/departments/tree,Department.Read,OrganizerController.GET_api_v1_departments_tree,"SCR-071 Project role/overrides; SCR-155 Startup, tray и device; SCR-170 Администрирование; SCR-171 Пользователи; SCR-172 Карточка пользователя; SCR-173 Создание/активация пользователя; SCR-174 Block/deactivate user; SCR-175 Отделы; SCR-176 Audit, policy engine, management APIs; SCR-177 Роли и permissions; SCR-178 Audit, policy engine, management APIs; SCR-179 Effective permission diagnostics; SCR-180 Устройства; SCR-181 Sessions и login attempts; SCR-182 Сетевые ресурсы; SCR-183 Settings APIs, Windows settings; SCR-184 Фоновые задания; SCR-185 Резервные копии; SCR-186 Audit; SCR-187 Organization settings / feature flags; SCR-188 Audit, policy engine, management APIs",FLOW-026 Архивирование; FLOW-028 Восстановление из корзины; FLOW-029 Блокировка пользователя; FLOW-030 Изменение permissions,,Security/authorization,Critical,OpenAPI `GET_api_v1_departments_tree`; Stage_3_Field_Traceability_Final_3.5.csv
AC-1165,AC,MOD-019,Администрирование,[Authentication/session error handling (Stage 3.5 error/UI rule)/Authentication/session error handling (Stage 3.5 error/UI rule)/Device-revocation error handling (Stage 3.5 error/UI rule)] Session/device interruption: операция прекращается без сохранения неподтверждённого состояния,GET_api_v1_departments_tree,GET /api/v1/departments/tree,Department.Read,OrganizerController.GET_api_v1_departments_tree,"SCR-071 Project role/overrides; SCR-155 Startup, tray и device; SCR-170 Администрирование; SCR-171 Пользователи; SCR-172 Карточка пользователя; SCR-173 Создание/активация пользователя; SCR-174 Block/deactivate user; SCR-175 Отделы; SCR-176 Audit, policy engine, management APIs; SCR-177 Роли и permissions; SCR-178 Audit, policy engine, management APIs; SCR-179 Effective permission diagnostics; SCR-180 Устройства; SCR-181 Sessions и login attempts; SCR-182 Сетевые ресурсы; SCR-183 Settings APIs, Windows settings; SCR-184 Фоновые задания; SCR-185 Резервные копии; SCR-186 Audit; SCR-187 Organization settings / feature flags; SCR-188 Audit, policy engine, management APIs",FLOW-026 Архивирование; FLOW-028 Восстановление из корзины; FLOW-029 Блокировка пользователя; FLOW-030 Изменение permissions,,Security/session,Critical,OpenAPI `GET_api_v1_departments_tree`; Stage_3_Field_Traceability_Final_3.5.csv
AC-1166,AC,MOD-019,Администрирование,Happy path: Переместить отдел в корзину,DELETE_api_v1_departments_id,DELETE /api/v1/departments/{id},Department.Manage,OrganizerController.DELETE_api_v1_departments_id,"SCR-071 Project role/overrides; SCR-155 Startup, tray и device; SCR-170 Администрирование; SCR-171 Пользователи; SCR-172 Карточка пользователя; SCR-173 Создание/активация пользователя; SCR-174 Block/deactivate user; SCR-175 Отделы; SCR-176 Audit, policy engine, management APIs; SCR-177 Роли и permissions; SCR-178 Audit, policy engine, management APIs; SCR-179 Effective permission diagnostics; SCR-180 Устройства; SCR-181 Sessions и login attempts; SCR-182 Сетевые ресурсы; SCR-183 Settings APIs, Windows settings; SCR-184 Фоновые задания; SCR-185 Резервные копии; SCR-186 Audit; SCR-187 Organization settings / feature flags; SCR-188 Audit, policy engine, management APIs",FLOW-026 Архивирование; FLOW-028 Восстановление из корзины; FLOW-029 Блокировка пользователя; FLOW-030 Изменение permissions,,Contract/integration,Critical,OpenAPI `DELETE_api_v1_departments_id`; Stage_3_Field_Traceability_Final_3.5.csv
AC-1167,AC,MOD-019,Администрирование,[Forbidden (Stage 3.5 State Matrix)/ObjectUnavailable (Stage 3.5 State Matrix)] Permission denied: Переместить отдел в корзину не выполняется и данные не раскрываются,DELETE_api_v1_departments_id,DELETE /api/v1/departments/{id},Department.Manage,OrganizerController.DELETE_api_v1_departments_id,"SCR-071 Project role/overrides; SCR-155 Startup, tray и device; SCR-170 Администрирование; SCR-171 Пользователи; SCR-172 Карточка пользователя; SCR-173 Создание/активация пользователя; SCR-174 Block/deactivate user; SCR-175 Отделы; SCR-176 Audit, policy engine, management APIs; SCR-177 Роли и permissions; SCR-178 Audit, policy engine, management APIs; SCR-179 Effective permission diagnostics; SCR-180 Устройства; SCR-181 Sessions и login attempts; SCR-182 Сетевые ресурсы; SCR-183 Settings APIs, Windows settings; SCR-184 Фоновые задания; SCR-185 Резервные копии; SCR-186 Audit; SCR-187 Organization settings / feature flags; SCR-188 Audit, policy engine, management APIs",FLOW-026 Архивирование; FLOW-028 Восстановление из корзины; FLOW-029 Блокировка пользователя; FLOW-030 Изменение permissions,,Security/authorization,Critical,OpenAPI `DELETE_api_v1_departments_id`; Stage_3_Field_Traceability_Final_3.5.csv
AC-1168,AC,MOD-019,Администрирование,[Authentication/session error handling (Stage 3.5 error/UI rule)/Authentication/session error handling (Stage 3.5 error/UI rule)/Device-revocation error handling (Stage 3.5 error/UI rule)] Session/device interruption: операция прекращается без сохранения неподтверждённого состояния,DELETE_api_v1_departments_id,DELETE /api/v1/departments/{id},Department.Manage,OrganizerController.DELETE_api_v1_departments_id,"SCR-071 Project role/overrides; SCR-155 Startup, tray и device; SCR-170 Администрирование; SCR-171 Пользователи; SCR-172 Карточка пользователя; SCR-173 Создание/активация пользователя; SCR-174 Block/deactivate user; SCR-175 Отделы; SCR-176 Audit, policy engine, management APIs; SCR-177 Роли и permissions; SCR-178 Audit, policy engine, management APIs; SCR-179 Effective permission diagnostics; SCR-180 Устройства; SCR-181 Sessions и login attempts; SCR-182 Сетевые ресурсы; SCR-183 Settings APIs, Windows settings; SCR-184 Фоновые задания; SCR-185 Резервные копии; SCR-186 Audit; SCR-187 Organization settings / feature flags; SCR-188 Audit, policy engine, management APIs",FLOW-026 Архивирование; FLOW-028 Восстановление из корзины; FLOW-029 Блокировка пользователя; FLOW-030 Изменение permissions,,Security/session,Critical,OpenAPI `DELETE_api_v1_departments_id`; Stage_3_Field_Traceability_Final_3.5.csv
AC-1169,AC,MOD-019,Администрирование,[STATE-014/STATE-025] Conflict/precondition: устаревшая или отсутствующая If-Match не приводит к overwrite,DELETE_api_v1_departments_id,DELETE /api/v1/departments/{id},Department.Manage,OrganizerController.DELETE_api_v1_departments_id,"SCR-071 Project role/overrides; SCR-155 Startup, tray и device; SCR-170 Администрирование; SCR-171 Пользователи; SCR-172 Карточка пользователя; SCR-173 Создание/активация пользователя; SCR-174 Block/deactivate user; SCR-175 Отделы; SCR-176 Audit, policy engine, management APIs; SCR-177 Роли и permissions; SCR-178 Audit, policy engine, management APIs; SCR-179 Effective permission diagnostics; SCR-180 Устройства; SCR-181 Sessions и login attempts; SCR-182 Сетевые ресурсы; SCR-183 Settings APIs, Windows settings; SCR-184 Фоновые задания; SCR-185 Резервные копии; SCR-186 Audit; SCR-187 Organization settings / feature flags; SCR-188 Audit, policy engine, management APIs",FLOW-026 Архивирование; FLOW-028 Восстановление из корзины; FLOW-029 Блокировка пользователя; FLOW-030 Изменение permissions,,Concurrency/integration,Critical,OpenAPI `DELETE_api_v1_departments_id`; Stage_3_Field_Traceability_Final_3.5.csv
AC-1170,AC,MOD-019,Администрирование,[ServerUnavailable (Stage 3.5 State Matrix)/ServerUnavailable (cached read-only presentation) (Stage 3.5 State Matrix)/Reconnecting (Stage 3.5 State Matrix)] Server unavailable/read-only: команда Переместить отдел в корзину не ставится в offline queue,DELETE_api_v1_departments_id,DELETE /api/v1/departments/{id},Department.Manage,OrganizerController.DELETE_api_v1_departments_id,"SCR-071 Project role/overrides; SCR-155 Startup, tray и device; SCR-170 Администрирование; SCR-171 Пользователи; SCR-172 Карточка пользователя; SCR-173 Создание/активация пользователя; SCR-174 Block/deactivate user; SCR-175 Отделы; SCR-176 Audit, policy engine, management APIs; SCR-177 Роли и permissions; SCR-178 Audit, policy engine, management APIs; SCR-179 Effective permission diagnostics; SCR-180 Устройства; SCR-181 Sessions и login attempts; SCR-182 Сетевые ресурсы; SCR-183 Settings APIs, Windows settings; SCR-184 Фоновые задания; SCR-185 Резервные копии; SCR-186 Audit; SCR-187 Organization settings / feature flags; SCR-188 Audit, policy engine, management APIs",FLOW-026 Архивирование; FLOW-028 Восстановление из корзины; FLOW-029 Блокировка пользователя; FLOW-030 Изменение permissions,,Desktop/resilience,Critical,OpenAPI `DELETE_api_v1_departments_id`; Stage_3_Field_Traceability_Final_3.5.csv
AC-1171,AC,MOD-019,Администрирование,Happy path: Получить отдел,GET_api_v1_departments_id,GET /api/v1/departments/{id},Department.Read,OrganizerController.GET_api_v1_departments_id,"SCR-176 Audit, policy engine, management APIs",FLOW-026 Архивирование; FLOW-028 Восстановление из корзины; FLOW-029 Блокировка пользователя; FLOW-030 Изменение permissions,,Contract/integration,High,OpenAPI `GET_api_v1_departments_id`; Stage_3_Field_Traceability_Final_3.5.csv
AC-1172,AC,MOD-019,Администрирование,[Forbidden (Stage 3.5 State Matrix)/ObjectUnavailable (Stage 3.5 State Matrix)] Permission denied: Получить отдел не выполняется и данные не раскрываются,GET_api_v1_departments_id,GET /api/v1/departments/{id},Department.Read,OrganizerController.GET_api_v1_departments_id,"SCR-176 Audit, policy engine, management APIs",FLOW-026 Архивирование; FLOW-028 Восстановление из корзины; FLOW-029 Блокировка пользователя; FLOW-030 Изменение permissions,,Security/authorization,Critical,OpenAPI `GET_api_v1_departments_id`; Stage_3_Field_Traceability_Final_3.5.csv
AC-1173,AC,MOD-019,Администрирование,[Authentication/session error handling (Stage 3.5 error/UI rule)/Authentication/session error handling (Stage 3.5 error/UI rule)/Device-revocation error handling (Stage 3.5 error/UI rule)] Session/device interruption: операция прекращается без сохранения неподтверждённого состояния,GET_api_v1_departments_id,GET /api/v1/departments/{id},Department.Read,OrganizerController.GET_api_v1_departments_id,"SCR-176 Audit, policy engine, management APIs",FLOW-026 Архивирование; FLOW-028 Восстановление из корзины; FLOW-029 Блокировка пользователя; FLOW-030 Изменение permissions,,Security/session,Critical,OpenAPI `GET_api_v1_departments_id`; Stage_3_Field_Traceability_Final_3.5.csv
AC-1174,AC,MOD-019,Администрирование,Happy path: Изменить отдел,PATCH_api_v1_departments_id,PATCH /api/v1/departments/{id},Department.Manage,OrganizerController.PATCH_api_v1_departments_id,"SCR-176 Audit, policy engine, management APIs",FLOW-026 Архивирование; FLOW-028 Восстановление из корзины; FLOW-029 Блокировка пользователя; FLOW-030 Изменение permissions,,Contract/integration,Critical,OpenAPI `PATCH_api_v1_departments_id`; Stage_3_Field_Traceability_Final_3.5.csv
AC-1175,AC,MOD-019,Администрирование,[Forbidden (Stage 3.5 State Matrix)/ObjectUnavailable (Stage 3.5 State Matrix)] Permission denied: Изменить отдел не выполняется и данные не раскрываются,PATCH_api_v1_departments_id,PATCH /api/v1/departments/{id},Department.Manage,OrganizerController.PATCH_api_v1_departments_id,"SCR-176 Audit, policy engine, management APIs",FLOW-026 Архивирование; FLOW-028 Восстановление из корзины; FLOW-029 Блокировка пользователя; FLOW-030 Изменение permissions,,Security/authorization,Critical,OpenAPI `PATCH_api_v1_departments_id`; Stage_3_Field_Traceability_Final_3.5.csv
AC-1176,AC,MOD-019,Администрирование,[Authentication/session error handling (Stage 3.5 error/UI rule)/Authentication/session error handling (Stage 3.5 error/UI rule)/Device-revocation error handling (Stage 3.5 error/UI rule)] Session/device interruption: операция прекращается без сохранения неподтверждённого состояния,PATCH_api_v1_departments_id,PATCH /api/v1/departments/{id},Department.Manage,OrganizerController.PATCH_api_v1_departments_id,"SCR-176 Audit, policy engine, management APIs",FLOW-026 Архивирование; FLOW-028 Восстановление из корзины; FLOW-029 Блокировка пользователя; FLOW-030 Изменение permissions,,Security/session,Critical,OpenAPI `PATCH_api_v1_departments_id`; Stage_3_Field_Traceability_Final_3.5.csv
AC-1177,AC,MOD-019,Администрирование,[STATE-007] Validation: fieldErrors сохраняют draft и привязываются к canonical field path,PATCH_api_v1_departments_id,PATCH /api/v1/departments/{id},Department.Manage,OrganizerController.PATCH_api_v1_departments_id,"SCR-176 Audit, policy engine, management APIs",FLOW-026 Архивирование; FLOW-028 Восстановление из корзины; FLOW-029 Блокировка пользователя; FLOW-030 Изменение permissions,,Contract/UI,High,OpenAPI `PATCH_api_v1_departments_id`; Stage_3_Field_Traceability_Final_3.5.csv
AC-1178,AC,MOD-019,Администрирование,[STATE-014/STATE-025] Conflict/precondition: устаревшая или отсутствующая If-Match не приводит к overwrite,PATCH_api_v1_departments_id,PATCH /api/v1/departments/{id},Department.Manage,OrganizerController.PATCH_api_v1_departments_id,"SCR-176 Audit, policy engine, management APIs",FLOW-026 Архивирование; FLOW-028 Восстановление из корзины; FLOW-029 Блокировка пользователя; FLOW-030 Изменение permissions,,Concurrency/integration,Critical,OpenAPI `PATCH_api_v1_departments_id`; Stage_3_Field_Traceability_Final_3.5.csv
AC-1179,AC,MOD-019,Администрирование,[ServerUnavailable (Stage 3.5 State Matrix)/ServerUnavailable (cached read-only presentation) (Stage 3.5 State Matrix)/Reconnecting (Stage 3.5 State Matrix)] Server unavailable/read-only: команда Изменить отдел не ставится в offline queue,PATCH_api_v1_departments_id,PATCH /api/v1/departments/{id},Department.Manage,OrganizerController.PATCH_api_v1_departments_id,"SCR-176 Audit, policy engine, management APIs",FLOW-026 Архивирование; FLOW-028 Восстановление из корзины; FLOW-029 Блокировка пользователя; FLOW-030 Изменение permissions,,Desktop/resilience,Critical,OpenAPI `PATCH_api_v1_departments_id`; Stage_3_Field_Traceability_Final_3.5.csv
AC-1180,AC,MOD-019,Администрирование,[Archived (Stage 3.5 State Matrix)] Happy path: Архивировать отдел,POST_api_v1_departments_id_archive,POST /api/v1/departments/{id}/archive,Department.Manage,OrganizerController.POST_api_v1_departments_id_archive,"SCR-071 Project role/overrides; SCR-155 Startup, tray и device; SCR-170 Администрирование; SCR-171 Пользователи; SCR-172 Карточка пользователя; SCR-173 Создание/активация пользователя; SCR-174 Block/deactivate user; SCR-175 Отделы; SCR-176 Audit, policy engine, management APIs; SCR-177 Роли и permissions; SCR-178 Audit, policy engine, management APIs; SCR-179 Effective permission diagnostics; SCR-180 Устройства; SCR-181 Sessions и login attempts; SCR-182 Сетевые ресурсы; SCR-183 Settings APIs, Windows settings; SCR-184 Фоновые задания; SCR-185 Резервные копии; SCR-186 Audit; SCR-187 Organization settings / feature flags; SCR-188 Audit, policy engine, management APIs",FLOW-026 Архивирование,,Contract/integration,Critical,OpenAPI `POST_api_v1_departments_id_archive`; Stage_3_Field_Traceability_Final_3.5.csv
AC-1181,AC,MOD-019,Администрирование,[Forbidden (Stage 3.5 State Matrix)/ObjectUnavailable (Stage 3.5 State Matrix)/Archived (Stage 3.5 State Matrix)] Permission denied: Архивировать отдел не выполняется и данные не раскрываются,POST_api_v1_departments_id_archive,POST /api/v1/departments/{id}/archive,Department.Manage,OrganizerController.POST_api_v1_departments_id_archive,"SCR-071 Project role/overrides; SCR-155 Startup, tray и device; SCR-170 Администрирование; SCR-171 Пользователи; SCR-172 Карточка пользователя; SCR-173 Создание/активация пользователя; SCR-174 Block/deactivate user; SCR-175 Отделы; SCR-176 Audit, policy engine, management APIs; SCR-177 Роли и permissions; SCR-178 Audit, policy engine, management APIs; SCR-179 Effective permission diagnostics; SCR-180 Устройства; SCR-181 Sessions и login attempts; SCR-182 Сетевые ресурсы; SCR-183 Settings APIs, Windows settings; SCR-184 Фоновые задания; SCR-185 Резервные копии; SCR-186 Audit; SCR-187 Organization settings / feature flags; SCR-188 Audit, policy engine, management APIs",FLOW-026 Архивирование,,Security/authorization,Critical,OpenAPI `POST_api_v1_departments_id_archive`; Stage_3_Field_Traceability_Final_3.5.csv
AC-1182,AC,MOD-019,Администрирование,[Archived (Stage 3.5 State Matrix)/Authentication/session error handling (Stage 3.5 error/UI rule)/Authentication/session error handling (Stage 3.5 error/UI rule)/Device-revocation error handling (Stage 3.5 error/UI rule)] Session/device interruption: операция прекращается без сохранения неподтверждённого состояния,POST_api_v1_departments_id_archive,POST /api/v1/departments/{id}/archive,Department.Manage,OrganizerController.POST_api_v1_departments_id_archive,"SCR-071 Project role/overrides; SCR-155 Startup, tray и device; SCR-170 Администрирование; SCR-171 Пользователи; SCR-172 Карточка пользователя; SCR-173 Создание/активация пользователя; SCR-174 Block/deactivate user; SCR-175 Отделы; SCR-176 Audit, policy engine, management APIs; SCR-177 Роли и permissions; SCR-178 Audit, policy engine, management APIs; SCR-179 Effective permission diagnostics; SCR-180 Устройства; SCR-181 Sessions и login attempts; SCR-182 Сетевые ресурсы; SCR-183 Settings APIs, Windows settings; SCR-184 Фоновые задания; SCR-185 Резервные копии; SCR-186 Audit; SCR-187 Organization settings / feature flags; SCR-188 Audit, policy engine, management APIs",FLOW-026 Архивирование,,Security/session,Critical,OpenAPI `POST_api_v1_departments_id_archive`; Stage_3_Field_Traceability_Final_3.5.csv
AC-1183,AC,MOD-019,Администрирование,[STATE-007/Archived (Stage 3.5 State Matrix)] Validation: fieldErrors сохраняют draft и привязываются к canonical field path,POST_api_v1_departments_id_archive,POST /api/v1/departments/{id}/archive,Department.Manage,OrganizerController.POST_api_v1_departments_id_archive,"SCR-071 Project role/overrides; SCR-155 Startup, tray и device; SCR-170 Администрирование; SCR-171 Пользователи; SCR-172 Карточка пользователя; SCR-173 Создание/активация пользователя; SCR-174 Block/deactivate user; SCR-175 Отделы; SCR-176 Audit, policy engine, management APIs; SCR-177 Роли и permissions; SCR-178 Audit, policy engine, management APIs; SCR-179 Effective permission diagnostics; SCR-180 Устройства; SCR-181 Sessions и login attempts; SCR-182 Сетевые ресурсы; SCR-183 Settings APIs, Windows settings; SCR-184 Фоновые задания; SCR-185 Резервные копии; SCR-186 Audit; SCR-187 Organization settings / feature flags; SCR-188 Audit, policy engine, management APIs",FLOW-026 Архивирование,,Contract/UI,High,OpenAPI `POST_api_v1_departments_id_archive`; Stage_3_Field_Traceability_Final_3.5.csv
AC-1184,AC,MOD-019,Администрирование,[STATE-014/Archived (Stage 3.5 State Matrix)/STATE-025] Conflict/precondition: устаревшая или отсутствующая If-Match не приводит к overwrite,POST_api_v1_departments_id_archive,POST /api/v1/departments/{id}/archive,Department.Manage,OrganizerController.POST_api_v1_departments_id_archive,"SCR-071 Project role/overrides; SCR-155 Startup, tray и device; SCR-170 Администрирование; SCR-171 Пользователи; SCR-172 Карточка пользователя; SCR-173 Создание/активация пользователя; SCR-174 Block/deactivate user; SCR-175 Отделы; SCR-176 Audit, policy engine, management APIs; SCR-177 Роли и permissions; SCR-178 Audit, policy engine, management APIs; SCR-179 Effective permission diagnostics; SCR-180 Устройства; SCR-181 Sessions и login attempts; SCR-182 Сетевые ресурсы; SCR-183 Settings APIs, Windows settings; SCR-184 Фоновые задания; SCR-185 Резервные копии; SCR-186 Audit; SCR-187 Organization settings / feature flags; SCR-188 Audit, policy engine, management APIs",FLOW-026 Архивирование,,Concurrency/integration,Critical,OpenAPI `POST_api_v1_departments_id_archive`; Stage_3_Field_Traceability_Final_3.5.csv
AC-1185,AC,MOD-019,Администрирование,[ServerUnavailable (Stage 3.5 State Matrix)/ServerUnavailable (cached read-only presentation) (Stage 3.5 State Matrix)/Reconnecting (Stage 3.5 State Matrix)] Server unavailable/read-only: команда Архивировать отдел не ставится в offline queue,POST_api_v1_departments_id_archive,POST /api/v1/departments/{id}/archive,Department.Manage,OrganizerController.POST_api_v1_departments_id_archive,"SCR-071 Project role/overrides; SCR-155 Startup, tray и device; SCR-170 Администрирование; SCR-171 Пользователи; SCR-172 Карточка пользователя; SCR-173 Создание/активация пользователя; SCR-174 Block/deactivate user; SCR-175 Отделы; SCR-176 Audit, policy engine, management APIs; SCR-177 Роли и permissions; SCR-178 Audit, policy engine, management APIs; SCR-179 Effective permission diagnostics; SCR-180 Устройства; SCR-181 Sessions и login attempts; SCR-182 Сетевые ресурсы; SCR-183 Settings APIs, Windows settings; SCR-184 Фоновые задания; SCR-185 Резервные копии; SCR-186 Audit; SCR-187 Organization settings / feature flags; SCR-188 Audit, policy engine, management APIs",FLOW-026 Архивирование,,Desktop/resilience,Critical,OpenAPI `POST_api_v1_departments_id_archive`; Stage_3_Field_Traceability_Final_3.5.csv
AC-1186,AC,MOD-019,Администрирование,[Archived (Stage 3.5 State Matrix)/Stable-error-specific recovery (Stage 3.5 error/UI rule)] Idempotency: повтор с тем же key/hash не создаёт двойной side effect,POST_api_v1_departments_id_archive,POST /api/v1/departments/{id}/archive,Department.Manage,OrganizerController.POST_api_v1_departments_id_archive,"SCR-071 Project role/overrides; SCR-155 Startup, tray и device; SCR-170 Администрирование; SCR-171 Пользователи; SCR-172 Карточка пользователя; SCR-173 Создание/активация пользователя; SCR-174 Block/deactivate user; SCR-175 Отделы; SCR-176 Audit, policy engine, management APIs; SCR-177 Роли и permissions; SCR-178 Audit, policy engine, management APIs; SCR-179 Effective permission diagnostics; SCR-180 Устройства; SCR-181 Sessions и login attempts; SCR-182 Сетевые ресурсы; SCR-183 Settings APIs, Windows settings; SCR-184 Фоновые задания; SCR-185 Резервные копии; SCR-186 Audit; SCR-187 Organization settings / feature flags; SCR-188 Audit, policy engine, management APIs",FLOW-026 Архивирование,,Integration,Critical,OpenAPI `POST_api_v1_departments_id_archive`; Stage_3_Field_Traceability_Final_3.5.csv
AC-1187,AC,MOD-019,Администрирование,Happy path: Заменить список руководителей отдела,PUT_api_v1_departments_id_managers,PUT /api/v1/departments/{id}/managers,Department.Manage,OrganizerController.PUT_api_v1_departments_id_managers,"SCR-176 Audit, policy engine, management APIs",FLOW-026 Архивирование; FLOW-028 Восстановление из корзины; FLOW-029 Блокировка пользователя; FLOW-030 Изменение permissions,,Contract/integration,Critical,OpenAPI `PUT_api_v1_departments_id_managers`; Stage_3_Field_Traceability_Final_3.5.csv
AC-1188,AC,MOD-019,Администрирование,[Forbidden (Stage 3.5 State Matrix)/ObjectUnavailable (Stage 3.5 State Matrix)] Permission denied: Заменить список руководителей отдела не выполняется и данные не раскрываются,PUT_api_v1_departments_id_managers,PUT /api/v1/departments/{id}/managers,Department.Manage,OrganizerController.PUT_api_v1_departments_id_managers,"SCR-176 Audit, policy engine, management APIs",FLOW-026 Архивирование; FLOW-028 Восстановление из корзины; FLOW-029 Блокировка пользователя; FLOW-030 Изменение permissions,,Security/authorization,Critical,OpenAPI `PUT_api_v1_departments_id_managers`; Stage_3_Field_Traceability_Final_3.5.csv
AC-1189,AC,MOD-019,Администрирование,[Authentication/session error handling (Stage 3.5 error/UI rule)/Authentication/session error handling (Stage 3.5 error/UI rule)/Device-revocation error handling (Stage 3.5 error/UI rule)] Session/device interruption: операция прекращается без сохранения неподтверждённого состояния,PUT_api_v1_departments_id_managers,PUT /api/v1/departments/{id}/managers,Department.Manage,OrganizerController.PUT_api_v1_departments_id_managers,"SCR-176 Audit, policy engine, management APIs",FLOW-026 Архивирование; FLOW-028 Восстановление из корзины; FLOW-029 Блокировка пользователя; FLOW-030 Изменение permissions,,Security/session,Critical,OpenAPI `PUT_api_v1_departments_id_managers`; Stage_3_Field_Traceability_Final_3.5.csv
AC-1190,AC,MOD-019,Администрирование,[STATE-007] Validation: fieldErrors сохраняют draft и привязываются к canonical field path,PUT_api_v1_departments_id_managers,PUT /api/v1/departments/{id}/managers,Department.Manage,OrganizerController.PUT_api_v1_departments_id_managers,"SCR-176 Audit, policy engine, management APIs",FLOW-026 Архивирование; FLOW-028 Восстановление из корзины; FLOW-029 Блокировка пользователя; FLOW-030 Изменение permissions,,Contract/UI,High,OpenAPI `PUT_api_v1_departments_id_managers`; Stage_3_Field_Traceability_Final_3.5.csv
AC-1191,AC,MOD-019,Администрирование,[STATE-014/STATE-025] Conflict/precondition: устаревшая или отсутствующая If-Match не приводит к overwrite,PUT_api_v1_departments_id_managers,PUT /api/v1/departments/{id}/managers,Department.Manage,OrganizerController.PUT_api_v1_departments_id_managers,"SCR-176 Audit, policy engine, management APIs",FLOW-026 Архивирование; FLOW-028 Восстановление из корзины; FLOW-029 Блокировка пользователя; FLOW-030 Изменение permissions,,Concurrency/integration,Critical,OpenAPI `PUT_api_v1_departments_id_managers`; Stage_3_Field_Traceability_Final_3.5.csv
AC-1192,AC,MOD-019,Администрирование,[ServerUnavailable (Stage 3.5 State Matrix)/ServerUnavailable (cached read-only presentation) (Stage 3.5 State Matrix)/Reconnecting (Stage 3.5 State Matrix)] Server unavailable/read-only: команда Заменить список руководителей отдела не ставится в offline queue,PUT_api_v1_departments_id_managers,PUT /api/v1/departments/{id}/managers,Department.Manage,OrganizerController.PUT_api_v1_departments_id_managers,"SCR-176 Audit, policy engine, management APIs",FLOW-026 Архивирование; FLOW-028 Восстановление из корзины; FLOW-029 Блокировка пользователя; FLOW-030 Изменение permissions,,Desktop/resilience,Critical,OpenAPI `PUT_api_v1_departments_id_managers`; Stage_3_Field_Traceability_Final_3.5.csv
AC-1193,AC,MOD-019,Администрирование,[Stable-error-specific recovery (Stage 3.5 error/UI rule)] Idempotency: повтор с тем же key/hash не создаёт двойной side effect,PUT_api_v1_departments_id_managers,PUT /api/v1/departments/{id}/managers,Department.Manage,OrganizerController.PUT_api_v1_departments_id_managers,"SCR-176 Audit, policy engine, management APIs",FLOW-026 Архивирование; FLOW-028 Восстановление из корзины; FLOW-029 Блокировка пользователя; FLOW-030 Изменение permissions,,Integration,Critical,OpenAPI `PUT_api_v1_departments_id_managers`; Stage_3_Field_Traceability_Final_3.5.csv
AC-1194,AC,MOD-019,Администрирование,[Trashed (Stage 3.5 State Matrix)] Happy path: Восстановить отдел,POST_api_v1_departments_id_restore,POST /api/v1/departments/{id}/restore,Department.Manage,OrganizerController.POST_api_v1_departments_id_restore,"SCR-071 Project role/overrides; SCR-155 Startup, tray и device; SCR-170 Администрирование; SCR-171 Пользователи; SCR-172 Карточка пользователя; SCR-173 Создание/активация пользователя; SCR-174 Block/deactivate user; SCR-175 Отделы; SCR-176 Audit, policy engine, management APIs; SCR-177 Роли и permissions; SCR-178 Audit, policy engine, management APIs; SCR-179 Effective permission diagnostics; SCR-180 Устройства; SCR-181 Sessions и login attempts; SCR-182 Сетевые ресурсы; SCR-183 Settings APIs, Windows settings; SCR-184 Фоновые задания; SCR-185 Резервные копии; SCR-186 Audit; SCR-187 Organization settings / feature flags; SCR-188 Audit, policy engine, management APIs",FLOW-028 Восстановление из корзины,,Contract/integration,Critical,OpenAPI `POST_api_v1_departments_id_restore`; Stage_3_Field_Traceability_Final_3.5.csv
AC-1195,AC,MOD-019,Администрирование,[Forbidden (Stage 3.5 State Matrix)/ObjectUnavailable (Stage 3.5 State Matrix)/Trashed (Stage 3.5 State Matrix)] Permission denied: Восстановить отдел не выполняется и данные не раскрываются,POST_api_v1_departments_id_restore,POST /api/v1/departments/{id}/restore,Department.Manage,OrganizerController.POST_api_v1_departments_id_restore,"SCR-071 Project role/overrides; SCR-155 Startup, tray и device; SCR-170 Администрирование; SCR-171 Пользователи; SCR-172 Карточка пользователя; SCR-173 Создание/активация пользователя; SCR-174 Block/deactivate user; SCR-175 Отделы; SCR-176 Audit, policy engine, management APIs; SCR-177 Роли и permissions; SCR-178 Audit, policy engine, management APIs; SCR-179 Effective permission diagnostics; SCR-180 Устройства; SCR-181 Sessions и login attempts; SCR-182 Сетевые ресурсы; SCR-183 Settings APIs, Windows settings; SCR-184 Фоновые задания; SCR-185 Резервные копии; SCR-186 Audit; SCR-187 Organization settings / feature flags; SCR-188 Audit, policy engine, management APIs",FLOW-028 Восстановление из корзины,,Security/authorization,Critical,OpenAPI `POST_api_v1_departments_id_restore`; Stage_3_Field_Traceability_Final_3.5.csv
AC-1196,AC,MOD-019,Администрирование,[Trashed (Stage 3.5 State Matrix)/Authentication/session error handling (Stage 3.5 error/UI rule)/Authentication/session error handling (Stage 3.5 error/UI rule)/Device-revocation error handling (Stage 3.5 error/UI rule)] Session/device interruption: операция прекращается без сохранения неподтверждённого состояния,POST_api_v1_departments_id_restore,POST /api/v1/departments/{id}/restore,Department.Manage,OrganizerController.POST_api_v1_departments_id_restore,"SCR-071 Project role/overrides; SCR-155 Startup, tray и device; SCR-170 Администрирование; SCR-171 Пользователи; SCR-172 Карточка пользователя; SCR-173 Создание/активация пользователя; SCR-174 Block/deactivate user; SCR-175 Отделы; SCR-176 Audit, policy engine, management APIs; SCR-177 Роли и permissions; SCR-178 Audit, policy engine, management APIs; SCR-179 Effective permission diagnostics; SCR-180 Устройства; SCR-181 Sessions и login attempts; SCR-182 Сетевые ресурсы; SCR-183 Settings APIs, Windows settings; SCR-184 Фоновые задания; SCR-185 Резервные копии; SCR-186 Audit; SCR-187 Organization settings / feature flags; SCR-188 Audit, policy engine, management APIs",FLOW-028 Восстановление из корзины,,Security/session,Critical,OpenAPI `POST_api_v1_departments_id_restore`; Stage_3_Field_Traceability_Final_3.5.csv
AC-1197,AC,MOD-019,Администрирование,[STATE-007/Trashed (Stage 3.5 State Matrix)] Validation: fieldErrors сохраняют draft и привязываются к canonical field path,POST_api_v1_departments_id_restore,POST /api/v1/departments/{id}/restore,Department.Manage,OrganizerController.POST_api_v1_departments_id_restore,"SCR-071 Project role/overrides; SCR-155 Startup, tray и device; SCR-170 Администрирование; SCR-171 Пользователи; SCR-172 Карточка пользователя; SCR-173 Создание/активация пользователя; SCR-174 Block/deactivate user; SCR-175 Отделы; SCR-176 Audit, policy engine, management APIs; SCR-177 Роли и permissions; SCR-178 Audit, policy engine, management APIs; SCR-179 Effective permission diagnostics; SCR-180 Устройства; SCR-181 Sessions и login attempts; SCR-182 Сетевые ресурсы; SCR-183 Settings APIs, Windows settings; SCR-184 Фоновые задания; SCR-185 Резервные копии; SCR-186 Audit; SCR-187 Organization settings / feature flags; SCR-188 Audit, policy engine, management APIs",FLOW-028 Восстановление из корзины,,Contract/UI,High,OpenAPI `POST_api_v1_departments_id_restore`; Stage_3_Field_Traceability_Final_3.5.csv
AC-1198,AC,MOD-019,Администрирование,[STATE-014/Trashed (Stage 3.5 State Matrix)/STATE-025] Conflict/precondition: устаревшая или отсутствующая If-Match не приводит к overwrite,POST_api_v1_departments_id_restore,POST /api/v1/departments/{id}/restore,Department.Manage,OrganizerController.POST_api_v1_departments_id_restore,"SCR-071 Project role/overrides; SCR-155 Startup, tray и device; SCR-170 Администрирование; SCR-171 Пользователи; SCR-172 Карточка пользователя; SCR-173 Создание/активация пользователя; SCR-174 Block/deactivate user; SCR-175 Отделы; SCR-176 Audit, policy engine, management APIs; SCR-177 Роли и permissions; SCR-178 Audit, policy engine, management APIs; SCR-179 Effective permission diagnostics; SCR-180 Устройства; SCR-181 Sessions и login attempts; SCR-182 Сетевые ресурсы; SCR-183 Settings APIs, Windows settings; SCR-184 Фоновые задания; SCR-185 Резервные копии; SCR-186 Audit; SCR-187 Organization settings / feature flags; SCR-188 Audit, policy engine, management APIs",FLOW-028 Восстановление из корзины,,Concurrency/integration,Critical,OpenAPI `POST_api_v1_departments_id_restore`; Stage_3_Field_Traceability_Final_3.5.csv
AC-1199,AC,MOD-019,Администрирование,[ServerUnavailable (Stage 3.5 State Matrix)/ServerUnavailable (cached read-only presentation) (Stage 3.5 State Matrix)/Reconnecting (Stage 3.5 State Matrix)] Server unavailable/read-only: команда Восстановить отдел не ставится в offline queue,POST_api_v1_departments_id_restore,POST /api/v1/departments/{id}/restore,Department.Manage,OrganizerController.POST_api_v1_departments_id_restore,"SCR-071 Project role/overrides; SCR-155 Startup, tray и device; SCR-170 Администрирование; SCR-171 Пользователи; SCR-172 Карточка пользователя; SCR-173 Создание/активация пользователя; SCR-174 Block/deactivate user; SCR-175 Отделы; SCR-176 Audit, policy engine, management APIs; SCR-177 Роли и permissions; SCR-178 Audit, policy engine, management APIs; SCR-179 Effective permission diagnostics; SCR-180 Устройства; SCR-181 Sessions и login attempts; SCR-182 Сетевые ресурсы; SCR-183 Settings APIs, Windows settings; SCR-184 Фоновые задания; SCR-185 Резервные копии; SCR-186 Audit; SCR-187 Organization settings / feature flags; SCR-188 Audit, policy engine, management APIs",FLOW-028 Восстановление из корзины,,Desktop/resilience,Critical,OpenAPI `POST_api_v1_departments_id_restore`; Stage_3_Field_Traceability_Final_3.5.csv
AC-1200,AC,MOD-019,Администрирование,[Trashed (Stage 3.5 State Matrix)/Stable-error-specific recovery (Stage 3.5 error/UI rule)] Idempotency: повтор с тем же key/hash не создаёт двойной side effect,POST_api_v1_departments_id_restore,POST /api/v1/departments/{id}/restore,Department.Manage,OrganizerController.POST_api_v1_departments_id_restore,"SCR-071 Project role/overrides; SCR-155 Startup, tray и device; SCR-170 Администрирование; SCR-171 Пользователи; SCR-172 Карточка пользователя; SCR-173 Создание/активация пользователя; SCR-174 Block/deactivate user; SCR-175 Отделы; SCR-176 Audit, policy engine, management APIs; SCR-177 Роли и permissions; SCR-178 Audit, policy engine, management APIs; SCR-179 Effective permission diagnostics; SCR-180 Устройства; SCR-181 Sessions и login attempts; SCR-182 Сетевые ресурсы; SCR-183 Settings APIs, Windows settings; SCR-184 Фоновые задания; SCR-185 Резервные копии; SCR-186 Audit; SCR-187 Organization settings / feature flags; SCR-188 Audit, policy engine, management APIs",FLOW-028 Восстановление из корзины,,Integration,Critical,OpenAPI `POST_api_v1_departments_id_restore`; Stage_3_Field_Traceability_Final_3.5.csv
AC-1201,AC,MOD-019,Администрирование,[Archived (Stage 3.5 State Matrix)] Happy path: Вернуть отдел из архива,POST_api_v1_departments_id_unarchive,POST /api/v1/departments/{id}/unarchive,Department.Manage,OrganizerController.POST_api_v1_departments_id_unarchive,"SCR-071 Project role/overrides; SCR-155 Startup, tray и device; SCR-170 Администрирование; SCR-171 Пользователи; SCR-172 Карточка пользователя; SCR-173 Создание/активация пользователя; SCR-174 Block/deactivate user; SCR-175 Отделы; SCR-176 Audit, policy engine, management APIs; SCR-177 Роли и permissions; SCR-178 Audit, policy engine, management APIs; SCR-179 Effective permission diagnostics; SCR-180 Устройства; SCR-181 Sessions и login attempts; SCR-182 Сетевые ресурсы; SCR-183 Settings APIs, Windows settings; SCR-184 Фоновые задания; SCR-185 Резервные копии; SCR-186 Audit; SCR-187 Organization settings / feature flags; SCR-188 Audit, policy engine, management APIs",FLOW-026 Архивирование,,Contract/integration,Critical,OpenAPI `POST_api_v1_departments_id_unarchive`; Stage_3_Field_Traceability_Final_3.5.csv
AC-1202,AC,MOD-019,Администрирование,[Forbidden (Stage 3.5 State Matrix)/ObjectUnavailable (Stage 3.5 State Matrix)/Archived (Stage 3.5 State Matrix)] Permission denied: Вернуть отдел из архива не выполняется и данные не раскрываются,POST_api_v1_departments_id_unarchive,POST /api/v1/departments/{id}/unarchive,Department.Manage,OrganizerController.POST_api_v1_departments_id_unarchive,"SCR-071 Project role/overrides; SCR-155 Startup, tray и device; SCR-170 Администрирование; SCR-171 Пользователи; SCR-172 Карточка пользователя; SCR-173 Создание/активация пользователя; SCR-174 Block/deactivate user; SCR-175 Отделы; SCR-176 Audit, policy engine, management APIs; SCR-177 Роли и permissions; SCR-178 Audit, policy engine, management APIs; SCR-179 Effective permission diagnostics; SCR-180 Устройства; SCR-181 Sessions и login attempts; SCR-182 Сетевые ресурсы; SCR-183 Settings APIs, Windows settings; SCR-184 Фоновые задания; SCR-185 Резервные копии; SCR-186 Audit; SCR-187 Organization settings / feature flags; SCR-188 Audit, policy engine, management APIs",FLOW-026 Архивирование,,Security/authorization,Critical,OpenAPI `POST_api_v1_departments_id_unarchive`; Stage_3_Field_Traceability_Final_3.5.csv
AC-1203,AC,MOD-019,Администрирование,[Archived (Stage 3.5 State Matrix)/Authentication/session error handling (Stage 3.5 error/UI rule)/Authentication/session error handling (Stage 3.5 error/UI rule)/Device-revocation error handling (Stage 3.5 error/UI rule)] Session/device interruption: операция прекращается без сохранения неподтверждённого состояния,POST_api_v1_departments_id_unarchive,POST /api/v1/departments/{id}/unarchive,Department.Manage,OrganizerController.POST_api_v1_departments_id_unarchive,"SCR-071 Project role/overrides; SCR-155 Startup, tray и device; SCR-170 Администрирование; SCR-171 Пользователи; SCR-172 Карточка пользователя; SCR-173 Создание/активация пользователя; SCR-174 Block/deactivate user; SCR-175 Отделы; SCR-176 Audit, policy engine, management APIs; SCR-177 Роли и permissions; SCR-178 Audit, policy engine, management APIs; SCR-179 Effective permission diagnostics; SCR-180 Устройства; SCR-181 Sessions и login attempts; SCR-182 Сетевые ресурсы; SCR-183 Settings APIs, Windows settings; SCR-184 Фоновые задания; SCR-185 Резервные копии; SCR-186 Audit; SCR-187 Organization settings / feature flags; SCR-188 Audit, policy engine, management APIs",FLOW-026 Архивирование,,Security/session,Critical,OpenAPI `POST_api_v1_departments_id_unarchive`; Stage_3_Field_Traceability_Final_3.5.csv
AC-1204,AC,MOD-019,Администрирование,[STATE-014/Archived (Stage 3.5 State Matrix)/STATE-025] Conflict/precondition: устаревшая или отсутствующая If-Match не приводит к overwrite,POST_api_v1_departments_id_unarchive,POST /api/v1/departments/{id}/unarchive,Department.Manage,OrganizerController.POST_api_v1_departments_id_unarchive,"SCR-071 Project role/overrides; SCR-155 Startup, tray и device; SCR-170 Администрирование; SCR-171 Пользователи; SCR-172 Карточка пользователя; SCR-173 Создание/активация пользователя; SCR-174 Block/deactivate user; SCR-175 Отделы; SCR-176 Audit, policy engine, management APIs; SCR-177 Роли и permissions; SCR-178 Audit, policy engine, management APIs; SCR-179 Effective permission diagnostics; SCR-180 Устройства; SCR-181 Sessions и login attempts; SCR-182 Сетевые ресурсы; SCR-183 Settings APIs, Windows settings; SCR-184 Фоновые задания; SCR-185 Резервные копии; SCR-186 Audit; SCR-187 Organization settings / feature flags; SCR-188 Audit, policy engine, management APIs",FLOW-026 Архивирование,,Concurrency/integration,Critical,OpenAPI `POST_api_v1_departments_id_unarchive`; Stage_3_Field_Traceability_Final_3.5.csv
AC-1205,AC,MOD-019,Администрирование,[ServerUnavailable (Stage 3.5 State Matrix)/ServerUnavailable (cached read-only presentation) (Stage 3.5 State Matrix)/Reconnecting (Stage 3.5 State Matrix)] Server unavailable/read-only: команда Вернуть отдел из архива не ставится в offline queue,POST_api_v1_departments_id_unarchive,POST /api/v1/departments/{id}/unarchive,Department.Manage,OrganizerController.POST_api_v1_departments_id_unarchive,"SCR-071 Project role/overrides; SCR-155 Startup, tray и device; SCR-170 Администрирование; SCR-171 Пользователи; SCR-172 Карточка пользователя; SCR-173 Создание/активация пользователя; SCR-174 Block/deactivate user; SCR-175 Отделы; SCR-176 Audit, policy engine, management APIs; SCR-177 Роли и permissions; SCR-178 Audit, policy engine, management APIs; SCR-179 Effective permission diagnostics; SCR-180 Устройства; SCR-181 Sessions и login attempts; SCR-182 Сетевые ресурсы; SCR-183 Settings APIs, Windows settings; SCR-184 Фоновые задания; SCR-185 Резервные копии; SCR-186 Audit; SCR-187 Organization settings / feature flags; SCR-188 Audit, policy engine, management APIs",FLOW-026 Архивирование,,Desktop/resilience,Critical,OpenAPI `POST_api_v1_departments_id_unarchive`; Stage_3_Field_Traceability_Final_3.5.csv
AC-1206,AC,MOD-019,Администрирование,Happy path: Список устройство,GET_api_v1_devices,GET /api/v1/devices,Device.ReadOwnOrAll,OrganizerController.GET_api_v1_devices,"SCR-071 Project role/overrides; SCR-155 Startup, tray и device; SCR-170 Администрирование; SCR-171 Пользователи; SCR-172 Карточка пользователя; SCR-173 Создание/активация пользователя; SCR-174 Block/deactivate user; SCR-175 Отделы; SCR-176 Audit, policy engine, management APIs; SCR-177 Роли и permissions; SCR-178 Audit, policy engine, management APIs; SCR-179 Effective permission diagnostics; SCR-180 Устройства; SCR-181 Sessions и login attempts; SCR-182 Сетевые ресурсы; SCR-183 Settings APIs, Windows settings; SCR-184 Фоновые задания; SCR-185 Резервные копии; SCR-186 Audit; SCR-187 Organization settings / feature flags; SCR-188 Audit, policy engine, management APIs",FLOW-026 Архивирование; FLOW-028 Восстановление из корзины; FLOW-029 Блокировка пользователя; FLOW-030 Изменение permissions,,Contract/integration,High,OpenAPI `GET_api_v1_devices`; Stage_3_Field_Traceability_Final_3.5.csv
AC-1207,AC,MOD-019,Администрирование,[Forbidden (Stage 3.5 State Matrix)/ObjectUnavailable (Stage 3.5 State Matrix)] Permission denied: Список устройство не выполняется и данные не раскрываются,GET_api_v1_devices,GET /api/v1/devices,Device.ReadOwnOrAll,OrganizerController.GET_api_v1_devices,"SCR-071 Project role/overrides; SCR-155 Startup, tray и device; SCR-170 Администрирование; SCR-171 Пользователи; SCR-172 Карточка пользователя; SCR-173 Создание/активация пользователя; SCR-174 Block/deactivate user; SCR-175 Отделы; SCR-176 Audit, policy engine, management APIs; SCR-177 Роли и permissions; SCR-178 Audit, policy engine, management APIs; SCR-179 Effective permission diagnostics; SCR-180 Устройства; SCR-181 Sessions и login attempts; SCR-182 Сетевые ресурсы; SCR-183 Settings APIs, Windows settings; SCR-184 Фоновые задания; SCR-185 Резервные копии; SCR-186 Audit; SCR-187 Organization settings / feature flags; SCR-188 Audit, policy engine, management APIs",FLOW-026 Архивирование; FLOW-028 Восстановление из корзины; FLOW-029 Блокировка пользователя; FLOW-030 Изменение permissions,,Security/authorization,Critical,OpenAPI `GET_api_v1_devices`; Stage_3_Field_Traceability_Final_3.5.csv
AC-1208,AC,MOD-019,Администрирование,[Authentication/session error handling (Stage 3.5 error/UI rule)/Authentication/session error handling (Stage 3.5 error/UI rule)/Device-revocation error handling (Stage 3.5 error/UI rule)] Session/device interruption: операция прекращается без сохранения неподтверждённого состояния,GET_api_v1_devices,GET /api/v1/devices,Device.ReadOwnOrAll,OrganizerController.GET_api_v1_devices,"SCR-071 Project role/overrides; SCR-155 Startup, tray и device; SCR-170 Администрирование; SCR-171 Пользователи; SCR-172 Карточка пользователя; SCR-173 Создание/активация пользователя; SCR-174 Block/deactivate user; SCR-175 Отделы; SCR-176 Audit, policy engine, management APIs; SCR-177 Роли и permissions; SCR-178 Audit, policy engine, management APIs; SCR-179 Effective permission diagnostics; SCR-180 Устройства; SCR-181 Sessions и login attempts; SCR-182 Сетевые ресурсы; SCR-183 Settings APIs, Windows settings; SCR-184 Фоновые задания; SCR-185 Резервные копии; SCR-186 Audit; SCR-187 Organization settings / feature flags; SCR-188 Audit, policy engine, management APIs",FLOW-026 Архивирование; FLOW-028 Восстановление из корзины; FLOW-029 Блокировка пользователя; FLOW-030 Изменение permissions,,Security/session,Critical,OpenAPI `GET_api_v1_devices`; Stage_3_Field_Traceability_Final_3.5.csv
AC-1209,AC,MOD-019,Администрирование,Happy path: Получить устройство,GET_api_v1_devices_id,GET /api/v1/devices/{id},Device.ReadOwnOrAll,OrganizerController.GET_api_v1_devices_id,SCR-180 Устройства,FLOW-026 Архивирование; FLOW-028 Восстановление из корзины; FLOW-029 Блокировка пользователя; FLOW-030 Изменение permissions,,Contract/integration,High,OpenAPI `GET_api_v1_devices_id`; Stage_3_Field_Traceability_Final_3.5.csv
AC-1210,AC,MOD-019,Администрирование,[Forbidden (Stage 3.5 State Matrix)/ObjectUnavailable (Stage 3.5 State Matrix)] Permission denied: Получить устройство не выполняется и данные не раскрываются,GET_api_v1_devices_id,GET /api/v1/devices/{id},Device.ReadOwnOrAll,OrganizerController.GET_api_v1_devices_id,SCR-180 Устройства,FLOW-026 Архивирование; FLOW-028 Восстановление из корзины; FLOW-029 Блокировка пользователя; FLOW-030 Изменение permissions,,Security/authorization,Critical,OpenAPI `GET_api_v1_devices_id`; Stage_3_Field_Traceability_Final_3.5.csv
AC-1211,AC,MOD-019,Администрирование,[Authentication/session error handling (Stage 3.5 error/UI rule)/Authentication/session error handling (Stage 3.5 error/UI rule)/Device-revocation error handling (Stage 3.5 error/UI rule)] Session/device interruption: операция прекращается без сохранения неподтверждённого состояния,GET_api_v1_devices_id,GET /api/v1/devices/{id},Device.ReadOwnOrAll,OrganizerController.GET_api_v1_devices_id,SCR-180 Устройства,FLOW-026 Архивирование; FLOW-028 Восстановление из корзины; FLOW-029 Блокировка пользователя; FLOW-030 Изменение permissions,,Security/session,Critical,OpenAPI `GET_api_v1_devices_id`; Stage_3_Field_Traceability_Final_3.5.csv
AC-1212,AC,MOD-019,Администрирование,Happy path: Изменить устройство,PATCH_api_v1_devices_id,PATCH /api/v1/devices/{id},Device.UpdateOwnOrAll,OrganizerController.PATCH_api_v1_devices_id,"SCR-155 Startup, tray и device; SCR-180 Устройства",FLOW-026 Архивирование; FLOW-028 Восстановление из корзины; FLOW-029 Блокировка пользователя; FLOW-030 Изменение permissions,,Contract/integration,Critical,OpenAPI `PATCH_api_v1_devices_id`; Stage_3_Field_Traceability_Final_3.5.csv
AC-1213,AC,MOD-019,Администрирование,[Forbidden (Stage 3.5 State Matrix)/ObjectUnavailable (Stage 3.5 State Matrix)] Permission denied: Изменить устройство не выполняется и данные не раскрываются,PATCH_api_v1_devices_id,PATCH /api/v1/devices/{id},Device.UpdateOwnOrAll,OrganizerController.PATCH_api_v1_devices_id,"SCR-155 Startup, tray и device; SCR-180 Устройства",FLOW-026 Архивирование; FLOW-028 Восстановление из корзины; FLOW-029 Блокировка пользователя; FLOW-030 Изменение permissions,,Security/authorization,Critical,OpenAPI `PATCH_api_v1_devices_id`; Stage_3_Field_Traceability_Final_3.5.csv
AC-1214,AC,MOD-019,Администрирование,[Authentication/session error handling (Stage 3.5 error/UI rule)/Authentication/session error handling (Stage 3.5 error/UI rule)/Device-revocation error handling (Stage 3.5 error/UI rule)] Session/device interruption: операция прекращается без сохранения неподтверждённого состояния,PATCH_api_v1_devices_id,PATCH /api/v1/devices/{id},Device.UpdateOwnOrAll,OrganizerController.PATCH_api_v1_devices_id,"SCR-155 Startup, tray и device; SCR-180 Устройства",FLOW-026 Архивирование; FLOW-028 Восстановление из корзины; FLOW-029 Блокировка пользователя; FLOW-030 Изменение permissions,,Security/session,Critical,OpenAPI `PATCH_api_v1_devices_id`; Stage_3_Field_Traceability_Final_3.5.csv
AC-1215,AC,MOD-019,Администрирование,[STATE-007] Validation: fieldErrors сохраняют draft и привязываются к canonical field path,PATCH_api_v1_devices_id,PATCH /api/v1/devices/{id},Device.UpdateOwnOrAll,OrganizerController.PATCH_api_v1_devices_id,"SCR-155 Startup, tray и device; SCR-180 Устройства",FLOW-026 Архивирование; FLOW-028 Восстановление из корзины; FLOW-029 Блокировка пользователя; FLOW-030 Изменение permissions,,Contract/UI,High,OpenAPI `PATCH_api_v1_devices_id`; Stage_3_Field_Traceability_Final_3.5.csv
AC-1216,AC,MOD-019,Администрирование,[STATE-014/STATE-025] Conflict/precondition: устаревшая или отсутствующая If-Match не приводит к overwrite,PATCH_api_v1_devices_id,PATCH /api/v1/devices/{id},Device.UpdateOwnOrAll,OrganizerController.PATCH_api_v1_devices_id,"SCR-155 Startup, tray и device; SCR-180 Устройства",FLOW-026 Архивирование; FLOW-028 Восстановление из корзины; FLOW-029 Блокировка пользователя; FLOW-030 Изменение permissions,,Concurrency/integration,Critical,OpenAPI `PATCH_api_v1_devices_id`; Stage_3_Field_Traceability_Final_3.5.csv
AC-1217,AC,MOD-019,Администрирование,[ServerUnavailable (Stage 3.5 State Matrix)/ServerUnavailable (cached read-only presentation) (Stage 3.5 State Matrix)/Reconnecting (Stage 3.5 State Matrix)] Server unavailable/read-only: команда Изменить устройство не ставится в offline queue,PATCH_api_v1_devices_id,PATCH /api/v1/devices/{id},Device.UpdateOwnOrAll,OrganizerController.PATCH_api_v1_devices_id,"SCR-155 Startup, tray и device; SCR-180 Устройства",FLOW-026 Архивирование; FLOW-028 Восстановление из корзины; FLOW-029 Блокировка пользователя; FLOW-030 Изменение permissions,,Desktop/resilience,Critical,OpenAPI `PATCH_api_v1_devices_id`; Stage_3_Field_Traceability_Final_3.5.csv
AC-1218,AC,MOD-019,Администрирование,Happy path: Обновить last_seen и версию клиента,POST_api_v1_devices_id_heartbeat,POST /api/v1/devices/{id}/heartbeat,Authenticated,OrganizerController.POST_api_v1_devices_id_heartbeat,"SCR-071 Project role/overrides; SCR-155 Startup, tray и device; SCR-170 Администрирование; SCR-171 Пользователи; SCR-172 Карточка пользователя; SCR-173 Создание/активация пользователя; SCR-174 Block/deactivate user; SCR-175 Отделы; SCR-176 Audit, policy engine, management APIs; SCR-177 Роли и permissions; SCR-178 Audit, policy engine, management APIs; SCR-179 Effective permission diagnostics; SCR-180 Устройства; SCR-181 Sessions и login attempts; SCR-182 Сетевые ресурсы; SCR-183 Settings APIs, Windows settings; SCR-184 Фоновые задания; SCR-185 Резервные копии; SCR-186 Audit; SCR-187 Organization settings / feature flags; SCR-188 Audit, policy engine, management APIs",FLOW-026 Архивирование; FLOW-028 Восстановление из корзины; FLOW-029 Блокировка пользователя; FLOW-030 Изменение permissions,,Contract/integration,Critical,OpenAPI `POST_api_v1_devices_id_heartbeat`; Stage_3_Field_Traceability_Final_3.5.csv
AC-1219,AC,MOD-019,Администрирование,[Authentication/session error handling (Stage 3.5 error/UI rule)/Authentication/session error handling (Stage 3.5 error/UI rule)/Device-revocation error handling (Stage 3.5 error/UI rule)] Session/device interruption: операция прекращается без сохранения неподтверждённого состояния,POST_api_v1_devices_id_heartbeat,POST /api/v1/devices/{id}/heartbeat,Authenticated,OrganizerController.POST_api_v1_devices_id_heartbeat,"SCR-071 Project role/overrides; SCR-155 Startup, tray и device; SCR-170 Администрирование; SCR-171 Пользователи; SCR-172 Карточка пользователя; SCR-173 Создание/активация пользователя; SCR-174 Block/deactivate user; SCR-175 Отделы; SCR-176 Audit, policy engine, management APIs; SCR-177 Роли и permissions; SCR-178 Audit, policy engine, management APIs; SCR-179 Effective permission diagnostics; SCR-180 Устройства; SCR-181 Sessions и login attempts; SCR-182 Сетевые ресурсы; SCR-183 Settings APIs, Windows settings; SCR-184 Фоновые задания; SCR-185 Резервные копии; SCR-186 Audit; SCR-187 Organization settings / feature flags; SCR-188 Audit, policy engine, management APIs",FLOW-026 Архивирование; FLOW-028 Восстановление из корзины; FLOW-029 Блокировка пользователя; FLOW-030 Изменение permissions,,Security/session,Critical,OpenAPI `POST_api_v1_devices_id_heartbeat`; Stage_3_Field_Traceability_Final_3.5.csv
AC-1220,AC,MOD-019,Администрирование,[ServerUnavailable (Stage 3.5 State Matrix)/ServerUnavailable (cached read-only presentation) (Stage 3.5 State Matrix)/Reconnecting (Stage 3.5 State Matrix)] Server unavailable/read-only: команда Обновить last_seen и версию клиента не ставится в offline queue,POST_api_v1_devices_id_heartbeat,POST /api/v1/devices/{id}/heartbeat,Authenticated,OrganizerController.POST_api_v1_devices_id_heartbeat,"SCR-071 Project role/overrides; SCR-155 Startup, tray и device; SCR-170 Администрирование; SCR-171 Пользователи; SCR-172 Карточка пользователя; SCR-173 Создание/активация пользователя; SCR-174 Block/deactivate user; SCR-175 Отделы; SCR-176 Audit, policy engine, management APIs; SCR-177 Роли и permissions; SCR-178 Audit, policy engine, management APIs; SCR-179 Effective permission diagnostics; SCR-180 Устройства; SCR-181 Sessions и login attempts; SCR-182 Сетевые ресурсы; SCR-183 Settings APIs, Windows settings; SCR-184 Фоновые задания; SCR-185 Резервные копии; SCR-186 Audit; SCR-187 Organization settings / feature flags; SCR-188 Audit, policy engine, management APIs",FLOW-026 Архивирование; FLOW-028 Восстановление из корзины; FLOW-029 Блокировка пользователя; FLOW-030 Изменение permissions,,Desktop/resilience,Critical,OpenAPI `POST_api_v1_devices_id_heartbeat`; Stage_3_Field_Traceability_Final_3.5.csv
AC-1221,AC,MOD-019,Администрирование,Happy path: Отозвать устройство,POST_api_v1_devices_id_revoke,POST /api/v1/devices/{id}/revoke,Device.Revoke,OrganizerController.POST_api_v1_devices_id_revoke,SCR-180 Устройства,FLOW-026 Архивирование; FLOW-028 Восстановление из корзины; FLOW-029 Блокировка пользователя; FLOW-030 Изменение permissions,,Contract/integration,Critical,OpenAPI `POST_api_v1_devices_id_revoke`; Stage_3_Field_Traceability_Final_3.5.csv
AC-1222,AC,MOD-019,Администрирование,[Forbidden (Stage 3.5 State Matrix)/ObjectUnavailable (Stage 3.5 State Matrix)] Permission denied: Отозвать устройство не выполняется и данные не раскрываются,POST_api_v1_devices_id_revoke,POST /api/v1/devices/{id}/revoke,Device.Revoke,OrganizerController.POST_api_v1_devices_id_revoke,SCR-180 Устройства,FLOW-026 Архивирование; FLOW-028 Восстановление из корзины; FLOW-029 Блокировка пользователя; FLOW-030 Изменение permissions,,Security/authorization,Critical,OpenAPI `POST_api_v1_devices_id_revoke`; Stage_3_Field_Traceability_Final_3.5.csv
AC-1223,AC,MOD-019,Администрирование,[Authentication/session error handling (Stage 3.5 error/UI rule)/Authentication/session error handling (Stage 3.5 error/UI rule)/Device-revocation error handling (Stage 3.5 error/UI rule)] Session/device interruption: операция прекращается без сохранения неподтверждённого состояния,POST_api_v1_devices_id_revoke,POST /api/v1/devices/{id}/revoke,Device.Revoke,OrganizerController.POST_api_v1_devices_id_revoke,SCR-180 Устройства,FLOW-026 Архивирование; FLOW-028 Восстановление из корзины; FLOW-029 Блокировка пользователя; FLOW-030 Изменение permissions,,Security/session,Critical,OpenAPI `POST_api_v1_devices_id_revoke`; Stage_3_Field_Traceability_Final_3.5.csv
AC-1224,AC,MOD-019,Администрирование,[STATE-014/STATE-025] Conflict/precondition: устаревшая или отсутствующая If-Match не приводит к overwrite,POST_api_v1_devices_id_revoke,POST /api/v1/devices/{id}/revoke,Device.Revoke,OrganizerController.POST_api_v1_devices_id_revoke,SCR-180 Устройства,FLOW-026 Архивирование; FLOW-028 Восстановление из корзины; FLOW-029 Блокировка пользователя; FLOW-030 Изменение permissions,,Concurrency/integration,Critical,OpenAPI `POST_api_v1_devices_id_revoke`; Stage_3_Field_Traceability_Final_3.5.csv
AC-1225,AC,MOD-019,Администрирование,[ServerUnavailable (Stage 3.5 State Matrix)/ServerUnavailable (cached read-only presentation) (Stage 3.5 State Matrix)/Reconnecting (Stage 3.5 State Matrix)] Server unavailable/read-only: команда Отозвать устройство не ставится в offline queue,POST_api_v1_devices_id_revoke,POST /api/v1/devices/{id}/revoke,Device.Revoke,OrganizerController.POST_api_v1_devices_id_revoke,SCR-180 Устройства,FLOW-026 Архивирование; FLOW-028 Восстановление из корзины; FLOW-029 Блокировка пользователя; FLOW-030 Изменение permissions,,Desktop/resilience,Critical,OpenAPI `POST_api_v1_devices_id_revoke`; Stage_3_Field_Traceability_Final_3.5.csv
AC-1226,AC,MOD-019,Администрирование,[Stable-error-specific recovery (Stage 3.5 error/UI rule)] Idempotency: повтор с тем же key/hash не создаёт двойной side effect,POST_api_v1_devices_id_revoke,POST /api/v1/devices/{id}/revoke,Device.Revoke,OrganizerController.POST_api_v1_devices_id_revoke,SCR-180 Устройства,FLOW-026 Архивирование; FLOW-028 Восстановление из корзины; FLOW-029 Блокировка пользователя; FLOW-030 Изменение permissions,,Integration,Critical,OpenAPI `POST_api_v1_devices_id_revoke`; Stage_3_Field_Traceability_Final_3.5.csv
AC-1227,AC,MOD-019,Администрирование,Happy path: Сетевые ресурсы,GET_api_v1_network_resources,GET /api/v1/network-resources,FileCatalog.Read,OrganizerController.GET_api_v1_network_resources,SCR-182 Сетевые ресурсы,FLOW-026 Архивирование; FLOW-028 Восстановление из корзины; FLOW-029 Блокировка пользователя; FLOW-030 Изменение permissions,,Contract/integration,High,OpenAPI `GET_api_v1_network_resources`; Stage_3_Field_Traceability_Final_3.5.csv
AC-1228,AC,MOD-019,Администрирование,[Forbidden (Stage 3.5 State Matrix)/ObjectUnavailable (Stage 3.5 State Matrix)] Permission denied: Сетевые ресурсы не выполняется и данные не раскрываются,GET_api_v1_network_resources,GET /api/v1/network-resources,FileCatalog.Read,OrganizerController.GET_api_v1_network_resources,SCR-182 Сетевые ресурсы,FLOW-026 Архивирование; FLOW-028 Восстановление из корзины; FLOW-029 Блокировка пользователя; FLOW-030 Изменение permissions,,Security/authorization,Critical,OpenAPI `GET_api_v1_network_resources`; Stage_3_Field_Traceability_Final_3.5.csv
AC-1229,AC,MOD-019,Администрирование,[Authentication/session error handling (Stage 3.5 error/UI rule)/Authentication/session error handling (Stage 3.5 error/UI rule)/Device-revocation error handling (Stage 3.5 error/UI rule)] Session/device interruption: операция прекращается без сохранения неподтверждённого состояния,GET_api_v1_network_resources,GET /api/v1/network-resources,FileCatalog.Read,OrganizerController.GET_api_v1_network_resources,SCR-182 Сетевые ресурсы,FLOW-026 Архивирование; FLOW-028 Восстановление из корзины; FLOW-029 Блокировка пользователя; FLOW-030 Изменение permissions,,Security/session,Critical,OpenAPI `GET_api_v1_network_resources`; Stage_3_Field_Traceability_Final_3.5.csv
AC-1230,AC,MOD-019,Администрирование,Happy path: Создать сетевой ресурс,POST_api_v1_network_resources,POST /api/v1/network-resources,NetworkResource.Manage,OrganizerController.POST_api_v1_network_resources,SCR-182 Сетевые ресурсы,FLOW-026 Архивирование; FLOW-028 Восстановление из корзины; FLOW-029 Блокировка пользователя; FLOW-030 Изменение permissions,,Contract/integration,Critical,OpenAPI `POST_api_v1_network_resources`; Stage_3_Field_Traceability_Final_3.5.csv
AC-1231,AC,MOD-019,Администрирование,[Forbidden (Stage 3.5 State Matrix)/ObjectUnavailable (Stage 3.5 State Matrix)] Permission denied: Создать сетевой ресурс не выполняется и данные не раскрываются,POST_api_v1_network_resources,POST /api/v1/network-resources,NetworkResource.Manage,OrganizerController.POST_api_v1_network_resources,SCR-182 Сетевые ресурсы,FLOW-026 Архивирование; FLOW-028 Восстановление из корзины; FLOW-029 Блокировка пользователя; FLOW-030 Изменение permissions,,Security/authorization,Critical,OpenAPI `POST_api_v1_network_resources`; Stage_3_Field_Traceability_Final_3.5.csv
AC-1232,AC,MOD-019,Администрирование,[Authentication/session error handling (Stage 3.5 error/UI rule)/Authentication/session error handling (Stage 3.5 error/UI rule)/Device-revocation error handling (Stage 3.5 error/UI rule)] Session/device interruption: операция прекращается без сохранения неподтверждённого состояния,POST_api_v1_network_resources,POST /api/v1/network-resources,NetworkResource.Manage,OrganizerController.POST_api_v1_network_resources,SCR-182 Сетевые ресурсы,FLOW-026 Архивирование; FLOW-028 Восстановление из корзины; FLOW-029 Блокировка пользователя; FLOW-030 Изменение permissions,,Security/session,Critical,OpenAPI `POST_api_v1_network_resources`; Stage_3_Field_Traceability_Final_3.5.csv
AC-1233,AC,MOD-019,Администрирование,[STATE-007] Validation: fieldErrors сохраняют draft и привязываются к canonical field path,POST_api_v1_network_resources,POST /api/v1/network-resources,NetworkResource.Manage,OrganizerController.POST_api_v1_network_resources,SCR-182 Сетевые ресурсы,FLOW-026 Архивирование; FLOW-028 Восстановление из корзины; FLOW-029 Блокировка пользователя; FLOW-030 Изменение permissions,,Contract/UI,High,OpenAPI `POST_api_v1_network_resources`; Stage_3_Field_Traceability_Final_3.5.csv
AC-1234,AC,MOD-019,Администрирование,[STATE-014/STATE-025] Conflict/precondition: устаревшая или отсутствующая контрактная версия/precondition не приводит к overwrite,POST_api_v1_network_resources,POST /api/v1/network-resources,NetworkResource.Manage,OrganizerController.POST_api_v1_network_resources,SCR-182 Сетевые ресурсы,FLOW-026 Архивирование; FLOW-028 Восстановление из корзины; FLOW-029 Блокировка пользователя; FLOW-030 Изменение permissions,,Concurrency/integration,Critical,OpenAPI `POST_api_v1_network_resources`; Stage_3_Field_Traceability_Final_3.5.csv
AC-1235,AC,MOD-019,Администрирование,[ServerUnavailable (Stage 3.5 State Matrix)/ServerUnavailable (cached read-only presentation) (Stage 3.5 State Matrix)/Reconnecting (Stage 3.5 State Matrix)] Server unavailable/read-only: команда Создать сетевой ресурс не ставится в offline queue,POST_api_v1_network_resources,POST /api/v1/network-resources,NetworkResource.Manage,OrganizerController.POST_api_v1_network_resources,SCR-182 Сетевые ресурсы,FLOW-026 Архивирование; FLOW-028 Восстановление из корзины; FLOW-029 Блокировка пользователя; FLOW-030 Изменение permissions,,Desktop/resilience,Critical,OpenAPI `POST_api_v1_network_resources`; Stage_3_Field_Traceability_Final_3.5.csv
AC-1236,AC,MOD-019,Администрирование,[Stable-error-specific recovery (Stage 3.5 error/UI rule)] Idempotency: повтор с тем же key/hash не создаёт двойной side effect,POST_api_v1_network_resources,POST /api/v1/network-resources,NetworkResource.Manage,OrganizerController.POST_api_v1_network_resources,SCR-182 Сетевые ресурсы,FLOW-026 Архивирование; FLOW-028 Восстановление из корзины; FLOW-029 Блокировка пользователя; FLOW-030 Изменение permissions,,Integration,Critical,OpenAPI `POST_api_v1_network_resources`; Stage_3_Field_Traceability_Final_3.5.csv
AC-1237,AC,MOD-019,Администрирование,Happy path: Изменить сетевой ресурс,PATCH_api_v1_network_resources_id,PATCH /api/v1/network-resources/{id},NetworkResource.Manage,OrganizerController.PATCH_api_v1_network_resources_id,SCR-182 Сетевые ресурсы,FLOW-026 Архивирование; FLOW-028 Восстановление из корзины; FLOW-029 Блокировка пользователя; FLOW-030 Изменение permissions,,Contract/integration,Critical,OpenAPI `PATCH_api_v1_network_resources_id`; Stage_3_Field_Traceability_Final_3.5.csv
AC-1238,AC,MOD-019,Администрирование,[Forbidden (Stage 3.5 State Matrix)/ObjectUnavailable (Stage 3.5 State Matrix)] Permission denied: Изменить сетевой ресурс не выполняется и данные не раскрываются,PATCH_api_v1_network_resources_id,PATCH /api/v1/network-resources/{id},NetworkResource.Manage,OrganizerController.PATCH_api_v1_network_resources_id,SCR-182 Сетевые ресурсы,FLOW-026 Архивирование; FLOW-028 Восстановление из корзины; FLOW-029 Блокировка пользователя; FLOW-030 Изменение permissions,,Security/authorization,Critical,OpenAPI `PATCH_api_v1_network_resources_id`; Stage_3_Field_Traceability_Final_3.5.csv
AC-1239,AC,MOD-019,Администрирование,[Authentication/session error handling (Stage 3.5 error/UI rule)/Authentication/session error handling (Stage 3.5 error/UI rule)/Device-revocation error handling (Stage 3.5 error/UI rule)] Session/device interruption: операция прекращается без сохранения неподтверждённого состояния,PATCH_api_v1_network_resources_id,PATCH /api/v1/network-resources/{id},NetworkResource.Manage,OrganizerController.PATCH_api_v1_network_resources_id,SCR-182 Сетевые ресурсы,FLOW-026 Архивирование; FLOW-028 Восстановление из корзины; FLOW-029 Блокировка пользователя; FLOW-030 Изменение permissions,,Security/session,Critical,OpenAPI `PATCH_api_v1_network_resources_id`; Stage_3_Field_Traceability_Final_3.5.csv
AC-1240,AC,MOD-019,Администрирование,[STATE-007] Validation: fieldErrors сохраняют draft и привязываются к canonical field path,PATCH_api_v1_network_resources_id,PATCH /api/v1/network-resources/{id},NetworkResource.Manage,OrganizerController.PATCH_api_v1_network_resources_id,SCR-182 Сетевые ресурсы,FLOW-026 Архивирование; FLOW-028 Восстановление из корзины; FLOW-029 Блокировка пользователя; FLOW-030 Изменение permissions,,Contract/UI,High,OpenAPI `PATCH_api_v1_network_resources_id`; Stage_3_Field_Traceability_Final_3.5.csv
AC-1241,AC,MOD-019,Администрирование,[STATE-014/STATE-025] Conflict/precondition: устаревшая или отсутствующая If-Match не приводит к overwrite,PATCH_api_v1_network_resources_id,PATCH /api/v1/network-resources/{id},NetworkResource.Manage,OrganizerController.PATCH_api_v1_network_resources_id,SCR-182 Сетевые ресурсы,FLOW-026 Архивирование; FLOW-028 Восстановление из корзины; FLOW-029 Блокировка пользователя; FLOW-030 Изменение permissions,,Concurrency/integration,Critical,OpenAPI `PATCH_api_v1_network_resources_id`; Stage_3_Field_Traceability_Final_3.5.csv
AC-1242,AC,MOD-019,Администрирование,[ServerUnavailable (Stage 3.5 State Matrix)/ServerUnavailable (cached read-only presentation) (Stage 3.5 State Matrix)/Reconnecting (Stage 3.5 State Matrix)] Server unavailable/read-only: команда Изменить сетевой ресурс не ставится в offline queue,PATCH_api_v1_network_resources_id,PATCH /api/v1/network-resources/{id},NetworkResource.Manage,OrganizerController.PATCH_api_v1_network_resources_id,SCR-182 Сетевые ресурсы,FLOW-026 Архивирование; FLOW-028 Восстановление из корзины; FLOW-029 Блокировка пользователя; FLOW-030 Изменение permissions,,Desktop/resilience,Critical,OpenAPI `PATCH_api_v1_network_resources_id`; Stage_3_Field_Traceability_Final_3.5.csv
AC-1243,AC,MOD-019,Администрирование,[Stable-error-specific recovery (Stage 3.5 error/UI rule)] Idempotency: повтор с тем же key/hash не создаёт двойной side effect,PATCH_api_v1_network_resources_id,PATCH /api/v1/network-resources/{id},NetworkResource.Manage,OrganizerController.PATCH_api_v1_network_resources_id,SCR-182 Сетевые ресурсы,FLOW-026 Архивирование; FLOW-028 Восстановление из корзины; FLOW-029 Блокировка пользователя; FLOW-030 Изменение permissions,,Integration,Critical,OpenAPI `PATCH_api_v1_network_resources_id`; Stage_3_Field_Traceability_Final_3.5.csv
AC-1244,AC,MOD-019,Администрирование,Happy path: Проверить ресурс без credentials,POST_api_v1_network_resources_id_probe,POST /api/v1/network-resources/{id}/probe,NetworkResource.Manage,OrganizerController.POST_api_v1_network_resources_id_probe,SCR-182 Сетевые ресурсы,FLOW-026 Архивирование; FLOW-028 Восстановление из корзины; FLOW-029 Блокировка пользователя; FLOW-030 Изменение permissions,,Contract/integration,Critical,OpenAPI `POST_api_v1_network_resources_id_probe`; Stage_3_Field_Traceability_Final_3.5.csv
AC-1245,AC,MOD-019,Администрирование,[Forbidden (Stage 3.5 State Matrix)/ObjectUnavailable (Stage 3.5 State Matrix)] Permission denied: Проверить ресурс без credentials не выполняется и данные не раскрываются,POST_api_v1_network_resources_id_probe,POST /api/v1/network-resources/{id}/probe,NetworkResource.Manage,OrganizerController.POST_api_v1_network_resources_id_probe,SCR-182 Сетевые ресурсы,FLOW-026 Архивирование; FLOW-028 Восстановление из корзины; FLOW-029 Блокировка пользователя; FLOW-030 Изменение permissions,,Security/authorization,Critical,OpenAPI `POST_api_v1_network_resources_id_probe`; Stage_3_Field_Traceability_Final_3.5.csv
AC-1246,AC,MOD-019,Администрирование,[Authentication/session error handling (Stage 3.5 error/UI rule)/Authentication/session error handling (Stage 3.5 error/UI rule)/Device-revocation error handling (Stage 3.5 error/UI rule)] Session/device interruption: операция прекращается без сохранения неподтверждённого состояния,POST_api_v1_network_resources_id_probe,POST /api/v1/network-resources/{id}/probe,NetworkResource.Manage,OrganizerController.POST_api_v1_network_resources_id_probe,SCR-182 Сетевые ресурсы,FLOW-026 Архивирование; FLOW-028 Восстановление из корзины; FLOW-029 Блокировка пользователя; FLOW-030 Изменение permissions,,Security/session,Critical,OpenAPI `POST_api_v1_network_resources_id_probe`; Stage_3_Field_Traceability_Final_3.5.csv
AC-1247,AC,MOD-019,Администрирование,[STATE-007] Validation: fieldErrors сохраняют draft и привязываются к canonical field path,POST_api_v1_network_resources_id_probe,POST /api/v1/network-resources/{id}/probe,NetworkResource.Manage,OrganizerController.POST_api_v1_network_resources_id_probe,SCR-182 Сетевые ресурсы,FLOW-026 Архивирование; FLOW-028 Восстановление из корзины; FLOW-029 Блокировка пользователя; FLOW-030 Изменение permissions,,Contract/UI,High,OpenAPI `POST_api_v1_network_resources_id_probe`; Stage_3_Field_Traceability_Final_3.5.csv
AC-1248,AC,MOD-019,Администрирование,[ServerUnavailable (Stage 3.5 State Matrix)/ServerUnavailable (cached read-only presentation) (Stage 3.5 State Matrix)/Reconnecting (Stage 3.5 State Matrix)] Server unavailable/read-only: команда Проверить ресурс без credentials не ставится в offline queue,POST_api_v1_network_resources_id_probe,POST /api/v1/network-resources/{id}/probe,NetworkResource.Manage,OrganizerController.POST_api_v1_network_resources_id_probe,SCR-182 Сетевые ресурсы,FLOW-026 Архивирование; FLOW-028 Восстановление из корзины; FLOW-029 Блокировка пользователя; FLOW-030 Изменение permissions,,Desktop/resilience,Critical,OpenAPI `POST_api_v1_network_resources_id_probe`; Stage_3_Field_Traceability_Final_3.5.csv
AC-1249,AC,MOD-019,Администрирование,[Stable-error-specific recovery (Stage 3.5 error/UI rule)] Idempotency: повтор с тем же key/hash не создаёт двойной side effect,POST_api_v1_network_resources_id_probe,POST /api/v1/network-resources/{id}/probe,NetworkResource.Manage,OrganizerController.POST_api_v1_network_resources_id_probe,SCR-182 Сетевые ресурсы,FLOW-026 Архивирование; FLOW-028 Восстановление из корзины; FLOW-029 Блокировка пользователя; FLOW-030 Изменение permissions,,Integration,Critical,OpenAPI `POST_api_v1_network_resources_id_probe`; Stage_3_Field_Traceability_Final_3.5.csv
AC-1250,AC,MOD-019,Администрирование,Happy path: Детальный health,GET_health_details,GET /health/details,System.HealthRead,OrganizerController.GET_health_details,"SCR-071 Project role/overrides; SCR-155 Startup, tray и device; SCR-170 Администрирование; SCR-171 Пользователи; SCR-172 Карточка пользователя; SCR-173 Создание/активация пользователя; SCR-174 Block/deactivate user; SCR-175 Отделы; SCR-176 Audit, policy engine, management APIs; SCR-177 Роли и permissions; SCR-178 Audit, policy engine, management APIs; SCR-179 Effective permission diagnostics; SCR-180 Устройства; SCR-181 Sessions и login attempts; SCR-182 Сетевые ресурсы; SCR-183 Settings APIs, Windows settings; SCR-184 Фоновые задания; SCR-185 Резервные копии; SCR-186 Audit; SCR-187 Organization settings / feature flags; SCR-188 Audit, policy engine, management APIs",FLOW-026 Архивирование; FLOW-028 Восстановление из корзины; FLOW-029 Блокировка пользователя; FLOW-030 Изменение permissions,,Contract/integration,High,OpenAPI `GET_health_details`; Stage_3_Field_Traceability_Final_3.5.csv
AC-1251,AC,MOD-019,Администрирование,[Forbidden (Stage 3.5 State Matrix)/ObjectUnavailable (Stage 3.5 State Matrix)] Permission denied: Детальный health не выполняется и данные не раскрываются,GET_health_details,GET /health/details,System.HealthRead,OrganizerController.GET_health_details,"SCR-071 Project role/overrides; SCR-155 Startup, tray и device; SCR-170 Администрирование; SCR-171 Пользователи; SCR-172 Карточка пользователя; SCR-173 Создание/активация пользователя; SCR-174 Block/deactivate user; SCR-175 Отделы; SCR-176 Audit, policy engine, management APIs; SCR-177 Роли и permissions; SCR-178 Audit, policy engine, management APIs; SCR-179 Effective permission diagnostics; SCR-180 Устройства; SCR-181 Sessions и login attempts; SCR-182 Сетевые ресурсы; SCR-183 Settings APIs, Windows settings; SCR-184 Фоновые задания; SCR-185 Резервные копии; SCR-186 Audit; SCR-187 Organization settings / feature flags; SCR-188 Audit, policy engine, management APIs",FLOW-026 Архивирование; FLOW-028 Восстановление из корзины; FLOW-029 Блокировка пользователя; FLOW-030 Изменение permissions,,Security/authorization,Critical,OpenAPI `GET_health_details`; Stage_3_Field_Traceability_Final_3.5.csv
AC-1252,AC,MOD-019,Администрирование,[Authentication/session error handling (Stage 3.5 error/UI rule)/Authentication/session error handling (Stage 3.5 error/UI rule)/Device-revocation error handling (Stage 3.5 error/UI rule)] Session/device interruption: операция прекращается без сохранения неподтверждённого состояния,GET_health_details,GET /health/details,System.HealthRead,OrganizerController.GET_health_details,"SCR-071 Project role/overrides; SCR-155 Startup, tray и device; SCR-170 Администрирование; SCR-171 Пользователи; SCR-172 Карточка пользователя; SCR-173 Создание/активация пользователя; SCR-174 Block/deactivate user; SCR-175 Отделы; SCR-176 Audit, policy engine, management APIs; SCR-177 Роли и permissions; SCR-178 Audit, policy engine, management APIs; SCR-179 Effective permission diagnostics; SCR-180 Устройства; SCR-181 Sessions и login attempts; SCR-182 Сетевые ресурсы; SCR-183 Settings APIs, Windows settings; SCR-184 Фоновые задания; SCR-185 Резервные копии; SCR-186 Audit; SCR-187 Organization settings / feature flags; SCR-188 Audit, policy engine, management APIs",FLOW-026 Архивирование; FLOW-028 Восстановление из корзины; FLOW-029 Блокировка пользователя; FLOW-030 Изменение permissions,,Security/session,Critical,OpenAPI `GET_health_details`; Stage_3_Field_Traceability_Final_3.5.csv
AC-1253,AC,MOD-019,Администрирование,Happy path: Каталог разрешений,GET_api_v1_permissions,GET /api/v1/permissions,Role.Read,OrganizerController.GET_api_v1_permissions,"SCR-071 Project role/overrides; SCR-155 Startup, tray и device; SCR-170 Администрирование; SCR-171 Пользователи; SCR-172 Карточка пользователя; SCR-173 Создание/активация пользователя; SCR-174 Block/deactivate user; SCR-175 Отделы; SCR-176 Audit, policy engine, management APIs; SCR-177 Роли и permissions; SCR-178 Audit, policy engine, management APIs; SCR-179 Effective permission diagnostics; SCR-180 Устройства; SCR-181 Sessions и login attempts; SCR-182 Сетевые ресурсы; SCR-183 Settings APIs, Windows settings; SCR-184 Фоновые задания; SCR-185 Резервные копии; SCR-186 Audit; SCR-187 Organization settings / feature flags; SCR-188 Audit, policy engine, management APIs",FLOW-026 Архивирование; FLOW-028 Восстановление из корзины; FLOW-029 Блокировка пользователя; FLOW-030 Изменение permissions,,Contract/integration,High,OpenAPI `GET_api_v1_permissions`; Stage_3_Field_Traceability_Final_3.5.csv
AC-1254,AC,MOD-019,Администрирование,[Forbidden (Stage 3.5 State Matrix)/ObjectUnavailable (Stage 3.5 State Matrix)] Permission denied: Каталог разрешений не выполняется и данные не раскрываются,GET_api_v1_permissions,GET /api/v1/permissions,Role.Read,OrganizerController.GET_api_v1_permissions,"SCR-071 Project role/overrides; SCR-155 Startup, tray и device; SCR-170 Администрирование; SCR-171 Пользователи; SCR-172 Карточка пользователя; SCR-173 Создание/активация пользователя; SCR-174 Block/deactivate user; SCR-175 Отделы; SCR-176 Audit, policy engine, management APIs; SCR-177 Роли и permissions; SCR-178 Audit, policy engine, management APIs; SCR-179 Effective permission diagnostics; SCR-180 Устройства; SCR-181 Sessions и login attempts; SCR-182 Сетевые ресурсы; SCR-183 Settings APIs, Windows settings; SCR-184 Фоновые задания; SCR-185 Резервные копии; SCR-186 Audit; SCR-187 Organization settings / feature flags; SCR-188 Audit, policy engine, management APIs",FLOW-026 Архивирование; FLOW-028 Восстановление из корзины; FLOW-029 Блокировка пользователя; FLOW-030 Изменение permissions,,Security/authorization,Critical,OpenAPI `GET_api_v1_permissions`; Stage_3_Field_Traceability_Final_3.5.csv
AC-1255,AC,MOD-019,Администрирование,[Authentication/session error handling (Stage 3.5 error/UI rule)/Authentication/session error handling (Stage 3.5 error/UI rule)/Device-revocation error handling (Stage 3.5 error/UI rule)] Session/device interruption: операция прекращается без сохранения неподтверждённого состояния,GET_api_v1_permissions,GET /api/v1/permissions,Role.Read,OrganizerController.GET_api_v1_permissions,"SCR-071 Project role/overrides; SCR-155 Startup, tray и device; SCR-170 Администрирование; SCR-171 Пользователи; SCR-172 Карточка пользователя; SCR-173 Создание/активация пользователя; SCR-174 Block/deactivate user; SCR-175 Отделы; SCR-176 Audit, policy engine, management APIs; SCR-177 Роли и permissions; SCR-178 Audit, policy engine, management APIs; SCR-179 Effective permission diagnostics; SCR-180 Устройства; SCR-181 Sessions и login attempts; SCR-182 Сетевые ресурсы; SCR-183 Settings APIs, Windows settings; SCR-184 Фоновые задания; SCR-185 Резервные копии; SCR-186 Audit; SCR-187 Organization settings / feature flags; SCR-188 Audit, policy engine, management APIs",FLOW-026 Архивирование; FLOW-028 Восстановление из корзины; FLOW-029 Блокировка пользователя; FLOW-030 Изменение permissions,,Security/session,Critical,OpenAPI `GET_api_v1_permissions`; Stage_3_Field_Traceability_Final_3.5.csv
AC-1256,AC,MOD-019,Администрирование,Happy path: Каталог проектных ролей,GET_api_v1_project_roles,GET /api/v1/project-roles,Project.Read,OrganizerController.GET_api_v1_project_roles,"SCR-071 Project role/overrides; SCR-155 Startup, tray и device; SCR-170 Администрирование; SCR-171 Пользователи; SCR-172 Карточка пользователя; SCR-173 Создание/активация пользователя; SCR-174 Block/deactivate user; SCR-175 Отделы; SCR-176 Audit, policy engine, management APIs; SCR-177 Роли и permissions; SCR-178 Audit, policy engine, management APIs; SCR-179 Effective permission diagnostics; SCR-180 Устройства; SCR-181 Sessions и login attempts; SCR-182 Сетевые ресурсы; SCR-183 Settings APIs, Windows settings; SCR-184 Фоновые задания; SCR-185 Резервные копии; SCR-186 Audit; SCR-187 Organization settings / feature flags; SCR-188 Audit, policy engine, management APIs",FLOW-026 Архивирование; FLOW-028 Восстановление из корзины; FLOW-029 Блокировка пользователя; FLOW-030 Изменение permissions,,Contract/integration,High,OpenAPI `GET_api_v1_project_roles`; Stage_3_Field_Traceability_Final_3.5.csv
AC-1257,AC,MOD-019,Администрирование,[Forbidden (Stage 3.5 State Matrix)/ObjectUnavailable (Stage 3.5 State Matrix)] Permission denied: Каталог проектных ролей не выполняется и данные не раскрываются,GET_api_v1_project_roles,GET /api/v1/project-roles,Project.Read,OrganizerController.GET_api_v1_project_roles,"SCR-071 Project role/overrides; SCR-155 Startup, tray и device; SCR-170 Администрирование; SCR-171 Пользователи; SCR-172 Карточка пользователя; SCR-173 Создание/активация пользователя; SCR-174 Block/deactivate user; SCR-175 Отделы; SCR-176 Audit, policy engine, management APIs; SCR-177 Роли и permissions; SCR-178 Audit, policy engine, management APIs; SCR-179 Effective permission diagnostics; SCR-180 Устройства; SCR-181 Sessions и login attempts; SCR-182 Сетевые ресурсы; SCR-183 Settings APIs, Windows settings; SCR-184 Фоновые задания; SCR-185 Резервные копии; SCR-186 Audit; SCR-187 Organization settings / feature flags; SCR-188 Audit, policy engine, management APIs",FLOW-026 Архивирование; FLOW-028 Восстановление из корзины; FLOW-029 Блокировка пользователя; FLOW-030 Изменение permissions,,Security/authorization,Critical,OpenAPI `GET_api_v1_project_roles`; Stage_3_Field_Traceability_Final_3.5.csv
AC-1258,AC,MOD-019,Администрирование,[Authentication/session error handling (Stage 3.5 error/UI rule)/Authentication/session error handling (Stage 3.5 error/UI rule)/Device-revocation error handling (Stage 3.5 error/UI rule)] Session/device interruption: операция прекращается без сохранения неподтверждённого состояния,GET_api_v1_project_roles,GET /api/v1/project-roles,Project.Read,OrganizerController.GET_api_v1_project_roles,"SCR-071 Project role/overrides; SCR-155 Startup, tray и device; SCR-170 Администрирование; SCR-171 Пользователи; SCR-172 Карточка пользователя; SCR-173 Создание/активация пользователя; SCR-174 Block/deactivate user; SCR-175 Отделы; SCR-176 Audit, policy engine, management APIs; SCR-177 Роли и permissions; SCR-178 Audit, policy engine, management APIs; SCR-179 Effective permission diagnostics; SCR-180 Устройства; SCR-181 Sessions и login attempts; SCR-182 Сетевые ресурсы; SCR-183 Settings APIs, Windows settings; SCR-184 Фоновые задания; SCR-185 Резервные копии; SCR-186 Audit; SCR-187 Organization settings / feature flags; SCR-188 Audit, policy engine, management APIs",FLOW-026 Архивирование; FLOW-028 Восстановление из корзины; FLOW-029 Блокировка пользователя; FLOW-030 Изменение permissions,,Security/session,Critical,OpenAPI `GET_api_v1_project_roles`; Stage_3_Field_Traceability_Final_3.5.csv
AC-1259,AC,MOD-019,Администрирование,Happy path: Изменить проектную роль,PUT_api_v1_project_roles_id_permissions,PUT /api/v1/project-roles/{id}/permissions,Role.Manage,OrganizerController.PUT_api_v1_project_roles_id_permissions,"SCR-071 Project role/overrides; SCR-178 Audit, policy engine, management APIs",FLOW-026 Архивирование; FLOW-028 Восстановление из корзины; FLOW-029 Блокировка пользователя; FLOW-030 Изменение permissions,,Contract/integration,Critical,OpenAPI `PUT_api_v1_project_roles_id_permissions`; Stage_3_Field_Traceability_Final_3.5.csv
AC-1260,AC,MOD-019,Администрирование,[Forbidden (Stage 3.5 State Matrix)/ObjectUnavailable (Stage 3.5 State Matrix)] Permission denied: Изменить проектную роль не выполняется и данные не раскрываются,PUT_api_v1_project_roles_id_permissions,PUT /api/v1/project-roles/{id}/permissions,Role.Manage,OrganizerController.PUT_api_v1_project_roles_id_permissions,"SCR-071 Project role/overrides; SCR-178 Audit, policy engine, management APIs",FLOW-026 Архивирование; FLOW-028 Восстановление из корзины; FLOW-029 Блокировка пользователя; FLOW-030 Изменение permissions,,Security/authorization,Critical,OpenAPI `PUT_api_v1_project_roles_id_permissions`; Stage_3_Field_Traceability_Final_3.5.csv
AC-1261,AC,MOD-019,Администрирование,[Authentication/session error handling (Stage 3.5 error/UI rule)/Authentication/session error handling (Stage 3.5 error/UI rule)/Device-revocation error handling (Stage 3.5 error/UI rule)] Session/device interruption: операция прекращается без сохранения неподтверждённого состояния,PUT_api_v1_project_roles_id_permissions,PUT /api/v1/project-roles/{id}/permissions,Role.Manage,OrganizerController.PUT_api_v1_project_roles_id_permissions,"SCR-071 Project role/overrides; SCR-178 Audit, policy engine, management APIs",FLOW-026 Архивирование; FLOW-028 Восстановление из корзины; FLOW-029 Блокировка пользователя; FLOW-030 Изменение permissions,,Security/session,Critical,OpenAPI `PUT_api_v1_project_roles_id_permissions`; Stage_3_Field_Traceability_Final_3.5.csv
AC-1262,AC,MOD-019,Администрирование,[STATE-014/STATE-025] Conflict/precondition: устаревшая или отсутствующая If-Match не приводит к overwrite,PUT_api_v1_project_roles_id_permissions,PUT /api/v1/project-roles/{id}/permissions,Role.Manage,OrganizerController.PUT_api_v1_project_roles_id_permissions,"SCR-071 Project role/overrides; SCR-178 Audit, policy engine, management APIs",FLOW-026 Архивирование; FLOW-028 Восстановление из корзины; FLOW-029 Блокировка пользователя; FLOW-030 Изменение permissions,,Concurrency/integration,Critical,OpenAPI `PUT_api_v1_project_roles_id_permissions`; Stage_3_Field_Traceability_Final_3.5.csv
AC-1263,AC,MOD-019,Администрирование,[ServerUnavailable (Stage 3.5 State Matrix)/ServerUnavailable (cached read-only presentation) (Stage 3.5 State Matrix)/Reconnecting (Stage 3.5 State Matrix)] Server unavailable/read-only: команда Изменить проектную роль не ставится в offline queue,PUT_api_v1_project_roles_id_permissions,PUT /api/v1/project-roles/{id}/permissions,Role.Manage,OrganizerController.PUT_api_v1_project_roles_id_permissions,"SCR-071 Project role/overrides; SCR-178 Audit, policy engine, management APIs",FLOW-026 Архивирование; FLOW-028 Восстановление из корзины; FLOW-029 Блокировка пользователя; FLOW-030 Изменение permissions,,Desktop/resilience,Critical,OpenAPI `PUT_api_v1_project_roles_id_permissions`; Stage_3_Field_Traceability_Final_3.5.csv
AC-1264,AC,MOD-019,Администрирование,[Stable-error-specific recovery (Stage 3.5 error/UI rule)] Idempotency: повтор с тем же key/hash не создаёт двойной side effect,PUT_api_v1_project_roles_id_permissions,PUT /api/v1/project-roles/{id}/permissions,Role.Manage,OrganizerController.PUT_api_v1_project_roles_id_permissions,"SCR-071 Project role/overrides; SCR-178 Audit, policy engine, management APIs",FLOW-026 Архивирование; FLOW-028 Восстановление из корзины; FLOW-029 Блокировка пользователя; FLOW-030 Изменение permissions,,Integration,Critical,OpenAPI `PUT_api_v1_project_roles_id_permissions`; Stage_3_Field_Traceability_Final_3.5.csv
AC-1265,AC,MOD-019,Администрирование,Happy path: Список системную роль,GET_api_v1_roles,GET /api/v1/roles,Role.Read,OrganizerController.GET_api_v1_roles,"SCR-071 Project role/overrides; SCR-155 Startup, tray и device; SCR-170 Администрирование; SCR-171 Пользователи; SCR-172 Карточка пользователя; SCR-173 Создание/активация пользователя; SCR-174 Block/deactivate user; SCR-175 Отделы; SCR-176 Audit, policy engine, management APIs; SCR-177 Роли и permissions; SCR-178 Audit, policy engine, management APIs; SCR-179 Effective permission diagnostics; SCR-180 Устройства; SCR-181 Sessions и login attempts; SCR-182 Сетевые ресурсы; SCR-183 Settings APIs, Windows settings; SCR-184 Фоновые задания; SCR-185 Резервные копии; SCR-186 Audit; SCR-187 Organization settings / feature flags; SCR-188 Audit, policy engine, management APIs",FLOW-026 Архивирование; FLOW-028 Восстановление из корзины; FLOW-029 Блокировка пользователя; FLOW-030 Изменение permissions,,Contract/integration,High,OpenAPI `GET_api_v1_roles`; Stage_3_Field_Traceability_Final_3.5.csv
AC-1266,AC,MOD-019,Администрирование,[Forbidden (Stage 3.5 State Matrix)/ObjectUnavailable (Stage 3.5 State Matrix)] Permission denied: Список системную роль не выполняется и данные не раскрываются,GET_api_v1_roles,GET /api/v1/roles,Role.Read,OrganizerController.GET_api_v1_roles,"SCR-071 Project role/overrides; SCR-155 Startup, tray и device; SCR-170 Администрирование; SCR-171 Пользователи; SCR-172 Карточка пользователя; SCR-173 Создание/активация пользователя; SCR-174 Block/deactivate user; SCR-175 Отделы; SCR-176 Audit, policy engine, management APIs; SCR-177 Роли и permissions; SCR-178 Audit, policy engine, management APIs; SCR-179 Effective permission diagnostics; SCR-180 Устройства; SCR-181 Sessions и login attempts; SCR-182 Сетевые ресурсы; SCR-183 Settings APIs, Windows settings; SCR-184 Фоновые задания; SCR-185 Резервные копии; SCR-186 Audit; SCR-187 Organization settings / feature flags; SCR-188 Audit, policy engine, management APIs",FLOW-026 Архивирование; FLOW-028 Восстановление из корзины; FLOW-029 Блокировка пользователя; FLOW-030 Изменение permissions,,Security/authorization,Critical,OpenAPI `GET_api_v1_roles`; Stage_3_Field_Traceability_Final_3.5.csv
AC-1267,AC,MOD-019,Администрирование,[Authentication/session error handling (Stage 3.5 error/UI rule)/Authentication/session error handling (Stage 3.5 error/UI rule)/Device-revocation error handling (Stage 3.5 error/UI rule)] Session/device interruption: операция прекращается без сохранения неподтверждённого состояния,GET_api_v1_roles,GET /api/v1/roles,Role.Read,OrganizerController.GET_api_v1_roles,"SCR-071 Project role/overrides; SCR-155 Startup, tray и device; SCR-170 Администрирование; SCR-171 Пользователи; SCR-172 Карточка пользователя; SCR-173 Создание/активация пользователя; SCR-174 Block/deactivate user; SCR-175 Отделы; SCR-176 Audit, policy engine, management APIs; SCR-177 Роли и permissions; SCR-178 Audit, policy engine, management APIs; SCR-179 Effective permission diagnostics; SCR-180 Устройства; SCR-181 Sessions и login attempts; SCR-182 Сетевые ресурсы; SCR-183 Settings APIs, Windows settings; SCR-184 Фоновые задания; SCR-185 Резервные копии; SCR-186 Audit; SCR-187 Organization settings / feature flags; SCR-188 Audit, policy engine, management APIs",FLOW-026 Архивирование; FLOW-028 Восстановление из корзины; FLOW-029 Блокировка пользователя; FLOW-030 Изменение permissions,,Security/session,Critical,OpenAPI `GET_api_v1_roles`; Stage_3_Field_Traceability_Final_3.5.csv
AC-1268,AC,MOD-019,Администрирование,Happy path: Создать системную роль,POST_api_v1_roles,POST /api/v1/roles,Role.Manage,OrganizerController.POST_api_v1_roles,"SCR-178 Audit, policy engine, management APIs",FLOW-026 Архивирование; FLOW-028 Восстановление из корзины; FLOW-029 Блокировка пользователя; FLOW-030 Изменение permissions,,Contract/integration,Critical,OpenAPI `POST_api_v1_roles`; Stage_3_Field_Traceability_Final_3.5.csv
AC-1269,AC,MOD-019,Администрирование,[Forbidden (Stage 3.5 State Matrix)/ObjectUnavailable (Stage 3.5 State Matrix)] Permission denied: Создать системную роль не выполняется и данные не раскрываются,POST_api_v1_roles,POST /api/v1/roles,Role.Manage,OrganizerController.POST_api_v1_roles,"SCR-178 Audit, policy engine, management APIs",FLOW-026 Архивирование; FLOW-028 Восстановление из корзины; FLOW-029 Блокировка пользователя; FLOW-030 Изменение permissions,,Security/authorization,Critical,OpenAPI `POST_api_v1_roles`; Stage_3_Field_Traceability_Final_3.5.csv
AC-1270,AC,MOD-019,Администрирование,[Authentication/session error handling (Stage 3.5 error/UI rule)/Authentication/session error handling (Stage 3.5 error/UI rule)/Device-revocation error handling (Stage 3.5 error/UI rule)] Session/device interruption: операция прекращается без сохранения неподтверждённого состояния,POST_api_v1_roles,POST /api/v1/roles,Role.Manage,OrganizerController.POST_api_v1_roles,"SCR-178 Audit, policy engine, management APIs",FLOW-026 Архивирование; FLOW-028 Восстановление из корзины; FLOW-029 Блокировка пользователя; FLOW-030 Изменение permissions,,Security/session,Critical,OpenAPI `POST_api_v1_roles`; Stage_3_Field_Traceability_Final_3.5.csv
AC-1271,AC,MOD-019,Администрирование,[STATE-007] Validation: fieldErrors сохраняют draft и привязываются к canonical field path,POST_api_v1_roles,POST /api/v1/roles,Role.Manage,OrganizerController.POST_api_v1_roles,"SCR-178 Audit, policy engine, management APIs",FLOW-026 Архивирование; FLOW-028 Восстановление из корзины; FLOW-029 Блокировка пользователя; FLOW-030 Изменение permissions,,Contract/UI,High,OpenAPI `POST_api_v1_roles`; Stage_3_Field_Traceability_Final_3.5.csv
AC-1272,AC,MOD-019,Администрирование,[STATE-014/STATE-025] Conflict/precondition: устаревшая или отсутствующая контрактная версия/precondition не приводит к overwrite,POST_api_v1_roles,POST /api/v1/roles,Role.Manage,OrganizerController.POST_api_v1_roles,"SCR-178 Audit, policy engine, management APIs",FLOW-026 Архивирование; FLOW-028 Восстановление из корзины; FLOW-029 Блокировка пользователя; FLOW-030 Изменение permissions,,Concurrency/integration,Critical,OpenAPI `POST_api_v1_roles`; Stage_3_Field_Traceability_Final_3.5.csv
AC-1273,AC,MOD-019,Администрирование,[ServerUnavailable (Stage 3.5 State Matrix)/ServerUnavailable (cached read-only presentation) (Stage 3.5 State Matrix)/Reconnecting (Stage 3.5 State Matrix)] Server unavailable/read-only: команда Создать системную роль не ставится в offline queue,POST_api_v1_roles,POST /api/v1/roles,Role.Manage,OrganizerController.POST_api_v1_roles,"SCR-178 Audit, policy engine, management APIs",FLOW-026 Архивирование; FLOW-028 Восстановление из корзины; FLOW-029 Блокировка пользователя; FLOW-030 Изменение permissions,,Desktop/resilience,Critical,OpenAPI `POST_api_v1_roles`; Stage_3_Field_Traceability_Final_3.5.csv
AC-1274,AC,MOD-019,Администрирование,[Stable-error-specific recovery (Stage 3.5 error/UI rule)] Idempotency: повтор с тем же key/hash не создаёт двойной side effect,POST_api_v1_roles,POST /api/v1/roles,Role.Manage,OrganizerController.POST_api_v1_roles,"SCR-178 Audit, policy engine, management APIs",FLOW-026 Архивирование; FLOW-028 Восстановление из корзины; FLOW-029 Блокировка пользователя; FLOW-030 Изменение permissions,,Integration,Critical,OpenAPI `POST_api_v1_roles`; Stage_3_Field_Traceability_Final_3.5.csv
AC-1275,AC,MOD-019,Администрирование,Happy path: Деактивировать пользовательскую роль,DELETE_api_v1_roles_id,DELETE /api/v1/roles/{id},Role.Manage,OrganizerController.DELETE_api_v1_roles_id,"SCR-071 Project role/overrides; SCR-155 Startup, tray и device; SCR-170 Администрирование; SCR-171 Пользователи; SCR-172 Карточка пользователя; SCR-173 Создание/активация пользователя; SCR-174 Block/deactivate user; SCR-175 Отделы; SCR-176 Audit, policy engine, management APIs; SCR-177 Роли и permissions; SCR-178 Audit, policy engine, management APIs; SCR-179 Effective permission diagnostics; SCR-180 Устройства; SCR-181 Sessions и login attempts; SCR-182 Сетевые ресурсы; SCR-183 Settings APIs, Windows settings; SCR-184 Фоновые задания; SCR-185 Резервные копии; SCR-186 Audit; SCR-187 Organization settings / feature flags; SCR-188 Audit, policy engine, management APIs",FLOW-026 Архивирование; FLOW-028 Восстановление из корзины; FLOW-029 Блокировка пользователя; FLOW-030 Изменение permissions,,Contract/integration,Critical,OpenAPI `DELETE_api_v1_roles_id`; Stage_3_Field_Traceability_Final_3.5.csv
AC-1276,AC,MOD-019,Администрирование,[Forbidden (Stage 3.5 State Matrix)/ObjectUnavailable (Stage 3.5 State Matrix)] Permission denied: Деактивировать пользовательскую роль не выполняется и данные не раскрываются,DELETE_api_v1_roles_id,DELETE /api/v1/roles/{id},Role.Manage,OrganizerController.DELETE_api_v1_roles_id,"SCR-071 Project role/overrides; SCR-155 Startup, tray и device; SCR-170 Администрирование; SCR-171 Пользователи; SCR-172 Карточка пользователя; SCR-173 Создание/активация пользователя; SCR-174 Block/deactivate user; SCR-175 Отделы; SCR-176 Audit, policy engine, management APIs; SCR-177 Роли и permissions; SCR-178 Audit, policy engine, management APIs; SCR-179 Effective permission diagnostics; SCR-180 Устройства; SCR-181 Sessions и login attempts; SCR-182 Сетевые ресурсы; SCR-183 Settings APIs, Windows settings; SCR-184 Фоновые задания; SCR-185 Резервные копии; SCR-186 Audit; SCR-187 Organization settings / feature flags; SCR-188 Audit, policy engine, management APIs",FLOW-026 Архивирование; FLOW-028 Восстановление из корзины; FLOW-029 Блокировка пользователя; FLOW-030 Изменение permissions,,Security/authorization,Critical,OpenAPI `DELETE_api_v1_roles_id`; Stage_3_Field_Traceability_Final_3.5.csv
AC-1277,AC,MOD-019,Администрирование,[Authentication/session error handling (Stage 3.5 error/UI rule)/Authentication/session error handling (Stage 3.5 error/UI rule)/Device-revocation error handling (Stage 3.5 error/UI rule)] Session/device interruption: операция прекращается без сохранения неподтверждённого состояния,DELETE_api_v1_roles_id,DELETE /api/v1/roles/{id},Role.Manage,OrganizerController.DELETE_api_v1_roles_id,"SCR-071 Project role/overrides; SCR-155 Startup, tray и device; SCR-170 Администрирование; SCR-171 Пользователи; SCR-172 Карточка пользователя; SCR-173 Создание/активация пользователя; SCR-174 Block/deactivate user; SCR-175 Отделы; SCR-176 Audit, policy engine, management APIs; SCR-177 Роли и permissions; SCR-178 Audit, policy engine, management APIs; SCR-179 Effective permission diagnostics; SCR-180 Устройства; SCR-181 Sessions и login attempts; SCR-182 Сетевые ресурсы; SCR-183 Settings APIs, Windows settings; SCR-184 Фоновые задания; SCR-185 Резервные копии; SCR-186 Audit; SCR-187 Organization settings / feature flags; SCR-188 Audit, policy engine, management APIs",FLOW-026 Архивирование; FLOW-028 Восстановление из корзины; FLOW-029 Блокировка пользователя; FLOW-030 Изменение permissions,,Security/session,Critical,OpenAPI `DELETE_api_v1_roles_id`; Stage_3_Field_Traceability_Final_3.5.csv
AC-1278,AC,MOD-019,Администрирование,[STATE-014/STATE-025] Conflict/precondition: устаревшая или отсутствующая If-Match не приводит к overwrite,DELETE_api_v1_roles_id,DELETE /api/v1/roles/{id},Role.Manage,OrganizerController.DELETE_api_v1_roles_id,"SCR-071 Project role/overrides; SCR-155 Startup, tray и device; SCR-170 Администрирование; SCR-171 Пользователи; SCR-172 Карточка пользователя; SCR-173 Создание/активация пользователя; SCR-174 Block/deactivate user; SCR-175 Отделы; SCR-176 Audit, policy engine, management APIs; SCR-177 Роли и permissions; SCR-178 Audit, policy engine, management APIs; SCR-179 Effective permission diagnostics; SCR-180 Устройства; SCR-181 Sessions и login attempts; SCR-182 Сетевые ресурсы; SCR-183 Settings APIs, Windows settings; SCR-184 Фоновые задания; SCR-185 Резервные копии; SCR-186 Audit; SCR-187 Organization settings / feature flags; SCR-188 Audit, policy engine, management APIs",FLOW-026 Архивирование; FLOW-028 Восстановление из корзины; FLOW-029 Блокировка пользователя; FLOW-030 Изменение permissions,,Concurrency/integration,Critical,OpenAPI `DELETE_api_v1_roles_id`; Stage_3_Field_Traceability_Final_3.5.csv
AC-1279,AC,MOD-019,Администрирование,[ServerUnavailable (Stage 3.5 State Matrix)/ServerUnavailable (cached read-only presentation) (Stage 3.5 State Matrix)/Reconnecting (Stage 3.5 State Matrix)] Server unavailable/read-only: команда Деактивировать пользовательскую роль не ставится в offline queue,DELETE_api_v1_roles_id,DELETE /api/v1/roles/{id},Role.Manage,OrganizerController.DELETE_api_v1_roles_id,"SCR-071 Project role/overrides; SCR-155 Startup, tray и device; SCR-170 Администрирование; SCR-171 Пользователи; SCR-172 Карточка пользователя; SCR-173 Создание/активация пользователя; SCR-174 Block/deactivate user; SCR-175 Отделы; SCR-176 Audit, policy engine, management APIs; SCR-177 Роли и permissions; SCR-178 Audit, policy engine, management APIs; SCR-179 Effective permission diagnostics; SCR-180 Устройства; SCR-181 Sessions и login attempts; SCR-182 Сетевые ресурсы; SCR-183 Settings APIs, Windows settings; SCR-184 Фоновые задания; SCR-185 Резервные копии; SCR-186 Audit; SCR-187 Organization settings / feature flags; SCR-188 Audit, policy engine, management APIs",FLOW-026 Архивирование; FLOW-028 Восстановление из корзины; FLOW-029 Блокировка пользователя; FLOW-030 Изменение permissions,,Desktop/resilience,Critical,OpenAPI `DELETE_api_v1_roles_id`; Stage_3_Field_Traceability_Final_3.5.csv
AC-1280,AC,MOD-019,Администрирование,Happy path: Получить системную роль,GET_api_v1_roles_id,GET /api/v1/roles/{id},Role.Read,OrganizerController.GET_api_v1_roles_id,"SCR-178 Audit, policy engine, management APIs",FLOW-026 Архивирование; FLOW-028 Восстановление из корзины; FLOW-029 Блокировка пользователя; FLOW-030 Изменение permissions,,Contract/integration,High,OpenAPI `GET_api_v1_roles_id`; Stage_3_Field_Traceability_Final_3.5.csv
AC-1281,AC,MOD-019,Администрирование,[Forbidden (Stage 3.5 State Matrix)/ObjectUnavailable (Stage 3.5 State Matrix)] Permission denied: Получить системную роль не выполняется и данные не раскрываются,GET_api_v1_roles_id,GET /api/v1/roles/{id},Role.Read,OrganizerController.GET_api_v1_roles_id,"SCR-178 Audit, policy engine, management APIs",FLOW-026 Архивирование; FLOW-028 Восстановление из корзины; FLOW-029 Блокировка пользователя; FLOW-030 Изменение permissions,,Security/authorization,Critical,OpenAPI `GET_api_v1_roles_id`; Stage_3_Field_Traceability_Final_3.5.csv
AC-1282,AC,MOD-019,Администрирование,[Authentication/session error handling (Stage 3.5 error/UI rule)/Authentication/session error handling (Stage 3.5 error/UI rule)/Device-revocation error handling (Stage 3.5 error/UI rule)] Session/device interruption: операция прекращается без сохранения неподтверждённого состояния,GET_api_v1_roles_id,GET /api/v1/roles/{id},Role.Read,OrganizerController.GET_api_v1_roles_id,"SCR-178 Audit, policy engine, management APIs",FLOW-026 Архивирование; FLOW-028 Восстановление из корзины; FLOW-029 Блокировка пользователя; FLOW-030 Изменение permissions,,Security/session,Critical,OpenAPI `GET_api_v1_roles_id`; Stage_3_Field_Traceability_Final_3.5.csv
AC-1283,AC,MOD-019,Администрирование,Happy path: Изменить системную роль,PATCH_api_v1_roles_id,PATCH /api/v1/roles/{id},Role.Manage,OrganizerController.PATCH_api_v1_roles_id,"SCR-178 Audit, policy engine, management APIs",FLOW-026 Архивирование; FLOW-028 Восстановление из корзины; FLOW-029 Блокировка пользователя; FLOW-030 Изменение permissions,,Contract/integration,Critical,OpenAPI `PATCH_api_v1_roles_id`; Stage_3_Field_Traceability_Final_3.5.csv
AC-1284,AC,MOD-019,Администрирование,[Forbidden (Stage 3.5 State Matrix)/ObjectUnavailable (Stage 3.5 State Matrix)] Permission denied: Изменить системную роль не выполняется и данные не раскрываются,PATCH_api_v1_roles_id,PATCH /api/v1/roles/{id},Role.Manage,OrganizerController.PATCH_api_v1_roles_id,"SCR-178 Audit, policy engine, management APIs",FLOW-026 Архивирование; FLOW-028 Восстановление из корзины; FLOW-029 Блокировка пользователя; FLOW-030 Изменение permissions,,Security/authorization,Critical,OpenAPI `PATCH_api_v1_roles_id`; Stage_3_Field_Traceability_Final_3.5.csv
AC-1285,AC,MOD-019,Администрирование,[Authentication/session error handling (Stage 3.5 error/UI rule)/Authentication/session error handling (Stage 3.5 error/UI rule)/Device-revocation error handling (Stage 3.5 error/UI rule)] Session/device interruption: операция прекращается без сохранения неподтверждённого состояния,PATCH_api_v1_roles_id,PATCH /api/v1/roles/{id},Role.Manage,OrganizerController.PATCH_api_v1_roles_id,"SCR-178 Audit, policy engine, management APIs",FLOW-026 Архивирование; FLOW-028 Восстановление из корзины; FLOW-029 Блокировка пользователя; FLOW-030 Изменение permissions,,Security/session,Critical,OpenAPI `PATCH_api_v1_roles_id`; Stage_3_Field_Traceability_Final_3.5.csv
AC-1286,AC,MOD-019,Администрирование,[STATE-007] Validation: fieldErrors сохраняют draft и привязываются к canonical field path,PATCH_api_v1_roles_id,PATCH /api/v1/roles/{id},Role.Manage,OrganizerController.PATCH_api_v1_roles_id,"SCR-178 Audit, policy engine, management APIs",FLOW-026 Архивирование; FLOW-028 Восстановление из корзины; FLOW-029 Блокировка пользователя; FLOW-030 Изменение permissions,,Contract/UI,High,OpenAPI `PATCH_api_v1_roles_id`; Stage_3_Field_Traceability_Final_3.5.csv
AC-1287,AC,MOD-019,Администрирование,[STATE-014/STATE-025] Conflict/precondition: устаревшая или отсутствующая If-Match не приводит к overwrite,PATCH_api_v1_roles_id,PATCH /api/v1/roles/{id},Role.Manage,OrganizerController.PATCH_api_v1_roles_id,"SCR-178 Audit, policy engine, management APIs",FLOW-026 Архивирование; FLOW-028 Восстановление из корзины; FLOW-029 Блокировка пользователя; FLOW-030 Изменение permissions,,Concurrency/integration,Critical,OpenAPI `PATCH_api_v1_roles_id`; Stage_3_Field_Traceability_Final_3.5.csv
AC-1288,AC,MOD-019,Администрирование,[ServerUnavailable (Stage 3.5 State Matrix)/ServerUnavailable (cached read-only presentation) (Stage 3.5 State Matrix)/Reconnecting (Stage 3.5 State Matrix)] Server unavailable/read-only: команда Изменить системную роль не ставится в offline queue,PATCH_api_v1_roles_id,PATCH /api/v1/roles/{id},Role.Manage,OrganizerController.PATCH_api_v1_roles_id,"SCR-178 Audit, policy engine, management APIs",FLOW-026 Архивирование; FLOW-028 Восстановление из корзины; FLOW-029 Блокировка пользователя; FLOW-030 Изменение permissions,,Desktop/resilience,Critical,OpenAPI `PATCH_api_v1_roles_id`; Stage_3_Field_Traceability_Final_3.5.csv
AC-1289,AC,MOD-019,Администрирование,Happy path: Активировать неактивную роль,POST_api_v1_roles_id_activate,POST /api/v1/roles/{id}/activate,Role.Manage,OrganizerController.POST_api_v1_roles_id_activate,"SCR-071 Project role/overrides; SCR-155 Startup, tray и device; SCR-170 Администрирование; SCR-171 Пользователи; SCR-172 Карточка пользователя; SCR-173 Создание/активация пользователя; SCR-174 Block/deactivate user; SCR-175 Отделы; SCR-176 Audit, policy engine, management APIs; SCR-177 Роли и permissions; SCR-178 Audit, policy engine, management APIs; SCR-179 Effective permission diagnostics; SCR-180 Устройства; SCR-181 Sessions и login attempts; SCR-182 Сетевые ресурсы; SCR-183 Settings APIs, Windows settings; SCR-184 Фоновые задания; SCR-185 Резервные копии; SCR-186 Audit; SCR-187 Organization settings / feature flags; SCR-188 Audit, policy engine, management APIs",FLOW-026 Архивирование; FLOW-028 Восстановление из корзины; FLOW-029 Блокировка пользователя; FLOW-030 Изменение permissions,,Contract/integration,Critical,OpenAPI `POST_api_v1_roles_id_activate`; Stage_3_Field_Traceability_Final_3.5.csv
AC-1290,AC,MOD-019,Администрирование,[Forbidden (Stage 3.5 State Matrix)/ObjectUnavailable (Stage 3.5 State Matrix)] Permission denied: Активировать неактивную роль не выполняется и данные не раскрываются,POST_api_v1_roles_id_activate,POST /api/v1/roles/{id}/activate,Role.Manage,OrganizerController.POST_api_v1_roles_id_activate,"SCR-071 Project role/overrides; SCR-155 Startup, tray и device; SCR-170 Администрирование; SCR-171 Пользователи; SCR-172 Карточка пользователя; SCR-173 Создание/активация пользователя; SCR-174 Block/deactivate user; SCR-175 Отделы; SCR-176 Audit, policy engine, management APIs; SCR-177 Роли и permissions; SCR-178 Audit, policy engine, management APIs; SCR-179 Effective permission diagnostics; SCR-180 Устройства; SCR-181 Sessions и login attempts; SCR-182 Сетевые ресурсы; SCR-183 Settings APIs, Windows settings; SCR-184 Фоновые задания; SCR-185 Резервные копии; SCR-186 Audit; SCR-187 Organization settings / feature flags; SCR-188 Audit, policy engine, management APIs",FLOW-026 Архивирование; FLOW-028 Восстановление из корзины; FLOW-029 Блокировка пользователя; FLOW-030 Изменение permissions,,Security/authorization,Critical,OpenAPI `POST_api_v1_roles_id_activate`; Stage_3_Field_Traceability_Final_3.5.csv
AC-1291,AC,MOD-019,Администрирование,[Authentication/session error handling (Stage 3.5 error/UI rule)/Authentication/session error handling (Stage 3.5 error/UI rule)/Device-revocation error handling (Stage 3.5 error/UI rule)] Session/device interruption: операция прекращается без сохранения неподтверждённого состояния,POST_api_v1_roles_id_activate,POST /api/v1/roles/{id}/activate,Role.Manage,OrganizerController.POST_api_v1_roles_id_activate,"SCR-071 Project role/overrides; SCR-155 Startup, tray и device; SCR-170 Администрирование; SCR-171 Пользователи; SCR-172 Карточка пользователя; SCR-173 Создание/активация пользователя; SCR-174 Block/deactivate user; SCR-175 Отделы; SCR-176 Audit, policy engine, management APIs; SCR-177 Роли и permissions; SCR-178 Audit, policy engine, management APIs; SCR-179 Effective permission diagnostics; SCR-180 Устройства; SCR-181 Sessions и login attempts; SCR-182 Сетевые ресурсы; SCR-183 Settings APIs, Windows settings; SCR-184 Фоновые задания; SCR-185 Резервные копии; SCR-186 Audit; SCR-187 Organization settings / feature flags; SCR-188 Audit, policy engine, management APIs",FLOW-026 Архивирование; FLOW-028 Восстановление из корзины; FLOW-029 Блокировка пользователя; FLOW-030 Изменение permissions,,Security/session,Critical,OpenAPI `POST_api_v1_roles_id_activate`; Stage_3_Field_Traceability_Final_3.5.csv
AC-1292,AC,MOD-019,Администрирование,[STATE-007] Validation: fieldErrors сохраняют draft и привязываются к canonical field path,POST_api_v1_roles_id_activate,POST /api/v1/roles/{id}/activate,Role.Manage,OrganizerController.POST_api_v1_roles_id_activate,"SCR-071 Project role/overrides; SCR-155 Startup, tray и device; SCR-170 Администрирование; SCR-171 Пользователи; SCR-172 Карточка пользователя; SCR-173 Создание/активация пользователя; SCR-174 Block/deactivate user; SCR-175 Отделы; SCR-176 Audit, policy engine, management APIs; SCR-177 Роли и permissions; SCR-178 Audit, policy engine, management APIs; SCR-179 Effective permission diagnostics; SCR-180 Устройства; SCR-181 Sessions и login attempts; SCR-182 Сетевые ресурсы; SCR-183 Settings APIs, Windows settings; SCR-184 Фоновые задания; SCR-185 Резервные копии; SCR-186 Audit; SCR-187 Organization settings / feature flags; SCR-188 Audit, policy engine, management APIs",FLOW-026 Архивирование; FLOW-028 Восстановление из корзины; FLOW-029 Блокировка пользователя; FLOW-030 Изменение permissions,,Contract/UI,High,OpenAPI `POST_api_v1_roles_id_activate`; Stage_3_Field_Traceability_Final_3.5.csv
AC-1293,AC,MOD-019,Администрирование,[STATE-014/STATE-025] Conflict/precondition: устаревшая или отсутствующая If-Match не приводит к overwrite,POST_api_v1_roles_id_activate,POST /api/v1/roles/{id}/activate,Role.Manage,OrganizerController.POST_api_v1_roles_id_activate,"SCR-071 Project role/overrides; SCR-155 Startup, tray и device; SCR-170 Администрирование; SCR-171 Пользователи; SCR-172 Карточка пользователя; SCR-173 Создание/активация пользователя; SCR-174 Block/deactivate user; SCR-175 Отделы; SCR-176 Audit, policy engine, management APIs; SCR-177 Роли и permissions; SCR-178 Audit, policy engine, management APIs; SCR-179 Effective permission diagnostics; SCR-180 Устройства; SCR-181 Sessions и login attempts; SCR-182 Сетевые ресурсы; SCR-183 Settings APIs, Windows settings; SCR-184 Фоновые задания; SCR-185 Резервные копии; SCR-186 Audit; SCR-187 Organization settings / feature flags; SCR-188 Audit, policy engine, management APIs",FLOW-026 Архивирование; FLOW-028 Восстановление из корзины; FLOW-029 Блокировка пользователя; FLOW-030 Изменение permissions,,Concurrency/integration,Critical,OpenAPI `POST_api_v1_roles_id_activate`; Stage_3_Field_Traceability_Final_3.5.csv
AC-1294,AC,MOD-019,Администрирование,[ServerUnavailable (Stage 3.5 State Matrix)/ServerUnavailable (cached read-only presentation) (Stage 3.5 State Matrix)/Reconnecting (Stage 3.5 State Matrix)] Server unavailable/read-only: команда Активировать неактивную роль не ставится в offline queue,POST_api_v1_roles_id_activate,POST /api/v1/roles/{id}/activate,Role.Manage,OrganizerController.POST_api_v1_roles_id_activate,"SCR-071 Project role/overrides; SCR-155 Startup, tray и device; SCR-170 Администрирование; SCR-171 Пользователи; SCR-172 Карточка пользователя; SCR-173 Создание/активация пользователя; SCR-174 Block/deactivate user; SCR-175 Отделы; SCR-176 Audit, policy engine, management APIs; SCR-177 Роли и permissions; SCR-178 Audit, policy engine, management APIs; SCR-179 Effective permission diagnostics; SCR-180 Устройства; SCR-181 Sessions и login attempts; SCR-182 Сетевые ресурсы; SCR-183 Settings APIs, Windows settings; SCR-184 Фоновые задания; SCR-185 Резервные копии; SCR-186 Audit; SCR-187 Organization settings / feature flags; SCR-188 Audit, policy engine, management APIs",FLOW-026 Архивирование; FLOW-028 Восстановление из корзины; FLOW-029 Блокировка пользователя; FLOW-030 Изменение permissions,,Desktop/resilience,Critical,OpenAPI `POST_api_v1_roles_id_activate`; Stage_3_Field_Traceability_Final_3.5.csv
AC-1295,AC,MOD-019,Администрирование,[Stable-error-specific recovery (Stage 3.5 error/UI rule)] Idempotency: повтор с тем же key/hash не создаёт двойной side effect,POST_api_v1_roles_id_activate,POST /api/v1/roles/{id}/activate,Role.Manage,OrganizerController.POST_api_v1_roles_id_activate,"SCR-071 Project role/overrides; SCR-155 Startup, tray и device; SCR-170 Администрирование; SCR-171 Пользователи; SCR-172 Карточка пользователя; SCR-173 Создание/активация пользователя; SCR-174 Block/deactivate user; SCR-175 Отделы; SCR-176 Audit, policy engine, management APIs; SCR-177 Роли и permissions; SCR-178 Audit, policy engine, management APIs; SCR-179 Effective permission diagnostics; SCR-180 Устройства; SCR-181 Sessions и login attempts; SCR-182 Сетевые ресурсы; SCR-183 Settings APIs, Windows settings; SCR-184 Фоновые задания; SCR-185 Резервные копии; SCR-186 Audit; SCR-187 Organization settings / feature flags; SCR-188 Audit, policy engine, management APIs",FLOW-026 Архивирование; FLOW-028 Восстановление из корзины; FLOW-029 Блокировка пользователя; FLOW-030 Изменение permissions,,Integration,Critical,OpenAPI `POST_api_v1_roles_id_activate`; Stage_3_Field_Traceability_Final_3.5.csv
AC-1296,AC,MOD-019,Администрирование,Happy path: Заменить разрешения роли,PUT_api_v1_roles_id_permissions,PUT /api/v1/roles/{id}/permissions,Role.Manage,OrganizerController.PUT_api_v1_roles_id_permissions,"SCR-178 Audit, policy engine, management APIs",FLOW-026 Архивирование; FLOW-028 Восстановление из корзины; FLOW-029 Блокировка пользователя; FLOW-030 Изменение permissions,,Contract/integration,Critical,OpenAPI `PUT_api_v1_roles_id_permissions`; Stage_3_Field_Traceability_Final_3.5.csv
AC-1297,AC,MOD-019,Администрирование,[Forbidden (Stage 3.5 State Matrix)/ObjectUnavailable (Stage 3.5 State Matrix)] Permission denied: Заменить разрешения роли не выполняется и данные не раскрываются,PUT_api_v1_roles_id_permissions,PUT /api/v1/roles/{id}/permissions,Role.Manage,OrganizerController.PUT_api_v1_roles_id_permissions,"SCR-178 Audit, policy engine, management APIs",FLOW-026 Архивирование; FLOW-028 Восстановление из корзины; FLOW-029 Блокировка пользователя; FLOW-030 Изменение permissions,,Security/authorization,Critical,OpenAPI `PUT_api_v1_roles_id_permissions`; Stage_3_Field_Traceability_Final_3.5.csv
AC-1298,AC,MOD-019,Администрирование,[Authentication/session error handling (Stage 3.5 error/UI rule)/Authentication/session error handling (Stage 3.5 error/UI rule)/Device-revocation error handling (Stage 3.5 error/UI rule)] Session/device interruption: операция прекращается без сохранения неподтверждённого состояния,PUT_api_v1_roles_id_permissions,PUT /api/v1/roles/{id}/permissions,Role.Manage,OrganizerController.PUT_api_v1_roles_id_permissions,"SCR-178 Audit, policy engine, management APIs",FLOW-026 Архивирование; FLOW-028 Восстановление из корзины; FLOW-029 Блокировка пользователя; FLOW-030 Изменение permissions,,Security/session,Critical,OpenAPI `PUT_api_v1_roles_id_permissions`; Stage_3_Field_Traceability_Final_3.5.csv
AC-1299,AC,MOD-019,Администрирование,[STATE-007] Validation: fieldErrors сохраняют draft и привязываются к canonical field path,PUT_api_v1_roles_id_permissions,PUT /api/v1/roles/{id}/permissions,Role.Manage,OrganizerController.PUT_api_v1_roles_id_permissions,"SCR-178 Audit, policy engine, management APIs",FLOW-026 Архивирование; FLOW-028 Восстановление из корзины; FLOW-029 Блокировка пользователя; FLOW-030 Изменение permissions,,Contract/UI,High,OpenAPI `PUT_api_v1_roles_id_permissions`; Stage_3_Field_Traceability_Final_3.5.csv
AC-1300,AC,MOD-019,Администрирование,[STATE-014/STATE-025] Conflict/precondition: устаревшая или отсутствующая If-Match не приводит к overwrite,PUT_api_v1_roles_id_permissions,PUT /api/v1/roles/{id}/permissions,Role.Manage,OrganizerController.PUT_api_v1_roles_id_permissions,"SCR-178 Audit, policy engine, management APIs",FLOW-026 Архивирование; FLOW-028 Восстановление из корзины; FLOW-029 Блокировка пользователя; FLOW-030 Изменение permissions,,Concurrency/integration,Critical,OpenAPI `PUT_api_v1_roles_id_permissions`; Stage_3_Field_Traceability_Final_3.5.csv
AC-1301,AC,MOD-019,Администрирование,[ServerUnavailable (Stage 3.5 State Matrix)/ServerUnavailable (cached read-only presentation) (Stage 3.5 State Matrix)/Reconnecting (Stage 3.5 State Matrix)] Server unavailable/read-only: команда Заменить разрешения роли не ставится в offline queue,PUT_api_v1_roles_id_permissions,PUT /api/v1/roles/{id}/permissions,Role.Manage,OrganizerController.PUT_api_v1_roles_id_permissions,"SCR-178 Audit, policy engine, management APIs",FLOW-026 Архивирование; FLOW-028 Восстановление из корзины; FLOW-029 Блокировка пользователя; FLOW-030 Изменение permissions,,Desktop/resilience,Critical,OpenAPI `PUT_api_v1_roles_id_permissions`; Stage_3_Field_Traceability_Final_3.5.csv
AC-1302,AC,MOD-019,Администрирование,[Stable-error-specific recovery (Stage 3.5 error/UI rule)] Idempotency: повтор с тем же key/hash не создаёт двойной side effect,PUT_api_v1_roles_id_permissions,PUT /api/v1/roles/{id}/permissions,Role.Manage,OrganizerController.PUT_api_v1_roles_id_permissions,"SCR-178 Audit, policy engine, management APIs",FLOW-026 Архивирование; FLOW-028 Восстановление из корзины; FLOW-029 Блокировка пользователя; FLOW-030 Изменение permissions,,Integration,Critical,OpenAPI `PUT_api_v1_roles_id_permissions`; Stage_3_Field_Traceability_Final_3.5.csv
AC-1303,AC,MOD-019,Администрирование,Happy path: Заменить scoped-роли пользователя,PUT_api_v1_users_id_roles,PUT /api/v1/users/{id}/roles,User.ManageRoles,OrganizerController.PUT_api_v1_users_id_roles,SCR-172 Карточка пользователя,FLOW-026 Архивирование; FLOW-028 Восстановление из корзины; FLOW-029 Блокировка пользователя; FLOW-030 Изменение permissions,,Contract/integration,Critical,OpenAPI `PUT_api_v1_users_id_roles`; Stage_3_Field_Traceability_Final_3.5.csv
AC-1304,AC,MOD-019,Администрирование,[Forbidden (Stage 3.5 State Matrix)/ObjectUnavailable (Stage 3.5 State Matrix)] Permission denied: Заменить scoped-роли пользователя не выполняется и данные не раскрываются,PUT_api_v1_users_id_roles,PUT /api/v1/users/{id}/roles,User.ManageRoles,OrganizerController.PUT_api_v1_users_id_roles,SCR-172 Карточка пользователя,FLOW-026 Архивирование; FLOW-028 Восстановление из корзины; FLOW-029 Блокировка пользователя; FLOW-030 Изменение permissions,,Security/authorization,Critical,OpenAPI `PUT_api_v1_users_id_roles`; Stage_3_Field_Traceability_Final_3.5.csv
AC-1305,AC,MOD-019,Администрирование,[Authentication/session error handling (Stage 3.5 error/UI rule)/Authentication/session error handling (Stage 3.5 error/UI rule)/Device-revocation error handling (Stage 3.5 error/UI rule)] Session/device interruption: операция прекращается без сохранения неподтверждённого состояния,PUT_api_v1_users_id_roles,PUT /api/v1/users/{id}/roles,User.ManageRoles,OrganizerController.PUT_api_v1_users_id_roles,SCR-172 Карточка пользователя,FLOW-026 Архивирование; FLOW-028 Восстановление из корзины; FLOW-029 Блокировка пользователя; FLOW-030 Изменение permissions,,Security/session,Critical,OpenAPI `PUT_api_v1_users_id_roles`; Stage_3_Field_Traceability_Final_3.5.csv
AC-1306,AC,MOD-019,Администрирование,[STATE-007] Validation: fieldErrors сохраняют draft и привязываются к canonical field path,PUT_api_v1_users_id_roles,PUT /api/v1/users/{id}/roles,User.ManageRoles,OrganizerController.PUT_api_v1_users_id_roles,SCR-172 Карточка пользователя,FLOW-026 Архивирование; FLOW-028 Восстановление из корзины; FLOW-029 Блокировка пользователя; FLOW-030 Изменение permissions,,Contract/UI,High,OpenAPI `PUT_api_v1_users_id_roles`; Stage_3_Field_Traceability_Final_3.5.csv
AC-1307,AC,MOD-019,Администрирование,[STATE-014/STATE-025] Conflict/precondition: устаревшая или отсутствующая If-Match не приводит к overwrite,PUT_api_v1_users_id_roles,PUT /api/v1/users/{id}/roles,User.ManageRoles,OrganizerController.PUT_api_v1_users_id_roles,SCR-172 Карточка пользователя,FLOW-026 Архивирование; FLOW-028 Восстановление из корзины; FLOW-029 Блокировка пользователя; FLOW-030 Изменение permissions,,Concurrency/integration,Critical,OpenAPI `PUT_api_v1_users_id_roles`; Stage_3_Field_Traceability_Final_3.5.csv
AC-1308,AC,MOD-019,Администрирование,[ServerUnavailable (Stage 3.5 State Matrix)/ServerUnavailable (cached read-only presentation) (Stage 3.5 State Matrix)/Reconnecting (Stage 3.5 State Matrix)] Server unavailable/read-only: команда Заменить scoped-роли пользователя не ставится в offline queue,PUT_api_v1_users_id_roles,PUT /api/v1/users/{id}/roles,User.ManageRoles,OrganizerController.PUT_api_v1_users_id_roles,SCR-172 Карточка пользователя,FLOW-026 Архивирование; FLOW-028 Восстановление из корзины; FLOW-029 Блокировка пользователя; FLOW-030 Изменение permissions,,Desktop/resilience,Critical,OpenAPI `PUT_api_v1_users_id_roles`; Stage_3_Field_Traceability_Final_3.5.csv
AC-1309,AC,MOD-019,Администрирование,[Stable-error-specific recovery (Stage 3.5 error/UI rule)] Idempotency: повтор с тем же key/hash не создаёт двойной side effect,PUT_api_v1_users_id_roles,PUT /api/v1/users/{id}/roles,User.ManageRoles,OrganizerController.PUT_api_v1_users_id_roles,SCR-172 Карточка пользователя,FLOW-026 Архивирование; FLOW-028 Восстановление из корзины; FLOW-029 Блокировка пользователя; FLOW-030 Изменение permissions,,Integration,Critical,OpenAPI `PUT_api_v1_users_id_roles`; Stage_3_Field_Traceability_Final_3.5.csv
AC-1310,AC,MOD-019,Администрирование,Happy path: Список пользователя,GET_api_v1_users,GET /api/v1/users,User.Read,OrganizerController.GET_api_v1_users,"SCR-071 Project role/overrides; SCR-155 Startup, tray и device; SCR-170 Администрирование; SCR-171 Пользователи; SCR-172 Карточка пользователя; SCR-173 Создание/активация пользователя; SCR-174 Block/deactivate user; SCR-175 Отделы; SCR-176 Audit, policy engine, management APIs; SCR-177 Роли и permissions; SCR-178 Audit, policy engine, management APIs; SCR-179 Effective permission diagnostics; SCR-180 Устройства; SCR-181 Sessions и login attempts; SCR-182 Сетевые ресурсы; SCR-183 Settings APIs, Windows settings; SCR-184 Фоновые задания; SCR-185 Резервные копии; SCR-186 Audit; SCR-187 Organization settings / feature flags; SCR-188 Audit, policy engine, management APIs",FLOW-026 Архивирование; FLOW-028 Восстановление из корзины; FLOW-029 Блокировка пользователя; FLOW-030 Изменение permissions,,Contract/integration,High,OpenAPI `GET_api_v1_users`; Stage_3_Field_Traceability_Final_3.5.csv
AC-1311,AC,MOD-019,Администрирование,[Forbidden (Stage 3.5 State Matrix)/ObjectUnavailable (Stage 3.5 State Matrix)] Permission denied: Список пользователя не выполняется и данные не раскрываются,GET_api_v1_users,GET /api/v1/users,User.Read,OrganizerController.GET_api_v1_users,"SCR-071 Project role/overrides; SCR-155 Startup, tray и device; SCR-170 Администрирование; SCR-171 Пользователи; SCR-172 Карточка пользователя; SCR-173 Создание/активация пользователя; SCR-174 Block/deactivate user; SCR-175 Отделы; SCR-176 Audit, policy engine, management APIs; SCR-177 Роли и permissions; SCR-178 Audit, policy engine, management APIs; SCR-179 Effective permission diagnostics; SCR-180 Устройства; SCR-181 Sessions и login attempts; SCR-182 Сетевые ресурсы; SCR-183 Settings APIs, Windows settings; SCR-184 Фоновые задания; SCR-185 Резервные копии; SCR-186 Audit; SCR-187 Organization settings / feature flags; SCR-188 Audit, policy engine, management APIs",FLOW-026 Архивирование; FLOW-028 Восстановление из корзины; FLOW-029 Блокировка пользователя; FLOW-030 Изменение permissions,,Security/authorization,Critical,OpenAPI `GET_api_v1_users`; Stage_3_Field_Traceability_Final_3.5.csv
AC-1312,AC,MOD-019,Администрирование,[Authentication/session error handling (Stage 3.5 error/UI rule)/Authentication/session error handling (Stage 3.5 error/UI rule)/Device-revocation error handling (Stage 3.5 error/UI rule)] Session/device interruption: операция прекращается без сохранения неподтверждённого состояния,GET_api_v1_users,GET /api/v1/users,User.Read,OrganizerController.GET_api_v1_users,"SCR-071 Project role/overrides; SCR-155 Startup, tray и device; SCR-170 Администрирование; SCR-171 Пользователи; SCR-172 Карточка пользователя; SCR-173 Создание/активация пользователя; SCR-174 Block/deactivate user; SCR-175 Отделы; SCR-176 Audit, policy engine, management APIs; SCR-177 Роли и permissions; SCR-178 Audit, policy engine, management APIs; SCR-179 Effective permission diagnostics; SCR-180 Устройства; SCR-181 Sessions и login attempts; SCR-182 Сетевые ресурсы; SCR-183 Settings APIs, Windows settings; SCR-184 Фоновые задания; SCR-185 Резервные копии; SCR-186 Audit; SCR-187 Organization settings / feature flags; SCR-188 Audit, policy engine, management APIs",FLOW-026 Архивирование; FLOW-028 Восстановление из корзины; FLOW-029 Блокировка пользователя; FLOW-030 Изменение permissions,,Security/session,Critical,OpenAPI `GET_api_v1_users`; Stage_3_Field_Traceability_Final_3.5.csv
AC-1313,AC,MOD-019,Администрирование,Happy path: Создать пользователя,POST_api_v1_users,POST /api/v1/users,User.Create,OrganizerController.POST_api_v1_users,SCR-173 Создание/активация пользователя,FLOW-026 Архивирование; FLOW-028 Восстановление из корзины; FLOW-029 Блокировка пользователя; FLOW-030 Изменение permissions,,Contract/integration,Critical,OpenAPI `POST_api_v1_users`; Stage_3_Field_Traceability_Final_3.5.csv
AC-1314,AC,MOD-019,Администрирование,[Forbidden (Stage 3.5 State Matrix)/ObjectUnavailable (Stage 3.5 State Matrix)] Permission denied: Создать пользователя не выполняется и данные не раскрываются,POST_api_v1_users,POST /api/v1/users,User.Create,OrganizerController.POST_api_v1_users,SCR-173 Создание/активация пользователя,FLOW-026 Архивирование; FLOW-028 Восстановление из корзины; FLOW-029 Блокировка пользователя; FLOW-030 Изменение permissions,,Security/authorization,Critical,OpenAPI `POST_api_v1_users`; Stage_3_Field_Traceability_Final_3.5.csv
AC-1315,AC,MOD-019,Администрирование,[Authentication/session error handling (Stage 3.5 error/UI rule)/Authentication/session error handling (Stage 3.5 error/UI rule)/Device-revocation error handling (Stage 3.5 error/UI rule)] Session/device interruption: операция прекращается без сохранения неподтверждённого состояния,POST_api_v1_users,POST /api/v1/users,User.Create,OrganizerController.POST_api_v1_users,SCR-173 Создание/активация пользователя,FLOW-026 Архивирование; FLOW-028 Восстановление из корзины; FLOW-029 Блокировка пользователя; FLOW-030 Изменение permissions,,Security/session,Critical,OpenAPI `POST_api_v1_users`; Stage_3_Field_Traceability_Final_3.5.csv
AC-1316,AC,MOD-019,Администрирование,[STATE-007] Validation: fieldErrors сохраняют draft и привязываются к canonical field path,POST_api_v1_users,POST /api/v1/users,User.Create,OrganizerController.POST_api_v1_users,SCR-173 Создание/активация пользователя,FLOW-026 Архивирование; FLOW-028 Восстановление из корзины; FLOW-029 Блокировка пользователя; FLOW-030 Изменение permissions,,Contract/UI,High,OpenAPI `POST_api_v1_users`; Stage_3_Field_Traceability_Final_3.5.csv
AC-1317,AC,MOD-019,Администрирование,[STATE-014/STATE-025] Conflict/precondition: устаревшая или отсутствующая контрактная версия/precondition не приводит к overwrite,POST_api_v1_users,POST /api/v1/users,User.Create,OrganizerController.POST_api_v1_users,SCR-173 Создание/активация пользователя,FLOW-026 Архивирование; FLOW-028 Восстановление из корзины; FLOW-029 Блокировка пользователя; FLOW-030 Изменение permissions,,Concurrency/integration,Critical,OpenAPI `POST_api_v1_users`; Stage_3_Field_Traceability_Final_3.5.csv
AC-1318,AC,MOD-019,Администрирование,[ServerUnavailable (Stage 3.5 State Matrix)/ServerUnavailable (cached read-only presentation) (Stage 3.5 State Matrix)/Reconnecting (Stage 3.5 State Matrix)] Server unavailable/read-only: команда Создать пользователя не ставится в offline queue,POST_api_v1_users,POST /api/v1/users,User.Create,OrganizerController.POST_api_v1_users,SCR-173 Создание/активация пользователя,FLOW-026 Архивирование; FLOW-028 Восстановление из корзины; FLOW-029 Блокировка пользователя; FLOW-030 Изменение permissions,,Desktop/resilience,Critical,OpenAPI `POST_api_v1_users`; Stage_3_Field_Traceability_Final_3.5.csv
AC-1319,AC,MOD-019,Администрирование,[Stable-error-specific recovery (Stage 3.5 error/UI rule)] Idempotency: повтор с тем же key/hash не создаёт двойной side effect,POST_api_v1_users,POST /api/v1/users,User.Create,OrganizerController.POST_api_v1_users,SCR-173 Создание/активация пользователя,FLOW-026 Архивирование; FLOW-028 Восстановление из корзины; FLOW-029 Блокировка пользователя; FLOW-030 Изменение permissions,,Integration,Critical,OpenAPI `POST_api_v1_users`; Stage_3_Field_Traceability_Final_3.5.csv
AC-1320,AC,MOD-019,Администрирование,Happy path: Получить пользователя,GET_api_v1_users_id,GET /api/v1/users/{id},User.Read,OrganizerController.GET_api_v1_users_id,SCR-172 Карточка пользователя,FLOW-026 Архивирование; FLOW-028 Восстановление из корзины; FLOW-029 Блокировка пользователя; FLOW-030 Изменение permissions,,Contract/integration,High,OpenAPI `GET_api_v1_users_id`; Stage_3_Field_Traceability_Final_3.5.csv
AC-1321,AC,MOD-019,Администрирование,[Forbidden (Stage 3.5 State Matrix)/ObjectUnavailable (Stage 3.5 State Matrix)] Permission denied: Получить пользователя не выполняется и данные не раскрываются,GET_api_v1_users_id,GET /api/v1/users/{id},User.Read,OrganizerController.GET_api_v1_users_id,SCR-172 Карточка пользователя,FLOW-026 Архивирование; FLOW-028 Восстановление из корзины; FLOW-029 Блокировка пользователя; FLOW-030 Изменение permissions,,Security/authorization,Critical,OpenAPI `GET_api_v1_users_id`; Stage_3_Field_Traceability_Final_3.5.csv
AC-1322,AC,MOD-019,Администрирование,[Authentication/session error handling (Stage 3.5 error/UI rule)/Authentication/session error handling (Stage 3.5 error/UI rule)/Device-revocation error handling (Stage 3.5 error/UI rule)] Session/device interruption: операция прекращается без сохранения неподтверждённого состояния,GET_api_v1_users_id,GET /api/v1/users/{id},User.Read,OrganizerController.GET_api_v1_users_id,SCR-172 Карточка пользователя,FLOW-026 Архивирование; FLOW-028 Восстановление из корзины; FLOW-029 Блокировка пользователя; FLOW-030 Изменение permissions,,Security/session,Critical,OpenAPI `GET_api_v1_users_id`; Stage_3_Field_Traceability_Final_3.5.csv
AC-1323,AC,MOD-019,Администрирование,Happy path: Изменить пользователя,PATCH_api_v1_users_id,PATCH /api/v1/users/{id},User.Update,OrganizerController.PATCH_api_v1_users_id,SCR-172 Карточка пользователя,FLOW-026 Архивирование; FLOW-028 Восстановление из корзины; FLOW-029 Блокировка пользователя; FLOW-030 Изменение permissions,,Contract/integration,Critical,OpenAPI `PATCH_api_v1_users_id`; Stage_3_Field_Traceability_Final_3.5.csv
AC-1324,AC,MOD-019,Администрирование,[Forbidden (Stage 3.5 State Matrix)/ObjectUnavailable (Stage 3.5 State Matrix)] Permission denied: Изменить пользователя не выполняется и данные не раскрываются,PATCH_api_v1_users_id,PATCH /api/v1/users/{id},User.Update,OrganizerController.PATCH_api_v1_users_id,SCR-172 Карточка пользователя,FLOW-026 Архивирование; FLOW-028 Восстановление из корзины; FLOW-029 Блокировка пользователя; FLOW-030 Изменение permissions,,Security/authorization,Critical,OpenAPI `PATCH_api_v1_users_id`; Stage_3_Field_Traceability_Final_3.5.csv
AC-1325,AC,MOD-019,Администрирование,[Authentication/session error handling (Stage 3.5 error/UI rule)/Authentication/session error handling (Stage 3.5 error/UI rule)/Device-revocation error handling (Stage 3.5 error/UI rule)] Session/device interruption: операция прекращается без сохранения неподтверждённого состояния,PATCH_api_v1_users_id,PATCH /api/v1/users/{id},User.Update,OrganizerController.PATCH_api_v1_users_id,SCR-172 Карточка пользователя,FLOW-026 Архивирование; FLOW-028 Восстановление из корзины; FLOW-029 Блокировка пользователя; FLOW-030 Изменение permissions,,Security/session,Critical,OpenAPI `PATCH_api_v1_users_id`; Stage_3_Field_Traceability_Final_3.5.csv
AC-1326,AC,MOD-019,Администрирование,[STATE-007] Validation: fieldErrors сохраняют draft и привязываются к canonical field path,PATCH_api_v1_users_id,PATCH /api/v1/users/{id},User.Update,OrganizerController.PATCH_api_v1_users_id,SCR-172 Карточка пользователя,FLOW-026 Архивирование; FLOW-028 Восстановление из корзины; FLOW-029 Блокировка пользователя; FLOW-030 Изменение permissions,,Contract/UI,High,OpenAPI `PATCH_api_v1_users_id`; Stage_3_Field_Traceability_Final_3.5.csv
AC-1327,AC,MOD-019,Администрирование,[STATE-014/STATE-025] Conflict/precondition: устаревшая или отсутствующая If-Match не приводит к overwrite,PATCH_api_v1_users_id,PATCH /api/v1/users/{id},User.Update,OrganizerController.PATCH_api_v1_users_id,SCR-172 Карточка пользователя,FLOW-026 Архивирование; FLOW-028 Восстановление из корзины; FLOW-029 Блокировка пользователя; FLOW-030 Изменение permissions,,Concurrency/integration,Critical,OpenAPI `PATCH_api_v1_users_id`; Stage_3_Field_Traceability_Final_3.5.csv
AC-1328,AC,MOD-019,Администрирование,[ServerUnavailable (Stage 3.5 State Matrix)/ServerUnavailable (cached read-only presentation) (Stage 3.5 State Matrix)/Reconnecting (Stage 3.5 State Matrix)] Server unavailable/read-only: команда Изменить пользователя не ставится в offline queue,PATCH_api_v1_users_id,PATCH /api/v1/users/{id},User.Update,OrganizerController.PATCH_api_v1_users_id,SCR-172 Карточка пользователя,FLOW-026 Архивирование; FLOW-028 Восстановление из корзины; FLOW-029 Блокировка пользователя; FLOW-030 Изменение permissions,,Desktop/resilience,Critical,OpenAPI `PATCH_api_v1_users_id`; Stage_3_Field_Traceability_Final_3.5.csv
AC-1329,AC,MOD-019,Администрирование,Happy path: Активировать учётную запись,POST_api_v1_users_id_activate,POST /api/v1/users/{id}/activate,User.Create,OrganizerController.POST_api_v1_users_id_activate,SCR-173 Создание/активация пользователя,FLOW-026 Архивирование; FLOW-028 Восстановление из корзины; FLOW-029 Блокировка пользователя; FLOW-030 Изменение permissions,,Contract/integration,Critical,OpenAPI `POST_api_v1_users_id_activate`; Stage_3_Field_Traceability_Final_3.5.csv
AC-1330,AC,MOD-019,Администрирование,[Forbidden (Stage 3.5 State Matrix)/ObjectUnavailable (Stage 3.5 State Matrix)] Permission denied: Активировать учётную запись не выполняется и данные не раскрываются,POST_api_v1_users_id_activate,POST /api/v1/users/{id}/activate,User.Create,OrganizerController.POST_api_v1_users_id_activate,SCR-173 Создание/активация пользователя,FLOW-026 Архивирование; FLOW-028 Восстановление из корзины; FLOW-029 Блокировка пользователя; FLOW-030 Изменение permissions,,Security/authorization,Critical,OpenAPI `POST_api_v1_users_id_activate`; Stage_3_Field_Traceability_Final_3.5.csv
AC-1331,AC,MOD-019,Администрирование,[Authentication/session error handling (Stage 3.5 error/UI rule)/Authentication/session error handling (Stage 3.5 error/UI rule)/Device-revocation error handling (Stage 3.5 error/UI rule)] Session/device interruption: операция прекращается без сохранения неподтверждённого состояния,POST_api_v1_users_id_activate,POST /api/v1/users/{id}/activate,User.Create,OrganizerController.POST_api_v1_users_id_activate,SCR-173 Создание/активация пользователя,FLOW-026 Архивирование; FLOW-028 Восстановление из корзины; FLOW-029 Блокировка пользователя; FLOW-030 Изменение permissions,,Security/session,Critical,OpenAPI `POST_api_v1_users_id_activate`; Stage_3_Field_Traceability_Final_3.5.csv
AC-1332,AC,MOD-019,Администрирование,[STATE-007] Validation: fieldErrors сохраняют draft и привязываются к canonical field path,POST_api_v1_users_id_activate,POST /api/v1/users/{id}/activate,User.Create,OrganizerController.POST_api_v1_users_id_activate,SCR-173 Создание/активация пользователя,FLOW-026 Архивирование; FLOW-028 Восстановление из корзины; FLOW-029 Блокировка пользователя; FLOW-030 Изменение permissions,,Contract/UI,High,OpenAPI `POST_api_v1_users_id_activate`; Stage_3_Field_Traceability_Final_3.5.csv
AC-1333,AC,MOD-019,Администрирование,[STATE-014/STATE-025] Conflict/precondition: устаревшая или отсутствующая If-Match не приводит к overwrite,POST_api_v1_users_id_activate,POST /api/v1/users/{id}/activate,User.Create,OrganizerController.POST_api_v1_users_id_activate,SCR-173 Создание/активация пользователя,FLOW-026 Архивирование; FLOW-028 Восстановление из корзины; FLOW-029 Блокировка пользователя; FLOW-030 Изменение permissions,,Concurrency/integration,Critical,OpenAPI `POST_api_v1_users_id_activate`; Stage_3_Field_Traceability_Final_3.5.csv
AC-1334,AC,MOD-019,Администрирование,[ServerUnavailable (Stage 3.5 State Matrix)/ServerUnavailable (cached read-only presentation) (Stage 3.5 State Matrix)/Reconnecting (Stage 3.5 State Matrix)] Server unavailable/read-only: команда Активировать учётную запись не ставится в offline queue,POST_api_v1_users_id_activate,POST /api/v1/users/{id}/activate,User.Create,OrganizerController.POST_api_v1_users_id_activate,SCR-173 Создание/активация пользователя,FLOW-026 Архивирование; FLOW-028 Восстановление из корзины; FLOW-029 Блокировка пользователя; FLOW-030 Изменение permissions,,Desktop/resilience,Critical,OpenAPI `POST_api_v1_users_id_activate`; Stage_3_Field_Traceability_Final_3.5.csv
AC-1335,AC,MOD-019,Администрирование,[Stable-error-specific recovery (Stage 3.5 error/UI rule)] Idempotency: повтор с тем же key/hash не создаёт двойной side effect,POST_api_v1_users_id_activate,POST /api/v1/users/{id}/activate,User.Create,OrganizerController.POST_api_v1_users_id_activate,SCR-173 Создание/активация пользователя,FLOW-026 Архивирование; FLOW-028 Восстановление из корзины; FLOW-029 Блокировка пользователя; FLOW-030 Изменение permissions,,Integration,Critical,OpenAPI `POST_api_v1_users_id_activate`; Stage_3_Field_Traceability_Final_3.5.csv
AC-1336,AC,MOD-019,Администрирование,Happy path: Заблокировать пользователя,POST_api_v1_users_id_block,POST /api/v1/users/{id}/block,User.Block,OrganizerController.POST_api_v1_users_id_block,SCR-174 Block/deactivate user,FLOW-029 Блокировка пользователя,,Contract/integration,Critical,OpenAPI `POST_api_v1_users_id_block`; Stage_3_Field_Traceability_Final_3.5.csv
AC-1337,AC,MOD-019,Администрирование,[Forbidden (Stage 3.5 State Matrix)/ObjectUnavailable (Stage 3.5 State Matrix)] Permission denied: Заблокировать пользователя не выполняется и данные не раскрываются,POST_api_v1_users_id_block,POST /api/v1/users/{id}/block,User.Block,OrganizerController.POST_api_v1_users_id_block,SCR-174 Block/deactivate user,FLOW-029 Блокировка пользователя,,Security/authorization,Critical,OpenAPI `POST_api_v1_users_id_block`; Stage_3_Field_Traceability_Final_3.5.csv
AC-1338,AC,MOD-019,Администрирование,[Authentication/session error handling (Stage 3.5 error/UI rule)/Authentication/session error handling (Stage 3.5 error/UI rule)/Device-revocation error handling (Stage 3.5 error/UI rule)] Session/device interruption: операция прекращается без сохранения неподтверждённого состояния,POST_api_v1_users_id_block,POST /api/v1/users/{id}/block,User.Block,OrganizerController.POST_api_v1_users_id_block,SCR-174 Block/deactivate user,FLOW-029 Блокировка пользователя,,Security/session,Critical,OpenAPI `POST_api_v1_users_id_block`; Stage_3_Field_Traceability_Final_3.5.csv
AC-1339,AC,MOD-019,Администрирование,[STATE-014/STATE-025] Conflict/precondition: устаревшая или отсутствующая If-Match не приводит к overwrite,POST_api_v1_users_id_block,POST /api/v1/users/{id}/block,User.Block,OrganizerController.POST_api_v1_users_id_block,SCR-174 Block/deactivate user,FLOW-029 Блокировка пользователя,,Concurrency/integration,Critical,OpenAPI `POST_api_v1_users_id_block`; Stage_3_Field_Traceability_Final_3.5.csv
AC-1340,AC,MOD-019,Администрирование,[ServerUnavailable (Stage 3.5 State Matrix)/ServerUnavailable (cached read-only presentation) (Stage 3.5 State Matrix)/Reconnecting (Stage 3.5 State Matrix)] Server unavailable/read-only: команда Заблокировать пользователя не ставится в offline queue,POST_api_v1_users_id_block,POST /api/v1/users/{id}/block,User.Block,OrganizerController.POST_api_v1_users_id_block,SCR-174 Block/deactivate user,FLOW-029 Блокировка пользователя,,Desktop/resilience,Critical,OpenAPI `POST_api_v1_users_id_block`; Stage_3_Field_Traceability_Final_3.5.csv
AC-1341,AC,MOD-019,Администрирование,[Stable-error-specific recovery (Stage 3.5 error/UI rule)] Idempotency: повтор с тем же key/hash не создаёт двойной side effect,POST_api_v1_users_id_block,POST /api/v1/users/{id}/block,User.Block,OrganizerController.POST_api_v1_users_id_block,SCR-174 Block/deactivate user,FLOW-029 Блокировка пользователя,,Integration,Critical,OpenAPI `POST_api_v1_users_id_block`; Stage_3_Field_Traceability_Final_3.5.csv
AC-1342,AC,MOD-019,Администрирование,Happy path: Деактивировать учётную запись без удаления профиля,POST_api_v1_users_id_deactivate,POST /api/v1/users/{id}/deactivate,User.Block,OrganizerController.POST_api_v1_users_id_deactivate,SCR-174 Block/deactivate user,FLOW-026 Архивирование; FLOW-028 Восстановление из корзины; FLOW-029 Блокировка пользователя; FLOW-030 Изменение permissions,,Contract/integration,Critical,OpenAPI `POST_api_v1_users_id_deactivate`; Stage_3_Field_Traceability_Final_3.5.csv
AC-1343,AC,MOD-019,Администрирование,[Forbidden (Stage 3.5 State Matrix)/ObjectUnavailable (Stage 3.5 State Matrix)] Permission denied: Деактивировать учётную запись без удаления профиля не выполняется и данные не раскрываются,POST_api_v1_users_id_deactivate,POST /api/v1/users/{id}/deactivate,User.Block,OrganizerController.POST_api_v1_users_id_deactivate,SCR-174 Block/deactivate user,FLOW-026 Архивирование; FLOW-028 Восстановление из корзины; FLOW-029 Блокировка пользователя; FLOW-030 Изменение permissions,,Security/authorization,Critical,OpenAPI `POST_api_v1_users_id_deactivate`; Stage_3_Field_Traceability_Final_3.5.csv
AC-1344,AC,MOD-019,Администрирование,[Authentication/session error handling (Stage 3.5 error/UI rule)/Authentication/session error handling (Stage 3.5 error/UI rule)/Device-revocation error handling (Stage 3.5 error/UI rule)] Session/device interruption: операция прекращается без сохранения неподтверждённого состояния,POST_api_v1_users_id_deactivate,POST /api/v1/users/{id}/deactivate,User.Block,OrganizerController.POST_api_v1_users_id_deactivate,SCR-174 Block/deactivate user,FLOW-026 Архивирование; FLOW-028 Восстановление из корзины; FLOW-029 Блокировка пользователя; FLOW-030 Изменение permissions,,Security/session,Critical,OpenAPI `POST_api_v1_users_id_deactivate`; Stage_3_Field_Traceability_Final_3.5.csv
AC-1345,AC,MOD-019,Администрирование,[STATE-014/STATE-025] Conflict/precondition: устаревшая или отсутствующая If-Match не приводит к overwrite,POST_api_v1_users_id_deactivate,POST /api/v1/users/{id}/deactivate,User.Block,OrganizerController.POST_api_v1_users_id_deactivate,SCR-174 Block/deactivate user,FLOW-026 Архивирование; FLOW-028 Восстановление из корзины; FLOW-029 Блокировка пользователя; FLOW-030 Изменение permissions,,Concurrency/integration,Critical,OpenAPI `POST_api_v1_users_id_deactivate`; Stage_3_Field_Traceability_Final_3.5.csv
AC-1346,AC,MOD-019,Администрирование,[ServerUnavailable (Stage 3.5 State Matrix)/ServerUnavailable (cached read-only presentation) (Stage 3.5 State Matrix)/Reconnecting (Stage 3.5 State Matrix)] Server unavailable/read-only: команда Деактивировать учётную запись без удаления профиля не ставится в offline queue,POST_api_v1_users_id_deactivate,POST /api/v1/users/{id}/deactivate,User.Block,OrganizerController.POST_api_v1_users_id_deactivate,SCR-174 Block/deactivate user,FLOW-026 Архивирование; FLOW-028 Восстановление из корзины; FLOW-029 Блокировка пользователя; FLOW-030 Изменение permissions,,Desktop/resilience,Critical,OpenAPI `POST_api_v1_users_id_deactivate`; Stage_3_Field_Traceability_Final_3.5.csv
AC-1347,AC,MOD-019,Администрирование,[Stable-error-specific recovery (Stage 3.5 error/UI rule)] Idempotency: повтор с тем же key/hash не создаёт двойной side effect,POST_api_v1_users_id_deactivate,POST /api/v1/users/{id}/deactivate,User.Block,OrganizerController.POST_api_v1_users_id_deactivate,SCR-174 Block/deactivate user,FLOW-026 Архивирование; FLOW-028 Восстановление из корзины; FLOW-029 Блокировка пользователя; FLOW-030 Изменение permissions,,Integration,Critical,OpenAPI `POST_api_v1_users_id_deactivate`; Stage_3_Field_Traceability_Final_3.5.csv
AC-1348,AC,MOD-019,Администрирование,Happy path: Диагностика эффективных прав,GET_api_v1_users_id_effective_permissions,GET /api/v1/users/{id}/effective-permissions,Authorization.Explain,OrganizerController.GET_api_v1_users_id_effective_permissions,"SCR-071 Project role/overrides; SCR-155 Startup, tray и device; SCR-170 Администрирование; SCR-171 Пользователи; SCR-172 Карточка пользователя; SCR-173 Создание/активация пользователя; SCR-174 Block/deactivate user; SCR-175 Отделы; SCR-176 Audit, policy engine, management APIs; SCR-177 Роли и permissions; SCR-178 Audit, policy engine, management APIs; SCR-179 Effective permission diagnostics; SCR-180 Устройства; SCR-181 Sessions и login attempts; SCR-182 Сетевые ресурсы; SCR-183 Settings APIs, Windows settings; SCR-184 Фоновые задания; SCR-185 Резервные копии; SCR-186 Audit; SCR-187 Organization settings / feature flags; SCR-188 Audit, policy engine, management APIs",FLOW-026 Архивирование; FLOW-028 Восстановление из корзины; FLOW-029 Блокировка пользователя; FLOW-030 Изменение permissions,,Contract/integration,High,OpenAPI `GET_api_v1_users_id_effective_permissions`; Stage_3_Field_Traceability_Final_3.5.csv
AC-1349,AC,MOD-019,Администрирование,[Forbidden (Stage 3.5 State Matrix)/ObjectUnavailable (Stage 3.5 State Matrix)] Permission denied: Диагностика эффективных прав не выполняется и данные не раскрываются,GET_api_v1_users_id_effective_permissions,GET /api/v1/users/{id}/effective-permissions,Authorization.Explain,OrganizerController.GET_api_v1_users_id_effective_permissions,"SCR-071 Project role/overrides; SCR-155 Startup, tray и device; SCR-170 Администрирование; SCR-171 Пользователи; SCR-172 Карточка пользователя; SCR-173 Создание/активация пользователя; SCR-174 Block/deactivate user; SCR-175 Отделы; SCR-176 Audit, policy engine, management APIs; SCR-177 Роли и permissions; SCR-178 Audit, policy engine, management APIs; SCR-179 Effective permission diagnostics; SCR-180 Устройства; SCR-181 Sessions и login attempts; SCR-182 Сетевые ресурсы; SCR-183 Settings APIs, Windows settings; SCR-184 Фоновые задания; SCR-185 Резервные копии; SCR-186 Audit; SCR-187 Organization settings / feature flags; SCR-188 Audit, policy engine, management APIs",FLOW-026 Архивирование; FLOW-028 Восстановление из корзины; FLOW-029 Блокировка пользователя; FLOW-030 Изменение permissions,,Security/authorization,Critical,OpenAPI `GET_api_v1_users_id_effective_permissions`; Stage_3_Field_Traceability_Final_3.5.csv
AC-1350,AC,MOD-019,Администрирование,[Authentication/session error handling (Stage 3.5 error/UI rule)/Authentication/session error handling (Stage 3.5 error/UI rule)/Device-revocation error handling (Stage 3.5 error/UI rule)] Session/device interruption: операция прекращается без сохранения неподтверждённого состояния,GET_api_v1_users_id_effective_permissions,GET /api/v1/users/{id}/effective-permissions,Authorization.Explain,OrganizerController.GET_api_v1_users_id_effective_permissions,"SCR-071 Project role/overrides; SCR-155 Startup, tray и device; SCR-170 Администрирование; SCR-171 Пользователи; SCR-172 Карточка пользователя; SCR-173 Создание/активация пользователя; SCR-174 Block/deactivate user; SCR-175 Отделы; SCR-176 Audit, policy engine, management APIs; SCR-177 Роли и permissions; SCR-178 Audit, policy engine, management APIs; SCR-179 Effective permission diagnostics; SCR-180 Устройства; SCR-181 Sessions и login attempts; SCR-182 Сетевые ресурсы; SCR-183 Settings APIs, Windows settings; SCR-184 Фоновые задания; SCR-185 Резервные копии; SCR-186 Audit; SCR-187 Organization settings / feature flags; SCR-188 Audit, policy engine, management APIs",FLOW-026 Архивирование; FLOW-028 Восстановление из корзины; FLOW-029 Блокировка пользователя; FLOW-030 Изменение permissions,,Security/session,Critical,OpenAPI `GET_api_v1_users_id_effective_permissions`; Stage_3_Field_Traceability_Final_3.5.csv
AC-1351,AC,MOD-019,Администрирование,Happy path: Повторно активировать деактивированную учётную запись,POST_api_v1_users_id_reactivate,POST /api/v1/users/{id}/reactivate,User.Block,OrganizerController.POST_api_v1_users_id_reactivate,SCR-174 Block/deactivate user,FLOW-026 Архивирование; FLOW-028 Восстановление из корзины; FLOW-029 Блокировка пользователя; FLOW-030 Изменение permissions,,Contract/integration,Critical,OpenAPI `POST_api_v1_users_id_reactivate`; Stage_3_Field_Traceability_Final_3.5.csv
AC-1352,AC,MOD-019,Администрирование,[Forbidden (Stage 3.5 State Matrix)/ObjectUnavailable (Stage 3.5 State Matrix)] Permission denied: Повторно активировать деактивированную учётную запись не выполняется и данные не раскрываются,POST_api_v1_users_id_reactivate,POST /api/v1/users/{id}/reactivate,User.Block,OrganizerController.POST_api_v1_users_id_reactivate,SCR-174 Block/deactivate user,FLOW-026 Архивирование; FLOW-028 Восстановление из корзины; FLOW-029 Блокировка пользователя; FLOW-030 Изменение permissions,,Security/authorization,Critical,OpenAPI `POST_api_v1_users_id_reactivate`; Stage_3_Field_Traceability_Final_3.5.csv
AC-1353,AC,MOD-019,Администрирование,[Authentication/session error handling (Stage 3.5 error/UI rule)/Authentication/session error handling (Stage 3.5 error/UI rule)/Device-revocation error handling (Stage 3.5 error/UI rule)] Session/device interruption: операция прекращается без сохранения неподтверждённого состояния,POST_api_v1_users_id_reactivate,POST /api/v1/users/{id}/reactivate,User.Block,OrganizerController.POST_api_v1_users_id_reactivate,SCR-174 Block/deactivate user,FLOW-026 Архивирование; FLOW-028 Восстановление из корзины; FLOW-029 Блокировка пользователя; FLOW-030 Изменение permissions,,Security/session,Critical,OpenAPI `POST_api_v1_users_id_reactivate`; Stage_3_Field_Traceability_Final_3.5.csv
AC-1354,AC,MOD-019,Администрирование,[STATE-014/STATE-025] Conflict/precondition: устаревшая или отсутствующая If-Match не приводит к overwrite,POST_api_v1_users_id_reactivate,POST /api/v1/users/{id}/reactivate,User.Block,OrganizerController.POST_api_v1_users_id_reactivate,SCR-174 Block/deactivate user,FLOW-026 Архивирование; FLOW-028 Восстановление из корзины; FLOW-029 Блокировка пользователя; FLOW-030 Изменение permissions,,Concurrency/integration,Critical,OpenAPI `POST_api_v1_users_id_reactivate`; Stage_3_Field_Traceability_Final_3.5.csv
AC-1355,AC,MOD-019,Администрирование,[ServerUnavailable (Stage 3.5 State Matrix)/ServerUnavailable (cached read-only presentation) (Stage 3.5 State Matrix)/Reconnecting (Stage 3.5 State Matrix)] Server unavailable/read-only: команда Повторно активировать деактивированную учётную запись не ставится в offline queue,POST_api_v1_users_id_reactivate,POST /api/v1/users/{id}/reactivate,User.Block,OrganizerController.POST_api_v1_users_id_reactivate,SCR-174 Block/deactivate user,FLOW-026 Архивирование; FLOW-028 Восстановление из корзины; FLOW-029 Блокировка пользователя; FLOW-030 Изменение permissions,,Desktop/resilience,Critical,OpenAPI `POST_api_v1_users_id_reactivate`; Stage_3_Field_Traceability_Final_3.5.csv
AC-1356,AC,MOD-019,Администрирование,Happy path: Разблокировать пользователя,POST_api_v1_users_id_unblock,POST /api/v1/users/{id}/unblock,User.Block,OrganizerController.POST_api_v1_users_id_unblock,SCR-174 Block/deactivate user,FLOW-026 Архивирование; FLOW-028 Восстановление из корзины; FLOW-029 Блокировка пользователя; FLOW-030 Изменение permissions,,Contract/integration,Critical,OpenAPI `POST_api_v1_users_id_unblock`; Stage_3_Field_Traceability_Final_3.5.csv
AC-1357,AC,MOD-019,Администрирование,[Forbidden (Stage 3.5 State Matrix)/ObjectUnavailable (Stage 3.5 State Matrix)] Permission denied: Разблокировать пользователя не выполняется и данные не раскрываются,POST_api_v1_users_id_unblock,POST /api/v1/users/{id}/unblock,User.Block,OrganizerController.POST_api_v1_users_id_unblock,SCR-174 Block/deactivate user,FLOW-026 Архивирование; FLOW-028 Восстановление из корзины; FLOW-029 Блокировка пользователя; FLOW-030 Изменение permissions,,Security/authorization,Critical,OpenAPI `POST_api_v1_users_id_unblock`; Stage_3_Field_Traceability_Final_3.5.csv
AC-1358,AC,MOD-019,Администрирование,[Authentication/session error handling (Stage 3.5 error/UI rule)/Authentication/session error handling (Stage 3.5 error/UI rule)/Device-revocation error handling (Stage 3.5 error/UI rule)] Session/device interruption: операция прекращается без сохранения неподтверждённого состояния,POST_api_v1_users_id_unblock,POST /api/v1/users/{id}/unblock,User.Block,OrganizerController.POST_api_v1_users_id_unblock,SCR-174 Block/deactivate user,FLOW-026 Архивирование; FLOW-028 Восстановление из корзины; FLOW-029 Блокировка пользователя; FLOW-030 Изменение permissions,,Security/session,Critical,OpenAPI `POST_api_v1_users_id_unblock`; Stage_3_Field_Traceability_Final_3.5.csv
AC-1359,AC,MOD-019,Администрирование,[STATE-014/STATE-025] Conflict/precondition: устаревшая или отсутствующая If-Match не приводит к overwrite,POST_api_v1_users_id_unblock,POST /api/v1/users/{id}/unblock,User.Block,OrganizerController.POST_api_v1_users_id_unblock,SCR-174 Block/deactivate user,FLOW-026 Архивирование; FLOW-028 Восстановление из корзины; FLOW-029 Блокировка пользователя; FLOW-030 Изменение permissions,,Concurrency/integration,Critical,OpenAPI `POST_api_v1_users_id_unblock`; Stage_3_Field_Traceability_Final_3.5.csv
AC-1360,AC,MOD-019,Администрирование,[ServerUnavailable (Stage 3.5 State Matrix)/ServerUnavailable (cached read-only presentation) (Stage 3.5 State Matrix)/Reconnecting (Stage 3.5 State Matrix)] Server unavailable/read-only: команда Разблокировать пользователя не ставится в offline queue,POST_api_v1_users_id_unblock,POST /api/v1/users/{id}/unblock,User.Block,OrganizerController.POST_api_v1_users_id_unblock,SCR-174 Block/deactivate user,FLOW-026 Архивирование; FLOW-028 Восстановление из корзины; FLOW-029 Блокировка пользователя; FLOW-030 Изменение permissions,,Desktop/resilience,Critical,OpenAPI `POST_api_v1_users_id_unblock`; Stage_3_Field_Traceability_Final_3.5.csv
AC-1430,AC,MOD-019,Администрирование,"Desktop behavior: Admin UI должен предоставлять только allowlisted операции, без shell/SQL/file browser к серверу.","— (Desktop-only, без нового API)","— (Desktop-only, без нового API)",Capability-driven; server recheck для команд,"— (Desktop-only, без нового API)","SCR-170 Администрирование; SCR-171 Пользователи; SCR-172 Карточка пользователя; SCR-173 Создание/активация пользователя; SCR-174 Block/deactivate user; SCR-175 Отделы; SCR-176 Audit, policy engine, management APIs; SCR-177 Роли и permissions; SCR-178 Audit, policy engine, management APIs; SCR-179 Effective permission diagnostics; SCR-180 Устройства; SCR-181 Sessions и login attempts; SCR-182 Сетевые ресурсы; SCR-183 Settings APIs, Windows settings; SCR-184 Фоновые задания; SCR-185 Резервные копии; SCR-186 Audit; SCR-187 Organization settings / feature flags; SCR-188 Audit, policy engine, management APIs",FLOW-029 Блокировка пользователя; FLOW-030 Изменение permissions,,Desktop/UI,High,Stage 3.5 UX Architecture
AC-1729,AC,MOD-019,Администрирование,[STATE-007] Field contract: DepartmentCreate.name respects type/required/nullable/limits/PATCH semantics,— (операции модуля),—,—,—,"SCR-170 Администрирование; SCR-171 Пользователи; SCR-172 Карточка пользователя; SCR-173 Создание/активация пользователя; SCR-174 Block/deactivate user; SCR-175 Отделы; SCR-176 Audit, policy engine, management APIs; SCR-177 Роли и permissions; SCR-178 Audit, policy engine, management APIs; SCR-179 Effective permission diagnostics; SCR-180 Устройства; SCR-181 Sessions и login attempts; SCR-182 Сетевые ресурсы; SCR-183 Settings APIs, Windows settings; SCR-184 Фоновые задания; SCR-185 Резервные копии; SCR-186 Audit; SCR-187 Organization settings / feature flags; SCR-188 Audit, policy engine, management APIs",FLOW-029 Блокировка пользователя; FLOW-030 Изменение permissions,,Boundary/contract UI,High,dto_field_catalog.csv:DepartmentCreate.name; openapi.yaml operation POST_api_v1_departments
AC-1730,AC,MOD-019,Администрирование,[STATE-007] Field contract: NetworkResourceCreate.name respects type/required/nullable/limits/PATCH semantics,— (операции модуля),—,—,—,"SCR-170 Администрирование; SCR-171 Пользователи; SCR-172 Карточка пользователя; SCR-173 Создание/активация пользователя; SCR-174 Block/deactivate user; SCR-175 Отделы; SCR-176 Audit, policy engine, management APIs; SCR-177 Роли и permissions; SCR-178 Audit, policy engine, management APIs; SCR-179 Effective permission diagnostics; SCR-180 Устройства; SCR-181 Sessions и login attempts; SCR-182 Сетевые ресурсы; SCR-183 Settings APIs, Windows settings; SCR-184 Фоновые задания; SCR-185 Резервные копии; SCR-186 Audit; SCR-187 Organization settings / feature flags; SCR-188 Audit, policy engine, management APIs",FLOW-029 Блокировка пользователя; FLOW-030 Изменение permissions,,Boundary/contract UI,High,dto_field_catalog.csv:NetworkResourceCreate.name; openapi.yaml operation POST_api_v1_network_resources
AC-1731,AC,MOD-019,Администрирование,[STATE-007] Field contract: RoleCreate.name respects type/required/nullable/limits/PATCH semantics,— (операции модуля),—,—,—,"SCR-170 Администрирование; SCR-171 Пользователи; SCR-172 Карточка пользователя; SCR-173 Создание/активация пользователя; SCR-174 Block/deactivate user; SCR-175 Отделы; SCR-176 Audit, policy engine, management APIs; SCR-177 Роли и permissions; SCR-178 Audit, policy engine, management APIs; SCR-179 Effective permission diagnostics; SCR-180 Устройства; SCR-181 Sessions и login attempts; SCR-182 Сетевые ресурсы; SCR-183 Settings APIs, Windows settings; SCR-184 Фоновые задания; SCR-185 Резервные копии; SCR-186 Audit; SCR-187 Organization settings / feature flags; SCR-188 Audit, policy engine, management APIs",FLOW-029 Блокировка пользователя; FLOW-030 Изменение permissions,,Boundary/contract UI,High,dto_field_catalog.csv:RoleCreate.name; openapi.yaml operation POST_api_v1_roles
AC-1732,AC,MOD-019,Администрирование,[STATE-007] Field contract: UserCreate.login respects type/required/nullable/limits/PATCH semantics,— (операции модуля),—,—,—,"SCR-170 Администрирование; SCR-171 Пользователи; SCR-172 Карточка пользователя; SCR-173 Создание/активация пользователя; SCR-174 Block/deactivate user; SCR-175 Отделы; SCR-176 Audit, policy engine, management APIs; SCR-177 Роли и permissions; SCR-178 Audit, policy engine, management APIs; SCR-179 Effective permission diagnostics; SCR-180 Устройства; SCR-181 Sessions и login attempts; SCR-182 Сетевые ресурсы; SCR-183 Settings APIs, Windows settings; SCR-184 Фоновые задания; SCR-185 Резервные копии; SCR-186 Audit; SCR-187 Organization settings / feature flags; SCR-188 Audit, policy engine, management APIs",FLOW-029 Блокировка пользователя; FLOW-030 Изменение permissions,,Boundary/contract UI,High,dto_field_catalog.csv:UserCreate.login; openapi.yaml operation POST_api_v1_users
AC-1733,AC,MOD-019,Администрирование,[STATE-007] Field contract: ProbeRequest.deviceId respects type/required/nullable/limits/PATCH semantics,— (операции модуля),—,—,—,"SCR-170 Администрирование; SCR-171 Пользователи; SCR-172 Карточка пользователя; SCR-173 Создание/активация пользователя; SCR-174 Block/deactivate user; SCR-175 Отделы; SCR-176 Audit, policy engine, management APIs; SCR-177 Роли и permissions; SCR-178 Audit, policy engine, management APIs; SCR-179 Effective permission diagnostics; SCR-180 Устройства; SCR-181 Sessions и login attempts; SCR-182 Сетевые ресурсы; SCR-183 Settings APIs, Windows settings; SCR-184 Фоновые задания; SCR-185 Резервные копии; SCR-186 Audit; SCR-187 Organization settings / feature flags; SCR-188 Audit, policy engine, management APIs",FLOW-029 Блокировка пользователя; FLOW-030 Изменение permissions,,Boundary/contract UI,High,dto_field_catalog.csv:ProbeRequest.deviceId; openapi.yaml operation POST_api_v1_network_resources_id_probe
AC-1734,AC,MOD-019,Администрирование,[STATE-007] Field contract: UserCreate.firstName respects type/required/nullable/limits/PATCH semantics,— (операции модуля),—,—,—,"SCR-170 Администрирование; SCR-171 Пользователи; SCR-172 Карточка пользователя; SCR-173 Создание/активация пользователя; SCR-174 Block/deactivate user; SCR-175 Отделы; SCR-176 Audit, policy engine, management APIs; SCR-177 Роли и permissions; SCR-178 Audit, policy engine, management APIs; SCR-179 Effective permission diagnostics; SCR-180 Устройства; SCR-181 Sessions и login attempts; SCR-182 Сетевые ресурсы; SCR-183 Settings APIs, Windows settings; SCR-184 Фоновые задания; SCR-185 Резервные копии; SCR-186 Audit; SCR-187 Organization settings / feature flags; SCR-188 Audit, policy engine, management APIs",FLOW-029 Блокировка пользователя; FLOW-030 Изменение permissions,,Boundary/contract UI,High,dto_field_catalog.csv:UserCreate.firstName; openapi.yaml operation POST_api_v1_users
AC-1735,AC,MOD-019,Администрирование,[STATE-007] Field contract: UserCreate.lastName respects type/required/nullable/limits/PATCH semantics,— (операции модуля),—,—,—,"SCR-170 Администрирование; SCR-171 Пользователи; SCR-172 Карточка пользователя; SCR-173 Создание/активация пользователя; SCR-174 Block/deactivate user; SCR-175 Отделы; SCR-176 Audit, policy engine, management APIs; SCR-177 Роли и permissions; SCR-178 Audit, policy engine, management APIs; SCR-179 Effective permission diagnostics; SCR-180 Устройства; SCR-181 Sessions и login attempts; SCR-182 Сетевые ресурсы; SCR-183 Settings APIs, Windows settings; SCR-184 Фоновые задания; SCR-185 Резервные копии; SCR-186 Audit; SCR-187 Organization settings / feature flags; SCR-188 Audit, policy engine, management APIs",FLOW-029 Блокировка пользователя; FLOW-030 Изменение permissions,,Boundary/contract UI,High,dto_field_catalog.csv:UserCreate.lastName; openapi.yaml operation POST_api_v1_users
AC-1736,AC,MOD-019,Администрирование,[STATE-007] Field contract: MaintenanceModeRequest.enabled respects type/required/nullable/limits/PATCH semantics,— (операции модуля),—,—,—,"SCR-170 Администрирование; SCR-171 Пользователи; SCR-172 Карточка пользователя; SCR-173 Создание/активация пользователя; SCR-174 Block/deactivate user; SCR-175 Отделы; SCR-176 Audit, policy engine, management APIs; SCR-177 Роли и permissions; SCR-178 Audit, policy engine, management APIs; SCR-179 Effective permission diagnostics; SCR-180 Устройства; SCR-181 Sessions и login attempts; SCR-182 Сетевые ресурсы; SCR-183 Settings APIs, Windows settings; SCR-184 Фоновые задания; SCR-185 Резервные копии; SCR-186 Audit; SCR-187 Organization settings / feature flags; SCR-188 Audit, policy engine, management APIs",FLOW-029 Блокировка пользователя; FLOW-030 Изменение permissions,,Boundary/contract UI,High,openapi.yaml:MaintenanceModeRequest.enabled
AC-1737,AC,MOD-019,Администрирование,[STATE-007] Field contract: DepartmentPatch.name respects type/required/nullable/limits/PATCH semantics,— (операции модуля),—,—,—,"SCR-170 Администрирование; SCR-171 Пользователи; SCR-172 Карточка пользователя; SCR-173 Создание/активация пользователя; SCR-174 Block/deactivate user; SCR-175 Отделы; SCR-176 Audit, policy engine, management APIs; SCR-177 Роли и permissions; SCR-178 Audit, policy engine, management APIs; SCR-179 Effective permission diagnostics; SCR-180 Устройства; SCR-181 Sessions и login attempts; SCR-182 Сетевые ресурсы; SCR-183 Settings APIs, Windows settings; SCR-184 Фоновые задания; SCR-185 Резервные копии; SCR-186 Audit; SCR-187 Organization settings / feature flags; SCR-188 Audit, policy engine, management APIs",FLOW-029 Блокировка пользователя; FLOW-030 Изменение permissions,,Boundary/contract UI,High,dto_field_catalog.csv:DepartmentPatch.name; openapi.yaml operation PATCH_api_v1_departments_id
AC-1738,AC,MOD-019,Администрирование,[STATE-007] Field contract: NetworkResourcePatch.name respects type/required/nullable/limits/PATCH semantics,— (операции модуля),—,—,—,"SCR-170 Администрирование; SCR-171 Пользователи; SCR-172 Карточка пользователя; SCR-173 Создание/активация пользователя; SCR-174 Block/deactivate user; SCR-175 Отделы; SCR-176 Audit, policy engine, management APIs; SCR-177 Роли и permissions; SCR-178 Audit, policy engine, management APIs; SCR-179 Effective permission diagnostics; SCR-180 Устройства; SCR-181 Sessions и login attempts; SCR-182 Сетевые ресурсы; SCR-183 Settings APIs, Windows settings; SCR-184 Фоновые задания; SCR-185 Резервные копии; SCR-186 Audit; SCR-187 Organization settings / feature flags; SCR-188 Audit, policy engine, management APIs",FLOW-029 Блокировка пользователя; FLOW-030 Изменение permissions,,Boundary/contract UI,High,dto_field_catalog.csv:NetworkResourcePatch.name; openapi.yaml operation PATCH_api_v1_network_resources_id
AC-1739,AC,MOD-019,Администрирование,[STATE-007] Field contract: RolePatch.name respects type/required/nullable/limits/PATCH semantics,— (операции модуля),—,—,—,"SCR-170 Администрирование; SCR-171 Пользователи; SCR-172 Карточка пользователя; SCR-173 Создание/активация пользователя; SCR-174 Block/deactivate user; SCR-175 Отделы; SCR-176 Audit, policy engine, management APIs; SCR-177 Роли и permissions; SCR-178 Audit, policy engine, management APIs; SCR-179 Effective permission diagnostics; SCR-180 Устройства; SCR-181 Sessions и login attempts; SCR-182 Сетевые ресурсы; SCR-183 Settings APIs, Windows settings; SCR-184 Фоновые задания; SCR-185 Резервные копии; SCR-186 Audit; SCR-187 Organization settings / feature flags; SCR-188 Audit, policy engine, management APIs",FLOW-029 Блокировка пользователя; FLOW-030 Изменение permissions,,Boundary/contract UI,High,dto_field_catalog.csv:RolePatch.name; openapi.yaml operation PATCH_api_v1_roles_id
AC-1740,AC,MOD-019,Администрирование,[STATE-007] Field contract: UserPatch.login respects type/required/nullable/limits/PATCH semantics,— (операции модуля),—,—,—,"SCR-170 Администрирование; SCR-171 Пользователи; SCR-172 Карточка пользователя; SCR-173 Создание/активация пользователя; SCR-174 Block/deactivate user; SCR-175 Отделы; SCR-176 Audit, policy engine, management APIs; SCR-177 Роли и permissions; SCR-178 Audit, policy engine, management APIs; SCR-179 Effective permission diagnostics; SCR-180 Устройства; SCR-181 Sessions и login attempts; SCR-182 Сетевые ресурсы; SCR-183 Settings APIs, Windows settings; SCR-184 Фоновые задания; SCR-185 Резервные копии; SCR-186 Audit; SCR-187 Organization settings / feature flags; SCR-188 Audit, policy engine, management APIs",FLOW-029 Блокировка пользователя; FLOW-030 Изменение permissions,,Boundary/contract UI,High,dto_field_catalog.csv:UserPatch.login; openapi.yaml operation PATCH_api_v1_users_id
AC-1741,AC,MOD-019,Администрирование,[STATE-007] Field contract: DepartmentCreate.description respects type/required/nullable/limits/PATCH semantics,— (операции модуля),—,—,—,"SCR-170 Администрирование; SCR-171 Пользователи; SCR-172 Карточка пользователя; SCR-173 Создание/активация пользователя; SCR-174 Block/deactivate user; SCR-175 Отделы; SCR-176 Audit, policy engine, management APIs; SCR-177 Роли и permissions; SCR-178 Audit, policy engine, management APIs; SCR-179 Effective permission diagnostics; SCR-180 Устройства; SCR-181 Sessions и login attempts; SCR-182 Сетевые ресурсы; SCR-183 Settings APIs, Windows settings; SCR-184 Фоновые задания; SCR-185 Резервные копии; SCR-186 Audit; SCR-187 Organization settings / feature flags; SCR-188 Audit, policy engine, management APIs",FLOW-029 Блокировка пользователя; FLOW-030 Изменение permissions,,Boundary/contract UI,High,dto_field_catalog.csv:DepartmentCreate.description; openapi.yaml operation POST_api_v1_departments
AC-1742,AC,MOD-019,Администрирование,[STATE-007] Field contract: DepartmentPatch.description respects type/required/nullable/limits/PATCH semantics,— (операции модуля),—,—,—,"SCR-170 Администрирование; SCR-171 Пользователи; SCR-172 Карточка пользователя; SCR-173 Создание/активация пользователя; SCR-174 Block/deactivate user; SCR-175 Отделы; SCR-176 Audit, policy engine, management APIs; SCR-177 Роли и permissions; SCR-178 Audit, policy engine, management APIs; SCR-179 Effective permission diagnostics; SCR-180 Устройства; SCR-181 Sessions и login attempts; SCR-182 Сетевые ресурсы; SCR-183 Settings APIs, Windows settings; SCR-184 Фоновые задания; SCR-185 Резервные копии; SCR-186 Audit; SCR-187 Organization settings / feature flags; SCR-188 Audit, policy engine, management APIs",FLOW-029 Блокировка пользователя; FLOW-030 Изменение permissions,,Boundary/contract UI,High,dto_field_catalog.csv:DepartmentPatch.description; openapi.yaml operation PATCH_api_v1_departments_id
AC-1743,AC,MOD-019,Администрирование,[STATE-007] Field contract: DevicePatch.status respects type/required/nullable/limits/PATCH semantics,— (операции модуля),—,—,—,"SCR-170 Администрирование; SCR-171 Пользователи; SCR-172 Карточка пользователя; SCR-173 Создание/активация пользователя; SCR-174 Block/deactivate user; SCR-175 Отделы; SCR-176 Audit, policy engine, management APIs; SCR-177 Роли и permissions; SCR-178 Audit, policy engine, management APIs; SCR-179 Effective permission diagnostics; SCR-180 Устройства; SCR-181 Sessions и login attempts; SCR-182 Сетевые ресурсы; SCR-183 Settings APIs, Windows settings; SCR-184 Фоновые задания; SCR-185 Резервные копии; SCR-186 Audit; SCR-187 Organization settings / feature flags; SCR-188 Audit, policy engine, management APIs",FLOW-029 Блокировка пользователя; FLOW-030 Изменение permissions,,Boundary/contract UI,High,dto_field_catalog.csv:DevicePatch.status; openapi.yaml operation PATCH_api_v1_devices_id
AC-1744,AC,MOD-019,Администрирование,[STATE-007] Field contract: NetworkResourceCreate.status respects type/required/nullable/limits/PATCH semantics,— (операции модуля),—,—,—,"SCR-170 Администрирование; SCR-171 Пользователи; SCR-172 Карточка пользователя; SCR-173 Создание/активация пользователя; SCR-174 Block/deactivate user; SCR-175 Отделы; SCR-176 Audit, policy engine, management APIs; SCR-177 Роли и permissions; SCR-178 Audit, policy engine, management APIs; SCR-179 Effective permission diagnostics; SCR-180 Устройства; SCR-181 Sessions и login attempts; SCR-182 Сетевые ресурсы; SCR-183 Settings APIs, Windows settings; SCR-184 Фоновые задания; SCR-185 Резервные копии; SCR-186 Audit; SCR-187 Organization settings / feature flags; SCR-188 Audit, policy engine, management APIs",FLOW-029 Блокировка пользователя; FLOW-030 Изменение permissions,,Boundary/contract UI,High,dto_field_catalog.csv:NetworkResourceCreate.status; openapi.yaml operation POST_api_v1_network_resources
AC-1745,AC,MOD-019,Администрирование,[STATE-007] Field contract: NetworkResourcePatch.status respects type/required/nullable/limits/PATCH semantics,— (операции модуля),—,—,—,"SCR-170 Администрирование; SCR-171 Пользователи; SCR-172 Карточка пользователя; SCR-173 Создание/активация пользователя; SCR-174 Block/deactivate user; SCR-175 Отделы; SCR-176 Audit, policy engine, management APIs; SCR-177 Роли и permissions; SCR-178 Audit, policy engine, management APIs; SCR-179 Effective permission diagnostics; SCR-180 Устройства; SCR-181 Sessions и login attempts; SCR-182 Сетевые ресурсы; SCR-183 Settings APIs, Windows settings; SCR-184 Фоновые задания; SCR-185 Резервные копии; SCR-186 Audit; SCR-187 Organization settings / feature flags; SCR-188 Audit, policy engine, management APIs",FLOW-029 Блокировка пользователя; FLOW-030 Изменение permissions,,Boundary/contract UI,High,dto_field_catalog.csv:NetworkResourcePatch.status; openapi.yaml operation PATCH_api_v1_network_resources_id
AC-1746,AC,MOD-019,Администрирование,[STATE-007] Field contract: RoleCreate.status respects type/required/nullable/limits/PATCH semantics,— (операции модуля),—,—,—,"SCR-170 Администрирование; SCR-171 Пользователи; SCR-172 Карточка пользователя; SCR-173 Создание/активация пользователя; SCR-174 Block/deactivate user; SCR-175 Отделы; SCR-176 Audit, policy engine, management APIs; SCR-177 Роли и permissions; SCR-178 Audit, policy engine, management APIs; SCR-179 Effective permission diagnostics; SCR-180 Устройства; SCR-181 Sessions и login attempts; SCR-182 Сетевые ресурсы; SCR-183 Settings APIs, Windows settings; SCR-184 Фоновые задания; SCR-185 Резервные копии; SCR-186 Audit; SCR-187 Organization settings / feature flags; SCR-188 Audit, policy engine, management APIs",FLOW-029 Блокировка пользователя; FLOW-030 Изменение permissions,,Boundary/contract UI,High,dto_field_catalog.csv:RoleCreate.status; openapi.yaml operation POST_api_v1_roles
AC-1747,AC,MOD-019,Администрирование,[STATE-007] Field contract: RolePatch.status respects type/required/nullable/limits/PATCH semantics,— (операции модуля),—,—,—,"SCR-170 Администрирование; SCR-171 Пользователи; SCR-172 Карточка пользователя; SCR-173 Создание/активация пользователя; SCR-174 Block/deactivate user; SCR-175 Отделы; SCR-176 Audit, policy engine, management APIs; SCR-177 Роли и permissions; SCR-178 Audit, policy engine, management APIs; SCR-179 Effective permission diagnostics; SCR-180 Устройства; SCR-181 Sessions и login attempts; SCR-182 Сетевые ресурсы; SCR-183 Settings APIs, Windows settings; SCR-184 Фоновые задания; SCR-185 Резервные копии; SCR-186 Audit; SCR-187 Organization settings / feature flags; SCR-188 Audit, policy engine, management APIs",FLOW-029 Блокировка пользователя; FLOW-030 Изменение permissions,,Boundary/contract UI,High,dto_field_catalog.csv:RolePatch.status; openapi.yaml operation PATCH_api_v1_roles_id
AC-1748,AC,MOD-019,Администрирование,[STATE-007] Field contract: UserPatch.firstName respects type/required/nullable/limits/PATCH semantics,— (операции модуля),—,—,—,"SCR-170 Администрирование; SCR-171 Пользователи; SCR-172 Карточка пользователя; SCR-173 Создание/активация пользователя; SCR-174 Block/deactivate user; SCR-175 Отделы; SCR-176 Audit, policy engine, management APIs; SCR-177 Роли и permissions; SCR-178 Audit, policy engine, management APIs; SCR-179 Effective permission diagnostics; SCR-180 Устройства; SCR-181 Sessions и login attempts; SCR-182 Сетевые ресурсы; SCR-183 Settings APIs, Windows settings; SCR-184 Фоновые задания; SCR-185 Резервные копии; SCR-186 Audit; SCR-187 Organization settings / feature flags; SCR-188 Audit, policy engine, management APIs",FLOW-029 Блокировка пользователя; FLOW-030 Изменение permissions,,Boundary/contract UI,High,dto_field_catalog.csv:UserPatch.firstName; openapi.yaml operation PATCH_api_v1_users_id
AC-1749,AC,MOD-019,Администрирование,[STATE-007] Field contract: UserPatch.lastName respects type/required/nullable/limits/PATCH semantics,— (операции модуля),—,—,—,"SCR-170 Администрирование; SCR-171 Пользователи; SCR-172 Карточка пользователя; SCR-173 Создание/активация пользователя; SCR-174 Block/deactivate user; SCR-175 Отделы; SCR-176 Audit, policy engine, management APIs; SCR-177 Роли и permissions; SCR-178 Audit, policy engine, management APIs; SCR-179 Effective permission diagnostics; SCR-180 Устройства; SCR-181 Sessions и login attempts; SCR-182 Сетевые ресурсы; SCR-183 Settings APIs, Windows settings; SCR-184 Фоновые задания; SCR-185 Резервные копии; SCR-186 Audit; SCR-187 Organization settings / feature flags; SCR-188 Audit, policy engine, management APIs",FLOW-029 Блокировка пользователя; FLOW-030 Изменение permissions,,Boundary/contract UI,High,dto_field_catalog.csv:UserPatch.lastName; openapi.yaml operation PATCH_api_v1_users_id
AC-1750,AC,MOD-019,Администрирование,[STATE-007] Field contract: (query parameters).status respects type/required/nullable/limits/PATCH semantics,— (операции модуля),—,—,—,"SCR-170 Администрирование; SCR-171 Пользователи; SCR-172 Карточка пользователя; SCR-173 Создание/активация пользователя; SCR-174 Block/deactivate user; SCR-175 Отделы; SCR-176 Audit, policy engine, management APIs; SCR-177 Роли и permissions; SCR-178 Audit, policy engine, management APIs; SCR-179 Effective permission diagnostics; SCR-180 Устройства; SCR-181 Sessions и login attempts; SCR-182 Сетевые ресурсы; SCR-183 Settings APIs, Windows settings; SCR-184 Фоновые задания; SCR-185 Резервные копии; SCR-186 Audit; SCR-187 Organization settings / feature flags; SCR-188 Audit, policy engine, management APIs",FLOW-029 Блокировка пользователя; FLOW-030 Изменение permissions,,Boundary/contract UI,High,openapi.yaml#/paths//api/v1/network-resources/get/parameters/status
AC-1751,AC,MOD-019,Администрирование,[STATE-007] Field contract: FeatureFlagPatch.enabled respects type/required/nullable/limits/PATCH semantics,— (операции модуля),—,—,—,"SCR-170 Администрирование; SCR-171 Пользователи; SCR-172 Карточка пользователя; SCR-173 Создание/активация пользователя; SCR-174 Block/deactivate user; SCR-175 Отделы; SCR-176 Audit, policy engine, management APIs; SCR-177 Роли и permissions; SCR-178 Audit, policy engine, management APIs; SCR-179 Effective permission diagnostics; SCR-180 Устройства; SCR-181 Sessions и login attempts; SCR-182 Сетевые ресурсы; SCR-183 Settings APIs, Windows settings; SCR-184 Фоновые задания; SCR-185 Резервные копии; SCR-186 Audit; SCR-187 Organization settings / feature flags; SCR-188 Audit, policy engine, management APIs",FLOW-029 Блокировка пользователя; FLOW-030 Изменение permissions,,Boundary/contract UI,High,openapi.yaml:FeatureFlagPatch.enabled
AC-1752,AC,MOD-019,Администрирование,[STATE-007] Field contract: PermissionCodes.status respects type/required/nullable/limits/PATCH semantics,— (операции модуля),—,—,—,"SCR-170 Администрирование; SCR-171 Пользователи; SCR-172 Карточка пользователя; SCR-173 Создание/активация пользователя; SCR-174 Block/deactivate user; SCR-175 Отделы; SCR-176 Audit, policy engine, management APIs; SCR-177 Роли и permissions; SCR-178 Audit, policy engine, management APIs; SCR-179 Effective permission diagnostics; SCR-180 Устройства; SCR-181 Sessions и login attempts; SCR-182 Сетевые ресурсы; SCR-183 Settings APIs, Windows settings; SCR-184 Фоновые задания; SCR-185 Резервные копии; SCR-186 Audit; SCR-187 Organization settings / feature flags; SCR-188 Audit, policy engine, management APIs",FLOW-029 Блокировка пользователя; FLOW-030 Изменение permissions,,Boundary/contract UI,High,dto_field_catalog.csv:ProjectRole.status; openapi.yaml operation PUT_api_v1_project_roles_id_permissions
AC-1846,AC,MOD-019,Администрирование,Permission denial for FR-177,— (операции модуля),—,—,—,"SCR-170 Администрирование; SCR-171 Пользователи; SCR-172 Карточка пользователя; SCR-173 Создание/активация пользователя; SCR-174 Block/deactivate user; SCR-175 Отделы; SCR-176 Audit, policy engine, management APIs; SCR-177 Роли и permissions; SCR-178 Audit, policy engine, management APIs; SCR-179 Effective permission diagnostics; SCR-180 Устройства; SCR-181 Sessions и login attempts; SCR-182 Сетевые ресурсы; SCR-183 Settings APIs, Windows settings; SCR-184 Фоновые задания; SCR-185 Резервные копии; SCR-186 Audit; SCR-187 Organization settings / feature flags; SCR-188 Audit, policy engine, management APIs",FLOW-029 Блокировка пользователя; FLOW-030 Изменение permissions,,Security/authorization,Critical,OpenAPI `GET_api_v1_admin_backups`; Stage_3_Field_Traceability_Final_3.5.csv; cross-cutting requirement PERM-019
AC-1867,AC,MOD-019,Администрирование,Stable error handling for FR-177,— (операции модуля),—,—,—,"SCR-170 Администрирование; SCR-171 Пользователи; SCR-172 Карточка пользователя; SCR-173 Создание/активация пользователя; SCR-174 Block/deactivate user; SCR-175 Отделы; SCR-176 Audit, policy engine, management APIs; SCR-177 Роли и permissions; SCR-178 Audit, policy engine, management APIs; SCR-179 Effective permission diagnostics; SCR-180 Устройства; SCR-181 Sessions и login attempts; SCR-182 Сетевые ресурсы; SCR-183 Settings APIs, Windows settings; SCR-184 Фоновые задания; SCR-185 Резервные копии; SCR-186 Audit; SCR-187 Organization settings / feature flags; SCR-188 Audit, policy engine, management APIs",FLOW-029 Блокировка пользователя; FLOW-030 Изменение permissions,,Error handling,High,OpenAPI `GET_api_v1_admin_backups`; Stage_3_Field_Traceability_Final_3.5.csv; cross-cutting requirement ERR-019
AC-1888,AC,MOD-019,Администрирование,Read outage behavior for FR-177,GET_api_v1_sync_changes; POST_api_v1_sync_bootstrap; POST_api_v1_sync_ack,GET /api/v1/sync/changes; POST /api/v1/sync/bootstrap; POST /api/v1/sync/ack,—,OrganizerController.GET_api_v1_sync_changes; OrganizerController.POST_api_v1_sync_bootstrap; OrganizerController.POST_api_v1_sync_ack,"SCR-170 Администрирование; SCR-171 Пользователи; SCR-172 Карточка пользователя; SCR-173 Создание/активация пользователя; SCR-174 Block/deactivate user; SCR-175 Отделы; SCR-176 Audit, policy engine, management APIs; SCR-177 Роли и permissions; SCR-178 Audit, policy engine, management APIs; SCR-179 Effective permission diagnostics; SCR-180 Устройства; SCR-181 Sessions и login attempts; SCR-182 Сетевые ресурсы; SCR-183 Settings APIs, Windows settings; SCR-184 Фоновые задания; SCR-185 Резервные копии; SCR-186 Audit; SCR-187 Organization settings / feature flags; SCR-188 Audit, policy engine, management APIs",FLOW-029 Блокировка пользователя; FLOW-030 Изменение permissions,,Desktop/resilience,High,OpenAPI `GET_api_v1_admin_backups`; Stage_3_Field_Traceability_Final_3.5.csv; cross-cutting requirement SYNC-019
AC-1909,AC,MOD-019,Администрирование,Audit evidence for FR-177,— (domain command + audit/history endpoints),—,—,— (domain handlers + audit pipeline),"SCR-170 Администрирование; SCR-171 Пользователи; SCR-172 Карточка пользователя; SCR-173 Создание/активация пользователя; SCR-174 Block/deactivate user; SCR-175 Отделы; SCR-176 Audit, policy engine, management APIs; SCR-177 Роли и permissions; SCR-178 Audit, policy engine, management APIs; SCR-179 Effective permission diagnostics; SCR-180 Устройства; SCR-181 Sessions и login attempts; SCR-182 Сетевые ресурсы; SCR-183 Settings APIs, Windows settings; SCR-184 Фоновые задания; SCR-185 Резервные копии; SCR-186 Audit; SCR-187 Organization settings / feature flags; SCR-188 Audit, policy engine, management APIs",FLOW-029 Блокировка пользователя; FLOW-030 Изменение permissions,,Audit/security,Critical,OpenAPI `GET_api_v1_admin_backups`; Stage_3_Field_Traceability_Final_3.5.csv; cross-cutting requirement AUDIT-019
AC-2114,AC,MOD-019,Администрирование,Permission denial for FR-178,— (операции модуля),—,—,—,"SCR-170 Администрирование; SCR-171 Пользователи; SCR-172 Карточка пользователя; SCR-173 Создание/активация пользователя; SCR-174 Block/deactivate user; SCR-175 Отделы; SCR-176 Audit, policy engine, management APIs; SCR-177 Роли и permissions; SCR-178 Audit, policy engine, management APIs; SCR-179 Effective permission diagnostics; SCR-180 Устройства; SCR-181 Sessions и login attempts; SCR-182 Сетевые ресурсы; SCR-183 Settings APIs, Windows settings; SCR-184 Фоновые задания; SCR-185 Резервные копии; SCR-186 Audit; SCR-187 Organization settings / feature flags; SCR-188 Audit, policy engine, management APIs",FLOW-029 Блокировка пользователя; FLOW-030 Изменение permissions,,Security/authorization,Critical,OpenAPI `POST_api_v1_admin_backups`; Stage_3_Field_Traceability_Final_3.5.csv; cross-cutting requirement PERM-019
AC-2115,AC,MOD-019,Администрирование,Permission denial for FR-179,— (операции модуля),—,—,—,"SCR-170 Администрирование; SCR-171 Пользователи; SCR-172 Карточка пользователя; SCR-173 Создание/активация пользователя; SCR-174 Block/deactivate user; SCR-175 Отделы; SCR-176 Audit, policy engine, management APIs; SCR-177 Роли и permissions; SCR-178 Audit, policy engine, management APIs; SCR-179 Effective permission diagnostics; SCR-180 Устройства; SCR-181 Sessions и login attempts; SCR-182 Сетевые ресурсы; SCR-183 Settings APIs, Windows settings; SCR-184 Фоновые задания; SCR-185 Резервные копии; SCR-186 Audit; SCR-187 Organization settings / feature flags; SCR-188 Audit, policy engine, management APIs",FLOW-029 Блокировка пользователя; FLOW-030 Изменение permissions,,Security/authorization,Critical,OpenAPI `POST_api_v1_admin_backups_id_restore`; Stage_3_Field_Traceability_Final_3.5.csv; cross-cutting requirement PERM-019
AC-2116,AC,MOD-019,Администрирование,Permission denial for FR-180,— (операции модуля),—,—,—,"SCR-170 Администрирование; SCR-171 Пользователи; SCR-172 Карточка пользователя; SCR-173 Создание/активация пользователя; SCR-174 Block/deactivate user; SCR-175 Отделы; SCR-176 Audit, policy engine, management APIs; SCR-177 Роли и permissions; SCR-178 Audit, policy engine, management APIs; SCR-179 Effective permission diagnostics; SCR-180 Устройства; SCR-181 Sessions и login attempts; SCR-182 Сетевые ресурсы; SCR-183 Settings APIs, Windows settings; SCR-184 Фоновые задания; SCR-185 Резервные копии; SCR-186 Audit; SCR-187 Organization settings / feature flags; SCR-188 Audit, policy engine, management APIs",FLOW-029 Блокировка пользователя; FLOW-030 Изменение permissions,,Security/authorization,Critical,OpenAPI `POST_api_v1_admin_backups_id_verify`; Stage_3_Field_Traceability_Final_3.5.csv; cross-cutting requirement PERM-019
AC-2117,AC,MOD-019,Администрирование,Permission denial for FR-181,— (операции модуля),—,—,—,"SCR-170 Администрирование; SCR-171 Пользователи; SCR-172 Карточка пользователя; SCR-173 Создание/активация пользователя; SCR-174 Block/deactivate user; SCR-175 Отделы; SCR-176 Audit, policy engine, management APIs; SCR-177 Роли и permissions; SCR-178 Audit, policy engine, management APIs; SCR-179 Effective permission diagnostics; SCR-180 Устройства; SCR-181 Sessions и login attempts; SCR-182 Сетевые ресурсы; SCR-183 Settings APIs, Windows settings; SCR-184 Фоновые задания; SCR-185 Резервные копии; SCR-186 Audit; SCR-187 Organization settings / feature flags; SCR-188 Audit, policy engine, management APIs",FLOW-029 Блокировка пользователя; FLOW-030 Изменение permissions,,Security/authorization,Critical,OpenAPI `POST_api_v1_admin_change_feed_compact`; Stage_3_Field_Traceability_Final_3.5.csv; cross-cutting requirement PERM-019
AC-2118,AC,MOD-019,Администрирование,Permission denial for FR-182,— (операции модуля),—,—,—,"SCR-170 Администрирование; SCR-171 Пользователи; SCR-172 Карточка пользователя; SCR-173 Создание/активация пользователя; SCR-174 Block/deactivate user; SCR-175 Отделы; SCR-176 Audit, policy engine, management APIs; SCR-177 Роли и permissions; SCR-178 Audit, policy engine, management APIs; SCR-179 Effective permission diagnostics; SCR-180 Устройства; SCR-181 Sessions и login attempts; SCR-182 Сетевые ресурсы; SCR-183 Settings APIs, Windows settings; SCR-184 Фоновые задания; SCR-185 Резервные копии; SCR-186 Audit; SCR-187 Organization settings / feature flags; SCR-188 Audit, policy engine, management APIs",FLOW-029 Блокировка пользователя; FLOW-030 Изменение permissions,,Security/authorization,Critical,OpenAPI `PUT_api_v1_admin_feature_flags_key`; Stage_3_Field_Traceability_Final_3.5.csv; cross-cutting requirement PERM-019
AC-2119,AC,MOD-019,Администрирование,Permission denial for FR-183,— (операции модуля),—,—,—,"SCR-170 Администрирование; SCR-171 Пользователи; SCR-172 Карточка пользователя; SCR-173 Создание/активация пользователя; SCR-174 Block/deactivate user; SCR-175 Отделы; SCR-176 Audit, policy engine, management APIs; SCR-177 Роли и permissions; SCR-178 Audit, policy engine, management APIs; SCR-179 Effective permission diagnostics; SCR-180 Устройства; SCR-181 Sessions и login attempts; SCR-182 Сетевые ресурсы; SCR-183 Settings APIs, Windows settings; SCR-184 Фоновые задания; SCR-185 Резервные копии; SCR-186 Audit; SCR-187 Organization settings / feature flags; SCR-188 Audit, policy engine, management APIs",FLOW-029 Блокировка пользователя; FLOW-030 Изменение permissions,,Security/authorization,Critical,OpenAPI `GET_api_v1_admin_jobs`; Stage_3_Field_Traceability_Final_3.5.csv; cross-cutting requirement PERM-019
AC-2120,AC,MOD-019,Администрирование,Permission denial for FR-184,— (операции модуля),—,—,—,"SCR-170 Администрирование; SCR-171 Пользователи; SCR-172 Карточка пользователя; SCR-173 Создание/активация пользователя; SCR-174 Block/deactivate user; SCR-175 Отделы; SCR-176 Audit, policy engine, management APIs; SCR-177 Роли и permissions; SCR-178 Audit, policy engine, management APIs; SCR-179 Effective permission diagnostics; SCR-180 Устройства; SCR-181 Sessions и login attempts; SCR-182 Сетевые ресурсы; SCR-183 Settings APIs, Windows settings; SCR-184 Фоновые задания; SCR-185 Резервные копии; SCR-186 Audit; SCR-187 Organization settings / feature flags; SCR-188 Audit, policy engine, management APIs",FLOW-029 Блокировка пользователя; FLOW-030 Изменение permissions,,Security/authorization,Critical,OpenAPI `POST_api_v1_admin_jobs_code_run`; Stage_3_Field_Traceability_Final_3.5.csv; cross-cutting requirement PERM-019
AC-2121,AC,MOD-019,Администрирование,Permission denial for FR-185,— (операции модуля),—,—,—,"SCR-170 Администрирование; SCR-171 Пользователи; SCR-172 Карточка пользователя; SCR-173 Создание/активация пользователя; SCR-174 Block/deactivate user; SCR-175 Отделы; SCR-176 Audit, policy engine, management APIs; SCR-177 Роли и permissions; SCR-178 Audit, policy engine, management APIs; SCR-179 Effective permission diagnostics; SCR-180 Устройства; SCR-181 Sessions и login attempts; SCR-182 Сетевые ресурсы; SCR-183 Settings APIs, Windows settings; SCR-184 Фоновые задания; SCR-185 Резервные копии; SCR-186 Audit; SCR-187 Organization settings / feature flags; SCR-188 Audit, policy engine, management APIs",FLOW-029 Блокировка пользователя; FLOW-030 Изменение permissions,,Security/authorization,Critical,OpenAPI `GET_api_v1_admin_jobs_code_runs`; Stage_3_Field_Traceability_Final_3.5.csv; cross-cutting requirement PERM-019
AC-2122,AC,MOD-019,Администрирование,Permission denial for FR-186,— (операции модуля),—,—,—,"SCR-170 Администрирование; SCR-171 Пользователи; SCR-172 Карточка пользователя; SCR-173 Создание/активация пользователя; SCR-174 Block/deactivate user; SCR-175 Отделы; SCR-176 Audit, policy engine, management APIs; SCR-177 Роли и permissions; SCR-178 Audit, policy engine, management APIs; SCR-179 Effective permission diagnostics; SCR-180 Устройства; SCR-181 Sessions и login attempts; SCR-182 Сетевые ресурсы; SCR-183 Settings APIs, Windows settings; SCR-184 Фоновые задания; SCR-185 Резервные копии; SCR-186 Audit; SCR-187 Organization settings / feature flags; SCR-188 Audit, policy engine, management APIs",FLOW-029 Блокировка пользователя; FLOW-030 Изменение permissions,,Security/authorization,Critical,OpenAPI `POST_api_v1_admin_maintenance_mode`; Stage_3_Field_Traceability_Final_3.5.csv; cross-cutting requirement PERM-019
AC-2123,AC,MOD-019,Администрирование,Permission denial for FR-187,— (операции модуля),—,—,—,"SCR-170 Администрирование; SCR-171 Пользователи; SCR-172 Карточка пользователя; SCR-173 Создание/активация пользователя; SCR-174 Block/deactivate user; SCR-175 Отделы; SCR-176 Audit, policy engine, management APIs; SCR-177 Роли и permissions; SCR-178 Audit, policy engine, management APIs; SCR-179 Effective permission diagnostics; SCR-180 Устройства; SCR-181 Sessions и login attempts; SCR-182 Сетевые ресурсы; SCR-183 Settings APIs, Windows settings; SCR-184 Фоновые задания; SCR-185 Резервные копии; SCR-186 Audit; SCR-187 Organization settings / feature flags; SCR-188 Audit, policy engine, management APIs",FLOW-029 Блокировка пользователя; FLOW-030 Изменение permissions,,Security/authorization,Critical,OpenAPI `POST_api_v1_admin_search_reindex`; Stage_3_Field_Traceability_Final_3.5.csv; cross-cutting requirement PERM-019
AC-2124,AC,MOD-019,Администрирование,Permission denial for FR-188,— (операции модуля),—,—,—,"SCR-170 Администрирование; SCR-171 Пользователи; SCR-172 Карточка пользователя; SCR-173 Создание/активация пользователя; SCR-174 Block/deactivate user; SCR-175 Отделы; SCR-176 Audit, policy engine, management APIs; SCR-177 Роли и permissions; SCR-178 Audit, policy engine, management APIs; SCR-179 Effective permission diagnostics; SCR-180 Устройства; SCR-181 Sessions и login attempts; SCR-182 Сетевые ресурсы; SCR-183 Settings APIs, Windows settings; SCR-184 Фоновые задания; SCR-185 Резервные копии; SCR-186 Audit; SCR-187 Organization settings / feature flags; SCR-188 Audit, policy engine, management APIs",FLOW-029 Блокировка пользователя; FLOW-030 Изменение permissions,,Security/authorization,Critical,OpenAPI `GET_api_v1_admin_server_capabilities`; Stage_3_Field_Traceability_Final_3.5.csv; cross-cutting requirement PERM-019
AC-2125,AC,MOD-019,Администрирование,Permission denial for FR-189,— (операции модуля),—,—,—,"SCR-170 Администрирование; SCR-171 Пользователи; SCR-172 Карточка пользователя; SCR-173 Создание/активация пользователя; SCR-174 Block/deactivate user; SCR-175 Отделы; SCR-176 Audit, policy engine, management APIs; SCR-177 Роли и permissions; SCR-178 Audit, policy engine, management APIs; SCR-179 Effective permission diagnostics; SCR-180 Устройства; SCR-181 Sessions и login attempts; SCR-182 Сетевые ресурсы; SCR-183 Settings APIs, Windows settings; SCR-184 Фоновые задания; SCR-185 Резервные копии; SCR-186 Audit; SCR-187 Organization settings / feature flags; SCR-188 Audit, policy engine, management APIs",FLOW-029 Блокировка пользователя; FLOW-030 Изменение permissions,,Security/authorization,Critical,OpenAPI `GET_api_v1_admin_storage`; Stage_3_Field_Traceability_Final_3.5.csv; cross-cutting requirement PERM-019
AC-2126,AC,MOD-019,Администрирование,Permission denial for FR-190,— (операции модуля),—,—,—,"SCR-170 Администрирование; SCR-171 Пользователи; SCR-172 Карточка пользователя; SCR-173 Создание/активация пользователя; SCR-174 Block/deactivate user; SCR-175 Отделы; SCR-176 Audit, policy engine, management APIs; SCR-177 Роли и permissions; SCR-178 Audit, policy engine, management APIs; SCR-179 Effective permission diagnostics; SCR-180 Устройства; SCR-181 Sessions и login attempts; SCR-182 Сетевые ресурсы; SCR-183 Settings APIs, Windows settings; SCR-184 Фоновые задания; SCR-185 Резервные копии; SCR-186 Audit; SCR-187 Organization settings / feature flags; SCR-188 Audit, policy engine, management APIs",FLOW-029 Блокировка пользователя; FLOW-030 Изменение permissions,,Security/authorization,Critical,OpenAPI `GET_api_v1_departments`; Stage_3_Field_Traceability_Final_3.5.csv; cross-cutting requirement PERM-019
AC-2127,AC,MOD-019,Администрирование,Permission denial for FR-191,— (операции модуля),—,—,—,"SCR-170 Администрирование; SCR-171 Пользователи; SCR-172 Карточка пользователя; SCR-173 Создание/активация пользователя; SCR-174 Block/deactivate user; SCR-175 Отделы; SCR-176 Audit, policy engine, management APIs; SCR-177 Роли и permissions; SCR-178 Audit, policy engine, management APIs; SCR-179 Effective permission diagnostics; SCR-180 Устройства; SCR-181 Sessions и login attempts; SCR-182 Сетевые ресурсы; SCR-183 Settings APIs, Windows settings; SCR-184 Фоновые задания; SCR-185 Резервные копии; SCR-186 Audit; SCR-187 Organization settings / feature flags; SCR-188 Audit, policy engine, management APIs",FLOW-029 Блокировка пользователя; FLOW-030 Изменение permissions,,Security/authorization,Critical,OpenAPI `POST_api_v1_departments`; Stage_3_Field_Traceability_Final_3.5.csv; cross-cutting requirement PERM-019
AC-2128,AC,MOD-019,Администрирование,Permission denial for FR-192,— (операции модуля),—,—,—,"SCR-170 Администрирование; SCR-171 Пользователи; SCR-172 Карточка пользователя; SCR-173 Создание/активация пользователя; SCR-174 Block/deactivate user; SCR-175 Отделы; SCR-176 Audit, policy engine, management APIs; SCR-177 Роли и permissions; SCR-178 Audit, policy engine, management APIs; SCR-179 Effective permission diagnostics; SCR-180 Устройства; SCR-181 Sessions и login attempts; SCR-182 Сетевые ресурсы; SCR-183 Settings APIs, Windows settings; SCR-184 Фоновые задания; SCR-185 Резервные копии; SCR-186 Audit; SCR-187 Organization settings / feature flags; SCR-188 Audit, policy engine, management APIs",FLOW-029 Блокировка пользователя; FLOW-030 Изменение permissions,,Security/authorization,Critical,OpenAPI `GET_api_v1_departments_tree`; Stage_3_Field_Traceability_Final_3.5.csv; cross-cutting requirement PERM-019
AC-2129,AC,MOD-019,Администрирование,Permission denial for FR-193,— (операции модуля),—,—,—,"SCR-170 Администрирование; SCR-171 Пользователи; SCR-172 Карточка пользователя; SCR-173 Создание/активация пользователя; SCR-174 Block/deactivate user; SCR-175 Отделы; SCR-176 Audit, policy engine, management APIs; SCR-177 Роли и permissions; SCR-178 Audit, policy engine, management APIs; SCR-179 Effective permission diagnostics; SCR-180 Устройства; SCR-181 Sessions и login attempts; SCR-182 Сетевые ресурсы; SCR-183 Settings APIs, Windows settings; SCR-184 Фоновые задания; SCR-185 Резервные копии; SCR-186 Audit; SCR-187 Organization settings / feature flags; SCR-188 Audit, policy engine, management APIs",FLOW-029 Блокировка пользователя; FLOW-030 Изменение permissions,,Security/authorization,Critical,OpenAPI `DELETE_api_v1_departments_id`; Stage_3_Field_Traceability_Final_3.5.csv; cross-cutting requirement PERM-019
AC-2130,AC,MOD-019,Администрирование,Permission denial for FR-194,— (операции модуля),—,—,—,"SCR-170 Администрирование; SCR-171 Пользователи; SCR-172 Карточка пользователя; SCR-173 Создание/активация пользователя; SCR-174 Block/deactivate user; SCR-175 Отделы; SCR-176 Audit, policy engine, management APIs; SCR-177 Роли и permissions; SCR-178 Audit, policy engine, management APIs; SCR-179 Effective permission diagnostics; SCR-180 Устройства; SCR-181 Sessions и login attempts; SCR-182 Сетевые ресурсы; SCR-183 Settings APIs, Windows settings; SCR-184 Фоновые задания; SCR-185 Резервные копии; SCR-186 Audit; SCR-187 Organization settings / feature flags; SCR-188 Audit, policy engine, management APIs",FLOW-029 Блокировка пользователя; FLOW-030 Изменение permissions,,Security/authorization,Critical,OpenAPI `GET_api_v1_departments_id`; Stage_3_Field_Traceability_Final_3.5.csv; cross-cutting requirement PERM-019
AC-2131,AC,MOD-019,Администрирование,Permission denial for FR-195,— (операции модуля),—,—,—,"SCR-170 Администрирование; SCR-171 Пользователи; SCR-172 Карточка пользователя; SCR-173 Создание/активация пользователя; SCR-174 Block/deactivate user; SCR-175 Отделы; SCR-176 Audit, policy engine, management APIs; SCR-177 Роли и permissions; SCR-178 Audit, policy engine, management APIs; SCR-179 Effective permission diagnostics; SCR-180 Устройства; SCR-181 Sessions и login attempts; SCR-182 Сетевые ресурсы; SCR-183 Settings APIs, Windows settings; SCR-184 Фоновые задания; SCR-185 Резервные копии; SCR-186 Audit; SCR-187 Organization settings / feature flags; SCR-188 Audit, policy engine, management APIs",FLOW-029 Блокировка пользователя; FLOW-030 Изменение permissions,,Security/authorization,Critical,OpenAPI `PATCH_api_v1_departments_id`; Stage_3_Field_Traceability_Final_3.5.csv; cross-cutting requirement PERM-019
AC-2132,AC,MOD-019,Администрирование,Permission denial for FR-196,— (операции модуля),—,—,—,"SCR-170 Администрирование; SCR-171 Пользователи; SCR-172 Карточка пользователя; SCR-173 Создание/активация пользователя; SCR-174 Block/deactivate user; SCR-175 Отделы; SCR-176 Audit, policy engine, management APIs; SCR-177 Роли и permissions; SCR-178 Audit, policy engine, management APIs; SCR-179 Effective permission diagnostics; SCR-180 Устройства; SCR-181 Sessions и login attempts; SCR-182 Сетевые ресурсы; SCR-183 Settings APIs, Windows settings; SCR-184 Фоновые задания; SCR-185 Резервные копии; SCR-186 Audit; SCR-187 Organization settings / feature flags; SCR-188 Audit, policy engine, management APIs",FLOW-029 Блокировка пользователя; FLOW-030 Изменение permissions,,Security/authorization,Critical,OpenAPI `POST_api_v1_departments_id_archive`; Stage_3_Field_Traceability_Final_3.5.csv; cross-cutting requirement PERM-019
AC-2133,AC,MOD-019,Администрирование,Permission denial for FR-197,— (операции модуля),—,—,—,"SCR-170 Администрирование; SCR-171 Пользователи; SCR-172 Карточка пользователя; SCR-173 Создание/активация пользователя; SCR-174 Block/deactivate user; SCR-175 Отделы; SCR-176 Audit, policy engine, management APIs; SCR-177 Роли и permissions; SCR-178 Audit, policy engine, management APIs; SCR-179 Effective permission diagnostics; SCR-180 Устройства; SCR-181 Sessions и login attempts; SCR-182 Сетевые ресурсы; SCR-183 Settings APIs, Windows settings; SCR-184 Фоновые задания; SCR-185 Резервные копии; SCR-186 Audit; SCR-187 Organization settings / feature flags; SCR-188 Audit, policy engine, management APIs",FLOW-029 Блокировка пользователя; FLOW-030 Изменение permissions,,Security/authorization,Critical,OpenAPI `PUT_api_v1_departments_id_managers`; Stage_3_Field_Traceability_Final_3.5.csv; cross-cutting requirement PERM-019
AC-2134,AC,MOD-019,Администрирование,Permission denial for FR-198,— (операции модуля),—,—,—,"SCR-170 Администрирование; SCR-171 Пользователи; SCR-172 Карточка пользователя; SCR-173 Создание/активация пользователя; SCR-174 Block/deactivate user; SCR-175 Отделы; SCR-176 Audit, policy engine, management APIs; SCR-177 Роли и permissions; SCR-178 Audit, policy engine, management APIs; SCR-179 Effective permission diagnostics; SCR-180 Устройства; SCR-181 Sessions и login attempts; SCR-182 Сетевые ресурсы; SCR-183 Settings APIs, Windows settings; SCR-184 Фоновые задания; SCR-185 Резервные копии; SCR-186 Audit; SCR-187 Organization settings / feature flags; SCR-188 Audit, policy engine, management APIs",FLOW-029 Блокировка пользователя; FLOW-030 Изменение permissions,,Security/authorization,Critical,OpenAPI `POST_api_v1_departments_id_restore`; Stage_3_Field_Traceability_Final_3.5.csv; cross-cutting requirement PERM-019
AC-2135,AC,MOD-019,Администрирование,Permission denial for FR-199,— (операции модуля),—,—,—,"SCR-170 Администрирование; SCR-171 Пользователи; SCR-172 Карточка пользователя; SCR-173 Создание/активация пользователя; SCR-174 Block/deactivate user; SCR-175 Отделы; SCR-176 Audit, policy engine, management APIs; SCR-177 Роли и permissions; SCR-178 Audit, policy engine, management APIs; SCR-179 Effective permission diagnostics; SCR-180 Устройства; SCR-181 Sessions и login attempts; SCR-182 Сетевые ресурсы; SCR-183 Settings APIs, Windows settings; SCR-184 Фоновые задания; SCR-185 Резервные копии; SCR-186 Audit; SCR-187 Organization settings / feature flags; SCR-188 Audit, policy engine, management APIs",FLOW-029 Блокировка пользователя; FLOW-030 Изменение permissions,,Security/authorization,Critical,OpenAPI `POST_api_v1_departments_id_unarchive`; Stage_3_Field_Traceability_Final_3.5.csv; cross-cutting requirement PERM-019
AC-2136,AC,MOD-019,Администрирование,Permission denial for FR-200,— (операции модуля),—,—,—,"SCR-170 Администрирование; SCR-171 Пользователи; SCR-172 Карточка пользователя; SCR-173 Создание/активация пользователя; SCR-174 Block/deactivate user; SCR-175 Отделы; SCR-176 Audit, policy engine, management APIs; SCR-177 Роли и permissions; SCR-178 Audit, policy engine, management APIs; SCR-179 Effective permission diagnostics; SCR-180 Устройства; SCR-181 Sessions и login attempts; SCR-182 Сетевые ресурсы; SCR-183 Settings APIs, Windows settings; SCR-184 Фоновые задания; SCR-185 Резервные копии; SCR-186 Audit; SCR-187 Organization settings / feature flags; SCR-188 Audit, policy engine, management APIs",FLOW-029 Блокировка пользователя; FLOW-030 Изменение permissions,,Security/authorization,Critical,OpenAPI `GET_api_v1_devices`; Stage_3_Field_Traceability_Final_3.5.csv; cross-cutting requirement PERM-019
AC-2137,AC,MOD-019,Администрирование,Permission denial for FR-201,— (операции модуля),—,—,—,"SCR-170 Администрирование; SCR-171 Пользователи; SCR-172 Карточка пользователя; SCR-173 Создание/активация пользователя; SCR-174 Block/deactivate user; SCR-175 Отделы; SCR-176 Audit, policy engine, management APIs; SCR-177 Роли и permissions; SCR-178 Audit, policy engine, management APIs; SCR-179 Effective permission diagnostics; SCR-180 Устройства; SCR-181 Sessions и login attempts; SCR-182 Сетевые ресурсы; SCR-183 Settings APIs, Windows settings; SCR-184 Фоновые задания; SCR-185 Резервные копии; SCR-186 Audit; SCR-187 Organization settings / feature flags; SCR-188 Audit, policy engine, management APIs",FLOW-029 Блокировка пользователя; FLOW-030 Изменение permissions,,Security/authorization,Critical,OpenAPI `GET_api_v1_devices_id`; Stage_3_Field_Traceability_Final_3.5.csv; cross-cutting requirement PERM-019
AC-2138,AC,MOD-019,Администрирование,Permission denial for FR-202,— (операции модуля),—,—,—,"SCR-170 Администрирование; SCR-171 Пользователи; SCR-172 Карточка пользователя; SCR-173 Создание/активация пользователя; SCR-174 Block/deactivate user; SCR-175 Отделы; SCR-176 Audit, policy engine, management APIs; SCR-177 Роли и permissions; SCR-178 Audit, policy engine, management APIs; SCR-179 Effective permission diagnostics; SCR-180 Устройства; SCR-181 Sessions и login attempts; SCR-182 Сетевые ресурсы; SCR-183 Settings APIs, Windows settings; SCR-184 Фоновые задания; SCR-185 Резервные копии; SCR-186 Audit; SCR-187 Organization settings / feature flags; SCR-188 Audit, policy engine, management APIs",FLOW-029 Блокировка пользователя; FLOW-030 Изменение permissions,,Security/authorization,Critical,OpenAPI `PATCH_api_v1_devices_id`; Stage_3_Field_Traceability_Final_3.5.csv; cross-cutting requirement PERM-019
AC-2139,AC,MOD-019,Администрирование,Permission denial for FR-203,— (операции модуля),—,—,—,"SCR-170 Администрирование; SCR-171 Пользователи; SCR-172 Карточка пользователя; SCR-173 Создание/активация пользователя; SCR-174 Block/deactivate user; SCR-175 Отделы; SCR-176 Audit, policy engine, management APIs; SCR-177 Роли и permissions; SCR-178 Audit, policy engine, management APIs; SCR-179 Effective permission diagnostics; SCR-180 Устройства; SCR-181 Sessions и login attempts; SCR-182 Сетевые ресурсы; SCR-183 Settings APIs, Windows settings; SCR-184 Фоновые задания; SCR-185 Резервные копии; SCR-186 Audit; SCR-187 Organization settings / feature flags; SCR-188 Audit, policy engine, management APIs",FLOW-029 Блокировка пользователя; FLOW-030 Изменение permissions,,Security/authorization,Critical,OpenAPI `POST_api_v1_devices_id_heartbeat`; Stage_3_Field_Traceability_Final_3.5.csv; cross-cutting requirement PERM-019
AC-2140,AC,MOD-019,Администрирование,Permission denial for FR-204,— (операции модуля),—,—,—,"SCR-170 Администрирование; SCR-171 Пользователи; SCR-172 Карточка пользователя; SCR-173 Создание/активация пользователя; SCR-174 Block/deactivate user; SCR-175 Отделы; SCR-176 Audit, policy engine, management APIs; SCR-177 Роли и permissions; SCR-178 Audit, policy engine, management APIs; SCR-179 Effective permission diagnostics; SCR-180 Устройства; SCR-181 Sessions и login attempts; SCR-182 Сетевые ресурсы; SCR-183 Settings APIs, Windows settings; SCR-184 Фоновые задания; SCR-185 Резервные копии; SCR-186 Audit; SCR-187 Organization settings / feature flags; SCR-188 Audit, policy engine, management APIs",FLOW-029 Блокировка пользователя; FLOW-030 Изменение permissions,,Security/authorization,Critical,OpenAPI `POST_api_v1_devices_id_revoke`; Stage_3_Field_Traceability_Final_3.5.csv; cross-cutting requirement PERM-019
AC-2141,AC,MOD-019,Администрирование,Permission denial for FR-205,— (операции модуля),—,—,—,"SCR-170 Администрирование; SCR-171 Пользователи; SCR-172 Карточка пользователя; SCR-173 Создание/активация пользователя; SCR-174 Block/deactivate user; SCR-175 Отделы; SCR-176 Audit, policy engine, management APIs; SCR-177 Роли и permissions; SCR-178 Audit, policy engine, management APIs; SCR-179 Effective permission diagnostics; SCR-180 Устройства; SCR-181 Sessions и login attempts; SCR-182 Сетевые ресурсы; SCR-183 Settings APIs, Windows settings; SCR-184 Фоновые задания; SCR-185 Резервные копии; SCR-186 Audit; SCR-187 Organization settings / feature flags; SCR-188 Audit, policy engine, management APIs",FLOW-029 Блокировка пользователя; FLOW-030 Изменение permissions,,Security/authorization,Critical,OpenAPI `GET_api_v1_network_resources`; Stage_3_Field_Traceability_Final_3.5.csv; cross-cutting requirement PERM-019
AC-2142,AC,MOD-019,Администрирование,Permission denial for FR-206,— (операции модуля),—,—,—,"SCR-170 Администрирование; SCR-171 Пользователи; SCR-172 Карточка пользователя; SCR-173 Создание/активация пользователя; SCR-174 Block/deactivate user; SCR-175 Отделы; SCR-176 Audit, policy engine, management APIs; SCR-177 Роли и permissions; SCR-178 Audit, policy engine, management APIs; SCR-179 Effective permission diagnostics; SCR-180 Устройства; SCR-181 Sessions и login attempts; SCR-182 Сетевые ресурсы; SCR-183 Settings APIs, Windows settings; SCR-184 Фоновые задания; SCR-185 Резервные копии; SCR-186 Audit; SCR-187 Organization settings / feature flags; SCR-188 Audit, policy engine, management APIs",FLOW-029 Блокировка пользователя; FLOW-030 Изменение permissions,,Security/authorization,Critical,OpenAPI `POST_api_v1_network_resources`; Stage_3_Field_Traceability_Final_3.5.csv; cross-cutting requirement PERM-019
AC-2143,AC,MOD-019,Администрирование,Permission denial for FR-207,— (операции модуля),—,—,—,"SCR-170 Администрирование; SCR-171 Пользователи; SCR-172 Карточка пользователя; SCR-173 Создание/активация пользователя; SCR-174 Block/deactivate user; SCR-175 Отделы; SCR-176 Audit, policy engine, management APIs; SCR-177 Роли и permissions; SCR-178 Audit, policy engine, management APIs; SCR-179 Effective permission diagnostics; SCR-180 Устройства; SCR-181 Sessions и login attempts; SCR-182 Сетевые ресурсы; SCR-183 Settings APIs, Windows settings; SCR-184 Фоновые задания; SCR-185 Резервные копии; SCR-186 Audit; SCR-187 Organization settings / feature flags; SCR-188 Audit, policy engine, management APIs",FLOW-029 Блокировка пользователя; FLOW-030 Изменение permissions,,Security/authorization,Critical,OpenAPI `PATCH_api_v1_network_resources_id`; Stage_3_Field_Traceability_Final_3.5.csv; cross-cutting requirement PERM-019
AC-2144,AC,MOD-019,Администрирование,Permission denial for FR-208,— (операции модуля),—,—,—,"SCR-170 Администрирование; SCR-171 Пользователи; SCR-172 Карточка пользователя; SCR-173 Создание/активация пользователя; SCR-174 Block/deactivate user; SCR-175 Отделы; SCR-176 Audit, policy engine, management APIs; SCR-177 Роли и permissions; SCR-178 Audit, policy engine, management APIs; SCR-179 Effective permission diagnostics; SCR-180 Устройства; SCR-181 Sessions и login attempts; SCR-182 Сетевые ресурсы; SCR-183 Settings APIs, Windows settings; SCR-184 Фоновые задания; SCR-185 Резервные копии; SCR-186 Audit; SCR-187 Organization settings / feature flags; SCR-188 Audit, policy engine, management APIs",FLOW-029 Блокировка пользователя; FLOW-030 Изменение permissions,,Security/authorization,Critical,OpenAPI `POST_api_v1_network_resources_id_probe`; Stage_3_Field_Traceability_Final_3.5.csv; cross-cutting requirement PERM-019
AC-2145,AC,MOD-019,Администрирование,Permission denial for FR-209,— (операции модуля),—,—,—,"SCR-170 Администрирование; SCR-171 Пользователи; SCR-172 Карточка пользователя; SCR-173 Создание/активация пользователя; SCR-174 Block/deactivate user; SCR-175 Отделы; SCR-176 Audit, policy engine, management APIs; SCR-177 Роли и permissions; SCR-178 Audit, policy engine, management APIs; SCR-179 Effective permission diagnostics; SCR-180 Устройства; SCR-181 Sessions и login attempts; SCR-182 Сетевые ресурсы; SCR-183 Settings APIs, Windows settings; SCR-184 Фоновые задания; SCR-185 Резервные копии; SCR-186 Audit; SCR-187 Organization settings / feature flags; SCR-188 Audit, policy engine, management APIs",FLOW-029 Блокировка пользователя; FLOW-030 Изменение permissions,,Security/authorization,Critical,OpenAPI `GET_health_details`; Stage_3_Field_Traceability_Final_3.5.csv; cross-cutting requirement PERM-019
AC-2146,AC,MOD-019,Администрирование,Permission denial for FR-210,— (операции модуля),—,—,—,"SCR-170 Администрирование; SCR-171 Пользователи; SCR-172 Карточка пользователя; SCR-173 Создание/активация пользователя; SCR-174 Block/deactivate user; SCR-175 Отделы; SCR-176 Audit, policy engine, management APIs; SCR-177 Роли и permissions; SCR-178 Audit, policy engine, management APIs; SCR-179 Effective permission diagnostics; SCR-180 Устройства; SCR-181 Sessions и login attempts; SCR-182 Сетевые ресурсы; SCR-183 Settings APIs, Windows settings; SCR-184 Фоновые задания; SCR-185 Резервные копии; SCR-186 Audit; SCR-187 Organization settings / feature flags; SCR-188 Audit, policy engine, management APIs",FLOW-029 Блокировка пользователя; FLOW-030 Изменение permissions,,Security/authorization,Critical,OpenAPI `GET_api_v1_permissions`; Stage_3_Field_Traceability_Final_3.5.csv; cross-cutting requirement PERM-019
AC-2147,AC,MOD-019,Администрирование,Permission denial for FR-211,— (операции модуля),—,—,—,"SCR-170 Администрирование; SCR-171 Пользователи; SCR-172 Карточка пользователя; SCR-173 Создание/активация пользователя; SCR-174 Block/deactivate user; SCR-175 Отделы; SCR-176 Audit, policy engine, management APIs; SCR-177 Роли и permissions; SCR-178 Audit, policy engine, management APIs; SCR-179 Effective permission diagnostics; SCR-180 Устройства; SCR-181 Sessions и login attempts; SCR-182 Сетевые ресурсы; SCR-183 Settings APIs, Windows settings; SCR-184 Фоновые задания; SCR-185 Резервные копии; SCR-186 Audit; SCR-187 Organization settings / feature flags; SCR-188 Audit, policy engine, management APIs",FLOW-029 Блокировка пользователя; FLOW-030 Изменение permissions,,Security/authorization,Critical,OpenAPI `GET_api_v1_project_roles`; Stage_3_Field_Traceability_Final_3.5.csv; cross-cutting requirement PERM-019
AC-2148,AC,MOD-019,Администрирование,Permission denial for FR-212,— (операции модуля),—,—,—,"SCR-170 Администрирование; SCR-171 Пользователи; SCR-172 Карточка пользователя; SCR-173 Создание/активация пользователя; SCR-174 Block/deactivate user; SCR-175 Отделы; SCR-176 Audit, policy engine, management APIs; SCR-177 Роли и permissions; SCR-178 Audit, policy engine, management APIs; SCR-179 Effective permission diagnostics; SCR-180 Устройства; SCR-181 Sessions и login attempts; SCR-182 Сетевые ресурсы; SCR-183 Settings APIs, Windows settings; SCR-184 Фоновые задания; SCR-185 Резервные копии; SCR-186 Audit; SCR-187 Organization settings / feature flags; SCR-188 Audit, policy engine, management APIs",FLOW-029 Блокировка пользователя; FLOW-030 Изменение permissions,,Security/authorization,Critical,OpenAPI `PUT_api_v1_project_roles_id_permissions`; Stage_3_Field_Traceability_Final_3.5.csv; cross-cutting requirement PERM-019
AC-2149,AC,MOD-019,Администрирование,Permission denial for FR-213,— (операции модуля),—,—,—,"SCR-170 Администрирование; SCR-171 Пользователи; SCR-172 Карточка пользователя; SCR-173 Создание/активация пользователя; SCR-174 Block/deactivate user; SCR-175 Отделы; SCR-176 Audit, policy engine, management APIs; SCR-177 Роли и permissions; SCR-178 Audit, policy engine, management APIs; SCR-179 Effective permission diagnostics; SCR-180 Устройства; SCR-181 Sessions и login attempts; SCR-182 Сетевые ресурсы; SCR-183 Settings APIs, Windows settings; SCR-184 Фоновые задания; SCR-185 Резервные копии; SCR-186 Audit; SCR-187 Organization settings / feature flags; SCR-188 Audit, policy engine, management APIs",FLOW-029 Блокировка пользователя; FLOW-030 Изменение permissions,,Security/authorization,Critical,OpenAPI `GET_api_v1_roles`; Stage_3_Field_Traceability_Final_3.5.csv; cross-cutting requirement PERM-019
AC-2150,AC,MOD-019,Администрирование,Permission denial for FR-214,— (операции модуля),—,—,—,"SCR-170 Администрирование; SCR-171 Пользователи; SCR-172 Карточка пользователя; SCR-173 Создание/активация пользователя; SCR-174 Block/deactivate user; SCR-175 Отделы; SCR-176 Audit, policy engine, management APIs; SCR-177 Роли и permissions; SCR-178 Audit, policy engine, management APIs; SCR-179 Effective permission diagnostics; SCR-180 Устройства; SCR-181 Sessions и login attempts; SCR-182 Сетевые ресурсы; SCR-183 Settings APIs, Windows settings; SCR-184 Фоновые задания; SCR-185 Резервные копии; SCR-186 Audit; SCR-187 Organization settings / feature flags; SCR-188 Audit, policy engine, management APIs",FLOW-029 Блокировка пользователя; FLOW-030 Изменение permissions,,Security/authorization,Critical,OpenAPI `POST_api_v1_roles`; Stage_3_Field_Traceability_Final_3.5.csv; cross-cutting requirement PERM-019
AC-2151,AC,MOD-019,Администрирование,Permission denial for FR-215,— (операции модуля),—,—,—,"SCR-170 Администрирование; SCR-171 Пользователи; SCR-172 Карточка пользователя; SCR-173 Создание/активация пользователя; SCR-174 Block/deactivate user; SCR-175 Отделы; SCR-176 Audit, policy engine, management APIs; SCR-177 Роли и permissions; SCR-178 Audit, policy engine, management APIs; SCR-179 Effective permission diagnostics; SCR-180 Устройства; SCR-181 Sessions и login attempts; SCR-182 Сетевые ресурсы; SCR-183 Settings APIs, Windows settings; SCR-184 Фоновые задания; SCR-185 Резервные копии; SCR-186 Audit; SCR-187 Organization settings / feature flags; SCR-188 Audit, policy engine, management APIs",FLOW-029 Блокировка пользователя; FLOW-030 Изменение permissions,,Security/authorization,Critical,OpenAPI `DELETE_api_v1_roles_id`; Stage_3_Field_Traceability_Final_3.5.csv; cross-cutting requirement PERM-019
AC-2152,AC,MOD-019,Администрирование,Permission denial for FR-216,— (операции модуля),—,—,—,"SCR-170 Администрирование; SCR-171 Пользователи; SCR-172 Карточка пользователя; SCR-173 Создание/активация пользователя; SCR-174 Block/deactivate user; SCR-175 Отделы; SCR-176 Audit, policy engine, management APIs; SCR-177 Роли и permissions; SCR-178 Audit, policy engine, management APIs; SCR-179 Effective permission diagnostics; SCR-180 Устройства; SCR-181 Sessions и login attempts; SCR-182 Сетевые ресурсы; SCR-183 Settings APIs, Windows settings; SCR-184 Фоновые задания; SCR-185 Резервные копии; SCR-186 Audit; SCR-187 Organization settings / feature flags; SCR-188 Audit, policy engine, management APIs",FLOW-029 Блокировка пользователя; FLOW-030 Изменение permissions,,Security/authorization,Critical,OpenAPI `GET_api_v1_roles_id`; Stage_3_Field_Traceability_Final_3.5.csv; cross-cutting requirement PERM-019
AC-2153,AC,MOD-019,Администрирование,Permission denial for FR-217,— (операции модуля),—,—,—,"SCR-170 Администрирование; SCR-171 Пользователи; SCR-172 Карточка пользователя; SCR-173 Создание/активация пользователя; SCR-174 Block/deactivate user; SCR-175 Отделы; SCR-176 Audit, policy engine, management APIs; SCR-177 Роли и permissions; SCR-178 Audit, policy engine, management APIs; SCR-179 Effective permission diagnostics; SCR-180 Устройства; SCR-181 Sessions и login attempts; SCR-182 Сетевые ресурсы; SCR-183 Settings APIs, Windows settings; SCR-184 Фоновые задания; SCR-185 Резервные копии; SCR-186 Audit; SCR-187 Organization settings / feature flags; SCR-188 Audit, policy engine, management APIs",FLOW-029 Блокировка пользователя; FLOW-030 Изменение permissions,,Security/authorization,Critical,OpenAPI `PATCH_api_v1_roles_id`; Stage_3_Field_Traceability_Final_3.5.csv; cross-cutting requirement PERM-019
AC-2154,AC,MOD-019,Администрирование,Permission denial for FR-218,— (операции модуля),—,—,—,"SCR-170 Администрирование; SCR-171 Пользователи; SCR-172 Карточка пользователя; SCR-173 Создание/активация пользователя; SCR-174 Block/deactivate user; SCR-175 Отделы; SCR-176 Audit, policy engine, management APIs; SCR-177 Роли и permissions; SCR-178 Audit, policy engine, management APIs; SCR-179 Effective permission diagnostics; SCR-180 Устройства; SCR-181 Sessions и login attempts; SCR-182 Сетевые ресурсы; SCR-183 Settings APIs, Windows settings; SCR-184 Фоновые задания; SCR-185 Резервные копии; SCR-186 Audit; SCR-187 Organization settings / feature flags; SCR-188 Audit, policy engine, management APIs",FLOW-029 Блокировка пользователя; FLOW-030 Изменение permissions,,Security/authorization,Critical,OpenAPI `POST_api_v1_roles_id_activate`; Stage_3_Field_Traceability_Final_3.5.csv; cross-cutting requirement PERM-019
AC-2155,AC,MOD-019,Администрирование,Permission denial for FR-219,— (операции модуля),—,—,—,"SCR-170 Администрирование; SCR-171 Пользователи; SCR-172 Карточка пользователя; SCR-173 Создание/активация пользователя; SCR-174 Block/deactivate user; SCR-175 Отделы; SCR-176 Audit, policy engine, management APIs; SCR-177 Роли и permissions; SCR-178 Audit, policy engine, management APIs; SCR-179 Effective permission diagnostics; SCR-180 Устройства; SCR-181 Sessions и login attempts; SCR-182 Сетевые ресурсы; SCR-183 Settings APIs, Windows settings; SCR-184 Фоновые задания; SCR-185 Резервные копии; SCR-186 Audit; SCR-187 Organization settings / feature flags; SCR-188 Audit, policy engine, management APIs",FLOW-029 Блокировка пользователя; FLOW-030 Изменение permissions,,Security/authorization,Critical,OpenAPI `PUT_api_v1_roles_id_permissions`; Stage_3_Field_Traceability_Final_3.5.csv; cross-cutting requirement PERM-019
AC-2156,AC,MOD-019,Администрирование,Permission denial for FR-220,— (операции модуля),—,—,—,"SCR-170 Администрирование; SCR-171 Пользователи; SCR-172 Карточка пользователя; SCR-173 Создание/активация пользователя; SCR-174 Block/deactivate user; SCR-175 Отделы; SCR-176 Audit, policy engine, management APIs; SCR-177 Роли и permissions; SCR-178 Audit, policy engine, management APIs; SCR-179 Effective permission diagnostics; SCR-180 Устройства; SCR-181 Sessions и login attempts; SCR-182 Сетевые ресурсы; SCR-183 Settings APIs, Windows settings; SCR-184 Фоновые задания; SCR-185 Резервные копии; SCR-186 Audit; SCR-187 Organization settings / feature flags; SCR-188 Audit, policy engine, management APIs",FLOW-029 Блокировка пользователя; FLOW-030 Изменение permissions,,Security/authorization,Critical,OpenAPI `PUT_api_v1_users_id_roles`; Stage_3_Field_Traceability_Final_3.5.csv; cross-cutting requirement PERM-019
AC-2157,AC,MOD-019,Администрирование,Permission denial for FR-221,— (операции модуля),—,—,—,"SCR-170 Администрирование; SCR-171 Пользователи; SCR-172 Карточка пользователя; SCR-173 Создание/активация пользователя; SCR-174 Block/deactivate user; SCR-175 Отделы; SCR-176 Audit, policy engine, management APIs; SCR-177 Роли и permissions; SCR-178 Audit, policy engine, management APIs; SCR-179 Effective permission diagnostics; SCR-180 Устройства; SCR-181 Sessions и login attempts; SCR-182 Сетевые ресурсы; SCR-183 Settings APIs, Windows settings; SCR-184 Фоновые задания; SCR-185 Резервные копии; SCR-186 Audit; SCR-187 Organization settings / feature flags; SCR-188 Audit, policy engine, management APIs",FLOW-029 Блокировка пользователя; FLOW-030 Изменение permissions,,Security/authorization,Critical,OpenAPI `GET_api_v1_users`; Stage_3_Field_Traceability_Final_3.5.csv; cross-cutting requirement PERM-019
AC-2158,AC,MOD-019,Администрирование,Permission denial for FR-222,— (операции модуля),—,—,—,"SCR-170 Администрирование; SCR-171 Пользователи; SCR-172 Карточка пользователя; SCR-173 Создание/активация пользователя; SCR-174 Block/deactivate user; SCR-175 Отделы; SCR-176 Audit, policy engine, management APIs; SCR-177 Роли и permissions; SCR-178 Audit, policy engine, management APIs; SCR-179 Effective permission diagnostics; SCR-180 Устройства; SCR-181 Sessions и login attempts; SCR-182 Сетевые ресурсы; SCR-183 Settings APIs, Windows settings; SCR-184 Фоновые задания; SCR-185 Резервные копии; SCR-186 Audit; SCR-187 Organization settings / feature flags; SCR-188 Audit, policy engine, management APIs",FLOW-029 Блокировка пользователя; FLOW-030 Изменение permissions,,Security/authorization,Critical,OpenAPI `POST_api_v1_users`; Stage_3_Field_Traceability_Final_3.5.csv; cross-cutting requirement PERM-019
AC-2159,AC,MOD-019,Администрирование,Permission denial for FR-223,— (операции модуля),—,—,—,"SCR-170 Администрирование; SCR-171 Пользователи; SCR-172 Карточка пользователя; SCR-173 Создание/активация пользователя; SCR-174 Block/deactivate user; SCR-175 Отделы; SCR-176 Audit, policy engine, management APIs; SCR-177 Роли и permissions; SCR-178 Audit, policy engine, management APIs; SCR-179 Effective permission diagnostics; SCR-180 Устройства; SCR-181 Sessions и login attempts; SCR-182 Сетевые ресурсы; SCR-183 Settings APIs, Windows settings; SCR-184 Фоновые задания; SCR-185 Резервные копии; SCR-186 Audit; SCR-187 Organization settings / feature flags; SCR-188 Audit, policy engine, management APIs",FLOW-029 Блокировка пользователя; FLOW-030 Изменение permissions,,Security/authorization,Critical,OpenAPI `GET_api_v1_users_id`; Stage_3_Field_Traceability_Final_3.5.csv; cross-cutting requirement PERM-019
AC-2160,AC,MOD-019,Администрирование,Permission denial for FR-224,— (операции модуля),—,—,—,"SCR-170 Администрирование; SCR-171 Пользователи; SCR-172 Карточка пользователя; SCR-173 Создание/активация пользователя; SCR-174 Block/deactivate user; SCR-175 Отделы; SCR-176 Audit, policy engine, management APIs; SCR-177 Роли и permissions; SCR-178 Audit, policy engine, management APIs; SCR-179 Effective permission diagnostics; SCR-180 Устройства; SCR-181 Sessions и login attempts; SCR-182 Сетевые ресурсы; SCR-183 Settings APIs, Windows settings; SCR-184 Фоновые задания; SCR-185 Резервные копии; SCR-186 Audit; SCR-187 Organization settings / feature flags; SCR-188 Audit, policy engine, management APIs",FLOW-029 Блокировка пользователя; FLOW-030 Изменение permissions,,Security/authorization,Critical,OpenAPI `PATCH_api_v1_users_id`; Stage_3_Field_Traceability_Final_3.5.csv; cross-cutting requirement PERM-019
AC-2161,AC,MOD-019,Администрирование,Permission denial for FR-225,— (операции модуля),—,—,—,"SCR-170 Администрирование; SCR-171 Пользователи; SCR-172 Карточка пользователя; SCR-173 Создание/активация пользователя; SCR-174 Block/deactivate user; SCR-175 Отделы; SCR-176 Audit, policy engine, management APIs; SCR-177 Роли и permissions; SCR-178 Audit, policy engine, management APIs; SCR-179 Effective permission diagnostics; SCR-180 Устройства; SCR-181 Sessions и login attempts; SCR-182 Сетевые ресурсы; SCR-183 Settings APIs, Windows settings; SCR-184 Фоновые задания; SCR-185 Резервные копии; SCR-186 Audit; SCR-187 Organization settings / feature flags; SCR-188 Audit, policy engine, management APIs",FLOW-029 Блокировка пользователя; FLOW-030 Изменение permissions,,Security/authorization,Critical,OpenAPI `POST_api_v1_users_id_activate`; Stage_3_Field_Traceability_Final_3.5.csv; cross-cutting requirement PERM-019
AC-2162,AC,MOD-019,Администрирование,Permission denial for FR-226,— (операции модуля),—,—,—,"SCR-170 Администрирование; SCR-171 Пользователи; SCR-172 Карточка пользователя; SCR-173 Создание/активация пользователя; SCR-174 Block/deactivate user; SCR-175 Отделы; SCR-176 Audit, policy engine, management APIs; SCR-177 Роли и permissions; SCR-178 Audit, policy engine, management APIs; SCR-179 Effective permission diagnostics; SCR-180 Устройства; SCR-181 Sessions и login attempts; SCR-182 Сетевые ресурсы; SCR-183 Settings APIs, Windows settings; SCR-184 Фоновые задания; SCR-185 Резервные копии; SCR-186 Audit; SCR-187 Organization settings / feature flags; SCR-188 Audit, policy engine, management APIs",FLOW-029 Блокировка пользователя; FLOW-030 Изменение permissions,,Security/authorization,Critical,OpenAPI `POST_api_v1_users_id_block`; Stage_3_Field_Traceability_Final_3.5.csv; cross-cutting requirement PERM-019
AC-2163,AC,MOD-019,Администрирование,Permission denial for FR-227,— (операции модуля),—,—,—,"SCR-170 Администрирование; SCR-171 Пользователи; SCR-172 Карточка пользователя; SCR-173 Создание/активация пользователя; SCR-174 Block/deactivate user; SCR-175 Отделы; SCR-176 Audit, policy engine, management APIs; SCR-177 Роли и permissions; SCR-178 Audit, policy engine, management APIs; SCR-179 Effective permission diagnostics; SCR-180 Устройства; SCR-181 Sessions и login attempts; SCR-182 Сетевые ресурсы; SCR-183 Settings APIs, Windows settings; SCR-184 Фоновые задания; SCR-185 Резервные копии; SCR-186 Audit; SCR-187 Organization settings / feature flags; SCR-188 Audit, policy engine, management APIs",FLOW-029 Блокировка пользователя; FLOW-030 Изменение permissions,,Security/authorization,Critical,OpenAPI `POST_api_v1_users_id_deactivate`; Stage_3_Field_Traceability_Final_3.5.csv; cross-cutting requirement PERM-019
AC-2164,AC,MOD-019,Администрирование,Permission denial for FR-228,— (операции модуля),—,—,—,"SCR-170 Администрирование; SCR-171 Пользователи; SCR-172 Карточка пользователя; SCR-173 Создание/активация пользователя; SCR-174 Block/deactivate user; SCR-175 Отделы; SCR-176 Audit, policy engine, management APIs; SCR-177 Роли и permissions; SCR-178 Audit, policy engine, management APIs; SCR-179 Effective permission diagnostics; SCR-180 Устройства; SCR-181 Sessions и login attempts; SCR-182 Сетевые ресурсы; SCR-183 Settings APIs, Windows settings; SCR-184 Фоновые задания; SCR-185 Резервные копии; SCR-186 Audit; SCR-187 Organization settings / feature flags; SCR-188 Audit, policy engine, management APIs",FLOW-029 Блокировка пользователя; FLOW-030 Изменение permissions,,Security/authorization,Critical,OpenAPI `GET_api_v1_users_id_effective_permissions`; Stage_3_Field_Traceability_Final_3.5.csv; cross-cutting requirement PERM-019
AC-2165,AC,MOD-019,Администрирование,Permission denial for FR-229,— (операции модуля),—,—,—,"SCR-170 Администрирование; SCR-171 Пользователи; SCR-172 Карточка пользователя; SCR-173 Создание/активация пользователя; SCR-174 Block/deactivate user; SCR-175 Отделы; SCR-176 Audit, policy engine, management APIs; SCR-177 Роли и permissions; SCR-178 Audit, policy engine, management APIs; SCR-179 Effective permission diagnostics; SCR-180 Устройства; SCR-181 Sessions и login attempts; SCR-182 Сетевые ресурсы; SCR-183 Settings APIs, Windows settings; SCR-184 Фоновые задания; SCR-185 Резервные копии; SCR-186 Audit; SCR-187 Organization settings / feature flags; SCR-188 Audit, policy engine, management APIs",FLOW-029 Блокировка пользователя; FLOW-030 Изменение permissions,,Security/authorization,Critical,OpenAPI `POST_api_v1_users_id_reactivate`; Stage_3_Field_Traceability_Final_3.5.csv; cross-cutting requirement PERM-019
AC-2166,AC,MOD-019,Администрирование,Permission denial for FR-230,— (операции модуля),—,—,—,"SCR-170 Администрирование; SCR-171 Пользователи; SCR-172 Карточка пользователя; SCR-173 Создание/активация пользователя; SCR-174 Block/deactivate user; SCR-175 Отделы; SCR-176 Audit, policy engine, management APIs; SCR-177 Роли и permissions; SCR-178 Audit, policy engine, management APIs; SCR-179 Effective permission diagnostics; SCR-180 Устройства; SCR-181 Sessions и login attempts; SCR-182 Сетевые ресурсы; SCR-183 Settings APIs, Windows settings; SCR-184 Фоновые задания; SCR-185 Резервные копии; SCR-186 Audit; SCR-187 Organization settings / feature flags; SCR-188 Audit, policy engine, management APIs",FLOW-029 Блокировка пользователя; FLOW-030 Изменение permissions,,Security/authorization,Critical,OpenAPI `POST_api_v1_users_id_unblock`; Stage_3_Field_Traceability_Final_3.5.csv; cross-cutting requirement PERM-019
AC-2167,AC,MOD-019,Администрирование,Permission denial for FR-265,— (операции модуля),—,—,—,"SCR-170 Администрирование; SCR-171 Пользователи; SCR-172 Карточка пользователя; SCR-173 Создание/активация пользователя; SCR-174 Block/deactivate user; SCR-175 Отделы; SCR-176 Audit, policy engine, management APIs; SCR-177 Роли и permissions; SCR-178 Audit, policy engine, management APIs; SCR-179 Effective permission diagnostics; SCR-180 Устройства; SCR-181 Sessions и login attempts; SCR-182 Сетевые ресурсы; SCR-183 Settings APIs, Windows settings; SCR-184 Фоновые задания; SCR-185 Резервные копии; SCR-186 Audit; SCR-187 Organization settings / feature flags; SCR-188 Audit, policy engine, management APIs",FLOW-029 Блокировка пользователя; FLOW-030 Изменение permissions,,Security/authorization,Critical,Stage 2.3.1 OpenAPI 1.2.0-stage2.3; Stage 3.5 UX baseline; Stage 4.3 remediation; cross-cutting requirement PERM-019
AC-2372,AC,MOD-019,Администрирование,Stable error handling for FR-178,— (операции модуля),—,—,—,"SCR-170 Администрирование; SCR-171 Пользователи; SCR-172 Карточка пользователя; SCR-173 Создание/активация пользователя; SCR-174 Block/deactivate user; SCR-175 Отделы; SCR-176 Audit, policy engine, management APIs; SCR-177 Роли и permissions; SCR-178 Audit, policy engine, management APIs; SCR-179 Effective permission diagnostics; SCR-180 Устройства; SCR-181 Sessions и login attempts; SCR-182 Сетевые ресурсы; SCR-183 Settings APIs, Windows settings; SCR-184 Фоновые задания; SCR-185 Резервные копии; SCR-186 Audit; SCR-187 Organization settings / feature flags; SCR-188 Audit, policy engine, management APIs",FLOW-029 Блокировка пользователя; FLOW-030 Изменение permissions,,Error handling,High,OpenAPI `POST_api_v1_admin_backups`; Stage_3_Field_Traceability_Final_3.5.csv; cross-cutting requirement ERR-019
AC-2373,AC,MOD-019,Администрирование,Stable error handling for FR-179,— (операции модуля),—,—,—,"SCR-170 Администрирование; SCR-171 Пользователи; SCR-172 Карточка пользователя; SCR-173 Создание/активация пользователя; SCR-174 Block/deactivate user; SCR-175 Отделы; SCR-176 Audit, policy engine, management APIs; SCR-177 Роли и permissions; SCR-178 Audit, policy engine, management APIs; SCR-179 Effective permission diagnostics; SCR-180 Устройства; SCR-181 Sessions и login attempts; SCR-182 Сетевые ресурсы; SCR-183 Settings APIs, Windows settings; SCR-184 Фоновые задания; SCR-185 Резервные копии; SCR-186 Audit; SCR-187 Organization settings / feature flags; SCR-188 Audit, policy engine, management APIs",FLOW-029 Блокировка пользователя; FLOW-030 Изменение permissions,,Error handling,High,OpenAPI `POST_api_v1_admin_backups_id_restore`; Stage_3_Field_Traceability_Final_3.5.csv; cross-cutting requirement ERR-019
AC-2374,AC,MOD-019,Администрирование,Stable error handling for FR-180,— (операции модуля),—,—,—,"SCR-170 Администрирование; SCR-171 Пользователи; SCR-172 Карточка пользователя; SCR-173 Создание/активация пользователя; SCR-174 Block/deactivate user; SCR-175 Отделы; SCR-176 Audit, policy engine, management APIs; SCR-177 Роли и permissions; SCR-178 Audit, policy engine, management APIs; SCR-179 Effective permission diagnostics; SCR-180 Устройства; SCR-181 Sessions и login attempts; SCR-182 Сетевые ресурсы; SCR-183 Settings APIs, Windows settings; SCR-184 Фоновые задания; SCR-185 Резервные копии; SCR-186 Audit; SCR-187 Organization settings / feature flags; SCR-188 Audit, policy engine, management APIs",FLOW-029 Блокировка пользователя; FLOW-030 Изменение permissions,,Error handling,High,OpenAPI `POST_api_v1_admin_backups_id_verify`; Stage_3_Field_Traceability_Final_3.5.csv; cross-cutting requirement ERR-019
AC-2375,AC,MOD-019,Администрирование,Stable error handling for FR-181,— (операции модуля),—,—,—,"SCR-170 Администрирование; SCR-171 Пользователи; SCR-172 Карточка пользователя; SCR-173 Создание/активация пользователя; SCR-174 Block/deactivate user; SCR-175 Отделы; SCR-176 Audit, policy engine, management APIs; SCR-177 Роли и permissions; SCR-178 Audit, policy engine, management APIs; SCR-179 Effective permission diagnostics; SCR-180 Устройства; SCR-181 Sessions и login attempts; SCR-182 Сетевые ресурсы; SCR-183 Settings APIs, Windows settings; SCR-184 Фоновые задания; SCR-185 Резервные копии; SCR-186 Audit; SCR-187 Organization settings / feature flags; SCR-188 Audit, policy engine, management APIs",FLOW-029 Блокировка пользователя; FLOW-030 Изменение permissions,,Error handling,High,OpenAPI `POST_api_v1_admin_change_feed_compact`; Stage_3_Field_Traceability_Final_3.5.csv; cross-cutting requirement ERR-019
AC-2376,AC,MOD-019,Администрирование,Stable error handling for FR-182,— (операции модуля),—,—,—,"SCR-170 Администрирование; SCR-171 Пользователи; SCR-172 Карточка пользователя; SCR-173 Создание/активация пользователя; SCR-174 Block/deactivate user; SCR-175 Отделы; SCR-176 Audit, policy engine, management APIs; SCR-177 Роли и permissions; SCR-178 Audit, policy engine, management APIs; SCR-179 Effective permission diagnostics; SCR-180 Устройства; SCR-181 Sessions и login attempts; SCR-182 Сетевые ресурсы; SCR-183 Settings APIs, Windows settings; SCR-184 Фоновые задания; SCR-185 Резервные копии; SCR-186 Audit; SCR-187 Organization settings / feature flags; SCR-188 Audit, policy engine, management APIs",FLOW-029 Блокировка пользователя; FLOW-030 Изменение permissions,,Error handling,High,OpenAPI `PUT_api_v1_admin_feature_flags_key`; Stage_3_Field_Traceability_Final_3.5.csv; cross-cutting requirement ERR-019
AC-2377,AC,MOD-019,Администрирование,Stable error handling for FR-183,— (операции модуля),—,—,—,"SCR-170 Администрирование; SCR-171 Пользователи; SCR-172 Карточка пользователя; SCR-173 Создание/активация пользователя; SCR-174 Block/deactivate user; SCR-175 Отделы; SCR-176 Audit, policy engine, management APIs; SCR-177 Роли и permissions; SCR-178 Audit, policy engine, management APIs; SCR-179 Effective permission diagnostics; SCR-180 Устройства; SCR-181 Sessions и login attempts; SCR-182 Сетевые ресурсы; SCR-183 Settings APIs, Windows settings; SCR-184 Фоновые задания; SCR-185 Резервные копии; SCR-186 Audit; SCR-187 Organization settings / feature flags; SCR-188 Audit, policy engine, management APIs",FLOW-029 Блокировка пользователя; FLOW-030 Изменение permissions,,Error handling,High,OpenAPI `GET_api_v1_admin_jobs`; Stage_3_Field_Traceability_Final_3.5.csv; cross-cutting requirement ERR-019
AC-2378,AC,MOD-019,Администрирование,Stable error handling for FR-184,— (операции модуля),—,—,—,"SCR-170 Администрирование; SCR-171 Пользователи; SCR-172 Карточка пользователя; SCR-173 Создание/активация пользователя; SCR-174 Block/deactivate user; SCR-175 Отделы; SCR-176 Audit, policy engine, management APIs; SCR-177 Роли и permissions; SCR-178 Audit, policy engine, management APIs; SCR-179 Effective permission diagnostics; SCR-180 Устройства; SCR-181 Sessions и login attempts; SCR-182 Сетевые ресурсы; SCR-183 Settings APIs, Windows settings; SCR-184 Фоновые задания; SCR-185 Резервные копии; SCR-186 Audit; SCR-187 Organization settings / feature flags; SCR-188 Audit, policy engine, management APIs",FLOW-029 Блокировка пользователя; FLOW-030 Изменение permissions,,Error handling,High,OpenAPI `POST_api_v1_admin_jobs_code_run`; Stage_3_Field_Traceability_Final_3.5.csv; cross-cutting requirement ERR-019
AC-2379,AC,MOD-019,Администрирование,Stable error handling for FR-185,— (операции модуля),—,—,—,"SCR-170 Администрирование; SCR-171 Пользователи; SCR-172 Карточка пользователя; SCR-173 Создание/активация пользователя; SCR-174 Block/deactivate user; SCR-175 Отделы; SCR-176 Audit, policy engine, management APIs; SCR-177 Роли и permissions; SCR-178 Audit, policy engine, management APIs; SCR-179 Effective permission diagnostics; SCR-180 Устройства; SCR-181 Sessions и login attempts; SCR-182 Сетевые ресурсы; SCR-183 Settings APIs, Windows settings; SCR-184 Фоновые задания; SCR-185 Резервные копии; SCR-186 Audit; SCR-187 Organization settings / feature flags; SCR-188 Audit, policy engine, management APIs",FLOW-029 Блокировка пользователя; FLOW-030 Изменение permissions,,Error handling,High,OpenAPI `GET_api_v1_admin_jobs_code_runs`; Stage_3_Field_Traceability_Final_3.5.csv; cross-cutting requirement ERR-019
AC-2380,AC,MOD-019,Администрирование,Stable error handling for FR-186,— (операции модуля),—,—,—,"SCR-170 Администрирование; SCR-171 Пользователи; SCR-172 Карточка пользователя; SCR-173 Создание/активация пользователя; SCR-174 Block/deactivate user; SCR-175 Отделы; SCR-176 Audit, policy engine, management APIs; SCR-177 Роли и permissions; SCR-178 Audit, policy engine, management APIs; SCR-179 Effective permission diagnostics; SCR-180 Устройства; SCR-181 Sessions и login attempts; SCR-182 Сетевые ресурсы; SCR-183 Settings APIs, Windows settings; SCR-184 Фоновые задания; SCR-185 Резервные копии; SCR-186 Audit; SCR-187 Organization settings / feature flags; SCR-188 Audit, policy engine, management APIs",FLOW-029 Блокировка пользователя; FLOW-030 Изменение permissions,,Error handling,High,OpenAPI `POST_api_v1_admin_maintenance_mode`; Stage_3_Field_Traceability_Final_3.5.csv; cross-cutting requirement ERR-019
AC-2381,AC,MOD-019,Администрирование,Stable error handling for FR-187,— (операции модуля),—,—,—,"SCR-170 Администрирование; SCR-171 Пользователи; SCR-172 Карточка пользователя; SCR-173 Создание/активация пользователя; SCR-174 Block/deactivate user; SCR-175 Отделы; SCR-176 Audit, policy engine, management APIs; SCR-177 Роли и permissions; SCR-178 Audit, policy engine, management APIs; SCR-179 Effective permission diagnostics; SCR-180 Устройства; SCR-181 Sessions и login attempts; SCR-182 Сетевые ресурсы; SCR-183 Settings APIs, Windows settings; SCR-184 Фоновые задания; SCR-185 Резервные копии; SCR-186 Audit; SCR-187 Organization settings / feature flags; SCR-188 Audit, policy engine, management APIs",FLOW-029 Блокировка пользователя; FLOW-030 Изменение permissions,,Error handling,High,OpenAPI `POST_api_v1_admin_search_reindex`; Stage_3_Field_Traceability_Final_3.5.csv; cross-cutting requirement ERR-019
AC-2382,AC,MOD-019,Администрирование,Stable error handling for FR-188,— (операции модуля),—,—,—,"SCR-170 Администрирование; SCR-171 Пользователи; SCR-172 Карточка пользователя; SCR-173 Создание/активация пользователя; SCR-174 Block/deactivate user; SCR-175 Отделы; SCR-176 Audit, policy engine, management APIs; SCR-177 Роли и permissions; SCR-178 Audit, policy engine, management APIs; SCR-179 Effective permission diagnostics; SCR-180 Устройства; SCR-181 Sessions и login attempts; SCR-182 Сетевые ресурсы; SCR-183 Settings APIs, Windows settings; SCR-184 Фоновые задания; SCR-185 Резервные копии; SCR-186 Audit; SCR-187 Organization settings / feature flags; SCR-188 Audit, policy engine, management APIs",FLOW-029 Блокировка пользователя; FLOW-030 Изменение permissions,,Error handling,High,OpenAPI `GET_api_v1_admin_server_capabilities`; Stage_3_Field_Traceability_Final_3.5.csv; cross-cutting requirement ERR-019
AC-2383,AC,MOD-019,Администрирование,Stable error handling for FR-189,— (операции модуля),—,—,—,"SCR-170 Администрирование; SCR-171 Пользователи; SCR-172 Карточка пользователя; SCR-173 Создание/активация пользователя; SCR-174 Block/deactivate user; SCR-175 Отделы; SCR-176 Audit, policy engine, management APIs; SCR-177 Роли и permissions; SCR-178 Audit, policy engine, management APIs; SCR-179 Effective permission diagnostics; SCR-180 Устройства; SCR-181 Sessions и login attempts; SCR-182 Сетевые ресурсы; SCR-183 Settings APIs, Windows settings; SCR-184 Фоновые задания; SCR-185 Резервные копии; SCR-186 Audit; SCR-187 Organization settings / feature flags; SCR-188 Audit, policy engine, management APIs",FLOW-029 Блокировка пользователя; FLOW-030 Изменение permissions,,Error handling,High,OpenAPI `GET_api_v1_admin_storage`; Stage_3_Field_Traceability_Final_3.5.csv; cross-cutting requirement ERR-019
AC-2384,AC,MOD-019,Администрирование,Stable error handling for FR-190,— (операции модуля),—,—,—,"SCR-170 Администрирование; SCR-171 Пользователи; SCR-172 Карточка пользователя; SCR-173 Создание/активация пользователя; SCR-174 Block/deactivate user; SCR-175 Отделы; SCR-176 Audit, policy engine, management APIs; SCR-177 Роли и permissions; SCR-178 Audit, policy engine, management APIs; SCR-179 Effective permission diagnostics; SCR-180 Устройства; SCR-181 Sessions и login attempts; SCR-182 Сетевые ресурсы; SCR-183 Settings APIs, Windows settings; SCR-184 Фоновые задания; SCR-185 Резервные копии; SCR-186 Audit; SCR-187 Organization settings / feature flags; SCR-188 Audit, policy engine, management APIs",FLOW-029 Блокировка пользователя; FLOW-030 Изменение permissions,,Error handling,High,OpenAPI `GET_api_v1_departments`; Stage_3_Field_Traceability_Final_3.5.csv; cross-cutting requirement ERR-019
AC-2385,AC,MOD-019,Администрирование,Stable error handling for FR-191,— (операции модуля),—,—,—,"SCR-170 Администрирование; SCR-171 Пользователи; SCR-172 Карточка пользователя; SCR-173 Создание/активация пользователя; SCR-174 Block/deactivate user; SCR-175 Отделы; SCR-176 Audit, policy engine, management APIs; SCR-177 Роли и permissions; SCR-178 Audit, policy engine, management APIs; SCR-179 Effective permission diagnostics; SCR-180 Устройства; SCR-181 Sessions и login attempts; SCR-182 Сетевые ресурсы; SCR-183 Settings APIs, Windows settings; SCR-184 Фоновые задания; SCR-185 Резервные копии; SCR-186 Audit; SCR-187 Organization settings / feature flags; SCR-188 Audit, policy engine, management APIs",FLOW-029 Блокировка пользователя; FLOW-030 Изменение permissions,,Error handling,High,OpenAPI `POST_api_v1_departments`; Stage_3_Field_Traceability_Final_3.5.csv; cross-cutting requirement ERR-019
AC-2386,AC,MOD-019,Администрирование,Stable error handling for FR-192,— (операции модуля),—,—,—,"SCR-170 Администрирование; SCR-171 Пользователи; SCR-172 Карточка пользователя; SCR-173 Создание/активация пользователя; SCR-174 Block/deactivate user; SCR-175 Отделы; SCR-176 Audit, policy engine, management APIs; SCR-177 Роли и permissions; SCR-178 Audit, policy engine, management APIs; SCR-179 Effective permission diagnostics; SCR-180 Устройства; SCR-181 Sessions и login attempts; SCR-182 Сетевые ресурсы; SCR-183 Settings APIs, Windows settings; SCR-184 Фоновые задания; SCR-185 Резервные копии; SCR-186 Audit; SCR-187 Organization settings / feature flags; SCR-188 Audit, policy engine, management APIs",FLOW-029 Блокировка пользователя; FLOW-030 Изменение permissions,,Error handling,High,OpenAPI `GET_api_v1_departments_tree`; Stage_3_Field_Traceability_Final_3.5.csv; cross-cutting requirement ERR-019
AC-2387,AC,MOD-019,Администрирование,Stable error handling for FR-193,— (операции модуля),—,—,—,"SCR-170 Администрирование; SCR-171 Пользователи; SCR-172 Карточка пользователя; SCR-173 Создание/активация пользователя; SCR-174 Block/deactivate user; SCR-175 Отделы; SCR-176 Audit, policy engine, management APIs; SCR-177 Роли и permissions; SCR-178 Audit, policy engine, management APIs; SCR-179 Effective permission diagnostics; SCR-180 Устройства; SCR-181 Sessions и login attempts; SCR-182 Сетевые ресурсы; SCR-183 Settings APIs, Windows settings; SCR-184 Фоновые задания; SCR-185 Резервные копии; SCR-186 Audit; SCR-187 Organization settings / feature flags; SCR-188 Audit, policy engine, management APIs",FLOW-029 Блокировка пользователя; FLOW-030 Изменение permissions,,Error handling,High,OpenAPI `DELETE_api_v1_departments_id`; Stage_3_Field_Traceability_Final_3.5.csv; cross-cutting requirement ERR-019
AC-2388,AC,MOD-019,Администрирование,Stable error handling for FR-194,— (операции модуля),—,—,—,"SCR-170 Администрирование; SCR-171 Пользователи; SCR-172 Карточка пользователя; SCR-173 Создание/активация пользователя; SCR-174 Block/deactivate user; SCR-175 Отделы; SCR-176 Audit, policy engine, management APIs; SCR-177 Роли и permissions; SCR-178 Audit, policy engine, management APIs; SCR-179 Effective permission diagnostics; SCR-180 Устройства; SCR-181 Sessions и login attempts; SCR-182 Сетевые ресурсы; SCR-183 Settings APIs, Windows settings; SCR-184 Фоновые задания; SCR-185 Резервные копии; SCR-186 Audit; SCR-187 Organization settings / feature flags; SCR-188 Audit, policy engine, management APIs",FLOW-029 Блокировка пользователя; FLOW-030 Изменение permissions,,Error handling,High,OpenAPI `GET_api_v1_departments_id`; Stage_3_Field_Traceability_Final_3.5.csv; cross-cutting requirement ERR-019
AC-2389,AC,MOD-019,Администрирование,Stable error handling for FR-195,— (операции модуля),—,—,—,"SCR-170 Администрирование; SCR-171 Пользователи; SCR-172 Карточка пользователя; SCR-173 Создание/активация пользователя; SCR-174 Block/deactivate user; SCR-175 Отделы; SCR-176 Audit, policy engine, management APIs; SCR-177 Роли и permissions; SCR-178 Audit, policy engine, management APIs; SCR-179 Effective permission diagnostics; SCR-180 Устройства; SCR-181 Sessions и login attempts; SCR-182 Сетевые ресурсы; SCR-183 Settings APIs, Windows settings; SCR-184 Фоновые задания; SCR-185 Резервные копии; SCR-186 Audit; SCR-187 Organization settings / feature flags; SCR-188 Audit, policy engine, management APIs",FLOW-029 Блокировка пользователя; FLOW-030 Изменение permissions,,Error handling,High,OpenAPI `PATCH_api_v1_departments_id`; Stage_3_Field_Traceability_Final_3.5.csv; cross-cutting requirement ERR-019
AC-2390,AC,MOD-019,Администрирование,Stable error handling for FR-196,— (операции модуля),—,—,—,"SCR-170 Администрирование; SCR-171 Пользователи; SCR-172 Карточка пользователя; SCR-173 Создание/активация пользователя; SCR-174 Block/deactivate user; SCR-175 Отделы; SCR-176 Audit, policy engine, management APIs; SCR-177 Роли и permissions; SCR-178 Audit, policy engine, management APIs; SCR-179 Effective permission diagnostics; SCR-180 Устройства; SCR-181 Sessions и login attempts; SCR-182 Сетевые ресурсы; SCR-183 Settings APIs, Windows settings; SCR-184 Фоновые задания; SCR-185 Резервные копии; SCR-186 Audit; SCR-187 Organization settings / feature flags; SCR-188 Audit, policy engine, management APIs",FLOW-029 Блокировка пользователя; FLOW-030 Изменение permissions,,Error handling,High,OpenAPI `POST_api_v1_departments_id_archive`; Stage_3_Field_Traceability_Final_3.5.csv; cross-cutting requirement ERR-019
AC-2391,AC,MOD-019,Администрирование,Stable error handling for FR-197,— (операции модуля),—,—,—,"SCR-170 Администрирование; SCR-171 Пользователи; SCR-172 Карточка пользователя; SCR-173 Создание/активация пользователя; SCR-174 Block/deactivate user; SCR-175 Отделы; SCR-176 Audit, policy engine, management APIs; SCR-177 Роли и permissions; SCR-178 Audit, policy engine, management APIs; SCR-179 Effective permission diagnostics; SCR-180 Устройства; SCR-181 Sessions и login attempts; SCR-182 Сетевые ресурсы; SCR-183 Settings APIs, Windows settings; SCR-184 Фоновые задания; SCR-185 Резервные копии; SCR-186 Audit; SCR-187 Organization settings / feature flags; SCR-188 Audit, policy engine, management APIs",FLOW-029 Блокировка пользователя; FLOW-030 Изменение permissions,,Error handling,High,OpenAPI `PUT_api_v1_departments_id_managers`; Stage_3_Field_Traceability_Final_3.5.csv; cross-cutting requirement ERR-019
AC-2392,AC,MOD-019,Администрирование,Stable error handling for FR-198,— (операции модуля),—,—,—,"SCR-170 Администрирование; SCR-171 Пользователи; SCR-172 Карточка пользователя; SCR-173 Создание/активация пользователя; SCR-174 Block/deactivate user; SCR-175 Отделы; SCR-176 Audit, policy engine, management APIs; SCR-177 Роли и permissions; SCR-178 Audit, policy engine, management APIs; SCR-179 Effective permission diagnostics; SCR-180 Устройства; SCR-181 Sessions и login attempts; SCR-182 Сетевые ресурсы; SCR-183 Settings APIs, Windows settings; SCR-184 Фоновые задания; SCR-185 Резервные копии; SCR-186 Audit; SCR-187 Organization settings / feature flags; SCR-188 Audit, policy engine, management APIs",FLOW-029 Блокировка пользователя; FLOW-030 Изменение permissions,,Error handling,High,OpenAPI `POST_api_v1_departments_id_restore`; Stage_3_Field_Traceability_Final_3.5.csv; cross-cutting requirement ERR-019
AC-2393,AC,MOD-019,Администрирование,Stable error handling for FR-199,— (операции модуля),—,—,—,"SCR-170 Администрирование; SCR-171 Пользователи; SCR-172 Карточка пользователя; SCR-173 Создание/активация пользователя; SCR-174 Block/deactivate user; SCR-175 Отделы; SCR-176 Audit, policy engine, management APIs; SCR-177 Роли и permissions; SCR-178 Audit, policy engine, management APIs; SCR-179 Effective permission diagnostics; SCR-180 Устройства; SCR-181 Sessions и login attempts; SCR-182 Сетевые ресурсы; SCR-183 Settings APIs, Windows settings; SCR-184 Фоновые задания; SCR-185 Резервные копии; SCR-186 Audit; SCR-187 Organization settings / feature flags; SCR-188 Audit, policy engine, management APIs",FLOW-029 Блокировка пользователя; FLOW-030 Изменение permissions,,Error handling,High,OpenAPI `POST_api_v1_departments_id_unarchive`; Stage_3_Field_Traceability_Final_3.5.csv; cross-cutting requirement ERR-019
AC-2394,AC,MOD-019,Администрирование,Stable error handling for FR-200,— (операции модуля),—,—,—,"SCR-170 Администрирование; SCR-171 Пользователи; SCR-172 Карточка пользователя; SCR-173 Создание/активация пользователя; SCR-174 Block/deactivate user; SCR-175 Отделы; SCR-176 Audit, policy engine, management APIs; SCR-177 Роли и permissions; SCR-178 Audit, policy engine, management APIs; SCR-179 Effective permission diagnostics; SCR-180 Устройства; SCR-181 Sessions и login attempts; SCR-182 Сетевые ресурсы; SCR-183 Settings APIs, Windows settings; SCR-184 Фоновые задания; SCR-185 Резервные копии; SCR-186 Audit; SCR-187 Organization settings / feature flags; SCR-188 Audit, policy engine, management APIs",FLOW-029 Блокировка пользователя; FLOW-030 Изменение permissions,,Error handling,High,OpenAPI `GET_api_v1_devices`; Stage_3_Field_Traceability_Final_3.5.csv; cross-cutting requirement ERR-019
AC-2395,AC,MOD-019,Администрирование,Stable error handling for FR-201,— (операции модуля),—,—,—,"SCR-170 Администрирование; SCR-171 Пользователи; SCR-172 Карточка пользователя; SCR-173 Создание/активация пользователя; SCR-174 Block/deactivate user; SCR-175 Отделы; SCR-176 Audit, policy engine, management APIs; SCR-177 Роли и permissions; SCR-178 Audit, policy engine, management APIs; SCR-179 Effective permission diagnostics; SCR-180 Устройства; SCR-181 Sessions и login attempts; SCR-182 Сетевые ресурсы; SCR-183 Settings APIs, Windows settings; SCR-184 Фоновые задания; SCR-185 Резервные копии; SCR-186 Audit; SCR-187 Organization settings / feature flags; SCR-188 Audit, policy engine, management APIs",FLOW-029 Блокировка пользователя; FLOW-030 Изменение permissions,,Error handling,High,OpenAPI `GET_api_v1_devices_id`; Stage_3_Field_Traceability_Final_3.5.csv; cross-cutting requirement ERR-019
AC-2396,AC,MOD-019,Администрирование,Stable error handling for FR-202,— (операции модуля),—,—,—,"SCR-170 Администрирование; SCR-171 Пользователи; SCR-172 Карточка пользователя; SCR-173 Создание/активация пользователя; SCR-174 Block/deactivate user; SCR-175 Отделы; SCR-176 Audit, policy engine, management APIs; SCR-177 Роли и permissions; SCR-178 Audit, policy engine, management APIs; SCR-179 Effective permission diagnostics; SCR-180 Устройства; SCR-181 Sessions и login attempts; SCR-182 Сетевые ресурсы; SCR-183 Settings APIs, Windows settings; SCR-184 Фоновые задания; SCR-185 Резервные копии; SCR-186 Audit; SCR-187 Organization settings / feature flags; SCR-188 Audit, policy engine, management APIs",FLOW-029 Блокировка пользователя; FLOW-030 Изменение permissions,,Error handling,High,OpenAPI `PATCH_api_v1_devices_id`; Stage_3_Field_Traceability_Final_3.5.csv; cross-cutting requirement ERR-019
AC-2397,AC,MOD-019,Администрирование,Stable error handling for FR-203,— (операции модуля),—,—,—,"SCR-170 Администрирование; SCR-171 Пользователи; SCR-172 Карточка пользователя; SCR-173 Создание/активация пользователя; SCR-174 Block/deactivate user; SCR-175 Отделы; SCR-176 Audit, policy engine, management APIs; SCR-177 Роли и permissions; SCR-178 Audit, policy engine, management APIs; SCR-179 Effective permission diagnostics; SCR-180 Устройства; SCR-181 Sessions и login attempts; SCR-182 Сетевые ресурсы; SCR-183 Settings APIs, Windows settings; SCR-184 Фоновые задания; SCR-185 Резервные копии; SCR-186 Audit; SCR-187 Organization settings / feature flags; SCR-188 Audit, policy engine, management APIs",FLOW-029 Блокировка пользователя; FLOW-030 Изменение permissions,,Error handling,High,OpenAPI `POST_api_v1_devices_id_heartbeat`; Stage_3_Field_Traceability_Final_3.5.csv; cross-cutting requirement ERR-019
AC-2398,AC,MOD-019,Администрирование,Stable error handling for FR-204,— (операции модуля),—,—,—,"SCR-170 Администрирование; SCR-171 Пользователи; SCR-172 Карточка пользователя; SCR-173 Создание/активация пользователя; SCR-174 Block/deactivate user; SCR-175 Отделы; SCR-176 Audit, policy engine, management APIs; SCR-177 Роли и permissions; SCR-178 Audit, policy engine, management APIs; SCR-179 Effective permission diagnostics; SCR-180 Устройства; SCR-181 Sessions и login attempts; SCR-182 Сетевые ресурсы; SCR-183 Settings APIs, Windows settings; SCR-184 Фоновые задания; SCR-185 Резервные копии; SCR-186 Audit; SCR-187 Organization settings / feature flags; SCR-188 Audit, policy engine, management APIs",FLOW-029 Блокировка пользователя; FLOW-030 Изменение permissions,,Error handling,High,OpenAPI `POST_api_v1_devices_id_revoke`; Stage_3_Field_Traceability_Final_3.5.csv; cross-cutting requirement ERR-019
AC-2399,AC,MOD-019,Администрирование,Stable error handling for FR-205,— (операции модуля),—,—,—,"SCR-170 Администрирование; SCR-171 Пользователи; SCR-172 Карточка пользователя; SCR-173 Создание/активация пользователя; SCR-174 Block/deactivate user; SCR-175 Отделы; SCR-176 Audit, policy engine, management APIs; SCR-177 Роли и permissions; SCR-178 Audit, policy engine, management APIs; SCR-179 Effective permission diagnostics; SCR-180 Устройства; SCR-181 Sessions и login attempts; SCR-182 Сетевые ресурсы; SCR-183 Settings APIs, Windows settings; SCR-184 Фоновые задания; SCR-185 Резервные копии; SCR-186 Audit; SCR-187 Organization settings / feature flags; SCR-188 Audit, policy engine, management APIs",FLOW-029 Блокировка пользователя; FLOW-030 Изменение permissions,,Error handling,High,OpenAPI `GET_api_v1_network_resources`; Stage_3_Field_Traceability_Final_3.5.csv; cross-cutting requirement ERR-019
AC-2400,AC,MOD-019,Администрирование,Stable error handling for FR-206,— (операции модуля),—,—,—,"SCR-170 Администрирование; SCR-171 Пользователи; SCR-172 Карточка пользователя; SCR-173 Создание/активация пользователя; SCR-174 Block/deactivate user; SCR-175 Отделы; SCR-176 Audit, policy engine, management APIs; SCR-177 Роли и permissions; SCR-178 Audit, policy engine, management APIs; SCR-179 Effective permission diagnostics; SCR-180 Устройства; SCR-181 Sessions и login attempts; SCR-182 Сетевые ресурсы; SCR-183 Settings APIs, Windows settings; SCR-184 Фоновые задания; SCR-185 Резервные копии; SCR-186 Audit; SCR-187 Organization settings / feature flags; SCR-188 Audit, policy engine, management APIs",FLOW-029 Блокировка пользователя; FLOW-030 Изменение permissions,,Error handling,High,OpenAPI `POST_api_v1_network_resources`; Stage_3_Field_Traceability_Final_3.5.csv; cross-cutting requirement ERR-019
AC-2401,AC,MOD-019,Администрирование,Stable error handling for FR-207,— (операции модуля),—,—,—,"SCR-170 Администрирование; SCR-171 Пользователи; SCR-172 Карточка пользователя; SCR-173 Создание/активация пользователя; SCR-174 Block/deactivate user; SCR-175 Отделы; SCR-176 Audit, policy engine, management APIs; SCR-177 Роли и permissions; SCR-178 Audit, policy engine, management APIs; SCR-179 Effective permission diagnostics; SCR-180 Устройства; SCR-181 Sessions и login attempts; SCR-182 Сетевые ресурсы; SCR-183 Settings APIs, Windows settings; SCR-184 Фоновые задания; SCR-185 Резервные копии; SCR-186 Audit; SCR-187 Organization settings / feature flags; SCR-188 Audit, policy engine, management APIs",FLOW-029 Блокировка пользователя; FLOW-030 Изменение permissions,,Error handling,High,OpenAPI `PATCH_api_v1_network_resources_id`; Stage_3_Field_Traceability_Final_3.5.csv; cross-cutting requirement ERR-019
AC-2402,AC,MOD-019,Администрирование,Stable error handling for FR-208,— (операции модуля),—,—,—,"SCR-170 Администрирование; SCR-171 Пользователи; SCR-172 Карточка пользователя; SCR-173 Создание/активация пользователя; SCR-174 Block/deactivate user; SCR-175 Отделы; SCR-176 Audit, policy engine, management APIs; SCR-177 Роли и permissions; SCR-178 Audit, policy engine, management APIs; SCR-179 Effective permission diagnostics; SCR-180 Устройства; SCR-181 Sessions и login attempts; SCR-182 Сетевые ресурсы; SCR-183 Settings APIs, Windows settings; SCR-184 Фоновые задания; SCR-185 Резервные копии; SCR-186 Audit; SCR-187 Organization settings / feature flags; SCR-188 Audit, policy engine, management APIs",FLOW-029 Блокировка пользователя; FLOW-030 Изменение permissions,,Error handling,High,OpenAPI `POST_api_v1_network_resources_id_probe`; Stage_3_Field_Traceability_Final_3.5.csv; cross-cutting requirement ERR-019
AC-2403,AC,MOD-019,Администрирование,Stable error handling for FR-209,— (операции модуля),—,—,—,"SCR-170 Администрирование; SCR-171 Пользователи; SCR-172 Карточка пользователя; SCR-173 Создание/активация пользователя; SCR-174 Block/deactivate user; SCR-175 Отделы; SCR-176 Audit, policy engine, management APIs; SCR-177 Роли и permissions; SCR-178 Audit, policy engine, management APIs; SCR-179 Effective permission diagnostics; SCR-180 Устройства; SCR-181 Sessions и login attempts; SCR-182 Сетевые ресурсы; SCR-183 Settings APIs, Windows settings; SCR-184 Фоновые задания; SCR-185 Резервные копии; SCR-186 Audit; SCR-187 Organization settings / feature flags; SCR-188 Audit, policy engine, management APIs",FLOW-029 Блокировка пользователя; FLOW-030 Изменение permissions,,Error handling,High,OpenAPI `GET_health_details`; Stage_3_Field_Traceability_Final_3.5.csv; cross-cutting requirement ERR-019
AC-2404,AC,MOD-019,Администрирование,Stable error handling for FR-210,— (операции модуля),—,—,—,"SCR-170 Администрирование; SCR-171 Пользователи; SCR-172 Карточка пользователя; SCR-173 Создание/активация пользователя; SCR-174 Block/deactivate user; SCR-175 Отделы; SCR-176 Audit, policy engine, management APIs; SCR-177 Роли и permissions; SCR-178 Audit, policy engine, management APIs; SCR-179 Effective permission diagnostics; SCR-180 Устройства; SCR-181 Sessions и login attempts; SCR-182 Сетевые ресурсы; SCR-183 Settings APIs, Windows settings; SCR-184 Фоновые задания; SCR-185 Резервные копии; SCR-186 Audit; SCR-187 Organization settings / feature flags; SCR-188 Audit, policy engine, management APIs",FLOW-029 Блокировка пользователя; FLOW-030 Изменение permissions,,Error handling,High,OpenAPI `GET_api_v1_permissions`; Stage_3_Field_Traceability_Final_3.5.csv; cross-cutting requirement ERR-019
AC-2405,AC,MOD-019,Администрирование,Stable error handling for FR-211,— (операции модуля),—,—,—,"SCR-170 Администрирование; SCR-171 Пользователи; SCR-172 Карточка пользователя; SCR-173 Создание/активация пользователя; SCR-174 Block/deactivate user; SCR-175 Отделы; SCR-176 Audit, policy engine, management APIs; SCR-177 Роли и permissions; SCR-178 Audit, policy engine, management APIs; SCR-179 Effective permission diagnostics; SCR-180 Устройства; SCR-181 Sessions и login attempts; SCR-182 Сетевые ресурсы; SCR-183 Settings APIs, Windows settings; SCR-184 Фоновые задания; SCR-185 Резервные копии; SCR-186 Audit; SCR-187 Organization settings / feature flags; SCR-188 Audit, policy engine, management APIs",FLOW-029 Блокировка пользователя; FLOW-030 Изменение permissions,,Error handling,High,OpenAPI `GET_api_v1_project_roles`; Stage_3_Field_Traceability_Final_3.5.csv; cross-cutting requirement ERR-019
AC-2406,AC,MOD-019,Администрирование,Stable error handling for FR-212,— (операции модуля),—,—,—,"SCR-170 Администрирование; SCR-171 Пользователи; SCR-172 Карточка пользователя; SCR-173 Создание/активация пользователя; SCR-174 Block/deactivate user; SCR-175 Отделы; SCR-176 Audit, policy engine, management APIs; SCR-177 Роли и permissions; SCR-178 Audit, policy engine, management APIs; SCR-179 Effective permission diagnostics; SCR-180 Устройства; SCR-181 Sessions и login attempts; SCR-182 Сетевые ресурсы; SCR-183 Settings APIs, Windows settings; SCR-184 Фоновые задания; SCR-185 Резервные копии; SCR-186 Audit; SCR-187 Organization settings / feature flags; SCR-188 Audit, policy engine, management APIs",FLOW-029 Блокировка пользователя; FLOW-030 Изменение permissions,,Error handling,High,OpenAPI `PUT_api_v1_project_roles_id_permissions`; Stage_3_Field_Traceability_Final_3.5.csv; cross-cutting requirement ERR-019
AC-2407,AC,MOD-019,Администрирование,Stable error handling for FR-213,— (операции модуля),—,—,—,"SCR-170 Администрирование; SCR-171 Пользователи; SCR-172 Карточка пользователя; SCR-173 Создание/активация пользователя; SCR-174 Block/deactivate user; SCR-175 Отделы; SCR-176 Audit, policy engine, management APIs; SCR-177 Роли и permissions; SCR-178 Audit, policy engine, management APIs; SCR-179 Effective permission diagnostics; SCR-180 Устройства; SCR-181 Sessions и login attempts; SCR-182 Сетевые ресурсы; SCR-183 Settings APIs, Windows settings; SCR-184 Фоновые задания; SCR-185 Резервные копии; SCR-186 Audit; SCR-187 Organization settings / feature flags; SCR-188 Audit, policy engine, management APIs",FLOW-029 Блокировка пользователя; FLOW-030 Изменение permissions,,Error handling,High,OpenAPI `GET_api_v1_roles`; Stage_3_Field_Traceability_Final_3.5.csv; cross-cutting requirement ERR-019
AC-2408,AC,MOD-019,Администрирование,Stable error handling for FR-214,— (операции модуля),—,—,—,"SCR-170 Администрирование; SCR-171 Пользователи; SCR-172 Карточка пользователя; SCR-173 Создание/активация пользователя; SCR-174 Block/deactivate user; SCR-175 Отделы; SCR-176 Audit, policy engine, management APIs; SCR-177 Роли и permissions; SCR-178 Audit, policy engine, management APIs; SCR-179 Effective permission diagnostics; SCR-180 Устройства; SCR-181 Sessions и login attempts; SCR-182 Сетевые ресурсы; SCR-183 Settings APIs, Windows settings; SCR-184 Фоновые задания; SCR-185 Резервные копии; SCR-186 Audit; SCR-187 Organization settings / feature flags; SCR-188 Audit, policy engine, management APIs",FLOW-029 Блокировка пользователя; FLOW-030 Изменение permissions,,Error handling,High,OpenAPI `POST_api_v1_roles`; Stage_3_Field_Traceability_Final_3.5.csv; cross-cutting requirement ERR-019
AC-2409,AC,MOD-019,Администрирование,Stable error handling for FR-215,— (операции модуля),—,—,—,"SCR-170 Администрирование; SCR-171 Пользователи; SCR-172 Карточка пользователя; SCR-173 Создание/активация пользователя; SCR-174 Block/deactivate user; SCR-175 Отделы; SCR-176 Audit, policy engine, management APIs; SCR-177 Роли и permissions; SCR-178 Audit, policy engine, management APIs; SCR-179 Effective permission diagnostics; SCR-180 Устройства; SCR-181 Sessions и login attempts; SCR-182 Сетевые ресурсы; SCR-183 Settings APIs, Windows settings; SCR-184 Фоновые задания; SCR-185 Резервные копии; SCR-186 Audit; SCR-187 Organization settings / feature flags; SCR-188 Audit, policy engine, management APIs",FLOW-029 Блокировка пользователя; FLOW-030 Изменение permissions,,Error handling,High,OpenAPI `DELETE_api_v1_roles_id`; Stage_3_Field_Traceability_Final_3.5.csv; cross-cutting requirement ERR-019
AC-2410,AC,MOD-019,Администрирование,Stable error handling for FR-216,— (операции модуля),—,—,—,"SCR-170 Администрирование; SCR-171 Пользователи; SCR-172 Карточка пользователя; SCR-173 Создание/активация пользователя; SCR-174 Block/deactivate user; SCR-175 Отделы; SCR-176 Audit, policy engine, management APIs; SCR-177 Роли и permissions; SCR-178 Audit, policy engine, management APIs; SCR-179 Effective permission diagnostics; SCR-180 Устройства; SCR-181 Sessions и login attempts; SCR-182 Сетевые ресурсы; SCR-183 Settings APIs, Windows settings; SCR-184 Фоновые задания; SCR-185 Резервные копии; SCR-186 Audit; SCR-187 Organization settings / feature flags; SCR-188 Audit, policy engine, management APIs",FLOW-029 Блокировка пользователя; FLOW-030 Изменение permissions,,Error handling,High,OpenAPI `GET_api_v1_roles_id`; Stage_3_Field_Traceability_Final_3.5.csv; cross-cutting requirement ERR-019
AC-2411,AC,MOD-019,Администрирование,Stable error handling for FR-217,— (операции модуля),—,—,—,"SCR-170 Администрирование; SCR-171 Пользователи; SCR-172 Карточка пользователя; SCR-173 Создание/активация пользователя; SCR-174 Block/deactivate user; SCR-175 Отделы; SCR-176 Audit, policy engine, management APIs; SCR-177 Роли и permissions; SCR-178 Audit, policy engine, management APIs; SCR-179 Effective permission diagnostics; SCR-180 Устройства; SCR-181 Sessions и login attempts; SCR-182 Сетевые ресурсы; SCR-183 Settings APIs, Windows settings; SCR-184 Фоновые задания; SCR-185 Резервные копии; SCR-186 Audit; SCR-187 Organization settings / feature flags; SCR-188 Audit, policy engine, management APIs",FLOW-029 Блокировка пользователя; FLOW-030 Изменение permissions,,Error handling,High,OpenAPI `PATCH_api_v1_roles_id`; Stage_3_Field_Traceability_Final_3.5.csv; cross-cutting requirement ERR-019
AC-2412,AC,MOD-019,Администрирование,Stable error handling for FR-218,— (операции модуля),—,—,—,"SCR-170 Администрирование; SCR-171 Пользователи; SCR-172 Карточка пользователя; SCR-173 Создание/активация пользователя; SCR-174 Block/deactivate user; SCR-175 Отделы; SCR-176 Audit, policy engine, management APIs; SCR-177 Роли и permissions; SCR-178 Audit, policy engine, management APIs; SCR-179 Effective permission diagnostics; SCR-180 Устройства; SCR-181 Sessions и login attempts; SCR-182 Сетевые ресурсы; SCR-183 Settings APIs, Windows settings; SCR-184 Фоновые задания; SCR-185 Резервные копии; SCR-186 Audit; SCR-187 Organization settings / feature flags; SCR-188 Audit, policy engine, management APIs",FLOW-029 Блокировка пользователя; FLOW-030 Изменение permissions,,Error handling,High,OpenAPI `POST_api_v1_roles_id_activate`; Stage_3_Field_Traceability_Final_3.5.csv; cross-cutting requirement ERR-019
AC-2413,AC,MOD-019,Администрирование,Stable error handling for FR-219,— (операции модуля),—,—,—,"SCR-170 Администрирование; SCR-171 Пользователи; SCR-172 Карточка пользователя; SCR-173 Создание/активация пользователя; SCR-174 Block/deactivate user; SCR-175 Отделы; SCR-176 Audit, policy engine, management APIs; SCR-177 Роли и permissions; SCR-178 Audit, policy engine, management APIs; SCR-179 Effective permission diagnostics; SCR-180 Устройства; SCR-181 Sessions и login attempts; SCR-182 Сетевые ресурсы; SCR-183 Settings APIs, Windows settings; SCR-184 Фоновые задания; SCR-185 Резервные копии; SCR-186 Audit; SCR-187 Organization settings / feature flags; SCR-188 Audit, policy engine, management APIs",FLOW-029 Блокировка пользователя; FLOW-030 Изменение permissions,,Error handling,High,OpenAPI `PUT_api_v1_roles_id_permissions`; Stage_3_Field_Traceability_Final_3.5.csv; cross-cutting requirement ERR-019
AC-2414,AC,MOD-019,Администрирование,Stable error handling for FR-220,— (операции модуля),—,—,—,"SCR-170 Администрирование; SCR-171 Пользователи; SCR-172 Карточка пользователя; SCR-173 Создание/активация пользователя; SCR-174 Block/deactivate user; SCR-175 Отделы; SCR-176 Audit, policy engine, management APIs; SCR-177 Роли и permissions; SCR-178 Audit, policy engine, management APIs; SCR-179 Effective permission diagnostics; SCR-180 Устройства; SCR-181 Sessions и login attempts; SCR-182 Сетевые ресурсы; SCR-183 Settings APIs, Windows settings; SCR-184 Фоновые задания; SCR-185 Резервные копии; SCR-186 Audit; SCR-187 Organization settings / feature flags; SCR-188 Audit, policy engine, management APIs",FLOW-029 Блокировка пользователя; FLOW-030 Изменение permissions,,Error handling,High,OpenAPI `PUT_api_v1_users_id_roles`; Stage_3_Field_Traceability_Final_3.5.csv; cross-cutting requirement ERR-019
AC-2415,AC,MOD-019,Администрирование,Stable error handling for FR-221,— (операции модуля),—,—,—,"SCR-170 Администрирование; SCR-171 Пользователи; SCR-172 Карточка пользователя; SCR-173 Создание/активация пользователя; SCR-174 Block/deactivate user; SCR-175 Отделы; SCR-176 Audit, policy engine, management APIs; SCR-177 Роли и permissions; SCR-178 Audit, policy engine, management APIs; SCR-179 Effective permission diagnostics; SCR-180 Устройства; SCR-181 Sessions и login attempts; SCR-182 Сетевые ресурсы; SCR-183 Settings APIs, Windows settings; SCR-184 Фоновые задания; SCR-185 Резервные копии; SCR-186 Audit; SCR-187 Organization settings / feature flags; SCR-188 Audit, policy engine, management APIs",FLOW-029 Блокировка пользователя; FLOW-030 Изменение permissions,,Error handling,High,OpenAPI `GET_api_v1_users`; Stage_3_Field_Traceability_Final_3.5.csv; cross-cutting requirement ERR-019
AC-2416,AC,MOD-019,Администрирование,Stable error handling for FR-222,— (операции модуля),—,—,—,"SCR-170 Администрирование; SCR-171 Пользователи; SCR-172 Карточка пользователя; SCR-173 Создание/активация пользователя; SCR-174 Block/deactivate user; SCR-175 Отделы; SCR-176 Audit, policy engine, management APIs; SCR-177 Роли и permissions; SCR-178 Audit, policy engine, management APIs; SCR-179 Effective permission diagnostics; SCR-180 Устройства; SCR-181 Sessions и login attempts; SCR-182 Сетевые ресурсы; SCR-183 Settings APIs, Windows settings; SCR-184 Фоновые задания; SCR-185 Резервные копии; SCR-186 Audit; SCR-187 Organization settings / feature flags; SCR-188 Audit, policy engine, management APIs",FLOW-029 Блокировка пользователя; FLOW-030 Изменение permissions,,Error handling,High,OpenAPI `POST_api_v1_users`; Stage_3_Field_Traceability_Final_3.5.csv; cross-cutting requirement ERR-019
AC-2417,AC,MOD-019,Администрирование,Stable error handling for FR-223,— (операции модуля),—,—,—,"SCR-170 Администрирование; SCR-171 Пользователи; SCR-172 Карточка пользователя; SCR-173 Создание/активация пользователя; SCR-174 Block/deactivate user; SCR-175 Отделы; SCR-176 Audit, policy engine, management APIs; SCR-177 Роли и permissions; SCR-178 Audit, policy engine, management APIs; SCR-179 Effective permission diagnostics; SCR-180 Устройства; SCR-181 Sessions и login attempts; SCR-182 Сетевые ресурсы; SCR-183 Settings APIs, Windows settings; SCR-184 Фоновые задания; SCR-185 Резервные копии; SCR-186 Audit; SCR-187 Organization settings / feature flags; SCR-188 Audit, policy engine, management APIs",FLOW-029 Блокировка пользователя; FLOW-030 Изменение permissions,,Error handling,High,OpenAPI `GET_api_v1_users_id`; Stage_3_Field_Traceability_Final_3.5.csv; cross-cutting requirement ERR-019
AC-2418,AC,MOD-019,Администрирование,Stable error handling for FR-224,— (операции модуля),—,—,—,"SCR-170 Администрирование; SCR-171 Пользователи; SCR-172 Карточка пользователя; SCR-173 Создание/активация пользователя; SCR-174 Block/deactivate user; SCR-175 Отделы; SCR-176 Audit, policy engine, management APIs; SCR-177 Роли и permissions; SCR-178 Audit, policy engine, management APIs; SCR-179 Effective permission diagnostics; SCR-180 Устройства; SCR-181 Sessions и login attempts; SCR-182 Сетевые ресурсы; SCR-183 Settings APIs, Windows settings; SCR-184 Фоновые задания; SCR-185 Резервные копии; SCR-186 Audit; SCR-187 Organization settings / feature flags; SCR-188 Audit, policy engine, management APIs",FLOW-029 Блокировка пользователя; FLOW-030 Изменение permissions,,Error handling,High,OpenAPI `PATCH_api_v1_users_id`; Stage_3_Field_Traceability_Final_3.5.csv; cross-cutting requirement ERR-019
AC-2419,AC,MOD-019,Администрирование,Stable error handling for FR-225,— (операции модуля),—,—,—,"SCR-170 Администрирование; SCR-171 Пользователи; SCR-172 Карточка пользователя; SCR-173 Создание/активация пользователя; SCR-174 Block/deactivate user; SCR-175 Отделы; SCR-176 Audit, policy engine, management APIs; SCR-177 Роли и permissions; SCR-178 Audit, policy engine, management APIs; SCR-179 Effective permission diagnostics; SCR-180 Устройства; SCR-181 Sessions и login attempts; SCR-182 Сетевые ресурсы; SCR-183 Settings APIs, Windows settings; SCR-184 Фоновые задания; SCR-185 Резервные копии; SCR-186 Audit; SCR-187 Organization settings / feature flags; SCR-188 Audit, policy engine, management APIs",FLOW-029 Блокировка пользователя; FLOW-030 Изменение permissions,,Error handling,High,OpenAPI `POST_api_v1_users_id_activate`; Stage_3_Field_Traceability_Final_3.5.csv; cross-cutting requirement ERR-019
AC-2420,AC,MOD-019,Администрирование,Stable error handling for FR-226,— (операции модуля),—,—,—,"SCR-170 Администрирование; SCR-171 Пользователи; SCR-172 Карточка пользователя; SCR-173 Создание/активация пользователя; SCR-174 Block/deactivate user; SCR-175 Отделы; SCR-176 Audit, policy engine, management APIs; SCR-177 Роли и permissions; SCR-178 Audit, policy engine, management APIs; SCR-179 Effective permission diagnostics; SCR-180 Устройства; SCR-181 Sessions и login attempts; SCR-182 Сетевые ресурсы; SCR-183 Settings APIs, Windows settings; SCR-184 Фоновые задания; SCR-185 Резервные копии; SCR-186 Audit; SCR-187 Organization settings / feature flags; SCR-188 Audit, policy engine, management APIs",FLOW-029 Блокировка пользователя; FLOW-030 Изменение permissions,,Error handling,High,OpenAPI `POST_api_v1_users_id_block`; Stage_3_Field_Traceability_Final_3.5.csv; cross-cutting requirement ERR-019
AC-2421,AC,MOD-019,Администрирование,Stable error handling for FR-227,— (операции модуля),—,—,—,"SCR-170 Администрирование; SCR-171 Пользователи; SCR-172 Карточка пользователя; SCR-173 Создание/активация пользователя; SCR-174 Block/deactivate user; SCR-175 Отделы; SCR-176 Audit, policy engine, management APIs; SCR-177 Роли и permissions; SCR-178 Audit, policy engine, management APIs; SCR-179 Effective permission diagnostics; SCR-180 Устройства; SCR-181 Sessions и login attempts; SCR-182 Сетевые ресурсы; SCR-183 Settings APIs, Windows settings; SCR-184 Фоновые задания; SCR-185 Резервные копии; SCR-186 Audit; SCR-187 Organization settings / feature flags; SCR-188 Audit, policy engine, management APIs",FLOW-029 Блокировка пользователя; FLOW-030 Изменение permissions,,Error handling,High,OpenAPI `POST_api_v1_users_id_deactivate`; Stage_3_Field_Traceability_Final_3.5.csv; cross-cutting requirement ERR-019
AC-2422,AC,MOD-019,Администрирование,Stable error handling for FR-228,— (операции модуля),—,—,—,"SCR-170 Администрирование; SCR-171 Пользователи; SCR-172 Карточка пользователя; SCR-173 Создание/активация пользователя; SCR-174 Block/deactivate user; SCR-175 Отделы; SCR-176 Audit, policy engine, management APIs; SCR-177 Роли и permissions; SCR-178 Audit, policy engine, management APIs; SCR-179 Effective permission diagnostics; SCR-180 Устройства; SCR-181 Sessions и login attempts; SCR-182 Сетевые ресурсы; SCR-183 Settings APIs, Windows settings; SCR-184 Фоновые задания; SCR-185 Резервные копии; SCR-186 Audit; SCR-187 Organization settings / feature flags; SCR-188 Audit, policy engine, management APIs",FLOW-029 Блокировка пользователя; FLOW-030 Изменение permissions,,Error handling,High,OpenAPI `GET_api_v1_users_id_effective_permissions`; Stage_3_Field_Traceability_Final_3.5.csv; cross-cutting requirement ERR-019
AC-2423,AC,MOD-019,Администрирование,Stable error handling for FR-229,— (операции модуля),—,—,—,"SCR-170 Администрирование; SCR-171 Пользователи; SCR-172 Карточка пользователя; SCR-173 Создание/активация пользователя; SCR-174 Block/deactivate user; SCR-175 Отделы; SCR-176 Audit, policy engine, management APIs; SCR-177 Роли и permissions; SCR-178 Audit, policy engine, management APIs; SCR-179 Effective permission diagnostics; SCR-180 Устройства; SCR-181 Sessions и login attempts; SCR-182 Сетевые ресурсы; SCR-183 Settings APIs, Windows settings; SCR-184 Фоновые задания; SCR-185 Резервные копии; SCR-186 Audit; SCR-187 Organization settings / feature flags; SCR-188 Audit, policy engine, management APIs",FLOW-029 Блокировка пользователя; FLOW-030 Изменение permissions,,Error handling,High,OpenAPI `POST_api_v1_users_id_reactivate`; Stage_3_Field_Traceability_Final_3.5.csv; cross-cutting requirement ERR-019
AC-2424,AC,MOD-019,Администрирование,Stable error handling for FR-230,— (операции модуля),—,—,—,"SCR-170 Администрирование; SCR-171 Пользователи; SCR-172 Карточка пользователя; SCR-173 Создание/активация пользователя; SCR-174 Block/deactivate user; SCR-175 Отделы; SCR-176 Audit, policy engine, management APIs; SCR-177 Роли и permissions; SCR-178 Audit, policy engine, management APIs; SCR-179 Effective permission diagnostics; SCR-180 Устройства; SCR-181 Sessions и login attempts; SCR-182 Сетевые ресурсы; SCR-183 Settings APIs, Windows settings; SCR-184 Фоновые задания; SCR-185 Резервные копии; SCR-186 Audit; SCR-187 Organization settings / feature flags; SCR-188 Audit, policy engine, management APIs",FLOW-029 Блокировка пользователя; FLOW-030 Изменение permissions,,Error handling,High,OpenAPI `POST_api_v1_users_id_unblock`; Stage_3_Field_Traceability_Final_3.5.csv; cross-cutting requirement ERR-019
AC-2425,AC,MOD-019,Администрирование,Stable error handling for FR-265,— (операции модуля),—,—,—,"SCR-170 Администрирование; SCR-171 Пользователи; SCR-172 Карточка пользователя; SCR-173 Создание/активация пользователя; SCR-174 Block/deactivate user; SCR-175 Отделы; SCR-176 Audit, policy engine, management APIs; SCR-177 Роли и permissions; SCR-178 Audit, policy engine, management APIs; SCR-179 Effective permission diagnostics; SCR-180 Устройства; SCR-181 Sessions и login attempts; SCR-182 Сетевые ресурсы; SCR-183 Settings APIs, Windows settings; SCR-184 Фоновые задания; SCR-185 Резервные копии; SCR-186 Audit; SCR-187 Organization settings / feature flags; SCR-188 Audit, policy engine, management APIs",FLOW-029 Блокировка пользователя; FLOW-030 Изменение permissions,,Error handling,High,Stage 2.3.1 OpenAPI 1.2.0-stage2.3; Stage 3.5 UX baseline; Stage 4.3 remediation; cross-cutting requirement ERR-019
AC-2630,AC,MOD-019,Администрирование,Command outage behavior for FR-178,GET_api_v1_sync_changes; POST_api_v1_sync_bootstrap; POST_api_v1_sync_ack,GET /api/v1/sync/changes; POST /api/v1/sync/bootstrap; POST /api/v1/sync/ack,—,OrganizerController.GET_api_v1_sync_changes; OrganizerController.POST_api_v1_sync_bootstrap; OrganizerController.POST_api_v1_sync_ack,"SCR-170 Администрирование; SCR-171 Пользователи; SCR-172 Карточка пользователя; SCR-173 Создание/активация пользователя; SCR-174 Block/deactivate user; SCR-175 Отделы; SCR-176 Audit, policy engine, management APIs; SCR-177 Роли и permissions; SCR-178 Audit, policy engine, management APIs; SCR-179 Effective permission diagnostics; SCR-180 Устройства; SCR-181 Sessions и login attempts; SCR-182 Сетевые ресурсы; SCR-183 Settings APIs, Windows settings; SCR-184 Фоновые задания; SCR-185 Резервные копии; SCR-186 Audit; SCR-187 Organization settings / feature flags; SCR-188 Audit, policy engine, management APIs",FLOW-029 Блокировка пользователя; FLOW-030 Изменение permissions,,Desktop/resilience,High,OpenAPI `POST_api_v1_admin_backups`; Stage_3_Field_Traceability_Final_3.5.csv; cross-cutting requirement SYNC-019
AC-2631,AC,MOD-019,Администрирование,Command outage behavior for FR-179,GET_api_v1_sync_changes; POST_api_v1_sync_bootstrap; POST_api_v1_sync_ack,GET /api/v1/sync/changes; POST /api/v1/sync/bootstrap; POST /api/v1/sync/ack,—,OrganizerController.GET_api_v1_sync_changes; OrganizerController.POST_api_v1_sync_bootstrap; OrganizerController.POST_api_v1_sync_ack,"SCR-170 Администрирование; SCR-171 Пользователи; SCR-172 Карточка пользователя; SCR-173 Создание/активация пользователя; SCR-174 Block/deactivate user; SCR-175 Отделы; SCR-176 Audit, policy engine, management APIs; SCR-177 Роли и permissions; SCR-178 Audit, policy engine, management APIs; SCR-179 Effective permission diagnostics; SCR-180 Устройства; SCR-181 Sessions и login attempts; SCR-182 Сетевые ресурсы; SCR-183 Settings APIs, Windows settings; SCR-184 Фоновые задания; SCR-185 Резервные копии; SCR-186 Audit; SCR-187 Organization settings / feature flags; SCR-188 Audit, policy engine, management APIs",FLOW-029 Блокировка пользователя; FLOW-030 Изменение permissions,,Desktop/resilience,High,OpenAPI `POST_api_v1_admin_backups_id_restore`; Stage_3_Field_Traceability_Final_3.5.csv; cross-cutting requirement SYNC-019
AC-2632,AC,MOD-019,Администрирование,Command outage behavior for FR-180,GET_api_v1_sync_changes; POST_api_v1_sync_bootstrap; POST_api_v1_sync_ack,GET /api/v1/sync/changes; POST /api/v1/sync/bootstrap; POST /api/v1/sync/ack,—,OrganizerController.GET_api_v1_sync_changes; OrganizerController.POST_api_v1_sync_bootstrap; OrganizerController.POST_api_v1_sync_ack,"SCR-170 Администрирование; SCR-171 Пользователи; SCR-172 Карточка пользователя; SCR-173 Создание/активация пользователя; SCR-174 Block/deactivate user; SCR-175 Отделы; SCR-176 Audit, policy engine, management APIs; SCR-177 Роли и permissions; SCR-178 Audit, policy engine, management APIs; SCR-179 Effective permission diagnostics; SCR-180 Устройства; SCR-181 Sessions и login attempts; SCR-182 Сетевые ресурсы; SCR-183 Settings APIs, Windows settings; SCR-184 Фоновые задания; SCR-185 Резервные копии; SCR-186 Audit; SCR-187 Organization settings / feature flags; SCR-188 Audit, policy engine, management APIs",FLOW-029 Блокировка пользователя; FLOW-030 Изменение permissions,,Desktop/resilience,High,OpenAPI `POST_api_v1_admin_backups_id_verify`; Stage_3_Field_Traceability_Final_3.5.csv; cross-cutting requirement SYNC-019
AC-2633,AC,MOD-019,Администрирование,Command outage behavior for FR-181,GET_api_v1_sync_changes; POST_api_v1_sync_bootstrap; POST_api_v1_sync_ack,GET /api/v1/sync/changes; POST /api/v1/sync/bootstrap; POST /api/v1/sync/ack,—,OrganizerController.GET_api_v1_sync_changes; OrganizerController.POST_api_v1_sync_bootstrap; OrganizerController.POST_api_v1_sync_ack,"SCR-170 Администрирование; SCR-171 Пользователи; SCR-172 Карточка пользователя; SCR-173 Создание/активация пользователя; SCR-174 Block/deactivate user; SCR-175 Отделы; SCR-176 Audit, policy engine, management APIs; SCR-177 Роли и permissions; SCR-178 Audit, policy engine, management APIs; SCR-179 Effective permission diagnostics; SCR-180 Устройства; SCR-181 Sessions и login attempts; SCR-182 Сетевые ресурсы; SCR-183 Settings APIs, Windows settings; SCR-184 Фоновые задания; SCR-185 Резервные копии; SCR-186 Audit; SCR-187 Organization settings / feature flags; SCR-188 Audit, policy engine, management APIs",FLOW-029 Блокировка пользователя; FLOW-030 Изменение permissions,,Desktop/resilience,High,OpenAPI `POST_api_v1_admin_change_feed_compact`; Stage_3_Field_Traceability_Final_3.5.csv; cross-cutting requirement SYNC-019
AC-2634,AC,MOD-019,Администрирование,Command outage behavior for FR-182,GET_api_v1_sync_changes; POST_api_v1_sync_bootstrap; POST_api_v1_sync_ack,GET /api/v1/sync/changes; POST /api/v1/sync/bootstrap; POST /api/v1/sync/ack,—,OrganizerController.GET_api_v1_sync_changes; OrganizerController.POST_api_v1_sync_bootstrap; OrganizerController.POST_api_v1_sync_ack,"SCR-170 Администрирование; SCR-171 Пользователи; SCR-172 Карточка пользователя; SCR-173 Создание/активация пользователя; SCR-174 Block/deactivate user; SCR-175 Отделы; SCR-176 Audit, policy engine, management APIs; SCR-177 Роли и permissions; SCR-178 Audit, policy engine, management APIs; SCR-179 Effective permission diagnostics; SCR-180 Устройства; SCR-181 Sessions и login attempts; SCR-182 Сетевые ресурсы; SCR-183 Settings APIs, Windows settings; SCR-184 Фоновые задания; SCR-185 Резервные копии; SCR-186 Audit; SCR-187 Organization settings / feature flags; SCR-188 Audit, policy engine, management APIs",FLOW-029 Блокировка пользователя; FLOW-030 Изменение permissions,,Desktop/resilience,High,OpenAPI `PUT_api_v1_admin_feature_flags_key`; Stage_3_Field_Traceability_Final_3.5.csv; cross-cutting requirement SYNC-019
AC-2635,AC,MOD-019,Администрирование,Read outage behavior for FR-183,GET_api_v1_sync_changes; POST_api_v1_sync_bootstrap; POST_api_v1_sync_ack,GET /api/v1/sync/changes; POST /api/v1/sync/bootstrap; POST /api/v1/sync/ack,—,OrganizerController.GET_api_v1_sync_changes; OrganizerController.POST_api_v1_sync_bootstrap; OrganizerController.POST_api_v1_sync_ack,"SCR-170 Администрирование; SCR-171 Пользователи; SCR-172 Карточка пользователя; SCR-173 Создание/активация пользователя; SCR-174 Block/deactivate user; SCR-175 Отделы; SCR-176 Audit, policy engine, management APIs; SCR-177 Роли и permissions; SCR-178 Audit, policy engine, management APIs; SCR-179 Effective permission diagnostics; SCR-180 Устройства; SCR-181 Sessions и login attempts; SCR-182 Сетевые ресурсы; SCR-183 Settings APIs, Windows settings; SCR-184 Фоновые задания; SCR-185 Резервные копии; SCR-186 Audit; SCR-187 Organization settings / feature flags; SCR-188 Audit, policy engine, management APIs",FLOW-029 Блокировка пользователя; FLOW-030 Изменение permissions,,Desktop/resilience,High,OpenAPI `GET_api_v1_admin_jobs`; Stage_3_Field_Traceability_Final_3.5.csv; cross-cutting requirement SYNC-019
AC-2636,AC,MOD-019,Администрирование,Command outage behavior for FR-184,GET_api_v1_sync_changes; POST_api_v1_sync_bootstrap; POST_api_v1_sync_ack,GET /api/v1/sync/changes; POST /api/v1/sync/bootstrap; POST /api/v1/sync/ack,—,OrganizerController.GET_api_v1_sync_changes; OrganizerController.POST_api_v1_sync_bootstrap; OrganizerController.POST_api_v1_sync_ack,"SCR-170 Администрирование; SCR-171 Пользователи; SCR-172 Карточка пользователя; SCR-173 Создание/активация пользователя; SCR-174 Block/deactivate user; SCR-175 Отделы; SCR-176 Audit, policy engine, management APIs; SCR-177 Роли и permissions; SCR-178 Audit, policy engine, management APIs; SCR-179 Effective permission diagnostics; SCR-180 Устройства; SCR-181 Sessions и login attempts; SCR-182 Сетевые ресурсы; SCR-183 Settings APIs, Windows settings; SCR-184 Фоновые задания; SCR-185 Резервные копии; SCR-186 Audit; SCR-187 Organization settings / feature flags; SCR-188 Audit, policy engine, management APIs",FLOW-029 Блокировка пользователя; FLOW-030 Изменение permissions,,Desktop/resilience,High,OpenAPI `POST_api_v1_admin_jobs_code_run`; Stage_3_Field_Traceability_Final_3.5.csv; cross-cutting requirement SYNC-019
AC-2637,AC,MOD-019,Администрирование,Read outage behavior for FR-185,GET_api_v1_sync_changes; POST_api_v1_sync_bootstrap; POST_api_v1_sync_ack,GET /api/v1/sync/changes; POST /api/v1/sync/bootstrap; POST /api/v1/sync/ack,—,OrganizerController.GET_api_v1_sync_changes; OrganizerController.POST_api_v1_sync_bootstrap; OrganizerController.POST_api_v1_sync_ack,"SCR-170 Администрирование; SCR-171 Пользователи; SCR-172 Карточка пользователя; SCR-173 Создание/активация пользователя; SCR-174 Block/deactivate user; SCR-175 Отделы; SCR-176 Audit, policy engine, management APIs; SCR-177 Роли и permissions; SCR-178 Audit, policy engine, management APIs; SCR-179 Effective permission diagnostics; SCR-180 Устройства; SCR-181 Sessions и login attempts; SCR-182 Сетевые ресурсы; SCR-183 Settings APIs, Windows settings; SCR-184 Фоновые задания; SCR-185 Резервные копии; SCR-186 Audit; SCR-187 Organization settings / feature flags; SCR-188 Audit, policy engine, management APIs",FLOW-029 Блокировка пользователя; FLOW-030 Изменение permissions,,Desktop/resilience,High,OpenAPI `GET_api_v1_admin_jobs_code_runs`; Stage_3_Field_Traceability_Final_3.5.csv; cross-cutting requirement SYNC-019
AC-2638,AC,MOD-019,Администрирование,Command outage behavior for FR-186,GET_api_v1_sync_changes; POST_api_v1_sync_bootstrap; POST_api_v1_sync_ack,GET /api/v1/sync/changes; POST /api/v1/sync/bootstrap; POST /api/v1/sync/ack,—,OrganizerController.GET_api_v1_sync_changes; OrganizerController.POST_api_v1_sync_bootstrap; OrganizerController.POST_api_v1_sync_ack,"SCR-170 Администрирование; SCR-171 Пользователи; SCR-172 Карточка пользователя; SCR-173 Создание/активация пользователя; SCR-174 Block/deactivate user; SCR-175 Отделы; SCR-176 Audit, policy engine, management APIs; SCR-177 Роли и permissions; SCR-178 Audit, policy engine, management APIs; SCR-179 Effective permission diagnostics; SCR-180 Устройства; SCR-181 Sessions и login attempts; SCR-182 Сетевые ресурсы; SCR-183 Settings APIs, Windows settings; SCR-184 Фоновые задания; SCR-185 Резервные копии; SCR-186 Audit; SCR-187 Organization settings / feature flags; SCR-188 Audit, policy engine, management APIs",FLOW-029 Блокировка пользователя; FLOW-030 Изменение permissions,,Desktop/resilience,High,OpenAPI `POST_api_v1_admin_maintenance_mode`; Stage_3_Field_Traceability_Final_3.5.csv; cross-cutting requirement SYNC-019
AC-2639,AC,MOD-019,Администрирование,Command outage behavior for FR-187,GET_api_v1_sync_changes; POST_api_v1_sync_bootstrap; POST_api_v1_sync_ack,GET /api/v1/sync/changes; POST /api/v1/sync/bootstrap; POST /api/v1/sync/ack,—,OrganizerController.GET_api_v1_sync_changes; OrganizerController.POST_api_v1_sync_bootstrap; OrganizerController.POST_api_v1_sync_ack,"SCR-170 Администрирование; SCR-171 Пользователи; SCR-172 Карточка пользователя; SCR-173 Создание/активация пользователя; SCR-174 Block/deactivate user; SCR-175 Отделы; SCR-176 Audit, policy engine, management APIs; SCR-177 Роли и permissions; SCR-178 Audit, policy engine, management APIs; SCR-179 Effective permission diagnostics; SCR-180 Устройства; SCR-181 Sessions и login attempts; SCR-182 Сетевые ресурсы; SCR-183 Settings APIs, Windows settings; SCR-184 Фоновые задания; SCR-185 Резервные копии; SCR-186 Audit; SCR-187 Organization settings / feature flags; SCR-188 Audit, policy engine, management APIs",FLOW-029 Блокировка пользователя; FLOW-030 Изменение permissions,,Desktop/resilience,High,OpenAPI `POST_api_v1_admin_search_reindex`; Stage_3_Field_Traceability_Final_3.5.csv; cross-cutting requirement SYNC-019
AC-2640,AC,MOD-019,Администрирование,Read outage behavior for FR-188,GET_api_v1_sync_changes; POST_api_v1_sync_bootstrap; POST_api_v1_sync_ack,GET /api/v1/sync/changes; POST /api/v1/sync/bootstrap; POST /api/v1/sync/ack,—,OrganizerController.GET_api_v1_sync_changes; OrganizerController.POST_api_v1_sync_bootstrap; OrganizerController.POST_api_v1_sync_ack,"SCR-170 Администрирование; SCR-171 Пользователи; SCR-172 Карточка пользователя; SCR-173 Создание/активация пользователя; SCR-174 Block/deactivate user; SCR-175 Отделы; SCR-176 Audit, policy engine, management APIs; SCR-177 Роли и permissions; SCR-178 Audit, policy engine, management APIs; SCR-179 Effective permission diagnostics; SCR-180 Устройства; SCR-181 Sessions и login attempts; SCR-182 Сетевые ресурсы; SCR-183 Settings APIs, Windows settings; SCR-184 Фоновые задания; SCR-185 Резервные копии; SCR-186 Audit; SCR-187 Organization settings / feature flags; SCR-188 Audit, policy engine, management APIs",FLOW-029 Блокировка пользователя; FLOW-030 Изменение permissions,,Desktop/resilience,High,OpenAPI `GET_api_v1_admin_server_capabilities`; Stage_3_Field_Traceability_Final_3.5.csv; cross-cutting requirement SYNC-019
AC-2641,AC,MOD-019,Администрирование,Read outage behavior for FR-189,GET_api_v1_sync_changes; POST_api_v1_sync_bootstrap; POST_api_v1_sync_ack,GET /api/v1/sync/changes; POST /api/v1/sync/bootstrap; POST /api/v1/sync/ack,—,OrganizerController.GET_api_v1_sync_changes; OrganizerController.POST_api_v1_sync_bootstrap; OrganizerController.POST_api_v1_sync_ack,"SCR-170 Администрирование; SCR-171 Пользователи; SCR-172 Карточка пользователя; SCR-173 Создание/активация пользователя; SCR-174 Block/deactivate user; SCR-175 Отделы; SCR-176 Audit, policy engine, management APIs; SCR-177 Роли и permissions; SCR-178 Audit, policy engine, management APIs; SCR-179 Effective permission diagnostics; SCR-180 Устройства; SCR-181 Sessions и login attempts; SCR-182 Сетевые ресурсы; SCR-183 Settings APIs, Windows settings; SCR-184 Фоновые задания; SCR-185 Резервные копии; SCR-186 Audit; SCR-187 Organization settings / feature flags; SCR-188 Audit, policy engine, management APIs",FLOW-029 Блокировка пользователя; FLOW-030 Изменение permissions,,Desktop/resilience,High,OpenAPI `GET_api_v1_admin_storage`; Stage_3_Field_Traceability_Final_3.5.csv; cross-cutting requirement SYNC-019
AC-2642,AC,MOD-019,Администрирование,Read outage behavior for FR-190,GET_api_v1_sync_changes; POST_api_v1_sync_bootstrap; POST_api_v1_sync_ack,GET /api/v1/sync/changes; POST /api/v1/sync/bootstrap; POST /api/v1/sync/ack,—,OrganizerController.GET_api_v1_sync_changes; OrganizerController.POST_api_v1_sync_bootstrap; OrganizerController.POST_api_v1_sync_ack,"SCR-170 Администрирование; SCR-171 Пользователи; SCR-172 Карточка пользователя; SCR-173 Создание/активация пользователя; SCR-174 Block/deactivate user; SCR-175 Отделы; SCR-176 Audit, policy engine, management APIs; SCR-177 Роли и permissions; SCR-178 Audit, policy engine, management APIs; SCR-179 Effective permission diagnostics; SCR-180 Устройства; SCR-181 Sessions и login attempts; SCR-182 Сетевые ресурсы; SCR-183 Settings APIs, Windows settings; SCR-184 Фоновые задания; SCR-185 Резервные копии; SCR-186 Audit; SCR-187 Organization settings / feature flags; SCR-188 Audit, policy engine, management APIs",FLOW-029 Блокировка пользователя; FLOW-030 Изменение permissions,,Desktop/resilience,High,OpenAPI `GET_api_v1_departments`; Stage_3_Field_Traceability_Final_3.5.csv; cross-cutting requirement SYNC-019
AC-2643,AC,MOD-019,Администрирование,Command outage behavior for FR-191,GET_api_v1_sync_changes; POST_api_v1_sync_bootstrap; POST_api_v1_sync_ack,GET /api/v1/sync/changes; POST /api/v1/sync/bootstrap; POST /api/v1/sync/ack,—,OrganizerController.GET_api_v1_sync_changes; OrganizerController.POST_api_v1_sync_bootstrap; OrganizerController.POST_api_v1_sync_ack,"SCR-170 Администрирование; SCR-171 Пользователи; SCR-172 Карточка пользователя; SCR-173 Создание/активация пользователя; SCR-174 Block/deactivate user; SCR-175 Отделы; SCR-176 Audit, policy engine, management APIs; SCR-177 Роли и permissions; SCR-178 Audit, policy engine, management APIs; SCR-179 Effective permission diagnostics; SCR-180 Устройства; SCR-181 Sessions и login attempts; SCR-182 Сетевые ресурсы; SCR-183 Settings APIs, Windows settings; SCR-184 Фоновые задания; SCR-185 Резервные копии; SCR-186 Audit; SCR-187 Organization settings / feature flags; SCR-188 Audit, policy engine, management APIs",FLOW-029 Блокировка пользователя; FLOW-030 Изменение permissions,,Desktop/resilience,High,OpenAPI `POST_api_v1_departments`; Stage_3_Field_Traceability_Final_3.5.csv; cross-cutting requirement SYNC-019
AC-2644,AC,MOD-019,Администрирование,Read outage behavior for FR-192,GET_api_v1_sync_changes; POST_api_v1_sync_bootstrap; POST_api_v1_sync_ack,GET /api/v1/sync/changes; POST /api/v1/sync/bootstrap; POST /api/v1/sync/ack,—,OrganizerController.GET_api_v1_sync_changes; OrganizerController.POST_api_v1_sync_bootstrap; OrganizerController.POST_api_v1_sync_ack,"SCR-170 Администрирование; SCR-171 Пользователи; SCR-172 Карточка пользователя; SCR-173 Создание/активация пользователя; SCR-174 Block/deactivate user; SCR-175 Отделы; SCR-176 Audit, policy engine, management APIs; SCR-177 Роли и permissions; SCR-178 Audit, policy engine, management APIs; SCR-179 Effective permission diagnostics; SCR-180 Устройства; SCR-181 Sessions и login attempts; SCR-182 Сетевые ресурсы; SCR-183 Settings APIs, Windows settings; SCR-184 Фоновые задания; SCR-185 Резервные копии; SCR-186 Audit; SCR-187 Organization settings / feature flags; SCR-188 Audit, policy engine, management APIs",FLOW-029 Блокировка пользователя; FLOW-030 Изменение permissions,,Desktop/resilience,High,OpenAPI `GET_api_v1_departments_tree`; Stage_3_Field_Traceability_Final_3.5.csv; cross-cutting requirement SYNC-019
AC-2645,AC,MOD-019,Администрирование,Command outage behavior for FR-193,GET_api_v1_sync_changes; POST_api_v1_sync_bootstrap; POST_api_v1_sync_ack,GET /api/v1/sync/changes; POST /api/v1/sync/bootstrap; POST /api/v1/sync/ack,—,OrganizerController.GET_api_v1_sync_changes; OrganizerController.POST_api_v1_sync_bootstrap; OrganizerController.POST_api_v1_sync_ack,"SCR-170 Администрирование; SCR-171 Пользователи; SCR-172 Карточка пользователя; SCR-173 Создание/активация пользователя; SCR-174 Block/deactivate user; SCR-175 Отделы; SCR-176 Audit, policy engine, management APIs; SCR-177 Роли и permissions; SCR-178 Audit, policy engine, management APIs; SCR-179 Effective permission diagnostics; SCR-180 Устройства; SCR-181 Sessions и login attempts; SCR-182 Сетевые ресурсы; SCR-183 Settings APIs, Windows settings; SCR-184 Фоновые задания; SCR-185 Резервные копии; SCR-186 Audit; SCR-187 Organization settings / feature flags; SCR-188 Audit, policy engine, management APIs",FLOW-029 Блокировка пользователя; FLOW-030 Изменение permissions,,Desktop/resilience,High,OpenAPI `DELETE_api_v1_departments_id`; Stage_3_Field_Traceability_Final_3.5.csv; cross-cutting requirement SYNC-019
AC-2646,AC,MOD-019,Администрирование,Read outage behavior for FR-194,GET_api_v1_sync_changes; POST_api_v1_sync_bootstrap; POST_api_v1_sync_ack,GET /api/v1/sync/changes; POST /api/v1/sync/bootstrap; POST /api/v1/sync/ack,—,OrganizerController.GET_api_v1_sync_changes; OrganizerController.POST_api_v1_sync_bootstrap; OrganizerController.POST_api_v1_sync_ack,"SCR-170 Администрирование; SCR-171 Пользователи; SCR-172 Карточка пользователя; SCR-173 Создание/активация пользователя; SCR-174 Block/deactivate user; SCR-175 Отделы; SCR-176 Audit, policy engine, management APIs; SCR-177 Роли и permissions; SCR-178 Audit, policy engine, management APIs; SCR-179 Effective permission diagnostics; SCR-180 Устройства; SCR-181 Sessions и login attempts; SCR-182 Сетевые ресурсы; SCR-183 Settings APIs, Windows settings; SCR-184 Фоновые задания; SCR-185 Резервные копии; SCR-186 Audit; SCR-187 Organization settings / feature flags; SCR-188 Audit, policy engine, management APIs",FLOW-029 Блокировка пользователя; FLOW-030 Изменение permissions,,Desktop/resilience,High,OpenAPI `GET_api_v1_departments_id`; Stage_3_Field_Traceability_Final_3.5.csv; cross-cutting requirement SYNC-019
AC-2647,AC,MOD-019,Администрирование,Command outage behavior for FR-195,GET_api_v1_sync_changes; POST_api_v1_sync_bootstrap; POST_api_v1_sync_ack,GET /api/v1/sync/changes; POST /api/v1/sync/bootstrap; POST /api/v1/sync/ack,—,OrganizerController.GET_api_v1_sync_changes; OrganizerController.POST_api_v1_sync_bootstrap; OrganizerController.POST_api_v1_sync_ack,"SCR-170 Администрирование; SCR-171 Пользователи; SCR-172 Карточка пользователя; SCR-173 Создание/активация пользователя; SCR-174 Block/deactivate user; SCR-175 Отделы; SCR-176 Audit, policy engine, management APIs; SCR-177 Роли и permissions; SCR-178 Audit, policy engine, management APIs; SCR-179 Effective permission diagnostics; SCR-180 Устройства; SCR-181 Sessions и login attempts; SCR-182 Сетевые ресурсы; SCR-183 Settings APIs, Windows settings; SCR-184 Фоновые задания; SCR-185 Резервные копии; SCR-186 Audit; SCR-187 Organization settings / feature flags; SCR-188 Audit, policy engine, management APIs",FLOW-029 Блокировка пользователя; FLOW-030 Изменение permissions,,Desktop/resilience,High,OpenAPI `PATCH_api_v1_departments_id`; Stage_3_Field_Traceability_Final_3.5.csv; cross-cutting requirement SYNC-019
AC-2648,AC,MOD-019,Администрирование,Command outage behavior for FR-196,GET_api_v1_sync_changes; POST_api_v1_sync_bootstrap; POST_api_v1_sync_ack,GET /api/v1/sync/changes; POST /api/v1/sync/bootstrap; POST /api/v1/sync/ack,—,OrganizerController.GET_api_v1_sync_changes; OrganizerController.POST_api_v1_sync_bootstrap; OrganizerController.POST_api_v1_sync_ack,"SCR-170 Администрирование; SCR-171 Пользователи; SCR-172 Карточка пользователя; SCR-173 Создание/активация пользователя; SCR-174 Block/deactivate user; SCR-175 Отделы; SCR-176 Audit, policy engine, management APIs; SCR-177 Роли и permissions; SCR-178 Audit, policy engine, management APIs; SCR-179 Effective permission diagnostics; SCR-180 Устройства; SCR-181 Sessions и login attempts; SCR-182 Сетевые ресурсы; SCR-183 Settings APIs, Windows settings; SCR-184 Фоновые задания; SCR-185 Резервные копии; SCR-186 Audit; SCR-187 Organization settings / feature flags; SCR-188 Audit, policy engine, management APIs",FLOW-029 Блокировка пользователя; FLOW-030 Изменение permissions,,Desktop/resilience,High,OpenAPI `POST_api_v1_departments_id_archive`; Stage_3_Field_Traceability_Final_3.5.csv; cross-cutting requirement SYNC-019
AC-2649,AC,MOD-019,Администрирование,Command outage behavior for FR-197,GET_api_v1_sync_changes; POST_api_v1_sync_bootstrap; POST_api_v1_sync_ack,GET /api/v1/sync/changes; POST /api/v1/sync/bootstrap; POST /api/v1/sync/ack,—,OrganizerController.GET_api_v1_sync_changes; OrganizerController.POST_api_v1_sync_bootstrap; OrganizerController.POST_api_v1_sync_ack,"SCR-170 Администрирование; SCR-171 Пользователи; SCR-172 Карточка пользователя; SCR-173 Создание/активация пользователя; SCR-174 Block/deactivate user; SCR-175 Отделы; SCR-176 Audit, policy engine, management APIs; SCR-177 Роли и permissions; SCR-178 Audit, policy engine, management APIs; SCR-179 Effective permission diagnostics; SCR-180 Устройства; SCR-181 Sessions и login attempts; SCR-182 Сетевые ресурсы; SCR-183 Settings APIs, Windows settings; SCR-184 Фоновые задания; SCR-185 Резервные копии; SCR-186 Audit; SCR-187 Organization settings / feature flags; SCR-188 Audit, policy engine, management APIs",FLOW-029 Блокировка пользователя; FLOW-030 Изменение permissions,,Desktop/resilience,High,OpenAPI `PUT_api_v1_departments_id_managers`; Stage_3_Field_Traceability_Final_3.5.csv; cross-cutting requirement SYNC-019
AC-2650,AC,MOD-019,Администрирование,Command outage behavior for FR-198,GET_api_v1_sync_changes; POST_api_v1_sync_bootstrap; POST_api_v1_sync_ack,GET /api/v1/sync/changes; POST /api/v1/sync/bootstrap; POST /api/v1/sync/ack,—,OrganizerController.GET_api_v1_sync_changes; OrganizerController.POST_api_v1_sync_bootstrap; OrganizerController.POST_api_v1_sync_ack,"SCR-170 Администрирование; SCR-171 Пользователи; SCR-172 Карточка пользователя; SCR-173 Создание/активация пользователя; SCR-174 Block/deactivate user; SCR-175 Отделы; SCR-176 Audit, policy engine, management APIs; SCR-177 Роли и permissions; SCR-178 Audit, policy engine, management APIs; SCR-179 Effective permission diagnostics; SCR-180 Устройства; SCR-181 Sessions и login attempts; SCR-182 Сетевые ресурсы; SCR-183 Settings APIs, Windows settings; SCR-184 Фоновые задания; SCR-185 Резервные копии; SCR-186 Audit; SCR-187 Organization settings / feature flags; SCR-188 Audit, policy engine, management APIs",FLOW-029 Блокировка пользователя; FLOW-030 Изменение permissions,,Desktop/resilience,High,OpenAPI `POST_api_v1_departments_id_restore`; Stage_3_Field_Traceability_Final_3.5.csv; cross-cutting requirement SYNC-019
AC-2651,AC,MOD-019,Администрирование,Command outage behavior for FR-199,GET_api_v1_sync_changes; POST_api_v1_sync_bootstrap; POST_api_v1_sync_ack,GET /api/v1/sync/changes; POST /api/v1/sync/bootstrap; POST /api/v1/sync/ack,—,OrganizerController.GET_api_v1_sync_changes; OrganizerController.POST_api_v1_sync_bootstrap; OrganizerController.POST_api_v1_sync_ack,"SCR-170 Администрирование; SCR-171 Пользователи; SCR-172 Карточка пользователя; SCR-173 Создание/активация пользователя; SCR-174 Block/deactivate user; SCR-175 Отделы; SCR-176 Audit, policy engine, management APIs; SCR-177 Роли и permissions; SCR-178 Audit, policy engine, management APIs; SCR-179 Effective permission diagnostics; SCR-180 Устройства; SCR-181 Sessions и login attempts; SCR-182 Сетевые ресурсы; SCR-183 Settings APIs, Windows settings; SCR-184 Фоновые задания; SCR-185 Резервные копии; SCR-186 Audit; SCR-187 Organization settings / feature flags; SCR-188 Audit, policy engine, management APIs",FLOW-029 Блокировка пользователя; FLOW-030 Изменение permissions,,Desktop/resilience,High,OpenAPI `POST_api_v1_departments_id_unarchive`; Stage_3_Field_Traceability_Final_3.5.csv; cross-cutting requirement SYNC-019
AC-2652,AC,MOD-019,Администрирование,Read outage behavior for FR-200,GET_api_v1_sync_changes; POST_api_v1_sync_bootstrap; POST_api_v1_sync_ack,GET /api/v1/sync/changes; POST /api/v1/sync/bootstrap; POST /api/v1/sync/ack,—,OrganizerController.GET_api_v1_sync_changes; OrganizerController.POST_api_v1_sync_bootstrap; OrganizerController.POST_api_v1_sync_ack,"SCR-170 Администрирование; SCR-171 Пользователи; SCR-172 Карточка пользователя; SCR-173 Создание/активация пользователя; SCR-174 Block/deactivate user; SCR-175 Отделы; SCR-176 Audit, policy engine, management APIs; SCR-177 Роли и permissions; SCR-178 Audit, policy engine, management APIs; SCR-179 Effective permission diagnostics; SCR-180 Устройства; SCR-181 Sessions и login attempts; SCR-182 Сетевые ресурсы; SCR-183 Settings APIs, Windows settings; SCR-184 Фоновые задания; SCR-185 Резервные копии; SCR-186 Audit; SCR-187 Organization settings / feature flags; SCR-188 Audit, policy engine, management APIs",FLOW-029 Блокировка пользователя; FLOW-030 Изменение permissions,,Desktop/resilience,High,OpenAPI `GET_api_v1_devices`; Stage_3_Field_Traceability_Final_3.5.csv; cross-cutting requirement SYNC-019
AC-2653,AC,MOD-019,Администрирование,Read outage behavior for FR-201,GET_api_v1_sync_changes; POST_api_v1_sync_bootstrap; POST_api_v1_sync_ack,GET /api/v1/sync/changes; POST /api/v1/sync/bootstrap; POST /api/v1/sync/ack,—,OrganizerController.GET_api_v1_sync_changes; OrganizerController.POST_api_v1_sync_bootstrap; OrganizerController.POST_api_v1_sync_ack,"SCR-170 Администрирование; SCR-171 Пользователи; SCR-172 Карточка пользователя; SCR-173 Создание/активация пользователя; SCR-174 Block/deactivate user; SCR-175 Отделы; SCR-176 Audit, policy engine, management APIs; SCR-177 Роли и permissions; SCR-178 Audit, policy engine, management APIs; SCR-179 Effective permission diagnostics; SCR-180 Устройства; SCR-181 Sessions и login attempts; SCR-182 Сетевые ресурсы; SCR-183 Settings APIs, Windows settings; SCR-184 Фоновые задания; SCR-185 Резервные копии; SCR-186 Audit; SCR-187 Organization settings / feature flags; SCR-188 Audit, policy engine, management APIs",FLOW-029 Блокировка пользователя; FLOW-030 Изменение permissions,,Desktop/resilience,High,OpenAPI `GET_api_v1_devices_id`; Stage_3_Field_Traceability_Final_3.5.csv; cross-cutting requirement SYNC-019
AC-2654,AC,MOD-019,Администрирование,Command outage behavior for FR-202,GET_api_v1_sync_changes; POST_api_v1_sync_bootstrap; POST_api_v1_sync_ack,GET /api/v1/sync/changes; POST /api/v1/sync/bootstrap; POST /api/v1/sync/ack,—,OrganizerController.GET_api_v1_sync_changes; OrganizerController.POST_api_v1_sync_bootstrap; OrganizerController.POST_api_v1_sync_ack,"SCR-170 Администрирование; SCR-171 Пользователи; SCR-172 Карточка пользователя; SCR-173 Создание/активация пользователя; SCR-174 Block/deactivate user; SCR-175 Отделы; SCR-176 Audit, policy engine, management APIs; SCR-177 Роли и permissions; SCR-178 Audit, policy engine, management APIs; SCR-179 Effective permission diagnostics; SCR-180 Устройства; SCR-181 Sessions и login attempts; SCR-182 Сетевые ресурсы; SCR-183 Settings APIs, Windows settings; SCR-184 Фоновые задания; SCR-185 Резервные копии; SCR-186 Audit; SCR-187 Organization settings / feature flags; SCR-188 Audit, policy engine, management APIs",FLOW-029 Блокировка пользователя; FLOW-030 Изменение permissions,,Desktop/resilience,High,OpenAPI `PATCH_api_v1_devices_id`; Stage_3_Field_Traceability_Final_3.5.csv; cross-cutting requirement SYNC-019
AC-2655,AC,MOD-019,Администрирование,Command outage behavior for FR-203,GET_api_v1_sync_changes; POST_api_v1_sync_bootstrap; POST_api_v1_sync_ack,GET /api/v1/sync/changes; POST /api/v1/sync/bootstrap; POST /api/v1/sync/ack,—,OrganizerController.GET_api_v1_sync_changes; OrganizerController.POST_api_v1_sync_bootstrap; OrganizerController.POST_api_v1_sync_ack,"SCR-170 Администрирование; SCR-171 Пользователи; SCR-172 Карточка пользователя; SCR-173 Создание/активация пользователя; SCR-174 Block/deactivate user; SCR-175 Отделы; SCR-176 Audit, policy engine, management APIs; SCR-177 Роли и permissions; SCR-178 Audit, policy engine, management APIs; SCR-179 Effective permission diagnostics; SCR-180 Устройства; SCR-181 Sessions и login attempts; SCR-182 Сетевые ресурсы; SCR-183 Settings APIs, Windows settings; SCR-184 Фоновые задания; SCR-185 Резервные копии; SCR-186 Audit; SCR-187 Organization settings / feature flags; SCR-188 Audit, policy engine, management APIs",FLOW-029 Блокировка пользователя; FLOW-030 Изменение permissions,,Desktop/resilience,High,OpenAPI `POST_api_v1_devices_id_heartbeat`; Stage_3_Field_Traceability_Final_3.5.csv; cross-cutting requirement SYNC-019
AC-2656,AC,MOD-019,Администрирование,Command outage behavior for FR-204,GET_api_v1_sync_changes; POST_api_v1_sync_bootstrap; POST_api_v1_sync_ack,GET /api/v1/sync/changes; POST /api/v1/sync/bootstrap; POST /api/v1/sync/ack,—,OrganizerController.GET_api_v1_sync_changes; OrganizerController.POST_api_v1_sync_bootstrap; OrganizerController.POST_api_v1_sync_ack,"SCR-170 Администрирование; SCR-171 Пользователи; SCR-172 Карточка пользователя; SCR-173 Создание/активация пользователя; SCR-174 Block/deactivate user; SCR-175 Отделы; SCR-176 Audit, policy engine, management APIs; SCR-177 Роли и permissions; SCR-178 Audit, policy engine, management APIs; SCR-179 Effective permission diagnostics; SCR-180 Устройства; SCR-181 Sessions и login attempts; SCR-182 Сетевые ресурсы; SCR-183 Settings APIs, Windows settings; SCR-184 Фоновые задания; SCR-185 Резервные копии; SCR-186 Audit; SCR-187 Organization settings / feature flags; SCR-188 Audit, policy engine, management APIs",FLOW-029 Блокировка пользователя; FLOW-030 Изменение permissions,,Desktop/resilience,High,OpenAPI `POST_api_v1_devices_id_revoke`; Stage_3_Field_Traceability_Final_3.5.csv; cross-cutting requirement SYNC-019
AC-2657,AC,MOD-019,Администрирование,Read outage behavior for FR-205,GET_api_v1_sync_changes; POST_api_v1_sync_bootstrap; POST_api_v1_sync_ack,GET /api/v1/sync/changes; POST /api/v1/sync/bootstrap; POST /api/v1/sync/ack,—,OrganizerController.GET_api_v1_sync_changes; OrganizerController.POST_api_v1_sync_bootstrap; OrganizerController.POST_api_v1_sync_ack,"SCR-170 Администрирование; SCR-171 Пользователи; SCR-172 Карточка пользователя; SCR-173 Создание/активация пользователя; SCR-174 Block/deactivate user; SCR-175 Отделы; SCR-176 Audit, policy engine, management APIs; SCR-177 Роли и permissions; SCR-178 Audit, policy engine, management APIs; SCR-179 Effective permission diagnostics; SCR-180 Устройства; SCR-181 Sessions и login attempts; SCR-182 Сетевые ресурсы; SCR-183 Settings APIs, Windows settings; SCR-184 Фоновые задания; SCR-185 Резервные копии; SCR-186 Audit; SCR-187 Organization settings / feature flags; SCR-188 Audit, policy engine, management APIs",FLOW-029 Блокировка пользователя; FLOW-030 Изменение permissions,,Desktop/resilience,High,OpenAPI `GET_api_v1_network_resources`; Stage_3_Field_Traceability_Final_3.5.csv; cross-cutting requirement SYNC-019
AC-2658,AC,MOD-019,Администрирование,Command outage behavior for FR-206,GET_api_v1_sync_changes; POST_api_v1_sync_bootstrap; POST_api_v1_sync_ack,GET /api/v1/sync/changes; POST /api/v1/sync/bootstrap; POST /api/v1/sync/ack,—,OrganizerController.GET_api_v1_sync_changes; OrganizerController.POST_api_v1_sync_bootstrap; OrganizerController.POST_api_v1_sync_ack,"SCR-170 Администрирование; SCR-171 Пользователи; SCR-172 Карточка пользователя; SCR-173 Создание/активация пользователя; SCR-174 Block/deactivate user; SCR-175 Отделы; SCR-176 Audit, policy engine, management APIs; SCR-177 Роли и permissions; SCR-178 Audit, policy engine, management APIs; SCR-179 Effective permission diagnostics; SCR-180 Устройства; SCR-181 Sessions и login attempts; SCR-182 Сетевые ресурсы; SCR-183 Settings APIs, Windows settings; SCR-184 Фоновые задания; SCR-185 Резервные копии; SCR-186 Audit; SCR-187 Organization settings / feature flags; SCR-188 Audit, policy engine, management APIs",FLOW-029 Блокировка пользователя; FLOW-030 Изменение permissions,,Desktop/resilience,High,OpenAPI `POST_api_v1_network_resources`; Stage_3_Field_Traceability_Final_3.5.csv; cross-cutting requirement SYNC-019
AC-2659,AC,MOD-019,Администрирование,Command outage behavior for FR-207,GET_api_v1_sync_changes; POST_api_v1_sync_bootstrap; POST_api_v1_sync_ack,GET /api/v1/sync/changes; POST /api/v1/sync/bootstrap; POST /api/v1/sync/ack,—,OrganizerController.GET_api_v1_sync_changes; OrganizerController.POST_api_v1_sync_bootstrap; OrganizerController.POST_api_v1_sync_ack,"SCR-170 Администрирование; SCR-171 Пользователи; SCR-172 Карточка пользователя; SCR-173 Создание/активация пользователя; SCR-174 Block/deactivate user; SCR-175 Отделы; SCR-176 Audit, policy engine, management APIs; SCR-177 Роли и permissions; SCR-178 Audit, policy engine, management APIs; SCR-179 Effective permission diagnostics; SCR-180 Устройства; SCR-181 Sessions и login attempts; SCR-182 Сетевые ресурсы; SCR-183 Settings APIs, Windows settings; SCR-184 Фоновые задания; SCR-185 Резервные копии; SCR-186 Audit; SCR-187 Organization settings / feature flags; SCR-188 Audit, policy engine, management APIs",FLOW-029 Блокировка пользователя; FLOW-030 Изменение permissions,,Desktop/resilience,High,OpenAPI `PATCH_api_v1_network_resources_id`; Stage_3_Field_Traceability_Final_3.5.csv; cross-cutting requirement SYNC-019
AC-2660,AC,MOD-019,Администрирование,Command outage behavior for FR-208,GET_api_v1_sync_changes; POST_api_v1_sync_bootstrap; POST_api_v1_sync_ack,GET /api/v1/sync/changes; POST /api/v1/sync/bootstrap; POST /api/v1/sync/ack,—,OrganizerController.GET_api_v1_sync_changes; OrganizerController.POST_api_v1_sync_bootstrap; OrganizerController.POST_api_v1_sync_ack,"SCR-170 Администрирование; SCR-171 Пользователи; SCR-172 Карточка пользователя; SCR-173 Создание/активация пользователя; SCR-174 Block/deactivate user; SCR-175 Отделы; SCR-176 Audit, policy engine, management APIs; SCR-177 Роли и permissions; SCR-178 Audit, policy engine, management APIs; SCR-179 Effective permission diagnostics; SCR-180 Устройства; SCR-181 Sessions и login attempts; SCR-182 Сетевые ресурсы; SCR-183 Settings APIs, Windows settings; SCR-184 Фоновые задания; SCR-185 Резервные копии; SCR-186 Audit; SCR-187 Organization settings / feature flags; SCR-188 Audit, policy engine, management APIs",FLOW-029 Блокировка пользователя; FLOW-030 Изменение permissions,,Desktop/resilience,High,OpenAPI `POST_api_v1_network_resources_id_probe`; Stage_3_Field_Traceability_Final_3.5.csv; cross-cutting requirement SYNC-019
AC-2661,AC,MOD-019,Администрирование,Read outage behavior for FR-209,GET_api_v1_sync_changes; POST_api_v1_sync_bootstrap; POST_api_v1_sync_ack,GET /api/v1/sync/changes; POST /api/v1/sync/bootstrap; POST /api/v1/sync/ack,—,OrganizerController.GET_api_v1_sync_changes; OrganizerController.POST_api_v1_sync_bootstrap; OrganizerController.POST_api_v1_sync_ack,"SCR-170 Администрирование; SCR-171 Пользователи; SCR-172 Карточка пользователя; SCR-173 Создание/активация пользователя; SCR-174 Block/deactivate user; SCR-175 Отделы; SCR-176 Audit, policy engine, management APIs; SCR-177 Роли и permissions; SCR-178 Audit, policy engine, management APIs; SCR-179 Effective permission diagnostics; SCR-180 Устройства; SCR-181 Sessions и login attempts; SCR-182 Сетевые ресурсы; SCR-183 Settings APIs, Windows settings; SCR-184 Фоновые задания; SCR-185 Резервные копии; SCR-186 Audit; SCR-187 Organization settings / feature flags; SCR-188 Audit, policy engine, management APIs",FLOW-029 Блокировка пользователя; FLOW-030 Изменение permissions,,Desktop/resilience,High,OpenAPI `GET_health_details`; Stage_3_Field_Traceability_Final_3.5.csv; cross-cutting requirement SYNC-019
AC-2662,AC,MOD-019,Администрирование,Read outage behavior for FR-210,GET_api_v1_sync_changes; POST_api_v1_sync_bootstrap; POST_api_v1_sync_ack,GET /api/v1/sync/changes; POST /api/v1/sync/bootstrap; POST /api/v1/sync/ack,—,OrganizerController.GET_api_v1_sync_changes; OrganizerController.POST_api_v1_sync_bootstrap; OrganizerController.POST_api_v1_sync_ack,"SCR-170 Администрирование; SCR-171 Пользователи; SCR-172 Карточка пользователя; SCR-173 Создание/активация пользователя; SCR-174 Block/deactivate user; SCR-175 Отделы; SCR-176 Audit, policy engine, management APIs; SCR-177 Роли и permissions; SCR-178 Audit, policy engine, management APIs; SCR-179 Effective permission diagnostics; SCR-180 Устройства; SCR-181 Sessions и login attempts; SCR-182 Сетевые ресурсы; SCR-183 Settings APIs, Windows settings; SCR-184 Фоновые задания; SCR-185 Резервные копии; SCR-186 Audit; SCR-187 Organization settings / feature flags; SCR-188 Audit, policy engine, management APIs",FLOW-029 Блокировка пользователя; FLOW-030 Изменение permissions,,Desktop/resilience,High,OpenAPI `GET_api_v1_permissions`; Stage_3_Field_Traceability_Final_3.5.csv; cross-cutting requirement SYNC-019
AC-2663,AC,MOD-019,Администрирование,Read outage behavior for FR-211,GET_api_v1_sync_changes; POST_api_v1_sync_bootstrap; POST_api_v1_sync_ack,GET /api/v1/sync/changes; POST /api/v1/sync/bootstrap; POST /api/v1/sync/ack,—,OrganizerController.GET_api_v1_sync_changes; OrganizerController.POST_api_v1_sync_bootstrap; OrganizerController.POST_api_v1_sync_ack,"SCR-170 Администрирование; SCR-171 Пользователи; SCR-172 Карточка пользователя; SCR-173 Создание/активация пользователя; SCR-174 Block/deactivate user; SCR-175 Отделы; SCR-176 Audit, policy engine, management APIs; SCR-177 Роли и permissions; SCR-178 Audit, policy engine, management APIs; SCR-179 Effective permission diagnostics; SCR-180 Устройства; SCR-181 Sessions и login attempts; SCR-182 Сетевые ресурсы; SCR-183 Settings APIs, Windows settings; SCR-184 Фоновые задания; SCR-185 Резервные копии; SCR-186 Audit; SCR-187 Organization settings / feature flags; SCR-188 Audit, policy engine, management APIs",FLOW-029 Блокировка пользователя; FLOW-030 Изменение permissions,,Desktop/resilience,High,OpenAPI `GET_api_v1_project_roles`; Stage_3_Field_Traceability_Final_3.5.csv; cross-cutting requirement SYNC-019
AC-2664,AC,MOD-019,Администрирование,Command outage behavior for FR-212,GET_api_v1_sync_changes; POST_api_v1_sync_bootstrap; POST_api_v1_sync_ack,GET /api/v1/sync/changes; POST /api/v1/sync/bootstrap; POST /api/v1/sync/ack,—,OrganizerController.GET_api_v1_sync_changes; OrganizerController.POST_api_v1_sync_bootstrap; OrganizerController.POST_api_v1_sync_ack,"SCR-170 Администрирование; SCR-171 Пользователи; SCR-172 Карточка пользователя; SCR-173 Создание/активация пользователя; SCR-174 Block/deactivate user; SCR-175 Отделы; SCR-176 Audit, policy engine, management APIs; SCR-177 Роли и permissions; SCR-178 Audit, policy engine, management APIs; SCR-179 Effective permission diagnostics; SCR-180 Устройства; SCR-181 Sessions и login attempts; SCR-182 Сетевые ресурсы; SCR-183 Settings APIs, Windows settings; SCR-184 Фоновые задания; SCR-185 Резервные копии; SCR-186 Audit; SCR-187 Organization settings / feature flags; SCR-188 Audit, policy engine, management APIs",FLOW-029 Блокировка пользователя; FLOW-030 Изменение permissions,,Desktop/resilience,High,OpenAPI `PUT_api_v1_project_roles_id_permissions`; Stage_3_Field_Traceability_Final_3.5.csv; cross-cutting requirement SYNC-019
AC-2665,AC,MOD-019,Администрирование,Read outage behavior for FR-213,GET_api_v1_sync_changes; POST_api_v1_sync_bootstrap; POST_api_v1_sync_ack,GET /api/v1/sync/changes; POST /api/v1/sync/bootstrap; POST /api/v1/sync/ack,—,OrganizerController.GET_api_v1_sync_changes; OrganizerController.POST_api_v1_sync_bootstrap; OrganizerController.POST_api_v1_sync_ack,"SCR-170 Администрирование; SCR-171 Пользователи; SCR-172 Карточка пользователя; SCR-173 Создание/активация пользователя; SCR-174 Block/deactivate user; SCR-175 Отделы; SCR-176 Audit, policy engine, management APIs; SCR-177 Роли и permissions; SCR-178 Audit, policy engine, management APIs; SCR-179 Effective permission diagnostics; SCR-180 Устройства; SCR-181 Sessions и login attempts; SCR-182 Сетевые ресурсы; SCR-183 Settings APIs, Windows settings; SCR-184 Фоновые задания; SCR-185 Резервные копии; SCR-186 Audit; SCR-187 Organization settings / feature flags; SCR-188 Audit, policy engine, management APIs",FLOW-029 Блокировка пользователя; FLOW-030 Изменение permissions,,Desktop/resilience,High,OpenAPI `GET_api_v1_roles`; Stage_3_Field_Traceability_Final_3.5.csv; cross-cutting requirement SYNC-019
AC-2666,AC,MOD-019,Администрирование,Command outage behavior for FR-214,GET_api_v1_sync_changes; POST_api_v1_sync_bootstrap; POST_api_v1_sync_ack,GET /api/v1/sync/changes; POST /api/v1/sync/bootstrap; POST /api/v1/sync/ack,—,OrganizerController.GET_api_v1_sync_changes; OrganizerController.POST_api_v1_sync_bootstrap; OrganizerController.POST_api_v1_sync_ack,"SCR-170 Администрирование; SCR-171 Пользователи; SCR-172 Карточка пользователя; SCR-173 Создание/активация пользователя; SCR-174 Block/deactivate user; SCR-175 Отделы; SCR-176 Audit, policy engine, management APIs; SCR-177 Роли и permissions; SCR-178 Audit, policy engine, management APIs; SCR-179 Effective permission diagnostics; SCR-180 Устройства; SCR-181 Sessions и login attempts; SCR-182 Сетевые ресурсы; SCR-183 Settings APIs, Windows settings; SCR-184 Фоновые задания; SCR-185 Резервные копии; SCR-186 Audit; SCR-187 Organization settings / feature flags; SCR-188 Audit, policy engine, management APIs",FLOW-029 Блокировка пользователя; FLOW-030 Изменение permissions,,Desktop/resilience,High,OpenAPI `POST_api_v1_roles`; Stage_3_Field_Traceability_Final_3.5.csv; cross-cutting requirement SYNC-019
AC-2667,AC,MOD-019,Администрирование,Command outage behavior for FR-215,GET_api_v1_sync_changes; POST_api_v1_sync_bootstrap; POST_api_v1_sync_ack,GET /api/v1/sync/changes; POST /api/v1/sync/bootstrap; POST /api/v1/sync/ack,—,OrganizerController.GET_api_v1_sync_changes; OrganizerController.POST_api_v1_sync_bootstrap; OrganizerController.POST_api_v1_sync_ack,"SCR-170 Администрирование; SCR-171 Пользователи; SCR-172 Карточка пользователя; SCR-173 Создание/активация пользователя; SCR-174 Block/deactivate user; SCR-175 Отделы; SCR-176 Audit, policy engine, management APIs; SCR-177 Роли и permissions; SCR-178 Audit, policy engine, management APIs; SCR-179 Effective permission diagnostics; SCR-180 Устройства; SCR-181 Sessions и login attempts; SCR-182 Сетевые ресурсы; SCR-183 Settings APIs, Windows settings; SCR-184 Фоновые задания; SCR-185 Резервные копии; SCR-186 Audit; SCR-187 Organization settings / feature flags; SCR-188 Audit, policy engine, management APIs",FLOW-029 Блокировка пользователя; FLOW-030 Изменение permissions,,Desktop/resilience,High,OpenAPI `DELETE_api_v1_roles_id`; Stage_3_Field_Traceability_Final_3.5.csv; cross-cutting requirement SYNC-019
AC-2668,AC,MOD-019,Администрирование,Read outage behavior for FR-216,GET_api_v1_sync_changes; POST_api_v1_sync_bootstrap; POST_api_v1_sync_ack,GET /api/v1/sync/changes; POST /api/v1/sync/bootstrap; POST /api/v1/sync/ack,—,OrganizerController.GET_api_v1_sync_changes; OrganizerController.POST_api_v1_sync_bootstrap; OrganizerController.POST_api_v1_sync_ack,"SCR-170 Администрирование; SCR-171 Пользователи; SCR-172 Карточка пользователя; SCR-173 Создание/активация пользователя; SCR-174 Block/deactivate user; SCR-175 Отделы; SCR-176 Audit, policy engine, management APIs; SCR-177 Роли и permissions; SCR-178 Audit, policy engine, management APIs; SCR-179 Effective permission diagnostics; SCR-180 Устройства; SCR-181 Sessions и login attempts; SCR-182 Сетевые ресурсы; SCR-183 Settings APIs, Windows settings; SCR-184 Фоновые задания; SCR-185 Резервные копии; SCR-186 Audit; SCR-187 Organization settings / feature flags; SCR-188 Audit, policy engine, management APIs",FLOW-029 Блокировка пользователя; FLOW-030 Изменение permissions,,Desktop/resilience,High,OpenAPI `GET_api_v1_roles_id`; Stage_3_Field_Traceability_Final_3.5.csv; cross-cutting requirement SYNC-019
AC-2669,AC,MOD-019,Администрирование,Command outage behavior for FR-217,GET_api_v1_sync_changes; POST_api_v1_sync_bootstrap; POST_api_v1_sync_ack,GET /api/v1/sync/changes; POST /api/v1/sync/bootstrap; POST /api/v1/sync/ack,—,OrganizerController.GET_api_v1_sync_changes; OrganizerController.POST_api_v1_sync_bootstrap; OrganizerController.POST_api_v1_sync_ack,"SCR-170 Администрирование; SCR-171 Пользователи; SCR-172 Карточка пользователя; SCR-173 Создание/активация пользователя; SCR-174 Block/deactivate user; SCR-175 Отделы; SCR-176 Audit, policy engine, management APIs; SCR-177 Роли и permissions; SCR-178 Audit, policy engine, management APIs; SCR-179 Effective permission diagnostics; SCR-180 Устройства; SCR-181 Sessions и login attempts; SCR-182 Сетевые ресурсы; SCR-183 Settings APIs, Windows settings; SCR-184 Фоновые задания; SCR-185 Резервные копии; SCR-186 Audit; SCR-187 Organization settings / feature flags; SCR-188 Audit, policy engine, management APIs",FLOW-029 Блокировка пользователя; FLOW-030 Изменение permissions,,Desktop/resilience,High,OpenAPI `PATCH_api_v1_roles_id`; Stage_3_Field_Traceability_Final_3.5.csv; cross-cutting requirement SYNC-019
AC-2670,AC,MOD-019,Администрирование,Command outage behavior for FR-218,GET_api_v1_sync_changes; POST_api_v1_sync_bootstrap; POST_api_v1_sync_ack,GET /api/v1/sync/changes; POST /api/v1/sync/bootstrap; POST /api/v1/sync/ack,—,OrganizerController.GET_api_v1_sync_changes; OrganizerController.POST_api_v1_sync_bootstrap; OrganizerController.POST_api_v1_sync_ack,"SCR-170 Администрирование; SCR-171 Пользователи; SCR-172 Карточка пользователя; SCR-173 Создание/активация пользователя; SCR-174 Block/deactivate user; SCR-175 Отделы; SCR-176 Audit, policy engine, management APIs; SCR-177 Роли и permissions; SCR-178 Audit, policy engine, management APIs; SCR-179 Effective permission diagnostics; SCR-180 Устройства; SCR-181 Sessions и login attempts; SCR-182 Сетевые ресурсы; SCR-183 Settings APIs, Windows settings; SCR-184 Фоновые задания; SCR-185 Резервные копии; SCR-186 Audit; SCR-187 Organization settings / feature flags; SCR-188 Audit, policy engine, management APIs",FLOW-029 Блокировка пользователя; FLOW-030 Изменение permissions,,Desktop/resilience,High,OpenAPI `POST_api_v1_roles_id_activate`; Stage_3_Field_Traceability_Final_3.5.csv; cross-cutting requirement SYNC-019
AC-2671,AC,MOD-019,Администрирование,Command outage behavior for FR-219,GET_api_v1_sync_changes; POST_api_v1_sync_bootstrap; POST_api_v1_sync_ack,GET /api/v1/sync/changes; POST /api/v1/sync/bootstrap; POST /api/v1/sync/ack,—,OrganizerController.GET_api_v1_sync_changes; OrganizerController.POST_api_v1_sync_bootstrap; OrganizerController.POST_api_v1_sync_ack,"SCR-170 Администрирование; SCR-171 Пользователи; SCR-172 Карточка пользователя; SCR-173 Создание/активация пользователя; SCR-174 Block/deactivate user; SCR-175 Отделы; SCR-176 Audit, policy engine, management APIs; SCR-177 Роли и permissions; SCR-178 Audit, policy engine, management APIs; SCR-179 Effective permission diagnostics; SCR-180 Устройства; SCR-181 Sessions и login attempts; SCR-182 Сетевые ресурсы; SCR-183 Settings APIs, Windows settings; SCR-184 Фоновые задания; SCR-185 Резервные копии; SCR-186 Audit; SCR-187 Organization settings / feature flags; SCR-188 Audit, policy engine, management APIs",FLOW-029 Блокировка пользователя; FLOW-030 Изменение permissions,,Desktop/resilience,High,OpenAPI `PUT_api_v1_roles_id_permissions`; Stage_3_Field_Traceability_Final_3.5.csv; cross-cutting requirement SYNC-019
AC-2672,AC,MOD-019,Администрирование,Command outage behavior for FR-220,GET_api_v1_sync_changes; POST_api_v1_sync_bootstrap; POST_api_v1_sync_ack,GET /api/v1/sync/changes; POST /api/v1/sync/bootstrap; POST /api/v1/sync/ack,—,OrganizerController.GET_api_v1_sync_changes; OrganizerController.POST_api_v1_sync_bootstrap; OrganizerController.POST_api_v1_sync_ack,"SCR-170 Администрирование; SCR-171 Пользователи; SCR-172 Карточка пользователя; SCR-173 Создание/активация пользователя; SCR-174 Block/deactivate user; SCR-175 Отделы; SCR-176 Audit, policy engine, management APIs; SCR-177 Роли и permissions; SCR-178 Audit, policy engine, management APIs; SCR-179 Effective permission diagnostics; SCR-180 Устройства; SCR-181 Sessions и login attempts; SCR-182 Сетевые ресурсы; SCR-183 Settings APIs, Windows settings; SCR-184 Фоновые задания; SCR-185 Резервные копии; SCR-186 Audit; SCR-187 Organization settings / feature flags; SCR-188 Audit, policy engine, management APIs",FLOW-029 Блокировка пользователя; FLOW-030 Изменение permissions,,Desktop/resilience,High,OpenAPI `PUT_api_v1_users_id_roles`; Stage_3_Field_Traceability_Final_3.5.csv; cross-cutting requirement SYNC-019
AC-2673,AC,MOD-019,Администрирование,Read outage behavior for FR-221,GET_api_v1_sync_changes; POST_api_v1_sync_bootstrap; POST_api_v1_sync_ack,GET /api/v1/sync/changes; POST /api/v1/sync/bootstrap; POST /api/v1/sync/ack,—,OrganizerController.GET_api_v1_sync_changes; OrganizerController.POST_api_v1_sync_bootstrap; OrganizerController.POST_api_v1_sync_ack,"SCR-170 Администрирование; SCR-171 Пользователи; SCR-172 Карточка пользователя; SCR-173 Создание/активация пользователя; SCR-174 Block/deactivate user; SCR-175 Отделы; SCR-176 Audit, policy engine, management APIs; SCR-177 Роли и permissions; SCR-178 Audit, policy engine, management APIs; SCR-179 Effective permission diagnostics; SCR-180 Устройства; SCR-181 Sessions и login attempts; SCR-182 Сетевые ресурсы; SCR-183 Settings APIs, Windows settings; SCR-184 Фоновые задания; SCR-185 Резервные копии; SCR-186 Audit; SCR-187 Organization settings / feature flags; SCR-188 Audit, policy engine, management APIs",FLOW-029 Блокировка пользователя; FLOW-030 Изменение permissions,,Desktop/resilience,High,OpenAPI `GET_api_v1_users`; Stage_3_Field_Traceability_Final_3.5.csv; cross-cutting requirement SYNC-019
AC-2674,AC,MOD-019,Администрирование,Command outage behavior for FR-222,GET_api_v1_sync_changes; POST_api_v1_sync_bootstrap; POST_api_v1_sync_ack,GET /api/v1/sync/changes; POST /api/v1/sync/bootstrap; POST /api/v1/sync/ack,—,OrganizerController.GET_api_v1_sync_changes; OrganizerController.POST_api_v1_sync_bootstrap; OrganizerController.POST_api_v1_sync_ack,"SCR-170 Администрирование; SCR-171 Пользователи; SCR-172 Карточка пользователя; SCR-173 Создание/активация пользователя; SCR-174 Block/deactivate user; SCR-175 Отделы; SCR-176 Audit, policy engine, management APIs; SCR-177 Роли и permissions; SCR-178 Audit, policy engine, management APIs; SCR-179 Effective permission diagnostics; SCR-180 Устройства; SCR-181 Sessions и login attempts; SCR-182 Сетевые ресурсы; SCR-183 Settings APIs, Windows settings; SCR-184 Фоновые задания; SCR-185 Резервные копии; SCR-186 Audit; SCR-187 Organization settings / feature flags; SCR-188 Audit, policy engine, management APIs",FLOW-029 Блокировка пользователя; FLOW-030 Изменение permissions,,Desktop/resilience,High,OpenAPI `POST_api_v1_users`; Stage_3_Field_Traceability_Final_3.5.csv; cross-cutting requirement SYNC-019
AC-2675,AC,MOD-019,Администрирование,Read outage behavior for FR-223,GET_api_v1_sync_changes; POST_api_v1_sync_bootstrap; POST_api_v1_sync_ack,GET /api/v1/sync/changes; POST /api/v1/sync/bootstrap; POST /api/v1/sync/ack,—,OrganizerController.GET_api_v1_sync_changes; OrganizerController.POST_api_v1_sync_bootstrap; OrganizerController.POST_api_v1_sync_ack,"SCR-170 Администрирование; SCR-171 Пользователи; SCR-172 Карточка пользователя; SCR-173 Создание/активация пользователя; SCR-174 Block/deactivate user; SCR-175 Отделы; SCR-176 Audit, policy engine, management APIs; SCR-177 Роли и permissions; SCR-178 Audit, policy engine, management APIs; SCR-179 Effective permission diagnostics; SCR-180 Устройства; SCR-181 Sessions и login attempts; SCR-182 Сетевые ресурсы; SCR-183 Settings APIs, Windows settings; SCR-184 Фоновые задания; SCR-185 Резервные копии; SCR-186 Audit; SCR-187 Organization settings / feature flags; SCR-188 Audit, policy engine, management APIs",FLOW-029 Блокировка пользователя; FLOW-030 Изменение permissions,,Desktop/resilience,High,OpenAPI `GET_api_v1_users_id`; Stage_3_Field_Traceability_Final_3.5.csv; cross-cutting requirement SYNC-019
AC-2676,AC,MOD-019,Администрирование,Command outage behavior for FR-224,GET_api_v1_sync_changes; POST_api_v1_sync_bootstrap; POST_api_v1_sync_ack,GET /api/v1/sync/changes; POST /api/v1/sync/bootstrap; POST /api/v1/sync/ack,—,OrganizerController.GET_api_v1_sync_changes; OrganizerController.POST_api_v1_sync_bootstrap; OrganizerController.POST_api_v1_sync_ack,"SCR-170 Администрирование; SCR-171 Пользователи; SCR-172 Карточка пользователя; SCR-173 Создание/активация пользователя; SCR-174 Block/deactivate user; SCR-175 Отделы; SCR-176 Audit, policy engine, management APIs; SCR-177 Роли и permissions; SCR-178 Audit, policy engine, management APIs; SCR-179 Effective permission diagnostics; SCR-180 Устройства; SCR-181 Sessions и login attempts; SCR-182 Сетевые ресурсы; SCR-183 Settings APIs, Windows settings; SCR-184 Фоновые задания; SCR-185 Резервные копии; SCR-186 Audit; SCR-187 Organization settings / feature flags; SCR-188 Audit, policy engine, management APIs",FLOW-029 Блокировка пользователя; FLOW-030 Изменение permissions,,Desktop/resilience,High,OpenAPI `PATCH_api_v1_users_id`; Stage_3_Field_Traceability_Final_3.5.csv; cross-cutting requirement SYNC-019
AC-2677,AC,MOD-019,Администрирование,Command outage behavior for FR-225,GET_api_v1_sync_changes; POST_api_v1_sync_bootstrap; POST_api_v1_sync_ack,GET /api/v1/sync/changes; POST /api/v1/sync/bootstrap; POST /api/v1/sync/ack,—,OrganizerController.GET_api_v1_sync_changes; OrganizerController.POST_api_v1_sync_bootstrap; OrganizerController.POST_api_v1_sync_ack,"SCR-170 Администрирование; SCR-171 Пользователи; SCR-172 Карточка пользователя; SCR-173 Создание/активация пользователя; SCR-174 Block/deactivate user; SCR-175 Отделы; SCR-176 Audit, policy engine, management APIs; SCR-177 Роли и permissions; SCR-178 Audit, policy engine, management APIs; SCR-179 Effective permission diagnostics; SCR-180 Устройства; SCR-181 Sessions и login attempts; SCR-182 Сетевые ресурсы; SCR-183 Settings APIs, Windows settings; SCR-184 Фоновые задания; SCR-185 Резервные копии; SCR-186 Audit; SCR-187 Organization settings / feature flags; SCR-188 Audit, policy engine, management APIs",FLOW-029 Блокировка пользователя; FLOW-030 Изменение permissions,,Desktop/resilience,High,OpenAPI `POST_api_v1_users_id_activate`; Stage_3_Field_Traceability_Final_3.5.csv; cross-cutting requirement SYNC-019
AC-2678,AC,MOD-019,Администрирование,Command outage behavior for FR-226,GET_api_v1_sync_changes; POST_api_v1_sync_bootstrap; POST_api_v1_sync_ack,GET /api/v1/sync/changes; POST /api/v1/sync/bootstrap; POST /api/v1/sync/ack,—,OrganizerController.GET_api_v1_sync_changes; OrganizerController.POST_api_v1_sync_bootstrap; OrganizerController.POST_api_v1_sync_ack,"SCR-170 Администрирование; SCR-171 Пользователи; SCR-172 Карточка пользователя; SCR-173 Создание/активация пользователя; SCR-174 Block/deactivate user; SCR-175 Отделы; SCR-176 Audit, policy engine, management APIs; SCR-177 Роли и permissions; SCR-178 Audit, policy engine, management APIs; SCR-179 Effective permission diagnostics; SCR-180 Устройства; SCR-181 Sessions и login attempts; SCR-182 Сетевые ресурсы; SCR-183 Settings APIs, Windows settings; SCR-184 Фоновые задания; SCR-185 Резервные копии; SCR-186 Audit; SCR-187 Organization settings / feature flags; SCR-188 Audit, policy engine, management APIs",FLOW-029 Блокировка пользователя; FLOW-030 Изменение permissions,,Desktop/resilience,High,OpenAPI `POST_api_v1_users_id_block`; Stage_3_Field_Traceability_Final_3.5.csv; cross-cutting requirement SYNC-019
AC-2679,AC,MOD-019,Администрирование,Command outage behavior for FR-227,GET_api_v1_sync_changes; POST_api_v1_sync_bootstrap; POST_api_v1_sync_ack,GET /api/v1/sync/changes; POST /api/v1/sync/bootstrap; POST /api/v1/sync/ack,—,OrganizerController.GET_api_v1_sync_changes; OrganizerController.POST_api_v1_sync_bootstrap; OrganizerController.POST_api_v1_sync_ack,"SCR-170 Администрирование; SCR-171 Пользователи; SCR-172 Карточка пользователя; SCR-173 Создание/активация пользователя; SCR-174 Block/deactivate user; SCR-175 Отделы; SCR-176 Audit, policy engine, management APIs; SCR-177 Роли и permissions; SCR-178 Audit, policy engine, management APIs; SCR-179 Effective permission diagnostics; SCR-180 Устройства; SCR-181 Sessions и login attempts; SCR-182 Сетевые ресурсы; SCR-183 Settings APIs, Windows settings; SCR-184 Фоновые задания; SCR-185 Резервные копии; SCR-186 Audit; SCR-187 Organization settings / feature flags; SCR-188 Audit, policy engine, management APIs",FLOW-029 Блокировка пользователя; FLOW-030 Изменение permissions,,Desktop/resilience,High,OpenAPI `POST_api_v1_users_id_deactivate`; Stage_3_Field_Traceability_Final_3.5.csv; cross-cutting requirement SYNC-019
AC-2680,AC,MOD-019,Администрирование,Read outage behavior for FR-228,GET_api_v1_sync_changes; POST_api_v1_sync_bootstrap; POST_api_v1_sync_ack,GET /api/v1/sync/changes; POST /api/v1/sync/bootstrap; POST /api/v1/sync/ack,—,OrganizerController.GET_api_v1_sync_changes; OrganizerController.POST_api_v1_sync_bootstrap; OrganizerController.POST_api_v1_sync_ack,"SCR-170 Администрирование; SCR-171 Пользователи; SCR-172 Карточка пользователя; SCR-173 Создание/активация пользователя; SCR-174 Block/deactivate user; SCR-175 Отделы; SCR-176 Audit, policy engine, management APIs; SCR-177 Роли и permissions; SCR-178 Audit, policy engine, management APIs; SCR-179 Effective permission diagnostics; SCR-180 Устройства; SCR-181 Sessions и login attempts; SCR-182 Сетевые ресурсы; SCR-183 Settings APIs, Windows settings; SCR-184 Фоновые задания; SCR-185 Резервные копии; SCR-186 Audit; SCR-187 Organization settings / feature flags; SCR-188 Audit, policy engine, management APIs",FLOW-029 Блокировка пользователя; FLOW-030 Изменение permissions,,Desktop/resilience,High,OpenAPI `GET_api_v1_users_id_effective_permissions`; Stage_3_Field_Traceability_Final_3.5.csv; cross-cutting requirement SYNC-019
AC-2681,AC,MOD-019,Администрирование,Command outage behavior for FR-229,GET_api_v1_sync_changes; POST_api_v1_sync_bootstrap; POST_api_v1_sync_ack,GET /api/v1/sync/changes; POST /api/v1/sync/bootstrap; POST /api/v1/sync/ack,—,OrganizerController.GET_api_v1_sync_changes; OrganizerController.POST_api_v1_sync_bootstrap; OrganizerController.POST_api_v1_sync_ack,"SCR-170 Администрирование; SCR-171 Пользователи; SCR-172 Карточка пользователя; SCR-173 Создание/активация пользователя; SCR-174 Block/deactivate user; SCR-175 Отделы; SCR-176 Audit, policy engine, management APIs; SCR-177 Роли и permissions; SCR-178 Audit, policy engine, management APIs; SCR-179 Effective permission diagnostics; SCR-180 Устройства; SCR-181 Sessions и login attempts; SCR-182 Сетевые ресурсы; SCR-183 Settings APIs, Windows settings; SCR-184 Фоновые задания; SCR-185 Резервные копии; SCR-186 Audit; SCR-187 Organization settings / feature flags; SCR-188 Audit, policy engine, management APIs",FLOW-029 Блокировка пользователя; FLOW-030 Изменение permissions,,Desktop/resilience,High,OpenAPI `POST_api_v1_users_id_reactivate`; Stage_3_Field_Traceability_Final_3.5.csv; cross-cutting requirement SYNC-019
AC-2682,AC,MOD-019,Администрирование,Command outage behavior for FR-230,GET_api_v1_sync_changes; POST_api_v1_sync_bootstrap; POST_api_v1_sync_ack,GET /api/v1/sync/changes; POST /api/v1/sync/bootstrap; POST /api/v1/sync/ack,—,OrganizerController.GET_api_v1_sync_changes; OrganizerController.POST_api_v1_sync_bootstrap; OrganizerController.POST_api_v1_sync_ack,"SCR-170 Администрирование; SCR-171 Пользователи; SCR-172 Карточка пользователя; SCR-173 Создание/активация пользователя; SCR-174 Block/deactivate user; SCR-175 Отделы; SCR-176 Audit, policy engine, management APIs; SCR-177 Роли и permissions; SCR-178 Audit, policy engine, management APIs; SCR-179 Effective permission diagnostics; SCR-180 Устройства; SCR-181 Sessions и login attempts; SCR-182 Сетевые ресурсы; SCR-183 Settings APIs, Windows settings; SCR-184 Фоновые задания; SCR-185 Резервные копии; SCR-186 Audit; SCR-187 Organization settings / feature flags; SCR-188 Audit, policy engine, management APIs",FLOW-029 Блокировка пользователя; FLOW-030 Изменение permissions,,Desktop/resilience,High,OpenAPI `POST_api_v1_users_id_unblock`; Stage_3_Field_Traceability_Final_3.5.csv; cross-cutting requirement SYNC-019
AC-2683,AC,MOD-019,Администрирование,Read outage behavior for FR-265,GET_api_v1_sync_changes; POST_api_v1_sync_bootstrap; POST_api_v1_sync_ack,GET /api/v1/sync/changes; POST /api/v1/sync/bootstrap; POST /api/v1/sync/ack,—,OrganizerController.GET_api_v1_sync_changes; OrganizerController.POST_api_v1_sync_bootstrap; OrganizerController.POST_api_v1_sync_ack,"SCR-170 Администрирование; SCR-171 Пользователи; SCR-172 Карточка пользователя; SCR-173 Создание/активация пользователя; SCR-174 Block/deactivate user; SCR-175 Отделы; SCR-176 Audit, policy engine, management APIs; SCR-177 Роли и permissions; SCR-178 Audit, policy engine, management APIs; SCR-179 Effective permission diagnostics; SCR-180 Устройства; SCR-181 Sessions и login attempts; SCR-182 Сетевые ресурсы; SCR-183 Settings APIs, Windows settings; SCR-184 Фоновые задания; SCR-185 Резервные копии; SCR-186 Audit; SCR-187 Organization settings / feature flags; SCR-188 Audit, policy engine, management APIs",FLOW-029 Блокировка пользователя; FLOW-030 Изменение permissions,,Desktop/resilience,High,Stage 2.3.1 OpenAPI 1.2.0-stage2.3; Stage 3.5 UX baseline; Stage 4.3 remediation; cross-cutting requirement SYNC-019
AC-2888,AC,MOD-019,Администрирование,Audit evidence for FR-178,— (domain command + audit/history endpoints),—,—,— (domain handlers + audit pipeline),"SCR-170 Администрирование; SCR-171 Пользователи; SCR-172 Карточка пользователя; SCR-173 Создание/активация пользователя; SCR-174 Block/deactivate user; SCR-175 Отделы; SCR-176 Audit, policy engine, management APIs; SCR-177 Роли и permissions; SCR-178 Audit, policy engine, management APIs; SCR-179 Effective permission diagnostics; SCR-180 Устройства; SCR-181 Sessions и login attempts; SCR-182 Сетевые ресурсы; SCR-183 Settings APIs, Windows settings; SCR-184 Фоновые задания; SCR-185 Резервные копии; SCR-186 Audit; SCR-187 Organization settings / feature flags; SCR-188 Audit, policy engine, management APIs",FLOW-029 Блокировка пользователя; FLOW-030 Изменение permissions,,Audit/security,Critical,OpenAPI `POST_api_v1_admin_backups`; Stage_3_Field_Traceability_Final_3.5.csv; cross-cutting requirement AUDIT-019
AC-2889,AC,MOD-019,Администрирование,Audit evidence for FR-179,— (domain command + audit/history endpoints),—,—,— (domain handlers + audit pipeline),"SCR-170 Администрирование; SCR-171 Пользователи; SCR-172 Карточка пользователя; SCR-173 Создание/активация пользователя; SCR-174 Block/deactivate user; SCR-175 Отделы; SCR-176 Audit, policy engine, management APIs; SCR-177 Роли и permissions; SCR-178 Audit, policy engine, management APIs; SCR-179 Effective permission diagnostics; SCR-180 Устройства; SCR-181 Sessions и login attempts; SCR-182 Сетевые ресурсы; SCR-183 Settings APIs, Windows settings; SCR-184 Фоновые задания; SCR-185 Резервные копии; SCR-186 Audit; SCR-187 Organization settings / feature flags; SCR-188 Audit, policy engine, management APIs",FLOW-029 Блокировка пользователя; FLOW-030 Изменение permissions,,Audit/security,Critical,OpenAPI `POST_api_v1_admin_backups_id_restore`; Stage_3_Field_Traceability_Final_3.5.csv; cross-cutting requirement AUDIT-019
AC-2890,AC,MOD-019,Администрирование,Audit evidence for FR-180,— (domain command + audit/history endpoints),—,—,— (domain handlers + audit pipeline),"SCR-170 Администрирование; SCR-171 Пользователи; SCR-172 Карточка пользователя; SCR-173 Создание/активация пользователя; SCR-174 Block/deactivate user; SCR-175 Отделы; SCR-176 Audit, policy engine, management APIs; SCR-177 Роли и permissions; SCR-178 Audit, policy engine, management APIs; SCR-179 Effective permission diagnostics; SCR-180 Устройства; SCR-181 Sessions и login attempts; SCR-182 Сетевые ресурсы; SCR-183 Settings APIs, Windows settings; SCR-184 Фоновые задания; SCR-185 Резервные копии; SCR-186 Audit; SCR-187 Organization settings / feature flags; SCR-188 Audit, policy engine, management APIs",FLOW-029 Блокировка пользователя; FLOW-030 Изменение permissions,,Audit/security,Critical,OpenAPI `POST_api_v1_admin_backups_id_verify`; Stage_3_Field_Traceability_Final_3.5.csv; cross-cutting requirement AUDIT-019
AC-2891,AC,MOD-019,Администрирование,Audit evidence for FR-181,— (domain command + audit/history endpoints),—,—,— (domain handlers + audit pipeline),"SCR-170 Администрирование; SCR-171 Пользователи; SCR-172 Карточка пользователя; SCR-173 Создание/активация пользователя; SCR-174 Block/deactivate user; SCR-175 Отделы; SCR-176 Audit, policy engine, management APIs; SCR-177 Роли и permissions; SCR-178 Audit, policy engine, management APIs; SCR-179 Effective permission diagnostics; SCR-180 Устройства; SCR-181 Sessions и login attempts; SCR-182 Сетевые ресурсы; SCR-183 Settings APIs, Windows settings; SCR-184 Фоновые задания; SCR-185 Резервные копии; SCR-186 Audit; SCR-187 Organization settings / feature flags; SCR-188 Audit, policy engine, management APIs",FLOW-029 Блокировка пользователя; FLOW-030 Изменение permissions,,Audit/security,Critical,OpenAPI `POST_api_v1_admin_change_feed_compact`; Stage_3_Field_Traceability_Final_3.5.csv; cross-cutting requirement AUDIT-019
AC-2892,AC,MOD-019,Администрирование,Audit evidence for FR-182,— (domain command + audit/history endpoints),—,—,— (domain handlers + audit pipeline),"SCR-170 Администрирование; SCR-171 Пользователи; SCR-172 Карточка пользователя; SCR-173 Создание/активация пользователя; SCR-174 Block/deactivate user; SCR-175 Отделы; SCR-176 Audit, policy engine, management APIs; SCR-177 Роли и permissions; SCR-178 Audit, policy engine, management APIs; SCR-179 Effective permission diagnostics; SCR-180 Устройства; SCR-181 Sessions и login attempts; SCR-182 Сетевые ресурсы; SCR-183 Settings APIs, Windows settings; SCR-184 Фоновые задания; SCR-185 Резервные копии; SCR-186 Audit; SCR-187 Organization settings / feature flags; SCR-188 Audit, policy engine, management APIs",FLOW-029 Блокировка пользователя; FLOW-030 Изменение permissions,,Audit/security,Critical,OpenAPI `PUT_api_v1_admin_feature_flags_key`; Stage_3_Field_Traceability_Final_3.5.csv; cross-cutting requirement AUDIT-019
AC-2893,AC,MOD-019,Администрирование,Audit evidence for FR-183,— (domain command + audit/history endpoints),—,—,— (domain handlers + audit pipeline),"SCR-170 Администрирование; SCR-171 Пользователи; SCR-172 Карточка пользователя; SCR-173 Создание/активация пользователя; SCR-174 Block/deactivate user; SCR-175 Отделы; SCR-176 Audit, policy engine, management APIs; SCR-177 Роли и permissions; SCR-178 Audit, policy engine, management APIs; SCR-179 Effective permission diagnostics; SCR-180 Устройства; SCR-181 Sessions и login attempts; SCR-182 Сетевые ресурсы; SCR-183 Settings APIs, Windows settings; SCR-184 Фоновые задания; SCR-185 Резервные копии; SCR-186 Audit; SCR-187 Organization settings / feature flags; SCR-188 Audit, policy engine, management APIs",FLOW-029 Блокировка пользователя; FLOW-030 Изменение permissions,,Audit/security,Critical,OpenAPI `GET_api_v1_admin_jobs`; Stage_3_Field_Traceability_Final_3.5.csv; cross-cutting requirement AUDIT-019
AC-2894,AC,MOD-019,Администрирование,Audit evidence for FR-184,— (domain command + audit/history endpoints),—,—,— (domain handlers + audit pipeline),"SCR-170 Администрирование; SCR-171 Пользователи; SCR-172 Карточка пользователя; SCR-173 Создание/активация пользователя; SCR-174 Block/deactivate user; SCR-175 Отделы; SCR-176 Audit, policy engine, management APIs; SCR-177 Роли и permissions; SCR-178 Audit, policy engine, management APIs; SCR-179 Effective permission diagnostics; SCR-180 Устройства; SCR-181 Sessions и login attempts; SCR-182 Сетевые ресурсы; SCR-183 Settings APIs, Windows settings; SCR-184 Фоновые задания; SCR-185 Резервные копии; SCR-186 Audit; SCR-187 Organization settings / feature flags; SCR-188 Audit, policy engine, management APIs",FLOW-029 Блокировка пользователя; FLOW-030 Изменение permissions,,Audit/security,Critical,OpenAPI `POST_api_v1_admin_jobs_code_run`; Stage_3_Field_Traceability_Final_3.5.csv; cross-cutting requirement AUDIT-019
AC-2895,AC,MOD-019,Администрирование,Audit evidence for FR-185,— (domain command + audit/history endpoints),—,—,— (domain handlers + audit pipeline),"SCR-170 Администрирование; SCR-171 Пользователи; SCR-172 Карточка пользователя; SCR-173 Создание/активация пользователя; SCR-174 Block/deactivate user; SCR-175 Отделы; SCR-176 Audit, policy engine, management APIs; SCR-177 Роли и permissions; SCR-178 Audit, policy engine, management APIs; SCR-179 Effective permission diagnostics; SCR-180 Устройства; SCR-181 Sessions и login attempts; SCR-182 Сетевые ресурсы; SCR-183 Settings APIs, Windows settings; SCR-184 Фоновые задания; SCR-185 Резервные копии; SCR-186 Audit; SCR-187 Organization settings / feature flags; SCR-188 Audit, policy engine, management APIs",FLOW-029 Блокировка пользователя; FLOW-030 Изменение permissions,,Audit/security,Critical,OpenAPI `GET_api_v1_admin_jobs_code_runs`; Stage_3_Field_Traceability_Final_3.5.csv; cross-cutting requirement AUDIT-019
AC-2896,AC,MOD-019,Администрирование,Audit evidence for FR-186,— (domain command + audit/history endpoints),—,—,— (domain handlers + audit pipeline),"SCR-170 Администрирование; SCR-171 Пользователи; SCR-172 Карточка пользователя; SCR-173 Создание/активация пользователя; SCR-174 Block/deactivate user; SCR-175 Отделы; SCR-176 Audit, policy engine, management APIs; SCR-177 Роли и permissions; SCR-178 Audit, policy engine, management APIs; SCR-179 Effective permission diagnostics; SCR-180 Устройства; SCR-181 Sessions и login attempts; SCR-182 Сетевые ресурсы; SCR-183 Settings APIs, Windows settings; SCR-184 Фоновые задания; SCR-185 Резервные копии; SCR-186 Audit; SCR-187 Organization settings / feature flags; SCR-188 Audit, policy engine, management APIs",FLOW-029 Блокировка пользователя; FLOW-030 Изменение permissions,,Audit/security,Critical,OpenAPI `POST_api_v1_admin_maintenance_mode`; Stage_3_Field_Traceability_Final_3.5.csv; cross-cutting requirement AUDIT-019
AC-2897,AC,MOD-019,Администрирование,Audit evidence for FR-187,— (domain command + audit/history endpoints),—,—,— (domain handlers + audit pipeline),"SCR-170 Администрирование; SCR-171 Пользователи; SCR-172 Карточка пользователя; SCR-173 Создание/активация пользователя; SCR-174 Block/deactivate user; SCR-175 Отделы; SCR-176 Audit, policy engine, management APIs; SCR-177 Роли и permissions; SCR-178 Audit, policy engine, management APIs; SCR-179 Effective permission diagnostics; SCR-180 Устройства; SCR-181 Sessions и login attempts; SCR-182 Сетевые ресурсы; SCR-183 Settings APIs, Windows settings; SCR-184 Фоновые задания; SCR-185 Резервные копии; SCR-186 Audit; SCR-187 Organization settings / feature flags; SCR-188 Audit, policy engine, management APIs",FLOW-029 Блокировка пользователя; FLOW-030 Изменение permissions,,Audit/security,Critical,OpenAPI `POST_api_v1_admin_search_reindex`; Stage_3_Field_Traceability_Final_3.5.csv; cross-cutting requirement AUDIT-019
AC-2898,AC,MOD-019,Администрирование,Audit evidence for FR-188,— (domain command + audit/history endpoints),—,—,— (domain handlers + audit pipeline),"SCR-170 Администрирование; SCR-171 Пользователи; SCR-172 Карточка пользователя; SCR-173 Создание/активация пользователя; SCR-174 Block/deactivate user; SCR-175 Отделы; SCR-176 Audit, policy engine, management APIs; SCR-177 Роли и permissions; SCR-178 Audit, policy engine, management APIs; SCR-179 Effective permission diagnostics; SCR-180 Устройства; SCR-181 Sessions и login attempts; SCR-182 Сетевые ресурсы; SCR-183 Settings APIs, Windows settings; SCR-184 Фоновые задания; SCR-185 Резервные копии; SCR-186 Audit; SCR-187 Organization settings / feature flags; SCR-188 Audit, policy engine, management APIs",FLOW-029 Блокировка пользователя; FLOW-030 Изменение permissions,,Audit/security,Critical,OpenAPI `GET_api_v1_admin_server_capabilities`; Stage_3_Field_Traceability_Final_3.5.csv; cross-cutting requirement AUDIT-019
AC-2899,AC,MOD-019,Администрирование,Audit evidence for FR-189,— (domain command + audit/history endpoints),—,—,— (domain handlers + audit pipeline),"SCR-170 Администрирование; SCR-171 Пользователи; SCR-172 Карточка пользователя; SCR-173 Создание/активация пользователя; SCR-174 Block/deactivate user; SCR-175 Отделы; SCR-176 Audit, policy engine, management APIs; SCR-177 Роли и permissions; SCR-178 Audit, policy engine, management APIs; SCR-179 Effective permission diagnostics; SCR-180 Устройства; SCR-181 Sessions и login attempts; SCR-182 Сетевые ресурсы; SCR-183 Settings APIs, Windows settings; SCR-184 Фоновые задания; SCR-185 Резервные копии; SCR-186 Audit; SCR-187 Organization settings / feature flags; SCR-188 Audit, policy engine, management APIs",FLOW-029 Блокировка пользователя; FLOW-030 Изменение permissions,,Audit/security,Critical,OpenAPI `GET_api_v1_admin_storage`; Stage_3_Field_Traceability_Final_3.5.csv; cross-cutting requirement AUDIT-019
AC-2900,AC,MOD-019,Администрирование,Audit evidence for FR-190,— (domain command + audit/history endpoints),—,—,— (domain handlers + audit pipeline),"SCR-170 Администрирование; SCR-171 Пользователи; SCR-172 Карточка пользователя; SCR-173 Создание/активация пользователя; SCR-174 Block/deactivate user; SCR-175 Отделы; SCR-176 Audit, policy engine, management APIs; SCR-177 Роли и permissions; SCR-178 Audit, policy engine, management APIs; SCR-179 Effective permission diagnostics; SCR-180 Устройства; SCR-181 Sessions и login attempts; SCR-182 Сетевые ресурсы; SCR-183 Settings APIs, Windows settings; SCR-184 Фоновые задания; SCR-185 Резервные копии; SCR-186 Audit; SCR-187 Organization settings / feature flags; SCR-188 Audit, policy engine, management APIs",FLOW-029 Блокировка пользователя; FLOW-030 Изменение permissions,,Audit/security,Critical,OpenAPI `GET_api_v1_departments`; Stage_3_Field_Traceability_Final_3.5.csv; cross-cutting requirement AUDIT-019
AC-2901,AC,MOD-019,Администрирование,Audit evidence for FR-191,— (domain command + audit/history endpoints),—,—,— (domain handlers + audit pipeline),"SCR-170 Администрирование; SCR-171 Пользователи; SCR-172 Карточка пользователя; SCR-173 Создание/активация пользователя; SCR-174 Block/deactivate user; SCR-175 Отделы; SCR-176 Audit, policy engine, management APIs; SCR-177 Роли и permissions; SCR-178 Audit, policy engine, management APIs; SCR-179 Effective permission diagnostics; SCR-180 Устройства; SCR-181 Sessions и login attempts; SCR-182 Сетевые ресурсы; SCR-183 Settings APIs, Windows settings; SCR-184 Фоновые задания; SCR-185 Резервные копии; SCR-186 Audit; SCR-187 Organization settings / feature flags; SCR-188 Audit, policy engine, management APIs",FLOW-029 Блокировка пользователя; FLOW-030 Изменение permissions,,Audit/security,Critical,OpenAPI `POST_api_v1_departments`; Stage_3_Field_Traceability_Final_3.5.csv; cross-cutting requirement AUDIT-019
AC-2902,AC,MOD-019,Администрирование,Audit evidence for FR-192,— (domain command + audit/history endpoints),—,—,— (domain handlers + audit pipeline),"SCR-170 Администрирование; SCR-171 Пользователи; SCR-172 Карточка пользователя; SCR-173 Создание/активация пользователя; SCR-174 Block/deactivate user; SCR-175 Отделы; SCR-176 Audit, policy engine, management APIs; SCR-177 Роли и permissions; SCR-178 Audit, policy engine, management APIs; SCR-179 Effective permission diagnostics; SCR-180 Устройства; SCR-181 Sessions и login attempts; SCR-182 Сетевые ресурсы; SCR-183 Settings APIs, Windows settings; SCR-184 Фоновые задания; SCR-185 Резервные копии; SCR-186 Audit; SCR-187 Organization settings / feature flags; SCR-188 Audit, policy engine, management APIs",FLOW-029 Блокировка пользователя; FLOW-030 Изменение permissions,,Audit/security,Critical,OpenAPI `GET_api_v1_departments_tree`; Stage_3_Field_Traceability_Final_3.5.csv; cross-cutting requirement AUDIT-019
AC-2903,AC,MOD-019,Администрирование,Audit evidence for FR-193,— (domain command + audit/history endpoints),—,—,— (domain handlers + audit pipeline),"SCR-170 Администрирование; SCR-171 Пользователи; SCR-172 Карточка пользователя; SCR-173 Создание/активация пользователя; SCR-174 Block/deactivate user; SCR-175 Отделы; SCR-176 Audit, policy engine, management APIs; SCR-177 Роли и permissions; SCR-178 Audit, policy engine, management APIs; SCR-179 Effective permission diagnostics; SCR-180 Устройства; SCR-181 Sessions и login attempts; SCR-182 Сетевые ресурсы; SCR-183 Settings APIs, Windows settings; SCR-184 Фоновые задания; SCR-185 Резервные копии; SCR-186 Audit; SCR-187 Organization settings / feature flags; SCR-188 Audit, policy engine, management APIs",FLOW-029 Блокировка пользователя; FLOW-030 Изменение permissions,,Audit/security,Critical,OpenAPI `DELETE_api_v1_departments_id`; Stage_3_Field_Traceability_Final_3.5.csv; cross-cutting requirement AUDIT-019
AC-2904,AC,MOD-019,Администрирование,Audit evidence for FR-194,— (domain command + audit/history endpoints),—,—,— (domain handlers + audit pipeline),"SCR-170 Администрирование; SCR-171 Пользователи; SCR-172 Карточка пользователя; SCR-173 Создание/активация пользователя; SCR-174 Block/deactivate user; SCR-175 Отделы; SCR-176 Audit, policy engine, management APIs; SCR-177 Роли и permissions; SCR-178 Audit, policy engine, management APIs; SCR-179 Effective permission diagnostics; SCR-180 Устройства; SCR-181 Sessions и login attempts; SCR-182 Сетевые ресурсы; SCR-183 Settings APIs, Windows settings; SCR-184 Фоновые задания; SCR-185 Резервные копии; SCR-186 Audit; SCR-187 Organization settings / feature flags; SCR-188 Audit, policy engine, management APIs",FLOW-029 Блокировка пользователя; FLOW-030 Изменение permissions,,Audit/security,Critical,OpenAPI `GET_api_v1_departments_id`; Stage_3_Field_Traceability_Final_3.5.csv; cross-cutting requirement AUDIT-019
AC-2905,AC,MOD-019,Администрирование,Audit evidence for FR-195,— (domain command + audit/history endpoints),—,—,— (domain handlers + audit pipeline),"SCR-170 Администрирование; SCR-171 Пользователи; SCR-172 Карточка пользователя; SCR-173 Создание/активация пользователя; SCR-174 Block/deactivate user; SCR-175 Отделы; SCR-176 Audit, policy engine, management APIs; SCR-177 Роли и permissions; SCR-178 Audit, policy engine, management APIs; SCR-179 Effective permission diagnostics; SCR-180 Устройства; SCR-181 Sessions и login attempts; SCR-182 Сетевые ресурсы; SCR-183 Settings APIs, Windows settings; SCR-184 Фоновые задания; SCR-185 Резервные копии; SCR-186 Audit; SCR-187 Organization settings / feature flags; SCR-188 Audit, policy engine, management APIs",FLOW-029 Блокировка пользователя; FLOW-030 Изменение permissions,,Audit/security,Critical,OpenAPI `PATCH_api_v1_departments_id`; Stage_3_Field_Traceability_Final_3.5.csv; cross-cutting requirement AUDIT-019
AC-2906,AC,MOD-019,Администрирование,Audit evidence for FR-196,— (domain command + audit/history endpoints),—,—,— (domain handlers + audit pipeline),"SCR-170 Администрирование; SCR-171 Пользователи; SCR-172 Карточка пользователя; SCR-173 Создание/активация пользователя; SCR-174 Block/deactivate user; SCR-175 Отделы; SCR-176 Audit, policy engine, management APIs; SCR-177 Роли и permissions; SCR-178 Audit, policy engine, management APIs; SCR-179 Effective permission diagnostics; SCR-180 Устройства; SCR-181 Sessions и login attempts; SCR-182 Сетевые ресурсы; SCR-183 Settings APIs, Windows settings; SCR-184 Фоновые задания; SCR-185 Резервные копии; SCR-186 Audit; SCR-187 Organization settings / feature flags; SCR-188 Audit, policy engine, management APIs",FLOW-029 Блокировка пользователя; FLOW-030 Изменение permissions,,Audit/security,Critical,OpenAPI `POST_api_v1_departments_id_archive`; Stage_3_Field_Traceability_Final_3.5.csv; cross-cutting requirement AUDIT-019
AC-2907,AC,MOD-019,Администрирование,Audit evidence for FR-197,— (domain command + audit/history endpoints),—,—,— (domain handlers + audit pipeline),"SCR-170 Администрирование; SCR-171 Пользователи; SCR-172 Карточка пользователя; SCR-173 Создание/активация пользователя; SCR-174 Block/deactivate user; SCR-175 Отделы; SCR-176 Audit, policy engine, management APIs; SCR-177 Роли и permissions; SCR-178 Audit, policy engine, management APIs; SCR-179 Effective permission diagnostics; SCR-180 Устройства; SCR-181 Sessions и login attempts; SCR-182 Сетевые ресурсы; SCR-183 Settings APIs, Windows settings; SCR-184 Фоновые задания; SCR-185 Резервные копии; SCR-186 Audit; SCR-187 Organization settings / feature flags; SCR-188 Audit, policy engine, management APIs",FLOW-029 Блокировка пользователя; FLOW-030 Изменение permissions,,Audit/security,Critical,OpenAPI `PUT_api_v1_departments_id_managers`; Stage_3_Field_Traceability_Final_3.5.csv; cross-cutting requirement AUDIT-019
AC-2908,AC,MOD-019,Администрирование,Audit evidence for FR-198,— (domain command + audit/history endpoints),—,—,— (domain handlers + audit pipeline),"SCR-170 Администрирование; SCR-171 Пользователи; SCR-172 Карточка пользователя; SCR-173 Создание/активация пользователя; SCR-174 Block/deactivate user; SCR-175 Отделы; SCR-176 Audit, policy engine, management APIs; SCR-177 Роли и permissions; SCR-178 Audit, policy engine, management APIs; SCR-179 Effective permission diagnostics; SCR-180 Устройства; SCR-181 Sessions и login attempts; SCR-182 Сетевые ресурсы; SCR-183 Settings APIs, Windows settings; SCR-184 Фоновые задания; SCR-185 Резервные копии; SCR-186 Audit; SCR-187 Organization settings / feature flags; SCR-188 Audit, policy engine, management APIs",FLOW-029 Блокировка пользователя; FLOW-030 Изменение permissions,,Audit/security,Critical,OpenAPI `POST_api_v1_departments_id_restore`; Stage_3_Field_Traceability_Final_3.5.csv; cross-cutting requirement AUDIT-019
AC-2909,AC,MOD-019,Администрирование,Audit evidence for FR-199,— (domain command + audit/history endpoints),—,—,— (domain handlers + audit pipeline),"SCR-170 Администрирование; SCR-171 Пользователи; SCR-172 Карточка пользователя; SCR-173 Создание/активация пользователя; SCR-174 Block/deactivate user; SCR-175 Отделы; SCR-176 Audit, policy engine, management APIs; SCR-177 Роли и permissions; SCR-178 Audit, policy engine, management APIs; SCR-179 Effective permission diagnostics; SCR-180 Устройства; SCR-181 Sessions и login attempts; SCR-182 Сетевые ресурсы; SCR-183 Settings APIs, Windows settings; SCR-184 Фоновые задания; SCR-185 Резервные копии; SCR-186 Audit; SCR-187 Organization settings / feature flags; SCR-188 Audit, policy engine, management APIs",FLOW-029 Блокировка пользователя; FLOW-030 Изменение permissions,,Audit/security,Critical,OpenAPI `POST_api_v1_departments_id_unarchive`; Stage_3_Field_Traceability_Final_3.5.csv; cross-cutting requirement AUDIT-019
AC-2910,AC,MOD-019,Администрирование,Audit evidence for FR-200,— (domain command + audit/history endpoints),—,—,— (domain handlers + audit pipeline),"SCR-170 Администрирование; SCR-171 Пользователи; SCR-172 Карточка пользователя; SCR-173 Создание/активация пользователя; SCR-174 Block/deactivate user; SCR-175 Отделы; SCR-176 Audit, policy engine, management APIs; SCR-177 Роли и permissions; SCR-178 Audit, policy engine, management APIs; SCR-179 Effective permission diagnostics; SCR-180 Устройства; SCR-181 Sessions и login attempts; SCR-182 Сетевые ресурсы; SCR-183 Settings APIs, Windows settings; SCR-184 Фоновые задания; SCR-185 Резервные копии; SCR-186 Audit; SCR-187 Organization settings / feature flags; SCR-188 Audit, policy engine, management APIs",FLOW-029 Блокировка пользователя; FLOW-030 Изменение permissions,,Audit/security,Critical,OpenAPI `GET_api_v1_devices`; Stage_3_Field_Traceability_Final_3.5.csv; cross-cutting requirement AUDIT-019
AC-2911,AC,MOD-019,Администрирование,Audit evidence for FR-201,— (domain command + audit/history endpoints),—,—,— (domain handlers + audit pipeline),"SCR-170 Администрирование; SCR-171 Пользователи; SCR-172 Карточка пользователя; SCR-173 Создание/активация пользователя; SCR-174 Block/deactivate user; SCR-175 Отделы; SCR-176 Audit, policy engine, management APIs; SCR-177 Роли и permissions; SCR-178 Audit, policy engine, management APIs; SCR-179 Effective permission diagnostics; SCR-180 Устройства; SCR-181 Sessions и login attempts; SCR-182 Сетевые ресурсы; SCR-183 Settings APIs, Windows settings; SCR-184 Фоновые задания; SCR-185 Резервные копии; SCR-186 Audit; SCR-187 Organization settings / feature flags; SCR-188 Audit, policy engine, management APIs",FLOW-029 Блокировка пользователя; FLOW-030 Изменение permissions,,Audit/security,Critical,OpenAPI `GET_api_v1_devices_id`; Stage_3_Field_Traceability_Final_3.5.csv; cross-cutting requirement AUDIT-019
AC-2912,AC,MOD-019,Администрирование,Audit evidence for FR-202,— (domain command + audit/history endpoints),—,—,— (domain handlers + audit pipeline),"SCR-170 Администрирование; SCR-171 Пользователи; SCR-172 Карточка пользователя; SCR-173 Создание/активация пользователя; SCR-174 Block/deactivate user; SCR-175 Отделы; SCR-176 Audit, policy engine, management APIs; SCR-177 Роли и permissions; SCR-178 Audit, policy engine, management APIs; SCR-179 Effective permission diagnostics; SCR-180 Устройства; SCR-181 Sessions и login attempts; SCR-182 Сетевые ресурсы; SCR-183 Settings APIs, Windows settings; SCR-184 Фоновые задания; SCR-185 Резервные копии; SCR-186 Audit; SCR-187 Organization settings / feature flags; SCR-188 Audit, policy engine, management APIs",FLOW-029 Блокировка пользователя; FLOW-030 Изменение permissions,,Audit/security,Critical,OpenAPI `PATCH_api_v1_devices_id`; Stage_3_Field_Traceability_Final_3.5.csv; cross-cutting requirement AUDIT-019
AC-2913,AC,MOD-019,Администрирование,Audit evidence for FR-203,— (domain command + audit/history endpoints),—,—,— (domain handlers + audit pipeline),"SCR-170 Администрирование; SCR-171 Пользователи; SCR-172 Карточка пользователя; SCR-173 Создание/активация пользователя; SCR-174 Block/deactivate user; SCR-175 Отделы; SCR-176 Audit, policy engine, management APIs; SCR-177 Роли и permissions; SCR-178 Audit, policy engine, management APIs; SCR-179 Effective permission diagnostics; SCR-180 Устройства; SCR-181 Sessions и login attempts; SCR-182 Сетевые ресурсы; SCR-183 Settings APIs, Windows settings; SCR-184 Фоновые задания; SCR-185 Резервные копии; SCR-186 Audit; SCR-187 Organization settings / feature flags; SCR-188 Audit, policy engine, management APIs",FLOW-029 Блокировка пользователя; FLOW-030 Изменение permissions,,Audit/security,Critical,OpenAPI `POST_api_v1_devices_id_heartbeat`; Stage_3_Field_Traceability_Final_3.5.csv; cross-cutting requirement AUDIT-019
AC-2914,AC,MOD-019,Администрирование,Audit evidence for FR-204,— (domain command + audit/history endpoints),—,—,— (domain handlers + audit pipeline),"SCR-170 Администрирование; SCR-171 Пользователи; SCR-172 Карточка пользователя; SCR-173 Создание/активация пользователя; SCR-174 Block/deactivate user; SCR-175 Отделы; SCR-176 Audit, policy engine, management APIs; SCR-177 Роли и permissions; SCR-178 Audit, policy engine, management APIs; SCR-179 Effective permission diagnostics; SCR-180 Устройства; SCR-181 Sessions и login attempts; SCR-182 Сетевые ресурсы; SCR-183 Settings APIs, Windows settings; SCR-184 Фоновые задания; SCR-185 Резервные копии; SCR-186 Audit; SCR-187 Organization settings / feature flags; SCR-188 Audit, policy engine, management APIs",FLOW-029 Блокировка пользователя; FLOW-030 Изменение permissions,,Audit/security,Critical,OpenAPI `POST_api_v1_devices_id_revoke`; Stage_3_Field_Traceability_Final_3.5.csv; cross-cutting requirement AUDIT-019
AC-2915,AC,MOD-019,Администрирование,Audit evidence for FR-205,— (domain command + audit/history endpoints),—,—,— (domain handlers + audit pipeline),"SCR-170 Администрирование; SCR-171 Пользователи; SCR-172 Карточка пользователя; SCR-173 Создание/активация пользователя; SCR-174 Block/deactivate user; SCR-175 Отделы; SCR-176 Audit, policy engine, management APIs; SCR-177 Роли и permissions; SCR-178 Audit, policy engine, management APIs; SCR-179 Effective permission diagnostics; SCR-180 Устройства; SCR-181 Sessions и login attempts; SCR-182 Сетевые ресурсы; SCR-183 Settings APIs, Windows settings; SCR-184 Фоновые задания; SCR-185 Резервные копии; SCR-186 Audit; SCR-187 Organization settings / feature flags; SCR-188 Audit, policy engine, management APIs",FLOW-029 Блокировка пользователя; FLOW-030 Изменение permissions,,Audit/security,Critical,OpenAPI `GET_api_v1_network_resources`; Stage_3_Field_Traceability_Final_3.5.csv; cross-cutting requirement AUDIT-019
AC-2916,AC,MOD-019,Администрирование,Audit evidence for FR-206,— (domain command + audit/history endpoints),—,—,— (domain handlers + audit pipeline),"SCR-170 Администрирование; SCR-171 Пользователи; SCR-172 Карточка пользователя; SCR-173 Создание/активация пользователя; SCR-174 Block/deactivate user; SCR-175 Отделы; SCR-176 Audit, policy engine, management APIs; SCR-177 Роли и permissions; SCR-178 Audit, policy engine, management APIs; SCR-179 Effective permission diagnostics; SCR-180 Устройства; SCR-181 Sessions и login attempts; SCR-182 Сетевые ресурсы; SCR-183 Settings APIs, Windows settings; SCR-184 Фоновые задания; SCR-185 Резервные копии; SCR-186 Audit; SCR-187 Organization settings / feature flags; SCR-188 Audit, policy engine, management APIs",FLOW-029 Блокировка пользователя; FLOW-030 Изменение permissions,,Audit/security,Critical,OpenAPI `POST_api_v1_network_resources`; Stage_3_Field_Traceability_Final_3.5.csv; cross-cutting requirement AUDIT-019
AC-2917,AC,MOD-019,Администрирование,Audit evidence for FR-207,— (domain command + audit/history endpoints),—,—,— (domain handlers + audit pipeline),"SCR-170 Администрирование; SCR-171 Пользователи; SCR-172 Карточка пользователя; SCR-173 Создание/активация пользователя; SCR-174 Block/deactivate user; SCR-175 Отделы; SCR-176 Audit, policy engine, management APIs; SCR-177 Роли и permissions; SCR-178 Audit, policy engine, management APIs; SCR-179 Effective permission diagnostics; SCR-180 Устройства; SCR-181 Sessions и login attempts; SCR-182 Сетевые ресурсы; SCR-183 Settings APIs, Windows settings; SCR-184 Фоновые задания; SCR-185 Резервные копии; SCR-186 Audit; SCR-187 Organization settings / feature flags; SCR-188 Audit, policy engine, management APIs",FLOW-029 Блокировка пользователя; FLOW-030 Изменение permissions,,Audit/security,Critical,OpenAPI `PATCH_api_v1_network_resources_id`; Stage_3_Field_Traceability_Final_3.5.csv; cross-cutting requirement AUDIT-019
AC-2918,AC,MOD-019,Администрирование,Audit evidence for FR-208,— (domain command + audit/history endpoints),—,—,— (domain handlers + audit pipeline),"SCR-170 Администрирование; SCR-171 Пользователи; SCR-172 Карточка пользователя; SCR-173 Создание/активация пользователя; SCR-174 Block/deactivate user; SCR-175 Отделы; SCR-176 Audit, policy engine, management APIs; SCR-177 Роли и permissions; SCR-178 Audit, policy engine, management APIs; SCR-179 Effective permission diagnostics; SCR-180 Устройства; SCR-181 Sessions и login attempts; SCR-182 Сетевые ресурсы; SCR-183 Settings APIs, Windows settings; SCR-184 Фоновые задания; SCR-185 Резервные копии; SCR-186 Audit; SCR-187 Organization settings / feature flags; SCR-188 Audit, policy engine, management APIs",FLOW-029 Блокировка пользователя; FLOW-030 Изменение permissions,,Audit/security,Critical,OpenAPI `POST_api_v1_network_resources_id_probe`; Stage_3_Field_Traceability_Final_3.5.csv; cross-cutting requirement AUDIT-019
AC-2919,AC,MOD-019,Администрирование,Audit evidence for FR-209,— (domain command + audit/history endpoints),—,—,— (domain handlers + audit pipeline),"SCR-170 Администрирование; SCR-171 Пользователи; SCR-172 Карточка пользователя; SCR-173 Создание/активация пользователя; SCR-174 Block/deactivate user; SCR-175 Отделы; SCR-176 Audit, policy engine, management APIs; SCR-177 Роли и permissions; SCR-178 Audit, policy engine, management APIs; SCR-179 Effective permission diagnostics; SCR-180 Устройства; SCR-181 Sessions и login attempts; SCR-182 Сетевые ресурсы; SCR-183 Settings APIs, Windows settings; SCR-184 Фоновые задания; SCR-185 Резервные копии; SCR-186 Audit; SCR-187 Organization settings / feature flags; SCR-188 Audit, policy engine, management APIs",FLOW-029 Блокировка пользователя; FLOW-030 Изменение permissions,,Audit/security,Critical,OpenAPI `GET_health_details`; Stage_3_Field_Traceability_Final_3.5.csv; cross-cutting requirement AUDIT-019
AC-2920,AC,MOD-019,Администрирование,Audit evidence for FR-210,— (domain command + audit/history endpoints),—,—,— (domain handlers + audit pipeline),"SCR-170 Администрирование; SCR-171 Пользователи; SCR-172 Карточка пользователя; SCR-173 Создание/активация пользователя; SCR-174 Block/deactivate user; SCR-175 Отделы; SCR-176 Audit, policy engine, management APIs; SCR-177 Роли и permissions; SCR-178 Audit, policy engine, management APIs; SCR-179 Effective permission diagnostics; SCR-180 Устройства; SCR-181 Sessions и login attempts; SCR-182 Сетевые ресурсы; SCR-183 Settings APIs, Windows settings; SCR-184 Фоновые задания; SCR-185 Резервные копии; SCR-186 Audit; SCR-187 Organization settings / feature flags; SCR-188 Audit, policy engine, management APIs",FLOW-029 Блокировка пользователя; FLOW-030 Изменение permissions,,Audit/security,Critical,OpenAPI `GET_api_v1_permissions`; Stage_3_Field_Traceability_Final_3.5.csv; cross-cutting requirement AUDIT-019
AC-2921,AC,MOD-019,Администрирование,Audit evidence for FR-211,— (domain command + audit/history endpoints),—,—,— (domain handlers + audit pipeline),"SCR-170 Администрирование; SCR-171 Пользователи; SCR-172 Карточка пользователя; SCR-173 Создание/активация пользователя; SCR-174 Block/deactivate user; SCR-175 Отделы; SCR-176 Audit, policy engine, management APIs; SCR-177 Роли и permissions; SCR-178 Audit, policy engine, management APIs; SCR-179 Effective permission diagnostics; SCR-180 Устройства; SCR-181 Sessions и login attempts; SCR-182 Сетевые ресурсы; SCR-183 Settings APIs, Windows settings; SCR-184 Фоновые задания; SCR-185 Резервные копии; SCR-186 Audit; SCR-187 Organization settings / feature flags; SCR-188 Audit, policy engine, management APIs",FLOW-029 Блокировка пользователя; FLOW-030 Изменение permissions,,Audit/security,Critical,OpenAPI `GET_api_v1_project_roles`; Stage_3_Field_Traceability_Final_3.5.csv; cross-cutting requirement AUDIT-019
AC-2922,AC,MOD-019,Администрирование,Audit evidence for FR-212,— (domain command + audit/history endpoints),—,—,— (domain handlers + audit pipeline),"SCR-170 Администрирование; SCR-171 Пользователи; SCR-172 Карточка пользователя; SCR-173 Создание/активация пользователя; SCR-174 Block/deactivate user; SCR-175 Отделы; SCR-176 Audit, policy engine, management APIs; SCR-177 Роли и permissions; SCR-178 Audit, policy engine, management APIs; SCR-179 Effective permission diagnostics; SCR-180 Устройства; SCR-181 Sessions и login attempts; SCR-182 Сетевые ресурсы; SCR-183 Settings APIs, Windows settings; SCR-184 Фоновые задания; SCR-185 Резервные копии; SCR-186 Audit; SCR-187 Organization settings / feature flags; SCR-188 Audit, policy engine, management APIs",FLOW-029 Блокировка пользователя; FLOW-030 Изменение permissions,,Audit/security,Critical,OpenAPI `PUT_api_v1_project_roles_id_permissions`; Stage_3_Field_Traceability_Final_3.5.csv; cross-cutting requirement AUDIT-019
AC-2923,AC,MOD-019,Администрирование,Audit evidence for FR-213,— (domain command + audit/history endpoints),—,—,— (domain handlers + audit pipeline),"SCR-170 Администрирование; SCR-171 Пользователи; SCR-172 Карточка пользователя; SCR-173 Создание/активация пользователя; SCR-174 Block/deactivate user; SCR-175 Отделы; SCR-176 Audit, policy engine, management APIs; SCR-177 Роли и permissions; SCR-178 Audit, policy engine, management APIs; SCR-179 Effective permission diagnostics; SCR-180 Устройства; SCR-181 Sessions и login attempts; SCR-182 Сетевые ресурсы; SCR-183 Settings APIs, Windows settings; SCR-184 Фоновые задания; SCR-185 Резервные копии; SCR-186 Audit; SCR-187 Organization settings / feature flags; SCR-188 Audit, policy engine, management APIs",FLOW-029 Блокировка пользователя; FLOW-030 Изменение permissions,,Audit/security,Critical,OpenAPI `GET_api_v1_roles`; Stage_3_Field_Traceability_Final_3.5.csv; cross-cutting requirement AUDIT-019
AC-2924,AC,MOD-019,Администрирование,Audit evidence for FR-214,— (domain command + audit/history endpoints),—,—,— (domain handlers + audit pipeline),"SCR-170 Администрирование; SCR-171 Пользователи; SCR-172 Карточка пользователя; SCR-173 Создание/активация пользователя; SCR-174 Block/deactivate user; SCR-175 Отделы; SCR-176 Audit, policy engine, management APIs; SCR-177 Роли и permissions; SCR-178 Audit, policy engine, management APIs; SCR-179 Effective permission diagnostics; SCR-180 Устройства; SCR-181 Sessions и login attempts; SCR-182 Сетевые ресурсы; SCR-183 Settings APIs, Windows settings; SCR-184 Фоновые задания; SCR-185 Резервные копии; SCR-186 Audit; SCR-187 Organization settings / feature flags; SCR-188 Audit, policy engine, management APIs",FLOW-029 Блокировка пользователя; FLOW-030 Изменение permissions,,Audit/security,Critical,OpenAPI `POST_api_v1_roles`; Stage_3_Field_Traceability_Final_3.5.csv; cross-cutting requirement AUDIT-019
AC-2925,AC,MOD-019,Администрирование,Audit evidence for FR-215,— (domain command + audit/history endpoints),—,—,— (domain handlers + audit pipeline),"SCR-170 Администрирование; SCR-171 Пользователи; SCR-172 Карточка пользователя; SCR-173 Создание/активация пользователя; SCR-174 Block/deactivate user; SCR-175 Отделы; SCR-176 Audit, policy engine, management APIs; SCR-177 Роли и permissions; SCR-178 Audit, policy engine, management APIs; SCR-179 Effective permission diagnostics; SCR-180 Устройства; SCR-181 Sessions и login attempts; SCR-182 Сетевые ресурсы; SCR-183 Settings APIs, Windows settings; SCR-184 Фоновые задания; SCR-185 Резервные копии; SCR-186 Audit; SCR-187 Organization settings / feature flags; SCR-188 Audit, policy engine, management APIs",FLOW-029 Блокировка пользователя; FLOW-030 Изменение permissions,,Audit/security,Critical,OpenAPI `DELETE_api_v1_roles_id`; Stage_3_Field_Traceability_Final_3.5.csv; cross-cutting requirement AUDIT-019
AC-2926,AC,MOD-019,Администрирование,Audit evidence for FR-216,— (domain command + audit/history endpoints),—,—,— (domain handlers + audit pipeline),"SCR-170 Администрирование; SCR-171 Пользователи; SCR-172 Карточка пользователя; SCR-173 Создание/активация пользователя; SCR-174 Block/deactivate user; SCR-175 Отделы; SCR-176 Audit, policy engine, management APIs; SCR-177 Роли и permissions; SCR-178 Audit, policy engine, management APIs; SCR-179 Effective permission diagnostics; SCR-180 Устройства; SCR-181 Sessions и login attempts; SCR-182 Сетевые ресурсы; SCR-183 Settings APIs, Windows settings; SCR-184 Фоновые задания; SCR-185 Резервные копии; SCR-186 Audit; SCR-187 Organization settings / feature flags; SCR-188 Audit, policy engine, management APIs",FLOW-029 Блокировка пользователя; FLOW-030 Изменение permissions,,Audit/security,Critical,OpenAPI `GET_api_v1_roles_id`; Stage_3_Field_Traceability_Final_3.5.csv; cross-cutting requirement AUDIT-019
AC-2927,AC,MOD-019,Администрирование,Audit evidence for FR-217,— (domain command + audit/history endpoints),—,—,— (domain handlers + audit pipeline),"SCR-170 Администрирование; SCR-171 Пользователи; SCR-172 Карточка пользователя; SCR-173 Создание/активация пользователя; SCR-174 Block/deactivate user; SCR-175 Отделы; SCR-176 Audit, policy engine, management APIs; SCR-177 Роли и permissions; SCR-178 Audit, policy engine, management APIs; SCR-179 Effective permission diagnostics; SCR-180 Устройства; SCR-181 Sessions и login attempts; SCR-182 Сетевые ресурсы; SCR-183 Settings APIs, Windows settings; SCR-184 Фоновые задания; SCR-185 Резервные копии; SCR-186 Audit; SCR-187 Organization settings / feature flags; SCR-188 Audit, policy engine, management APIs",FLOW-029 Блокировка пользователя; FLOW-030 Изменение permissions,,Audit/security,Critical,OpenAPI `PATCH_api_v1_roles_id`; Stage_3_Field_Traceability_Final_3.5.csv; cross-cutting requirement AUDIT-019
AC-2928,AC,MOD-019,Администрирование,Audit evidence for FR-218,— (domain command + audit/history endpoints),—,—,— (domain handlers + audit pipeline),"SCR-170 Администрирование; SCR-171 Пользователи; SCR-172 Карточка пользователя; SCR-173 Создание/активация пользователя; SCR-174 Block/deactivate user; SCR-175 Отделы; SCR-176 Audit, policy engine, management APIs; SCR-177 Роли и permissions; SCR-178 Audit, policy engine, management APIs; SCR-179 Effective permission diagnostics; SCR-180 Устройства; SCR-181 Sessions и login attempts; SCR-182 Сетевые ресурсы; SCR-183 Settings APIs, Windows settings; SCR-184 Фоновые задания; SCR-185 Резервные копии; SCR-186 Audit; SCR-187 Organization settings / feature flags; SCR-188 Audit, policy engine, management APIs",FLOW-029 Блокировка пользователя; FLOW-030 Изменение permissions,,Audit/security,Critical,OpenAPI `POST_api_v1_roles_id_activate`; Stage_3_Field_Traceability_Final_3.5.csv; cross-cutting requirement AUDIT-019
AC-2929,AC,MOD-019,Администрирование,Audit evidence for FR-219,— (domain command + audit/history endpoints),—,—,— (domain handlers + audit pipeline),"SCR-170 Администрирование; SCR-171 Пользователи; SCR-172 Карточка пользователя; SCR-173 Создание/активация пользователя; SCR-174 Block/deactivate user; SCR-175 Отделы; SCR-176 Audit, policy engine, management APIs; SCR-177 Роли и permissions; SCR-178 Audit, policy engine, management APIs; SCR-179 Effective permission diagnostics; SCR-180 Устройства; SCR-181 Sessions и login attempts; SCR-182 Сетевые ресурсы; SCR-183 Settings APIs, Windows settings; SCR-184 Фоновые задания; SCR-185 Резервные копии; SCR-186 Audit; SCR-187 Organization settings / feature flags; SCR-188 Audit, policy engine, management APIs",FLOW-029 Блокировка пользователя; FLOW-030 Изменение permissions,,Audit/security,Critical,OpenAPI `PUT_api_v1_roles_id_permissions`; Stage_3_Field_Traceability_Final_3.5.csv; cross-cutting requirement AUDIT-019
AC-2930,AC,MOD-019,Администрирование,Audit evidence for FR-220,— (domain command + audit/history endpoints),—,—,— (domain handlers + audit pipeline),"SCR-170 Администрирование; SCR-171 Пользователи; SCR-172 Карточка пользователя; SCR-173 Создание/активация пользователя; SCR-174 Block/deactivate user; SCR-175 Отделы; SCR-176 Audit, policy engine, management APIs; SCR-177 Роли и permissions; SCR-178 Audit, policy engine, management APIs; SCR-179 Effective permission diagnostics; SCR-180 Устройства; SCR-181 Sessions и login attempts; SCR-182 Сетевые ресурсы; SCR-183 Settings APIs, Windows settings; SCR-184 Фоновые задания; SCR-185 Резервные копии; SCR-186 Audit; SCR-187 Organization settings / feature flags; SCR-188 Audit, policy engine, management APIs",FLOW-029 Блокировка пользователя; FLOW-030 Изменение permissions,,Audit/security,Critical,OpenAPI `PUT_api_v1_users_id_roles`; Stage_3_Field_Traceability_Final_3.5.csv; cross-cutting requirement AUDIT-019
AC-2931,AC,MOD-019,Администрирование,Audit evidence for FR-221,— (domain command + audit/history endpoints),—,—,— (domain handlers + audit pipeline),"SCR-170 Администрирование; SCR-171 Пользователи; SCR-172 Карточка пользователя; SCR-173 Создание/активация пользователя; SCR-174 Block/deactivate user; SCR-175 Отделы; SCR-176 Audit, policy engine, management APIs; SCR-177 Роли и permissions; SCR-178 Audit, policy engine, management APIs; SCR-179 Effective permission diagnostics; SCR-180 Устройства; SCR-181 Sessions и login attempts; SCR-182 Сетевые ресурсы; SCR-183 Settings APIs, Windows settings; SCR-184 Фоновые задания; SCR-185 Резервные копии; SCR-186 Audit; SCR-187 Organization settings / feature flags; SCR-188 Audit, policy engine, management APIs",FLOW-029 Блокировка пользователя; FLOW-030 Изменение permissions,,Audit/security,Critical,OpenAPI `GET_api_v1_users`; Stage_3_Field_Traceability_Final_3.5.csv; cross-cutting requirement AUDIT-019
AC-2932,AC,MOD-019,Администрирование,Audit evidence for FR-222,— (domain command + audit/history endpoints),—,—,— (domain handlers + audit pipeline),"SCR-170 Администрирование; SCR-171 Пользователи; SCR-172 Карточка пользователя; SCR-173 Создание/активация пользователя; SCR-174 Block/deactivate user; SCR-175 Отделы; SCR-176 Audit, policy engine, management APIs; SCR-177 Роли и permissions; SCR-178 Audit, policy engine, management APIs; SCR-179 Effective permission diagnostics; SCR-180 Устройства; SCR-181 Sessions и login attempts; SCR-182 Сетевые ресурсы; SCR-183 Settings APIs, Windows settings; SCR-184 Фоновые задания; SCR-185 Резервные копии; SCR-186 Audit; SCR-187 Organization settings / feature flags; SCR-188 Audit, policy engine, management APIs",FLOW-029 Блокировка пользователя; FLOW-030 Изменение permissions,,Audit/security,Critical,OpenAPI `POST_api_v1_users`; Stage_3_Field_Traceability_Final_3.5.csv; cross-cutting requirement AUDIT-019
AC-2933,AC,MOD-019,Администрирование,Audit evidence for FR-223,— (domain command + audit/history endpoints),—,—,— (domain handlers + audit pipeline),"SCR-170 Администрирование; SCR-171 Пользователи; SCR-172 Карточка пользователя; SCR-173 Создание/активация пользователя; SCR-174 Block/deactivate user; SCR-175 Отделы; SCR-176 Audit, policy engine, management APIs; SCR-177 Роли и permissions; SCR-178 Audit, policy engine, management APIs; SCR-179 Effective permission diagnostics; SCR-180 Устройства; SCR-181 Sessions и login attempts; SCR-182 Сетевые ресурсы; SCR-183 Settings APIs, Windows settings; SCR-184 Фоновые задания; SCR-185 Резервные копии; SCR-186 Audit; SCR-187 Organization settings / feature flags; SCR-188 Audit, policy engine, management APIs",FLOW-029 Блокировка пользователя; FLOW-030 Изменение permissions,,Audit/security,Critical,OpenAPI `GET_api_v1_users_id`; Stage_3_Field_Traceability_Final_3.5.csv; cross-cutting requirement AUDIT-019
AC-2934,AC,MOD-019,Администрирование,Audit evidence for FR-224,— (domain command + audit/history endpoints),—,—,— (domain handlers + audit pipeline),"SCR-170 Администрирование; SCR-171 Пользователи; SCR-172 Карточка пользователя; SCR-173 Создание/активация пользователя; SCR-174 Block/deactivate user; SCR-175 Отделы; SCR-176 Audit, policy engine, management APIs; SCR-177 Роли и permissions; SCR-178 Audit, policy engine, management APIs; SCR-179 Effective permission diagnostics; SCR-180 Устройства; SCR-181 Sessions и login attempts; SCR-182 Сетевые ресурсы; SCR-183 Settings APIs, Windows settings; SCR-184 Фоновые задания; SCR-185 Резервные копии; SCR-186 Audit; SCR-187 Organization settings / feature flags; SCR-188 Audit, policy engine, management APIs",FLOW-029 Блокировка пользователя; FLOW-030 Изменение permissions,,Audit/security,Critical,OpenAPI `PATCH_api_v1_users_id`; Stage_3_Field_Traceability_Final_3.5.csv; cross-cutting requirement AUDIT-019
AC-2935,AC,MOD-019,Администрирование,Audit evidence for FR-225,— (domain command + audit/history endpoints),—,—,— (domain handlers + audit pipeline),"SCR-170 Администрирование; SCR-171 Пользователи; SCR-172 Карточка пользователя; SCR-173 Создание/активация пользователя; SCR-174 Block/deactivate user; SCR-175 Отделы; SCR-176 Audit, policy engine, management APIs; SCR-177 Роли и permissions; SCR-178 Audit, policy engine, management APIs; SCR-179 Effective permission diagnostics; SCR-180 Устройства; SCR-181 Sessions и login attempts; SCR-182 Сетевые ресурсы; SCR-183 Settings APIs, Windows settings; SCR-184 Фоновые задания; SCR-185 Резервные копии; SCR-186 Audit; SCR-187 Organization settings / feature flags; SCR-188 Audit, policy engine, management APIs",FLOW-029 Блокировка пользователя; FLOW-030 Изменение permissions,,Audit/security,Critical,OpenAPI `POST_api_v1_users_id_activate`; Stage_3_Field_Traceability_Final_3.5.csv; cross-cutting requirement AUDIT-019
AC-2936,AC,MOD-019,Администрирование,Audit evidence for FR-226,— (domain command + audit/history endpoints),—,—,— (domain handlers + audit pipeline),"SCR-170 Администрирование; SCR-171 Пользователи; SCR-172 Карточка пользователя; SCR-173 Создание/активация пользователя; SCR-174 Block/deactivate user; SCR-175 Отделы; SCR-176 Audit, policy engine, management APIs; SCR-177 Роли и permissions; SCR-178 Audit, policy engine, management APIs; SCR-179 Effective permission diagnostics; SCR-180 Устройства; SCR-181 Sessions и login attempts; SCR-182 Сетевые ресурсы; SCR-183 Settings APIs, Windows settings; SCR-184 Фоновые задания; SCR-185 Резервные копии; SCR-186 Audit; SCR-187 Organization settings / feature flags; SCR-188 Audit, policy engine, management APIs",FLOW-029 Блокировка пользователя; FLOW-030 Изменение permissions,,Audit/security,Critical,OpenAPI `POST_api_v1_users_id_block`; Stage_3_Field_Traceability_Final_3.5.csv; cross-cutting requirement AUDIT-019
AC-2937,AC,MOD-019,Администрирование,Audit evidence for FR-227,— (domain command + audit/history endpoints),—,—,— (domain handlers + audit pipeline),"SCR-170 Администрирование; SCR-171 Пользователи; SCR-172 Карточка пользователя; SCR-173 Создание/активация пользователя; SCR-174 Block/deactivate user; SCR-175 Отделы; SCR-176 Audit, policy engine, management APIs; SCR-177 Роли и permissions; SCR-178 Audit, policy engine, management APIs; SCR-179 Effective permission diagnostics; SCR-180 Устройства; SCR-181 Sessions и login attempts; SCR-182 Сетевые ресурсы; SCR-183 Settings APIs, Windows settings; SCR-184 Фоновые задания; SCR-185 Резервные копии; SCR-186 Audit; SCR-187 Organization settings / feature flags; SCR-188 Audit, policy engine, management APIs",FLOW-029 Блокировка пользователя; FLOW-030 Изменение permissions,,Audit/security,Critical,OpenAPI `POST_api_v1_users_id_deactivate`; Stage_3_Field_Traceability_Final_3.5.csv; cross-cutting requirement AUDIT-019
AC-2938,AC,MOD-019,Администрирование,Audit evidence for FR-228,— (domain command + audit/history endpoints),—,—,— (domain handlers + audit pipeline),"SCR-170 Администрирование; SCR-171 Пользователи; SCR-172 Карточка пользователя; SCR-173 Создание/активация пользователя; SCR-174 Block/deactivate user; SCR-175 Отделы; SCR-176 Audit, policy engine, management APIs; SCR-177 Роли и permissions; SCR-178 Audit, policy engine, management APIs; SCR-179 Effective permission diagnostics; SCR-180 Устройства; SCR-181 Sessions и login attempts; SCR-182 Сетевые ресурсы; SCR-183 Settings APIs, Windows settings; SCR-184 Фоновые задания; SCR-185 Резервные копии; SCR-186 Audit; SCR-187 Organization settings / feature flags; SCR-188 Audit, policy engine, management APIs",FLOW-029 Блокировка пользователя; FLOW-030 Изменение permissions,,Audit/security,Critical,OpenAPI `GET_api_v1_users_id_effective_permissions`; Stage_3_Field_Traceability_Final_3.5.csv; cross-cutting requirement AUDIT-019
AC-2939,AC,MOD-019,Администрирование,Audit evidence for FR-229,— (domain command + audit/history endpoints),—,—,— (domain handlers + audit pipeline),"SCR-170 Администрирование; SCR-171 Пользователи; SCR-172 Карточка пользователя; SCR-173 Создание/активация пользователя; SCR-174 Block/deactivate user; SCR-175 Отделы; SCR-176 Audit, policy engine, management APIs; SCR-177 Роли и permissions; SCR-178 Audit, policy engine, management APIs; SCR-179 Effective permission diagnostics; SCR-180 Устройства; SCR-181 Sessions и login attempts; SCR-182 Сетевые ресурсы; SCR-183 Settings APIs, Windows settings; SCR-184 Фоновые задания; SCR-185 Резервные копии; SCR-186 Audit; SCR-187 Organization settings / feature flags; SCR-188 Audit, policy engine, management APIs",FLOW-029 Блокировка пользователя; FLOW-030 Изменение permissions,,Audit/security,Critical,OpenAPI `POST_api_v1_users_id_reactivate`; Stage_3_Field_Traceability_Final_3.5.csv; cross-cutting requirement AUDIT-019
AC-2940,AC,MOD-019,Администрирование,Audit evidence for FR-230,— (domain command + audit/history endpoints),—,—,— (domain handlers + audit pipeline),"SCR-170 Администрирование; SCR-171 Пользователи; SCR-172 Карточка пользователя; SCR-173 Создание/активация пользователя; SCR-174 Block/deactivate user; SCR-175 Отделы; SCR-176 Audit, policy engine, management APIs; SCR-177 Роли и permissions; SCR-178 Audit, policy engine, management APIs; SCR-179 Effective permission diagnostics; SCR-180 Устройства; SCR-181 Sessions и login attempts; SCR-182 Сетевые ресурсы; SCR-183 Settings APIs, Windows settings; SCR-184 Фоновые задания; SCR-185 Резервные копии; SCR-186 Audit; SCR-187 Organization settings / feature flags; SCR-188 Audit, policy engine, management APIs",FLOW-029 Блокировка пользователя; FLOW-030 Изменение permissions,,Audit/security,Critical,OpenAPI `POST_api_v1_users_id_unblock`; Stage_3_Field_Traceability_Final_3.5.csv; cross-cutting requirement AUDIT-019
AC-2941,AC,MOD-019,Администрирование,Audit evidence for FR-265,— (domain command + audit/history endpoints),—,—,— (domain handlers + audit pipeline),"SCR-170 Администрирование; SCR-171 Пользователи; SCR-172 Карточка пользователя; SCR-173 Создание/активация пользователя; SCR-174 Block/deactivate user; SCR-175 Отделы; SCR-176 Audit, policy engine, management APIs; SCR-177 Роли и permissions; SCR-178 Audit, policy engine, management APIs; SCR-179 Effective permission diagnostics; SCR-180 Устройства; SCR-181 Sessions и login attempts; SCR-182 Сетевые ресурсы; SCR-183 Settings APIs, Windows settings; SCR-184 Фоновые задания; SCR-185 Резервные копии; SCR-186 Audit; SCR-187 Organization settings / feature flags; SCR-188 Audit, policy engine, management APIs",FLOW-029 Блокировка пользователя; FLOW-030 Изменение permissions,,Audit/security,Critical,Stage 2.3.1 OpenAPI 1.2.0-stage2.3; Stage 3.5 UX baseline; Stage 4.3 remediation; cross-cutting requirement AUDIT-019
NFR-001,NFR,ALL,Все модули (Wave C: 6 модулей),[Platform] Desktop client supports corporate Windows 10/11 editions approved by the company.,—,—,—,—,—,—,,Versioned install/launch/sign-in/logout smoke matrix on each approved corporate image; 0 failed required step.,—,Architecture §0.5/technology profile (NFR catalog NFR-001)
NFR-002,NFR,ALL,Все модули (Wave C: 6 модулей),"[Desktop] All primary/destructive actions, CMP-001 and CMP-002 have keyboard-only paths.",—,—,—,—,—,—,,Automated UIA plus manual keyboard matrix; exact focus-return and disabled-reason assertions for every listed flow.,—,Stage 2.3.1 OpenAPI 1.2.0-stage2.3; Stage 3.5 UX baseline; Stage 4.3 remediation (NFR catalog NFR-002)
NFR-003,NFR,ALL,Все модули (Wave C: 6 модулей),[Accessibility] Focus is visible/deterministic; urgency levels/bounds and employee group/status/redaction have accessible names and states.,—,—,—,—,—,—,,"UIA tree snapshot + Narrator/NVDA script for loading, result-group, redaction, validation, conflict, unavailable and close/Esc states.",—,Stage 2.3.1 OpenAPI 1.2.0-stage2.3; Stage 3.5 UX baseline; Stage 4.3 remediation (NFR catalog NFR-003)
NFR-004,NFR,ALL,Все модули (Wave C: 6 модулей),[High DPI] Layouts remain usable at 100–200% Windows scaling and multiple monitors.,—,—,—,—,—,—,,Window-size × scaling × high-contrast visual/keyboard matrix on approved Windows images.,—,Architecture/Stage 3 (NFR catalog NFR-004)
NFR-005,NFR,ALL,Все модули (Wave C: 6 модулей),[Color] Status/urgency/error/redaction is never communicated by color alone; semantic text and icon/shape alternatives are present.,—,—,—,—,—,—,,Accessibility review,—,Stage 2.3.1 OpenAPI 1.2.0-stage2.3; Stage 3.5 UX baseline; Stage 4.3 remediation (NFR catalog NFR-005)
NFR-006,NFR,ALL,Все модули (Wave C: 6 модулей),[Performance] Large lists use server pagination and client virtualization.,—,—,—,—,—,—,,"Production-scale fixture profile: request log, page/cursor assertions, realized-item count and memory trend.",—,Architecture scale; DEC-034 (NFR catalog NFR-006)
NFR-007,NFR,ALL,Все модули (Wave C: 6 модулей),[Calendar] Calendar reads are range-bounded and virtualized.,—,—,—,—,—,—,,"Generated contract/UI tests for minimum/maximum supported ranges, DST boundaries and one over-limit range.",—,Architecture §3.12 (NFR catalog NFR-007)
NFR-008,NFR,ALL,Все модули (Wave C: 6 модулей),[Search] Filtering and cursor pagination execute server-side before result delivery.,—,—,—,—,—,—,,Contract tests with filter-bound cursor,—,Search Contract; DEC-040 (NFR catalog NFR-008)
NFR-009,NFR,ALL,Все модули (Wave C: 6 модулей),[Resilience] Server outage changes application to honest read-only cache mode.,—,—,—,—,—,—,,Fault injection desktop tests,—,ADR-015; DEC-006 (NFR catalog NFR-009)
NFR-010,NFR,ALL,Все модули (Wave C: 6 модулей),"[Recovery] After reconnect client authenticates, applies change feed, and bootstraps when cursor/scope is invalid.",—,—,—,—,—,—,,Fault injection/integration,—,ADR-005; DEC-032 (NFR catalog NFR-010)
NFR-011,NFR,ALL,Все модули (Wave C: 6 модулей),"[Concurrency] All versioned writes, including urgency scale PUT/reset, require If-Match and reject stale/missing version.",—,—,—,—,—,—,,Generated contract test suite,—,Stage 2.3.1 OpenAPI 1.2.0-stage2.3; Stage 3.5 UX baseline; Stage 4.3 remediation (NFR catalog NFR-011)
NFR-012,NFR,ALL,Все модули (Wave C: 6 модулей),[Idempotency] Idempotent commands do not duplicate side effects for same key/hash.,—,—,—,—,—,—,,Integration/replay tests,—,Stage 2.3.1 (NFR catalog NFR-012)
NFR-013,NFR,ALL,Все модули (Wave C: 6 модулей),"[Security] Server evaluates authentication, capability, relation, employee visibility/redaction and filters before pagination on every request.",—,—,—,—,—,—,,BOLA/permission tests,—,Stage 2.3.1 OpenAPI 1.2.0-stage2.3; Stage 3.5 UX baseline; Stage 4.3 remediation (NFR catalog NFR-013)
NFR-014,NFR,ALL,Все модули (Wave C: 6 модулей),"[Security] Tokens, passwords, secrets, raw query, PII, notification content and sensitive full paths are absent from logs/analytics.",—,—,—,—,—,—,,Automated redaction/security test,—,Stage 2.3.1 OpenAPI 1.2.0-stage2.3; Stage 3.5 UX baseline; Stage 4.3 remediation (NFR catalog NFR-014)
NFR-015,NFR,ALL,Все модули (Wave C: 6 модулей),[Transport] Client-server traffic uses approved TLS inside local network.,—,—,—,—,—,—,,Deployment endpoint scan and negative TLS handshake/certificate matrix inside the approved LAN configuration.,—,Architecture (NFR catalog NFR-015)
NFR-016,NFR,ALL,Все модули (Wave C: 6 модулей),"[Local data] User-specific cache is encrypted, disposable and cleared on logout/revoke/scope changes as specified.",—,—,—,—,—,—,,Desktop storage/security test,—,ADR-015; DEC-032 (NFR catalog NFR-016)
NFR-017,NFR,ALL,Все модули (Wave C: 6 модулей),"[Errors] Client maps all Stage 2.3.1 stable errors, cursor invalidation and redaction/unavailable states without raw exceptions.",—,—,—,—,—,—,,Catalog coverage test,—,Stage 2.3.1 OpenAPI 1.2.0-stage2.3; Stage 3.5 UX baseline; Stage 4.3 remediation (NFR catalog NFR-017)
NFR-018,NFR,ALL,Все модули (Wave C: 6 модулей),[File safety] Application never deletes or moves physical working files as a metadata side effect.,—,—,—,—,—,—,,Filesystem sandbox tests,—,DEC-017/018 (NFR catalog NFR-018)
NFR-019,NFR,ALL,Все модули (Wave C: 6 модулей),[File access] OS/SMB ACL remains authoritative and failures are categorized.,—,—,—,—,—,—,,Windows/SMB integration tests,—,Architecture A1-06 (NFR catalog NFR-019)
NFR-020,NFR,ALL,Все модули (Wave C: 6 модулей),[Compatibility] Unsupported clients are blocked for writes; Stage 2.3.1 notification clients retain built-in urgency presentation mapping.,—,—,—,—,—,—,,Version compatibility tests,—,Stage 2.3.1 OpenAPI 1.2.0-stage2.3; Stage 3.5 UX baseline; Stage 4.3 remediation (NFR catalog NFR-020)
NFR-021,NFR,ALL,Все модули (Wave C: 6 модулей),[Audit] Audit/history is append-only and authorization/redaction aware.,—,—,—,—,—,—,,DB/API/security tests,—,Architecture; ADR-009 (NFR catalog NFR-021)
NFR-022,NFR,ALL,Все модули (Wave C: 6 модулей),"[Backup UX] Admin UI shows backup result, last success and verification status; backup bytes are not exposed.",—,—,—,—,—,—,,Admin integration test,—,Architecture backup agent (NFR catalog NFR-022)
NFR-023,NFR,ALL,Все модули (Wave C: 6 модулей),"[Scale] Candidate is designed for up to 300 active employees, 100 concurrent connections and approximately 2M tasks/events.",—,—,—,—,—,—,,Load test report,—,Architecture §0.5 assumption (NFR catalog NFR-023)
NFR-024,NFR,ALL,Все модули (Wave C: 6 модулей),"[Availability] The product candidate does not assert an unapproved numeric availability SLA, RPO or RTO. Deployment must reference a company-approved operational policy before production approval.",—,—,—,—,—,—,,PRD token scan plus deployment-policy presence/approval/link check; numeric objectives are tested only after company approval.,—,"Stage 1 architecture §0.5 and §18 require company approval; OQ-008 closed as an external deployment-policy gate, not a product value. (NFR catalog NFR-024)"
NFR-025,NFR,ALL,Все модули (Wave C: 6 модулей),"[Request limits] Requests, text and batch sizes respect OpenAPI/Stage 2.3.1 limits.",—,—,—,—,—,—,,Generated boundary tests,—,Stage 2.3.1 OpenAPI 1.2.0-stage2.3; Stage 3.5 UX baseline; Stage 4.3 remediation (NFR catalog NFR-025)
