AC ID,Module,FR/BR,Scenario,Priority,Test type,Source,Gherkin
AC-001,ALL,BR-001,Проверить правило: Организация одна; каждая общая запись ограничена organization boundary.,High,Integration/contract,Концепция §3.1; Архитектура A1-11,
AC-002,ALL,BR-002,"Проверить правило: UserAccount отвечает за аутентификацию, EmployeeProfile — за рабочий профиль.",High,Integration/contract,Этап 2.2 C-03,
AC-003,ALL,BR-003,Проверить правило: Сервер является единственным источником истины; локальный cache disposable и read-only при outage.,High,Integration/contract,Архитектура A1-01/A1-03; DEC-006,
AC-004,ALL,BR-004,"Проверить правило: Любое действие разрешается сервером по RBAC/ReBAC/ABAC, explicit deny сильнее allow, default deny.",Critical,Integration/contract,ADR-002; DEC-004,
AC-005,ALL,BR-005,"[STATE-018] Проверить правило: Business status, derived state, archive, trash и UI state не смешиваются.",High,Integration/contract,DEC-005,
AC-006,ALL,BR-006,[STATE-018] Проверить правило: Archived object по умолчанию read-only; Trashed object доступен только для restore/purge.,High,Integration/contract,ADR-011; DEC-023,
AC-007,ALL,BR-007,Проверить правило: Удаление metadata рабочего файла не удаляет физический файл.,Critical,Integration/contract,Концепция §22.2; DEC-018,
AC-008,ALL,BR-008,Проверить правило: Физический доступ к файлу определяется Windows/SMB ACL после metadata permission.,Critical,Integration/contract,Архитектура A1-06; GAP-004,
AC-009,ALL,BR-009,[STATE-014/STATE-025] Проверить правило: Versioned write требует If-Match; stale version не перезаписывается молча.,Critical,Integration/contract,ADR-004; DEC-038,
AC-010,ALL,BR-010,Проверить правило: Safe retry допускается только для safe/idempotent operation с сохранением request hash/key.,High,Integration/contract,Этап 2.2 idempotency,
AC-011,ALL,BR-011,Проверить правило: Audit append-only; secrets и неразрешённые sensitive paths редактируются или не записываются.,High,Integration/contract,ADR-009; архитектура,
AC-012,ALL,BR-012,[STATE-007] Проверить правило: Realtime signal является invalidation; durable recovery выполняется через change feed.,High,Integration/contract,ADR-005,
AC-013,ALL,BR-013,Проверить правило: Search фильтруется по authorization и filters до pagination; client post-filter запрещён.,High,Integration/contract,DEC-040; Search Contract,
AC-014,ALL,BR-014,Проверить правило: UI hidden/disabled state не заменяет server-side permission check.,Critical,Integration/contract,DEC-030,
AC-015,ALL,BR-015,Проверить правило: PATCH omitted означает unchanged; explicit null очищает только nullable field.,High,Integration/contract,DEC-037,
AC-016,MOD-001,BR-016,Проверить бизнес-правило: Каждый сотрудник использует отдельную учётную запись.,High,Integration/domain,"§§3.2, 24, 25, 29; Stage 3.4",
AC-017,MOD-001,BR-017,Проверить бизнес-правило: Refresh token ротируется; повторное использование завершает семейство сессий.,High,Integration/domain,"§§3.2, 24, 25, 29; Stage 3.4",
AC-018,MOD-001,BR-018,Проверить бизнес-правило: Блокировка или деактивация пользователя отзывает активные сессии.,High,Integration/domain,"§§3.2, 24, 25, 29; Stage 3.4",
AC-019,MOD-001,BR-019,"Проверить бизнес-правило: Клиент не раскрывает, логин или пароль были неверны.",High,Integration/domain,"§§3.2, 24, 25, 29; Stage 3.4",
AC-020,MOD-002,BR-020,Проверить бизнес-правило: Маршрут восстанавливается только после повторной авторизации.,High,Integration/domain,"§8, §17.2, §23.5, §29; Stage 3.4",
AC-021,MOD-002,BR-021,"Проверить бизнес-правило: Command bar, context menu и palette используют единый command registry.",High,Integration/domain,"§8, §17.2, §23.5, §29; Stage 3.4",
AC-022,MOD-002,BR-022,Проверить бизнес-правило: Скрытая кнопка не является проверкой permission.,High,Integration/domain,"§8, §17.2, §23.5, §29; Stage 3.4",
AC-023,MOD-002,BR-023,Проверить бизнес-правило: Deep link не раскрывает данные скрытого объекта.,High,Integration/domain,"§8, §17.2, §23.5, §29; Stage 3.4",
AC-024,MOD-003,BR-024,"Проверить бизнес-правило: Просрочка вычисляется, а не хранится как статус.",High,Integration/domain,"§9, §27.1.17, §29; Stage 3.4",
AC-025,MOD-003,BR-025,Проверить бизнес-правило: Ошибка одной секции не заменяет весь экран ошибкой.,High,Integration/domain,"§9, §27.1.17, §29; Stage 3.4",
AC-026,MOD-003,BR-026,Проверить бизнес-правило: В offline показывается только кэш с timestamp.,High,Integration/domain,"§9, §27.1.17, §29; Stage 3.4",
AC-027,MOD-003,BR-027,Проверить бизнес-правило: Scope-фильтр отправляется только контрактно поддерживаемыми параметрами.,High,Integration/domain,"§9, §27.1.17, §29; Stage 3.4",
AC-028,MOD-004,BR-028,Проверить бизнес-правило: InboxItem принадлежит создателю до явного преобразования.,High,Integration/domain,"§10, §27.1, §33; Stage 3.4",
AC-029,MOD-004,BR-029,Проверить бизнес-правило: Преобразование создаёт целевой объект и помечает source как converted в одной транзакции.,High,Integration/domain,"§10, §27.1, §33; Stage 3.4",
AC-030,MOD-004,BR-030,Проверить бизнес-правило: При отказе целевого permission исходный InboxItem остаётся неизменён.,High,Integration/domain,"§10, §27.1, §33; Stage 3.4",
AC-031,MOD-005,BR-031,"Проверить бизнес-правило: Статусы: new, in_progress, review, completed, cancelled; overdue вычисляется.",High,Integration/domain,"§11, §27.1.5–16, §29, §33; Stage 3.4",
AC-032,MOD-005,BR-032,Проверить бизнес-правило: Business completion не архивирует задачу автоматически.,High,Integration/domain,"§11, §27.1.5–16, §29, §33; Stage 3.4",
AC-033,MOD-005,BR-033,Проверить бизнес-правило: Полный editor сохраняется явно; узкие команды отправляются отдельно.,High,Integration/domain,"§11, §27.1.5–16, §29, §33; Stage 3.4",
AC-034,MOD-005,BR-034,Проверить бизнес-правило: Переходы определяет сервер; клиент не формирует их из названия роли.,High,Integration/domain,"§11, §27.1.5–16, §29, §33; Stage 3.4",
AC-035,MOD-005,BR-035,Проверить бизнес-правило: Review → completed и review → in_progress выполняются только разрешёнными transition.,High,Integration/domain,"§11, §27.1.5–16, §29, §33; Stage 3.4",
AC-036,MOD-006,BR-036,Проверить бизнес-правило: Подзадача является Task с parentTaskId.,High,Integration/domain,"§11.4–11.5, §27.1.9–10; Stage 3.4",
AC-037,MOD-006,BR-037,Проверить бизнес-правило: Глубина вложенности ограничена одним уровнем.,High,Integration/domain,"§11.4–11.5, §27.1.9–10; Stage 3.4",
AC-038,MOD-006,BR-038,Проверить бизнес-правило: Checklist item не имеет самостоятельного lifecycle вне родительского Task.,High,Integration/domain,"§11.4–11.5, §27.1.9–10; Stage 3.4",
AC-039,MOD-006,BR-039,Проверить бизнес-правило: Reorder сохраняет стабильный порядок без дубликатов.,High,Integration/domain,"§11.4–11.5, §27.1.9–10; Stage 3.4",
AC-040,MOD-007,BR-040,"Проверить бизнес-правило: Series имеет timezone и ровно один termination mode, если завершение задано.",High,Integration/domain,"§11.6, §27.1.16; Stage 3.4",
AC-041,MOD-007,BR-041,Проверить бизнес-правило: Occurrence key уникален; повторная генерация идемпотентна.,High,Integration/domain,"§11.6, §27.1.16; Stage 3.4",
AC-042,MOD-007,BR-042,Проверить бизнес-правило: Изменение scope выбирается явно.,High,Integration/domain,"§11.6, §27.1.16; Stage 3.4",
AC-043,MOD-007,BR-043,Проверить бизнес-правило: Отмена серии не помещает её в универсальную корзину.,High,Integration/domain,"§11.6, §27.1.16; Stage 3.4",
AC-044,MOD-008,BR-044,Проверить бизнес-правило: Напоминание имеет ровно один trigger mode.,High,Integration/domain,"§17, §27.1.19–21; Stage 3.4",
AC-045,MOD-008,BR-045,"Проверить бизнес-правило: Snooze меняет время reminder, но не расписание Task/Event.",High,Integration/domain,"§17, §27.1.19–21; Stage 3.4",
AC-046,MOD-008,BR-046,Проверить бизнес-правило: Повторное срабатывание дедуплицируется сервером.,High,Integration/domain,"§17, §27.1.19–21; Stage 3.4",
AC-047,MOD-009,BR-047,Проверить бизнес-правило: Overlap разрешён и только предупреждается.,High,Integration/domain,"§12, §27.1.18, §29; Stage 3.4",
AC-048,MOD-009,BR-048,Проверить бизнес-правило: Date-only Task отображается вне временной шкалы.,High,Integration/domain,"§12, §27.1.18, §29; Stage 3.4",
AC-049,MOD-009,BR-049,Проверить бизнес-правило: Deadline не используется как позиция на timeline.,High,Integration/domain,"§12, §27.1.18, §29; Stage 3.4",
AC-050,MOD-009,BR-050,Проверить бизнес-правило: Все локальные времена интерпретируются с timezone.,High,Integration/domain,"§12, §27.1.18, §29; Stage 3.4",
AC-051,MOD-010,BR-051,Проверить бизнес-правило: У проекта всегда остаётся владелец.,High,Integration/domain,"§13, §27.1.7–8, §29, §33; Stage 3.4",
AC-052,MOD-010,BR-052,Проверить бизнес-правило: Завершение проекта и архивирование различаются.,High,Integration/domain,"§13, §27.1.7–8, §29, §33; Stage 3.4",
AC-053,MOD-010,BR-053,Проверить бизнес-правило: Удаление проекта не удаляет каскадно Task и физические файлы.,High,Integration/domain,"§13, §27.1.7–8, §29, §33; Stage 3.4",
AC-054,MOD-010,BR-054,Проверить бизнес-правило: Explicit deny сильнее allow; сервер пересчитывает scopeVersion.,High,Integration/domain,"§13, §27.1.7–8, §29, §33; Stage 3.4",
AC-055,MOD-011,BR-055,Проверить бизнес-правило: Приложение хранит только metadata и paths.,High,Integration/domain,"§§14–15, §27.1.22–31, §29; Stage 3.4",
AC-056,MOD-011,BR-056,Проверить бизнес-правило: OS/SMB ACL остаётся авторитетным для физического открытия.,High,Integration/domain,"§§14–15, §27.1.22–31, §29; Stage 3.4",
AC-057,MOD-011,BR-057,Проверить бизнес-правило: Move в дереве меняет только parent metadata.,High,Integration/domain,"§§14–15, §27.1.22–31, §29; Stage 3.4",
AC-058,MOD-011,BR-058,[STATE-018] Проверить бизнес-правило: Удаление/архив/purge не затрагивает физический файл.,High,Integration/domain,"§§14–15, §27.1.22–31, §29; Stage 3.4",
AC-059,MOD-011,BR-059,Проверить бизнес-правило: Выбранный location видим пользователю и может быть заменён альтернативным.,High,Integration/domain,"§§14–15, §27.1.22–31, §29; Stage 3.4",
AC-060,MOD-012,BR-060,Проверить бизнес-правило: Contact может существовать без Company.,High,Integration/domain,"§16, §27.1.32, §29; Stage 3.4",
AC-061,MOD-012,BR-061,Проверить бизнес-правило: Удаление или архивирование не разрывает историю без явного действия.,High,Integration/domain,"§16, §27.1.32, §29; Stage 3.4",
AC-062,MOD-012,BR-062,Проверить бизнес-правило: Контактные каналы валидируются по типу; primary определяется контрактом.,High,Integration/domain,"§16, §27.1.32, §29; Stage 3.4",
AC-063,MOD-013,BR-063,Проверить бизнес-правило: Изменение комментария сохраняет предыдущую версию.,High,Integration/domain,"§16.5, §18, §21, §27.1.33; Stage 3.4",
AC-064,MOD-013,BR-064,[STATE-018] Проверить бизнес-правило: Удаление комментария создаёт tombstone и допускает moderation restore.,High,Integration/domain,"§16.5, §18, §21, §27.1.33; Stage 3.4",
AC-065,MOD-013,BR-065,Проверить бизнес-правило: Interaction вводится вручную и является versioned object.,High,Integration/domain,"§16.5, §18, §21, §27.1.33; Stage 3.4",
AC-066,MOD-013,BR-066,Проверить бизнес-правило: Object links не дают permission на target автоматически.,High,Integration/domain,"§16.5, §18, §21, §27.1.33; Stage 3.4",
AC-067,MOD-014,BR-067,Проверить бизнес-правило: Authorization filtering выполняется до pagination.,High,Integration/domain,"§20, §27.1.35; Stage 3.4",
AC-068,MOD-014,BR-068,Проверить бизнес-правило: Cursor связан со всеми фильтрами и scopeVersion.,High,Integration/domain,"§20, §27.1.35; Stage 3.4",
AC-069,MOD-014,BR-069,Проверить бизнес-правило: Изменение фильтра сбрасывает cursor.,High,Integration/domain,"§20, §27.1.35; Stage 3.4",
AC-070,MOD-014,BR-070,Проверить deprecation BR-070 и replacement BR-105 без потери истории.,High,Integration/domain,Stage 2.3.1 OpenAPI 1.2.0-stage2.3; Stage 3.5 UX baseline; Stage 4.1.2 delta,"Given historical BR-070 присутствует
When candidate 4.1.2 строит employee search
Then BR-070 помечен deprecated и ссылается на BR-105
And active requirement использует Stage 2.3.1 employee contract"
AC-071,MOD-015,BR-071,Проверить бизнес-правило: Notification content после создания неизменно; меняются только состояния доставки/прочтения.,High,Integration/domain,"§17, §27.1.19–21, §29; Stage 3.4",
AC-072,MOD-015,BR-072,Проверить бизнес-правило: Toast action не изменяет бизнес-объект локально.,High,Integration/domain,"§17, §27.1.19–21, §29; Stage 3.4",
AC-073,MOD-015,BR-073,Проверить бизнес-правило: Target permission и version проверяются при каждом действии.,High,Integration/domain,"§17, §27.1.19–21, §29; Stage 3.4",
AC-074,MOD-015,BR-074,Проверить бизнес-правило: Недоступный target не раскрывается.,High,Integration/domain,"§17, §27.1.19–21, §29; Stage 3.4",
AC-075,MOD-016,BR-075,[STATE-017] Проверить бизнес-правило: Archived object сохраняется и по умолчанию read-only.,High,Integration/domain,"§22.1, §27.1.36; Stage 3.4",
AC-076,MOD-016,BR-076,[STATE-018] Проверить бизнес-правило: Архив не является удалением и не запускает retention purge.,High,Integration/domain,"§22.1, §27.1.36; Stage 3.4",
AC-077,MOD-016,BR-077,"[STATE-017] Проверить бизнес-правило: Unarchive проверяет текущие parent, uniqueness и permissions.",High,Integration/domain,"§22.1, §27.1.36; Stage 3.4",
AC-078,MOD-017,BR-078,[STATE-018] Проверить бизнес-правило: Trashed object не редактируется обычными командами.,High,Integration/domain,"§22.2, §27.1.37, §29; Stage 3.4",
AC-079,MOD-017,BR-079,"[STATE-018] Проверить бизнес-правило: Restore валидирует parent, uniqueness и текущие permissions.",High,Integration/domain,"§22.2, §27.1.37, §29; Stage 3.4",
AC-080,MOD-017,BR-080,[STATE-018] Проверить бизнес-правило: Purge необратим и доступен только после retention.,High,Integration/domain,"§22.2, §27.1.37, §29; Stage 3.4",
AC-081,MOD-017,BR-081,[STATE-018] Проверить бизнес-правило: UserAccount не удаляется через generic trash.,High,Integration/domain,"§22.2, §27.1.37, §29; Stage 3.4",
AC-082,MOD-018,BR-082,"Проверить бизнес-правило: Каждая настройка маркируется как user-synced, device-local или server-managed.",High,Integration/domain,"§23, §24; Stage 3.4",
AC-083,MOD-018,BR-083,Проверить бизнес-правило: PATCH omitted означает unchanged; null очищает только nullable field.,High,Integration/domain,"§23, §24; Stage 3.4",
AC-084,MOD-018,BR-084,Проверить бизнес-правило: Unsupported controls не отображаются.,High,Integration/domain,"§23, §24; Stage 3.4",
AC-085,MOD-019,BR-085,Проверить бизнес-правило: Administrative action требует отдельной capability и server-side check.,High,Integration/domain,"§7.1, §24–26, §29; Stage 3.4",
AC-086,MOD-019,BR-086,Проверить бизнес-правило: System roles/canonical permissions не меняются произвольно.,High,Integration/domain,"§7.1, §24–26, §29; Stage 3.4",
AC-087,MOD-019,BR-087,"Проверить бизнес-правило: Backup success подтверждается проверкой результата, а не существованием файла.",High,Integration/domain,"§7.1, §24–26, §29; Stage 3.4",
AC-088,MOD-019,BR-088,Проверить бизнес-правило: Любая sensitive admin command журналируется.,High,Integration/domain,"§7.1, §24–26, §29; Stage 3.4",
AC-089,MOD-020,BR-089,Проверить бизнес-правило: Сервер является единственным источником истины.,High,Integration/domain,"§18–19, §27.2, §29; Stage 3.4",
AC-090,MOD-020,BR-090,Проверить бизнес-правило: Без сервера общие writes заблокированы.,High,Integration/domain,"§18–19, §27.2, §29; Stage 3.4",
AC-091,MOD-020,BR-091,Проверить бизнес-правило: Scope change удаляет чувствительные projections до render.,High,Integration/domain,"§18–19, §27.2, §29; Stage 3.4",
AC-092,MOD-020,BR-092,"[STATE-007] Проверить бизнес-правило: Realtime является invalidation, durable truth идёт через change feed.",High,Integration/domain,"§18–19, §27.2, §29; Stage 3.4",
AC-093,MOD-020,BR-093,Проверить бизнес-правило: Conflict никогда не перезаписывается автоматически.,High,Integration/domain,"§18–19, §27.2, §29; Stage 3.4",
AC-094,MOD-021,BR-094,Проверить бизнес-правило: Audit append-only.,High,Integration/domain,"§21, §25, §27.1.34; Stage 3.4",
AC-095,MOD-021,BR-095,Проверить бизнес-правило: История фильтруется текущими правами.,High,Integration/domain,"§21, §25, §27.1.34; Stage 3.4",
AC-096,MOD-021,BR-096,"Проверить бизнес-правило: Пароли, tokens, secrets и чувствительные полные paths не журналируются.",High,Integration/domain,"§21, §25, §27.1.34; Stage 3.4",
AC-097,MOD-021,BR-097,Проверить бизнес-правило: Экспорт аудита создаётся как контролируемая фоновая операция.,High,Integration/domain,"§21, §25, §27.1.34; Stage 3.4",
AC-098,MOD-001,FR-001,Happy path: Администратор задаёт временный пароль,Critical,Contract/integration,OpenAPI `POST_api_v1_auth_admin_reset_password`; Stage_3_Field_Traceability.csv,"Given пользователь имеет `User.ResetPassword` и выполнены предусловия
When клиент отправляет `POST /api/v1/auth/admin-reset-password` с контрактным payload и headers
Then сервер возвращает успешный контрактный ответ
And клиент отображает только authoritative response"
AC-099,MOD-001,FR-001,[STATE-008/STATE-009] Permission denied: Администратор задаёт временный пароль не выполняется и данные не раскрываются,Critical,Security/authorization,OpenAPI `POST_api_v1_auth_admin_reset_password`; Stage_3_Field_Traceability.csv,"Given пользователь аутентифицирован, но не имеет `User.ResetPassword` или требуемой relation
When клиент запрашивает `POST /api/v1/auth/admin-reset-password`
Then сервер возвращает 403/OBJECT_NOT_VISIBLE согласно контракту
And клиент не раскрывает скрытые данные и не применяет optimistic UI change"
AC-100,MOD-001,FR-001,[STATE-032/STATE-033/STATE-034] Session/device interruption: операция прекращается без сохранения неподтверждённого состояния,Critical,Security/session,OpenAPI `POST_api_v1_auth_admin_reset_password`; Stage_3_Field_Traceability.csv,"Given access/refresh session или device больше не действительны
When клиент обращается к `POST /api/v1/auth/admin-reset-password`
Then сервер возвращает стабильную auth/session/device ошибку
And клиент прекращает команды, очищает запрещённые credentials/cache по политике и переводит пользователя в безопасный login/recovery flow"
AC-101,MOD-001,FR-001,[STATE-014/STATE-025] Conflict/precondition: устаревшая или отсутствующая контрактная версия/precondition не приводит к overwrite,Critical,Concurrency/integration,OpenAPI `POST_api_v1_auth_admin_reset_password`; Stage_3_Field_Traceability.csv,"Given серверное состояние изменилось после загрузки клиентом
When клиент отправляет `POST /api/v1/auth/admin-reset-password` с устаревшей контрактная версия/precondition
Then сервер отклоняет команду без overwrite
And клиент сохраняет draft и предлагает refresh/compare/reapply или безопасный повтор"
AC-102,MOD-001,FR-001,[STATE-010/STATE-011/STATE-012] Server unavailable/read-only: команда Администратор задаёт временный пароль не ставится в offline queue,Critical,Desktop/resilience,OpenAPI `POST_api_v1_auth_admin_reset_password`; Stage_3_Field_Traceability.csv,"Given сервер недоступен или приложение находится в read-only cache mode
When пользователь пытается выполнить «Администратор задаёт временный пароль»
Then команда не отправляется и не помещается в offline business queue
And UI сохраняет допустимый local draft или сообщает, что действие требует соединения"
AC-103,MOD-001,FR-001,[STATE-020] Idempotency: повтор с тем же key/hash не создаёт двойной side effect,Critical,Integration,OpenAPI `POST_api_v1_auth_admin_reset_password`; Stage_3_Field_Traceability.csv,"Given первая команда `POST_api_v1_auth_admin_reset_password` уже принята с idempotency key и payload hash
When клиент безопасно повторяет тот же key и payload
Then сервер возвращает тот же бизнес-результат без второго side effect
And другой payload с тем же key отклоняется как IDEMPOTENCY_KEY_REUSED"
AC-104,MOD-001,FR-002,Happy path: Смена собственного пароля,Critical,Contract/integration,OpenAPI `POST_api_v1_auth_change_password`; Stage_3_Field_Traceability.csv,"Given пользователь имеет `Authenticated` и выполнены предусловия
When клиент отправляет `POST /api/v1/auth/change-password` с контрактным payload и headers
Then сервер возвращает успешный контрактный ответ
And клиент отображает только authoritative response"
AC-105,MOD-001,FR-002,[STATE-032/STATE-033/STATE-034] Session/device interruption: операция прекращается без сохранения неподтверждённого состояния,Critical,Security/session,OpenAPI `POST_api_v1_auth_change_password`; Stage_3_Field_Traceability.csv,"Given access/refresh session или device больше не действительны
When клиент обращается к `POST /api/v1/auth/change-password`
Then сервер возвращает стабильную auth/session/device ошибку
And клиент прекращает команды, очищает запрещённые credentials/cache по политике и переводит пользователя в безопасный login/recovery flow"
AC-106,MOD-001,FR-002,[STATE-007] Validation: fieldErrors сохраняют draft и привязываются к canonical field path,High,Contract/UI,OpenAPI `POST_api_v1_auth_change_password`; Stage_3_Field_Traceability.csv,"Given пользователь заполнил payload для `POST_api_v1_auth_change_password` с нарушением DTO constraint
When сервер возвращает VALIDATION_FAILED с fieldErrors
Then draft сохраняется, ошибки связываются с canonical field paths и фокус переходит к первой ошибке"
AC-107,MOD-001,FR-002,[STATE-014/STATE-025] Conflict/precondition: устаревшая или отсутствующая контрактная версия/precondition не приводит к overwrite,Critical,Concurrency/integration,OpenAPI `POST_api_v1_auth_change_password`; Stage_3_Field_Traceability.csv,"Given серверное состояние изменилось после загрузки клиентом
When клиент отправляет `POST /api/v1/auth/change-password` с устаревшей контрактная версия/precondition
Then сервер отклоняет команду без overwrite
And клиент сохраняет draft и предлагает refresh/compare/reapply или безопасный повтор"
AC-108,MOD-001,FR-002,[STATE-010/STATE-011/STATE-012] Server unavailable/read-only: команда Смена собственного пароля не ставится в offline queue,Critical,Desktop/resilience,OpenAPI `POST_api_v1_auth_change_password`; Stage_3_Field_Traceability.csv,"Given сервер недоступен или приложение находится в read-only cache mode
When пользователь пытается выполнить «Смена собственного пароля»
Then команда не отправляется и не помещается в offline business queue
And UI сохраняет допустимый local draft или сообщает, что действие требует соединения"
AC-109,MOD-001,FR-002,[STATE-020] Idempotency: повтор с тем же key/hash не создаёт двойной side effect,Critical,Integration,OpenAPI `POST_api_v1_auth_change_password`; Stage_3_Field_Traceability.csv,"Given первая команда `POST_api_v1_auth_change_password` уже принята с idempotency key и payload hash
When клиент безопасно повторяет тот же key и payload
Then сервер возвращает тот же бизнес-результат без второго side effect
And другой payload с тем же key отклоняется как IDEMPOTENCY_KEY_REUSED"
AC-110,MOD-001,FR-003,Happy path: Вход по логину/паролю,Critical,Contract/integration,OpenAPI `POST_api_v1_auth_login`; Stage_3_Field_Traceability.csv,"Given пользователь имеет `Anonymous` и выполнены предусловия
When клиент отправляет `POST /api/v1/auth/login` с контрактным payload и headers
Then сервер возвращает успешный контрактный ответ
And клиент отображает только authoritative response"
AC-111,MOD-001,FR-003,[STATE-010/STATE-011/STATE-012] Server unavailable/read-only: команда Вход по логину/паролю не ставится в offline queue,Critical,Desktop/resilience,OpenAPI `POST_api_v1_auth_login`; Stage_3_Field_Traceability.csv,"Given сервер недоступен или приложение находится в read-only cache mode
When пользователь пытается выполнить «Вход по логину/паролю»
Then команда не отправляется и не помещается в offline business queue
And UI сохраняет допустимый local draft или сообщает, что действие требует соединения"
AC-112,MOD-001,FR-003,[STATE-020] Idempotency: повтор с тем же key/hash не создаёт двойной side effect,Critical,Integration,OpenAPI `POST_api_v1_auth_login`; Stage_3_Field_Traceability.csv,"Given первая команда `POST_api_v1_auth_login` уже принята с idempotency key и payload hash
When клиент безопасно повторяет тот же key и payload
Then сервер возвращает тот же бизнес-результат без второго side effect
And другой payload с тем же key отклоняется как IDEMPOTENCY_KEY_REUSED"
AC-113,MOD-001,FR-004,Happy path: Журнал входов,High,Contract/integration,OpenAPI `GET_api_v1_auth_login_attempts`; Stage_3_Field_Traceability.csv,
AC-114,MOD-001,FR-004,[STATE-008/STATE-009] Permission denied: Журнал входов не выполняется и данные не раскрываются,Critical,Security/authorization,OpenAPI `GET_api_v1_auth_login_attempts`; Stage_3_Field_Traceability.csv,"Given пользователь аутентифицирован, но не имеет `SecurityAudit.Read` или требуемой relation
When клиент запрашивает `GET /api/v1/auth/login-attempts`
Then сервер возвращает 403/OBJECT_NOT_VISIBLE согласно контракту
And клиент не раскрывает скрытые данные и не применяет optimistic UI change"
AC-115,MOD-001,FR-004,[STATE-032/STATE-033/STATE-034] Session/device interruption: операция прекращается без сохранения неподтверждённого состояния,Critical,Security/session,OpenAPI `GET_api_v1_auth_login_attempts`; Stage_3_Field_Traceability.csv,"Given access/refresh session или device больше не действительны
When клиент обращается к `GET /api/v1/auth/login-attempts`
Then сервер возвращает стабильную auth/session/device ошибку
And клиент прекращает команды, очищает запрещённые credentials/cache по политике и переводит пользователя в безопасный login/recovery flow"
AC-116,MOD-001,FR-005,Happy path: Завершить текущую сессию,Critical,Contract/integration,OpenAPI `POST_api_v1_auth_logout`; Stage_3_Field_Traceability.csv,"Given пользователь имеет `Authenticated` и выполнены предусловия
When клиент отправляет `POST /api/v1/auth/logout` с контрактным payload и headers
Then сервер возвращает успешный контрактный ответ
And клиент отображает только authoritative response"
AC-117,MOD-001,FR-005,[STATE-032/STATE-033/STATE-034] Session/device interruption: операция прекращается без сохранения неподтверждённого состояния,Critical,Security/session,OpenAPI `POST_api_v1_auth_logout`; Stage_3_Field_Traceability.csv,"Given access/refresh session или device больше не действительны
When клиент обращается к `POST /api/v1/auth/logout`
Then сервер возвращает стабильную auth/session/device ошибку
And клиент прекращает команды, очищает запрещённые credentials/cache по политике и переводит пользователя в безопасный login/recovery flow"
AC-118,MOD-001,FR-005,[STATE-010/STATE-011/STATE-012] Server unavailable/read-only: команда Завершить текущую сессию не ставится в offline queue,Critical,Desktop/resilience,OpenAPI `POST_api_v1_auth_logout`; Stage_3_Field_Traceability.csv,"Given сервер недоступен или приложение находится в read-only cache mode
When пользователь пытается выполнить «Завершить текущую сессию»
Then команда не отправляется и не помещается в offline business queue
And UI сохраняет допустимый local draft или сообщает, что действие требует соединения"
AC-119,MOD-001,FR-006,Happy path: Отозвать все сессии пользователя,Critical,Contract/integration,OpenAPI `POST_api_v1_auth_logout_all`; Stage_3_Field_Traceability.csv,"Given пользователь имеет `Authenticated` и выполнены предусловия
When клиент отправляет `POST /api/v1/auth/logout-all` с контрактным payload и headers
Then сервер возвращает успешный контрактный ответ
And клиент отображает только authoritative response"
AC-120,MOD-001,FR-006,[STATE-032/STATE-033/STATE-034] Session/device interruption: операция прекращается без сохранения неподтверждённого состояния,Critical,Security/session,OpenAPI `POST_api_v1_auth_logout_all`; Stage_3_Field_Traceability.csv,"Given access/refresh session или device больше не действительны
When клиент обращается к `POST /api/v1/auth/logout-all`
Then сервер возвращает стабильную auth/session/device ошибку
And клиент прекращает команды, очищает запрещённые credentials/cache по политике и переводит пользователя в безопасный login/recovery flow"
AC-121,MOD-001,FR-006,[STATE-014/STATE-025] Conflict/precondition: устаревшая или отсутствующая контрактная версия/precondition не приводит к overwrite,Critical,Concurrency/integration,OpenAPI `POST_api_v1_auth_logout_all`; Stage_3_Field_Traceability.csv,"Given серверное состояние изменилось после загрузки клиентом
When клиент отправляет `POST /api/v1/auth/logout-all` с устаревшей контрактная версия/precondition
Then сервер отклоняет команду без overwrite
And клиент сохраняет draft и предлагает refresh/compare/reapply или безопасный повтор"
AC-122,MOD-001,FR-006,[STATE-010/STATE-011/STATE-012] Server unavailable/read-only: команда Отозвать все сессии пользователя не ставится в offline queue,Critical,Desktop/resilience,OpenAPI `POST_api_v1_auth_logout_all`; Stage_3_Field_Traceability.csv,"Given сервер недоступен или приложение находится в read-only cache mode
When пользователь пытается выполнить «Отозвать все сессии пользователя»
Then команда не отправляется и не помещается в offline business queue
And UI сохраняет допустимый local draft или сообщает, что действие требует соединения"
AC-123,MOD-001,FR-006,[STATE-020] Idempotency: повтор с тем же key/hash не создаёт двойной side effect,Critical,Integration,OpenAPI `POST_api_v1_auth_logout_all`; Stage_3_Field_Traceability.csv,"Given первая команда `POST_api_v1_auth_logout_all` уже принята с idempotency key и payload hash
When клиент безопасно повторяет тот же key и payload
Then сервер возвращает тот же бизнес-результат без второго side effect
And другой payload с тем же key отклоняется как IDEMPOTENCY_KEY_REUSED"
AC-124,MOD-001,FR-007,Happy path: Ротация refresh token,Critical,Contract/integration,OpenAPI `POST_api_v1_auth_refresh`; Stage_3_Field_Traceability.csv,"Given пользователь имеет `Anonymous.SessionRefresh` и выполнены предусловия
When клиент отправляет `POST /api/v1/auth/refresh` с контрактным payload и headers
Then сервер возвращает успешный контрактный ответ
And клиент отображает только authoritative response"
AC-125,MOD-001,FR-007,[STATE-032/STATE-033/STATE-034] Session/device interruption: операция прекращается без сохранения неподтверждённого состояния,Critical,Security/session,OpenAPI `POST_api_v1_auth_refresh`; Stage_3_Field_Traceability.csv,"Given access/refresh session или device больше не действительны
When клиент обращается к `POST /api/v1/auth/refresh`
Then сервер возвращает стабильную auth/session/device ошибку
And клиент прекращает команды, очищает запрещённые credentials/cache по политике и переводит пользователя в безопасный login/recovery flow"
AC-126,MOD-001,FR-007,[STATE-014/STATE-025] Conflict/precondition: устаревшая или отсутствующая контрактная версия/precondition не приводит к overwrite,Critical,Concurrency/integration,OpenAPI `POST_api_v1_auth_refresh`; Stage_3_Field_Traceability.csv,"Given серверное состояние изменилось после загрузки клиентом
When клиент отправляет `POST /api/v1/auth/refresh` с устаревшей контрактная версия/precondition
Then сервер отклоняет команду без overwrite
And клиент сохраняет draft и предлагает refresh/compare/reapply или безопасный повтор"
AC-127,MOD-001,FR-007,[STATE-010/STATE-011/STATE-012] Server unavailable/read-only: команда Ротация refresh token не ставится в offline queue,Critical,Desktop/resilience,OpenAPI `POST_api_v1_auth_refresh`; Stage_3_Field_Traceability.csv,"Given сервер недоступен или приложение находится в read-only cache mode
When пользователь пытается выполнить «Ротация refresh token»
Then команда не отправляется и не помещается в offline business queue
And UI сохраняет допустимый local draft или сообщает, что действие требует соединения"
AC-128,MOD-001,FR-008,Happy path: Текущая сессия и capabilities,High,Contract/integration,OpenAPI `GET_api_v1_auth_session`; Stage_3_Field_Traceability.csv,
AC-129,MOD-001,FR-008,[STATE-032/STATE-033/STATE-034] Session/device interruption: операция прекращается без сохранения неподтверждённого состояния,Critical,Security/session,OpenAPI `GET_api_v1_auth_session`; Stage_3_Field_Traceability.csv,"Given access/refresh session или device больше не действительны
When клиент обращается к `GET /api/v1/auth/session`
Then сервер возвращает стабильную auth/session/device ошибку
And клиент прекращает команды, очищает запрещённые credentials/cache по политике и переводит пользователя в безопасный login/recovery flow"
AC-130,MOD-001,FR-009,Happy path: Список собственных/разрешённых сессий,High,Contract/integration,OpenAPI `GET_api_v1_auth_sessions`; Stage_3_Field_Traceability.csv,
AC-131,MOD-001,FR-009,[STATE-008/STATE-009] Permission denied: Список собственных/разрешённых сессий не выполняется и данные не раскрываются,Critical,Security/authorization,OpenAPI `GET_api_v1_auth_sessions`; Stage_3_Field_Traceability.csv,"Given пользователь аутентифицирован, но не имеет `Session.ReadOwnOrAll` или требуемой relation
When клиент запрашивает `GET /api/v1/auth/sessions`
Then сервер возвращает 403/OBJECT_NOT_VISIBLE согласно контракту
And клиент не раскрывает скрытые данные и не применяет optimistic UI change"
AC-132,MOD-001,FR-009,[STATE-032/STATE-033/STATE-034] Session/device interruption: операция прекращается без сохранения неподтверждённого состояния,Critical,Security/session,OpenAPI `GET_api_v1_auth_sessions`; Stage_3_Field_Traceability.csv,"Given access/refresh session или device больше не действительны
When клиент обращается к `GET /api/v1/auth/sessions`
Then сервер возвращает стабильную auth/session/device ошибку
And клиент прекращает команды, очищает запрещённые credentials/cache по политике и переводит пользователя в безопасный login/recovery flow"
AC-133,MOD-001,FR-010,[STATE-032/STATE-033/STATE-034] Happy path: Отозвать сессию,Critical,Contract/integration,OpenAPI `POST_api_v1_auth_sessions_sessionId_revoke`; Stage_3_Field_Traceability.csv,"Given пользователь имеет `Session.RevokeOwnOrAll` и выполнены предусловия
When клиент отправляет `POST /api/v1/auth/sessions/{sessionId}/revoke` с контрактным payload и headers
Then сервер возвращает успешный контрактный ответ
And клиент отображает только authoritative response"
AC-134,MOD-001,FR-010,[STATE-008/STATE-009/STATE-032/STATE-033/STATE-034] Permission denied: Отозвать сессию не выполняется и данные не раскрываются,Critical,Security/authorization,OpenAPI `POST_api_v1_auth_sessions_sessionId_revoke`; Stage_3_Field_Traceability.csv,"Given пользователь аутентифицирован, но не имеет `Session.RevokeOwnOrAll` или требуемой relation
When клиент запрашивает `POST /api/v1/auth/sessions/{sessionId}/revoke`
Then сервер возвращает 403/OBJECT_NOT_VISIBLE согласно контракту
And клиент не раскрывает скрытые данные и не применяет optimistic UI change"
AC-135,MOD-001,FR-010,[STATE-032/STATE-033/STATE-034] Session/device interruption: операция прекращается без сохранения неподтверждённого состояния,Critical,Security/session,OpenAPI `POST_api_v1_auth_sessions_sessionId_revoke`; Stage_3_Field_Traceability.csv,"Given access/refresh session или device больше не действительны
When клиент обращается к `POST /api/v1/auth/sessions/{sessionId}/revoke`
Then сервер возвращает стабильную auth/session/device ошибку
And клиент прекращает команды, очищает запрещённые credentials/cache по политике и переводит пользователя в безопасный login/recovery flow"
AC-136,MOD-001,FR-010,[STATE-010/STATE-011/STATE-012] Server unavailable/read-only: команда Отозвать сессию не ставится в offline queue,Critical,Desktop/resilience,OpenAPI `POST_api_v1_auth_sessions_sessionId_revoke`; Stage_3_Field_Traceability.csv,"Given сервер недоступен или приложение находится в read-only cache mode
When пользователь пытается выполнить «Отозвать сессию»
Then команда не отправляется и не помещается в offline business queue
And UI сохраняет допустимый local draft или сообщает, что действие требует соединения"
AC-137,MOD-002,FR-011,Happy path: Серверное UTC-время,High,Contract/integration,OpenAPI `GET_api_v1_system_time`; Stage_3_Field_Traceability.csv,
AC-138,MOD-002,FR-011,[STATE-032/STATE-033/STATE-034] Session/device interruption: операция прекращается без сохранения неподтверждённого состояния,Critical,Security/session,OpenAPI `GET_api_v1_system_time`; Stage_3_Field_Traceability.csv,"Given access/refresh session или device больше не действительны
When клиент обращается к `GET /api/v1/system/time`
Then сервер возвращает стабильную auth/session/device ошибку
And клиент прекращает команды, очищает запрещённые credentials/cache по политике и переводит пользователя в безопасный login/recovery flow"
AC-139,MOD-002,FR-012,Happy path: Версия сервера/API/схемы,High,Contract/integration,OpenAPI `GET_api_v1_system_version`; Stage_3_Field_Traceability.csv,
AC-140,MOD-002,FR-012,[STATE-032/STATE-033/STATE-034] Session/device interruption: операция прекращается без сохранения неподтверждённого состояния,Critical,Security/session,OpenAPI `GET_api_v1_system_version`; Stage_3_Field_Traceability.csv,"Given access/refresh session или device больше не действительны
When клиент обращается к `GET /api/v1/system/version`
Then сервер возвращает стабильную auth/session/device ошибку
And клиент прекращает команды, очищает запрещённые credentials/cache по политике и переводит пользователя в безопасный login/recovery flow"
AC-141,MOD-002,FR-013,Happy path: Liveness без зависимостей,High,Contract/integration,OpenAPI `GET_health_live`; Stage_3_Field_Traceability.csv,
AC-142,MOD-002,FR-014,Happy path: Readiness основных зависимостей,High,Contract/integration,OpenAPI `GET_health_ready`; Stage_3_Field_Traceability.csv,
AC-143,MOD-002,FR-015,Happy path: Возможности сервера и min client,High,Contract/integration,OpenAPI `GET_api_v1_capabilities`; Stage_3_Field_Traceability.csv,
AC-144,MOD-002,FR-015,[STATE-032/STATE-033/STATE-034] Session/device interruption: операция прекращается без сохранения неподтверждённого состояния,Critical,Security/session,OpenAPI `GET_api_v1_capabilities`; Stage_3_Field_Traceability.csv,"Given access/refresh session или device больше не действительны
When клиент обращается к `GET /api/v1/capabilities`
Then сервер возвращает стабильную auth/session/device ошибку
And клиент прекращает команды, очищает запрещённые credentials/cache по политике и переводит пользователя в безопасный login/recovery flow"
AC-145,MOD-002,FR-016,Happy path: Доступные пользователю флаги,High,Contract/integration,OpenAPI `GET_api_v1_feature_flags`; Stage_3_Field_Traceability.csv,
AC-146,MOD-002,FR-016,[STATE-032/STATE-033/STATE-034] Session/device interruption: операция прекращается без сохранения неподтверждённого состояния,Critical,Security/session,OpenAPI `GET_api_v1_feature_flags`; Stage_3_Field_Traceability.csv,"Given access/refresh session или device больше не действительны
When клиент обращается к `GET /api/v1/feature-flags`
Then сервер возвращает стабильную auth/session/device ошибку
And клиент прекращает команды, очищает запрещённые credentials/cache по политике и переводит пользователя в безопасный login/recovery flow"
AC-147,MOD-003,FR-017,Happy path: Агрегированный read-model «Сегодня» в часовом поясе пользователя,High,Contract/integration,OpenAPI `GET_api_v1_today`; Stage_3_Field_Traceability.csv,
AC-148,MOD-003,FR-017,[STATE-008/STATE-009] Permission denied: Агрегированный read-model «Сегодня» в часовом поясе пользователя не выполняется и данные не раскрываются,Critical,Security/authorization,OpenAPI `GET_api_v1_today`; Stage_3_Field_Traceability.csv,"Given пользователь аутентифицирован, но не имеет `Calendar.Read` или требуемой relation
When клиент запрашивает `GET /api/v1/today`
Then сервер возвращает 403/OBJECT_NOT_VISIBLE согласно контракту
And клиент не раскрывает скрытые данные и не применяет optimistic UI change"
AC-149,MOD-003,FR-017,[STATE-032/STATE-033/STATE-034] Session/device interruption: операция прекращается без сохранения неподтверждённого состояния,Critical,Security/session,OpenAPI `GET_api_v1_today`; Stage_3_Field_Traceability.csv,"Given access/refresh session или device больше не действительны
When клиент обращается к `GET /api/v1/today`
Then сервер возвращает стабильную auth/session/device ошибку
And клиент прекращает команды, очищает запрещённые credentials/cache по политике и переводит пользователя в безопасный login/recovery flow"
AC-150,MOD-003,FR-017,[STATE-007] Validation: fieldErrors сохраняют draft и привязываются к canonical field path,High,Contract/UI,OpenAPI `GET_api_v1_today`; Stage_3_Field_Traceability.csv,"Given пользователь заполнил payload для `GET_api_v1_today` с нарушением DTO constraint
When сервер возвращает VALIDATION_FAILED с fieldErrors
Then draft сохраняется, ошибки связываются с canonical field paths и фокус переходит к первой ошибке"
AC-151,MOD-004,FR-018,Happy path: Список входящий элемент,High,Contract/integration,OpenAPI `GET_api_v1_inbox_items`; Stage_3_Field_Traceability.csv,
AC-152,MOD-004,FR-018,[STATE-008/STATE-009] Permission denied: Список входящий элемент не выполняется и данные не раскрываются,Critical,Security/authorization,OpenAPI `GET_api_v1_inbox_items`; Stage_3_Field_Traceability.csv,"Given пользователь аутентифицирован, но не имеет `Inbox.ReadOwn` или требуемой relation
When клиент запрашивает `GET /api/v1/inbox-items`
Then сервер возвращает 403/OBJECT_NOT_VISIBLE согласно контракту
And клиент не раскрывает скрытые данные и не применяет optimistic UI change"
AC-153,MOD-004,FR-018,[STATE-032/STATE-033/STATE-034] Session/device interruption: операция прекращается без сохранения неподтверждённого состояния,Critical,Security/session,OpenAPI `GET_api_v1_inbox_items`; Stage_3_Field_Traceability.csv,"Given access/refresh session или device больше не действительны
When клиент обращается к `GET /api/v1/inbox-items`
Then сервер возвращает стабильную auth/session/device ошибку
And клиент прекращает команды, очищает запрещённые credentials/cache по политике и переводит пользователя в безопасный login/recovery flow"
AC-154,MOD-004,FR-019,Happy path: Создать входящий элемент,Critical,Contract/integration,OpenAPI `POST_api_v1_inbox_items`; Stage_3_Field_Traceability.csv,"Given пользователь имеет `Inbox.ManageOwn` и выполнены предусловия
When клиент отправляет `POST /api/v1/inbox-items` с контрактным payload и headers
Then сервер возвращает успешный контрактный ответ
And клиент отображает только authoritative response"
AC-155,MOD-004,FR-019,[STATE-008/STATE-009] Permission denied: Создать входящий элемент не выполняется и данные не раскрываются,Critical,Security/authorization,OpenAPI `POST_api_v1_inbox_items`; Stage_3_Field_Traceability.csv,"Given пользователь аутентифицирован, но не имеет `Inbox.ManageOwn` или требуемой relation
When клиент запрашивает `POST /api/v1/inbox-items`
Then сервер возвращает 403/OBJECT_NOT_VISIBLE согласно контракту
And клиент не раскрывает скрытые данные и не применяет optimistic UI change"
AC-156,MOD-004,FR-019,[STATE-032/STATE-033/STATE-034] Session/device interruption: операция прекращается без сохранения неподтверждённого состояния,Critical,Security/session,OpenAPI `POST_api_v1_inbox_items`; Stage_3_Field_Traceability.csv,"Given access/refresh session или device больше не действительны
When клиент обращается к `POST /api/v1/inbox-items`
Then сервер возвращает стабильную auth/session/device ошибку
And клиент прекращает команды, очищает запрещённые credentials/cache по политике и переводит пользователя в безопасный login/recovery flow"
AC-157,MOD-004,FR-019,[STATE-007] Validation: fieldErrors сохраняют draft и привязываются к canonical field path,High,Contract/UI,OpenAPI `POST_api_v1_inbox_items`; Stage_3_Field_Traceability.csv,"Given пользователь заполнил payload для `POST_api_v1_inbox_items` с нарушением DTO constraint
When сервер возвращает VALIDATION_FAILED с fieldErrors
Then draft сохраняется, ошибки связываются с canonical field paths и фокус переходит к первой ошибке"
AC-158,MOD-004,FR-019,[STATE-014/STATE-025] Conflict/precondition: устаревшая или отсутствующая контрактная версия/precondition не приводит к overwrite,Critical,Concurrency/integration,OpenAPI `POST_api_v1_inbox_items`; Stage_3_Field_Traceability.csv,"Given серверное состояние изменилось после загрузки клиентом
When клиент отправляет `POST /api/v1/inbox-items` с устаревшей контрактная версия/precondition
Then сервер отклоняет команду без overwrite
And клиент сохраняет draft и предлагает refresh/compare/reapply или безопасный повтор"
AC-159,MOD-004,FR-019,[STATE-010/STATE-011/STATE-012] Server unavailable/read-only: команда Создать входящий элемент не ставится в offline queue,Critical,Desktop/resilience,OpenAPI `POST_api_v1_inbox_items`; Stage_3_Field_Traceability.csv,"Given сервер недоступен или приложение находится в read-only cache mode
When пользователь пытается выполнить «Создать входящий элемент»
Then команда не отправляется и не помещается в offline business queue
And UI сохраняет допустимый local draft или сообщает, что действие требует соединения"
AC-160,MOD-004,FR-019,[STATE-020] Idempotency: повтор с тем же key/hash не создаёт двойной side effect,Critical,Integration,OpenAPI `POST_api_v1_inbox_items`; Stage_3_Field_Traceability.csv,"Given первая команда `POST_api_v1_inbox_items` уже принята с idempotency key и payload hash
When клиент безопасно повторяет тот же key и payload
Then сервер возвращает тот же бизнес-результат без второго side effect
And другой payload с тем же key отклоняется как IDEMPOTENCY_KEY_REUSED"
AC-161,MOD-004,FR-020,Happy path: Переместить входящий элемент в корзину,Critical,Contract/integration,OpenAPI `DELETE_api_v1_inbox_items_id`; Stage_3_Field_Traceability.csv,"Given пользователь имеет `Inbox.ManageOwn` и выполнены предусловия
When клиент отправляет `DELETE /api/v1/inbox-items/{id}` с контрактным payload и headers
Then сервер возвращает успешный контрактный ответ
And клиент отображает только authoritative response"
AC-162,MOD-004,FR-020,[STATE-008/STATE-009] Permission denied: Переместить входящий элемент в корзину не выполняется и данные не раскрываются,Critical,Security/authorization,OpenAPI `DELETE_api_v1_inbox_items_id`; Stage_3_Field_Traceability.csv,"Given пользователь аутентифицирован, но не имеет `Inbox.ManageOwn` или требуемой relation
When клиент запрашивает `DELETE /api/v1/inbox-items/{id}`
Then сервер возвращает 403/OBJECT_NOT_VISIBLE согласно контракту
And клиент не раскрывает скрытые данные и не применяет optimistic UI change"
AC-163,MOD-004,FR-020,[STATE-032/STATE-033/STATE-034] Session/device interruption: операция прекращается без сохранения неподтверждённого состояния,Critical,Security/session,OpenAPI `DELETE_api_v1_inbox_items_id`; Stage_3_Field_Traceability.csv,"Given access/refresh session или device больше не действительны
When клиент обращается к `DELETE /api/v1/inbox-items/{id}`
Then сервер возвращает стабильную auth/session/device ошибку
And клиент прекращает команды, очищает запрещённые credentials/cache по политике и переводит пользователя в безопасный login/recovery flow"
AC-164,MOD-004,FR-020,[STATE-014/STATE-025] Conflict/precondition: устаревшая или отсутствующая If-Match не приводит к overwrite,Critical,Concurrency/integration,OpenAPI `DELETE_api_v1_inbox_items_id`; Stage_3_Field_Traceability.csv,"Given серверное состояние изменилось после загрузки клиентом
When клиент отправляет `DELETE /api/v1/inbox-items/{id}` с устаревшей If-Match
Then сервер отклоняет команду без overwrite
And клиент сохраняет draft и предлагает refresh/compare/reapply или безопасный повтор"
AC-165,MOD-004,FR-020,[STATE-010/STATE-011/STATE-012] Server unavailable/read-only: команда Переместить входящий элемент в корзину не ставится в offline queue,Critical,Desktop/resilience,OpenAPI `DELETE_api_v1_inbox_items_id`; Stage_3_Field_Traceability.csv,"Given сервер недоступен или приложение находится в read-only cache mode
When пользователь пытается выполнить «Переместить входящий элемент в корзину»
Then команда не отправляется и не помещается в offline business queue
And UI сохраняет допустимый local draft или сообщает, что действие требует соединения"
AC-166,MOD-004,FR-020,[STATE-018] Удалённый объект: команда не применяется к trashed target и не создаёт новый объект,High,Lifecycle/integration,OpenAPI `DELETE_api_v1_inbox_items_id`; Stage_3_Field_Traceability.csv,"Given target object был перемещён в Trash или удалён после загрузки
When выполняется `DELETE /api/v1/inbox-items/{id}`
Then сервер возвращает OBJECT_DELETED/OBJECT_NOT_VISIBLE согласно текущим правам
And клиент не восстанавливает optimistic state и предлагает только разрешённый restore/open Trash"
AC-167,MOD-004,FR-021,Happy path: Получить входящий элемент,High,Contract/integration,OpenAPI `GET_api_v1_inbox_items_id`; Stage_3_Field_Traceability.csv,
AC-168,MOD-004,FR-021,[STATE-008/STATE-009] Permission denied: Получить входящий элемент не выполняется и данные не раскрываются,Critical,Security/authorization,OpenAPI `GET_api_v1_inbox_items_id`; Stage_3_Field_Traceability.csv,"Given пользователь аутентифицирован, но не имеет `Inbox.ReadOwn` или требуемой relation
When клиент запрашивает `GET /api/v1/inbox-items/{id}`
Then сервер возвращает 403/OBJECT_NOT_VISIBLE согласно контракту
And клиент не раскрывает скрытые данные и не применяет optimistic UI change"
AC-169,MOD-004,FR-021,[STATE-032/STATE-033/STATE-034] Session/device interruption: операция прекращается без сохранения неподтверждённого состояния,Critical,Security/session,OpenAPI `GET_api_v1_inbox_items_id`; Stage_3_Field_Traceability.csv,"Given access/refresh session или device больше не действительны
When клиент обращается к `GET /api/v1/inbox-items/{id}`
Then сервер возвращает стабильную auth/session/device ошибку
And клиент прекращает команды, очищает запрещённые credentials/cache по политике и переводит пользователя в безопасный login/recovery flow"
AC-170,MOD-004,FR-022,Happy path: Изменить входящий элемент,Critical,Contract/integration,OpenAPI `PATCH_api_v1_inbox_items_id`; Stage_3_Field_Traceability.csv,"Given пользователь имеет `Inbox.ManageOwn` и выполнены предусловия
When клиент отправляет `PATCH /api/v1/inbox-items/{id}` с контрактным payload и headers
Then сервер возвращает успешный контрактный ответ
And клиент отображает только authoritative response"
AC-171,MOD-004,FR-022,[STATE-008/STATE-009] Permission denied: Изменить входящий элемент не выполняется и данные не раскрываются,Critical,Security/authorization,OpenAPI `PATCH_api_v1_inbox_items_id`; Stage_3_Field_Traceability.csv,"Given пользователь аутентифицирован, но не имеет `Inbox.ManageOwn` или требуемой relation
When клиент запрашивает `PATCH /api/v1/inbox-items/{id}`
Then сервер возвращает 403/OBJECT_NOT_VISIBLE согласно контракту
And клиент не раскрывает скрытые данные и не применяет optimistic UI change"
AC-172,MOD-004,FR-022,[STATE-032/STATE-033/STATE-034] Session/device interruption: операция прекращается без сохранения неподтверждённого состояния,Critical,Security/session,OpenAPI `PATCH_api_v1_inbox_items_id`; Stage_3_Field_Traceability.csv,"Given access/refresh session или device больше не действительны
When клиент обращается к `PATCH /api/v1/inbox-items/{id}`
Then сервер возвращает стабильную auth/session/device ошибку
And клиент прекращает команды, очищает запрещённые credentials/cache по политике и переводит пользователя в безопасный login/recovery flow"
AC-173,MOD-004,FR-022,[STATE-007] Validation: fieldErrors сохраняют draft и привязываются к canonical field path,High,Contract/UI,OpenAPI `PATCH_api_v1_inbox_items_id`; Stage_3_Field_Traceability.csv,"Given пользователь заполнил payload для `PATCH_api_v1_inbox_items_id` с нарушением DTO constraint
When сервер возвращает VALIDATION_FAILED с fieldErrors
Then draft сохраняется, ошибки связываются с canonical field paths и фокус переходит к первой ошибке"
AC-174,MOD-004,FR-022,[STATE-014/STATE-025] Conflict/precondition: устаревшая или отсутствующая If-Match не приводит к overwrite,Critical,Concurrency/integration,OpenAPI `PATCH_api_v1_inbox_items_id`; Stage_3_Field_Traceability.csv,"Given серверное состояние изменилось после загрузки клиентом
When клиент отправляет `PATCH /api/v1/inbox-items/{id}` с устаревшей If-Match
Then сервер отклоняет команду без overwrite
And клиент сохраняет draft и предлагает refresh/compare/reapply или безопасный повтор"
AC-175,MOD-004,FR-022,[STATE-010/STATE-011/STATE-012] Server unavailable/read-only: команда Изменить входящий элемент не ставится в offline queue,Critical,Desktop/resilience,OpenAPI `PATCH_api_v1_inbox_items_id`; Stage_3_Field_Traceability.csv,"Given сервер недоступен или приложение находится в read-only cache mode
When пользователь пытается выполнить «Изменить входящий элемент»
Then команда не отправляется и не помещается в offline business queue
And UI сохраняет допустимый local draft или сообщает, что действие требует соединения"
AC-176,MOD-004,FR-022,[STATE-018] Удалённый объект: команда не применяется к trashed target и не создаёт новый объект,High,Lifecycle/integration,OpenAPI `PATCH_api_v1_inbox_items_id`; Stage_3_Field_Traceability.csv,"Given target object был перемещён в Trash или удалён после загрузки
When выполняется `PATCH /api/v1/inbox-items/{id}`
Then сервер возвращает OBJECT_DELETED/OBJECT_NOT_VISIBLE согласно текущим правам
And клиент не восстанавливает optimistic state и предлагает только разрешённый restore/open Trash"
AC-177,MOD-004,FR-023,Happy path: Преобразовать в элемент каталога,Critical,Contract/integration,OpenAPI `POST_api_v1_inbox_items_id_convert_to_catalog_item`; Stage_3_Field_Traceability.csv,"Given пользователь имеет `Inbox.ManageOwn` и выполнены предусловия
When клиент отправляет `POST /api/v1/inbox-items/{id}/convert-to-catalog-item` с контрактным payload и headers
Then сервер возвращает успешный контрактный ответ
And клиент отображает только authoritative response"
AC-178,MOD-004,FR-023,[STATE-008/STATE-009] Permission denied: Преобразовать в элемент каталога не выполняется и данные не раскрываются,Critical,Security/authorization,OpenAPI `POST_api_v1_inbox_items_id_convert_to_catalog_item`; Stage_3_Field_Traceability.csv,"Given пользователь аутентифицирован, но не имеет `Inbox.ManageOwn` или требуемой relation
When клиент запрашивает `POST /api/v1/inbox-items/{id}/convert-to-catalog-item`
Then сервер возвращает 403/OBJECT_NOT_VISIBLE согласно контракту
And клиент не раскрывает скрытые данные и не применяет optimistic UI change"
AC-179,MOD-004,FR-023,[STATE-032/STATE-033/STATE-034] Session/device interruption: операция прекращается без сохранения неподтверждённого состояния,Critical,Security/session,OpenAPI `POST_api_v1_inbox_items_id_convert_to_catalog_item`; Stage_3_Field_Traceability.csv,"Given access/refresh session или device больше не действительны
When клиент обращается к `POST /api/v1/inbox-items/{id}/convert-to-catalog-item`
Then сервер возвращает стабильную auth/session/device ошибку
And клиент прекращает команды, очищает запрещённые credentials/cache по политике и переводит пользователя в безопасный login/recovery flow"
AC-180,MOD-004,FR-023,[STATE-007] Validation: fieldErrors сохраняют draft и привязываются к canonical field path,High,Contract/UI,OpenAPI `POST_api_v1_inbox_items_id_convert_to_catalog_item`; Stage_3_Field_Traceability.csv,"Given пользователь заполнил payload для `POST_api_v1_inbox_items_id_convert_to_catalog_item` с нарушением DTO constraint
When сервер возвращает VALIDATION_FAILED с fieldErrors
Then draft сохраняется, ошибки связываются с canonical field paths и фокус переходит к первой ошибке"
AC-181,MOD-004,FR-023,[STATE-014/STATE-025] Conflict/precondition: устаревшая или отсутствующая If-Match не приводит к overwrite,Critical,Concurrency/integration,OpenAPI `POST_api_v1_inbox_items_id_convert_to_catalog_item`; Stage_3_Field_Traceability.csv,"Given серверное состояние изменилось после загрузки клиентом
When клиент отправляет `POST /api/v1/inbox-items/{id}/convert-to-catalog-item` с устаревшей If-Match
Then сервер отклоняет команду без overwrite
And клиент сохраняет draft и предлагает refresh/compare/reapply или безопасный повтор"
AC-182,MOD-004,FR-023,[STATE-010/STATE-011/STATE-012] Server unavailable/read-only: команда Преобразовать в элемент каталога не ставится в offline queue,Critical,Desktop/resilience,OpenAPI `POST_api_v1_inbox_items_id_convert_to_catalog_item`; Stage_3_Field_Traceability.csv,"Given сервер недоступен или приложение находится в read-only cache mode
When пользователь пытается выполнить «Преобразовать в элемент каталога»
Then команда не отправляется и не помещается в offline business queue
And UI сохраняет допустимый local draft или сообщает, что действие требует соединения"
AC-183,MOD-004,FR-023,[STATE-020] Idempotency: повтор с тем же key/hash не создаёт двойной side effect,Critical,Integration,OpenAPI `POST_api_v1_inbox_items_id_convert_to_catalog_item`; Stage_3_Field_Traceability.csv,"Given первая команда `POST_api_v1_inbox_items_id_convert_to_catalog_item` уже принята с idempotency key и payload hash
When клиент безопасно повторяет тот же key и payload
Then сервер возвращает тот же бизнес-результат без второго side effect
And другой payload с тем же key отклоняется как IDEMPOTENCY_KEY_REUSED"
AC-184,MOD-004,FR-023,[STATE-018] Удалённый объект: команда не применяется к trashed target и не создаёт новый объект,High,Lifecycle/integration,OpenAPI `POST_api_v1_inbox_items_id_convert_to_catalog_item`; Stage_3_Field_Traceability.csv,"Given target object был перемещён в Trash или удалён после загрузки
When выполняется `POST /api/v1/inbox-items/{id}/convert-to-catalog-item`
Then сервер возвращает OBJECT_DELETED/OBJECT_NOT_VISIBLE согласно текущим правам
And клиент не восстанавливает optimistic state и предлагает только разрешённый restore/open Trash"
AC-185,MOD-004,FR-024,Happy path: Преобразовать во task,Critical,Contract/integration,OpenAPI `POST_api_v1_inbox_items_id_convert_to_task`; Stage_3_Field_Traceability.csv,"Given пользователь имеет `Inbox.ManageOwn` и выполнены предусловия
When клиент отправляет `POST /api/v1/inbox-items/{id}/convert-to-task` с контрактным payload и headers
Then сервер возвращает успешный контрактный ответ
And клиент отображает только authoritative response"
AC-186,MOD-004,FR-024,[STATE-008/STATE-009] Permission denied: Преобразовать во task не выполняется и данные не раскрываются,Critical,Security/authorization,OpenAPI `POST_api_v1_inbox_items_id_convert_to_task`; Stage_3_Field_Traceability.csv,"Given пользователь аутентифицирован, но не имеет `Inbox.ManageOwn` или требуемой relation
When клиент запрашивает `POST /api/v1/inbox-items/{id}/convert-to-task`
Then сервер возвращает 403/OBJECT_NOT_VISIBLE согласно контракту
And клиент не раскрывает скрытые данные и не применяет optimistic UI change"
AC-187,MOD-004,FR-024,[STATE-032/STATE-033/STATE-034] Session/device interruption: операция прекращается без сохранения неподтверждённого состояния,Critical,Security/session,OpenAPI `POST_api_v1_inbox_items_id_convert_to_task`; Stage_3_Field_Traceability.csv,"Given access/refresh session или device больше не действительны
When клиент обращается к `POST /api/v1/inbox-items/{id}/convert-to-task`
Then сервер возвращает стабильную auth/session/device ошибку
And клиент прекращает команды, очищает запрещённые credentials/cache по политике и переводит пользователя в безопасный login/recovery flow"
AC-188,MOD-004,FR-024,[STATE-007] Validation: fieldErrors сохраняют draft и привязываются к canonical field path,High,Contract/UI,OpenAPI `POST_api_v1_inbox_items_id_convert_to_task`; Stage_3_Field_Traceability.csv,"Given пользователь заполнил payload для `POST_api_v1_inbox_items_id_convert_to_task` с нарушением DTO constraint
When сервер возвращает VALIDATION_FAILED с fieldErrors
Then draft сохраняется, ошибки связываются с canonical field paths и фокус переходит к первой ошибке"
AC-189,MOD-004,FR-024,[STATE-014/STATE-025] Conflict/precondition: устаревшая или отсутствующая If-Match не приводит к overwrite,Critical,Concurrency/integration,OpenAPI `POST_api_v1_inbox_items_id_convert_to_task`; Stage_3_Field_Traceability.csv,"Given серверное состояние изменилось после загрузки клиентом
When клиент отправляет `POST /api/v1/inbox-items/{id}/convert-to-task` с устаревшей If-Match
Then сервер отклоняет команду без overwrite
And клиент сохраняет draft и предлагает refresh/compare/reapply или безопасный повтор"
AC-190,MOD-004,FR-024,[STATE-010/STATE-011/STATE-012] Server unavailable/read-only: команда Преобразовать во task не ставится в offline queue,Critical,Desktop/resilience,OpenAPI `POST_api_v1_inbox_items_id_convert_to_task`; Stage_3_Field_Traceability.csv,"Given сервер недоступен или приложение находится в read-only cache mode
When пользователь пытается выполнить «Преобразовать во task»
Then команда не отправляется и не помещается в offline business queue
And UI сохраняет допустимый local draft или сообщает, что действие требует соединения"
AC-191,MOD-004,FR-024,[STATE-020] Idempotency: повтор с тем же key/hash не создаёт двойной side effect,Critical,Integration,OpenAPI `POST_api_v1_inbox_items_id_convert_to_task`; Stage_3_Field_Traceability.csv,"Given первая команда `POST_api_v1_inbox_items_id_convert_to_task` уже принята с idempotency key и payload hash
When клиент безопасно повторяет тот же key и payload
Then сервер возвращает тот же бизнес-результат без второго side effect
And другой payload с тем же key отклоняется как IDEMPOTENCY_KEY_REUSED"
AC-192,MOD-004,FR-024,[STATE-018] Удалённый объект: команда не применяется к trashed target и не создаёт новый объект,High,Lifecycle/integration,OpenAPI `POST_api_v1_inbox_items_id_convert_to_task`; Stage_3_Field_Traceability.csv,"Given target object был перемещён в Trash или удалён после загрузки
When выполняется `POST /api/v1/inbox-items/{id}/convert-to-task`
Then сервер возвращает OBJECT_DELETED/OBJECT_NOT_VISIBLE согласно текущим правам
And клиент не восстанавливает optimistic state и предлагает только разрешённый restore/open Trash"
AC-193,MOD-004,FR-025,[STATE-018] Happy path: Восстановить входящий элемент,Critical,Contract/integration,OpenAPI `POST_api_v1_inbox_items_id_restore`; Stage_3_Field_Traceability.csv,"Given пользователь имеет `Inbox.ManageOwn` и выполнены предусловия
When клиент отправляет `POST /api/v1/inbox-items/{id}/restore` с контрактным payload и headers
Then сервер возвращает успешный контрактный ответ
And клиент отображает только authoritative response"
AC-194,MOD-004,FR-025,[STATE-008/STATE-009/STATE-018] Permission denied: Восстановить входящий элемент не выполняется и данные не раскрываются,Critical,Security/authorization,OpenAPI `POST_api_v1_inbox_items_id_restore`; Stage_3_Field_Traceability.csv,"Given пользователь аутентифицирован, но не имеет `Inbox.ManageOwn` или требуемой relation
When клиент запрашивает `POST /api/v1/inbox-items/{id}/restore`
Then сервер возвращает 403/OBJECT_NOT_VISIBLE согласно контракту
And клиент не раскрывает скрытые данные и не применяет optimistic UI change"
AC-195,MOD-004,FR-025,[STATE-018/STATE-032/STATE-033/STATE-034] Session/device interruption: операция прекращается без сохранения неподтверждённого состояния,Critical,Security/session,OpenAPI `POST_api_v1_inbox_items_id_restore`; Stage_3_Field_Traceability.csv,"Given access/refresh session или device больше не действительны
When клиент обращается к `POST /api/v1/inbox-items/{id}/restore`
Then сервер возвращает стабильную auth/session/device ошибку
And клиент прекращает команды, очищает запрещённые credentials/cache по политике и переводит пользователя в безопасный login/recovery flow"
AC-196,MOD-004,FR-025,[STATE-007/STATE-018] Validation: fieldErrors сохраняют draft и привязываются к canonical field path,High,Contract/UI,OpenAPI `POST_api_v1_inbox_items_id_restore`; Stage_3_Field_Traceability.csv,"Given пользователь заполнил payload для `POST_api_v1_inbox_items_id_restore` с нарушением DTO constraint
When сервер возвращает VALIDATION_FAILED с fieldErrors
Then draft сохраняется, ошибки связываются с canonical field paths и фокус переходит к первой ошибке"
AC-197,MOD-004,FR-025,[STATE-014/STATE-018/STATE-025] Conflict/precondition: устаревшая или отсутствующая If-Match не приводит к overwrite,Critical,Concurrency/integration,OpenAPI `POST_api_v1_inbox_items_id_restore`; Stage_3_Field_Traceability.csv,"Given серверное состояние изменилось после загрузки клиентом
When клиент отправляет `POST /api/v1/inbox-items/{id}/restore` с устаревшей If-Match
Then сервер отклоняет команду без overwrite
And клиент сохраняет draft и предлагает refresh/compare/reapply или безопасный повтор"
AC-198,MOD-004,FR-025,[STATE-010/STATE-011/STATE-012] Server unavailable/read-only: команда Восстановить входящий элемент не ставится в offline queue,Critical,Desktop/resilience,OpenAPI `POST_api_v1_inbox_items_id_restore`; Stage_3_Field_Traceability.csv,"Given сервер недоступен или приложение находится в read-only cache mode
When пользователь пытается выполнить «Восстановить входящий элемент»
Then команда не отправляется и не помещается в offline business queue
And UI сохраняет допустимый local draft или сообщает, что действие требует соединения"
AC-199,MOD-004,FR-025,[STATE-018/STATE-020] Idempotency: повтор с тем же key/hash не создаёт двойной side effect,Critical,Integration,OpenAPI `POST_api_v1_inbox_items_id_restore`; Stage_3_Field_Traceability.csv,"Given первая команда `POST_api_v1_inbox_items_id_restore` уже принята с idempotency key и payload hash
When клиент безопасно повторяет тот же key и payload
Then сервер возвращает тот же бизнес-результат без второго side effect
And другой payload с тем же key отклоняется как IDEMPOTENCY_KEY_REUSED"
AC-200,MOD-004,FR-025,[STATE-018] Удалённый объект: команда не применяется к trashed target и не создаёт новый объект,High,Lifecycle/integration,OpenAPI `POST_api_v1_inbox_items_id_restore`; Stage_3_Field_Traceability.csv,"Given target object был перемещён в Trash или удалён после загрузки
When выполняется `POST /api/v1/inbox-items/{id}/restore`
Then сервер возвращает OBJECT_DELETED/OBJECT_NOT_VISIBLE согласно текущим правам
And клиент не восстанавливает optimistic state и предлагает только разрешённый restore/open Trash"
AC-201,MOD-005,FR-026,Happy path: Список задачу,High,Contract/integration,OpenAPI `GET_api_v1_tasks`; Stage_3_Field_Traceability.csv,
AC-202,MOD-005,FR-026,[STATE-008/STATE-009] Permission denied: Список задачу не выполняется и данные не раскрываются,Critical,Security/authorization,OpenAPI `GET_api_v1_tasks`; Stage_3_Field_Traceability.csv,"Given пользователь аутентифицирован, но не имеет `Task.Read` или требуемой relation
When клиент запрашивает `GET /api/v1/tasks`
Then сервер возвращает 403/OBJECT_NOT_VISIBLE согласно контракту
And клиент не раскрывает скрытые данные и не применяет optimistic UI change"
AC-203,MOD-005,FR-026,[STATE-032/STATE-033/STATE-034] Session/device interruption: операция прекращается без сохранения неподтверждённого состояния,Critical,Security/session,OpenAPI `GET_api_v1_tasks`; Stage_3_Field_Traceability.csv,"Given access/refresh session или device больше не действительны
When клиент обращается к `GET /api/v1/tasks`
Then сервер возвращает стабильную auth/session/device ошибку
And клиент прекращает команды, очищает запрещённые credentials/cache по политике и переводит пользователя в безопасный login/recovery flow"
AC-204,MOD-005,FR-027,Happy path: Создать задачу,Critical,Contract/integration,OpenAPI `POST_api_v1_tasks`; Stage_3_Field_Traceability.csv,"Given пользователь имеет `Task.Create` и выполнены предусловия
When клиент отправляет `POST /api/v1/tasks` с контрактным payload и headers
Then сервер возвращает успешный контрактный ответ
And клиент отображает только authoritative response"
AC-205,MOD-005,FR-027,[STATE-008/STATE-009] Permission denied: Создать задачу не выполняется и данные не раскрываются,Critical,Security/authorization,OpenAPI `POST_api_v1_tasks`; Stage_3_Field_Traceability.csv,"Given пользователь аутентифицирован, но не имеет `Task.Create` или требуемой relation
When клиент запрашивает `POST /api/v1/tasks`
Then сервер возвращает 403/OBJECT_NOT_VISIBLE согласно контракту
And клиент не раскрывает скрытые данные и не применяет optimistic UI change"
AC-206,MOD-005,FR-027,[STATE-032/STATE-033/STATE-034] Session/device interruption: операция прекращается без сохранения неподтверждённого состояния,Critical,Security/session,OpenAPI `POST_api_v1_tasks`; Stage_3_Field_Traceability.csv,"Given access/refresh session или device больше не действительны
When клиент обращается к `POST /api/v1/tasks`
Then сервер возвращает стабильную auth/session/device ошибку
And клиент прекращает команды, очищает запрещённые credentials/cache по политике и переводит пользователя в безопасный login/recovery flow"
AC-207,MOD-005,FR-027,[STATE-007] Validation: fieldErrors сохраняют draft и привязываются к canonical field path,High,Contract/UI,OpenAPI `POST_api_v1_tasks`; Stage_3_Field_Traceability.csv,"Given пользователь заполнил payload для `POST_api_v1_tasks` с нарушением DTO constraint
When сервер возвращает VALIDATION_FAILED с fieldErrors
Then draft сохраняется, ошибки связываются с canonical field paths и фокус переходит к первой ошибке"
AC-208,MOD-005,FR-027,[STATE-014/STATE-025] Conflict/precondition: устаревшая или отсутствующая контрактная версия/precondition не приводит к overwrite,Critical,Concurrency/integration,OpenAPI `POST_api_v1_tasks`; Stage_3_Field_Traceability.csv,"Given серверное состояние изменилось после загрузки клиентом
When клиент отправляет `POST /api/v1/tasks` с устаревшей контрактная версия/precondition
Then сервер отклоняет команду без overwrite
And клиент сохраняет draft и предлагает refresh/compare/reapply или безопасный повтор"
AC-209,MOD-005,FR-027,[STATE-010/STATE-011/STATE-012] Server unavailable/read-only: команда Создать задачу не ставится в offline queue,Critical,Desktop/resilience,OpenAPI `POST_api_v1_tasks`; Stage_3_Field_Traceability.csv,"Given сервер недоступен или приложение находится в read-only cache mode
When пользователь пытается выполнить «Создать задачу»
Then команда не отправляется и не помещается в offline business queue
And UI сохраняет допустимый local draft или сообщает, что действие требует соединения"
AC-210,MOD-005,FR-027,[STATE-020] Idempotency: повтор с тем же key/hash не создаёт двойной side effect,Critical,Integration,OpenAPI `POST_api_v1_tasks`; Stage_3_Field_Traceability.csv,"Given первая команда `POST_api_v1_tasks` уже принята с idempotency key и payload hash
When клиент безопасно повторяет тот же key и payload
Then сервер возвращает тот же бизнес-результат без второго side effect
And другой payload с тем же key отклоняется как IDEMPOTENCY_KEY_REUSED"
AC-211,MOD-005,FR-028,Happy path: Пакетная смена статуса,Critical,Contract/integration,OpenAPI `POST_api_v1_tasks_bulk_transition`; Stage_3_Field_Traceability.csv,"Given пользователь имеет `Task.ChangeStatus` и выполнены предусловия
When клиент отправляет `POST /api/v1/tasks/bulk-transition` с контрактным payload и headers
Then сервер возвращает успешный контрактный ответ
And клиент отображает только authoritative response"
AC-212,MOD-005,FR-028,[STATE-008/STATE-009] Permission denied: Пакетная смена статуса не выполняется и данные не раскрываются,Critical,Security/authorization,OpenAPI `POST_api_v1_tasks_bulk_transition`; Stage_3_Field_Traceability.csv,"Given пользователь аутентифицирован, но не имеет `Task.ChangeStatus` или требуемой relation
When клиент запрашивает `POST /api/v1/tasks/bulk-transition`
Then сервер возвращает 403/OBJECT_NOT_VISIBLE согласно контракту
And клиент не раскрывает скрытые данные и не применяет optimistic UI change"
AC-213,MOD-005,FR-028,[STATE-032/STATE-033/STATE-034] Session/device interruption: операция прекращается без сохранения неподтверждённого состояния,Critical,Security/session,OpenAPI `POST_api_v1_tasks_bulk_transition`; Stage_3_Field_Traceability.csv,"Given access/refresh session или device больше не действительны
When клиент обращается к `POST /api/v1/tasks/bulk-transition`
Then сервер возвращает стабильную auth/session/device ошибку
And клиент прекращает команды, очищает запрещённые credentials/cache по политике и переводит пользователя в безопасный login/recovery flow"
AC-214,MOD-005,FR-028,[STATE-007] Validation: fieldErrors сохраняют draft и привязываются к canonical field path,High,Contract/UI,OpenAPI `POST_api_v1_tasks_bulk_transition`; Stage_3_Field_Traceability.csv,"Given пользователь заполнил payload для `POST_api_v1_tasks_bulk_transition` с нарушением DTO constraint
When сервер возвращает VALIDATION_FAILED с fieldErrors
Then draft сохраняется, ошибки связываются с canonical field paths и фокус переходит к первой ошибке"
AC-215,MOD-005,FR-028,[STATE-014/STATE-025] Conflict/precondition: устаревшая или отсутствующая контрактная версия/precondition не приводит к overwrite,Critical,Concurrency/integration,OpenAPI `POST_api_v1_tasks_bulk_transition`; Stage_3_Field_Traceability.csv,"Given серверное состояние изменилось после загрузки клиентом
When клиент отправляет `POST /api/v1/tasks/bulk-transition` с устаревшей контрактная версия/precondition
Then сервер отклоняет команду без overwrite
And клиент сохраняет draft и предлагает refresh/compare/reapply или безопасный повтор"
AC-216,MOD-005,FR-028,[STATE-010/STATE-011/STATE-012] Server unavailable/read-only: команда Пакетная смена статуса не ставится в offline queue,Critical,Desktop/resilience,OpenAPI `POST_api_v1_tasks_bulk_transition`; Stage_3_Field_Traceability.csv,"Given сервер недоступен или приложение находится в read-only cache mode
When пользователь пытается выполнить «Пакетная смена статуса»
Then команда не отправляется и не помещается в offline business queue
And UI сохраняет допустимый local draft или сообщает, что действие требует соединения"
AC-217,MOD-005,FR-028,[STATE-020] Idempotency: повтор с тем же key/hash не создаёт двойной side effect,Critical,Integration,OpenAPI `POST_api_v1_tasks_bulk_transition`; Stage_3_Field_Traceability.csv,"Given первая команда `POST_api_v1_tasks_bulk_transition` уже принята с idempotency key и payload hash
When клиент безопасно повторяет тот же key и payload
Then сервер возвращает тот же бизнес-результат без второго side effect
And другой payload с тем же key отклоняется как IDEMPOTENCY_KEY_REUSED"
AC-218,MOD-005,FR-028,[STATE-018] Удалённый объект: команда не применяется к trashed target и не создаёт новый объект,High,Lifecycle/integration,OpenAPI `POST_api_v1_tasks_bulk_transition`; Stage_3_Field_Traceability.csv,"Given target object был перемещён в Trash или удалён после загрузки
When выполняется `POST /api/v1/tasks/bulk-transition`
Then сервер возвращает OBJECT_DELETED/OBJECT_NOT_VISIBLE согласно текущим правам
And клиент не восстанавливает optimistic state и предлагает только разрешённый restore/open Trash"
AC-219,MOD-005,FR-029,Happy path: Переместить задачу в корзину,Critical,Contract/integration,OpenAPI `DELETE_api_v1_tasks_id`; Stage_3_Field_Traceability.csv,"Given пользователь имеет `Task.Delete` и выполнены предусловия
When клиент отправляет `DELETE /api/v1/tasks/{id}` с контрактным payload и headers
Then сервер возвращает успешный контрактный ответ
And клиент отображает только authoritative response"
AC-220,MOD-005,FR-029,[STATE-008/STATE-009] Permission denied: Переместить задачу в корзину не выполняется и данные не раскрываются,Critical,Security/authorization,OpenAPI `DELETE_api_v1_tasks_id`; Stage_3_Field_Traceability.csv,"Given пользователь аутентифицирован, но не имеет `Task.Delete` или требуемой relation
When клиент запрашивает `DELETE /api/v1/tasks/{id}`
Then сервер возвращает 403/OBJECT_NOT_VISIBLE согласно контракту
And клиент не раскрывает скрытые данные и не применяет optimistic UI change"
AC-221,MOD-005,FR-029,[STATE-032/STATE-033/STATE-034] Session/device interruption: операция прекращается без сохранения неподтверждённого состояния,Critical,Security/session,OpenAPI `DELETE_api_v1_tasks_id`; Stage_3_Field_Traceability.csv,"Given access/refresh session или device больше не действительны
When клиент обращается к `DELETE /api/v1/tasks/{id}`
Then сервер возвращает стабильную auth/session/device ошибку
And клиент прекращает команды, очищает запрещённые credentials/cache по политике и переводит пользователя в безопасный login/recovery flow"
AC-222,MOD-005,FR-029,[STATE-014/STATE-025] Conflict/precondition: устаревшая или отсутствующая If-Match не приводит к overwrite,Critical,Concurrency/integration,OpenAPI `DELETE_api_v1_tasks_id`; Stage_3_Field_Traceability.csv,"Given серверное состояние изменилось после загрузки клиентом
When клиент отправляет `DELETE /api/v1/tasks/{id}` с устаревшей If-Match
Then сервер отклоняет команду без overwrite
And клиент сохраняет draft и предлагает refresh/compare/reapply или безопасный повтор"
AC-223,MOD-005,FR-029,[STATE-010/STATE-011/STATE-012] Server unavailable/read-only: команда Переместить задачу в корзину не ставится в offline queue,Critical,Desktop/resilience,OpenAPI `DELETE_api_v1_tasks_id`; Stage_3_Field_Traceability.csv,"Given сервер недоступен или приложение находится в read-only cache mode
When пользователь пытается выполнить «Переместить задачу в корзину»
Then команда не отправляется и не помещается в offline business queue
And UI сохраняет допустимый local draft или сообщает, что действие требует соединения"
AC-224,MOD-005,FR-029,[STATE-018] Удалённый объект: команда не применяется к trashed target и не создаёт новый объект,High,Lifecycle/integration,OpenAPI `DELETE_api_v1_tasks_id`; Stage_3_Field_Traceability.csv,"Given target object был перемещён в Trash или удалён после загрузки
When выполняется `DELETE /api/v1/tasks/{id}`
Then сервер возвращает OBJECT_DELETED/OBJECT_NOT_VISIBLE согласно текущим правам
And клиент не восстанавливает optimistic state и предлагает только разрешённый restore/open Trash"
AC-225,MOD-005,FR-030,Happy path: Получить задачу,High,Contract/integration,OpenAPI `GET_api_v1_tasks_id`; Stage_3_Field_Traceability.csv,
AC-226,MOD-005,FR-030,[STATE-008/STATE-009] Permission denied: Получить задачу не выполняется и данные не раскрываются,Critical,Security/authorization,OpenAPI `GET_api_v1_tasks_id`; Stage_3_Field_Traceability.csv,"Given пользователь аутентифицирован, но не имеет `Task.Read` или требуемой relation
When клиент запрашивает `GET /api/v1/tasks/{id}`
Then сервер возвращает 403/OBJECT_NOT_VISIBLE согласно контракту
And клиент не раскрывает скрытые данные и не применяет optimistic UI change"
AC-227,MOD-005,FR-030,[STATE-032/STATE-033/STATE-034] Session/device interruption: операция прекращается без сохранения неподтверждённого состояния,Critical,Security/session,OpenAPI `GET_api_v1_tasks_id`; Stage_3_Field_Traceability.csv,"Given access/refresh session или device больше не действительны
When клиент обращается к `GET /api/v1/tasks/{id}`
Then сервер возвращает стабильную auth/session/device ошибку
And клиент прекращает команды, очищает запрещённые credentials/cache по политике и переводит пользователя в безопасный login/recovery flow"
AC-228,MOD-005,FR-031,Happy path: Изменить задачу,Critical,Contract/integration,OpenAPI `PATCH_api_v1_tasks_id`; Stage_3_Field_Traceability.csv,"Given пользователь имеет `Task.Update` и выполнены предусловия
When клиент отправляет `PATCH /api/v1/tasks/{id}` с контрактным payload и headers
Then сервер возвращает успешный контрактный ответ
And клиент отображает только authoritative response"
AC-229,MOD-005,FR-031,[STATE-008/STATE-009] Permission denied: Изменить задачу не выполняется и данные не раскрываются,Critical,Security/authorization,OpenAPI `PATCH_api_v1_tasks_id`; Stage_3_Field_Traceability.csv,"Given пользователь аутентифицирован, но не имеет `Task.Update` или требуемой relation
When клиент запрашивает `PATCH /api/v1/tasks/{id}`
Then сервер возвращает 403/OBJECT_NOT_VISIBLE согласно контракту
And клиент не раскрывает скрытые данные и не применяет optimistic UI change"
AC-230,MOD-005,FR-031,[STATE-032/STATE-033/STATE-034] Session/device interruption: операция прекращается без сохранения неподтверждённого состояния,Critical,Security/session,OpenAPI `PATCH_api_v1_tasks_id`; Stage_3_Field_Traceability.csv,"Given access/refresh session или device больше не действительны
When клиент обращается к `PATCH /api/v1/tasks/{id}`
Then сервер возвращает стабильную auth/session/device ошибку
And клиент прекращает команды, очищает запрещённые credentials/cache по политике и переводит пользователя в безопасный login/recovery flow"
AC-231,MOD-005,FR-031,[STATE-007] Validation: fieldErrors сохраняют draft и привязываются к canonical field path,High,Contract/UI,OpenAPI `PATCH_api_v1_tasks_id`; Stage_3_Field_Traceability.csv,"Given пользователь заполнил payload для `PATCH_api_v1_tasks_id` с нарушением DTO constraint
When сервер возвращает VALIDATION_FAILED с fieldErrors
Then draft сохраняется, ошибки связываются с canonical field paths и фокус переходит к первой ошибке"
AC-232,MOD-005,FR-031,[STATE-014/STATE-025] Conflict/precondition: устаревшая или отсутствующая If-Match не приводит к overwrite,Critical,Concurrency/integration,OpenAPI `PATCH_api_v1_tasks_id`; Stage_3_Field_Traceability.csv,"Given серверное состояние изменилось после загрузки клиентом
When клиент отправляет `PATCH /api/v1/tasks/{id}` с устаревшей If-Match
Then сервер отклоняет команду без overwrite
And клиент сохраняет draft и предлагает refresh/compare/reapply или безопасный повтор"
AC-233,MOD-005,FR-031,[STATE-010/STATE-011/STATE-012] Server unavailable/read-only: команда Изменить задачу не ставится в offline queue,Critical,Desktop/resilience,OpenAPI `PATCH_api_v1_tasks_id`; Stage_3_Field_Traceability.csv,"Given сервер недоступен или приложение находится в read-only cache mode
When пользователь пытается выполнить «Изменить задачу»
Then команда не отправляется и не помещается в offline business queue
And UI сохраняет допустимый local draft или сообщает, что действие требует соединения"
AC-234,MOD-005,FR-031,[STATE-018] Удалённый объект: команда не применяется к trashed target и не создаёт новый объект,High,Lifecycle/integration,OpenAPI `PATCH_api_v1_tasks_id`; Stage_3_Field_Traceability.csv,"Given target object был перемещён в Trash или удалён после загрузки
When выполняется `PATCH /api/v1/tasks/{id}`
Then сервер возвращает OBJECT_DELETED/OBJECT_NOT_VISIBLE согласно текущим правам
And клиент не восстанавливает optimistic state и предлагает только разрешённый restore/open Trash"
AC-235,MOD-005,FR-032,[STATE-017] Happy path: Архивировать задачу,Critical,Contract/integration,OpenAPI `POST_api_v1_tasks_id_archive`; Stage_3_Field_Traceability.csv,"Given пользователь имеет `Task.Archive` и выполнены предусловия
When клиент отправляет `POST /api/v1/tasks/{id}/archive` с контрактным payload и headers
Then сервер возвращает успешный контрактный ответ
And клиент отображает только authoritative response"
AC-236,MOD-005,FR-032,[STATE-008/STATE-009/STATE-017] Permission denied: Архивировать задачу не выполняется и данные не раскрываются,Critical,Security/authorization,OpenAPI `POST_api_v1_tasks_id_archive`; Stage_3_Field_Traceability.csv,"Given пользователь аутентифицирован, но не имеет `Task.Archive` или требуемой relation
When клиент запрашивает `POST /api/v1/tasks/{id}/archive`
Then сервер возвращает 403/OBJECT_NOT_VISIBLE согласно контракту
And клиент не раскрывает скрытые данные и не применяет optimistic UI change"
AC-237,MOD-005,FR-032,[STATE-017/STATE-032/STATE-033/STATE-034] Session/device interruption: операция прекращается без сохранения неподтверждённого состояния,Critical,Security/session,OpenAPI `POST_api_v1_tasks_id_archive`; Stage_3_Field_Traceability.csv,"Given access/refresh session или device больше не действительны
When клиент обращается к `POST /api/v1/tasks/{id}/archive`
Then сервер возвращает стабильную auth/session/device ошибку
And клиент прекращает команды, очищает запрещённые credentials/cache по политике и переводит пользователя в безопасный login/recovery flow"
AC-238,MOD-005,FR-032,[STATE-007/STATE-017] Validation: fieldErrors сохраняют draft и привязываются к canonical field path,High,Contract/UI,OpenAPI `POST_api_v1_tasks_id_archive`; Stage_3_Field_Traceability.csv,"Given пользователь заполнил payload для `POST_api_v1_tasks_id_archive` с нарушением DTO constraint
When сервер возвращает VALIDATION_FAILED с fieldErrors
Then draft сохраняется, ошибки связываются с canonical field paths и фокус переходит к первой ошибке"
AC-239,MOD-005,FR-032,[STATE-014/STATE-017/STATE-025] Conflict/precondition: устаревшая или отсутствующая If-Match не приводит к overwrite,Critical,Concurrency/integration,OpenAPI `POST_api_v1_tasks_id_archive`; Stage_3_Field_Traceability.csv,"Given серверное состояние изменилось после загрузки клиентом
When клиент отправляет `POST /api/v1/tasks/{id}/archive` с устаревшей If-Match
Then сервер отклоняет команду без overwrite
And клиент сохраняет draft и предлагает refresh/compare/reapply или безопасный повтор"
AC-240,MOD-005,FR-032,[STATE-010/STATE-011/STATE-012] Server unavailable/read-only: команда Архивировать задачу не ставится в offline queue,Critical,Desktop/resilience,OpenAPI `POST_api_v1_tasks_id_archive`; Stage_3_Field_Traceability.csv,"Given сервер недоступен или приложение находится в read-only cache mode
When пользователь пытается выполнить «Архивировать задачу»
Then команда не отправляется и не помещается в offline business queue
And UI сохраняет допустимый local draft или сообщает, что действие требует соединения"
AC-241,MOD-005,FR-032,[STATE-017/STATE-020] Idempotency: повтор с тем же key/hash не создаёт двойной side effect,Critical,Integration,OpenAPI `POST_api_v1_tasks_id_archive`; Stage_3_Field_Traceability.csv,"Given первая команда `POST_api_v1_tasks_id_archive` уже принята с idempotency key и payload hash
When клиент безопасно повторяет тот же key и payload
Then сервер возвращает тот же бизнес-результат без второго side effect
And другой payload с тем же key отклоняется как IDEMPOTENCY_KEY_REUSED"
AC-242,MOD-005,FR-032,[STATE-018] Удалённый объект: команда не применяется к trashed target и не создаёт новый объект,High,Lifecycle/integration,OpenAPI `POST_api_v1_tasks_id_archive`; Stage_3_Field_Traceability.csv,"Given target object был перемещён в Trash или удалён после загрузки
When выполняется `POST /api/v1/tasks/{id}/archive`
Then сервер возвращает OBJECT_DELETED/OBJECT_NOT_VISIBLE согласно текущим правам
And клиент не восстанавливает optimistic state и предлагает только разрешённый restore/open Trash"
AC-243,MOD-005,FR-033,Happy path: Заменить исполнителей,Critical,Contract/integration,OpenAPI `PUT_api_v1_tasks_id_assignees`; Stage_3_Field_Traceability.csv,"Given пользователь имеет `Task.Assign` и выполнены предусловия
When клиент отправляет `PUT /api/v1/tasks/{id}/assignees` с контрактным payload и headers
Then сервер возвращает успешный контрактный ответ
And клиент отображает только authoritative response"
AC-244,MOD-005,FR-033,[STATE-008/STATE-009] Permission denied: Заменить исполнителей не выполняется и данные не раскрываются,Critical,Security/authorization,OpenAPI `PUT_api_v1_tasks_id_assignees`; Stage_3_Field_Traceability.csv,"Given пользователь аутентифицирован, но не имеет `Task.Assign` или требуемой relation
When клиент запрашивает `PUT /api/v1/tasks/{id}/assignees`
Then сервер возвращает 403/OBJECT_NOT_VISIBLE согласно контракту
And клиент не раскрывает скрытые данные и не применяет optimistic UI change"
AC-245,MOD-005,FR-033,[STATE-032/STATE-033/STATE-034] Session/device interruption: операция прекращается без сохранения неподтверждённого состояния,Critical,Security/session,OpenAPI `PUT_api_v1_tasks_id_assignees`; Stage_3_Field_Traceability.csv,"Given access/refresh session или device больше не действительны
When клиент обращается к `PUT /api/v1/tasks/{id}/assignees`
Then сервер возвращает стабильную auth/session/device ошибку
And клиент прекращает команды, очищает запрещённые credentials/cache по политике и переводит пользователя в безопасный login/recovery flow"
AC-246,MOD-005,FR-033,[STATE-007] Validation: fieldErrors сохраняют draft и привязываются к canonical field path,High,Contract/UI,OpenAPI `PUT_api_v1_tasks_id_assignees`; Stage_3_Field_Traceability.csv,"Given пользователь заполнил payload для `PUT_api_v1_tasks_id_assignees` с нарушением DTO constraint
When сервер возвращает VALIDATION_FAILED с fieldErrors
Then draft сохраняется, ошибки связываются с canonical field paths и фокус переходит к первой ошибке"
AC-247,MOD-005,FR-033,[STATE-014/STATE-025] Conflict/precondition: устаревшая или отсутствующая If-Match не приводит к overwrite,Critical,Concurrency/integration,OpenAPI `PUT_api_v1_tasks_id_assignees`; Stage_3_Field_Traceability.csv,"Given серверное состояние изменилось после загрузки клиентом
When клиент отправляет `PUT /api/v1/tasks/{id}/assignees` с устаревшей If-Match
Then сервер отклоняет команду без overwrite
And клиент сохраняет draft и предлагает refresh/compare/reapply или безопасный повтор"
AC-248,MOD-005,FR-033,[STATE-010/STATE-011/STATE-012] Server unavailable/read-only: команда Заменить исполнителей не ставится в offline queue,Critical,Desktop/resilience,OpenAPI `PUT_api_v1_tasks_id_assignees`; Stage_3_Field_Traceability.csv,"Given сервер недоступен или приложение находится в read-only cache mode
When пользователь пытается выполнить «Заменить исполнителей»
Then команда не отправляется и не помещается в offline business queue
And UI сохраняет допустимый local draft или сообщает, что действие требует соединения"
AC-249,MOD-005,FR-033,[STATE-020] Idempotency: повтор с тем же key/hash не создаёт двойной side effect,Critical,Integration,OpenAPI `PUT_api_v1_tasks_id_assignees`; Stage_3_Field_Traceability.csv,"Given первая команда `PUT_api_v1_tasks_id_assignees` уже принята с idempotency key и payload hash
When клиент безопасно повторяет тот же key и payload
Then сервер возвращает тот же бизнес-результат без второго side effect
And другой payload с тем же key отклоняется как IDEMPOTENCY_KEY_REUSED"
AC-250,MOD-005,FR-033,[STATE-018] Удалённый объект: команда не применяется к trashed target и не создаёт новый объект,High,Lifecycle/integration,OpenAPI `PUT_api_v1_tasks_id_assignees`; Stage_3_Field_Traceability.csv,"Given target object был перемещён в Trash или удалён после загрузки
When выполняется `PUT /api/v1/tasks/{id}/assignees`
Then сервер возвращает OBJECT_DELETED/OBJECT_NOT_VISIBLE согласно текущим правам
And клиент не восстанавливает optimistic state и предлагает только разрешённый restore/open Trash"
AC-251,MOD-005,FR-034,Happy path: Добавить зависимость,Critical,Contract/integration,OpenAPI `POST_api_v1_tasks_id_dependencies`; Stage_3_Field_Traceability.csv,"Given пользователь имеет `Task.Update` и выполнены предусловия
When клиент отправляет `POST /api/v1/tasks/{id}/dependencies` с контрактным payload и headers
Then сервер возвращает успешный контрактный ответ
And клиент отображает только authoritative response"
AC-252,MOD-005,FR-034,[STATE-008/STATE-009] Permission denied: Добавить зависимость не выполняется и данные не раскрываются,Critical,Security/authorization,OpenAPI `POST_api_v1_tasks_id_dependencies`; Stage_3_Field_Traceability.csv,"Given пользователь аутентифицирован, но не имеет `Task.Update` или требуемой relation
When клиент запрашивает `POST /api/v1/tasks/{id}/dependencies`
Then сервер возвращает 403/OBJECT_NOT_VISIBLE согласно контракту
And клиент не раскрывает скрытые данные и не применяет optimistic UI change"
AC-253,MOD-005,FR-034,[STATE-032/STATE-033/STATE-034] Session/device interruption: операция прекращается без сохранения неподтверждённого состояния,Critical,Security/session,OpenAPI `POST_api_v1_tasks_id_dependencies`; Stage_3_Field_Traceability.csv,"Given access/refresh session или device больше не действительны
When клиент обращается к `POST /api/v1/tasks/{id}/dependencies`
Then сервер возвращает стабильную auth/session/device ошибку
And клиент прекращает команды, очищает запрещённые credentials/cache по политике и переводит пользователя в безопасный login/recovery flow"
AC-254,MOD-005,FR-034,[STATE-007] Validation: fieldErrors сохраняют draft и привязываются к canonical field path,High,Contract/UI,OpenAPI `POST_api_v1_tasks_id_dependencies`; Stage_3_Field_Traceability.csv,"Given пользователь заполнил payload для `POST_api_v1_tasks_id_dependencies` с нарушением DTO constraint
When сервер возвращает VALIDATION_FAILED с fieldErrors
Then draft сохраняется, ошибки связываются с canonical field paths и фокус переходит к первой ошибке"
AC-255,MOD-005,FR-034,[STATE-014/STATE-025] Conflict/precondition: устаревшая или отсутствующая If-Match не приводит к overwrite,Critical,Concurrency/integration,OpenAPI `POST_api_v1_tasks_id_dependencies`; Stage_3_Field_Traceability.csv,"Given серверное состояние изменилось после загрузки клиентом
When клиент отправляет `POST /api/v1/tasks/{id}/dependencies` с устаревшей If-Match
Then сервер отклоняет команду без overwrite
And клиент сохраняет draft и предлагает refresh/compare/reapply или безопасный повтор"
AC-256,MOD-005,FR-034,[STATE-010/STATE-011/STATE-012] Server unavailable/read-only: команда Добавить зависимость не ставится в offline queue,Critical,Desktop/resilience,OpenAPI `POST_api_v1_tasks_id_dependencies`; Stage_3_Field_Traceability.csv,"Given сервер недоступен или приложение находится в read-only cache mode
When пользователь пытается выполнить «Добавить зависимость»
Then команда не отправляется и не помещается в offline business queue
And UI сохраняет допустимый local draft или сообщает, что действие требует соединения"
AC-257,MOD-005,FR-034,[STATE-020] Idempotency: повтор с тем же key/hash не создаёт двойной side effect,Critical,Integration,OpenAPI `POST_api_v1_tasks_id_dependencies`; Stage_3_Field_Traceability.csv,"Given первая команда `POST_api_v1_tasks_id_dependencies` уже принята с idempotency key и payload hash
When клиент безопасно повторяет тот же key и payload
Then сервер возвращает тот же бизнес-результат без второго side effect
And другой payload с тем же key отклоняется как IDEMPOTENCY_KEY_REUSED"
AC-258,MOD-005,FR-034,[STATE-018] Удалённый объект: команда не применяется к trashed target и не создаёт новый объект,High,Lifecycle/integration,OpenAPI `POST_api_v1_tasks_id_dependencies`; Stage_3_Field_Traceability.csv,"Given target object был перемещён в Trash или удалён после загрузки
When выполняется `POST /api/v1/tasks/{id}/dependencies`
Then сервер возвращает OBJECT_DELETED/OBJECT_NOT_VISIBLE согласно текущим правам
And клиент не восстанавливает optimistic state и предлагает только разрешённый restore/open Trash"
AC-259,MOD-005,FR-035,Happy path: Удалить зависимость,Critical,Contract/integration,OpenAPI `DELETE_api_v1_tasks_id_dependencies_dependencyId`; Stage_3_Field_Traceability.csv,"Given пользователь имеет `Task.Update` и выполнены предусловия
When клиент отправляет `DELETE /api/v1/tasks/{id}/dependencies/{dependencyId}` с контрактным payload и headers
Then сервер возвращает успешный контрактный ответ
And клиент отображает только authoritative response"
AC-260,MOD-005,FR-035,[STATE-008/STATE-009] Permission denied: Удалить зависимость не выполняется и данные не раскрываются,Critical,Security/authorization,OpenAPI `DELETE_api_v1_tasks_id_dependencies_dependencyId`; Stage_3_Field_Traceability.csv,"Given пользователь аутентифицирован, но не имеет `Task.Update` или требуемой relation
When клиент запрашивает `DELETE /api/v1/tasks/{id}/dependencies/{dependencyId}`
Then сервер возвращает 403/OBJECT_NOT_VISIBLE согласно контракту
And клиент не раскрывает скрытые данные и не применяет optimistic UI change"
AC-261,MOD-005,FR-035,[STATE-032/STATE-033/STATE-034] Session/device interruption: операция прекращается без сохранения неподтверждённого состояния,Critical,Security/session,OpenAPI `DELETE_api_v1_tasks_id_dependencies_dependencyId`; Stage_3_Field_Traceability.csv,"Given access/refresh session или device больше не действительны
When клиент обращается к `DELETE /api/v1/tasks/{id}/dependencies/{dependencyId}`
Then сервер возвращает стабильную auth/session/device ошибку
And клиент прекращает команды, очищает запрещённые credentials/cache по политике и переводит пользователя в безопасный login/recovery flow"
AC-262,MOD-005,FR-035,[STATE-014/STATE-025] Conflict/precondition: устаревшая или отсутствующая If-Match не приводит к overwrite,Critical,Concurrency/integration,OpenAPI `DELETE_api_v1_tasks_id_dependencies_dependencyId`; Stage_3_Field_Traceability.csv,"Given серверное состояние изменилось после загрузки клиентом
When клиент отправляет `DELETE /api/v1/tasks/{id}/dependencies/{dependencyId}` с устаревшей If-Match
Then сервер отклоняет команду без overwrite
And клиент сохраняет draft и предлагает refresh/compare/reapply или безопасный повтор"
AC-263,MOD-005,FR-035,[STATE-010/STATE-011/STATE-012] Server unavailable/read-only: команда Удалить зависимость не ставится в offline queue,Critical,Desktop/resilience,OpenAPI `DELETE_api_v1_tasks_id_dependencies_dependencyId`; Stage_3_Field_Traceability.csv,"Given сервер недоступен или приложение находится в read-only cache mode
When пользователь пытается выполнить «Удалить зависимость»
Then команда не отправляется и не помещается в offline business queue
And UI сохраняет допустимый local draft или сообщает, что действие требует соединения"
AC-264,MOD-005,FR-035,[STATE-018] Удалённый объект: команда не применяется к trashed target и не создаёт новый объект,High,Lifecycle/integration,OpenAPI `DELETE_api_v1_tasks_id_dependencies_dependencyId`; Stage_3_Field_Traceability.csv,"Given target object был перемещён в Trash или удалён после загрузки
When выполняется `DELETE /api/v1/tasks/{id}/dependencies/{dependencyId}`
Then сервер возвращает OBJECT_DELETED/OBJECT_NOT_VISIBLE согласно текущим правам
And клиент не восстанавливает optimistic state и предлагает только разрешённый restore/open Trash"
AC-265,MOD-005,FR-036,Happy path: Изменить дату/время/длительность,Critical,Contract/integration,OpenAPI `POST_api_v1_tasks_id_move`; Stage_3_Field_Traceability.csv,"Given пользователь имеет `Task.Update` и выполнены предусловия
When клиент отправляет `POST /api/v1/tasks/{id}/move` с контрактным payload и headers
Then сервер возвращает успешный контрактный ответ
And клиент отображает только authoritative response"
AC-266,MOD-005,FR-036,[STATE-008/STATE-009] Permission denied: Изменить дату/время/длительность не выполняется и данные не раскрываются,Critical,Security/authorization,OpenAPI `POST_api_v1_tasks_id_move`; Stage_3_Field_Traceability.csv,"Given пользователь аутентифицирован, но не имеет `Task.Update` или требуемой relation
When клиент запрашивает `POST /api/v1/tasks/{id}/move`
Then сервер возвращает 403/OBJECT_NOT_VISIBLE согласно контракту
And клиент не раскрывает скрытые данные и не применяет optimistic UI change"
AC-267,MOD-005,FR-036,[STATE-032/STATE-033/STATE-034] Session/device interruption: операция прекращается без сохранения неподтверждённого состояния,Critical,Security/session,OpenAPI `POST_api_v1_tasks_id_move`; Stage_3_Field_Traceability.csv,"Given access/refresh session или device больше не действительны
When клиент обращается к `POST /api/v1/tasks/{id}/move`
Then сервер возвращает стабильную auth/session/device ошибку
And клиент прекращает команды, очищает запрещённые credentials/cache по политике и переводит пользователя в безопасный login/recovery flow"
AC-268,MOD-005,FR-036,[STATE-007] Validation: fieldErrors сохраняют draft и привязываются к canonical field path,High,Contract/UI,OpenAPI `POST_api_v1_tasks_id_move`; Stage_3_Field_Traceability.csv,"Given пользователь заполнил payload для `POST_api_v1_tasks_id_move` с нарушением DTO constraint
When сервер возвращает VALIDATION_FAILED с fieldErrors
Then draft сохраняется, ошибки связываются с canonical field paths и фокус переходит к первой ошибке"
AC-269,MOD-005,FR-036,[STATE-014/STATE-025] Conflict/precondition: устаревшая или отсутствующая If-Match не приводит к overwrite,Critical,Concurrency/integration,OpenAPI `POST_api_v1_tasks_id_move`; Stage_3_Field_Traceability.csv,"Given серверное состояние изменилось после загрузки клиентом
When клиент отправляет `POST /api/v1/tasks/{id}/move` с устаревшей If-Match
Then сервер отклоняет команду без overwrite
And клиент сохраняет draft и предлагает refresh/compare/reapply или безопасный повтор"
AC-270,MOD-005,FR-036,[STATE-010/STATE-011/STATE-012] Server unavailable/read-only: команда Изменить дату/время/длительность не ставится в offline queue,Critical,Desktop/resilience,OpenAPI `POST_api_v1_tasks_id_move`; Stage_3_Field_Traceability.csv,"Given сервер недоступен или приложение находится в read-only cache mode
When пользователь пытается выполнить «Изменить дату/время/длительность»
Then команда не отправляется и не помещается в offline business queue
And UI сохраняет допустимый local draft или сообщает, что действие требует соединения"
AC-271,MOD-005,FR-036,[STATE-020] Idempotency: повтор с тем же key/hash не создаёт двойной side effect,Critical,Integration,OpenAPI `POST_api_v1_tasks_id_move`; Stage_3_Field_Traceability.csv,"Given первая команда `POST_api_v1_tasks_id_move` уже принята с idempotency key и payload hash
When клиент безопасно повторяет тот же key и payload
Then сервер возвращает тот же бизнес-результат без второго side effect
And другой payload с тем же key отклоняется как IDEMPOTENCY_KEY_REUSED"
AC-272,MOD-005,FR-036,[STATE-018] Удалённый объект: команда не применяется к trashed target и не создаёт новый объект,High,Lifecycle/integration,OpenAPI `POST_api_v1_tasks_id_move`; Stage_3_Field_Traceability.csv,"Given target object был перемещён в Trash или удалён после загрузки
When выполняется `POST /api/v1/tasks/{id}/move`
Then сервер возвращает OBJECT_DELETED/OBJECT_NOT_VISIBLE согласно текущим правам
And клиент не восстанавливает optimistic state и предлагает только разрешённый restore/open Trash"
AC-273,MOD-005,FR-037,[STATE-018] Happy path: Восстановить задачу,Critical,Contract/integration,OpenAPI `POST_api_v1_tasks_id_restore`; Stage_3_Field_Traceability.csv,"Given пользователь имеет `Task.Restore` и выполнены предусловия
When клиент отправляет `POST /api/v1/tasks/{id}/restore` с контрактным payload и headers
Then сервер возвращает успешный контрактный ответ
And клиент отображает только authoritative response"
AC-274,MOD-005,FR-037,[STATE-008/STATE-009/STATE-018] Permission denied: Восстановить задачу не выполняется и данные не раскрываются,Critical,Security/authorization,OpenAPI `POST_api_v1_tasks_id_restore`; Stage_3_Field_Traceability.csv,"Given пользователь аутентифицирован, но не имеет `Task.Restore` или требуемой relation
When клиент запрашивает `POST /api/v1/tasks/{id}/restore`
Then сервер возвращает 403/OBJECT_NOT_VISIBLE согласно контракту
And клиент не раскрывает скрытые данные и не применяет optimistic UI change"
AC-275,MOD-005,FR-037,[STATE-018/STATE-032/STATE-033/STATE-034] Session/device interruption: операция прекращается без сохранения неподтверждённого состояния,Critical,Security/session,OpenAPI `POST_api_v1_tasks_id_restore`; Stage_3_Field_Traceability.csv,"Given access/refresh session или device больше не действительны
When клиент обращается к `POST /api/v1/tasks/{id}/restore`
Then сервер возвращает стабильную auth/session/device ошибку
And клиент прекращает команды, очищает запрещённые credentials/cache по политике и переводит пользователя в безопасный login/recovery flow"
AC-276,MOD-005,FR-037,[STATE-007/STATE-018] Validation: fieldErrors сохраняют draft и привязываются к canonical field path,High,Contract/UI,OpenAPI `POST_api_v1_tasks_id_restore`; Stage_3_Field_Traceability.csv,"Given пользователь заполнил payload для `POST_api_v1_tasks_id_restore` с нарушением DTO constraint
When сервер возвращает VALIDATION_FAILED с fieldErrors
Then draft сохраняется, ошибки связываются с canonical field paths и фокус переходит к первой ошибке"
AC-277,MOD-005,FR-037,[STATE-014/STATE-018/STATE-025] Conflict/precondition: устаревшая или отсутствующая If-Match не приводит к overwrite,Critical,Concurrency/integration,OpenAPI `POST_api_v1_tasks_id_restore`; Stage_3_Field_Traceability.csv,"Given серверное состояние изменилось после загрузки клиентом
When клиент отправляет `POST /api/v1/tasks/{id}/restore` с устаревшей If-Match
Then сервер отклоняет команду без overwrite
And клиент сохраняет draft и предлагает refresh/compare/reapply или безопасный повтор"
AC-278,MOD-005,FR-037,[STATE-010/STATE-011/STATE-012] Server unavailable/read-only: команда Восстановить задачу не ставится в offline queue,Critical,Desktop/resilience,OpenAPI `POST_api_v1_tasks_id_restore`; Stage_3_Field_Traceability.csv,"Given сервер недоступен или приложение находится в read-only cache mode
When пользователь пытается выполнить «Восстановить задачу»
Then команда не отправляется и не помещается в offline business queue
And UI сохраняет допустимый local draft или сообщает, что действие требует соединения"
AC-279,MOD-005,FR-037,[STATE-018/STATE-020] Idempotency: повтор с тем же key/hash не создаёт двойной side effect,Critical,Integration,OpenAPI `POST_api_v1_tasks_id_restore`; Stage_3_Field_Traceability.csv,"Given первая команда `POST_api_v1_tasks_id_restore` уже принята с idempotency key и payload hash
When клиент безопасно повторяет тот же key и payload
Then сервер возвращает тот же бизнес-результат без второго side effect
And другой payload с тем же key отклоняется как IDEMPOTENCY_KEY_REUSED"
AC-280,MOD-005,FR-037,[STATE-018] Удалённый объект: команда не применяется к trashed target и не создаёт новый объект,High,Lifecycle/integration,OpenAPI `POST_api_v1_tasks_id_restore`; Stage_3_Field_Traceability.csv,"Given target object был перемещён в Trash или удалён после загрузки
When выполняется `POST /api/v1/tasks/{id}/restore`
Then сервер возвращает OBJECT_DELETED/OBJECT_NOT_VISIBLE согласно текущим правам
And клиент не восстанавливает optimistic state и предлагает только разрешённый restore/open Trash"
AC-281,MOD-005,FR-038,Happy path: Изменить статус задачи,Critical,Contract/integration,OpenAPI `POST_api_v1_tasks_id_transition`; Stage_3_Field_Traceability.csv,"Given пользователь имеет `Task.ChangeStatus` и выполнены предусловия
When клиент отправляет `POST /api/v1/tasks/{id}/transition` с контрактным payload и headers
Then сервер возвращает успешный контрактный ответ
And клиент отображает только authoritative response"
AC-282,MOD-005,FR-038,[STATE-008/STATE-009] Permission denied: Изменить статус задачи не выполняется и данные не раскрываются,Critical,Security/authorization,OpenAPI `POST_api_v1_tasks_id_transition`; Stage_3_Field_Traceability.csv,"Given пользователь аутентифицирован, но не имеет `Task.ChangeStatus` или требуемой relation
When клиент запрашивает `POST /api/v1/tasks/{id}/transition`
Then сервер возвращает 403/OBJECT_NOT_VISIBLE согласно контракту
And клиент не раскрывает скрытые данные и не применяет optimistic UI change"
AC-283,MOD-005,FR-038,[STATE-032/STATE-033/STATE-034] Session/device interruption: операция прекращается без сохранения неподтверждённого состояния,Critical,Security/session,OpenAPI `POST_api_v1_tasks_id_transition`; Stage_3_Field_Traceability.csv,"Given access/refresh session или device больше не действительны
When клиент обращается к `POST /api/v1/tasks/{id}/transition`
Then сервер возвращает стабильную auth/session/device ошибку
And клиент прекращает команды, очищает запрещённые credentials/cache по политике и переводит пользователя в безопасный login/recovery flow"
AC-284,MOD-005,FR-038,[STATE-007] Validation: fieldErrors сохраняют draft и привязываются к canonical field path,High,Contract/UI,OpenAPI `POST_api_v1_tasks_id_transition`; Stage_3_Field_Traceability.csv,"Given пользователь заполнил payload для `POST_api_v1_tasks_id_transition` с нарушением DTO constraint
When сервер возвращает VALIDATION_FAILED с fieldErrors
Then draft сохраняется, ошибки связываются с canonical field paths и фокус переходит к первой ошибке"
AC-285,MOD-005,FR-038,[STATE-014/STATE-025] Conflict/precondition: устаревшая или отсутствующая If-Match не приводит к overwrite,Critical,Concurrency/integration,OpenAPI `POST_api_v1_tasks_id_transition`; Stage_3_Field_Traceability.csv,"Given серверное состояние изменилось после загрузки клиентом
When клиент отправляет `POST /api/v1/tasks/{id}/transition` с устаревшей If-Match
Then сервер отклоняет команду без overwrite
And клиент сохраняет draft и предлагает refresh/compare/reapply или безопасный повтор"
AC-286,MOD-005,FR-038,[STATE-010/STATE-011/STATE-012] Server unavailable/read-only: команда Изменить статус задачи не ставится в offline queue,Critical,Desktop/resilience,OpenAPI `POST_api_v1_tasks_id_transition`; Stage_3_Field_Traceability.csv,"Given сервер недоступен или приложение находится в read-only cache mode
When пользователь пытается выполнить «Изменить статус задачи»
Then команда не отправляется и не помещается в offline business queue
And UI сохраняет допустимый local draft или сообщает, что действие требует соединения"
AC-287,MOD-005,FR-038,[STATE-020] Idempotency: повтор с тем же key/hash не создаёт двойной side effect,Critical,Integration,OpenAPI `POST_api_v1_tasks_id_transition`; Stage_3_Field_Traceability.csv,"Given первая команда `POST_api_v1_tasks_id_transition` уже принята с idempotency key и payload hash
When клиент безопасно повторяет тот же key и payload
Then сервер возвращает тот же бизнес-результат без второго side effect
And другой payload с тем же key отклоняется как IDEMPOTENCY_KEY_REUSED"
AC-288,MOD-005,FR-038,[STATE-018] Удалённый объект: команда не применяется к trashed target и не создаёт новый объект,High,Lifecycle/integration,OpenAPI `POST_api_v1_tasks_id_transition`; Stage_3_Field_Traceability.csv,"Given target object был перемещён в Trash или удалён после загрузки
When выполняется `POST /api/v1/tasks/{id}/transition`
Then сервер возвращает OBJECT_DELETED/OBJECT_NOT_VISIBLE согласно текущим правам
And клиент не восстанавливает optimistic state и предлагает только разрешённый restore/open Trash"
AC-289,MOD-005,FR-039,[STATE-017] Happy path: Вернуть задачу из архива,Critical,Contract/integration,OpenAPI `POST_api_v1_tasks_id_unarchive`; Stage_3_Field_Traceability.csv,"Given пользователь имеет `Task.Archive` и выполнены предусловия
When клиент отправляет `POST /api/v1/tasks/{id}/unarchive` с контрактным payload и headers
Then сервер возвращает успешный контрактный ответ
And клиент отображает только authoritative response"
AC-290,MOD-005,FR-039,[STATE-008/STATE-009/STATE-017] Permission denied: Вернуть задачу из архива не выполняется и данные не раскрываются,Critical,Security/authorization,OpenAPI `POST_api_v1_tasks_id_unarchive`; Stage_3_Field_Traceability.csv,"Given пользователь аутентифицирован, но не имеет `Task.Archive` или требуемой relation
When клиент запрашивает `POST /api/v1/tasks/{id}/unarchive`
Then сервер возвращает 403/OBJECT_NOT_VISIBLE согласно контракту
And клиент не раскрывает скрытые данные и не применяет optimistic UI change"
AC-291,MOD-005,FR-039,[STATE-017/STATE-032/STATE-033/STATE-034] Session/device interruption: операция прекращается без сохранения неподтверждённого состояния,Critical,Security/session,OpenAPI `POST_api_v1_tasks_id_unarchive`; Stage_3_Field_Traceability.csv,"Given access/refresh session или device больше не действительны
When клиент обращается к `POST /api/v1/tasks/{id}/unarchive`
Then сервер возвращает стабильную auth/session/device ошибку
And клиент прекращает команды, очищает запрещённые credentials/cache по политике и переводит пользователя в безопасный login/recovery flow"
AC-292,MOD-005,FR-039,[STATE-014/STATE-017/STATE-025] Conflict/precondition: устаревшая или отсутствующая If-Match не приводит к overwrite,Critical,Concurrency/integration,OpenAPI `POST_api_v1_tasks_id_unarchive`; Stage_3_Field_Traceability.csv,"Given серверное состояние изменилось после загрузки клиентом
When клиент отправляет `POST /api/v1/tasks/{id}/unarchive` с устаревшей If-Match
Then сервер отклоняет команду без overwrite
And клиент сохраняет draft и предлагает refresh/compare/reapply или безопасный повтор"
AC-293,MOD-005,FR-039,[STATE-010/STATE-011/STATE-012] Server unavailable/read-only: команда Вернуть задачу из архива не ставится в offline queue,Critical,Desktop/resilience,OpenAPI `POST_api_v1_tasks_id_unarchive`; Stage_3_Field_Traceability.csv,"Given сервер недоступен или приложение находится в read-only cache mode
When пользователь пытается выполнить «Вернуть задачу из архива»
Then команда не отправляется и не помещается в offline business queue
And UI сохраняет допустимый local draft или сообщает, что действие требует соединения"
AC-294,MOD-005,FR-039,[STATE-018] Удалённый объект: команда не применяется к trashed target и не создаёт новый объект,High,Lifecycle/integration,OpenAPI `POST_api_v1_tasks_id_unarchive`; Stage_3_Field_Traceability.csv,"Given target object был перемещён в Trash или удалён после загрузки
When выполняется `POST /api/v1/tasks/{id}/unarchive`
Then сервер возвращает OBJECT_DELETED/OBJECT_NOT_VISIBLE согласно текущим правам
And клиент не восстанавливает optimistic state и предлагает только разрешённый restore/open Trash"
AC-295,MOD-005,FR-040,Happy path: Заменить наблюдателей,Critical,Contract/integration,OpenAPI `PUT_api_v1_tasks_id_watchers`; Stage_3_Field_Traceability.csv,"Given пользователь имеет `Task.ManageWatchers` и выполнены предусловия
When клиент отправляет `PUT /api/v1/tasks/{id}/watchers` с контрактным payload и headers
Then сервер возвращает успешный контрактный ответ
And клиент отображает только authoritative response"
AC-296,MOD-005,FR-040,[STATE-008/STATE-009] Permission denied: Заменить наблюдателей не выполняется и данные не раскрываются,Critical,Security/authorization,OpenAPI `PUT_api_v1_tasks_id_watchers`; Stage_3_Field_Traceability.csv,"Given пользователь аутентифицирован, но не имеет `Task.ManageWatchers` или требуемой relation
When клиент запрашивает `PUT /api/v1/tasks/{id}/watchers`
Then сервер возвращает 403/OBJECT_NOT_VISIBLE согласно контракту
And клиент не раскрывает скрытые данные и не применяет optimistic UI change"
AC-297,MOD-005,FR-040,[STATE-032/STATE-033/STATE-034] Session/device interruption: операция прекращается без сохранения неподтверждённого состояния,Critical,Security/session,OpenAPI `PUT_api_v1_tasks_id_watchers`; Stage_3_Field_Traceability.csv,"Given access/refresh session или device больше не действительны
When клиент обращается к `PUT /api/v1/tasks/{id}/watchers`
Then сервер возвращает стабильную auth/session/device ошибку
And клиент прекращает команды, очищает запрещённые credentials/cache по политике и переводит пользователя в безопасный login/recovery flow"
AC-298,MOD-005,FR-040,[STATE-014/STATE-025] Conflict/precondition: устаревшая или отсутствующая If-Match не приводит к overwrite,Critical,Concurrency/integration,OpenAPI `PUT_api_v1_tasks_id_watchers`; Stage_3_Field_Traceability.csv,"Given серверное состояние изменилось после загрузки клиентом
When клиент отправляет `PUT /api/v1/tasks/{id}/watchers` с устаревшей If-Match
Then сервер отклоняет команду без overwrite
And клиент сохраняет draft и предлагает refresh/compare/reapply или безопасный повтор"
AC-299,MOD-005,FR-040,[STATE-010/STATE-011/STATE-012] Server unavailable/read-only: команда Заменить наблюдателей не ставится в offline queue,Critical,Desktop/resilience,OpenAPI `PUT_api_v1_tasks_id_watchers`; Stage_3_Field_Traceability.csv,"Given сервер недоступен или приложение находится в read-only cache mode
When пользователь пытается выполнить «Заменить наблюдателей»
Then команда не отправляется и не помещается в offline business queue
And UI сохраняет допустимый local draft или сообщает, что действие требует соединения"
AC-300,MOD-005,FR-040,[STATE-020] Idempotency: повтор с тем же key/hash не создаёт двойной side effect,Critical,Integration,OpenAPI `PUT_api_v1_tasks_id_watchers`; Stage_3_Field_Traceability.csv,"Given первая команда `PUT_api_v1_tasks_id_watchers` уже принята с idempotency key и payload hash
When клиент безопасно повторяет тот же key и payload
Then сервер возвращает тот же бизнес-результат без второго side effect
And другой payload с тем же key отклоняется как IDEMPOTENCY_KEY_REUSED"
AC-301,MOD-005,FR-040,[STATE-018] Удалённый объект: команда не применяется к trashed target и не создаёт новый объект,High,Lifecycle/integration,OpenAPI `PUT_api_v1_tasks_id_watchers`; Stage_3_Field_Traceability.csv,"Given target object был перемещён в Trash или удалён после загрузки
When выполняется `PUT /api/v1/tasks/{id}/watchers`
Then сервер возвращает OBJECT_DELETED/OBJECT_NOT_VISIBLE согласно текущим правам
And клиент не восстанавливает optimistic state и предлагает только разрешённый restore/open Trash"
AC-302,MOD-006,FR-041,Happy path: Список чек-лист,High,Contract/integration,OpenAPI `GET_api_v1_tasks_taskId_checklists`; Stage_3_Field_Traceability.csv,
AC-303,MOD-006,FR-041,[STATE-008/STATE-009] Permission denied: Список чек-лист не выполняется и данные не раскрываются,Critical,Security/authorization,OpenAPI `GET_api_v1_tasks_taskId_checklists`; Stage_3_Field_Traceability.csv,"Given пользователь аутентифицирован, но не имеет `Task.Read` или требуемой relation
When клиент запрашивает `GET /api/v1/tasks/{taskId}/checklists`
Then сервер возвращает 403/OBJECT_NOT_VISIBLE согласно контракту
And клиент не раскрывает скрытые данные и не применяет optimistic UI change"
AC-304,MOD-006,FR-041,[STATE-032/STATE-033/STATE-034] Session/device interruption: операция прекращается без сохранения неподтверждённого состояния,Critical,Security/session,OpenAPI `GET_api_v1_tasks_taskId_checklists`; Stage_3_Field_Traceability.csv,"Given access/refresh session или device больше не действительны
When клиент обращается к `GET /api/v1/tasks/{taskId}/checklists`
Then сервер возвращает стабильную auth/session/device ошибку
And клиент прекращает команды, очищает запрещённые credentials/cache по политике и переводит пользователя в безопасный login/recovery flow"
AC-305,MOD-006,FR-042,Happy path: Создать чек-лист,Critical,Contract/integration,OpenAPI `POST_api_v1_tasks_taskId_checklists`; Stage_3_Field_Traceability.csv,"Given пользователь имеет `Task.Update` и выполнены предусловия
When клиент отправляет `POST /api/v1/tasks/{taskId}/checklists` с контрактным payload и headers
Then сервер возвращает успешный контрактный ответ
And клиент отображает только authoritative response"
AC-306,MOD-006,FR-042,[STATE-008/STATE-009] Permission denied: Создать чек-лист не выполняется и данные не раскрываются,Critical,Security/authorization,OpenAPI `POST_api_v1_tasks_taskId_checklists`; Stage_3_Field_Traceability.csv,"Given пользователь аутентифицирован, но не имеет `Task.Update` или требуемой relation
When клиент запрашивает `POST /api/v1/tasks/{taskId}/checklists`
Then сервер возвращает 403/OBJECT_NOT_VISIBLE согласно контракту
And клиент не раскрывает скрытые данные и не применяет optimistic UI change"
AC-307,MOD-006,FR-042,[STATE-032/STATE-033/STATE-034] Session/device interruption: операция прекращается без сохранения неподтверждённого состояния,Critical,Security/session,OpenAPI `POST_api_v1_tasks_taskId_checklists`; Stage_3_Field_Traceability.csv,"Given access/refresh session или device больше не действительны
When клиент обращается к `POST /api/v1/tasks/{taskId}/checklists`
Then сервер возвращает стабильную auth/session/device ошибку
And клиент прекращает команды, очищает запрещённые credentials/cache по политике и переводит пользователя в безопасный login/recovery flow"
AC-308,MOD-006,FR-042,[STATE-007] Validation: fieldErrors сохраняют draft и привязываются к canonical field path,High,Contract/UI,OpenAPI `POST_api_v1_tasks_taskId_checklists`; Stage_3_Field_Traceability.csv,"Given пользователь заполнил payload для `POST_api_v1_tasks_taskId_checklists` с нарушением DTO constraint
When сервер возвращает VALIDATION_FAILED с fieldErrors
Then draft сохраняется, ошибки связываются с canonical field paths и фокус переходит к первой ошибке"
AC-309,MOD-006,FR-042,[STATE-014/STATE-025] Conflict/precondition: устаревшая или отсутствующая контрактная версия/precondition не приводит к overwrite,Critical,Concurrency/integration,OpenAPI `POST_api_v1_tasks_taskId_checklists`; Stage_3_Field_Traceability.csv,"Given серверное состояние изменилось после загрузки клиентом
When клиент отправляет `POST /api/v1/tasks/{taskId}/checklists` с устаревшей контрактная версия/precondition
Then сервер отклоняет команду без overwrite
And клиент сохраняет draft и предлагает refresh/compare/reapply или безопасный повтор"
AC-310,MOD-006,FR-042,[STATE-010/STATE-011/STATE-012] Server unavailable/read-only: команда Создать чек-лист не ставится в offline queue,Critical,Desktop/resilience,OpenAPI `POST_api_v1_tasks_taskId_checklists`; Stage_3_Field_Traceability.csv,"Given сервер недоступен или приложение находится в read-only cache mode
When пользователь пытается выполнить «Создать чек-лист»
Then команда не отправляется и не помещается в offline business queue
And UI сохраняет допустимый local draft или сообщает, что действие требует соединения"
AC-311,MOD-006,FR-042,[STATE-020] Idempotency: повтор с тем же key/hash не создаёт двойной side effect,Critical,Integration,OpenAPI `POST_api_v1_tasks_taskId_checklists`; Stage_3_Field_Traceability.csv,"Given первая команда `POST_api_v1_tasks_taskId_checklists` уже принята с idempotency key и payload hash
When клиент безопасно повторяет тот же key и payload
Then сервер возвращает тот же бизнес-результат без второго side effect
And другой payload с тем же key отклоняется как IDEMPOTENCY_KEY_REUSED"
AC-312,MOD-006,FR-042,[STATE-018] Удалённый объект: команда не применяется к trashed target и не создаёт новый объект,High,Lifecycle/integration,OpenAPI `POST_api_v1_tasks_taskId_checklists`; Stage_3_Field_Traceability.csv,"Given target object был перемещён в Trash или удалён после загрузки
When выполняется `POST /api/v1/tasks/{taskId}/checklists`
Then сервер возвращает OBJECT_DELETED/OBJECT_NOT_VISIBLE согласно текущим правам
And клиент не восстанавливает optimistic state и предлагает только разрешённый restore/open Trash"
AC-313,MOD-006,FR-043,Happy path: Добавить пункт чек-листа,Critical,Contract/integration,OpenAPI `POST_api_v1_tasks_taskId_checklists_checklistId_items`; Stage_3_Field_Traceability.csv,"Given пользователь имеет `Task.Update` и выполнены предусловия
When клиент отправляет `POST /api/v1/tasks/{taskId}/checklists/{checklistId}/items` с контрактным payload и headers
Then сервер возвращает успешный контрактный ответ
And клиент отображает только authoritative response"
AC-314,MOD-006,FR-043,[STATE-008/STATE-009] Permission denied: Добавить пункт чек-листа не выполняется и данные не раскрываются,Critical,Security/authorization,OpenAPI `POST_api_v1_tasks_taskId_checklists_checklistId_items`; Stage_3_Field_Traceability.csv,"Given пользователь аутентифицирован, но не имеет `Task.Update` или требуемой relation
When клиент запрашивает `POST /api/v1/tasks/{taskId}/checklists/{checklistId}/items`
Then сервер возвращает 403/OBJECT_NOT_VISIBLE согласно контракту
And клиент не раскрывает скрытые данные и не применяет optimistic UI change"
AC-315,MOD-006,FR-043,[STATE-032/STATE-033/STATE-034] Session/device interruption: операция прекращается без сохранения неподтверждённого состояния,Critical,Security/session,OpenAPI `POST_api_v1_tasks_taskId_checklists_checklistId_items`; Stage_3_Field_Traceability.csv,"Given access/refresh session или device больше не действительны
When клиент обращается к `POST /api/v1/tasks/{taskId}/checklists/{checklistId}/items`
Then сервер возвращает стабильную auth/session/device ошибку
And клиент прекращает команды, очищает запрещённые credentials/cache по политике и переводит пользователя в безопасный login/recovery flow"
AC-316,MOD-006,FR-043,[STATE-007] Validation: fieldErrors сохраняют draft и привязываются к canonical field path,High,Contract/UI,OpenAPI `POST_api_v1_tasks_taskId_checklists_checklistId_items`; Stage_3_Field_Traceability.csv,"Given пользователь заполнил payload для `POST_api_v1_tasks_taskId_checklists_checklistId_items` с нарушением DTO constraint
When сервер возвращает VALIDATION_FAILED с fieldErrors
Then draft сохраняется, ошибки связываются с canonical field paths и фокус переходит к первой ошибке"
AC-317,MOD-006,FR-043,[STATE-014/STATE-025] Conflict/precondition: устаревшая или отсутствующая If-Match не приводит к overwrite,Critical,Concurrency/integration,OpenAPI `POST_api_v1_tasks_taskId_checklists_checklistId_items`; Stage_3_Field_Traceability.csv,"Given серверное состояние изменилось после загрузки клиентом
When клиент отправляет `POST /api/v1/tasks/{taskId}/checklists/{checklistId}/items` с устаревшей If-Match
Then сервер отклоняет команду без overwrite
And клиент сохраняет draft и предлагает refresh/compare/reapply или безопасный повтор"
AC-318,MOD-006,FR-043,[STATE-010/STATE-011/STATE-012] Server unavailable/read-only: команда Добавить пункт чек-листа не ставится в offline queue,Critical,Desktop/resilience,OpenAPI `POST_api_v1_tasks_taskId_checklists_checklistId_items`; Stage_3_Field_Traceability.csv,"Given сервер недоступен или приложение находится в read-only cache mode
When пользователь пытается выполнить «Добавить пункт чек-листа»
Then команда не отправляется и не помещается в offline business queue
And UI сохраняет допустимый local draft или сообщает, что действие требует соединения"
AC-319,MOD-006,FR-043,[STATE-020] Idempotency: повтор с тем же key/hash не создаёт двойной side effect,Critical,Integration,OpenAPI `POST_api_v1_tasks_taskId_checklists_checklistId_items`; Stage_3_Field_Traceability.csv,"Given первая команда `POST_api_v1_tasks_taskId_checklists_checklistId_items` уже принята с idempotency key и payload hash
When клиент безопасно повторяет тот же key и payload
Then сервер возвращает тот же бизнес-результат без второго side effect
And другой payload с тем же key отклоняется как IDEMPOTENCY_KEY_REUSED"
AC-320,MOD-006,FR-043,[STATE-018] Удалённый объект: команда не применяется к trashed target и не создаёт новый объект,High,Lifecycle/integration,OpenAPI `POST_api_v1_tasks_taskId_checklists_checklistId_items`; Stage_3_Field_Traceability.csv,"Given target object был перемещён в Trash или удалён после загрузки
When выполняется `POST /api/v1/tasks/{taskId}/checklists/{checklistId}/items`
Then сервер возвращает OBJECT_DELETED/OBJECT_NOT_VISIBLE согласно текущим правам
And клиент не восстанавливает optimistic state и предлагает только разрешённый restore/open Trash"
AC-321,MOD-006,FR-044,Happy path: Удалить пункт,Critical,Contract/integration,OpenAPI `DELETE_api_v1_tasks_taskId_checklists_checklistId_items_itemId`; Stage_3_Field_Traceability.csv,"Given пользователь имеет `Task.Update` и выполнены предусловия
When клиент отправляет `DELETE /api/v1/tasks/{taskId}/checklists/{checklistId}/items/{itemId}` с контрактным payload и headers
Then сервер возвращает успешный контрактный ответ
And клиент отображает только authoritative response"
AC-322,MOD-006,FR-044,[STATE-008/STATE-009] Permission denied: Удалить пункт не выполняется и данные не раскрываются,Critical,Security/authorization,OpenAPI `DELETE_api_v1_tasks_taskId_checklists_checklistId_items_itemId`; Stage_3_Field_Traceability.csv,"Given пользователь аутентифицирован, но не имеет `Task.Update` или требуемой relation
When клиент запрашивает `DELETE /api/v1/tasks/{taskId}/checklists/{checklistId}/items/{itemId}`
Then сервер возвращает 403/OBJECT_NOT_VISIBLE согласно контракту
And клиент не раскрывает скрытые данные и не применяет optimistic UI change"
AC-323,MOD-006,FR-044,[STATE-032/STATE-033/STATE-034] Session/device interruption: операция прекращается без сохранения неподтверждённого состояния,Critical,Security/session,OpenAPI `DELETE_api_v1_tasks_taskId_checklists_checklistId_items_itemId`; Stage_3_Field_Traceability.csv,"Given access/refresh session или device больше не действительны
When клиент обращается к `DELETE /api/v1/tasks/{taskId}/checklists/{checklistId}/items/{itemId}`
Then сервер возвращает стабильную auth/session/device ошибку
And клиент прекращает команды, очищает запрещённые credentials/cache по политике и переводит пользователя в безопасный login/recovery flow"
AC-324,MOD-006,FR-044,[STATE-014/STATE-025] Conflict/precondition: устаревшая или отсутствующая If-Match не приводит к overwrite,Critical,Concurrency/integration,OpenAPI `DELETE_api_v1_tasks_taskId_checklists_checklistId_items_itemId`; Stage_3_Field_Traceability.csv,"Given серверное состояние изменилось после загрузки клиентом
When клиент отправляет `DELETE /api/v1/tasks/{taskId}/checklists/{checklistId}/items/{itemId}` с устаревшей If-Match
Then сервер отклоняет команду без overwrite
And клиент сохраняет draft и предлагает refresh/compare/reapply или безопасный повтор"
AC-325,MOD-006,FR-044,[STATE-010/STATE-011/STATE-012] Server unavailable/read-only: команда Удалить пункт не ставится в offline queue,Critical,Desktop/resilience,OpenAPI `DELETE_api_v1_tasks_taskId_checklists_checklistId_items_itemId`; Stage_3_Field_Traceability.csv,"Given сервер недоступен или приложение находится в read-only cache mode
When пользователь пытается выполнить «Удалить пункт»
Then команда не отправляется и не помещается в offline business queue
And UI сохраняет допустимый local draft или сообщает, что действие требует соединения"
AC-326,MOD-006,FR-044,[STATE-018] Удалённый объект: команда не применяется к trashed target и не создаёт новый объект,High,Lifecycle/integration,OpenAPI `DELETE_api_v1_tasks_taskId_checklists_checklistId_items_itemId`; Stage_3_Field_Traceability.csv,"Given target object был перемещён в Trash или удалён после загрузки
When выполняется `DELETE /api/v1/tasks/{taskId}/checklists/{checklistId}/items/{itemId}`
Then сервер возвращает OBJECT_DELETED/OBJECT_NOT_VISIBLE согласно текущим правам
And клиент не восстанавливает optimistic state и предлагает только разрешённый restore/open Trash"
AC-327,MOD-006,FR-045,Happy path: Изменить/выполнить пункт,Critical,Contract/integration,OpenAPI `PATCH_api_v1_tasks_taskId_checklists_checklistId_items_itemId`; Stage_3_Field_Traceability.csv,"Given пользователь имеет `Task.ChangeStatus` и выполнены предусловия
When клиент отправляет `PATCH /api/v1/tasks/{taskId}/checklists/{checklistId}/items/{itemId}` с контрактным payload и headers
Then сервер возвращает успешный контрактный ответ
And клиент отображает только authoritative response"
AC-328,MOD-006,FR-045,[STATE-008/STATE-009] Permission denied: Изменить/выполнить пункт не выполняется и данные не раскрываются,Critical,Security/authorization,OpenAPI `PATCH_api_v1_tasks_taskId_checklists_checklistId_items_itemId`; Stage_3_Field_Traceability.csv,"Given пользователь аутентифицирован, но не имеет `Task.ChangeStatus` или требуемой relation
When клиент запрашивает `PATCH /api/v1/tasks/{taskId}/checklists/{checklistId}/items/{itemId}`
Then сервер возвращает 403/OBJECT_NOT_VISIBLE согласно контракту
And клиент не раскрывает скрытые данные и не применяет optimistic UI change"
AC-329,MOD-006,FR-045,[STATE-032/STATE-033/STATE-034] Session/device interruption: операция прекращается без сохранения неподтверждённого состояния,Critical,Security/session,OpenAPI `PATCH_api_v1_tasks_taskId_checklists_checklistId_items_itemId`; Stage_3_Field_Traceability.csv,"Given access/refresh session или device больше не действительны
When клиент обращается к `PATCH /api/v1/tasks/{taskId}/checklists/{checklistId}/items/{itemId}`
Then сервер возвращает стабильную auth/session/device ошибку
And клиент прекращает команды, очищает запрещённые credentials/cache по политике и переводит пользователя в безопасный login/recovery flow"
AC-330,MOD-006,FR-045,[STATE-007] Validation: fieldErrors сохраняют draft и привязываются к canonical field path,High,Contract/UI,OpenAPI `PATCH_api_v1_tasks_taskId_checklists_checklistId_items_itemId`; Stage_3_Field_Traceability.csv,"Given пользователь заполнил payload для `PATCH_api_v1_tasks_taskId_checklists_checklistId_items_itemId` с нарушением DTO constraint
When сервер возвращает VALIDATION_FAILED с fieldErrors
Then draft сохраняется, ошибки связываются с canonical field paths и фокус переходит к первой ошибке"
AC-331,MOD-006,FR-045,[STATE-014/STATE-025] Conflict/precondition: устаревшая или отсутствующая If-Match не приводит к overwrite,Critical,Concurrency/integration,OpenAPI `PATCH_api_v1_tasks_taskId_checklists_checklistId_items_itemId`; Stage_3_Field_Traceability.csv,"Given серверное состояние изменилось после загрузки клиентом
When клиент отправляет `PATCH /api/v1/tasks/{taskId}/checklists/{checklistId}/items/{itemId}` с устаревшей If-Match
Then сервер отклоняет команду без overwrite
And клиент сохраняет draft и предлагает refresh/compare/reapply или безопасный повтор"
AC-332,MOD-006,FR-045,[STATE-010/STATE-011/STATE-012] Server unavailable/read-only: команда Изменить/выполнить пункт не ставится в offline queue,Critical,Desktop/resilience,OpenAPI `PATCH_api_v1_tasks_taskId_checklists_checklistId_items_itemId`; Stage_3_Field_Traceability.csv,"Given сервер недоступен или приложение находится в read-only cache mode
When пользователь пытается выполнить «Изменить/выполнить пункт»
Then команда не отправляется и не помещается в offline business queue
And UI сохраняет допустимый local draft или сообщает, что действие требует соединения"
AC-333,MOD-006,FR-045,[STATE-020] Idempotency: повтор с тем же key/hash не создаёт двойной side effect,Critical,Integration,OpenAPI `PATCH_api_v1_tasks_taskId_checklists_checklistId_items_itemId`; Stage_3_Field_Traceability.csv,"Given первая команда `PATCH_api_v1_tasks_taskId_checklists_checklistId_items_itemId` уже принята с idempotency key и payload hash
When клиент безопасно повторяет тот же key и payload
Then сервер возвращает тот же бизнес-результат без второго side effect
And другой payload с тем же key отклоняется как IDEMPOTENCY_KEY_REUSED"
AC-334,MOD-006,FR-045,[STATE-018] Удалённый объект: команда не применяется к trashed target и не создаёт новый объект,High,Lifecycle/integration,OpenAPI `PATCH_api_v1_tasks_taskId_checklists_checklistId_items_itemId`; Stage_3_Field_Traceability.csv,"Given target object был перемещён в Trash или удалён после загрузки
When выполняется `PATCH /api/v1/tasks/{taskId}/checklists/{checklistId}/items/{itemId}`
Then сервер возвращает OBJECT_DELETED/OBJECT_NOT_VISIBLE согласно текущим правам
And клиент не восстанавливает optimistic state и предлагает только разрешённый restore/open Trash"
AC-335,MOD-006,FR-046,Happy path: Изменить порядок пунктов,Critical,Contract/integration,OpenAPI `POST_api_v1_tasks_taskId_checklists_checklistId_reorder`; Stage_3_Field_Traceability.csv,"Given пользователь имеет `Task.Update` и выполнены предусловия
When клиент отправляет `POST /api/v1/tasks/{taskId}/checklists/{checklistId}/reorder` с контрактным payload и headers
Then сервер возвращает успешный контрактный ответ
And клиент отображает только authoritative response"
AC-336,MOD-006,FR-046,[STATE-008/STATE-009] Permission denied: Изменить порядок пунктов не выполняется и данные не раскрываются,Critical,Security/authorization,OpenAPI `POST_api_v1_tasks_taskId_checklists_checklistId_reorder`; Stage_3_Field_Traceability.csv,"Given пользователь аутентифицирован, но не имеет `Task.Update` или требуемой relation
When клиент запрашивает `POST /api/v1/tasks/{taskId}/checklists/{checklistId}/reorder`
Then сервер возвращает 403/OBJECT_NOT_VISIBLE согласно контракту
And клиент не раскрывает скрытые данные и не применяет optimistic UI change"
AC-337,MOD-006,FR-046,[STATE-032/STATE-033/STATE-034] Session/device interruption: операция прекращается без сохранения неподтверждённого состояния,Critical,Security/session,OpenAPI `POST_api_v1_tasks_taskId_checklists_checklistId_reorder`; Stage_3_Field_Traceability.csv,"Given access/refresh session или device больше не действительны
When клиент обращается к `POST /api/v1/tasks/{taskId}/checklists/{checklistId}/reorder`
Then сервер возвращает стабильную auth/session/device ошибку
And клиент прекращает команды, очищает запрещённые credentials/cache по политике и переводит пользователя в безопасный login/recovery flow"
AC-338,MOD-006,FR-046,[STATE-007] Validation: fieldErrors сохраняют draft и привязываются к canonical field path,High,Contract/UI,OpenAPI `POST_api_v1_tasks_taskId_checklists_checklistId_reorder`; Stage_3_Field_Traceability.csv,"Given пользователь заполнил payload для `POST_api_v1_tasks_taskId_checklists_checklistId_reorder` с нарушением DTO constraint
When сервер возвращает VALIDATION_FAILED с fieldErrors
Then draft сохраняется, ошибки связываются с canonical field paths и фокус переходит к первой ошибке"
AC-339,MOD-006,FR-046,[STATE-014/STATE-025] Conflict/precondition: устаревшая или отсутствующая If-Match не приводит к overwrite,Critical,Concurrency/integration,OpenAPI `POST_api_v1_tasks_taskId_checklists_checklistId_reorder`; Stage_3_Field_Traceability.csv,"Given серверное состояние изменилось после загрузки клиентом
When клиент отправляет `POST /api/v1/tasks/{taskId}/checklists/{checklistId}/reorder` с устаревшей If-Match
Then сервер отклоняет команду без overwrite
And клиент сохраняет draft и предлагает refresh/compare/reapply или безопасный повтор"
AC-340,MOD-006,FR-046,[STATE-010/STATE-011/STATE-012] Server unavailable/read-only: команда Изменить порядок пунктов не ставится в offline queue,Critical,Desktop/resilience,OpenAPI `POST_api_v1_tasks_taskId_checklists_checklistId_reorder`; Stage_3_Field_Traceability.csv,"Given сервер недоступен или приложение находится в read-only cache mode
When пользователь пытается выполнить «Изменить порядок пунктов»
Then команда не отправляется и не помещается в offline business queue
And UI сохраняет допустимый local draft или сообщает, что действие требует соединения"
AC-341,MOD-006,FR-046,[STATE-020] Idempotency: повтор с тем же key/hash не создаёт двойной side effect,Critical,Integration,OpenAPI `POST_api_v1_tasks_taskId_checklists_checklistId_reorder`; Stage_3_Field_Traceability.csv,"Given первая команда `POST_api_v1_tasks_taskId_checklists_checklistId_reorder` уже принята с idempotency key и payload hash
When клиент безопасно повторяет тот же key и payload
Then сервер возвращает тот же бизнес-результат без второго side effect
And другой payload с тем же key отклоняется как IDEMPOTENCY_KEY_REUSED"
AC-342,MOD-006,FR-046,[STATE-018] Удалённый объект: команда не применяется к trashed target и не создаёт новый объект,High,Lifecycle/integration,OpenAPI `POST_api_v1_tasks_taskId_checklists_checklistId_reorder`; Stage_3_Field_Traceability.csv,"Given target object был перемещён в Trash или удалён после загрузки
When выполняется `POST /api/v1/tasks/{taskId}/checklists/{checklistId}/reorder`
Then сервер возвращает OBJECT_DELETED/OBJECT_NOT_VISIBLE согласно текущим правам
And клиент не восстанавливает optimistic state и предлагает только разрешённый restore/open Trash"
AC-343,MOD-006,FR-047,Happy path: Переместить чек-лист в корзину,Critical,Contract/integration,OpenAPI `DELETE_api_v1_tasks_taskId_checklists_id`; Stage_3_Field_Traceability.csv,"Given пользователь имеет `Task.Update` и выполнены предусловия
When клиент отправляет `DELETE /api/v1/tasks/{taskId}/checklists/{id}` с контрактным payload и headers
Then сервер возвращает успешный контрактный ответ
And клиент отображает только authoritative response"
AC-344,MOD-006,FR-047,[STATE-008/STATE-009] Permission denied: Переместить чек-лист в корзину не выполняется и данные не раскрываются,Critical,Security/authorization,OpenAPI `DELETE_api_v1_tasks_taskId_checklists_id`; Stage_3_Field_Traceability.csv,"Given пользователь аутентифицирован, но не имеет `Task.Update` или требуемой relation
When клиент запрашивает `DELETE /api/v1/tasks/{taskId}/checklists/{id}`
Then сервер возвращает 403/OBJECT_NOT_VISIBLE согласно контракту
And клиент не раскрывает скрытые данные и не применяет optimistic UI change"
AC-345,MOD-006,FR-047,[STATE-032/STATE-033/STATE-034] Session/device interruption: операция прекращается без сохранения неподтверждённого состояния,Critical,Security/session,OpenAPI `DELETE_api_v1_tasks_taskId_checklists_id`; Stage_3_Field_Traceability.csv,"Given access/refresh session или device больше не действительны
When клиент обращается к `DELETE /api/v1/tasks/{taskId}/checklists/{id}`
Then сервер возвращает стабильную auth/session/device ошибку
And клиент прекращает команды, очищает запрещённые credentials/cache по политике и переводит пользователя в безопасный login/recovery flow"
AC-346,MOD-006,FR-047,[STATE-014/STATE-025] Conflict/precondition: устаревшая или отсутствующая If-Match не приводит к overwrite,Critical,Concurrency/integration,OpenAPI `DELETE_api_v1_tasks_taskId_checklists_id`; Stage_3_Field_Traceability.csv,"Given серверное состояние изменилось после загрузки клиентом
When клиент отправляет `DELETE /api/v1/tasks/{taskId}/checklists/{id}` с устаревшей If-Match
Then сервер отклоняет команду без overwrite
And клиент сохраняет draft и предлагает refresh/compare/reapply или безопасный повтор"
AC-347,MOD-006,FR-047,[STATE-010/STATE-011/STATE-012] Server unavailable/read-only: команда Переместить чек-лист в корзину не ставится в offline queue,Critical,Desktop/resilience,OpenAPI `DELETE_api_v1_tasks_taskId_checklists_id`; Stage_3_Field_Traceability.csv,"Given сервер недоступен или приложение находится в read-only cache mode
When пользователь пытается выполнить «Переместить чек-лист в корзину»
Then команда не отправляется и не помещается в offline business queue
And UI сохраняет допустимый local draft или сообщает, что действие требует соединения"
AC-348,MOD-006,FR-047,[STATE-018] Удалённый объект: команда не применяется к trashed target и не создаёт новый объект,High,Lifecycle/integration,OpenAPI `DELETE_api_v1_tasks_taskId_checklists_id`; Stage_3_Field_Traceability.csv,"Given target object был перемещён в Trash или удалён после загрузки
When выполняется `DELETE /api/v1/tasks/{taskId}/checklists/{id}`
Then сервер возвращает OBJECT_DELETED/OBJECT_NOT_VISIBLE согласно текущим правам
And клиент не восстанавливает optimistic state и предлагает только разрешённый restore/open Trash"
AC-349,MOD-006,FR-048,Happy path: Получить чек-лист,High,Contract/integration,OpenAPI `GET_api_v1_tasks_taskId_checklists_id`; Stage_3_Field_Traceability.csv,
AC-350,MOD-006,FR-048,[STATE-008/STATE-009] Permission denied: Получить чек-лист не выполняется и данные не раскрываются,Critical,Security/authorization,OpenAPI `GET_api_v1_tasks_taskId_checklists_id`; Stage_3_Field_Traceability.csv,"Given пользователь аутентифицирован, но не имеет `Task.Read` или требуемой relation
When клиент запрашивает `GET /api/v1/tasks/{taskId}/checklists/{id}`
Then сервер возвращает 403/OBJECT_NOT_VISIBLE согласно контракту
And клиент не раскрывает скрытые данные и не применяет optimistic UI change"
AC-351,MOD-006,FR-048,[STATE-032/STATE-033/STATE-034] Session/device interruption: операция прекращается без сохранения неподтверждённого состояния,Critical,Security/session,OpenAPI `GET_api_v1_tasks_taskId_checklists_id`; Stage_3_Field_Traceability.csv,"Given access/refresh session или device больше не действительны
When клиент обращается к `GET /api/v1/tasks/{taskId}/checklists/{id}`
Then сервер возвращает стабильную auth/session/device ошибку
And клиент прекращает команды, очищает запрещённые credentials/cache по политике и переводит пользователя в безопасный login/recovery flow"
AC-352,MOD-006,FR-049,Happy path: Изменить чек-лист,Critical,Contract/integration,OpenAPI `PATCH_api_v1_tasks_taskId_checklists_id`; Stage_3_Field_Traceability.csv,"Given пользователь имеет `Task.Update` и выполнены предусловия
When клиент отправляет `PATCH /api/v1/tasks/{taskId}/checklists/{id}` с контрактным payload и headers
Then сервер возвращает успешный контрактный ответ
And клиент отображает только authoritative response"
AC-353,MOD-006,FR-049,[STATE-008/STATE-009] Permission denied: Изменить чек-лист не выполняется и данные не раскрываются,Critical,Security/authorization,OpenAPI `PATCH_api_v1_tasks_taskId_checklists_id`; Stage_3_Field_Traceability.csv,"Given пользователь аутентифицирован, но не имеет `Task.Update` или требуемой relation
When клиент запрашивает `PATCH /api/v1/tasks/{taskId}/checklists/{id}`
Then сервер возвращает 403/OBJECT_NOT_VISIBLE согласно контракту
And клиент не раскрывает скрытые данные и не применяет optimistic UI change"
AC-354,MOD-006,FR-049,[STATE-032/STATE-033/STATE-034] Session/device interruption: операция прекращается без сохранения неподтверждённого состояния,Critical,Security/session,OpenAPI `PATCH_api_v1_tasks_taskId_checklists_id`; Stage_3_Field_Traceability.csv,"Given access/refresh session или device больше не действительны
When клиент обращается к `PATCH /api/v1/tasks/{taskId}/checklists/{id}`
Then сервер возвращает стабильную auth/session/device ошибку
And клиент прекращает команды, очищает запрещённые credentials/cache по политике и переводит пользователя в безопасный login/recovery flow"
AC-355,MOD-006,FR-049,[STATE-007] Validation: fieldErrors сохраняют draft и привязываются к canonical field path,High,Contract/UI,OpenAPI `PATCH_api_v1_tasks_taskId_checklists_id`; Stage_3_Field_Traceability.csv,"Given пользователь заполнил payload для `PATCH_api_v1_tasks_taskId_checklists_id` с нарушением DTO constraint
When сервер возвращает VALIDATION_FAILED с fieldErrors
Then draft сохраняется, ошибки связываются с canonical field paths и фокус переходит к первой ошибке"
AC-356,MOD-006,FR-049,[STATE-014/STATE-025] Conflict/precondition: устаревшая или отсутствующая If-Match не приводит к overwrite,Critical,Concurrency/integration,OpenAPI `PATCH_api_v1_tasks_taskId_checklists_id`; Stage_3_Field_Traceability.csv,"Given серверное состояние изменилось после загрузки клиентом
When клиент отправляет `PATCH /api/v1/tasks/{taskId}/checklists/{id}` с устаревшей If-Match
Then сервер отклоняет команду без overwrite
And клиент сохраняет draft и предлагает refresh/compare/reapply или безопасный повтор"
AC-357,MOD-006,FR-049,[STATE-010/STATE-011/STATE-012] Server unavailable/read-only: команда Изменить чек-лист не ставится в offline queue,Critical,Desktop/resilience,OpenAPI `PATCH_api_v1_tasks_taskId_checklists_id`; Stage_3_Field_Traceability.csv,"Given сервер недоступен или приложение находится в read-only cache mode
When пользователь пытается выполнить «Изменить чек-лист»
Then команда не отправляется и не помещается в offline business queue
And UI сохраняет допустимый local draft или сообщает, что действие требует соединения"
AC-358,MOD-006,FR-049,[STATE-018] Удалённый объект: команда не применяется к trashed target и не создаёт новый объект,High,Lifecycle/integration,OpenAPI `PATCH_api_v1_tasks_taskId_checklists_id`; Stage_3_Field_Traceability.csv,"Given target object был перемещён в Trash или удалён после загрузки
When выполняется `PATCH /api/v1/tasks/{taskId}/checklists/{id}`
Then сервер возвращает OBJECT_DELETED/OBJECT_NOT_VISIBLE согласно текущим правам
And клиент не восстанавливает optimistic state и предлагает только разрешённый restore/open Trash"
AC-359,MOD-006,FR-050,Happy path: Список подзадач,High,Contract/integration,OpenAPI `GET_api_v1_tasks_id_subtasks`; Stage_3_Field_Traceability.csv,
AC-360,MOD-006,FR-050,[STATE-008/STATE-009] Permission denied: Список подзадач не выполняется и данные не раскрываются,Critical,Security/authorization,OpenAPI `GET_api_v1_tasks_id_subtasks`; Stage_3_Field_Traceability.csv,"Given пользователь аутентифицирован, но не имеет `Task.Read` или требуемой relation
When клиент запрашивает `GET /api/v1/tasks/{id}/subtasks`
Then сервер возвращает 403/OBJECT_NOT_VISIBLE согласно контракту
And клиент не раскрывает скрытые данные и не применяет optimistic UI change"
AC-361,MOD-006,FR-050,[STATE-032/STATE-033/STATE-034] Session/device interruption: операция прекращается без сохранения неподтверждённого состояния,Critical,Security/session,OpenAPI `GET_api_v1_tasks_id_subtasks`; Stage_3_Field_Traceability.csv,"Given access/refresh session или device больше не действительны
When клиент обращается к `GET /api/v1/tasks/{id}/subtasks`
Then сервер возвращает стабильную auth/session/device ошибку
And клиент прекращает команды, очищает запрещённые credentials/cache по политике и переводит пользователя в безопасный login/recovery flow"
AC-362,MOD-006,FR-051,Happy path: Создать подзадачу,Critical,Contract/integration,OpenAPI `POST_api_v1_tasks_id_subtasks`; Stage_3_Field_Traceability.csv,"Given пользователь имеет `Task.Create` и выполнены предусловия
When клиент отправляет `POST /api/v1/tasks/{id}/subtasks` с контрактным payload и headers
Then сервер возвращает успешный контрактный ответ
And клиент отображает только authoritative response"
AC-363,MOD-006,FR-051,[STATE-008/STATE-009] Permission denied: Создать подзадачу не выполняется и данные не раскрываются,Critical,Security/authorization,OpenAPI `POST_api_v1_tasks_id_subtasks`; Stage_3_Field_Traceability.csv,"Given пользователь аутентифицирован, но не имеет `Task.Create` или требуемой relation
When клиент запрашивает `POST /api/v1/tasks/{id}/subtasks`
Then сервер возвращает 403/OBJECT_NOT_VISIBLE согласно контракту
And клиент не раскрывает скрытые данные и не применяет optimistic UI change"
AC-364,MOD-006,FR-051,[STATE-032/STATE-033/STATE-034] Session/device interruption: операция прекращается без сохранения неподтверждённого состояния,Critical,Security/session,OpenAPI `POST_api_v1_tasks_id_subtasks`; Stage_3_Field_Traceability.csv,"Given access/refresh session или device больше не действительны
When клиент обращается к `POST /api/v1/tasks/{id}/subtasks`
Then сервер возвращает стабильную auth/session/device ошибку
And клиент прекращает команды, очищает запрещённые credentials/cache по политике и переводит пользователя в безопасный login/recovery flow"
AC-365,MOD-006,FR-051,[STATE-007] Validation: fieldErrors сохраняют draft и привязываются к canonical field path,High,Contract/UI,OpenAPI `POST_api_v1_tasks_id_subtasks`; Stage_3_Field_Traceability.csv,"Given пользователь заполнил payload для `POST_api_v1_tasks_id_subtasks` с нарушением DTO constraint
When сервер возвращает VALIDATION_FAILED с fieldErrors
Then draft сохраняется, ошибки связываются с canonical field paths и фокус переходит к первой ошибке"
AC-366,MOD-006,FR-051,[STATE-014/STATE-025] Conflict/precondition: устаревшая или отсутствующая If-Match не приводит к overwrite,Critical,Concurrency/integration,OpenAPI `POST_api_v1_tasks_id_subtasks`; Stage_3_Field_Traceability.csv,"Given серверное состояние изменилось после загрузки клиентом
When клиент отправляет `POST /api/v1/tasks/{id}/subtasks` с устаревшей If-Match
Then сервер отклоняет команду без overwrite
And клиент сохраняет draft и предлагает refresh/compare/reapply или безопасный повтор"
AC-367,MOD-006,FR-051,[STATE-010/STATE-011/STATE-012] Server unavailable/read-only: команда Создать подзадачу не ставится в offline queue,Critical,Desktop/resilience,OpenAPI `POST_api_v1_tasks_id_subtasks`; Stage_3_Field_Traceability.csv,"Given сервер недоступен или приложение находится в read-only cache mode
When пользователь пытается выполнить «Создать подзадачу»
Then команда не отправляется и не помещается в offline business queue
And UI сохраняет допустимый local draft или сообщает, что действие требует соединения"
AC-368,MOD-006,FR-051,[STATE-020] Idempotency: повтор с тем же key/hash не создаёт двойной side effect,Critical,Integration,OpenAPI `POST_api_v1_tasks_id_subtasks`; Stage_3_Field_Traceability.csv,"Given первая команда `POST_api_v1_tasks_id_subtasks` уже принята с idempotency key и payload hash
When клиент безопасно повторяет тот же key и payload
Then сервер возвращает тот же бизнес-результат без второго side effect
And другой payload с тем же key отклоняется как IDEMPOTENCY_KEY_REUSED"
AC-369,MOD-006,FR-051,[STATE-018] Удалённый объект: команда не применяется к trashed target и не создаёт новый объект,High,Lifecycle/integration,OpenAPI `POST_api_v1_tasks_id_subtasks`; Stage_3_Field_Traceability.csv,"Given target object был перемещён в Trash или удалён после загрузки
When выполняется `POST /api/v1/tasks/{id}/subtasks`
Then сервер возвращает OBJECT_DELETED/OBJECT_NOT_VISIBLE согласно текущим правам
And клиент не восстанавливает optimistic state и предлагает только разрешённый restore/open Trash"
AC-370,MOD-007,FR-052,Happy path: Список серию повторений,High,Contract/integration,OpenAPI `GET_api_v1_recurrence_series`; Stage_3_Field_Traceability.csv,
AC-371,MOD-007,FR-052,[STATE-008/STATE-009] Permission denied: Список серию повторений не выполняется и данные не раскрываются,Critical,Security/authorization,OpenAPI `GET_api_v1_recurrence_series`; Stage_3_Field_Traceability.csv,"Given пользователь аутентифицирован, но не имеет `Task.Read` или требуемой relation
When клиент запрашивает `GET /api/v1/recurrence-series`
Then сервер возвращает 403/OBJECT_NOT_VISIBLE согласно контракту
And клиент не раскрывает скрытые данные и не применяет optimistic UI change"
AC-372,MOD-007,FR-052,[STATE-032/STATE-033/STATE-034] Session/device interruption: операция прекращается без сохранения неподтверждённого состояния,Critical,Security/session,OpenAPI `GET_api_v1_recurrence_series`; Stage_3_Field_Traceability.csv,"Given access/refresh session или device больше не действительны
When клиент обращается к `GET /api/v1/recurrence-series`
Then сервер возвращает стабильную auth/session/device ошибку
And клиент прекращает команды, очищает запрещённые credentials/cache по политике и переводит пользователя в безопасный login/recovery flow"
AC-373,MOD-007,FR-053,Happy path: Создать серию повторений,Critical,Contract/integration,OpenAPI `POST_api_v1_recurrence_series`; Stage_3_Field_Traceability.csv,"Given пользователь имеет `Task.ManageRecurrence` и выполнены предусловия
When клиент отправляет `POST /api/v1/recurrence-series` с контрактным payload и headers
Then сервер возвращает успешный контрактный ответ
And клиент отображает только authoritative response"
AC-374,MOD-007,FR-053,[STATE-008/STATE-009] Permission denied: Создать серию повторений не выполняется и данные не раскрываются,Critical,Security/authorization,OpenAPI `POST_api_v1_recurrence_series`; Stage_3_Field_Traceability.csv,"Given пользователь аутентифицирован, но не имеет `Task.ManageRecurrence` или требуемой relation
When клиент запрашивает `POST /api/v1/recurrence-series`
Then сервер возвращает 403/OBJECT_NOT_VISIBLE согласно контракту
And клиент не раскрывает скрытые данные и не применяет optimistic UI change"
AC-375,MOD-007,FR-053,[STATE-032/STATE-033/STATE-034] Session/device interruption: операция прекращается без сохранения неподтверждённого состояния,Critical,Security/session,OpenAPI `POST_api_v1_recurrence_series`; Stage_3_Field_Traceability.csv,"Given access/refresh session или device больше не действительны
When клиент обращается к `POST /api/v1/recurrence-series`
Then сервер возвращает стабильную auth/session/device ошибку
And клиент прекращает команды, очищает запрещённые credentials/cache по политике и переводит пользователя в безопасный login/recovery flow"
AC-376,MOD-007,FR-053,[STATE-007] Validation: fieldErrors сохраняют draft и привязываются к canonical field path,High,Contract/UI,OpenAPI `POST_api_v1_recurrence_series`; Stage_3_Field_Traceability.csv,"Given пользователь заполнил payload для `POST_api_v1_recurrence_series` с нарушением DTO constraint
When сервер возвращает VALIDATION_FAILED с fieldErrors
Then draft сохраняется, ошибки связываются с canonical field paths и фокус переходит к первой ошибке"
AC-377,MOD-007,FR-053,[STATE-014/STATE-025] Conflict/precondition: устаревшая или отсутствующая контрактная версия/precondition не приводит к overwrite,Critical,Concurrency/integration,OpenAPI `POST_api_v1_recurrence_series`; Stage_3_Field_Traceability.csv,"Given серверное состояние изменилось после загрузки клиентом
When клиент отправляет `POST /api/v1/recurrence-series` с устаревшей контрактная версия/precondition
Then сервер отклоняет команду без overwrite
And клиент сохраняет draft и предлагает refresh/compare/reapply или безопасный повтор"
AC-378,MOD-007,FR-053,[STATE-010/STATE-011/STATE-012] Server unavailable/read-only: команда Создать серию повторений не ставится в offline queue,Critical,Desktop/resilience,OpenAPI `POST_api_v1_recurrence_series`; Stage_3_Field_Traceability.csv,"Given сервер недоступен или приложение находится в read-only cache mode
When пользователь пытается выполнить «Создать серию повторений»
Then команда не отправляется и не помещается в offline business queue
And UI сохраняет допустимый local draft или сообщает, что действие требует соединения"
AC-379,MOD-007,FR-053,[STATE-020] Idempotency: повтор с тем же key/hash не создаёт двойной side effect,Critical,Integration,OpenAPI `POST_api_v1_recurrence_series`; Stage_3_Field_Traceability.csv,"Given первая команда `POST_api_v1_recurrence_series` уже принята с idempotency key и payload hash
When клиент безопасно повторяет тот же key и payload
Then сервер возвращает тот же бизнес-результат без второго side effect
And другой payload с тем же key отклоняется как IDEMPOTENCY_KEY_REUSED"
AC-380,MOD-007,FR-054,Happy path: Отменить серию без помещения в универсальную корзину,Critical,Contract/integration,OpenAPI `DELETE_api_v1_recurrence_series_id`; Stage_3_Field_Traceability.csv,"Given пользователь имеет `Task.ManageRecurrence` и выполнены предусловия
When клиент отправляет `DELETE /api/v1/recurrence-series/{id}` с контрактным payload и headers
Then сервер возвращает успешный контрактный ответ
And клиент отображает только authoritative response"
AC-381,MOD-007,FR-054,[STATE-008/STATE-009] Permission denied: Отменить серию без помещения в универсальную корзину не выполняется и данные не раскрываются,Critical,Security/authorization,OpenAPI `DELETE_api_v1_recurrence_series_id`; Stage_3_Field_Traceability.csv,"Given пользователь аутентифицирован, но не имеет `Task.ManageRecurrence` или требуемой relation
When клиент запрашивает `DELETE /api/v1/recurrence-series/{id}`
Then сервер возвращает 403/OBJECT_NOT_VISIBLE согласно контракту
And клиент не раскрывает скрытые данные и не применяет optimistic UI change"
AC-382,MOD-007,FR-054,[STATE-032/STATE-033/STATE-034] Session/device interruption: операция прекращается без сохранения неподтверждённого состояния,Critical,Security/session,OpenAPI `DELETE_api_v1_recurrence_series_id`; Stage_3_Field_Traceability.csv,"Given access/refresh session или device больше не действительны
When клиент обращается к `DELETE /api/v1/recurrence-series/{id}`
Then сервер возвращает стабильную auth/session/device ошибку
And клиент прекращает команды, очищает запрещённые credentials/cache по политике и переводит пользователя в безопасный login/recovery flow"
AC-383,MOD-007,FR-054,[STATE-014/STATE-025] Conflict/precondition: устаревшая или отсутствующая If-Match не приводит к overwrite,Critical,Concurrency/integration,OpenAPI `DELETE_api_v1_recurrence_series_id`; Stage_3_Field_Traceability.csv,"Given серверное состояние изменилось после загрузки клиентом
When клиент отправляет `DELETE /api/v1/recurrence-series/{id}` с устаревшей If-Match
Then сервер отклоняет команду без overwrite
And клиент сохраняет draft и предлагает refresh/compare/reapply или безопасный повтор"
AC-384,MOD-007,FR-054,[STATE-010/STATE-011/STATE-012] Server unavailable/read-only: команда Отменить серию без помещения в универсальную корзину не ставится в offline queue,Critical,Desktop/resilience,OpenAPI `DELETE_api_v1_recurrence_series_id`; Stage_3_Field_Traceability.csv,"Given сервер недоступен или приложение находится в read-only cache mode
When пользователь пытается выполнить «Отменить серию без помещения в универсальную корзину»
Then команда не отправляется и не помещается в offline business queue
And UI сохраняет допустимый local draft или сообщает, что действие требует соединения"
AC-385,MOD-007,FR-055,Happy path: Получить серию повторений,High,Contract/integration,OpenAPI `GET_api_v1_recurrence_series_id`; Stage_3_Field_Traceability.csv,
AC-386,MOD-007,FR-055,[STATE-008/STATE-009] Permission denied: Получить серию повторений не выполняется и данные не раскрываются,Critical,Security/authorization,OpenAPI `GET_api_v1_recurrence_series_id`; Stage_3_Field_Traceability.csv,"Given пользователь аутентифицирован, но не имеет `Task.Read` или требуемой relation
When клиент запрашивает `GET /api/v1/recurrence-series/{id}`
Then сервер возвращает 403/OBJECT_NOT_VISIBLE согласно контракту
And клиент не раскрывает скрытые данные и не применяет optimistic UI change"
AC-387,MOD-007,FR-055,[STATE-032/STATE-033/STATE-034] Session/device interruption: операция прекращается без сохранения неподтверждённого состояния,Critical,Security/session,OpenAPI `GET_api_v1_recurrence_series_id`; Stage_3_Field_Traceability.csv,"Given access/refresh session или device больше не действительны
When клиент обращается к `GET /api/v1/recurrence-series/{id}`
Then сервер возвращает стабильную auth/session/device ошибку
And клиент прекращает команды, очищает запрещённые credentials/cache по политике и переводит пользователя в безопасный login/recovery flow"
AC-388,MOD-007,FR-056,Happy path: Изменить серию повторений,Critical,Contract/integration,OpenAPI `PATCH_api_v1_recurrence_series_id`; Stage_3_Field_Traceability.csv,"Given пользователь имеет `Task.ManageRecurrence` и выполнены предусловия
When клиент отправляет `PATCH /api/v1/recurrence-series/{id}` с контрактным payload и headers
Then сервер возвращает успешный контрактный ответ
And клиент отображает только authoritative response"
AC-389,MOD-007,FR-056,[STATE-008/STATE-009] Permission denied: Изменить серию повторений не выполняется и данные не раскрываются,Critical,Security/authorization,OpenAPI `PATCH_api_v1_recurrence_series_id`; Stage_3_Field_Traceability.csv,"Given пользователь аутентифицирован, но не имеет `Task.ManageRecurrence` или требуемой relation
When клиент запрашивает `PATCH /api/v1/recurrence-series/{id}`
Then сервер возвращает 403/OBJECT_NOT_VISIBLE согласно контракту
And клиент не раскрывает скрытые данные и не применяет optimistic UI change"
AC-390,MOD-007,FR-056,[STATE-032/STATE-033/STATE-034] Session/device interruption: операция прекращается без сохранения неподтверждённого состояния,Critical,Security/session,OpenAPI `PATCH_api_v1_recurrence_series_id`; Stage_3_Field_Traceability.csv,"Given access/refresh session или device больше не действительны
When клиент обращается к `PATCH /api/v1/recurrence-series/{id}`
Then сервер возвращает стабильную auth/session/device ошибку
And клиент прекращает команды, очищает запрещённые credentials/cache по политике и переводит пользователя в безопасный login/recovery flow"
AC-391,MOD-007,FR-056,[STATE-007] Validation: fieldErrors сохраняют draft и привязываются к canonical field path,High,Contract/UI,OpenAPI `PATCH_api_v1_recurrence_series_id`; Stage_3_Field_Traceability.csv,"Given пользователь заполнил payload для `PATCH_api_v1_recurrence_series_id` с нарушением DTO constraint
When сервер возвращает VALIDATION_FAILED с fieldErrors
Then draft сохраняется, ошибки связываются с canonical field paths и фокус переходит к первой ошибке"
AC-392,MOD-007,FR-056,[STATE-014/STATE-025] Conflict/precondition: устаревшая или отсутствующая If-Match не приводит к overwrite,Critical,Concurrency/integration,OpenAPI `PATCH_api_v1_recurrence_series_id`; Stage_3_Field_Traceability.csv,"Given серверное состояние изменилось после загрузки клиентом
When клиент отправляет `PATCH /api/v1/recurrence-series/{id}` с устаревшей If-Match
Then сервер отклоняет команду без overwrite
And клиент сохраняет draft и предлагает refresh/compare/reapply или безопасный повтор"
AC-393,MOD-007,FR-056,[STATE-010/STATE-011/STATE-012] Server unavailable/read-only: команда Изменить серию повторений не ставится в offline queue,Critical,Desktop/resilience,OpenAPI `PATCH_api_v1_recurrence_series_id`; Stage_3_Field_Traceability.csv,"Given сервер недоступен или приложение находится в read-only cache mode
When пользователь пытается выполнить «Изменить серию повторений»
Then команда не отправляется и не помещается в offline business queue
And UI сохраняет допустимый local draft или сообщает, что действие требует соединения"
AC-394,MOD-007,FR-057,Happy path: Изменить one/future/all,Critical,Contract/integration,OpenAPI `POST_api_v1_recurrence_series_id_apply_change`; Stage_3_Field_Traceability.csv,"Given пользователь имеет `Task.ManageRecurrence` и выполнены предусловия
When клиент отправляет `POST /api/v1/recurrence-series/{id}/apply-change` с контрактным payload и headers
Then сервер возвращает успешный контрактный ответ
And клиент отображает только authoritative response"
AC-395,MOD-007,FR-057,[STATE-008/STATE-009] Permission denied: Изменить one/future/all не выполняется и данные не раскрываются,Critical,Security/authorization,OpenAPI `POST_api_v1_recurrence_series_id_apply_change`; Stage_3_Field_Traceability.csv,"Given пользователь аутентифицирован, но не имеет `Task.ManageRecurrence` или требуемой relation
When клиент запрашивает `POST /api/v1/recurrence-series/{id}/apply-change`
Then сервер возвращает 403/OBJECT_NOT_VISIBLE согласно контракту
And клиент не раскрывает скрытые данные и не применяет optimistic UI change"
AC-396,MOD-007,FR-057,[STATE-032/STATE-033/STATE-034] Session/device interruption: операция прекращается без сохранения неподтверждённого состояния,Critical,Security/session,OpenAPI `POST_api_v1_recurrence_series_id_apply_change`; Stage_3_Field_Traceability.csv,"Given access/refresh session или device больше не действительны
When клиент обращается к `POST /api/v1/recurrence-series/{id}/apply-change`
Then сервер возвращает стабильную auth/session/device ошибку
And клиент прекращает команды, очищает запрещённые credentials/cache по политике и переводит пользователя в безопасный login/recovery flow"
AC-397,MOD-007,FR-057,[STATE-007] Validation: fieldErrors сохраняют draft и привязываются к canonical field path,High,Contract/UI,OpenAPI `POST_api_v1_recurrence_series_id_apply_change`; Stage_3_Field_Traceability.csv,"Given пользователь заполнил payload для `POST_api_v1_recurrence_series_id_apply_change` с нарушением DTO constraint
When сервер возвращает VALIDATION_FAILED с fieldErrors
Then draft сохраняется, ошибки связываются с canonical field paths и фокус переходит к первой ошибке"
AC-398,MOD-007,FR-057,[STATE-014/STATE-025] Conflict/precondition: устаревшая или отсутствующая If-Match не приводит к overwrite,Critical,Concurrency/integration,OpenAPI `POST_api_v1_recurrence_series_id_apply_change`; Stage_3_Field_Traceability.csv,"Given серверное состояние изменилось после загрузки клиентом
When клиент отправляет `POST /api/v1/recurrence-series/{id}/apply-change` с устаревшей If-Match
Then сервер отклоняет команду без overwrite
And клиент сохраняет draft и предлагает refresh/compare/reapply или безопасный повтор"
AC-399,MOD-007,FR-057,[STATE-010/STATE-011/STATE-012] Server unavailable/read-only: команда Изменить one/future/all не ставится в offline queue,Critical,Desktop/resilience,OpenAPI `POST_api_v1_recurrence_series_id_apply_change`; Stage_3_Field_Traceability.csv,"Given сервер недоступен или приложение находится в read-only cache mode
When пользователь пытается выполнить «Изменить one/future/all»
Then команда не отправляется и не помещается в offline business queue
And UI сохраняет допустимый local draft или сообщает, что действие требует соединения"
AC-400,MOD-007,FR-057,[STATE-020] Idempotency: повтор с тем же key/hash не создаёт двойной side effect,Critical,Integration,OpenAPI `POST_api_v1_recurrence_series_id_apply_change`; Stage_3_Field_Traceability.csv,"Given первая команда `POST_api_v1_recurrence_series_id_apply_change` уже принята с idempotency key и payload hash
When клиент безопасно повторяет тот же key и payload
Then сервер возвращает тот же бизнес-результат без второго side effect
And другой payload с тем же key отклоняется как IDEMPOTENCY_KEY_REUSED"
AC-401,MOD-007,FR-058,Happy path: Административно расширить горизонт,Critical,Contract/integration,OpenAPI `POST_api_v1_recurrence_series_id_generate`; Stage_3_Field_Traceability.csv,"Given пользователь имеет `System.JobRun` и выполнены предусловия
When клиент отправляет `POST /api/v1/recurrence-series/{id}/generate` с контрактным payload и headers
Then сервер возвращает успешный контрактный ответ
And клиент отображает только authoritative response"
AC-402,MOD-007,FR-058,[STATE-008/STATE-009] Permission denied: Административно расширить горизонт не выполняется и данные не раскрываются,Critical,Security/authorization,OpenAPI `POST_api_v1_recurrence_series_id_generate`; Stage_3_Field_Traceability.csv,"Given пользователь аутентифицирован, но не имеет `System.JobRun` или требуемой relation
When клиент запрашивает `POST /api/v1/recurrence-series/{id}/generate`
Then сервер возвращает 403/OBJECT_NOT_VISIBLE согласно контракту
And клиент не раскрывает скрытые данные и не применяет optimistic UI change"
AC-403,MOD-007,FR-058,[STATE-032/STATE-033/STATE-034] Session/device interruption: операция прекращается без сохранения неподтверждённого состояния,Critical,Security/session,OpenAPI `POST_api_v1_recurrence_series_id_generate`; Stage_3_Field_Traceability.csv,"Given access/refresh session или device больше не действительны
When клиент обращается к `POST /api/v1/recurrence-series/{id}/generate`
Then сервер возвращает стабильную auth/session/device ошибку
And клиент прекращает команды, очищает запрещённые credentials/cache по политике и переводит пользователя в безопасный login/recovery flow"
AC-404,MOD-007,FR-058,[STATE-014/STATE-025] Conflict/precondition: устаревшая или отсутствующая контрактная версия/precondition не приводит к overwrite,Critical,Concurrency/integration,OpenAPI `POST_api_v1_recurrence_series_id_generate`; Stage_3_Field_Traceability.csv,"Given серверное состояние изменилось после загрузки клиентом
When клиент отправляет `POST /api/v1/recurrence-series/{id}/generate` с устаревшей контрактная версия/precondition
Then сервер отклоняет команду без overwrite
And клиент сохраняет draft и предлагает refresh/compare/reapply или безопасный повтор"
AC-405,MOD-007,FR-058,[STATE-010/STATE-011/STATE-012] Server unavailable/read-only: команда Административно расширить горизонт не ставится в offline queue,Critical,Desktop/resilience,OpenAPI `POST_api_v1_recurrence_series_id_generate`; Stage_3_Field_Traceability.csv,"Given сервер недоступен или приложение находится в read-only cache mode
When пользователь пытается выполнить «Административно расширить горизонт»
Then команда не отправляется и не помещается в offline business queue
And UI сохраняет допустимый local draft или сообщает, что действие требует соединения"
AC-406,MOD-007,FR-058,[STATE-020] Idempotency: повтор с тем же key/hash не создаёт двойной side effect,Critical,Integration,OpenAPI `POST_api_v1_recurrence_series_id_generate`; Stage_3_Field_Traceability.csv,"Given первая команда `POST_api_v1_recurrence_series_id_generate` уже принята с idempotency key и payload hash
When клиент безопасно повторяет тот же key и payload
Then сервер возвращает тот же бизнес-результат без второго side effect
And другой payload с тем же key отклоняется как IDEMPOTENCY_KEY_REUSED"
AC-407,MOD-007,FR-059,Happy path: Предпросмотр будущих occurrence,Critical,Contract/integration,OpenAPI `POST_api_v1_recurrence_series_id_preview`; Stage_3_Field_Traceability.csv,"Given пользователь имеет `Task.Read` и выполнены предусловия
When клиент отправляет `POST /api/v1/recurrence-series/{id}/preview` с контрактным payload и headers
Then сервер возвращает успешный контрактный ответ
And клиент отображает только authoritative response"
AC-408,MOD-007,FR-059,[STATE-008/STATE-009] Permission denied: Предпросмотр будущих occurrence не выполняется и данные не раскрываются,Critical,Security/authorization,OpenAPI `POST_api_v1_recurrence_series_id_preview`; Stage_3_Field_Traceability.csv,"Given пользователь аутентифицирован, но не имеет `Task.Read` или требуемой relation
When клиент запрашивает `POST /api/v1/recurrence-series/{id}/preview`
Then сервер возвращает 403/OBJECT_NOT_VISIBLE согласно контракту
And клиент не раскрывает скрытые данные и не применяет optimistic UI change"
AC-409,MOD-007,FR-059,[STATE-032/STATE-033/STATE-034] Session/device interruption: операция прекращается без сохранения неподтверждённого состояния,Critical,Security/session,OpenAPI `POST_api_v1_recurrence_series_id_preview`; Stage_3_Field_Traceability.csv,"Given access/refresh session или device больше не действительны
When клиент обращается к `POST /api/v1/recurrence-series/{id}/preview`
Then сервер возвращает стабильную auth/session/device ошибку
And клиент прекращает команды, очищает запрещённые credentials/cache по политике и переводит пользователя в безопасный login/recovery flow"
AC-410,MOD-007,FR-059,[STATE-007] Validation: fieldErrors сохраняют draft и привязываются к canonical field path,High,Contract/UI,OpenAPI `POST_api_v1_recurrence_series_id_preview`; Stage_3_Field_Traceability.csv,"Given пользователь заполнил payload для `POST_api_v1_recurrence_series_id_preview` с нарушением DTO constraint
When сервер возвращает VALIDATION_FAILED с fieldErrors
Then draft сохраняется, ошибки связываются с canonical field paths и фокус переходит к первой ошибке"
AC-411,MOD-007,FR-059,[STATE-010/STATE-011/STATE-012] Server unavailable/read-only: команда Предпросмотр будущих occurrence не ставится в offline queue,Critical,Desktop/resilience,OpenAPI `POST_api_v1_recurrence_series_id_preview`; Stage_3_Field_Traceability.csv,"Given сервер недоступен или приложение находится в read-only cache mode
When пользователь пытается выполнить «Предпросмотр будущих occurrence»
Then команда не отправляется и не помещается в offline business queue
And UI сохраняет допустимый local draft или сообщает, что действие требует соединения"
AC-412,MOD-007,FR-060,Happy path: Возобновить приостановленную серию,Critical,Contract/integration,OpenAPI `POST_api_v1_recurrence_series_id_resume`; Stage_3_Field_Traceability.csv,"Given пользователь имеет `Task.ManageRecurrence` и выполнены предусловия
When клиент отправляет `POST /api/v1/recurrence-series/{id}/resume` с контрактным payload и headers
Then сервер возвращает успешный контрактный ответ
And клиент отображает только authoritative response"
AC-413,MOD-007,FR-060,[STATE-008/STATE-009] Permission denied: Возобновить приостановленную серию не выполняется и данные не раскрываются,Critical,Security/authorization,OpenAPI `POST_api_v1_recurrence_series_id_resume`; Stage_3_Field_Traceability.csv,"Given пользователь аутентифицирован, но не имеет `Task.ManageRecurrence` или требуемой relation
When клиент запрашивает `POST /api/v1/recurrence-series/{id}/resume`
Then сервер возвращает 403/OBJECT_NOT_VISIBLE согласно контракту
And клиент не раскрывает скрытые данные и не применяет optimistic UI change"
AC-414,MOD-007,FR-060,[STATE-032/STATE-033/STATE-034] Session/device interruption: операция прекращается без сохранения неподтверждённого состояния,Critical,Security/session,OpenAPI `POST_api_v1_recurrence_series_id_resume`; Stage_3_Field_Traceability.csv,"Given access/refresh session или device больше не действительны
When клиент обращается к `POST /api/v1/recurrence-series/{id}/resume`
Then сервер возвращает стабильную auth/session/device ошибку
And клиент прекращает команды, очищает запрещённые credentials/cache по политике и переводит пользователя в безопасный login/recovery flow"
AC-415,MOD-007,FR-060,[STATE-007] Validation: fieldErrors сохраняют draft и привязываются к canonical field path,High,Contract/UI,OpenAPI `POST_api_v1_recurrence_series_id_resume`; Stage_3_Field_Traceability.csv,"Given пользователь заполнил payload для `POST_api_v1_recurrence_series_id_resume` с нарушением DTO constraint
When сервер возвращает VALIDATION_FAILED с fieldErrors
Then draft сохраняется, ошибки связываются с canonical field paths и фокус переходит к первой ошибке"
AC-416,MOD-007,FR-060,[STATE-014/STATE-025] Conflict/precondition: устаревшая или отсутствующая If-Match не приводит к overwrite,Critical,Concurrency/integration,OpenAPI `POST_api_v1_recurrence_series_id_resume`; Stage_3_Field_Traceability.csv,"Given серверное состояние изменилось после загрузки клиентом
When клиент отправляет `POST /api/v1/recurrence-series/{id}/resume` с устаревшей If-Match
Then сервер отклоняет команду без overwrite
And клиент сохраняет draft и предлагает refresh/compare/reapply или безопасный повтор"
AC-417,MOD-007,FR-060,[STATE-010/STATE-011/STATE-012] Server unavailable/read-only: команда Возобновить приостановленную серию не ставится в offline queue,Critical,Desktop/resilience,OpenAPI `POST_api_v1_recurrence_series_id_resume`; Stage_3_Field_Traceability.csv,"Given сервер недоступен или приложение находится в read-only cache mode
When пользователь пытается выполнить «Возобновить приостановленную серию»
Then команда не отправляется и не помещается в offline business queue
And UI сохраняет допустимый local draft или сообщает, что действие требует соединения"
AC-418,MOD-007,FR-060,[STATE-020] Idempotency: повтор с тем же key/hash не создаёт двойной side effect,Critical,Integration,OpenAPI `POST_api_v1_recurrence_series_id_resume`; Stage_3_Field_Traceability.csv,"Given первая команда `POST_api_v1_recurrence_series_id_resume` уже принята с idempotency key и payload hash
When клиент безопасно повторяет тот же key и payload
Then сервер возвращает тот же бизнес-результат без второго side effect
And другой payload с тем же key отклоняется как IDEMPOTENCY_KEY_REUSED"
AC-419,MOD-007,FR-061,Happy path: Пропустить экземпляр,Critical,Contract/integration,OpenAPI `POST_api_v1_recurrence_series_id_skip_occurrenceKey`; Stage_3_Field_Traceability.csv,"Given пользователь имеет `Task.ManageRecurrence` и выполнены предусловия
When клиент отправляет `POST /api/v1/recurrence-series/{id}/skip/{occurrenceKey}` с контрактным payload и headers
Then сервер возвращает успешный контрактный ответ
And клиент отображает только authoritative response"
AC-420,MOD-007,FR-061,[STATE-008/STATE-009] Permission denied: Пропустить экземпляр не выполняется и данные не раскрываются,Critical,Security/authorization,OpenAPI `POST_api_v1_recurrence_series_id_skip_occurrenceKey`; Stage_3_Field_Traceability.csv,"Given пользователь аутентифицирован, но не имеет `Task.ManageRecurrence` или требуемой relation
When клиент запрашивает `POST /api/v1/recurrence-series/{id}/skip/{occurrenceKey}`
Then сервер возвращает 403/OBJECT_NOT_VISIBLE согласно контракту
And клиент не раскрывает скрытые данные и не применяет optimistic UI change"
AC-421,MOD-007,FR-061,[STATE-032/STATE-033/STATE-034] Session/device interruption: операция прекращается без сохранения неподтверждённого состояния,Critical,Security/session,OpenAPI `POST_api_v1_recurrence_series_id_skip_occurrenceKey`; Stage_3_Field_Traceability.csv,"Given access/refresh session или device больше не действительны
When клиент обращается к `POST /api/v1/recurrence-series/{id}/skip/{occurrenceKey}`
Then сервер возвращает стабильную auth/session/device ошибку
And клиент прекращает команды, очищает запрещённые credentials/cache по политике и переводит пользователя в безопасный login/recovery flow"
AC-422,MOD-007,FR-061,[STATE-014/STATE-025] Conflict/precondition: устаревшая или отсутствующая If-Match не приводит к overwrite,Critical,Concurrency/integration,OpenAPI `POST_api_v1_recurrence_series_id_skip_occurrenceKey`; Stage_3_Field_Traceability.csv,"Given серверное состояние изменилось после загрузки клиентом
When клиент отправляет `POST /api/v1/recurrence-series/{id}/skip/{occurrenceKey}` с устаревшей If-Match
Then сервер отклоняет команду без overwrite
And клиент сохраняет draft и предлагает refresh/compare/reapply или безопасный повтор"
AC-423,MOD-007,FR-061,[STATE-010/STATE-011/STATE-012] Server unavailable/read-only: команда Пропустить экземпляр не ставится в offline queue,Critical,Desktop/resilience,OpenAPI `POST_api_v1_recurrence_series_id_skip_occurrenceKey`; Stage_3_Field_Traceability.csv,"Given сервер недоступен или приложение находится в read-only cache mode
When пользователь пытается выполнить «Пропустить экземпляр»
Then команда не отправляется и не помещается в offline business queue
And UI сохраняет допустимый local draft или сообщает, что действие требует соединения"
AC-424,MOD-007,FR-061,[STATE-020] Idempotency: повтор с тем же key/hash не создаёт двойной side effect,Critical,Integration,OpenAPI `POST_api_v1_recurrence_series_id_skip_occurrenceKey`; Stage_3_Field_Traceability.csv,"Given первая команда `POST_api_v1_recurrence_series_id_skip_occurrenceKey` уже принята с idempotency key и payload hash
When клиент безопасно повторяет тот же key и payload
Then сервер возвращает тот же бизнес-результат без второго side effect
And другой payload с тем же key отклоняется как IDEMPOTENCY_KEY_REUSED"
AC-425,MOD-008,FR-062,Happy path: Список напоминание,High,Contract/integration,OpenAPI `GET_api_v1_reminders`; Stage_3_Field_Traceability.csv,
AC-426,MOD-008,FR-062,[STATE-008/STATE-009] Permission denied: Список напоминание не выполняется и данные не раскрываются,Critical,Security/authorization,OpenAPI `GET_api_v1_reminders`; Stage_3_Field_Traceability.csv,"Given пользователь аутентифицирован, но не имеет `Reminder.ManageOwn` или требуемой relation
When клиент запрашивает `GET /api/v1/reminders`
Then сервер возвращает 403/OBJECT_NOT_VISIBLE согласно контракту
And клиент не раскрывает скрытые данные и не применяет optimistic UI change"
AC-427,MOD-008,FR-062,[STATE-032/STATE-033/STATE-034] Session/device interruption: операция прекращается без сохранения неподтверждённого состояния,Critical,Security/session,OpenAPI `GET_api_v1_reminders`; Stage_3_Field_Traceability.csv,"Given access/refresh session или device больше не действительны
When клиент обращается к `GET /api/v1/reminders`
Then сервер возвращает стабильную auth/session/device ошибку
And клиент прекращает команды, очищает запрещённые credentials/cache по политике и переводит пользователя в безопасный login/recovery flow"
AC-428,MOD-008,FR-063,Happy path: Создать напоминание,Critical,Contract/integration,OpenAPI `POST_api_v1_reminders`; Stage_3_Field_Traceability.csv,"Given пользователь имеет `Reminder.ManageOwn` и выполнены предусловия
When клиент отправляет `POST /api/v1/reminders` с контрактным payload и headers
Then сервер возвращает успешный контрактный ответ
And клиент отображает только authoritative response"
AC-429,MOD-008,FR-063,[STATE-008/STATE-009] Permission denied: Создать напоминание не выполняется и данные не раскрываются,Critical,Security/authorization,OpenAPI `POST_api_v1_reminders`; Stage_3_Field_Traceability.csv,"Given пользователь аутентифицирован, но не имеет `Reminder.ManageOwn` или требуемой relation
When клиент запрашивает `POST /api/v1/reminders`
Then сервер возвращает 403/OBJECT_NOT_VISIBLE согласно контракту
And клиент не раскрывает скрытые данные и не применяет optimistic UI change"
AC-430,MOD-008,FR-063,[STATE-032/STATE-033/STATE-034] Session/device interruption: операция прекращается без сохранения неподтверждённого состояния,Critical,Security/session,OpenAPI `POST_api_v1_reminders`; Stage_3_Field_Traceability.csv,"Given access/refresh session или device больше не действительны
When клиент обращается к `POST /api/v1/reminders`
Then сервер возвращает стабильную auth/session/device ошибку
And клиент прекращает команды, очищает запрещённые credentials/cache по политике и переводит пользователя в безопасный login/recovery flow"
AC-431,MOD-008,FR-063,[STATE-007] Validation: fieldErrors сохраняют draft и привязываются к canonical field path,High,Contract/UI,OpenAPI `POST_api_v1_reminders`; Stage_3_Field_Traceability.csv,"Given пользователь заполнил payload для `POST_api_v1_reminders` с нарушением DTO constraint
When сервер возвращает VALIDATION_FAILED с fieldErrors
Then draft сохраняется, ошибки связываются с canonical field paths и фокус переходит к первой ошибке"
AC-432,MOD-008,FR-063,[STATE-014/STATE-025] Conflict/precondition: устаревшая или отсутствующая контрактная версия/precondition не приводит к overwrite,Critical,Concurrency/integration,OpenAPI `POST_api_v1_reminders`; Stage_3_Field_Traceability.csv,"Given серверное состояние изменилось после загрузки клиентом
When клиент отправляет `POST /api/v1/reminders` с устаревшей контрактная версия/precondition
Then сервер отклоняет команду без overwrite
And клиент сохраняет draft и предлагает refresh/compare/reapply или безопасный повтор"
AC-433,MOD-008,FR-063,[STATE-010/STATE-011/STATE-012] Server unavailable/read-only: команда Создать напоминание не ставится в offline queue,Critical,Desktop/resilience,OpenAPI `POST_api_v1_reminders`; Stage_3_Field_Traceability.csv,"Given сервер недоступен или приложение находится в read-only cache mode
When пользователь пытается выполнить «Создать напоминание»
Then команда не отправляется и не помещается в offline business queue
And UI сохраняет допустимый local draft или сообщает, что действие требует соединения"
AC-434,MOD-008,FR-063,[STATE-020] Idempotency: повтор с тем же key/hash не создаёт двойной side effect,Critical,Integration,OpenAPI `POST_api_v1_reminders`; Stage_3_Field_Traceability.csv,"Given первая команда `POST_api_v1_reminders` уже принята с idempotency key и payload hash
When клиент безопасно повторяет тот же key и payload
Then сервер возвращает тот же бизнес-результат без второго side effect
And другой payload с тем же key отклоняется как IDEMPOTENCY_KEY_REUSED"
AC-435,MOD-008,FR-064,Happy path: Ближайшие напоминания,High,Contract/integration,OpenAPI `GET_api_v1_reminders_upcoming`; Stage_3_Field_Traceability.csv,
AC-436,MOD-008,FR-064,[STATE-008/STATE-009] Permission denied: Ближайшие напоминания не выполняется и данные не раскрываются,Critical,Security/authorization,OpenAPI `GET_api_v1_reminders_upcoming`; Stage_3_Field_Traceability.csv,"Given пользователь аутентифицирован, но не имеет `Reminder.ManageOwn` или требуемой relation
When клиент запрашивает `GET /api/v1/reminders/upcoming`
Then сервер возвращает 403/OBJECT_NOT_VISIBLE согласно контракту
And клиент не раскрывает скрытые данные и не применяет optimistic UI change"
AC-437,MOD-008,FR-064,[STATE-032/STATE-033/STATE-034] Session/device interruption: операция прекращается без сохранения неподтверждённого состояния,Critical,Security/session,OpenAPI `GET_api_v1_reminders_upcoming`; Stage_3_Field_Traceability.csv,"Given access/refresh session или device больше не действительны
When клиент обращается к `GET /api/v1/reminders/upcoming`
Then сервер возвращает стабильную auth/session/device ошибку
And клиент прекращает команды, очищает запрещённые credentials/cache по политике и переводит пользователя в безопасный login/recovery flow"
AC-438,MOD-008,FR-065,Happy path: Отменить напоминание,Critical,Contract/integration,OpenAPI `DELETE_api_v1_reminders_id`; Stage_3_Field_Traceability.csv,"Given пользователь имеет `Reminder.ManageOwn` и выполнены предусловия
When клиент отправляет `DELETE /api/v1/reminders/{id}` с контрактным payload и headers
Then сервер возвращает успешный контрактный ответ
And клиент отображает только authoritative response"
AC-439,MOD-008,FR-065,[STATE-008/STATE-009] Permission denied: Отменить напоминание не выполняется и данные не раскрываются,Critical,Security/authorization,OpenAPI `DELETE_api_v1_reminders_id`; Stage_3_Field_Traceability.csv,"Given пользователь аутентифицирован, но не имеет `Reminder.ManageOwn` или требуемой relation
When клиент запрашивает `DELETE /api/v1/reminders/{id}`
Then сервер возвращает 403/OBJECT_NOT_VISIBLE согласно контракту
And клиент не раскрывает скрытые данные и не применяет optimistic UI change"
AC-440,MOD-008,FR-065,[STATE-032/STATE-033/STATE-034] Session/device interruption: операция прекращается без сохранения неподтверждённого состояния,Critical,Security/session,OpenAPI `DELETE_api_v1_reminders_id`; Stage_3_Field_Traceability.csv,"Given access/refresh session или device больше не действительны
When клиент обращается к `DELETE /api/v1/reminders/{id}`
Then сервер возвращает стабильную auth/session/device ошибку
And клиент прекращает команды, очищает запрещённые credentials/cache по политике и переводит пользователя в безопасный login/recovery flow"
AC-441,MOD-008,FR-065,[STATE-014/STATE-025] Conflict/precondition: устаревшая или отсутствующая If-Match не приводит к overwrite,Critical,Concurrency/integration,OpenAPI `DELETE_api_v1_reminders_id`; Stage_3_Field_Traceability.csv,"Given серверное состояние изменилось после загрузки клиентом
When клиент отправляет `DELETE /api/v1/reminders/{id}` с устаревшей If-Match
Then сервер отклоняет команду без overwrite
And клиент сохраняет draft и предлагает refresh/compare/reapply или безопасный повтор"
AC-442,MOD-008,FR-065,[STATE-010/STATE-011/STATE-012] Server unavailable/read-only: команда Отменить напоминание не ставится в offline queue,Critical,Desktop/resilience,OpenAPI `DELETE_api_v1_reminders_id`; Stage_3_Field_Traceability.csv,"Given сервер недоступен или приложение находится в read-only cache mode
When пользователь пытается выполнить «Отменить напоминание»
Then команда не отправляется и не помещается в offline business queue
And UI сохраняет допустимый local draft или сообщает, что действие требует соединения"
AC-443,MOD-008,FR-066,Happy path: Получить напоминание,High,Contract/integration,OpenAPI `GET_api_v1_reminders_id`; Stage_3_Field_Traceability.csv,
AC-444,MOD-008,FR-066,[STATE-008/STATE-009] Permission denied: Получить напоминание не выполняется и данные не раскрываются,Critical,Security/authorization,OpenAPI `GET_api_v1_reminders_id`; Stage_3_Field_Traceability.csv,"Given пользователь аутентифицирован, но не имеет `Reminder.ManageOwn` или требуемой relation
When клиент запрашивает `GET /api/v1/reminders/{id}`
Then сервер возвращает 403/OBJECT_NOT_VISIBLE согласно контракту
And клиент не раскрывает скрытые данные и не применяет optimistic UI change"
AC-445,MOD-008,FR-066,[STATE-032/STATE-033/STATE-034] Session/device interruption: операция прекращается без сохранения неподтверждённого состояния,Critical,Security/session,OpenAPI `GET_api_v1_reminders_id`; Stage_3_Field_Traceability.csv,"Given access/refresh session или device больше не действительны
When клиент обращается к `GET /api/v1/reminders/{id}`
Then сервер возвращает стабильную auth/session/device ошибку
And клиент прекращает команды, очищает запрещённые credentials/cache по политике и переводит пользователя в безопасный login/recovery flow"
AC-446,MOD-008,FR-067,Happy path: Изменить напоминание,Critical,Contract/integration,OpenAPI `PATCH_api_v1_reminders_id`; Stage_3_Field_Traceability.csv,"Given пользователь имеет `Reminder.ManageOwn` и выполнены предусловия
When клиент отправляет `PATCH /api/v1/reminders/{id}` с контрактным payload и headers
Then сервер возвращает успешный контрактный ответ
And клиент отображает только authoritative response"
AC-447,MOD-008,FR-067,[STATE-008/STATE-009] Permission denied: Изменить напоминание не выполняется и данные не раскрываются,Critical,Security/authorization,OpenAPI `PATCH_api_v1_reminders_id`; Stage_3_Field_Traceability.csv,"Given пользователь аутентифицирован, но не имеет `Reminder.ManageOwn` или требуемой relation
When клиент запрашивает `PATCH /api/v1/reminders/{id}`
Then сервер возвращает 403/OBJECT_NOT_VISIBLE согласно контракту
And клиент не раскрывает скрытые данные и не применяет optimistic UI change"
AC-448,MOD-008,FR-067,[STATE-032/STATE-033/STATE-034] Session/device interruption: операция прекращается без сохранения неподтверждённого состояния,Critical,Security/session,OpenAPI `PATCH_api_v1_reminders_id`; Stage_3_Field_Traceability.csv,"Given access/refresh session или device больше не действительны
When клиент обращается к `PATCH /api/v1/reminders/{id}`
Then сервер возвращает стабильную auth/session/device ошибку
And клиент прекращает команды, очищает запрещённые credentials/cache по политике и переводит пользователя в безопасный login/recovery flow"
AC-449,MOD-008,FR-067,[STATE-007] Validation: fieldErrors сохраняют draft и привязываются к canonical field path,High,Contract/UI,OpenAPI `PATCH_api_v1_reminders_id`; Stage_3_Field_Traceability.csv,"Given пользователь заполнил payload для `PATCH_api_v1_reminders_id` с нарушением DTO constraint
When сервер возвращает VALIDATION_FAILED с fieldErrors
Then draft сохраняется, ошибки связываются с canonical field paths и фокус переходит к первой ошибке"
AC-450,MOD-008,FR-067,[STATE-014/STATE-025] Conflict/precondition: устаревшая или отсутствующая If-Match не приводит к overwrite,Critical,Concurrency/integration,OpenAPI `PATCH_api_v1_reminders_id`; Stage_3_Field_Traceability.csv,"Given серверное состояние изменилось после загрузки клиентом
When клиент отправляет `PATCH /api/v1/reminders/{id}` с устаревшей If-Match
Then сервер отклоняет команду без overwrite
And клиент сохраняет draft и предлагает refresh/compare/reapply или безопасный повтор"
AC-451,MOD-008,FR-067,[STATE-010/STATE-011/STATE-012] Server unavailable/read-only: команда Изменить напоминание не ставится в offline queue,Critical,Desktop/resilience,OpenAPI `PATCH_api_v1_reminders_id`; Stage_3_Field_Traceability.csv,"Given сервер недоступен или приложение находится в read-only cache mode
When пользователь пытается выполнить «Изменить напоминание»
Then команда не отправляется и не помещается в offline business queue
And UI сохраняет допустимый local draft или сообщает, что действие требует соединения"
AC-452,MOD-008,FR-068,Happy path: Закрыть срабатывание,Critical,Contract/integration,OpenAPI `POST_api_v1_reminders_id_dismiss`; Stage_3_Field_Traceability.csv,"Given пользователь имеет `Reminder.ManageOwn` и выполнены предусловия
When клиент отправляет `POST /api/v1/reminders/{id}/dismiss` с контрактным payload и headers
Then сервер возвращает успешный контрактный ответ
And клиент отображает только authoritative response"
AC-453,MOD-008,FR-068,[STATE-008/STATE-009] Permission denied: Закрыть срабатывание не выполняется и данные не раскрываются,Critical,Security/authorization,OpenAPI `POST_api_v1_reminders_id_dismiss`; Stage_3_Field_Traceability.csv,"Given пользователь аутентифицирован, но не имеет `Reminder.ManageOwn` или требуемой relation
When клиент запрашивает `POST /api/v1/reminders/{id}/dismiss`
Then сервер возвращает 403/OBJECT_NOT_VISIBLE согласно контракту
And клиент не раскрывает скрытые данные и не применяет optimistic UI change"
AC-454,MOD-008,FR-068,[STATE-032/STATE-033/STATE-034] Session/device interruption: операция прекращается без сохранения неподтверждённого состояния,Critical,Security/session,OpenAPI `POST_api_v1_reminders_id_dismiss`; Stage_3_Field_Traceability.csv,"Given access/refresh session или device больше не действительны
When клиент обращается к `POST /api/v1/reminders/{id}/dismiss`
Then сервер возвращает стабильную auth/session/device ошибку
And клиент прекращает команды, очищает запрещённые credentials/cache по политике и переводит пользователя в безопасный login/recovery flow"
AC-455,MOD-008,FR-068,[STATE-014/STATE-025] Conflict/precondition: устаревшая или отсутствующая If-Match не приводит к overwrite,Critical,Concurrency/integration,OpenAPI `POST_api_v1_reminders_id_dismiss`; Stage_3_Field_Traceability.csv,"Given серверное состояние изменилось после загрузки клиентом
When клиент отправляет `POST /api/v1/reminders/{id}/dismiss` с устаревшей If-Match
Then сервер отклоняет команду без overwrite
And клиент сохраняет draft и предлагает refresh/compare/reapply или безопасный повтор"
AC-456,MOD-008,FR-068,[STATE-010/STATE-011/STATE-012] Server unavailable/read-only: команда Закрыть срабатывание не ставится в offline queue,Critical,Desktop/resilience,OpenAPI `POST_api_v1_reminders_id_dismiss`; Stage_3_Field_Traceability.csv,"Given сервер недоступен или приложение находится в read-only cache mode
When пользователь пытается выполнить «Закрыть срабатывание»
Then команда не отправляется и не помещается в offline business queue
And UI сохраняет допустимый local draft или сообщает, что действие требует соединения"
AC-457,MOD-008,FR-069,Happy path: Перепланировать отменённое напоминание,Critical,Contract/integration,OpenAPI `POST_api_v1_reminders_id_reschedule`; Stage_3_Field_Traceability.csv,"Given пользователь имеет `Reminder.ManageOwn` и выполнены предусловия
When клиент отправляет `POST /api/v1/reminders/{id}/reschedule` с контрактным payload и headers
Then сервер возвращает успешный контрактный ответ
And клиент отображает только authoritative response"
AC-458,MOD-008,FR-069,[STATE-008/STATE-009] Permission denied: Перепланировать отменённое напоминание не выполняется и данные не раскрываются,Critical,Security/authorization,OpenAPI `POST_api_v1_reminders_id_reschedule`; Stage_3_Field_Traceability.csv,"Given пользователь аутентифицирован, но не имеет `Reminder.ManageOwn` или требуемой relation
When клиент запрашивает `POST /api/v1/reminders/{id}/reschedule`
Then сервер возвращает 403/OBJECT_NOT_VISIBLE согласно контракту
And клиент не раскрывает скрытые данные и не применяет optimistic UI change"
AC-459,MOD-008,FR-069,[STATE-032/STATE-033/STATE-034] Session/device interruption: операция прекращается без сохранения неподтверждённого состояния,Critical,Security/session,OpenAPI `POST_api_v1_reminders_id_reschedule`; Stage_3_Field_Traceability.csv,"Given access/refresh session или device больше не действительны
When клиент обращается к `POST /api/v1/reminders/{id}/reschedule`
Then сервер возвращает стабильную auth/session/device ошибку
And клиент прекращает команды, очищает запрещённые credentials/cache по политике и переводит пользователя в безопасный login/recovery flow"
AC-460,MOD-008,FR-069,[STATE-007] Validation: fieldErrors сохраняют draft и привязываются к canonical field path,High,Contract/UI,OpenAPI `POST_api_v1_reminders_id_reschedule`; Stage_3_Field_Traceability.csv,"Given пользователь заполнил payload для `POST_api_v1_reminders_id_reschedule` с нарушением DTO constraint
When сервер возвращает VALIDATION_FAILED с fieldErrors
Then draft сохраняется, ошибки связываются с canonical field paths и фокус переходит к первой ошибке"
AC-461,MOD-008,FR-069,[STATE-014/STATE-025] Conflict/precondition: устаревшая или отсутствующая If-Match не приводит к overwrite,Critical,Concurrency/integration,OpenAPI `POST_api_v1_reminders_id_reschedule`; Stage_3_Field_Traceability.csv,"Given серверное состояние изменилось после загрузки клиентом
When клиент отправляет `POST /api/v1/reminders/{id}/reschedule` с устаревшей If-Match
Then сервер отклоняет команду без overwrite
And клиент сохраняет draft и предлагает refresh/compare/reapply или безопасный повтор"
AC-462,MOD-008,FR-069,[STATE-010/STATE-011/STATE-012] Server unavailable/read-only: команда Перепланировать отменённое напоминание не ставится в offline queue,Critical,Desktop/resilience,OpenAPI `POST_api_v1_reminders_id_reschedule`; Stage_3_Field_Traceability.csv,"Given сервер недоступен или приложение находится в read-only cache mode
When пользователь пытается выполнить «Перепланировать отменённое напоминание»
Then команда не отправляется и не помещается в offline business queue
And UI сохраняет допустимый local draft или сообщает, что действие требует соединения"
AC-463,MOD-008,FR-069,[STATE-020] Idempotency: повтор с тем же key/hash не создаёт двойной side effect,Critical,Integration,OpenAPI `POST_api_v1_reminders_id_reschedule`; Stage_3_Field_Traceability.csv,"Given первая команда `POST_api_v1_reminders_id_reschedule` уже принята с idempotency key и payload hash
When клиент безопасно повторяет тот же key и payload
Then сервер возвращает тот же бизнес-результат без второго side effect
And другой payload с тем же key отклоняется как IDEMPOTENCY_KEY_REUSED"
AC-464,MOD-008,FR-070,Happy path: Отложить напоминание,Critical,Contract/integration,OpenAPI `POST_api_v1_reminders_id_snooze`; Stage_3_Field_Traceability.csv,"Given пользователь имеет `Reminder.ManageOwn` и выполнены предусловия
When клиент отправляет `POST /api/v1/reminders/{id}/snooze` с контрактным payload и headers
Then сервер возвращает успешный контрактный ответ
And клиент отображает только authoritative response"
AC-465,MOD-008,FR-070,[STATE-008/STATE-009] Permission denied: Отложить напоминание не выполняется и данные не раскрываются,Critical,Security/authorization,OpenAPI `POST_api_v1_reminders_id_snooze`; Stage_3_Field_Traceability.csv,"Given пользователь аутентифицирован, но не имеет `Reminder.ManageOwn` или требуемой relation
When клиент запрашивает `POST /api/v1/reminders/{id}/snooze`
Then сервер возвращает 403/OBJECT_NOT_VISIBLE согласно контракту
And клиент не раскрывает скрытые данные и не применяет optimistic UI change"
AC-466,MOD-008,FR-070,[STATE-032/STATE-033/STATE-034] Session/device interruption: операция прекращается без сохранения неподтверждённого состояния,Critical,Security/session,OpenAPI `POST_api_v1_reminders_id_snooze`; Stage_3_Field_Traceability.csv,"Given access/refresh session или device больше не действительны
When клиент обращается к `POST /api/v1/reminders/{id}/snooze`
Then сервер возвращает стабильную auth/session/device ошибку
And клиент прекращает команды, очищает запрещённые credentials/cache по политике и переводит пользователя в безопасный login/recovery flow"
AC-467,MOD-008,FR-070,[STATE-007] Validation: fieldErrors сохраняют draft и привязываются к canonical field path,High,Contract/UI,OpenAPI `POST_api_v1_reminders_id_snooze`; Stage_3_Field_Traceability.csv,"Given пользователь заполнил payload для `POST_api_v1_reminders_id_snooze` с нарушением DTO constraint
When сервер возвращает VALIDATION_FAILED с fieldErrors
Then draft сохраняется, ошибки связываются с canonical field paths и фокус переходит к первой ошибке"
AC-468,MOD-008,FR-070,[STATE-014/STATE-025] Conflict/precondition: устаревшая или отсутствующая If-Match не приводит к overwrite,Critical,Concurrency/integration,OpenAPI `POST_api_v1_reminders_id_snooze`; Stage_3_Field_Traceability.csv,"Given серверное состояние изменилось после загрузки клиентом
When клиент отправляет `POST /api/v1/reminders/{id}/snooze` с устаревшей If-Match
Then сервер отклоняет команду без overwrite
And клиент сохраняет draft и предлагает refresh/compare/reapply или безопасный повтор"
AC-469,MOD-008,FR-070,[STATE-010/STATE-011/STATE-012] Server unavailable/read-only: команда Отложить напоминание не ставится в offline queue,Critical,Desktop/resilience,OpenAPI `POST_api_v1_reminders_id_snooze`; Stage_3_Field_Traceability.csv,"Given сервер недоступен или приложение находится в read-only cache mode
When пользователь пытается выполнить «Отложить напоминание»
Then команда не отправляется и не помещается в offline business queue
And UI сохраняет допустимый local draft или сообщает, что действие требует соединения"
AC-470,MOD-008,FR-070,[STATE-020] Idempotency: повтор с тем же key/hash не создаёт двойной side effect,Critical,Integration,OpenAPI `POST_api_v1_reminders_id_snooze`; Stage_3_Field_Traceability.csv,"Given первая команда `POST_api_v1_reminders_id_snooze` уже принята с idempotency key и payload hash
When клиент безопасно повторяет тот же key и payload
Then сервер возвращает тот же бизнес-результат без второго side effect
And другой payload с тем же key отклоняется как IDEMPOTENCY_KEY_REUSED"
AC-471,MOD-009,FR-071,Happy path: Объединённая проекция Task + Event,High,Contract/integration,OpenAPI `GET_api_v1_calendar`; Stage_3_Field_Traceability.csv,
AC-472,MOD-009,FR-071,[STATE-008/STATE-009] Permission denied: Объединённая проекция Task + Event не выполняется и данные не раскрываются,Critical,Security/authorization,OpenAPI `GET_api_v1_calendar`; Stage_3_Field_Traceability.csv,"Given пользователь аутентифицирован, но не имеет `Calendar.Read` или требуемой relation
When клиент запрашивает `GET /api/v1/calendar`
Then сервер возвращает 403/OBJECT_NOT_VISIBLE согласно контракту
And клиент не раскрывает скрытые данные и не применяет optimistic UI change"
AC-473,MOD-009,FR-071,[STATE-032/STATE-033/STATE-034] Session/device interruption: операция прекращается без сохранения неподтверждённого состояния,Critical,Security/session,OpenAPI `GET_api_v1_calendar`; Stage_3_Field_Traceability.csv,"Given access/refresh session или device больше не действительны
When клиент обращается к `GET /api/v1/calendar`
Then сервер возвращает стабильную auth/session/device ошибку
And клиент прекращает команды, очищает запрещённые credentials/cache по политике и переводит пользователя в безопасный login/recovery flow"
AC-474,MOD-009,FR-071,[STATE-007] Validation: fieldErrors сохраняют draft и привязываются к canonical field path,High,Contract/UI,OpenAPI `GET_api_v1_calendar`; Stage_3_Field_Traceability.csv,"Given пользователь заполнил payload для `GET_api_v1_calendar` с нарушением DTO constraint
When сервер возвращает VALIDATION_FAILED с fieldErrors
Then draft сохраняется, ошибки связываются с canonical field paths и фокус переходит к первой ошибке"
AC-475,MOD-009,FR-072,Happy path: Список календарное событие,High,Contract/integration,OpenAPI `GET_api_v1_calendar_events`; Stage_3_Field_Traceability.csv,
AC-476,MOD-009,FR-072,[STATE-008/STATE-009] Permission denied: Список календарное событие не выполняется и данные не раскрываются,Critical,Security/authorization,OpenAPI `GET_api_v1_calendar_events`; Stage_3_Field_Traceability.csv,"Given пользователь аутентифицирован, но не имеет `Calendar.Read` или требуемой relation
When клиент запрашивает `GET /api/v1/calendar-events`
Then сервер возвращает 403/OBJECT_NOT_VISIBLE согласно контракту
And клиент не раскрывает скрытые данные и не применяет optimistic UI change"
AC-477,MOD-009,FR-072,[STATE-032/STATE-033/STATE-034] Session/device interruption: операция прекращается без сохранения неподтверждённого состояния,Critical,Security/session,OpenAPI `GET_api_v1_calendar_events`; Stage_3_Field_Traceability.csv,"Given access/refresh session или device больше не действительны
When клиент обращается к `GET /api/v1/calendar-events`
Then сервер возвращает стабильную auth/session/device ошибку
And клиент прекращает команды, очищает запрещённые credentials/cache по политике и переводит пользователя в безопасный login/recovery flow"
AC-478,MOD-009,FR-073,Happy path: Создать календарное событие,Critical,Contract/integration,OpenAPI `POST_api_v1_calendar_events`; Stage_3_Field_Traceability.csv,"Given пользователь имеет `CalendarEvent.Create` и выполнены предусловия
When клиент отправляет `POST /api/v1/calendar-events` с контрактным payload и headers
Then сервер возвращает успешный контрактный ответ
And клиент отображает только authoritative response"
AC-479,MOD-009,FR-073,[STATE-008/STATE-009] Permission denied: Создать календарное событие не выполняется и данные не раскрываются,Critical,Security/authorization,OpenAPI `POST_api_v1_calendar_events`; Stage_3_Field_Traceability.csv,"Given пользователь аутентифицирован, но не имеет `CalendarEvent.Create` или требуемой relation
When клиент запрашивает `POST /api/v1/calendar-events`
Then сервер возвращает 403/OBJECT_NOT_VISIBLE согласно контракту
And клиент не раскрывает скрытые данные и не применяет optimistic UI change"
AC-480,MOD-009,FR-073,[STATE-032/STATE-033/STATE-034] Session/device interruption: операция прекращается без сохранения неподтверждённого состояния,Critical,Security/session,OpenAPI `POST_api_v1_calendar_events`; Stage_3_Field_Traceability.csv,"Given access/refresh session или device больше не действительны
When клиент обращается к `POST /api/v1/calendar-events`
Then сервер возвращает стабильную auth/session/device ошибку
And клиент прекращает команды, очищает запрещённые credentials/cache по политике и переводит пользователя в безопасный login/recovery flow"
AC-481,MOD-009,FR-073,[STATE-007] Validation: fieldErrors сохраняют draft и привязываются к canonical field path,High,Contract/UI,OpenAPI `POST_api_v1_calendar_events`; Stage_3_Field_Traceability.csv,"Given пользователь заполнил payload для `POST_api_v1_calendar_events` с нарушением DTO constraint
When сервер возвращает VALIDATION_FAILED с fieldErrors
Then draft сохраняется, ошибки связываются с canonical field paths и фокус переходит к первой ошибке"
AC-482,MOD-009,FR-073,[STATE-014/STATE-025] Conflict/precondition: устаревшая или отсутствующая контрактная версия/precondition не приводит к overwrite,Critical,Concurrency/integration,OpenAPI `POST_api_v1_calendar_events`; Stage_3_Field_Traceability.csv,"Given серверное состояние изменилось после загрузки клиентом
When клиент отправляет `POST /api/v1/calendar-events` с устаревшей контрактная версия/precondition
Then сервер отклоняет команду без overwrite
And клиент сохраняет draft и предлагает refresh/compare/reapply или безопасный повтор"
AC-483,MOD-009,FR-073,[STATE-010/STATE-011/STATE-012] Server unavailable/read-only: команда Создать календарное событие не ставится в offline queue,Critical,Desktop/resilience,OpenAPI `POST_api_v1_calendar_events`; Stage_3_Field_Traceability.csv,"Given сервер недоступен или приложение находится в read-only cache mode
When пользователь пытается выполнить «Создать календарное событие»
Then команда не отправляется и не помещается в offline business queue
And UI сохраняет допустимый local draft или сообщает, что действие требует соединения"
AC-484,MOD-009,FR-073,[STATE-020] Idempotency: повтор с тем же key/hash не создаёт двойной side effect,Critical,Integration,OpenAPI `POST_api_v1_calendar_events`; Stage_3_Field_Traceability.csv,"Given первая команда `POST_api_v1_calendar_events` уже принята с idempotency key и payload hash
When клиент безопасно повторяет тот же key и payload
Then сервер возвращает тот же бизнес-результат без второго side effect
And другой payload с тем же key отклоняется как IDEMPOTENCY_KEY_REUSED"
AC-485,MOD-009,FR-074,Happy path: Переместить календарное событие в корзину,Critical,Contract/integration,OpenAPI `DELETE_api_v1_calendar_events_id`; Stage_3_Field_Traceability.csv,"Given пользователь имеет `CalendarEvent.Delete` и выполнены предусловия
When клиент отправляет `DELETE /api/v1/calendar-events/{id}` с контрактным payload и headers
Then сервер возвращает успешный контрактный ответ
And клиент отображает только authoritative response"
AC-486,MOD-009,FR-074,[STATE-008/STATE-009] Permission denied: Переместить календарное событие в корзину не выполняется и данные не раскрываются,Critical,Security/authorization,OpenAPI `DELETE_api_v1_calendar_events_id`; Stage_3_Field_Traceability.csv,"Given пользователь аутентифицирован, но не имеет `CalendarEvent.Delete` или требуемой relation
When клиент запрашивает `DELETE /api/v1/calendar-events/{id}`
Then сервер возвращает 403/OBJECT_NOT_VISIBLE согласно контракту
And клиент не раскрывает скрытые данные и не применяет optimistic UI change"
AC-487,MOD-009,FR-074,[STATE-032/STATE-033/STATE-034] Session/device interruption: операция прекращается без сохранения неподтверждённого состояния,Critical,Security/session,OpenAPI `DELETE_api_v1_calendar_events_id`; Stage_3_Field_Traceability.csv,"Given access/refresh session или device больше не действительны
When клиент обращается к `DELETE /api/v1/calendar-events/{id}`
Then сервер возвращает стабильную auth/session/device ошибку
And клиент прекращает команды, очищает запрещённые credentials/cache по политике и переводит пользователя в безопасный login/recovery flow"
AC-488,MOD-009,FR-074,[STATE-014/STATE-025] Conflict/precondition: устаревшая или отсутствующая If-Match не приводит к overwrite,Critical,Concurrency/integration,OpenAPI `DELETE_api_v1_calendar_events_id`; Stage_3_Field_Traceability.csv,"Given серверное состояние изменилось после загрузки клиентом
When клиент отправляет `DELETE /api/v1/calendar-events/{id}` с устаревшей If-Match
Then сервер отклоняет команду без overwrite
And клиент сохраняет draft и предлагает refresh/compare/reapply или безопасный повтор"
AC-489,MOD-009,FR-074,[STATE-010/STATE-011/STATE-012] Server unavailable/read-only: команда Переместить календарное событие в корзину не ставится в offline queue,Critical,Desktop/resilience,OpenAPI `DELETE_api_v1_calendar_events_id`; Stage_3_Field_Traceability.csv,"Given сервер недоступен или приложение находится в read-only cache mode
When пользователь пытается выполнить «Переместить календарное событие в корзину»
Then команда не отправляется и не помещается в offline business queue
And UI сохраняет допустимый local draft или сообщает, что действие требует соединения"
AC-490,MOD-009,FR-074,[STATE-018] Удалённый объект: команда не применяется к trashed target и не создаёт новый объект,High,Lifecycle/integration,OpenAPI `DELETE_api_v1_calendar_events_id`; Stage_3_Field_Traceability.csv,"Given target object был перемещён в Trash или удалён после загрузки
When выполняется `DELETE /api/v1/calendar-events/{id}`
Then сервер возвращает OBJECT_DELETED/OBJECT_NOT_VISIBLE согласно текущим правам
And клиент не восстанавливает optimistic state и предлагает только разрешённый restore/open Trash"
AC-491,MOD-009,FR-075,Happy path: Получить календарное событие,High,Contract/integration,OpenAPI `GET_api_v1_calendar_events_id`; Stage_3_Field_Traceability.csv,
AC-492,MOD-009,FR-075,[STATE-008/STATE-009] Permission denied: Получить календарное событие не выполняется и данные не раскрываются,Critical,Security/authorization,OpenAPI `GET_api_v1_calendar_events_id`; Stage_3_Field_Traceability.csv,"Given пользователь аутентифицирован, но не имеет `Calendar.Read` или требуемой relation
When клиент запрашивает `GET /api/v1/calendar-events/{id}`
Then сервер возвращает 403/OBJECT_NOT_VISIBLE согласно контракту
And клиент не раскрывает скрытые данные и не применяет optimistic UI change"
AC-493,MOD-009,FR-075,[STATE-032/STATE-033/STATE-034] Session/device interruption: операция прекращается без сохранения неподтверждённого состояния,Critical,Security/session,OpenAPI `GET_api_v1_calendar_events_id`; Stage_3_Field_Traceability.csv,"Given access/refresh session или device больше не действительны
When клиент обращается к `GET /api/v1/calendar-events/{id}`
Then сервер возвращает стабильную auth/session/device ошибку
And клиент прекращает команды, очищает запрещённые credentials/cache по политике и переводит пользователя в безопасный login/recovery flow"
AC-494,MOD-009,FR-076,Happy path: Изменить календарное событие,Critical,Contract/integration,OpenAPI `PATCH_api_v1_calendar_events_id`; Stage_3_Field_Traceability.csv,"Given пользователь имеет `CalendarEvent.Update` и выполнены предусловия
When клиент отправляет `PATCH /api/v1/calendar-events/{id}` с контрактным payload и headers
Then сервер возвращает успешный контрактный ответ
And клиент отображает только authoritative response"
AC-495,MOD-009,FR-076,[STATE-008/STATE-009] Permission denied: Изменить календарное событие не выполняется и данные не раскрываются,Critical,Security/authorization,OpenAPI `PATCH_api_v1_calendar_events_id`; Stage_3_Field_Traceability.csv,"Given пользователь аутентифицирован, но не имеет `CalendarEvent.Update` или требуемой relation
When клиент запрашивает `PATCH /api/v1/calendar-events/{id}`
Then сервер возвращает 403/OBJECT_NOT_VISIBLE согласно контракту
And клиент не раскрывает скрытые данные и не применяет optimistic UI change"
AC-496,MOD-009,FR-076,[STATE-032/STATE-033/STATE-034] Session/device interruption: операция прекращается без сохранения неподтверждённого состояния,Critical,Security/session,OpenAPI `PATCH_api_v1_calendar_events_id`; Stage_3_Field_Traceability.csv,"Given access/refresh session или device больше не действительны
When клиент обращается к `PATCH /api/v1/calendar-events/{id}`
Then сервер возвращает стабильную auth/session/device ошибку
And клиент прекращает команды, очищает запрещённые credentials/cache по политике и переводит пользователя в безопасный login/recovery flow"
AC-497,MOD-009,FR-076,[STATE-007] Validation: fieldErrors сохраняют draft и привязываются к canonical field path,High,Contract/UI,OpenAPI `PATCH_api_v1_calendar_events_id`; Stage_3_Field_Traceability.csv,"Given пользователь заполнил payload для `PATCH_api_v1_calendar_events_id` с нарушением DTO constraint
When сервер возвращает VALIDATION_FAILED с fieldErrors
Then draft сохраняется, ошибки связываются с canonical field paths и фокус переходит к первой ошибке"
AC-498,MOD-009,FR-076,[STATE-014/STATE-025] Conflict/precondition: устаревшая или отсутствующая If-Match не приводит к overwrite,Critical,Concurrency/integration,OpenAPI `PATCH_api_v1_calendar_events_id`; Stage_3_Field_Traceability.csv,"Given серверное состояние изменилось после загрузки клиентом
When клиент отправляет `PATCH /api/v1/calendar-events/{id}` с устаревшей If-Match
Then сервер отклоняет команду без overwrite
And клиент сохраняет draft и предлагает refresh/compare/reapply или безопасный повтор"
AC-499,MOD-009,FR-076,[STATE-010/STATE-011/STATE-012] Server unavailable/read-only: команда Изменить календарное событие не ставится в offline queue,Critical,Desktop/resilience,OpenAPI `PATCH_api_v1_calendar_events_id`; Stage_3_Field_Traceability.csv,"Given сервер недоступен или приложение находится в read-only cache mode
When пользователь пытается выполнить «Изменить календарное событие»
Then команда не отправляется и не помещается в offline business queue
And UI сохраняет допустимый local draft или сообщает, что действие требует соединения"
AC-500,MOD-009,FR-076,[STATE-018] Удалённый объект: команда не применяется к trashed target и не создаёт новый объект,High,Lifecycle/integration,OpenAPI `PATCH_api_v1_calendar_events_id`; Stage_3_Field_Traceability.csv,"Given target object был перемещён в Trash или удалён после загрузки
When выполняется `PATCH /api/v1/calendar-events/{id}`
Then сервер возвращает OBJECT_DELETED/OBJECT_NOT_VISIBLE согласно текущим правам
And клиент не восстанавливает optimistic state и предлагает только разрешённый restore/open Trash"
AC-501,MOD-009,FR-077,[STATE-017] Happy path: Архивировать календарное событие,Critical,Contract/integration,OpenAPI `POST_api_v1_calendar_events_id_archive`; Stage_3_Field_Traceability.csv,"Given пользователь имеет `CalendarEvent.Update` и выполнены предусловия
When клиент отправляет `POST /api/v1/calendar-events/{id}/archive` с контрактным payload и headers
Then сервер возвращает успешный контрактный ответ
And клиент отображает только authoritative response"
AC-502,MOD-009,FR-077,[STATE-008/STATE-009/STATE-017] Permission denied: Архивировать календарное событие не выполняется и данные не раскрываются,Critical,Security/authorization,OpenAPI `POST_api_v1_calendar_events_id_archive`; Stage_3_Field_Traceability.csv,"Given пользователь аутентифицирован, но не имеет `CalendarEvent.Update` или требуемой relation
When клиент запрашивает `POST /api/v1/calendar-events/{id}/archive`
Then сервер возвращает 403/OBJECT_NOT_VISIBLE согласно контракту
And клиент не раскрывает скрытые данные и не применяет optimistic UI change"
AC-503,MOD-009,FR-077,[STATE-017/STATE-032/STATE-033/STATE-034] Session/device interruption: операция прекращается без сохранения неподтверждённого состояния,Critical,Security/session,OpenAPI `POST_api_v1_calendar_events_id_archive`; Stage_3_Field_Traceability.csv,"Given access/refresh session или device больше не действительны
When клиент обращается к `POST /api/v1/calendar-events/{id}/archive`
Then сервер возвращает стабильную auth/session/device ошибку
And клиент прекращает команды, очищает запрещённые credentials/cache по политике и переводит пользователя в безопасный login/recovery flow"
AC-504,MOD-009,FR-077,[STATE-007/STATE-017] Validation: fieldErrors сохраняют draft и привязываются к canonical field path,High,Contract/UI,OpenAPI `POST_api_v1_calendar_events_id_archive`; Stage_3_Field_Traceability.csv,"Given пользователь заполнил payload для `POST_api_v1_calendar_events_id_archive` с нарушением DTO constraint
When сервер возвращает VALIDATION_FAILED с fieldErrors
Then draft сохраняется, ошибки связываются с canonical field paths и фокус переходит к первой ошибке"
AC-505,MOD-009,FR-077,[STATE-014/STATE-017/STATE-025] Conflict/precondition: устаревшая или отсутствующая If-Match не приводит к overwrite,Critical,Concurrency/integration,OpenAPI `POST_api_v1_calendar_events_id_archive`; Stage_3_Field_Traceability.csv,"Given серверное состояние изменилось после загрузки клиентом
When клиент отправляет `POST /api/v1/calendar-events/{id}/archive` с устаревшей If-Match
Then сервер отклоняет команду без overwrite
And клиент сохраняет draft и предлагает refresh/compare/reapply или безопасный повтор"
AC-506,MOD-009,FR-077,[STATE-010/STATE-011/STATE-012] Server unavailable/read-only: команда Архивировать календарное событие не ставится в offline queue,Critical,Desktop/resilience,OpenAPI `POST_api_v1_calendar_events_id_archive`; Stage_3_Field_Traceability.csv,"Given сервер недоступен или приложение находится в read-only cache mode
When пользователь пытается выполнить «Архивировать календарное событие»
Then команда не отправляется и не помещается в offline business queue
And UI сохраняет допустимый local draft или сообщает, что действие требует соединения"
AC-507,MOD-009,FR-077,[STATE-017/STATE-020] Idempotency: повтор с тем же key/hash не создаёт двойной side effect,Critical,Integration,OpenAPI `POST_api_v1_calendar_events_id_archive`; Stage_3_Field_Traceability.csv,"Given первая команда `POST_api_v1_calendar_events_id_archive` уже принята с idempotency key и payload hash
When клиент безопасно повторяет тот же key и payload
Then сервер возвращает тот же бизнес-результат без второго side effect
And другой payload с тем же key отклоняется как IDEMPOTENCY_KEY_REUSED"
AC-508,MOD-009,FR-077,[STATE-018] Удалённый объект: команда не применяется к trashed target и не создаёт новый объект,High,Lifecycle/integration,OpenAPI `POST_api_v1_calendar_events_id_archive`; Stage_3_Field_Traceability.csv,"Given target object был перемещён в Trash или удалён после загрузки
When выполняется `POST /api/v1/calendar-events/{id}/archive`
Then сервер возвращает OBJECT_DELETED/OBJECT_NOT_VISIBLE согласно текущим правам
And клиент не восстанавливает optimistic state и предлагает только разрешённый restore/open Trash"
AC-509,MOD-009,FR-078,Happy path: Заменить участников события,Critical,Contract/integration,OpenAPI `PUT_api_v1_calendar_events_id_attendees`; Stage_3_Field_Traceability.csv,"Given пользователь имеет `CalendarEvent.Update` и выполнены предусловия
When клиент отправляет `PUT /api/v1/calendar-events/{id}/attendees` с контрактным payload и headers
Then сервер возвращает успешный контрактный ответ
And клиент отображает только authoritative response"
AC-510,MOD-009,FR-078,[STATE-008/STATE-009] Permission denied: Заменить участников события не выполняется и данные не раскрываются,Critical,Security/authorization,OpenAPI `PUT_api_v1_calendar_events_id_attendees`; Stage_3_Field_Traceability.csv,"Given пользователь аутентифицирован, но не имеет `CalendarEvent.Update` или требуемой relation
When клиент запрашивает `PUT /api/v1/calendar-events/{id}/attendees`
Then сервер возвращает 403/OBJECT_NOT_VISIBLE согласно контракту
And клиент не раскрывает скрытые данные и не применяет optimistic UI change"
AC-511,MOD-009,FR-078,[STATE-032/STATE-033/STATE-034] Session/device interruption: операция прекращается без сохранения неподтверждённого состояния,Critical,Security/session,OpenAPI `PUT_api_v1_calendar_events_id_attendees`; Stage_3_Field_Traceability.csv,"Given access/refresh session или device больше не действительны
When клиент обращается к `PUT /api/v1/calendar-events/{id}/attendees`
Then сервер возвращает стабильную auth/session/device ошибку
And клиент прекращает команды, очищает запрещённые credentials/cache по политике и переводит пользователя в безопасный login/recovery flow"
AC-512,MOD-009,FR-078,[STATE-007] Validation: fieldErrors сохраняют draft и привязываются к canonical field path,High,Contract/UI,OpenAPI `PUT_api_v1_calendar_events_id_attendees`; Stage_3_Field_Traceability.csv,"Given пользователь заполнил payload для `PUT_api_v1_calendar_events_id_attendees` с нарушением DTO constraint
When сервер возвращает VALIDATION_FAILED с fieldErrors
Then draft сохраняется, ошибки связываются с canonical field paths и фокус переходит к первой ошибке"
AC-513,MOD-009,FR-078,[STATE-014/STATE-025] Conflict/precondition: устаревшая или отсутствующая If-Match не приводит к overwrite,Critical,Concurrency/integration,OpenAPI `PUT_api_v1_calendar_events_id_attendees`; Stage_3_Field_Traceability.csv,"Given серверное состояние изменилось после загрузки клиентом
When клиент отправляет `PUT /api/v1/calendar-events/{id}/attendees` с устаревшей If-Match
Then сервер отклоняет команду без overwrite
And клиент сохраняет draft и предлагает refresh/compare/reapply или безопасный повтор"
AC-514,MOD-009,FR-078,[STATE-010/STATE-011/STATE-012] Server unavailable/read-only: команда Заменить участников события не ставится в offline queue,Critical,Desktop/resilience,OpenAPI `PUT_api_v1_calendar_events_id_attendees`; Stage_3_Field_Traceability.csv,"Given сервер недоступен или приложение находится в read-only cache mode
When пользователь пытается выполнить «Заменить участников события»
Then команда не отправляется и не помещается в offline business queue
And UI сохраняет допустимый local draft или сообщает, что действие требует соединения"
AC-515,MOD-009,FR-078,[STATE-020] Idempotency: повтор с тем же key/hash не создаёт двойной side effect,Critical,Integration,OpenAPI `PUT_api_v1_calendar_events_id_attendees`; Stage_3_Field_Traceability.csv,"Given первая команда `PUT_api_v1_calendar_events_id_attendees` уже принята с idempotency key и payload hash
When клиент безопасно повторяет тот же key и payload
Then сервер возвращает тот же бизнес-результат без второго side effect
And другой payload с тем же key отклоняется как IDEMPOTENCY_KEY_REUSED"
AC-516,MOD-009,FR-078,[STATE-018] Удалённый объект: команда не применяется к trashed target и не создаёт новый объект,High,Lifecycle/integration,OpenAPI `PUT_api_v1_calendar_events_id_attendees`; Stage_3_Field_Traceability.csv,"Given target object был перемещён в Trash или удалён после загрузки
When выполняется `PUT /api/v1/calendar-events/{id}/attendees`
Then сервер возвращает OBJECT_DELETED/OBJECT_NOT_VISIBLE согласно текущим правам
And клиент не восстанавливает optimistic state и предлагает только разрешённый restore/open Trash"
AC-517,MOD-009,FR-079,Happy path: Ответить на приглашение,Critical,Contract/integration,OpenAPI `POST_api_v1_calendar_events_id_respond`; Stage_3_Field_Traceability.csv,"Given пользователь имеет `CalendarEvent.Respond` и выполнены предусловия
When клиент отправляет `POST /api/v1/calendar-events/{id}/respond` с контрактным payload и headers
Then сервер возвращает успешный контрактный ответ
And клиент отображает только authoritative response"
AC-518,MOD-009,FR-079,[STATE-008/STATE-009] Permission denied: Ответить на приглашение не выполняется и данные не раскрываются,Critical,Security/authorization,OpenAPI `POST_api_v1_calendar_events_id_respond`; Stage_3_Field_Traceability.csv,"Given пользователь аутентифицирован, но не имеет `CalendarEvent.Respond` или требуемой relation
When клиент запрашивает `POST /api/v1/calendar-events/{id}/respond`
Then сервер возвращает 403/OBJECT_NOT_VISIBLE согласно контракту
And клиент не раскрывает скрытые данные и не применяет optimistic UI change"
AC-519,MOD-009,FR-079,[STATE-032/STATE-033/STATE-034] Session/device interruption: операция прекращается без сохранения неподтверждённого состояния,Critical,Security/session,OpenAPI `POST_api_v1_calendar_events_id_respond`; Stage_3_Field_Traceability.csv,"Given access/refresh session или device больше не действительны
When клиент обращается к `POST /api/v1/calendar-events/{id}/respond`
Then сервер возвращает стабильную auth/session/device ошибку
And клиент прекращает команды, очищает запрещённые credentials/cache по политике и переводит пользователя в безопасный login/recovery flow"
AC-520,MOD-009,FR-079,[STATE-007] Validation: fieldErrors сохраняют draft и привязываются к canonical field path,High,Contract/UI,OpenAPI `POST_api_v1_calendar_events_id_respond`; Stage_3_Field_Traceability.csv,"Given пользователь заполнил payload для `POST_api_v1_calendar_events_id_respond` с нарушением DTO constraint
When сервер возвращает VALIDATION_FAILED с fieldErrors
Then draft сохраняется, ошибки связываются с canonical field paths и фокус переходит к первой ошибке"
AC-521,MOD-009,FR-079,[STATE-014/STATE-025] Conflict/precondition: устаревшая или отсутствующая If-Match не приводит к overwrite,Critical,Concurrency/integration,OpenAPI `POST_api_v1_calendar_events_id_respond`; Stage_3_Field_Traceability.csv,"Given серверное состояние изменилось после загрузки клиентом
When клиент отправляет `POST /api/v1/calendar-events/{id}/respond` с устаревшей If-Match
Then сервер отклоняет команду без overwrite
And клиент сохраняет draft и предлагает refresh/compare/reapply или безопасный повтор"
AC-522,MOD-009,FR-079,[STATE-010/STATE-011/STATE-012] Server unavailable/read-only: команда Ответить на приглашение не ставится в offline queue,Critical,Desktop/resilience,OpenAPI `POST_api_v1_calendar_events_id_respond`; Stage_3_Field_Traceability.csv,"Given сервер недоступен или приложение находится в read-only cache mode
When пользователь пытается выполнить «Ответить на приглашение»
Then команда не отправляется и не помещается в offline business queue
And UI сохраняет допустимый local draft или сообщает, что действие требует соединения"
AC-523,MOD-009,FR-079,[STATE-020] Idempotency: повтор с тем же key/hash не создаёт двойной side effect,Critical,Integration,OpenAPI `POST_api_v1_calendar_events_id_respond`; Stage_3_Field_Traceability.csv,"Given первая команда `POST_api_v1_calendar_events_id_respond` уже принята с idempotency key и payload hash
When клиент безопасно повторяет тот же key и payload
Then сервер возвращает тот же бизнес-результат без второго side effect
And другой payload с тем же key отклоняется как IDEMPOTENCY_KEY_REUSED"
AC-524,MOD-009,FR-079,[STATE-018] Удалённый объект: команда не применяется к trashed target и не создаёт новый объект,High,Lifecycle/integration,OpenAPI `POST_api_v1_calendar_events_id_respond`; Stage_3_Field_Traceability.csv,"Given target object был перемещён в Trash или удалён после загрузки
When выполняется `POST /api/v1/calendar-events/{id}/respond`
Then сервер возвращает OBJECT_DELETED/OBJECT_NOT_VISIBLE согласно текущим правам
And клиент не восстанавливает optimistic state и предлагает только разрешённый restore/open Trash"
AC-525,MOD-009,FR-080,[STATE-018] Happy path: Восстановить календарное событие,Critical,Contract/integration,OpenAPI `POST_api_v1_calendar_events_id_restore`; Stage_3_Field_Traceability.csv,"Given пользователь имеет `CalendarEvent.Delete` и выполнены предусловия
When клиент отправляет `POST /api/v1/calendar-events/{id}/restore` с контрактным payload и headers
Then сервер возвращает успешный контрактный ответ
And клиент отображает только authoritative response"
AC-526,MOD-009,FR-080,[STATE-008/STATE-009/STATE-018] Permission denied: Восстановить календарное событие не выполняется и данные не раскрываются,Critical,Security/authorization,OpenAPI `POST_api_v1_calendar_events_id_restore`; Stage_3_Field_Traceability.csv,"Given пользователь аутентифицирован, но не имеет `CalendarEvent.Delete` или требуемой relation
When клиент запрашивает `POST /api/v1/calendar-events/{id}/restore`
Then сервер возвращает 403/OBJECT_NOT_VISIBLE согласно контракту
And клиент не раскрывает скрытые данные и не применяет optimistic UI change"
AC-527,MOD-009,FR-080,[STATE-018/STATE-032/STATE-033/STATE-034] Session/device interruption: операция прекращается без сохранения неподтверждённого состояния,Critical,Security/session,OpenAPI `POST_api_v1_calendar_events_id_restore`; Stage_3_Field_Traceability.csv,"Given access/refresh session или device больше не действительны
When клиент обращается к `POST /api/v1/calendar-events/{id}/restore`
Then сервер возвращает стабильную auth/session/device ошибку
And клиент прекращает команды, очищает запрещённые credentials/cache по политике и переводит пользователя в безопасный login/recovery flow"
AC-528,MOD-009,FR-080,[STATE-007/STATE-018] Validation: fieldErrors сохраняют draft и привязываются к canonical field path,High,Contract/UI,OpenAPI `POST_api_v1_calendar_events_id_restore`; Stage_3_Field_Traceability.csv,"Given пользователь заполнил payload для `POST_api_v1_calendar_events_id_restore` с нарушением DTO constraint
When сервер возвращает VALIDATION_FAILED с fieldErrors
Then draft сохраняется, ошибки связываются с canonical field paths и фокус переходит к первой ошибке"
AC-529,MOD-009,FR-080,[STATE-014/STATE-018/STATE-025] Conflict/precondition: устаревшая или отсутствующая If-Match не приводит к overwrite,Critical,Concurrency/integration,OpenAPI `POST_api_v1_calendar_events_id_restore`; Stage_3_Field_Traceability.csv,"Given серверное состояние изменилось после загрузки клиентом
When клиент отправляет `POST /api/v1/calendar-events/{id}/restore` с устаревшей If-Match
Then сервер отклоняет команду без overwrite
And клиент сохраняет draft и предлагает refresh/compare/reapply или безопасный повтор"
AC-530,MOD-009,FR-080,[STATE-010/STATE-011/STATE-012] Server unavailable/read-only: команда Восстановить календарное событие не ставится в offline queue,Critical,Desktop/resilience,OpenAPI `POST_api_v1_calendar_events_id_restore`; Stage_3_Field_Traceability.csv,"Given сервер недоступен или приложение находится в read-only cache mode
When пользователь пытается выполнить «Восстановить календарное событие»
Then команда не отправляется и не помещается в offline business queue
And UI сохраняет допустимый local draft или сообщает, что действие требует соединения"
AC-531,MOD-009,FR-080,[STATE-018/STATE-020] Idempotency: повтор с тем же key/hash не создаёт двойной side effect,Critical,Integration,OpenAPI `POST_api_v1_calendar_events_id_restore`; Stage_3_Field_Traceability.csv,"Given первая команда `POST_api_v1_calendar_events_id_restore` уже принята с idempotency key и payload hash
When клиент безопасно повторяет тот же key и payload
Then сервер возвращает тот же бизнес-результат без второго side effect
And другой payload с тем же key отклоняется как IDEMPOTENCY_KEY_REUSED"
AC-532,MOD-009,FR-080,[STATE-018] Удалённый объект: команда не применяется к trashed target и не создаёт новый объект,High,Lifecycle/integration,OpenAPI `POST_api_v1_calendar_events_id_restore`; Stage_3_Field_Traceability.csv,"Given target object был перемещён в Trash или удалён после загрузки
When выполняется `POST /api/v1/calendar-events/{id}/restore`
Then сервер возвращает OBJECT_DELETED/OBJECT_NOT_VISIBLE согласно текущим правам
And клиент не восстанавливает optimistic state и предлагает только разрешённый restore/open Trash"
AC-533,MOD-009,FR-081,[STATE-017] Happy path: Вернуть календарное событие из архива,Critical,Contract/integration,OpenAPI `POST_api_v1_calendar_events_id_unarchive`; Stage_3_Field_Traceability.csv,"Given пользователь имеет `CalendarEvent.Update` и выполнены предусловия
When клиент отправляет `POST /api/v1/calendar-events/{id}/unarchive` с контрактным payload и headers
Then сервер возвращает успешный контрактный ответ
And клиент отображает только authoritative response"
AC-534,MOD-009,FR-081,[STATE-008/STATE-009/STATE-017] Permission denied: Вернуть календарное событие из архива не выполняется и данные не раскрываются,Critical,Security/authorization,OpenAPI `POST_api_v1_calendar_events_id_unarchive`; Stage_3_Field_Traceability.csv,"Given пользователь аутентифицирован, но не имеет `CalendarEvent.Update` или требуемой relation
When клиент запрашивает `POST /api/v1/calendar-events/{id}/unarchive`
Then сервер возвращает 403/OBJECT_NOT_VISIBLE согласно контракту
And клиент не раскрывает скрытые данные и не применяет optimistic UI change"
AC-535,MOD-009,FR-081,[STATE-017/STATE-032/STATE-033/STATE-034] Session/device interruption: операция прекращается без сохранения неподтверждённого состояния,Critical,Security/session,OpenAPI `POST_api_v1_calendar_events_id_unarchive`; Stage_3_Field_Traceability.csv,"Given access/refresh session или device больше не действительны
When клиент обращается к `POST /api/v1/calendar-events/{id}/unarchive`
Then сервер возвращает стабильную auth/session/device ошибку
And клиент прекращает команды, очищает запрещённые credentials/cache по политике и переводит пользователя в безопасный login/recovery flow"
AC-536,MOD-009,FR-081,[STATE-014/STATE-017/STATE-025] Conflict/precondition: устаревшая или отсутствующая If-Match не приводит к overwrite,Critical,Concurrency/integration,OpenAPI `POST_api_v1_calendar_events_id_unarchive`; Stage_3_Field_Traceability.csv,"Given серверное состояние изменилось после загрузки клиентом
When клиент отправляет `POST /api/v1/calendar-events/{id}/unarchive` с устаревшей If-Match
Then сервер отклоняет команду без overwrite
And клиент сохраняет draft и предлагает refresh/compare/reapply или безопасный повтор"
AC-537,MOD-009,FR-081,[STATE-010/STATE-011/STATE-012] Server unavailable/read-only: команда Вернуть календарное событие из архива не ставится в offline queue,Critical,Desktop/resilience,OpenAPI `POST_api_v1_calendar_events_id_unarchive`; Stage_3_Field_Traceability.csv,"Given сервер недоступен или приложение находится в read-only cache mode
When пользователь пытается выполнить «Вернуть календарное событие из архива»
Then команда не отправляется и не помещается в offline business queue
And UI сохраняет допустимый local draft или сообщает, что действие требует соединения"
AC-538,MOD-009,FR-081,[STATE-018] Удалённый объект: команда не применяется к trashed target и не создаёт новый объект,High,Lifecycle/integration,OpenAPI `POST_api_v1_calendar_events_id_unarchive`; Stage_3_Field_Traceability.csv,"Given target object был перемещён в Trash или удалён после загрузки
When выполняется `POST /api/v1/calendar-events/{id}/unarchive`
Then сервер возвращает OBJECT_DELETED/OBJECT_NOT_VISIBLE согласно текущим правам
And клиент не восстанавливает optimistic state и предлагает только разрешённый restore/open Trash"
AC-539,MOD-009,FR-082,Happy path: Пересечения расписания,High,Contract/integration,OpenAPI `GET_api_v1_calendar_conflicts`; Stage_3_Field_Traceability.csv,
AC-540,MOD-009,FR-082,[STATE-008/STATE-009] Permission denied: Пересечения расписания не выполняется и данные не раскрываются,Critical,Security/authorization,OpenAPI `GET_api_v1_calendar_conflicts`; Stage_3_Field_Traceability.csv,"Given пользователь аутентифицирован, но не имеет `Calendar.Read` или требуемой relation
When клиент запрашивает `GET /api/v1/calendar/conflicts`
Then сервер возвращает 403/OBJECT_NOT_VISIBLE согласно контракту
And клиент не раскрывает скрытые данные и не применяет optimistic UI change"
AC-541,MOD-009,FR-082,[STATE-032/STATE-033/STATE-034] Session/device interruption: операция прекращается без сохранения неподтверждённого состояния,Critical,Security/session,OpenAPI `GET_api_v1_calendar_conflicts`; Stage_3_Field_Traceability.csv,"Given access/refresh session или device больше не действительны
When клиент обращается к `GET /api/v1/calendar/conflicts`
Then сервер возвращает стабильную auth/session/device ошибку
And клиент прекращает команды, очищает запрещённые credentials/cache по политике и переводит пользователя в безопасный login/recovery flow"
AC-542,MOD-009,FR-082,[STATE-007] Validation: fieldErrors сохраняют draft и привязываются к canonical field path,High,Contract/UI,OpenAPI `GET_api_v1_calendar_conflicts`; Stage_3_Field_Traceability.csv,"Given пользователь заполнил payload для `GET_api_v1_calendar_conflicts` с нарушением DTO constraint
When сервер возвращает VALIDATION_FAILED с fieldErrors
Then draft сохраняется, ошибки связываются с canonical field paths и фокус переходит к первой ошибке"
AC-543,MOD-010,FR-083,Happy path: Список проект,High,Contract/integration,OpenAPI `GET_api_v1_projects`; Stage_3_Field_Traceability.csv,
AC-544,MOD-010,FR-083,[STATE-008/STATE-009] Permission denied: Список проект не выполняется и данные не раскрываются,Critical,Security/authorization,OpenAPI `GET_api_v1_projects`; Stage_3_Field_Traceability.csv,"Given пользователь аутентифицирован, но не имеет `Project.Read` или требуемой relation
When клиент запрашивает `GET /api/v1/projects`
Then сервер возвращает 403/OBJECT_NOT_VISIBLE согласно контракту
And клиент не раскрывает скрытые данные и не применяет optimistic UI change"
AC-545,MOD-010,FR-083,[STATE-032/STATE-033/STATE-034] Session/device interruption: операция прекращается без сохранения неподтверждённого состояния,Critical,Security/session,OpenAPI `GET_api_v1_projects`; Stage_3_Field_Traceability.csv,"Given access/refresh session или device больше не действительны
When клиент обращается к `GET /api/v1/projects`
Then сервер возвращает стабильную auth/session/device ошибку
And клиент прекращает команды, очищает запрещённые credentials/cache по политике и переводит пользователя в безопасный login/recovery flow"
AC-546,MOD-010,FR-084,Happy path: Создать проект,Critical,Contract/integration,OpenAPI `POST_api_v1_projects`; Stage_3_Field_Traceability.csv,"Given пользователь имеет `Project.Create` и выполнены предусловия
When клиент отправляет `POST /api/v1/projects` с контрактным payload и headers
Then сервер возвращает успешный контрактный ответ
And клиент отображает только authoritative response"
AC-547,MOD-010,FR-084,[STATE-008/STATE-009] Permission denied: Создать проект не выполняется и данные не раскрываются,Critical,Security/authorization,OpenAPI `POST_api_v1_projects`; Stage_3_Field_Traceability.csv,"Given пользователь аутентифицирован, но не имеет `Project.Create` или требуемой relation
When клиент запрашивает `POST /api/v1/projects`
Then сервер возвращает 403/OBJECT_NOT_VISIBLE согласно контракту
And клиент не раскрывает скрытые данные и не применяет optimistic UI change"
AC-548,MOD-010,FR-084,[STATE-032/STATE-033/STATE-034] Session/device interruption: операция прекращается без сохранения неподтверждённого состояния,Critical,Security/session,OpenAPI `POST_api_v1_projects`; Stage_3_Field_Traceability.csv,"Given access/refresh session или device больше не действительны
When клиент обращается к `POST /api/v1/projects`
Then сервер возвращает стабильную auth/session/device ошибку
And клиент прекращает команды, очищает запрещённые credentials/cache по политике и переводит пользователя в безопасный login/recovery flow"
AC-549,MOD-010,FR-084,[STATE-007] Validation: fieldErrors сохраняют draft и привязываются к canonical field path,High,Contract/UI,OpenAPI `POST_api_v1_projects`; Stage_3_Field_Traceability.csv,"Given пользователь заполнил payload для `POST_api_v1_projects` с нарушением DTO constraint
When сервер возвращает VALIDATION_FAILED с fieldErrors
Then draft сохраняется, ошибки связываются с canonical field paths и фокус переходит к первой ошибке"
AC-550,MOD-010,FR-084,[STATE-014/STATE-025] Conflict/precondition: устаревшая или отсутствующая контрактная версия/precondition не приводит к overwrite,Critical,Concurrency/integration,OpenAPI `POST_api_v1_projects`; Stage_3_Field_Traceability.csv,"Given серверное состояние изменилось после загрузки клиентом
When клиент отправляет `POST /api/v1/projects` с устаревшей контрактная версия/precondition
Then сервер отклоняет команду без overwrite
And клиент сохраняет draft и предлагает refresh/compare/reapply или безопасный повтор"
AC-551,MOD-010,FR-084,[STATE-010/STATE-011/STATE-012] Server unavailable/read-only: команда Создать проект не ставится в offline queue,Critical,Desktop/resilience,OpenAPI `POST_api_v1_projects`; Stage_3_Field_Traceability.csv,"Given сервер недоступен или приложение находится в read-only cache mode
When пользователь пытается выполнить «Создать проект»
Then команда не отправляется и не помещается в offline business queue
And UI сохраняет допустимый local draft или сообщает, что действие требует соединения"
AC-552,MOD-010,FR-084,[STATE-020] Idempotency: повтор с тем же key/hash не создаёт двойной side effect,Critical,Integration,OpenAPI `POST_api_v1_projects`; Stage_3_Field_Traceability.csv,"Given первая команда `POST_api_v1_projects` уже принята с idempotency key и payload hash
When клиент безопасно повторяет тот же key и payload
Then сервер возвращает тот же бизнес-результат без второго side effect
And другой payload с тем же key отклоняется как IDEMPOTENCY_KEY_REUSED"
AC-553,MOD-010,FR-085,Happy path: Переместить проект в корзину,Critical,Contract/integration,OpenAPI `DELETE_api_v1_projects_id`; Stage_3_Field_Traceability.csv,"Given пользователь имеет `Project.Delete` и выполнены предусловия
When клиент отправляет `DELETE /api/v1/projects/{id}` с контрактным payload и headers
Then сервер возвращает успешный контрактный ответ
And клиент отображает только authoritative response"
AC-554,MOD-010,FR-085,[STATE-008/STATE-009] Permission denied: Переместить проект в корзину не выполняется и данные не раскрываются,Critical,Security/authorization,OpenAPI `DELETE_api_v1_projects_id`; Stage_3_Field_Traceability.csv,"Given пользователь аутентифицирован, но не имеет `Project.Delete` или требуемой relation
When клиент запрашивает `DELETE /api/v1/projects/{id}`
Then сервер возвращает 403/OBJECT_NOT_VISIBLE согласно контракту
And клиент не раскрывает скрытые данные и не применяет optimistic UI change"
AC-555,MOD-010,FR-085,[STATE-032/STATE-033/STATE-034] Session/device interruption: операция прекращается без сохранения неподтверждённого состояния,Critical,Security/session,OpenAPI `DELETE_api_v1_projects_id`; Stage_3_Field_Traceability.csv,"Given access/refresh session или device больше не действительны
When клиент обращается к `DELETE /api/v1/projects/{id}`
Then сервер возвращает стабильную auth/session/device ошибку
And клиент прекращает команды, очищает запрещённые credentials/cache по политике и переводит пользователя в безопасный login/recovery flow"
AC-556,MOD-010,FR-085,[STATE-014/STATE-025] Conflict/precondition: устаревшая или отсутствующая If-Match не приводит к overwrite,Critical,Concurrency/integration,OpenAPI `DELETE_api_v1_projects_id`; Stage_3_Field_Traceability.csv,"Given серверное состояние изменилось после загрузки клиентом
When клиент отправляет `DELETE /api/v1/projects/{id}` с устаревшей If-Match
Then сервер отклоняет команду без overwrite
And клиент сохраняет draft и предлагает refresh/compare/reapply или безопасный повтор"
AC-557,MOD-010,FR-085,[STATE-010/STATE-011/STATE-012] Server unavailable/read-only: команда Переместить проект в корзину не ставится в offline queue,Critical,Desktop/resilience,OpenAPI `DELETE_api_v1_projects_id`; Stage_3_Field_Traceability.csv,"Given сервер недоступен или приложение находится в read-only cache mode
When пользователь пытается выполнить «Переместить проект в корзину»
Then команда не отправляется и не помещается в offline business queue
And UI сохраняет допустимый local draft или сообщает, что действие требует соединения"
AC-558,MOD-010,FR-085,[STATE-018] Удалённый объект: команда не применяется к trashed target и не создаёт новый объект,High,Lifecycle/integration,OpenAPI `DELETE_api_v1_projects_id`; Stage_3_Field_Traceability.csv,"Given target object был перемещён в Trash или удалён после загрузки
When выполняется `DELETE /api/v1/projects/{id}`
Then сервер возвращает OBJECT_DELETED/OBJECT_NOT_VISIBLE согласно текущим правам
And клиент не восстанавливает optimistic state и предлагает только разрешённый restore/open Trash"
AC-559,MOD-010,FR-086,Happy path: Получить проект,High,Contract/integration,OpenAPI `GET_api_v1_projects_id`; Stage_3_Field_Traceability.csv,
AC-560,MOD-010,FR-086,[STATE-008/STATE-009] Permission denied: Получить проект не выполняется и данные не раскрываются,Critical,Security/authorization,OpenAPI `GET_api_v1_projects_id`; Stage_3_Field_Traceability.csv,"Given пользователь аутентифицирован, но не имеет `Project.Read` или требуемой relation
When клиент запрашивает `GET /api/v1/projects/{id}`
Then сервер возвращает 403/OBJECT_NOT_VISIBLE согласно контракту
And клиент не раскрывает скрытые данные и не применяет optimistic UI change"
AC-561,MOD-010,FR-086,[STATE-032/STATE-033/STATE-034] Session/device interruption: операция прекращается без сохранения неподтверждённого состояния,Critical,Security/session,OpenAPI `GET_api_v1_projects_id`; Stage_3_Field_Traceability.csv,"Given access/refresh session или device больше не действительны
When клиент обращается к `GET /api/v1/projects/{id}`
Then сервер возвращает стабильную auth/session/device ошибку
And клиент прекращает команды, очищает запрещённые credentials/cache по политике и переводит пользователя в безопасный login/recovery flow"
AC-562,MOD-010,FR-087,Happy path: Изменить проект,Critical,Contract/integration,OpenAPI `PATCH_api_v1_projects_id`; Stage_3_Field_Traceability.csv,"Given пользователь имеет `Project.Update` и выполнены предусловия
When клиент отправляет `PATCH /api/v1/projects/{id}` с контрактным payload и headers
Then сервер возвращает успешный контрактный ответ
And клиент отображает только authoritative response"
AC-563,MOD-010,FR-087,[STATE-008/STATE-009] Permission denied: Изменить проект не выполняется и данные не раскрываются,Critical,Security/authorization,OpenAPI `PATCH_api_v1_projects_id`; Stage_3_Field_Traceability.csv,"Given пользователь аутентифицирован, но не имеет `Project.Update` или требуемой relation
When клиент запрашивает `PATCH /api/v1/projects/{id}`
Then сервер возвращает 403/OBJECT_NOT_VISIBLE согласно контракту
And клиент не раскрывает скрытые данные и не применяет optimistic UI change"
AC-564,MOD-010,FR-087,[STATE-032/STATE-033/STATE-034] Session/device interruption: операция прекращается без сохранения неподтверждённого состояния,Critical,Security/session,OpenAPI `PATCH_api_v1_projects_id`; Stage_3_Field_Traceability.csv,"Given access/refresh session или device больше не действительны
When клиент обращается к `PATCH /api/v1/projects/{id}`
Then сервер возвращает стабильную auth/session/device ошибку
And клиент прекращает команды, очищает запрещённые credentials/cache по политике и переводит пользователя в безопасный login/recovery flow"
AC-565,MOD-010,FR-087,[STATE-007] Validation: fieldErrors сохраняют draft и привязываются к canonical field path,High,Contract/UI,OpenAPI `PATCH_api_v1_projects_id`; Stage_3_Field_Traceability.csv,"Given пользователь заполнил payload для `PATCH_api_v1_projects_id` с нарушением DTO constraint
When сервер возвращает VALIDATION_FAILED с fieldErrors
Then draft сохраняется, ошибки связываются с canonical field paths и фокус переходит к первой ошибке"
AC-566,MOD-010,FR-087,[STATE-014/STATE-025] Conflict/precondition: устаревшая или отсутствующая If-Match не приводит к overwrite,Critical,Concurrency/integration,OpenAPI `PATCH_api_v1_projects_id`; Stage_3_Field_Traceability.csv,"Given серверное состояние изменилось после загрузки клиентом
When клиент отправляет `PATCH /api/v1/projects/{id}` с устаревшей If-Match
Then сервер отклоняет команду без overwrite
And клиент сохраняет draft и предлагает refresh/compare/reapply или безопасный повтор"
AC-567,MOD-010,FR-087,[STATE-010/STATE-011/STATE-012] Server unavailable/read-only: команда Изменить проект не ставится в offline queue,Critical,Desktop/resilience,OpenAPI `PATCH_api_v1_projects_id`; Stage_3_Field_Traceability.csv,"Given сервер недоступен или приложение находится в read-only cache mode
When пользователь пытается выполнить «Изменить проект»
Then команда не отправляется и не помещается в offline business queue
And UI сохраняет допустимый local draft или сообщает, что действие требует соединения"
AC-568,MOD-010,FR-087,[STATE-018] Удалённый объект: команда не применяется к trashed target и не создаёт новый объект,High,Lifecycle/integration,OpenAPI `PATCH_api_v1_projects_id`; Stage_3_Field_Traceability.csv,"Given target object был перемещён в Trash или удалён после загрузки
When выполняется `PATCH /api/v1/projects/{id}`
Then сервер возвращает OBJECT_DELETED/OBJECT_NOT_VISIBLE согласно текущим правам
And клиент не восстанавливает optimistic state и предлагает только разрешённый restore/open Trash"
AC-569,MOD-010,FR-088,[STATE-017] Happy path: Архивировать проект,Critical,Contract/integration,OpenAPI `POST_api_v1_projects_id_archive`; Stage_3_Field_Traceability.csv,"Given пользователь имеет `Project.Archive` и выполнены предусловия
When клиент отправляет `POST /api/v1/projects/{id}/archive` с контрактным payload и headers
Then сервер возвращает успешный контрактный ответ
And клиент отображает только authoritative response"
AC-570,MOD-010,FR-088,[STATE-008/STATE-009/STATE-017] Permission denied: Архивировать проект не выполняется и данные не раскрываются,Critical,Security/authorization,OpenAPI `POST_api_v1_projects_id_archive`; Stage_3_Field_Traceability.csv,"Given пользователь аутентифицирован, но не имеет `Project.Archive` или требуемой relation
When клиент запрашивает `POST /api/v1/projects/{id}/archive`
Then сервер возвращает 403/OBJECT_NOT_VISIBLE согласно контракту
And клиент не раскрывает скрытые данные и не применяет optimistic UI change"
AC-571,MOD-010,FR-088,[STATE-017/STATE-032/STATE-033/STATE-034] Session/device interruption: операция прекращается без сохранения неподтверждённого состояния,Critical,Security/session,OpenAPI `POST_api_v1_projects_id_archive`; Stage_3_Field_Traceability.csv,"Given access/refresh session или device больше не действительны
When клиент обращается к `POST /api/v1/projects/{id}/archive`
Then сервер возвращает стабильную auth/session/device ошибку
And клиент прекращает команды, очищает запрещённые credentials/cache по политике и переводит пользователя в безопасный login/recovery flow"
AC-572,MOD-010,FR-088,[STATE-007/STATE-017] Validation: fieldErrors сохраняют draft и привязываются к canonical field path,High,Contract/UI,OpenAPI `POST_api_v1_projects_id_archive`; Stage_3_Field_Traceability.csv,"Given пользователь заполнил payload для `POST_api_v1_projects_id_archive` с нарушением DTO constraint
When сервер возвращает VALIDATION_FAILED с fieldErrors
Then draft сохраняется, ошибки связываются с canonical field paths и фокус переходит к первой ошибке"
AC-573,MOD-010,FR-088,[STATE-014/STATE-017/STATE-025] Conflict/precondition: устаревшая или отсутствующая If-Match не приводит к overwrite,Critical,Concurrency/integration,OpenAPI `POST_api_v1_projects_id_archive`; Stage_3_Field_Traceability.csv,"Given серверное состояние изменилось после загрузки клиентом
When клиент отправляет `POST /api/v1/projects/{id}/archive` с устаревшей If-Match
Then сервер отклоняет команду без overwrite
And клиент сохраняет draft и предлагает refresh/compare/reapply или безопасный повтор"
AC-574,MOD-010,FR-088,[STATE-010/STATE-011/STATE-012] Server unavailable/read-only: команда Архивировать проект не ставится в offline queue,Critical,Desktop/resilience,OpenAPI `POST_api_v1_projects_id_archive`; Stage_3_Field_Traceability.csv,"Given сервер недоступен или приложение находится в read-only cache mode
When пользователь пытается выполнить «Архивировать проект»
Then команда не отправляется и не помещается в offline business queue
And UI сохраняет допустимый local draft или сообщает, что действие требует соединения"
AC-575,MOD-010,FR-088,[STATE-017/STATE-020] Idempotency: повтор с тем же key/hash не создаёт двойной side effect,Critical,Integration,OpenAPI `POST_api_v1_projects_id_archive`; Stage_3_Field_Traceability.csv,"Given первая команда `POST_api_v1_projects_id_archive` уже принята с idempotency key и payload hash
When клиент безопасно повторяет тот же key и payload
Then сервер возвращает тот же бизнес-результат без второго side effect
And другой payload с тем же key отклоняется как IDEMPOTENCY_KEY_REUSED"
AC-576,MOD-010,FR-088,[STATE-018] Удалённый объект: команда не применяется к trashed target и не создаёт новый объект,High,Lifecycle/integration,OpenAPI `POST_api_v1_projects_id_archive`; Stage_3_Field_Traceability.csv,"Given target object был перемещён в Trash или удалён после загрузки
When выполняется `POST /api/v1/projects/{id}/archive`
Then сервер возвращает OBJECT_DELETED/OBJECT_NOT_VISIBLE согласно текущим правам
And клиент не восстанавливает optimistic state и предлагает только разрешённый restore/open Trash"
AC-577,MOD-010,FR-089,Happy path: Участники проекта,High,Contract/integration,OpenAPI `GET_api_v1_projects_id_members`; Stage_3_Field_Traceability.csv,
AC-578,MOD-010,FR-089,[STATE-008/STATE-009] Permission denied: Участники проекта не выполняется и данные не раскрываются,Critical,Security/authorization,OpenAPI `GET_api_v1_projects_id_members`; Stage_3_Field_Traceability.csv,"Given пользователь аутентифицирован, но не имеет `Project.ManageMembers` или требуемой relation
When клиент запрашивает `GET /api/v1/projects/{id}/members`
Then сервер возвращает 403/OBJECT_NOT_VISIBLE согласно контракту
And клиент не раскрывает скрытые данные и не применяет optimistic UI change"
AC-579,MOD-010,FR-089,[STATE-032/STATE-033/STATE-034] Session/device interruption: операция прекращается без сохранения неподтверждённого состояния,Critical,Security/session,OpenAPI `GET_api_v1_projects_id_members`; Stage_3_Field_Traceability.csv,"Given access/refresh session или device больше не действительны
When клиент обращается к `GET /api/v1/projects/{id}/members`
Then сервер возвращает стабильную auth/session/device ошибку
And клиент прекращает команды, очищает запрещённые credentials/cache по политике и переводит пользователя в безопасный login/recovery flow"
AC-580,MOD-010,FR-090,Happy path: Добавить участника,Critical,Contract/integration,OpenAPI `POST_api_v1_projects_id_members`; Stage_3_Field_Traceability.csv,"Given пользователь имеет `Project.ManageMembers` и выполнены предусловия
When клиент отправляет `POST /api/v1/projects/{id}/members` с контрактным payload и headers
Then сервер возвращает успешный контрактный ответ
And клиент отображает только authoritative response"
AC-581,MOD-010,FR-090,[STATE-008/STATE-009] Permission denied: Добавить участника не выполняется и данные не раскрываются,Critical,Security/authorization,OpenAPI `POST_api_v1_projects_id_members`; Stage_3_Field_Traceability.csv,"Given пользователь аутентифицирован, но не имеет `Project.ManageMembers` или требуемой relation
When клиент запрашивает `POST /api/v1/projects/{id}/members`
Then сервер возвращает 403/OBJECT_NOT_VISIBLE согласно контракту
And клиент не раскрывает скрытые данные и не применяет optimistic UI change"
AC-582,MOD-010,FR-090,[STATE-032/STATE-033/STATE-034] Session/device interruption: операция прекращается без сохранения неподтверждённого состояния,Critical,Security/session,OpenAPI `POST_api_v1_projects_id_members`; Stage_3_Field_Traceability.csv,"Given access/refresh session или device больше не действительны
When клиент обращается к `POST /api/v1/projects/{id}/members`
Then сервер возвращает стабильную auth/session/device ошибку
And клиент прекращает команды, очищает запрещённые credentials/cache по политике и переводит пользователя в безопасный login/recovery flow"
AC-583,MOD-010,FR-090,[STATE-007] Validation: fieldErrors сохраняют draft и привязываются к canonical field path,High,Contract/UI,OpenAPI `POST_api_v1_projects_id_members`; Stage_3_Field_Traceability.csv,"Given пользователь заполнил payload для `POST_api_v1_projects_id_members` с нарушением DTO constraint
When сервер возвращает VALIDATION_FAILED с fieldErrors
Then draft сохраняется, ошибки связываются с canonical field paths и фокус переходит к первой ошибке"
AC-584,MOD-010,FR-090,[STATE-014/STATE-025] Conflict/precondition: устаревшая или отсутствующая If-Match не приводит к overwrite,Critical,Concurrency/integration,OpenAPI `POST_api_v1_projects_id_members`; Stage_3_Field_Traceability.csv,"Given серверное состояние изменилось после загрузки клиентом
When клиент отправляет `POST /api/v1/projects/{id}/members` с устаревшей If-Match
Then сервер отклоняет команду без overwrite
And клиент сохраняет draft и предлагает refresh/compare/reapply или безопасный повтор"
AC-585,MOD-010,FR-090,[STATE-010/STATE-011/STATE-012] Server unavailable/read-only: команда Добавить участника не ставится в offline queue,Critical,Desktop/resilience,OpenAPI `POST_api_v1_projects_id_members`; Stage_3_Field_Traceability.csv,"Given сервер недоступен или приложение находится в read-only cache mode
When пользователь пытается выполнить «Добавить участника»
Then команда не отправляется и не помещается в offline business queue
And UI сохраняет допустимый local draft или сообщает, что действие требует соединения"
AC-586,MOD-010,FR-090,[STATE-020] Idempotency: повтор с тем же key/hash не создаёт двойной side effect,Critical,Integration,OpenAPI `POST_api_v1_projects_id_members`; Stage_3_Field_Traceability.csv,"Given первая команда `POST_api_v1_projects_id_members` уже принята с idempotency key и payload hash
When клиент безопасно повторяет тот же key и payload
Then сервер возвращает тот же бизнес-результат без второго side effect
And другой payload с тем же key отклоняется как IDEMPOTENCY_KEY_REUSED"
AC-587,MOD-010,FR-090,[STATE-018] Удалённый объект: команда не применяется к trashed target и не создаёт новый объект,High,Lifecycle/integration,OpenAPI `POST_api_v1_projects_id_members`; Stage_3_Field_Traceability.csv,"Given target object был перемещён в Trash или удалён после загрузки
When выполняется `POST /api/v1/projects/{id}/members`
Then сервер возвращает OBJECT_DELETED/OBJECT_NOT_VISIBLE согласно текущим правам
And клиент не восстанавливает optimistic state и предлагает только разрешённый restore/open Trash"
AC-588,MOD-010,FR-091,Happy path: Удалить участника,Critical,Contract/integration,OpenAPI `DELETE_api_v1_projects_id_members_userId`; Stage_3_Field_Traceability.csv,"Given пользователь имеет `Project.ManageMembers` и выполнены предусловия
When клиент отправляет `DELETE /api/v1/projects/{id}/members/{userId}` с контрактным payload и headers
Then сервер возвращает успешный контрактный ответ
And клиент отображает только authoritative response"
AC-589,MOD-010,FR-091,[STATE-008/STATE-009] Permission denied: Удалить участника не выполняется и данные не раскрываются,Critical,Security/authorization,OpenAPI `DELETE_api_v1_projects_id_members_userId`; Stage_3_Field_Traceability.csv,"Given пользователь аутентифицирован, но не имеет `Project.ManageMembers` или требуемой relation
When клиент запрашивает `DELETE /api/v1/projects/{id}/members/{userId}`
Then сервер возвращает 403/OBJECT_NOT_VISIBLE согласно контракту
And клиент не раскрывает скрытые данные и не применяет optimistic UI change"
AC-590,MOD-010,FR-091,[STATE-032/STATE-033/STATE-034] Session/device interruption: операция прекращается без сохранения неподтверждённого состояния,Critical,Security/session,OpenAPI `DELETE_api_v1_projects_id_members_userId`; Stage_3_Field_Traceability.csv,"Given access/refresh session или device больше не действительны
When клиент обращается к `DELETE /api/v1/projects/{id}/members/{userId}`
Then сервер возвращает стабильную auth/session/device ошибку
And клиент прекращает команды, очищает запрещённые credentials/cache по политике и переводит пользователя в безопасный login/recovery flow"
AC-591,MOD-010,FR-091,[STATE-007] Validation: fieldErrors сохраняют draft и привязываются к canonical field path,High,Contract/UI,OpenAPI `DELETE_api_v1_projects_id_members_userId`; Stage_3_Field_Traceability.csv,"Given пользователь заполнил payload для `DELETE_api_v1_projects_id_members_userId` с нарушением DTO constraint
When сервер возвращает VALIDATION_FAILED с fieldErrors
Then draft сохраняется, ошибки связываются с canonical field paths и фокус переходит к первой ошибке"
AC-592,MOD-010,FR-091,[STATE-014/STATE-025] Conflict/precondition: устаревшая или отсутствующая If-Match не приводит к overwrite,Critical,Concurrency/integration,OpenAPI `DELETE_api_v1_projects_id_members_userId`; Stage_3_Field_Traceability.csv,"Given серверное состояние изменилось после загрузки клиентом
When клиент отправляет `DELETE /api/v1/projects/{id}/members/{userId}` с устаревшей If-Match
Then сервер отклоняет команду без overwrite
And клиент сохраняет draft и предлагает refresh/compare/reapply или безопасный повтор"
AC-593,MOD-010,FR-091,[STATE-010/STATE-011/STATE-012] Server unavailable/read-only: команда Удалить участника не ставится в offline queue,Critical,Desktop/resilience,OpenAPI `DELETE_api_v1_projects_id_members_userId`; Stage_3_Field_Traceability.csv,"Given сервер недоступен или приложение находится в read-only cache mode
When пользователь пытается выполнить «Удалить участника»
Then команда не отправляется и не помещается в offline business queue
And UI сохраняет допустимый local draft или сообщает, что действие требует соединения"
AC-594,MOD-010,FR-091,[STATE-018] Удалённый объект: команда не применяется к trashed target и не создаёт новый объект,High,Lifecycle/integration,OpenAPI `DELETE_api_v1_projects_id_members_userId`; Stage_3_Field_Traceability.csv,"Given target object был перемещён в Trash или удалён после загрузки
When выполняется `DELETE /api/v1/projects/{id}/members/{userId}`
Then сервер возвращает OBJECT_DELETED/OBJECT_NOT_VISIBLE согласно текущим правам
And клиент не восстанавливает optimistic state и предлагает только разрешённый restore/open Trash"
AC-595,MOD-010,FR-092,Happy path: Изменить роль участника,Critical,Contract/integration,OpenAPI `PATCH_api_v1_projects_id_members_userId`; Stage_3_Field_Traceability.csv,"Given пользователь имеет `Project.ManageMembers` и выполнены предусловия
When клиент отправляет `PATCH /api/v1/projects/{id}/members/{userId}` с контрактным payload и headers
Then сервер возвращает успешный контрактный ответ
And клиент отображает только authoritative response"
AC-596,MOD-010,FR-092,[STATE-008/STATE-009] Permission denied: Изменить роль участника не выполняется и данные не раскрываются,Critical,Security/authorization,OpenAPI `PATCH_api_v1_projects_id_members_userId`; Stage_3_Field_Traceability.csv,"Given пользователь аутентифицирован, но не имеет `Project.ManageMembers` или требуемой relation
When клиент запрашивает `PATCH /api/v1/projects/{id}/members/{userId}`
Then сервер возвращает 403/OBJECT_NOT_VISIBLE согласно контракту
And клиент не раскрывает скрытые данные и не применяет optimistic UI change"
AC-597,MOD-010,FR-092,[STATE-032/STATE-033/STATE-034] Session/device interruption: операция прекращается без сохранения неподтверждённого состояния,Critical,Security/session,OpenAPI `PATCH_api_v1_projects_id_members_userId`; Stage_3_Field_Traceability.csv,"Given access/refresh session или device больше не действительны
When клиент обращается к `PATCH /api/v1/projects/{id}/members/{userId}`
Then сервер возвращает стабильную auth/session/device ошибку
And клиент прекращает команды, очищает запрещённые credentials/cache по политике и переводит пользователя в безопасный login/recovery flow"
AC-598,MOD-010,FR-092,[STATE-007] Validation: fieldErrors сохраняют draft и привязываются к canonical field path,High,Contract/UI,OpenAPI `PATCH_api_v1_projects_id_members_userId`; Stage_3_Field_Traceability.csv,"Given пользователь заполнил payload для `PATCH_api_v1_projects_id_members_userId` с нарушением DTO constraint
When сервер возвращает VALIDATION_FAILED с fieldErrors
Then draft сохраняется, ошибки связываются с canonical field paths и фокус переходит к первой ошибке"
AC-599,MOD-010,FR-092,[STATE-014/STATE-025] Conflict/precondition: устаревшая или отсутствующая If-Match не приводит к overwrite,Critical,Concurrency/integration,OpenAPI `PATCH_api_v1_projects_id_members_userId`; Stage_3_Field_Traceability.csv,"Given серверное состояние изменилось после загрузки клиентом
When клиент отправляет `PATCH /api/v1/projects/{id}/members/{userId}` с устаревшей If-Match
Then сервер отклоняет команду без overwrite
And клиент сохраняет draft и предлагает refresh/compare/reapply или безопасный повтор"
AC-600,MOD-010,FR-092,[STATE-010/STATE-011/STATE-012] Server unavailable/read-only: команда Изменить роль участника не ставится в offline queue,Critical,Desktop/resilience,OpenAPI `PATCH_api_v1_projects_id_members_userId`; Stage_3_Field_Traceability.csv,"Given сервер недоступен или приложение находится в read-only cache mode
When пользователь пытается выполнить «Изменить роль участника»
Then команда не отправляется и не помещается в offline business queue
And UI сохраняет допустимый local draft или сообщает, что действие требует соединения"
AC-601,MOD-010,FR-092,[STATE-020] Idempotency: повтор с тем же key/hash не создаёт двойной side effect,Critical,Integration,OpenAPI `PATCH_api_v1_projects_id_members_userId`; Stage_3_Field_Traceability.csv,"Given первая команда `PATCH_api_v1_projects_id_members_userId` уже принята с idempotency key и payload hash
When клиент безопасно повторяет тот же key и payload
Then сервер возвращает тот же бизнес-результат без второго side effect
And другой payload с тем же key отклоняется как IDEMPOTENCY_KEY_REUSED"
AC-602,MOD-010,FR-092,[STATE-018] Удалённый объект: команда не применяется к trashed target и не создаёт новый объект,High,Lifecycle/integration,OpenAPI `PATCH_api_v1_projects_id_members_userId`; Stage_3_Field_Traceability.csv,"Given target object был перемещён в Trash или удалён после загрузки
When выполняется `PATCH /api/v1/projects/{id}/members/{userId}`
Then сервер возвращает OBJECT_DELETED/OBJECT_NOT_VISIBLE согласно текущим правам
And клиент не восстанавливает optimistic state и предлагает только разрешённый restore/open Trash"
AC-603,MOD-010,FR-093,Happy path: Задать permission overrides,Critical,Contract/integration,OpenAPI `PUT_api_v1_projects_id_members_userId_overrides`; Stage_3_Field_Traceability.csv,"Given пользователь имеет `Project.ManageMembers` и выполнены предусловия
When клиент отправляет `PUT /api/v1/projects/{id}/members/{userId}/overrides` с контрактным payload и headers
Then сервер возвращает успешный контрактный ответ
And клиент отображает только authoritative response"
AC-604,MOD-010,FR-093,[STATE-008/STATE-009] Permission denied: Задать permission overrides не выполняется и данные не раскрываются,Critical,Security/authorization,OpenAPI `PUT_api_v1_projects_id_members_userId_overrides`; Stage_3_Field_Traceability.csv,"Given пользователь аутентифицирован, но не имеет `Project.ManageMembers` или требуемой relation
When клиент запрашивает `PUT /api/v1/projects/{id}/members/{userId}/overrides`
Then сервер возвращает 403/OBJECT_NOT_VISIBLE согласно контракту
And клиент не раскрывает скрытые данные и не применяет optimistic UI change"
AC-605,MOD-010,FR-093,[STATE-032/STATE-033/STATE-034] Session/device interruption: операция прекращается без сохранения неподтверждённого состояния,Critical,Security/session,OpenAPI `PUT_api_v1_projects_id_members_userId_overrides`; Stage_3_Field_Traceability.csv,"Given access/refresh session или device больше не действительны
When клиент обращается к `PUT /api/v1/projects/{id}/members/{userId}/overrides`
Then сервер возвращает стабильную auth/session/device ошибку
And клиент прекращает команды, очищает запрещённые credentials/cache по политике и переводит пользователя в безопасный login/recovery flow"
AC-606,MOD-010,FR-093,[STATE-007] Validation: fieldErrors сохраняют draft и привязываются к canonical field path,High,Contract/UI,OpenAPI `PUT_api_v1_projects_id_members_userId_overrides`; Stage_3_Field_Traceability.csv,"Given пользователь заполнил payload для `PUT_api_v1_projects_id_members_userId_overrides` с нарушением DTO constraint
When сервер возвращает VALIDATION_FAILED с fieldErrors
Then draft сохраняется, ошибки связываются с canonical field paths и фокус переходит к первой ошибке"
AC-607,MOD-010,FR-093,[STATE-014/STATE-025] Conflict/precondition: устаревшая или отсутствующая If-Match не приводит к overwrite,Critical,Concurrency/integration,OpenAPI `PUT_api_v1_projects_id_members_userId_overrides`; Stage_3_Field_Traceability.csv,"Given серверное состояние изменилось после загрузки клиентом
When клиент отправляет `PUT /api/v1/projects/{id}/members/{userId}/overrides` с устаревшей If-Match
Then сервер отклоняет команду без overwrite
And клиент сохраняет draft и предлагает refresh/compare/reapply или безопасный повтор"
AC-608,MOD-010,FR-093,[STATE-010/STATE-011/STATE-012] Server unavailable/read-only: команда Задать permission overrides не ставится в offline queue,Critical,Desktop/resilience,OpenAPI `PUT_api_v1_projects_id_members_userId_overrides`; Stage_3_Field_Traceability.csv,"Given сервер недоступен или приложение находится в read-only cache mode
When пользователь пытается выполнить «Задать permission overrides»
Then команда не отправляется и не помещается в offline business queue
And UI сохраняет допустимый local draft или сообщает, что действие требует соединения"
AC-609,MOD-010,FR-093,[STATE-020] Idempotency: повтор с тем же key/hash не создаёт двойной side effect,Critical,Integration,OpenAPI `PUT_api_v1_projects_id_members_userId_overrides`; Stage_3_Field_Traceability.csv,"Given первая команда `PUT_api_v1_projects_id_members_userId_overrides` уже принята с idempotency key и payload hash
When клиент безопасно повторяет тот же key и payload
Then сервер возвращает тот же бизнес-результат без второго side effect
And другой payload с тем же key отклоняется как IDEMPOTENCY_KEY_REUSED"
AC-610,MOD-010,FR-093,[STATE-018] Удалённый объект: команда не применяется к trashed target и не создаёт новый объект,High,Lifecycle/integration,OpenAPI `PUT_api_v1_projects_id_members_userId_overrides`; Stage_3_Field_Traceability.csv,"Given target object был перемещён в Trash или удалён после загрузки
When выполняется `PUT /api/v1/projects/{id}/members/{userId}/overrides`
Then сервер возвращает OBJECT_DELETED/OBJECT_NOT_VISIBLE согласно текущим правам
And клиент не восстанавливает optimistic state и предлагает только разрешённый restore/open Trash"
AC-611,MOD-010,FR-094,[STATE-018] Happy path: Восстановить проект,Critical,Contract/integration,OpenAPI `POST_api_v1_projects_id_restore`; Stage_3_Field_Traceability.csv,"Given пользователь имеет `Project.Restore` и выполнены предусловия
When клиент отправляет `POST /api/v1/projects/{id}/restore` с контрактным payload и headers
Then сервер возвращает успешный контрактный ответ
And клиент отображает только authoritative response"
AC-612,MOD-010,FR-094,[STATE-008/STATE-009/STATE-018] Permission denied: Восстановить проект не выполняется и данные не раскрываются,Critical,Security/authorization,OpenAPI `POST_api_v1_projects_id_restore`; Stage_3_Field_Traceability.csv,"Given пользователь аутентифицирован, но не имеет `Project.Restore` или требуемой relation
When клиент запрашивает `POST /api/v1/projects/{id}/restore`
Then сервер возвращает 403/OBJECT_NOT_VISIBLE согласно контракту
And клиент не раскрывает скрытые данные и не применяет optimistic UI change"
AC-613,MOD-010,FR-094,[STATE-018/STATE-032/STATE-033/STATE-034] Session/device interruption: операция прекращается без сохранения неподтверждённого состояния,Critical,Security/session,OpenAPI `POST_api_v1_projects_id_restore`; Stage_3_Field_Traceability.csv,"Given access/refresh session или device больше не действительны
When клиент обращается к `POST /api/v1/projects/{id}/restore`
Then сервер возвращает стабильную auth/session/device ошибку
And клиент прекращает команды, очищает запрещённые credentials/cache по политике и переводит пользователя в безопасный login/recovery flow"
AC-614,MOD-010,FR-094,[STATE-007/STATE-018] Validation: fieldErrors сохраняют draft и привязываются к canonical field path,High,Contract/UI,OpenAPI `POST_api_v1_projects_id_restore`; Stage_3_Field_Traceability.csv,"Given пользователь заполнил payload для `POST_api_v1_projects_id_restore` с нарушением DTO constraint
When сервер возвращает VALIDATION_FAILED с fieldErrors
Then draft сохраняется, ошибки связываются с canonical field paths и фокус переходит к первой ошибке"
AC-615,MOD-010,FR-094,[STATE-014/STATE-018/STATE-025] Conflict/precondition: устаревшая или отсутствующая If-Match не приводит к overwrite,Critical,Concurrency/integration,OpenAPI `POST_api_v1_projects_id_restore`; Stage_3_Field_Traceability.csv,"Given серверное состояние изменилось после загрузки клиентом
When клиент отправляет `POST /api/v1/projects/{id}/restore` с устаревшей If-Match
Then сервер отклоняет команду без overwrite
And клиент сохраняет draft и предлагает refresh/compare/reapply или безопасный повтор"
AC-616,MOD-010,FR-094,[STATE-010/STATE-011/STATE-012] Server unavailable/read-only: команда Восстановить проект не ставится в offline queue,Critical,Desktop/resilience,OpenAPI `POST_api_v1_projects_id_restore`; Stage_3_Field_Traceability.csv,"Given сервер недоступен или приложение находится в read-only cache mode
When пользователь пытается выполнить «Восстановить проект»
Then команда не отправляется и не помещается в offline business queue
And UI сохраняет допустимый local draft или сообщает, что действие требует соединения"
AC-617,MOD-010,FR-094,[STATE-018/STATE-020] Idempotency: повтор с тем же key/hash не создаёт двойной side effect,Critical,Integration,OpenAPI `POST_api_v1_projects_id_restore`; Stage_3_Field_Traceability.csv,"Given первая команда `POST_api_v1_projects_id_restore` уже принята с idempotency key и payload hash
When клиент безопасно повторяет тот же key и payload
Then сервер возвращает тот же бизнес-результат без второго side effect
And другой payload с тем же key отклоняется как IDEMPOTENCY_KEY_REUSED"
AC-618,MOD-010,FR-094,[STATE-018] Удалённый объект: команда не применяется к trashed target и не создаёт новый объект,High,Lifecycle/integration,OpenAPI `POST_api_v1_projects_id_restore`; Stage_3_Field_Traceability.csv,"Given target object был перемещён в Trash или удалён после загрузки
When выполняется `POST /api/v1/projects/{id}/restore`
Then сервер возвращает OBJECT_DELETED/OBJECT_NOT_VISIBLE согласно текущим правам
And клиент не восстанавливает optimistic state и предлагает только разрешённый restore/open Trash"
AC-619,MOD-010,FR-095,Happy path: Передать владение проектом,Critical,Contract/integration,OpenAPI `POST_api_v1_projects_id_transfer_ownership`; Stage_3_Field_Traceability.csv,"Given пользователь имеет `Project.TransferOwnership` и выполнены предусловия
When клиент отправляет `POST /api/v1/projects/{id}/transfer-ownership` с контрактным payload и headers
Then сервер возвращает успешный контрактный ответ
And клиент отображает только authoritative response"
AC-620,MOD-010,FR-095,[STATE-008/STATE-009] Permission denied: Передать владение проектом не выполняется и данные не раскрываются,Critical,Security/authorization,OpenAPI `POST_api_v1_projects_id_transfer_ownership`; Stage_3_Field_Traceability.csv,"Given пользователь аутентифицирован, но не имеет `Project.TransferOwnership` или требуемой relation
When клиент запрашивает `POST /api/v1/projects/{id}/transfer-ownership`
Then сервер возвращает 403/OBJECT_NOT_VISIBLE согласно контракту
And клиент не раскрывает скрытые данные и не применяет optimistic UI change"
AC-621,MOD-010,FR-095,[STATE-032/STATE-033/STATE-034] Session/device interruption: операция прекращается без сохранения неподтверждённого состояния,Critical,Security/session,OpenAPI `POST_api_v1_projects_id_transfer_ownership`; Stage_3_Field_Traceability.csv,"Given access/refresh session или device больше не действительны
When клиент обращается к `POST /api/v1/projects/{id}/transfer-ownership`
Then сервер возвращает стабильную auth/session/device ошибку
And клиент прекращает команды, очищает запрещённые credentials/cache по политике и переводит пользователя в безопасный login/recovery flow"
AC-622,MOD-010,FR-095,[STATE-007] Validation: fieldErrors сохраняют draft и привязываются к canonical field path,High,Contract/UI,OpenAPI `POST_api_v1_projects_id_transfer_ownership`; Stage_3_Field_Traceability.csv,"Given пользователь заполнил payload для `POST_api_v1_projects_id_transfer_ownership` с нарушением DTO constraint
When сервер возвращает VALIDATION_FAILED с fieldErrors
Then draft сохраняется, ошибки связываются с canonical field paths и фокус переходит к первой ошибке"
AC-623,MOD-010,FR-095,[STATE-014/STATE-025] Conflict/precondition: устаревшая или отсутствующая If-Match не приводит к overwrite,Critical,Concurrency/integration,OpenAPI `POST_api_v1_projects_id_transfer_ownership`; Stage_3_Field_Traceability.csv,"Given серверное состояние изменилось после загрузки клиентом
When клиент отправляет `POST /api/v1/projects/{id}/transfer-ownership` с устаревшей If-Match
Then сервер отклоняет команду без overwrite
And клиент сохраняет draft и предлагает refresh/compare/reapply или безопасный повтор"
AC-624,MOD-010,FR-095,[STATE-010/STATE-011/STATE-012] Server unavailable/read-only: команда Передать владение проектом не ставится в offline queue,Critical,Desktop/resilience,OpenAPI `POST_api_v1_projects_id_transfer_ownership`; Stage_3_Field_Traceability.csv,"Given сервер недоступен или приложение находится в read-only cache mode
When пользователь пытается выполнить «Передать владение проектом»
Then команда не отправляется и не помещается в offline business queue
And UI сохраняет допустимый local draft или сообщает, что действие требует соединения"
AC-625,MOD-010,FR-095,[STATE-020] Idempotency: повтор с тем же key/hash не создаёт двойной side effect,Critical,Integration,OpenAPI `POST_api_v1_projects_id_transfer_ownership`; Stage_3_Field_Traceability.csv,"Given первая команда `POST_api_v1_projects_id_transfer_ownership` уже принята с idempotency key и payload hash
When клиент безопасно повторяет тот же key и payload
Then сервер возвращает тот же бизнес-результат без второго side effect
And другой payload с тем же key отклоняется как IDEMPOTENCY_KEY_REUSED"
AC-626,MOD-010,FR-095,[STATE-018] Удалённый объект: команда не применяется к trashed target и не создаёт новый объект,High,Lifecycle/integration,OpenAPI `POST_api_v1_projects_id_transfer_ownership`; Stage_3_Field_Traceability.csv,"Given target object был перемещён в Trash или удалён после загрузки
When выполняется `POST /api/v1/projects/{id}/transfer-ownership`
Then сервер возвращает OBJECT_DELETED/OBJECT_NOT_VISIBLE согласно текущим правам
And клиент не восстанавливает optimistic state и предлагает только разрешённый restore/open Trash"
AC-627,MOD-010,FR-096,[STATE-017] Happy path: Вернуть проект из архива,Critical,Contract/integration,OpenAPI `POST_api_v1_projects_id_unarchive`; Stage_3_Field_Traceability.csv,"Given пользователь имеет `Project.Archive` и выполнены предусловия
When клиент отправляет `POST /api/v1/projects/{id}/unarchive` с контрактным payload и headers
Then сервер возвращает успешный контрактный ответ
And клиент отображает только authoritative response"
AC-628,MOD-010,FR-096,[STATE-008/STATE-009/STATE-017] Permission denied: Вернуть проект из архива не выполняется и данные не раскрываются,Critical,Security/authorization,OpenAPI `POST_api_v1_projects_id_unarchive`; Stage_3_Field_Traceability.csv,"Given пользователь аутентифицирован, но не имеет `Project.Archive` или требуемой relation
When клиент запрашивает `POST /api/v1/projects/{id}/unarchive`
Then сервер возвращает 403/OBJECT_NOT_VISIBLE согласно контракту
And клиент не раскрывает скрытые данные и не применяет optimistic UI change"
AC-629,MOD-010,FR-096,[STATE-017/STATE-032/STATE-033/STATE-034] Session/device interruption: операция прекращается без сохранения неподтверждённого состояния,Critical,Security/session,OpenAPI `POST_api_v1_projects_id_unarchive`; Stage_3_Field_Traceability.csv,"Given access/refresh session или device больше не действительны
When клиент обращается к `POST /api/v1/projects/{id}/unarchive`
Then сервер возвращает стабильную auth/session/device ошибку
And клиент прекращает команды, очищает запрещённые credentials/cache по политике и переводит пользователя в безопасный login/recovery flow"
AC-630,MOD-010,FR-096,[STATE-014/STATE-017/STATE-025] Conflict/precondition: устаревшая или отсутствующая If-Match не приводит к overwrite,Critical,Concurrency/integration,OpenAPI `POST_api_v1_projects_id_unarchive`; Stage_3_Field_Traceability.csv,"Given серверное состояние изменилось после загрузки клиентом
When клиент отправляет `POST /api/v1/projects/{id}/unarchive` с устаревшей If-Match
Then сервер отклоняет команду без overwrite
And клиент сохраняет draft и предлагает refresh/compare/reapply или безопасный повтор"
AC-631,MOD-010,FR-096,[STATE-010/STATE-011/STATE-012] Server unavailable/read-only: команда Вернуть проект из архива не ставится в offline queue,Critical,Desktop/resilience,OpenAPI `POST_api_v1_projects_id_unarchive`; Stage_3_Field_Traceability.csv,"Given сервер недоступен или приложение находится в read-only cache mode
When пользователь пытается выполнить «Вернуть проект из архива»
Then команда не отправляется и не помещается в offline business queue
And UI сохраняет допустимый local draft или сообщает, что действие требует соединения"
AC-632,MOD-010,FR-096,[STATE-018] Удалённый объект: команда не применяется к trashed target и не создаёт новый объект,High,Lifecycle/integration,OpenAPI `POST_api_v1_projects_id_unarchive`; Stage_3_Field_Traceability.csv,"Given target object был перемещён в Trash или удалён после загрузки
When выполняется `POST /api/v1/projects/{id}/unarchive`
Then сервер возвращает OBJECT_DELETED/OBJECT_NOT_VISIBLE согласно текущим правам
And клиент не восстанавливает optimistic state и предлагает только разрешённый restore/open Trash"
AC-633,MOD-011,FR-097,Happy path: Список элемент каталога,High,Contract/integration,OpenAPI `GET_api_v1_catalog_items`; Stage_3_Field_Traceability.csv,
AC-634,MOD-011,FR-097,[STATE-008/STATE-009] Permission denied: Список элемент каталога не выполняется и данные не раскрываются,Critical,Security/authorization,OpenAPI `GET_api_v1_catalog_items`; Stage_3_Field_Traceability.csv,"Given пользователь аутентифицирован, но не имеет `FileCatalog.Read` или требуемой relation
When клиент запрашивает `GET /api/v1/catalog-items`
Then сервер возвращает 403/OBJECT_NOT_VISIBLE согласно контракту
And клиент не раскрывает скрытые данные и не применяет optimistic UI change"
AC-635,MOD-011,FR-097,[STATE-032/STATE-033/STATE-034] Session/device interruption: операция прекращается без сохранения неподтверждённого состояния,Critical,Security/session,OpenAPI `GET_api_v1_catalog_items`; Stage_3_Field_Traceability.csv,"Given access/refresh session или device больше не действительны
When клиент обращается к `GET /api/v1/catalog-items`
Then сервер возвращает стабильную auth/session/device ошибку
And клиент прекращает команды, очищает запрещённые credentials/cache по политике и переводит пользователя в безопасный login/recovery flow"
AC-636,MOD-011,FR-098,Happy path: Создать элемент каталога,Critical,Contract/integration,OpenAPI `POST_api_v1_catalog_items`; Stage_3_Field_Traceability.csv,"Given пользователь имеет `FileCatalog.Create` и выполнены предусловия
When клиент отправляет `POST /api/v1/catalog-items` с контрактным payload и headers
Then сервер возвращает успешный контрактный ответ
And клиент отображает только authoritative response"
AC-637,MOD-011,FR-098,[STATE-008/STATE-009] Permission denied: Создать элемент каталога не выполняется и данные не раскрываются,Critical,Security/authorization,OpenAPI `POST_api_v1_catalog_items`; Stage_3_Field_Traceability.csv,"Given пользователь аутентифицирован, но не имеет `FileCatalog.Create` или требуемой relation
When клиент запрашивает `POST /api/v1/catalog-items`
Then сервер возвращает 403/OBJECT_NOT_VISIBLE согласно контракту
And клиент не раскрывает скрытые данные и не применяет optimistic UI change"
AC-638,MOD-011,FR-098,[STATE-032/STATE-033/STATE-034] Session/device interruption: операция прекращается без сохранения неподтверждённого состояния,Critical,Security/session,OpenAPI `POST_api_v1_catalog_items`; Stage_3_Field_Traceability.csv,"Given access/refresh session или device больше не действительны
When клиент обращается к `POST /api/v1/catalog-items`
Then сервер возвращает стабильную auth/session/device ошибку
And клиент прекращает команды, очищает запрещённые credentials/cache по политике и переводит пользователя в безопасный login/recovery flow"
AC-639,MOD-011,FR-098,[STATE-007] Validation: fieldErrors сохраняют draft и привязываются к canonical field path,High,Contract/UI,OpenAPI `POST_api_v1_catalog_items`; Stage_3_Field_Traceability.csv,"Given пользователь заполнил payload для `POST_api_v1_catalog_items` с нарушением DTO constraint
When сервер возвращает VALIDATION_FAILED с fieldErrors
Then draft сохраняется, ошибки связываются с canonical field paths и фокус переходит к первой ошибке"
AC-640,MOD-011,FR-098,[STATE-014/STATE-025] Conflict/precondition: устаревшая или отсутствующая контрактная версия/precondition не приводит к overwrite,Critical,Concurrency/integration,OpenAPI `POST_api_v1_catalog_items`; Stage_3_Field_Traceability.csv,"Given серверное состояние изменилось после загрузки клиентом
When клиент отправляет `POST /api/v1/catalog-items` с устаревшей контрактная версия/precondition
Then сервер отклоняет команду без overwrite
And клиент сохраняет draft и предлагает refresh/compare/reapply или безопасный повтор"
AC-641,MOD-011,FR-098,[STATE-010/STATE-011/STATE-012] Server unavailable/read-only: команда Создать элемент каталога не ставится в offline queue,Critical,Desktop/resilience,OpenAPI `POST_api_v1_catalog_items`; Stage_3_Field_Traceability.csv,"Given сервер недоступен или приложение находится в read-only cache mode
When пользователь пытается выполнить «Создать элемент каталога»
Then команда не отправляется и не помещается в offline business queue
And UI сохраняет допустимый local draft или сообщает, что действие требует соединения"
AC-642,MOD-011,FR-098,[STATE-020] Idempotency: повтор с тем же key/hash не создаёт двойной side effect,Critical,Integration,OpenAPI `POST_api_v1_catalog_items`; Stage_3_Field_Traceability.csv,"Given первая команда `POST_api_v1_catalog_items` уже принята с idempotency key и payload hash
When клиент безопасно повторяет тот же key и payload
Then сервер возвращает тот же бизнес-результат без второго side effect
And другой payload с тем же key отклоняется как IDEMPOTENCY_KEY_REUSED"
AC-643,MOD-011,FR-099,Happy path: Переместить элемент каталога в корзину,Critical,Contract/integration,OpenAPI `DELETE_api_v1_catalog_items_id`; Stage_3_Field_Traceability.csv,"Given пользователь имеет `FileCatalog.Delete` и выполнены предусловия
When клиент отправляет `DELETE /api/v1/catalog-items/{id}` с контрактным payload и headers
Then сервер возвращает успешный контрактный ответ
And клиент отображает только authoritative response"
AC-644,MOD-011,FR-099,[STATE-008/STATE-009] Permission denied: Переместить элемент каталога в корзину не выполняется и данные не раскрываются,Critical,Security/authorization,OpenAPI `DELETE_api_v1_catalog_items_id`; Stage_3_Field_Traceability.csv,"Given пользователь аутентифицирован, но не имеет `FileCatalog.Delete` или требуемой relation
When клиент запрашивает `DELETE /api/v1/catalog-items/{id}`
Then сервер возвращает 403/OBJECT_NOT_VISIBLE согласно контракту
And клиент не раскрывает скрытые данные и не применяет optimistic UI change"
AC-645,MOD-011,FR-099,[STATE-032/STATE-033/STATE-034] Session/device interruption: операция прекращается без сохранения неподтверждённого состояния,Critical,Security/session,OpenAPI `DELETE_api_v1_catalog_items_id`; Stage_3_Field_Traceability.csv,"Given access/refresh session или device больше не действительны
When клиент обращается к `DELETE /api/v1/catalog-items/{id}`
Then сервер возвращает стабильную auth/session/device ошибку
And клиент прекращает команды, очищает запрещённые credentials/cache по политике и переводит пользователя в безопасный login/recovery flow"
AC-646,MOD-011,FR-099,[STATE-014/STATE-025] Conflict/precondition: устаревшая или отсутствующая If-Match не приводит к overwrite,Critical,Concurrency/integration,OpenAPI `DELETE_api_v1_catalog_items_id`; Stage_3_Field_Traceability.csv,"Given серверное состояние изменилось после загрузки клиентом
When клиент отправляет `DELETE /api/v1/catalog-items/{id}` с устаревшей If-Match
Then сервер отклоняет команду без overwrite
And клиент сохраняет draft и предлагает refresh/compare/reapply или безопасный повтор"
AC-647,MOD-011,FR-099,[STATE-010/STATE-011/STATE-012] Server unavailable/read-only: команда Переместить элемент каталога в корзину не ставится в offline queue,Critical,Desktop/resilience,OpenAPI `DELETE_api_v1_catalog_items_id`; Stage_3_Field_Traceability.csv,"Given сервер недоступен или приложение находится в read-only cache mode
When пользователь пытается выполнить «Переместить элемент каталога в корзину»
Then команда не отправляется и не помещается в offline business queue
And UI сохраняет допустимый local draft или сообщает, что действие требует соединения"
AC-648,MOD-011,FR-099,[STATE-018] Удалённый объект: команда не применяется к trashed target и не создаёт новый объект,High,Lifecycle/integration,OpenAPI `DELETE_api_v1_catalog_items_id`; Stage_3_Field_Traceability.csv,"Given target object был перемещён в Trash или удалён после загрузки
When выполняется `DELETE /api/v1/catalog-items/{id}`
Then сервер возвращает OBJECT_DELETED/OBJECT_NOT_VISIBLE согласно текущим правам
And клиент не восстанавливает optimistic state и предлагает только разрешённый restore/open Trash"
AC-649,MOD-011,FR-100,Happy path: Получить элемент каталога,High,Contract/integration,OpenAPI `GET_api_v1_catalog_items_id`; Stage_3_Field_Traceability.csv,
AC-650,MOD-011,FR-100,[STATE-008/STATE-009] Permission denied: Получить элемент каталога не выполняется и данные не раскрываются,Critical,Security/authorization,OpenAPI `GET_api_v1_catalog_items_id`; Stage_3_Field_Traceability.csv,"Given пользователь аутентифицирован, но не имеет `FileCatalog.Read` или требуемой relation
When клиент запрашивает `GET /api/v1/catalog-items/{id}`
Then сервер возвращает 403/OBJECT_NOT_VISIBLE согласно контракту
And клиент не раскрывает скрытые данные и не применяет optimistic UI change"
AC-651,MOD-011,FR-100,[STATE-032/STATE-033/STATE-034] Session/device interruption: операция прекращается без сохранения неподтверждённого состояния,Critical,Security/session,OpenAPI `GET_api_v1_catalog_items_id`; Stage_3_Field_Traceability.csv,"Given access/refresh session или device больше не действительны
When клиент обращается к `GET /api/v1/catalog-items/{id}`
Then сервер возвращает стабильную auth/session/device ошибку
And клиент прекращает команды, очищает запрещённые credentials/cache по политике и переводит пользователя в безопасный login/recovery flow"
AC-652,MOD-011,FR-101,Happy path: Изменить элемент каталога,Critical,Contract/integration,OpenAPI `PATCH_api_v1_catalog_items_id`; Stage_3_Field_Traceability.csv,"Given пользователь имеет `FileCatalog.Update` и выполнены предусловия
When клиент отправляет `PATCH /api/v1/catalog-items/{id}` с контрактным payload и headers
Then сервер возвращает успешный контрактный ответ
And клиент отображает только authoritative response"
AC-653,MOD-011,FR-101,[STATE-008/STATE-009] Permission denied: Изменить элемент каталога не выполняется и данные не раскрываются,Critical,Security/authorization,OpenAPI `PATCH_api_v1_catalog_items_id`; Stage_3_Field_Traceability.csv,"Given пользователь аутентифицирован, но не имеет `FileCatalog.Update` или требуемой relation
When клиент запрашивает `PATCH /api/v1/catalog-items/{id}`
Then сервер возвращает 403/OBJECT_NOT_VISIBLE согласно контракту
And клиент не раскрывает скрытые данные и не применяет optimistic UI change"
AC-654,MOD-011,FR-101,[STATE-032/STATE-033/STATE-034] Session/device interruption: операция прекращается без сохранения неподтверждённого состояния,Critical,Security/session,OpenAPI `PATCH_api_v1_catalog_items_id`; Stage_3_Field_Traceability.csv,"Given access/refresh session или device больше не действительны
When клиент обращается к `PATCH /api/v1/catalog-items/{id}`
Then сервер возвращает стабильную auth/session/device ошибку
And клиент прекращает команды, очищает запрещённые credentials/cache по политике и переводит пользователя в безопасный login/recovery flow"
AC-655,MOD-011,FR-101,[STATE-007] Validation: fieldErrors сохраняют draft и привязываются к canonical field path,High,Contract/UI,OpenAPI `PATCH_api_v1_catalog_items_id`; Stage_3_Field_Traceability.csv,"Given пользователь заполнил payload для `PATCH_api_v1_catalog_items_id` с нарушением DTO constraint
When сервер возвращает VALIDATION_FAILED с fieldErrors
Then draft сохраняется, ошибки связываются с canonical field paths и фокус переходит к первой ошибке"
AC-656,MOD-011,FR-101,[STATE-014/STATE-025] Conflict/precondition: устаревшая или отсутствующая If-Match не приводит к overwrite,Critical,Concurrency/integration,OpenAPI `PATCH_api_v1_catalog_items_id`; Stage_3_Field_Traceability.csv,"Given серверное состояние изменилось после загрузки клиентом
When клиент отправляет `PATCH /api/v1/catalog-items/{id}` с устаревшей If-Match
Then сервер отклоняет команду без overwrite
And клиент сохраняет draft и предлагает refresh/compare/reapply или безопасный повтор"
AC-657,MOD-011,FR-101,[STATE-010/STATE-011/STATE-012] Server unavailable/read-only: команда Изменить элемент каталога не ставится в offline queue,Critical,Desktop/resilience,OpenAPI `PATCH_api_v1_catalog_items_id`; Stage_3_Field_Traceability.csv,"Given сервер недоступен или приложение находится в read-only cache mode
When пользователь пытается выполнить «Изменить элемент каталога»
Then команда не отправляется и не помещается в offline business queue
And UI сохраняет допустимый local draft или сообщает, что действие требует соединения"
AC-658,MOD-011,FR-101,[STATE-018] Удалённый объект: команда не применяется к trashed target и не создаёт новый объект,High,Lifecycle/integration,OpenAPI `PATCH_api_v1_catalog_items_id`; Stage_3_Field_Traceability.csv,"Given target object был перемещён в Trash или удалён после загрузки
When выполняется `PATCH /api/v1/catalog-items/{id}`
Then сервер возвращает OBJECT_DELETED/OBJECT_NOT_VISIBLE согласно текущим правам
And клиент не восстанавливает optimistic state и предлагает только разрешённый restore/open Trash"
AC-659,MOD-011,FR-102,[STATE-017] Happy path: Архивировать элемент каталога,Critical,Contract/integration,OpenAPI `POST_api_v1_catalog_items_id_archive`; Stage_3_Field_Traceability.csv,"Given пользователь имеет `FileCatalog.Update` и выполнены предусловия
When клиент отправляет `POST /api/v1/catalog-items/{id}/archive` с контрактным payload и headers
Then сервер возвращает успешный контрактный ответ
And клиент отображает только authoritative response"
AC-660,MOD-011,FR-102,[STATE-008/STATE-009/STATE-017] Permission denied: Архивировать элемент каталога не выполняется и данные не раскрываются,Critical,Security/authorization,OpenAPI `POST_api_v1_catalog_items_id_archive`; Stage_3_Field_Traceability.csv,"Given пользователь аутентифицирован, но не имеет `FileCatalog.Update` или требуемой relation
When клиент запрашивает `POST /api/v1/catalog-items/{id}/archive`
Then сервер возвращает 403/OBJECT_NOT_VISIBLE согласно контракту
And клиент не раскрывает скрытые данные и не применяет optimistic UI change"
AC-661,MOD-011,FR-102,[STATE-017/STATE-032/STATE-033/STATE-034] Session/device interruption: операция прекращается без сохранения неподтверждённого состояния,Critical,Security/session,OpenAPI `POST_api_v1_catalog_items_id_archive`; Stage_3_Field_Traceability.csv,"Given access/refresh session или device больше не действительны
When клиент обращается к `POST /api/v1/catalog-items/{id}/archive`
Then сервер возвращает стабильную auth/session/device ошибку
And клиент прекращает команды, очищает запрещённые credentials/cache по политике и переводит пользователя в безопасный login/recovery flow"
AC-662,MOD-011,FR-102,[STATE-007/STATE-017] Validation: fieldErrors сохраняют draft и привязываются к canonical field path,High,Contract/UI,OpenAPI `POST_api_v1_catalog_items_id_archive`; Stage_3_Field_Traceability.csv,"Given пользователь заполнил payload для `POST_api_v1_catalog_items_id_archive` с нарушением DTO constraint
When сервер возвращает VALIDATION_FAILED с fieldErrors
Then draft сохраняется, ошибки связываются с canonical field paths и фокус переходит к первой ошибке"
AC-663,MOD-011,FR-102,[STATE-014/STATE-017/STATE-025] Conflict/precondition: устаревшая или отсутствующая If-Match не приводит к overwrite,Critical,Concurrency/integration,OpenAPI `POST_api_v1_catalog_items_id_archive`; Stage_3_Field_Traceability.csv,"Given серверное состояние изменилось после загрузки клиентом
When клиент отправляет `POST /api/v1/catalog-items/{id}/archive` с устаревшей If-Match
Then сервер отклоняет команду без overwrite
And клиент сохраняет draft и предлагает refresh/compare/reapply или безопасный повтор"
AC-664,MOD-011,FR-102,[STATE-010/STATE-011/STATE-012] Server unavailable/read-only: команда Архивировать элемент каталога не ставится в offline queue,Critical,Desktop/resilience,OpenAPI `POST_api_v1_catalog_items_id_archive`; Stage_3_Field_Traceability.csv,"Given сервер недоступен или приложение находится в read-only cache mode
When пользователь пытается выполнить «Архивировать элемент каталога»
Then команда не отправляется и не помещается в offline business queue
And UI сохраняет допустимый local draft или сообщает, что действие требует соединения"
AC-665,MOD-011,FR-102,[STATE-017/STATE-020] Idempotency: повтор с тем же key/hash не создаёт двойной side effect,Critical,Integration,OpenAPI `POST_api_v1_catalog_items_id_archive`; Stage_3_Field_Traceability.csv,"Given первая команда `POST_api_v1_catalog_items_id_archive` уже принята с idempotency key и payload hash
When клиент безопасно повторяет тот же key и payload
Then сервер возвращает тот же бизнес-результат без второго side effect
And другой payload с тем же key отклоняется как IDEMPOTENCY_KEY_REUSED"
AC-666,MOD-011,FR-102,[STATE-018] Удалённый объект: команда не применяется к trashed target и не создаёт новый объект,High,Lifecycle/integration,OpenAPI `POST_api_v1_catalog_items_id_archive`; Stage_3_Field_Traceability.csv,"Given target object был перемещён в Trash или удалён после загрузки
When выполняется `POST /api/v1/catalog-items/{id}/archive`
Then сервер возвращает OBJECT_DELETED/OBJECT_NOT_VISIBLE согласно текущим правам
And клиент не восстанавливает optimistic state и предлагает только разрешённый restore/open Trash"
AC-667,MOD-011,FR-103,Happy path: Разрешённые locations,High,Contract/integration,OpenAPI `GET_api_v1_catalog_items_id_locations`; Stage_3_Field_Traceability.csv,
AC-668,MOD-011,FR-103,[STATE-008/STATE-009/STATE-031] Permission denied: Разрешённые locations не выполняется и данные не раскрываются,Critical,Security/authorization,OpenAPI `GET_api_v1_catalog_items_id_locations`; Stage_3_Field_Traceability.csv,"Given пользователь аутентифицирован, но не имеет `FileReference.Open` или требуемой relation
When клиент запрашивает `GET /api/v1/catalog-items/{id}/locations`
Then сервер возвращает 403/OBJECT_NOT_VISIBLE согласно контракту
And клиент не раскрывает скрытые данные и не применяет optimistic UI change"
AC-669,MOD-011,FR-103,[STATE-032/STATE-033/STATE-034] Session/device interruption: операция прекращается без сохранения неподтверждённого состояния,Critical,Security/session,OpenAPI `GET_api_v1_catalog_items_id_locations`; Stage_3_Field_Traceability.csv,"Given access/refresh session или device больше не действительны
When клиент обращается к `GET /api/v1/catalog-items/{id}/locations`
Then сервер возвращает стабильную auth/session/device ошибку
And клиент прекращает команды, очищает запрещённые credentials/cache по политике и переводит пользователя в безопасный login/recovery flow"
AC-670,MOD-011,FR-104,[STATE-031] Happy path: Добавить location,Critical,Contract/integration,OpenAPI `POST_api_v1_catalog_items_id_locations`; Stage_3_Field_Traceability.csv,"Given пользователь имеет `FileLocation.Update` и выполнены предусловия
When клиент отправляет `POST /api/v1/catalog-items/{id}/locations` с контрактным payload и headers
Then сервер возвращает успешный контрактный ответ
And клиент отображает только authoritative response"
AC-671,MOD-011,FR-104,[STATE-008/STATE-009/STATE-031] Permission denied: Добавить location не выполняется и данные не раскрываются,Critical,Security/authorization,OpenAPI `POST_api_v1_catalog_items_id_locations`; Stage_3_Field_Traceability.csv,"Given пользователь аутентифицирован, но не имеет `FileLocation.Update` или требуемой relation
When клиент запрашивает `POST /api/v1/catalog-items/{id}/locations`
Then сервер возвращает 403/OBJECT_NOT_VISIBLE согласно контракту
And клиент не раскрывает скрытые данные и не применяет optimistic UI change"
AC-672,MOD-011,FR-104,[STATE-032/STATE-033/STATE-034] Session/device interruption: операция прекращается без сохранения неподтверждённого состояния,Critical,Security/session,OpenAPI `POST_api_v1_catalog_items_id_locations`; Stage_3_Field_Traceability.csv,"Given access/refresh session или device больше не действительны
When клиент обращается к `POST /api/v1/catalog-items/{id}/locations`
Then сервер возвращает стабильную auth/session/device ошибку
And клиент прекращает команды, очищает запрещённые credentials/cache по политике и переводит пользователя в безопасный login/recovery flow"
AC-673,MOD-011,FR-104,[STATE-007] Validation: fieldErrors сохраняют draft и привязываются к canonical field path,High,Contract/UI,OpenAPI `POST_api_v1_catalog_items_id_locations`; Stage_3_Field_Traceability.csv,"Given пользователь заполнил payload для `POST_api_v1_catalog_items_id_locations` с нарушением DTO constraint
When сервер возвращает VALIDATION_FAILED с fieldErrors
Then draft сохраняется, ошибки связываются с canonical field paths и фокус переходит к первой ошибке"
AC-674,MOD-011,FR-104,[STATE-014/STATE-025] Conflict/precondition: устаревшая или отсутствующая If-Match не приводит к overwrite,Critical,Concurrency/integration,OpenAPI `POST_api_v1_catalog_items_id_locations`; Stage_3_Field_Traceability.csv,"Given серверное состояние изменилось после загрузки клиентом
When клиент отправляет `POST /api/v1/catalog-items/{id}/locations` с устаревшей If-Match
Then сервер отклоняет команду без overwrite
And клиент сохраняет draft и предлагает refresh/compare/reapply или безопасный повтор"
AC-675,MOD-011,FR-104,[STATE-010/STATE-011/STATE-012] Server unavailable/read-only: команда Добавить location не ставится в offline queue,Critical,Desktop/resilience,OpenAPI `POST_api_v1_catalog_items_id_locations`; Stage_3_Field_Traceability.csv,"Given сервер недоступен или приложение находится в read-only cache mode
When пользователь пытается выполнить «Добавить location»
Then команда не отправляется и не помещается в offline business queue
And UI сохраняет допустимый local draft или сообщает, что действие требует соединения"
AC-676,MOD-011,FR-104,[STATE-020] Idempotency: повтор с тем же key/hash не создаёт двойной side effect,Critical,Integration,OpenAPI `POST_api_v1_catalog_items_id_locations`; Stage_3_Field_Traceability.csv,"Given первая команда `POST_api_v1_catalog_items_id_locations` уже принята с idempotency key и payload hash
When клиент безопасно повторяет тот же key и payload
Then сервер возвращает тот же бизнес-результат без второго side effect
And другой payload с тем же key отклоняется как IDEMPOTENCY_KEY_REUSED"
AC-677,MOD-011,FR-104,[STATE-018] Удалённый объект: команда не применяется к trashed target и не создаёт новый объект,High,Lifecycle/integration,OpenAPI `POST_api_v1_catalog_items_id_locations`; Stage_3_Field_Traceability.csv,"Given target object был перемещён в Trash или удалён после загрузки
When выполняется `POST /api/v1/catalog-items/{id}/locations`
Then сервер возвращает OBJECT_DELETED/OBJECT_NOT_VISIBLE согласно текущим правам
And клиент не восстанавливает optimistic state и предлагает только разрешённый restore/open Trash"
AC-678,MOD-011,FR-105,[STATE-031] Happy path: Удалить location,Critical,Contract/integration,OpenAPI `DELETE_api_v1_catalog_items_id_locations_locationId`; Stage_3_Field_Traceability.csv,"Given пользователь имеет `FileLocation.Update` и выполнены предусловия
When клиент отправляет `DELETE /api/v1/catalog-items/{id}/locations/{locationId}` с контрактным payload и headers
Then сервер возвращает успешный контрактный ответ
And клиент отображает только authoritative response"
AC-679,MOD-011,FR-105,[STATE-008/STATE-009/STATE-031] Permission denied: Удалить location не выполняется и данные не раскрываются,Critical,Security/authorization,OpenAPI `DELETE_api_v1_catalog_items_id_locations_locationId`; Stage_3_Field_Traceability.csv,"Given пользователь аутентифицирован, но не имеет `FileLocation.Update` или требуемой relation
When клиент запрашивает `DELETE /api/v1/catalog-items/{id}/locations/{locationId}`
Then сервер возвращает 403/OBJECT_NOT_VISIBLE согласно контракту
And клиент не раскрывает скрытые данные и не применяет optimistic UI change"
AC-680,MOD-011,FR-105,[STATE-032/STATE-033/STATE-034] Session/device interruption: операция прекращается без сохранения неподтверждённого состояния,Critical,Security/session,OpenAPI `DELETE_api_v1_catalog_items_id_locations_locationId`; Stage_3_Field_Traceability.csv,"Given access/refresh session или device больше не действительны
When клиент обращается к `DELETE /api/v1/catalog-items/{id}/locations/{locationId}`
Then сервер возвращает стабильную auth/session/device ошибку
And клиент прекращает команды, очищает запрещённые credentials/cache по политике и переводит пользователя в безопасный login/recovery flow"
AC-681,MOD-011,FR-105,[STATE-007] Validation: fieldErrors сохраняют draft и привязываются к canonical field path,High,Contract/UI,OpenAPI `DELETE_api_v1_catalog_items_id_locations_locationId`; Stage_3_Field_Traceability.csv,"Given пользователь заполнил payload для `DELETE_api_v1_catalog_items_id_locations_locationId` с нарушением DTO constraint
When сервер возвращает VALIDATION_FAILED с fieldErrors
Then draft сохраняется, ошибки связываются с canonical field paths и фокус переходит к первой ошибке"
AC-682,MOD-011,FR-105,[STATE-014/STATE-025] Conflict/precondition: устаревшая или отсутствующая If-Match не приводит к overwrite,Critical,Concurrency/integration,OpenAPI `DELETE_api_v1_catalog_items_id_locations_locationId`; Stage_3_Field_Traceability.csv,"Given серверное состояние изменилось после загрузки клиентом
When клиент отправляет `DELETE /api/v1/catalog-items/{id}/locations/{locationId}` с устаревшей If-Match
Then сервер отклоняет команду без overwrite
And клиент сохраняет draft и предлагает refresh/compare/reapply или безопасный повтор"
AC-683,MOD-011,FR-105,[STATE-010/STATE-011/STATE-012] Server unavailable/read-only: команда Удалить location не ставится в offline queue,Critical,Desktop/resilience,OpenAPI `DELETE_api_v1_catalog_items_id_locations_locationId`; Stage_3_Field_Traceability.csv,"Given сервер недоступен или приложение находится в read-only cache mode
When пользователь пытается выполнить «Удалить location»
Then команда не отправляется и не помещается в offline business queue
And UI сохраняет допустимый local draft или сообщает, что действие требует соединения"
AC-684,MOD-011,FR-105,[STATE-018] Удалённый объект: команда не применяется к trashed target и не создаёт новый объект,High,Lifecycle/integration,OpenAPI `DELETE_api_v1_catalog_items_id_locations_locationId`; Stage_3_Field_Traceability.csv,"Given target object был перемещён в Trash или удалён после загрузки
When выполняется `DELETE /api/v1/catalog-items/{id}/locations/{locationId}`
Then сервер возвращает OBJECT_DELETED/OBJECT_NOT_VISIBLE согласно текущим правам
And клиент не восстанавливает optimistic state и предлагает только разрешённый restore/open Trash"
AC-685,MOD-011,FR-106,[STATE-031] Happy path: Перепривязать location,Critical,Contract/integration,OpenAPI `PATCH_api_v1_catalog_items_id_locations_locationId`; Stage_3_Field_Traceability.csv,"Given пользователь имеет `FileLocation.Update` и выполнены предусловия
When клиент отправляет `PATCH /api/v1/catalog-items/{id}/locations/{locationId}` с контрактным payload и headers
Then сервер возвращает успешный контрактный ответ
And клиент отображает только authoritative response"
AC-686,MOD-011,FR-106,[STATE-008/STATE-009/STATE-031] Permission denied: Перепривязать location не выполняется и данные не раскрываются,Critical,Security/authorization,OpenAPI `PATCH_api_v1_catalog_items_id_locations_locationId`; Stage_3_Field_Traceability.csv,"Given пользователь аутентифицирован, но не имеет `FileLocation.Update` или требуемой relation
When клиент запрашивает `PATCH /api/v1/catalog-items/{id}/locations/{locationId}`
Then сервер возвращает 403/OBJECT_NOT_VISIBLE согласно контракту
And клиент не раскрывает скрытые данные и не применяет optimistic UI change"
AC-687,MOD-011,FR-106,[STATE-032/STATE-033/STATE-034] Session/device interruption: операция прекращается без сохранения неподтверждённого состояния,Critical,Security/session,OpenAPI `PATCH_api_v1_catalog_items_id_locations_locationId`; Stage_3_Field_Traceability.csv,"Given access/refresh session или device больше не действительны
When клиент обращается к `PATCH /api/v1/catalog-items/{id}/locations/{locationId}`
Then сервер возвращает стабильную auth/session/device ошибку
And клиент прекращает команды, очищает запрещённые credentials/cache по политике и переводит пользователя в безопасный login/recovery flow"
AC-688,MOD-011,FR-106,[STATE-007] Validation: fieldErrors сохраняют draft и привязываются к canonical field path,High,Contract/UI,OpenAPI `PATCH_api_v1_catalog_items_id_locations_locationId`; Stage_3_Field_Traceability.csv,"Given пользователь заполнил payload для `PATCH_api_v1_catalog_items_id_locations_locationId` с нарушением DTO constraint
When сервер возвращает VALIDATION_FAILED с fieldErrors
Then draft сохраняется, ошибки связываются с canonical field paths и фокус переходит к первой ошибке"
AC-689,MOD-011,FR-106,[STATE-014/STATE-025] Conflict/precondition: устаревшая или отсутствующая If-Match не приводит к overwrite,Critical,Concurrency/integration,OpenAPI `PATCH_api_v1_catalog_items_id_locations_locationId`; Stage_3_Field_Traceability.csv,"Given серверное состояние изменилось после загрузки клиентом
When клиент отправляет `PATCH /api/v1/catalog-items/{id}/locations/{locationId}` с устаревшей If-Match
Then сервер отклоняет команду без overwrite
And клиент сохраняет draft и предлагает refresh/compare/reapply или безопасный повтор"
AC-690,MOD-011,FR-106,[STATE-010/STATE-011/STATE-012] Server unavailable/read-only: команда Перепривязать location не ставится в offline queue,Critical,Desktop/resilience,OpenAPI `PATCH_api_v1_catalog_items_id_locations_locationId`; Stage_3_Field_Traceability.csv,"Given сервер недоступен или приложение находится в read-only cache mode
When пользователь пытается выполнить «Перепривязать location»
Then команда не отправляется и не помещается в offline business queue
And UI сохраняет допустимый local draft или сообщает, что действие требует соединения"
AC-691,MOD-011,FR-106,[STATE-020] Idempotency: повтор с тем же key/hash не создаёт двойной side effect,Critical,Integration,OpenAPI `PATCH_api_v1_catalog_items_id_locations_locationId`; Stage_3_Field_Traceability.csv,"Given первая команда `PATCH_api_v1_catalog_items_id_locations_locationId` уже принята с idempotency key и payload hash
When клиент безопасно повторяет тот же key и payload
Then сервер возвращает тот же бизнес-результат без второго side effect
And другой payload с тем же key отклоняется как IDEMPOTENCY_KEY_REUSED"
AC-692,MOD-011,FR-106,[STATE-018] Удалённый объект: команда не применяется к trashed target и не создаёт новый объект,High,Lifecycle/integration,OpenAPI `PATCH_api_v1_catalog_items_id_locations_locationId`; Stage_3_Field_Traceability.csv,"Given target object был перемещён в Trash или удалён после загрузки
When выполняется `PATCH /api/v1/catalog-items/{id}/locations/{locationId}`
Then сервер возвращает OBJECT_DELETED/OBJECT_NOT_VISIBLE согласно текущим правам
And клиент не восстанавливает optimistic state и предлагает только разрешённый restore/open Trash"
AC-693,MOD-011,FR-107,Happy path: Переместить в виртуальном дереве,Critical,Contract/integration,OpenAPI `POST_api_v1_catalog_items_id_move`; Stage_3_Field_Traceability.csv,"Given пользователь имеет `FileCatalog.Update` и выполнены предусловия
When клиент отправляет `POST /api/v1/catalog-items/{id}/move` с контрактным payload и headers
Then сервер возвращает успешный контрактный ответ
And клиент отображает только authoritative response"
AC-694,MOD-011,FR-107,[STATE-008/STATE-009] Permission denied: Переместить в виртуальном дереве не выполняется и данные не раскрываются,Critical,Security/authorization,OpenAPI `POST_api_v1_catalog_items_id_move`; Stage_3_Field_Traceability.csv,"Given пользователь аутентифицирован, но не имеет `FileCatalog.Update` или требуемой relation
When клиент запрашивает `POST /api/v1/catalog-items/{id}/move`
Then сервер возвращает 403/OBJECT_NOT_VISIBLE согласно контракту
And клиент не раскрывает скрытые данные и не применяет optimistic UI change"
AC-695,MOD-011,FR-107,[STATE-032/STATE-033/STATE-034] Session/device interruption: операция прекращается без сохранения неподтверждённого состояния,Critical,Security/session,OpenAPI `POST_api_v1_catalog_items_id_move`; Stage_3_Field_Traceability.csv,"Given access/refresh session или device больше не действительны
When клиент обращается к `POST /api/v1/catalog-items/{id}/move`
Then сервер возвращает стабильную auth/session/device ошибку
And клиент прекращает команды, очищает запрещённые credentials/cache по политике и переводит пользователя в безопасный login/recovery flow"
AC-696,MOD-011,FR-107,[STATE-007] Validation: fieldErrors сохраняют draft и привязываются к canonical field path,High,Contract/UI,OpenAPI `POST_api_v1_catalog_items_id_move`; Stage_3_Field_Traceability.csv,"Given пользователь заполнил payload для `POST_api_v1_catalog_items_id_move` с нарушением DTO constraint
When сервер возвращает VALIDATION_FAILED с fieldErrors
Then draft сохраняется, ошибки связываются с canonical field paths и фокус переходит к первой ошибке"
AC-697,MOD-011,FR-107,[STATE-014/STATE-025] Conflict/precondition: устаревшая или отсутствующая If-Match не приводит к overwrite,Critical,Concurrency/integration,OpenAPI `POST_api_v1_catalog_items_id_move`; Stage_3_Field_Traceability.csv,"Given серверное состояние изменилось после загрузки клиентом
When клиент отправляет `POST /api/v1/catalog-items/{id}/move` с устаревшей If-Match
Then сервер отклоняет команду без overwrite
And клиент сохраняет draft и предлагает refresh/compare/reapply или безопасный повтор"
AC-698,MOD-011,FR-107,[STATE-010/STATE-011/STATE-012] Server unavailable/read-only: команда Переместить в виртуальном дереве не ставится в offline queue,Critical,Desktop/resilience,OpenAPI `POST_api_v1_catalog_items_id_move`; Stage_3_Field_Traceability.csv,"Given сервер недоступен или приложение находится в read-only cache mode
When пользователь пытается выполнить «Переместить в виртуальном дереве»
Then команда не отправляется и не помещается в offline business queue
And UI сохраняет допустимый local draft или сообщает, что действие требует соединения"
AC-699,MOD-011,FR-107,[STATE-020] Idempotency: повтор с тем же key/hash не создаёт двойной side effect,Critical,Integration,OpenAPI `POST_api_v1_catalog_items_id_move`; Stage_3_Field_Traceability.csv,"Given первая команда `POST_api_v1_catalog_items_id_move` уже принята с idempotency key и payload hash
When клиент безопасно повторяет тот же key и payload
Then сервер возвращает тот же бизнес-результат без второго side effect
And другой payload с тем же key отклоняется как IDEMPOTENCY_KEY_REUSED"
AC-700,MOD-011,FR-107,[STATE-018] Удалённый объект: команда не применяется к trashed target и не создаёт новый объект,High,Lifecycle/integration,OpenAPI `POST_api_v1_catalog_items_id_move`; Stage_3_Field_Traceability.csv,"Given target object был перемещён в Trash или удалён после загрузки
When выполняется `POST /api/v1/catalog-items/{id}/move`
Then сервер возвращает OBJECT_DELETED/OBJECT_NOT_VISIBLE согласно текущим правам
And клиент не восстанавливает optimistic state и предлагает только разрешённый restore/open Trash"
AC-701,MOD-011,FR-108,[STATE-031] Happy path: Выбрать путь для устройства,Critical,Contract/integration,OpenAPI `POST_api_v1_catalog_items_id_resolve_location`; Stage_3_Field_Traceability.csv,"Given пользователь имеет `FileReference.Open` и выполнены предусловия
When клиент отправляет `POST /api/v1/catalog-items/{id}/resolve-location` с контрактным payload и headers
Then сервер возвращает успешный контрактный ответ
And клиент отображает только authoritative response"
AC-702,MOD-011,FR-108,[STATE-008/STATE-009/STATE-031] Permission denied: Выбрать путь для устройства не выполняется и данные не раскрываются,Critical,Security/authorization,OpenAPI `POST_api_v1_catalog_items_id_resolve_location`; Stage_3_Field_Traceability.csv,"Given пользователь аутентифицирован, но не имеет `FileReference.Open` или требуемой relation
When клиент запрашивает `POST /api/v1/catalog-items/{id}/resolve-location`
Then сервер возвращает 403/OBJECT_NOT_VISIBLE согласно контракту
And клиент не раскрывает скрытые данные и не применяет optimistic UI change"
AC-703,MOD-011,FR-108,[STATE-032/STATE-033/STATE-034] Session/device interruption: операция прекращается без сохранения неподтверждённого состояния,Critical,Security/session,OpenAPI `POST_api_v1_catalog_items_id_resolve_location`; Stage_3_Field_Traceability.csv,"Given access/refresh session или device больше не действительны
When клиент обращается к `POST /api/v1/catalog-items/{id}/resolve-location`
Then сервер возвращает стабильную auth/session/device ошибку
And клиент прекращает команды, очищает запрещённые credentials/cache по политике и переводит пользователя в безопасный login/recovery flow"
AC-704,MOD-011,FR-108,[STATE-007] Validation: fieldErrors сохраняют draft и привязываются к canonical field path,High,Contract/UI,OpenAPI `POST_api_v1_catalog_items_id_resolve_location`; Stage_3_Field_Traceability.csv,"Given пользователь заполнил payload для `POST_api_v1_catalog_items_id_resolve_location` с нарушением DTO constraint
When сервер возвращает VALIDATION_FAILED с fieldErrors
Then draft сохраняется, ошибки связываются с canonical field paths и фокус переходит к первой ошибке"
AC-705,MOD-011,FR-108,[STATE-014/STATE-025] Conflict/precondition: устаревшая или отсутствующая контрактная версия/precondition не приводит к overwrite,Critical,Concurrency/integration,OpenAPI `POST_api_v1_catalog_items_id_resolve_location`; Stage_3_Field_Traceability.csv,"Given серверное состояние изменилось после загрузки клиентом
When клиент отправляет `POST /api/v1/catalog-items/{id}/resolve-location` с устаревшей контрактная версия/precondition
Then сервер отклоняет команду без overwrite
And клиент сохраняет draft и предлагает refresh/compare/reapply или безопасный повтор"
AC-706,MOD-011,FR-108,[STATE-010/STATE-011/STATE-012] Server unavailable/read-only: команда Выбрать путь для устройства не ставится в offline queue,Critical,Desktop/resilience,OpenAPI `POST_api_v1_catalog_items_id_resolve_location`; Stage_3_Field_Traceability.csv,"Given сервер недоступен или приложение находится в read-only cache mode
When пользователь пытается выполнить «Выбрать путь для устройства»
Then команда не отправляется и не помещается в offline business queue
And UI сохраняет допустимый local draft или сообщает, что действие требует соединения"
AC-707,MOD-011,FR-108,[STATE-020] Idempotency: повтор с тем же key/hash не создаёт двойной side effect,Critical,Integration,OpenAPI `POST_api_v1_catalog_items_id_resolve_location`; Stage_3_Field_Traceability.csv,"Given первая команда `POST_api_v1_catalog_items_id_resolve_location` уже принята с idempotency key и payload hash
When клиент безопасно повторяет тот же key и payload
Then сервер возвращает тот же бизнес-результат без второго side effect
And другой payload с тем же key отклоняется как IDEMPOTENCY_KEY_REUSED"
AC-708,MOD-011,FR-108,[STATE-018] Удалённый объект: команда не применяется к trashed target и не создаёт новый объект,High,Lifecycle/integration,OpenAPI `POST_api_v1_catalog_items_id_resolve_location`; Stage_3_Field_Traceability.csv,"Given target object был перемещён в Trash или удалён после загрузки
When выполняется `POST /api/v1/catalog-items/{id}/resolve-location`
Then сервер возвращает OBJECT_DELETED/OBJECT_NOT_VISIBLE согласно текущим правам
And клиент не восстанавливает optimistic state и предлагает только разрешённый restore/open Trash"
AC-709,MOD-011,FR-109,[STATE-018] Happy path: Восстановить элемент каталога,Critical,Contract/integration,OpenAPI `POST_api_v1_catalog_items_id_restore`; Stage_3_Field_Traceability.csv,"Given пользователь имеет `FileCatalog.Restore` и выполнены предусловия
When клиент отправляет `POST /api/v1/catalog-items/{id}/restore` с контрактным payload и headers
Then сервер возвращает успешный контрактный ответ
And клиент отображает только authoritative response"
AC-710,MOD-011,FR-109,[STATE-008/STATE-009/STATE-018] Permission denied: Восстановить элемент каталога не выполняется и данные не раскрываются,Critical,Security/authorization,OpenAPI `POST_api_v1_catalog_items_id_restore`; Stage_3_Field_Traceability.csv,"Given пользователь аутентифицирован, но не имеет `FileCatalog.Restore` или требуемой relation
When клиент запрашивает `POST /api/v1/catalog-items/{id}/restore`
Then сервер возвращает 403/OBJECT_NOT_VISIBLE согласно контракту
And клиент не раскрывает скрытые данные и не применяет optimistic UI change"
AC-711,MOD-011,FR-109,[STATE-018/STATE-032/STATE-033/STATE-034] Session/device interruption: операция прекращается без сохранения неподтверждённого состояния,Critical,Security/session,OpenAPI `POST_api_v1_catalog_items_id_restore`; Stage_3_Field_Traceability.csv,"Given access/refresh session или device больше не действительны
When клиент обращается к `POST /api/v1/catalog-items/{id}/restore`
Then сервер возвращает стабильную auth/session/device ошибку
And клиент прекращает команды, очищает запрещённые credentials/cache по политике и переводит пользователя в безопасный login/recovery flow"
AC-712,MOD-011,FR-109,[STATE-007/STATE-018] Validation: fieldErrors сохраняют draft и привязываются к canonical field path,High,Contract/UI,OpenAPI `POST_api_v1_catalog_items_id_restore`; Stage_3_Field_Traceability.csv,"Given пользователь заполнил payload для `POST_api_v1_catalog_items_id_restore` с нарушением DTO constraint
When сервер возвращает VALIDATION_FAILED с fieldErrors
Then draft сохраняется, ошибки связываются с canonical field paths и фокус переходит к первой ошибке"
AC-713,MOD-011,FR-109,[STATE-014/STATE-018/STATE-025] Conflict/precondition: устаревшая или отсутствующая If-Match не приводит к overwrite,Critical,Concurrency/integration,OpenAPI `POST_api_v1_catalog_items_id_restore`; Stage_3_Field_Traceability.csv,"Given серверное состояние изменилось после загрузки клиентом
When клиент отправляет `POST /api/v1/catalog-items/{id}/restore` с устаревшей If-Match
Then сервер отклоняет команду без overwrite
And клиент сохраняет draft и предлагает refresh/compare/reapply или безопасный повтор"
AC-714,MOD-011,FR-109,[STATE-010/STATE-011/STATE-012] Server unavailable/read-only: команда Восстановить элемент каталога не ставится в offline queue,Critical,Desktop/resilience,OpenAPI `POST_api_v1_catalog_items_id_restore`; Stage_3_Field_Traceability.csv,"Given сервер недоступен или приложение находится в read-only cache mode
When пользователь пытается выполнить «Восстановить элемент каталога»
Then команда не отправляется и не помещается в offline business queue
And UI сохраняет допустимый local draft или сообщает, что действие требует соединения"
AC-715,MOD-011,FR-109,[STATE-018/STATE-020] Idempotency: повтор с тем же key/hash не создаёт двойной side effect,Critical,Integration,OpenAPI `POST_api_v1_catalog_items_id_restore`; Stage_3_Field_Traceability.csv,"Given первая команда `POST_api_v1_catalog_items_id_restore` уже принята с idempotency key и payload hash
When клиент безопасно повторяет тот же key и payload
Then сервер возвращает тот же бизнес-результат без второго side effect
And другой payload с тем же key отклоняется как IDEMPOTENCY_KEY_REUSED"
AC-716,MOD-011,FR-109,[STATE-018] Удалённый объект: команда не применяется к trashed target и не создаёт новый объект,High,Lifecycle/integration,OpenAPI `POST_api_v1_catalog_items_id_restore`; Stage_3_Field_Traceability.csv,"Given target object был перемещён в Trash или удалён после загрузки
When выполняется `POST /api/v1/catalog-items/{id}/restore`
Then сервер возвращает OBJECT_DELETED/OBJECT_NOT_VISIBLE согласно текущим правам
And клиент не восстанавливает optimistic state и предлагает только разрешённый restore/open Trash"
AC-717,MOD-011,FR-110,[STATE-017] Happy path: Вернуть элемент каталога из архива,Critical,Contract/integration,OpenAPI `POST_api_v1_catalog_items_id_unarchive`; Stage_3_Field_Traceability.csv,"Given пользователь имеет `FileCatalog.Update` и выполнены предусловия
When клиент отправляет `POST /api/v1/catalog-items/{id}/unarchive` с контрактным payload и headers
Then сервер возвращает успешный контрактный ответ
And клиент отображает только authoritative response"
AC-718,MOD-011,FR-110,[STATE-008/STATE-009/STATE-017] Permission denied: Вернуть элемент каталога из архива не выполняется и данные не раскрываются,Critical,Security/authorization,OpenAPI `POST_api_v1_catalog_items_id_unarchive`; Stage_3_Field_Traceability.csv,"Given пользователь аутентифицирован, но не имеет `FileCatalog.Update` или требуемой relation
When клиент запрашивает `POST /api/v1/catalog-items/{id}/unarchive`
Then сервер возвращает 403/OBJECT_NOT_VISIBLE согласно контракту
And клиент не раскрывает скрытые данные и не применяет optimistic UI change"
AC-719,MOD-011,FR-110,[STATE-017/STATE-032/STATE-033/STATE-034] Session/device interruption: операция прекращается без сохранения неподтверждённого состояния,Critical,Security/session,OpenAPI `POST_api_v1_catalog_items_id_unarchive`; Stage_3_Field_Traceability.csv,"Given access/refresh session или device больше не действительны
When клиент обращается к `POST /api/v1/catalog-items/{id}/unarchive`
Then сервер возвращает стабильную auth/session/device ошибку
And клиент прекращает команды, очищает запрещённые credentials/cache по политике и переводит пользователя в безопасный login/recovery flow"
AC-720,MOD-011,FR-110,[STATE-014/STATE-017/STATE-025] Conflict/precondition: устаревшая или отсутствующая If-Match не приводит к overwrite,Critical,Concurrency/integration,OpenAPI `POST_api_v1_catalog_items_id_unarchive`; Stage_3_Field_Traceability.csv,"Given серверное состояние изменилось после загрузки клиентом
When клиент отправляет `POST /api/v1/catalog-items/{id}/unarchive` с устаревшей If-Match
Then сервер отклоняет команду без overwrite
And клиент сохраняет draft и предлагает refresh/compare/reapply или безопасный повтор"
AC-721,MOD-011,FR-110,[STATE-010/STATE-011/STATE-012] Server unavailable/read-only: команда Вернуть элемент каталога из архива не ставится в offline queue,Critical,Desktop/resilience,OpenAPI `POST_api_v1_catalog_items_id_unarchive`; Stage_3_Field_Traceability.csv,"Given сервер недоступен или приложение находится в read-only cache mode
When пользователь пытается выполнить «Вернуть элемент каталога из архива»
Then команда не отправляется и не помещается в offline business queue
And UI сохраняет допустимый local draft или сообщает, что действие требует соединения"
AC-722,MOD-011,FR-110,[STATE-018] Удалённый объект: команда не применяется к trashed target и не создаёт новый объект,High,Lifecycle/integration,OpenAPI `POST_api_v1_catalog_items_id_unarchive`; Stage_3_Field_Traceability.csv,"Given target object был перемещён в Trash или удалён после загрузки
When выполняется `POST /api/v1/catalog-items/{id}/unarchive`
Then сервер возвращает OBJECT_DELETED/OBJECT_NOT_VISIBLE согласно текущим правам
And клиент не восстанавливает optimistic state и предлагает только разрешённый restore/open Trash"
AC-723,MOD-011,FR-111,Happy path: Дерево виртуального каталога,High,Contract/integration,OpenAPI `GET_api_v1_catalog_tree`; Stage_3_Field_Traceability.csv,
AC-724,MOD-011,FR-111,[STATE-008/STATE-009] Permission denied: Дерево виртуального каталога не выполняется и данные не раскрываются,Critical,Security/authorization,OpenAPI `GET_api_v1_catalog_tree`; Stage_3_Field_Traceability.csv,"Given пользователь аутентифицирован, но не имеет `FileCatalog.Read` или требуемой relation
When клиент запрашивает `GET /api/v1/catalog/tree`
Then сервер возвращает 403/OBJECT_NOT_VISIBLE согласно контракту
And клиент не раскрывает скрытые данные и не применяет optimistic UI change"
AC-725,MOD-011,FR-111,[STATE-032/STATE-033/STATE-034] Session/device interruption: операция прекращается без сохранения неподтверждённого состояния,Critical,Security/session,OpenAPI `GET_api_v1_catalog_tree`; Stage_3_Field_Traceability.csv,"Given access/refresh session или device больше не действительны
When клиент обращается к `GET /api/v1/catalog/tree`
Then сервер возвращает стабильную auth/session/device ошибку
And клиент прекращает команды, очищает запрещённые credentials/cache по политике и переводит пользователя в безопасный login/recovery flow"
AC-726,MOD-011,FR-112,[STATE-031] Happy path: Передать результат desktop probe,Critical,Contract/integration,OpenAPI `POST_api_v1_file_locations_id_check_result`; Stage_3_Field_Traceability.csv,"Given пользователь имеет `FileReference.Open` и выполнены предусловия
When клиент отправляет `POST /api/v1/file-locations/{id}/check-result` с контрактным payload и headers
Then сервер возвращает успешный контрактный ответ
And клиент отображает только authoritative response"
AC-727,MOD-011,FR-112,[STATE-008/STATE-009/STATE-031] Permission denied: Передать результат desktop probe не выполняется и данные не раскрываются,Critical,Security/authorization,OpenAPI `POST_api_v1_file_locations_id_check_result`; Stage_3_Field_Traceability.csv,"Given пользователь аутентифицирован, но не имеет `FileReference.Open` или требуемой relation
When клиент запрашивает `POST /api/v1/file-locations/{id}/check-result`
Then сервер возвращает 403/OBJECT_NOT_VISIBLE согласно контракту
And клиент не раскрывает скрытые данные и не применяет optimistic UI change"
AC-728,MOD-011,FR-112,[STATE-031/STATE-032/STATE-033/STATE-034] Session/device interruption: операция прекращается без сохранения неподтверждённого состояния,Critical,Security/session,OpenAPI `POST_api_v1_file_locations_id_check_result`; Stage_3_Field_Traceability.csv,"Given access/refresh session или device больше не действительны
When клиент обращается к `POST /api/v1/file-locations/{id}/check-result`
Then сервер возвращает стабильную auth/session/device ошибку
And клиент прекращает команды, очищает запрещённые credentials/cache по политике и переводит пользователя в безопасный login/recovery flow"
AC-729,MOD-011,FR-112,[STATE-007/STATE-031] Validation: fieldErrors сохраняют draft и привязываются к canonical field path,High,Contract/UI,OpenAPI `POST_api_v1_file_locations_id_check_result`; Stage_3_Field_Traceability.csv,"Given пользователь заполнил payload для `POST_api_v1_file_locations_id_check_result` с нарушением DTO constraint
When сервер возвращает VALIDATION_FAILED с fieldErrors
Then draft сохраняется, ошибки связываются с canonical field paths и фокус переходит к первой ошибке"
AC-730,MOD-011,FR-112,[STATE-010/STATE-011/STATE-012] Server unavailable/read-only: команда Передать результат desktop probe не ставится в offline queue,Critical,Desktop/resilience,OpenAPI `POST_api_v1_file_locations_id_check_result`; Stage_3_Field_Traceability.csv,"Given сервер недоступен или приложение находится в read-only cache mode
When пользователь пытается выполнить «Передать результат desktop probe»
Then команда не отправляется и не помещается в offline business queue
And UI сохраняет допустимый local draft или сообщает, что действие требует соединения"
AC-731,MOD-011,FR-112,[STATE-020/STATE-031] Idempotency: повтор с тем же key/hash не создаёт двойной side effect,Critical,Integration,OpenAPI `POST_api_v1_file_locations_id_check_result`; Stage_3_Field_Traceability.csv,"Given первая команда `POST_api_v1_file_locations_id_check_result` уже принята с idempotency key и payload hash
When клиент безопасно повторяет тот же key и payload
Then сервер возвращает тот же бизнес-результат без второго side effect
And другой payload с тем же key отклоняется как IDEMPOTENCY_KEY_REUSED"
AC-732,MOD-012,FR-113,Happy path: Список контрагента,High,Contract/integration,OpenAPI `GET_api_v1_companies`; Stage_3_Field_Traceability.csv,
AC-733,MOD-012,FR-113,[STATE-008/STATE-009] Permission denied: Список контрагента не выполняется и данные не раскрываются,Critical,Security/authorization,OpenAPI `GET_api_v1_companies`; Stage_3_Field_Traceability.csv,"Given пользователь аутентифицирован, но не имеет `Contact.Read` или требуемой relation
When клиент запрашивает `GET /api/v1/companies`
Then сервер возвращает 403/OBJECT_NOT_VISIBLE согласно контракту
And клиент не раскрывает скрытые данные и не применяет optimistic UI change"
AC-734,MOD-012,FR-113,[STATE-032/STATE-033/STATE-034] Session/device interruption: операция прекращается без сохранения неподтверждённого состояния,Critical,Security/session,OpenAPI `GET_api_v1_companies`; Stage_3_Field_Traceability.csv,"Given access/refresh session или device больше не действительны
When клиент обращается к `GET /api/v1/companies`
Then сервер возвращает стабильную auth/session/device ошибку
And клиент прекращает команды, очищает запрещённые credentials/cache по политике и переводит пользователя в безопасный login/recovery flow"
AC-735,MOD-012,FR-114,Happy path: Создать контрагента,Critical,Contract/integration,OpenAPI `POST_api_v1_companies`; Stage_3_Field_Traceability.csv,"Given пользователь имеет `Contact.Create` и выполнены предусловия
When клиент отправляет `POST /api/v1/companies` с контрактным payload и headers
Then сервер возвращает успешный контрактный ответ
And клиент отображает только authoritative response"
AC-736,MOD-012,FR-114,[STATE-008/STATE-009] Permission denied: Создать контрагента не выполняется и данные не раскрываются,Critical,Security/authorization,OpenAPI `POST_api_v1_companies`; Stage_3_Field_Traceability.csv,"Given пользователь аутентифицирован, но не имеет `Contact.Create` или требуемой relation
When клиент запрашивает `POST /api/v1/companies`
Then сервер возвращает 403/OBJECT_NOT_VISIBLE согласно контракту
And клиент не раскрывает скрытые данные и не применяет optimistic UI change"
AC-737,MOD-012,FR-114,[STATE-032/STATE-033/STATE-034] Session/device interruption: операция прекращается без сохранения неподтверждённого состояния,Critical,Security/session,OpenAPI `POST_api_v1_companies`; Stage_3_Field_Traceability.csv,"Given access/refresh session или device больше не действительны
When клиент обращается к `POST /api/v1/companies`
Then сервер возвращает стабильную auth/session/device ошибку
And клиент прекращает команды, очищает запрещённые credentials/cache по политике и переводит пользователя в безопасный login/recovery flow"
AC-738,MOD-012,FR-114,[STATE-007] Validation: fieldErrors сохраняют draft и привязываются к canonical field path,High,Contract/UI,OpenAPI `POST_api_v1_companies`; Stage_3_Field_Traceability.csv,"Given пользователь заполнил payload для `POST_api_v1_companies` с нарушением DTO constraint
When сервер возвращает VALIDATION_FAILED с fieldErrors
Then draft сохраняется, ошибки связываются с canonical field paths и фокус переходит к первой ошибке"
AC-739,MOD-012,FR-114,[STATE-014/STATE-025] Conflict/precondition: устаревшая или отсутствующая контрактная версия/precondition не приводит к overwrite,Critical,Concurrency/integration,OpenAPI `POST_api_v1_companies`; Stage_3_Field_Traceability.csv,"Given серверное состояние изменилось после загрузки клиентом
When клиент отправляет `POST /api/v1/companies` с устаревшей контрактная версия/precondition
Then сервер отклоняет команду без overwrite
And клиент сохраняет draft и предлагает refresh/compare/reapply или безопасный повтор"
AC-740,MOD-012,FR-114,[STATE-010/STATE-011/STATE-012] Server unavailable/read-only: команда Создать контрагента не ставится в offline queue,Critical,Desktop/resilience,OpenAPI `POST_api_v1_companies`; Stage_3_Field_Traceability.csv,"Given сервер недоступен или приложение находится в read-only cache mode
When пользователь пытается выполнить «Создать контрагента»
Then команда не отправляется и не помещается в offline business queue
And UI сохраняет допустимый local draft или сообщает, что действие требует соединения"
AC-741,MOD-012,FR-114,[STATE-020] Idempotency: повтор с тем же key/hash не создаёт двойной side effect,Critical,Integration,OpenAPI `POST_api_v1_companies`; Stage_3_Field_Traceability.csv,"Given первая команда `POST_api_v1_companies` уже принята с idempotency key и payload hash
When клиент безопасно повторяет тот же key и payload
Then сервер возвращает тот же бизнес-результат без второго side effect
And другой payload с тем же key отклоняется как IDEMPOTENCY_KEY_REUSED"
AC-742,MOD-012,FR-115,Happy path: Переместить контрагента в корзину,Critical,Contract/integration,OpenAPI `DELETE_api_v1_companies_id`; Stage_3_Field_Traceability.csv,"Given пользователь имеет `Contact.Delete` и выполнены предусловия
When клиент отправляет `DELETE /api/v1/companies/{id}` с контрактным payload и headers
Then сервер возвращает успешный контрактный ответ
And клиент отображает только authoritative response"
AC-743,MOD-012,FR-115,[STATE-008/STATE-009] Permission denied: Переместить контрагента в корзину не выполняется и данные не раскрываются,Critical,Security/authorization,OpenAPI `DELETE_api_v1_companies_id`; Stage_3_Field_Traceability.csv,"Given пользователь аутентифицирован, но не имеет `Contact.Delete` или требуемой relation
When клиент запрашивает `DELETE /api/v1/companies/{id}`
Then сервер возвращает 403/OBJECT_NOT_VISIBLE согласно контракту
And клиент не раскрывает скрытые данные и не применяет optimistic UI change"
AC-744,MOD-012,FR-115,[STATE-032/STATE-033/STATE-034] Session/device interruption: операция прекращается без сохранения неподтверждённого состояния,Critical,Security/session,OpenAPI `DELETE_api_v1_companies_id`; Stage_3_Field_Traceability.csv,"Given access/refresh session или device больше не действительны
When клиент обращается к `DELETE /api/v1/companies/{id}`
Then сервер возвращает стабильную auth/session/device ошибку
And клиент прекращает команды, очищает запрещённые credentials/cache по политике и переводит пользователя в безопасный login/recovery flow"
AC-745,MOD-012,FR-115,[STATE-014/STATE-025] Conflict/precondition: устаревшая или отсутствующая If-Match не приводит к overwrite,Critical,Concurrency/integration,OpenAPI `DELETE_api_v1_companies_id`; Stage_3_Field_Traceability.csv,"Given серверное состояние изменилось после загрузки клиентом
When клиент отправляет `DELETE /api/v1/companies/{id}` с устаревшей If-Match
Then сервер отклоняет команду без overwrite
And клиент сохраняет draft и предлагает refresh/compare/reapply или безопасный повтор"
AC-746,MOD-012,FR-115,[STATE-010/STATE-011/STATE-012] Server unavailable/read-only: команда Переместить контрагента в корзину не ставится в offline queue,Critical,Desktop/resilience,OpenAPI `DELETE_api_v1_companies_id`; Stage_3_Field_Traceability.csv,"Given сервер недоступен или приложение находится в read-only cache mode
When пользователь пытается выполнить «Переместить контрагента в корзину»
Then команда не отправляется и не помещается в offline business queue
And UI сохраняет допустимый local draft или сообщает, что действие требует соединения"
AC-747,MOD-012,FR-115,[STATE-018] Удалённый объект: команда не применяется к trashed target и не создаёт новый объект,High,Lifecycle/integration,OpenAPI `DELETE_api_v1_companies_id`; Stage_3_Field_Traceability.csv,"Given target object был перемещён в Trash или удалён после загрузки
When выполняется `DELETE /api/v1/companies/{id}`
Then сервер возвращает OBJECT_DELETED/OBJECT_NOT_VISIBLE согласно текущим правам
And клиент не восстанавливает optimistic state и предлагает только разрешённый restore/open Trash"
AC-748,MOD-012,FR-116,Happy path: Получить контрагента,High,Contract/integration,OpenAPI `GET_api_v1_companies_id`; Stage_3_Field_Traceability.csv,
AC-749,MOD-012,FR-116,[STATE-008/STATE-009] Permission denied: Получить контрагента не выполняется и данные не раскрываются,Critical,Security/authorization,OpenAPI `GET_api_v1_companies_id`; Stage_3_Field_Traceability.csv,"Given пользователь аутентифицирован, но не имеет `Contact.Read` или требуемой relation
When клиент запрашивает `GET /api/v1/companies/{id}`
Then сервер возвращает 403/OBJECT_NOT_VISIBLE согласно контракту
And клиент не раскрывает скрытые данные и не применяет optimistic UI change"
AC-750,MOD-012,FR-116,[STATE-032/STATE-033/STATE-034] Session/device interruption: операция прекращается без сохранения неподтверждённого состояния,Critical,Security/session,OpenAPI `GET_api_v1_companies_id`; Stage_3_Field_Traceability.csv,"Given access/refresh session или device больше не действительны
When клиент обращается к `GET /api/v1/companies/{id}`
Then сервер возвращает стабильную auth/session/device ошибку
And клиент прекращает команды, очищает запрещённые credentials/cache по политике и переводит пользователя в безопасный login/recovery flow"
AC-751,MOD-012,FR-117,Happy path: Изменить контрагента,Critical,Contract/integration,OpenAPI `PATCH_api_v1_companies_id`; Stage_3_Field_Traceability.csv,"Given пользователь имеет `Contact.Update` и выполнены предусловия
When клиент отправляет `PATCH /api/v1/companies/{id}` с контрактным payload и headers
Then сервер возвращает успешный контрактный ответ
And клиент отображает только authoritative response"
AC-752,MOD-012,FR-117,[STATE-008/STATE-009] Permission denied: Изменить контрагента не выполняется и данные не раскрываются,Critical,Security/authorization,OpenAPI `PATCH_api_v1_companies_id`; Stage_3_Field_Traceability.csv,"Given пользователь аутентифицирован, но не имеет `Contact.Update` или требуемой relation
When клиент запрашивает `PATCH /api/v1/companies/{id}`
Then сервер возвращает 403/OBJECT_NOT_VISIBLE согласно контракту
And клиент не раскрывает скрытые данные и не применяет optimistic UI change"
AC-753,MOD-012,FR-117,[STATE-032/STATE-033/STATE-034] Session/device interruption: операция прекращается без сохранения неподтверждённого состояния,Critical,Security/session,OpenAPI `PATCH_api_v1_companies_id`; Stage_3_Field_Traceability.csv,"Given access/refresh session или device больше не действительны
When клиент обращается к `PATCH /api/v1/companies/{id}`
Then сервер возвращает стабильную auth/session/device ошибку
And клиент прекращает команды, очищает запрещённые credentials/cache по политике и переводит пользователя в безопасный login/recovery flow"
AC-754,MOD-012,FR-117,[STATE-007] Validation: fieldErrors сохраняют draft и привязываются к canonical field path,High,Contract/UI,OpenAPI `PATCH_api_v1_companies_id`; Stage_3_Field_Traceability.csv,"Given пользователь заполнил payload для `PATCH_api_v1_companies_id` с нарушением DTO constraint
When сервер возвращает VALIDATION_FAILED с fieldErrors
Then draft сохраняется, ошибки связываются с canonical field paths и фокус переходит к первой ошибке"
AC-755,MOD-012,FR-117,[STATE-014/STATE-025] Conflict/precondition: устаревшая или отсутствующая If-Match не приводит к overwrite,Critical,Concurrency/integration,OpenAPI `PATCH_api_v1_companies_id`; Stage_3_Field_Traceability.csv,"Given серверное состояние изменилось после загрузки клиентом
When клиент отправляет `PATCH /api/v1/companies/{id}` с устаревшей If-Match
Then сервер отклоняет команду без overwrite
And клиент сохраняет draft и предлагает refresh/compare/reapply или безопасный повтор"
AC-756,MOD-012,FR-117,[STATE-010/STATE-011/STATE-012] Server unavailable/read-only: команда Изменить контрагента не ставится в offline queue,Critical,Desktop/resilience,OpenAPI `PATCH_api_v1_companies_id`; Stage_3_Field_Traceability.csv,"Given сервер недоступен или приложение находится в read-only cache mode
When пользователь пытается выполнить «Изменить контрагента»
Then команда не отправляется и не помещается в offline business queue
And UI сохраняет допустимый local draft или сообщает, что действие требует соединения"
AC-757,MOD-012,FR-117,[STATE-018] Удалённый объект: команда не применяется к trashed target и не создаёт новый объект,High,Lifecycle/integration,OpenAPI `PATCH_api_v1_companies_id`; Stage_3_Field_Traceability.csv,"Given target object был перемещён в Trash или удалён после загрузки
When выполняется `PATCH /api/v1/companies/{id}`
Then сервер возвращает OBJECT_DELETED/OBJECT_NOT_VISIBLE согласно текущим правам
And клиент не восстанавливает optimistic state и предлагает только разрешённый restore/open Trash"
AC-758,MOD-012,FR-118,[STATE-017] Happy path: Архивировать контрагента,Critical,Contract/integration,OpenAPI `POST_api_v1_companies_id_archive`; Stage_3_Field_Traceability.csv,"Given пользователь имеет `Contact.Update` и выполнены предусловия
When клиент отправляет `POST /api/v1/companies/{id}/archive` с контрактным payload и headers
Then сервер возвращает успешный контрактный ответ
And клиент отображает только authoritative response"
AC-759,MOD-012,FR-118,[STATE-008/STATE-009/STATE-017] Permission denied: Архивировать контрагента не выполняется и данные не раскрываются,Critical,Security/authorization,OpenAPI `POST_api_v1_companies_id_archive`; Stage_3_Field_Traceability.csv,"Given пользователь аутентифицирован, но не имеет `Contact.Update` или требуемой relation
When клиент запрашивает `POST /api/v1/companies/{id}/archive`
Then сервер возвращает 403/OBJECT_NOT_VISIBLE согласно контракту
And клиент не раскрывает скрытые данные и не применяет optimistic UI change"
AC-760,MOD-012,FR-118,[STATE-017/STATE-032/STATE-033/STATE-034] Session/device interruption: операция прекращается без сохранения неподтверждённого состояния,Critical,Security/session,OpenAPI `POST_api_v1_companies_id_archive`; Stage_3_Field_Traceability.csv,"Given access/refresh session или device больше не действительны
When клиент обращается к `POST /api/v1/companies/{id}/archive`
Then сервер возвращает стабильную auth/session/device ошибку
And клиент прекращает команды, очищает запрещённые credentials/cache по политике и переводит пользователя в безопасный login/recovery flow"
AC-761,MOD-012,FR-118,[STATE-007/STATE-017] Validation: fieldErrors сохраняют draft и привязываются к canonical field path,High,Contract/UI,OpenAPI `POST_api_v1_companies_id_archive`; Stage_3_Field_Traceability.csv,"Given пользователь заполнил payload для `POST_api_v1_companies_id_archive` с нарушением DTO constraint
When сервер возвращает VALIDATION_FAILED с fieldErrors
Then draft сохраняется, ошибки связываются с canonical field paths и фокус переходит к первой ошибке"
AC-762,MOD-012,FR-118,[STATE-014/STATE-017/STATE-025] Conflict/precondition: устаревшая или отсутствующая If-Match не приводит к overwrite,Critical,Concurrency/integration,OpenAPI `POST_api_v1_companies_id_archive`; Stage_3_Field_Traceability.csv,"Given серверное состояние изменилось после загрузки клиентом
When клиент отправляет `POST /api/v1/companies/{id}/archive` с устаревшей If-Match
Then сервер отклоняет команду без overwrite
And клиент сохраняет draft и предлагает refresh/compare/reapply или безопасный повтор"
AC-763,MOD-012,FR-118,[STATE-010/STATE-011/STATE-012] Server unavailable/read-only: команда Архивировать контрагента не ставится в offline queue,Critical,Desktop/resilience,OpenAPI `POST_api_v1_companies_id_archive`; Stage_3_Field_Traceability.csv,"Given сервер недоступен или приложение находится в read-only cache mode
When пользователь пытается выполнить «Архивировать контрагента»
Then команда не отправляется и не помещается в offline business queue
And UI сохраняет допустимый local draft или сообщает, что действие требует соединения"
AC-764,MOD-012,FR-118,[STATE-017/STATE-020] Idempotency: повтор с тем же key/hash не создаёт двойной side effect,Critical,Integration,OpenAPI `POST_api_v1_companies_id_archive`; Stage_3_Field_Traceability.csv,"Given первая команда `POST_api_v1_companies_id_archive` уже принята с idempotency key и payload hash
When клиент безопасно повторяет тот же key и payload
Then сервер возвращает тот же бизнес-результат без второго side effect
And другой payload с тем же key отклоняется как IDEMPOTENCY_KEY_REUSED"
AC-765,MOD-012,FR-118,[STATE-018] Удалённый объект: команда не применяется к trashed target и не создаёт новый объект,High,Lifecycle/integration,OpenAPI `POST_api_v1_companies_id_archive`; Stage_3_Field_Traceability.csv,"Given target object был перемещён в Trash или удалён после загрузки
When выполняется `POST /api/v1/companies/{id}/archive`
Then сервер возвращает OBJECT_DELETED/OBJECT_NOT_VISIBLE согласно текущим правам
And клиент не восстанавливает optimistic state и предлагает только разрешённый restore/open Trash"
AC-766,MOD-012,FR-119,Happy path: Связать контакт с компанией,Critical,Contract/integration,OpenAPI `POST_api_v1_companies_id_contacts`; Stage_3_Field_Traceability.csv,"Given пользователь имеет `Contact.Update` и выполнены предусловия
When клиент отправляет `POST /api/v1/companies/{id}/contacts` с контрактным payload и headers
Then сервер возвращает успешный контрактный ответ
And клиент отображает только authoritative response"
AC-767,MOD-012,FR-119,[STATE-008/STATE-009] Permission denied: Связать контакт с компанией не выполняется и данные не раскрываются,Critical,Security/authorization,OpenAPI `POST_api_v1_companies_id_contacts`; Stage_3_Field_Traceability.csv,"Given пользователь аутентифицирован, но не имеет `Contact.Update` или требуемой relation
When клиент запрашивает `POST /api/v1/companies/{id}/contacts`
Then сервер возвращает 403/OBJECT_NOT_VISIBLE согласно контракту
And клиент не раскрывает скрытые данные и не применяет optimistic UI change"
AC-768,MOD-012,FR-119,[STATE-032/STATE-033/STATE-034] Session/device interruption: операция прекращается без сохранения неподтверждённого состояния,Critical,Security/session,OpenAPI `POST_api_v1_companies_id_contacts`; Stage_3_Field_Traceability.csv,"Given access/refresh session или device больше не действительны
When клиент обращается к `POST /api/v1/companies/{id}/contacts`
Then сервер возвращает стабильную auth/session/device ошибку
And клиент прекращает команды, очищает запрещённые credentials/cache по политике и переводит пользователя в безопасный login/recovery flow"
AC-769,MOD-012,FR-119,[STATE-007] Validation: fieldErrors сохраняют draft и привязываются к canonical field path,High,Contract/UI,OpenAPI `POST_api_v1_companies_id_contacts`; Stage_3_Field_Traceability.csv,"Given пользователь заполнил payload для `POST_api_v1_companies_id_contacts` с нарушением DTO constraint
When сервер возвращает VALIDATION_FAILED с fieldErrors
Then draft сохраняется, ошибки связываются с canonical field paths и фокус переходит к первой ошибке"
AC-770,MOD-012,FR-119,[STATE-014/STATE-025] Conflict/precondition: устаревшая или отсутствующая If-Match не приводит к overwrite,Critical,Concurrency/integration,OpenAPI `POST_api_v1_companies_id_contacts`; Stage_3_Field_Traceability.csv,"Given серверное состояние изменилось после загрузки клиентом
When клиент отправляет `POST /api/v1/companies/{id}/contacts` с устаревшей If-Match
Then сервер отклоняет команду без overwrite
And клиент сохраняет draft и предлагает refresh/compare/reapply или безопасный повтор"
AC-771,MOD-012,FR-119,[STATE-010/STATE-011/STATE-012] Server unavailable/read-only: команда Связать контакт с компанией не ставится в offline queue,Critical,Desktop/resilience,OpenAPI `POST_api_v1_companies_id_contacts`; Stage_3_Field_Traceability.csv,"Given сервер недоступен или приложение находится в read-only cache mode
When пользователь пытается выполнить «Связать контакт с компанией»
Then команда не отправляется и не помещается в offline business queue
And UI сохраняет допустимый local draft или сообщает, что действие требует соединения"
AC-772,MOD-012,FR-119,[STATE-020] Idempotency: повтор с тем же key/hash не создаёт двойной side effect,Critical,Integration,OpenAPI `POST_api_v1_companies_id_contacts`; Stage_3_Field_Traceability.csv,"Given первая команда `POST_api_v1_companies_id_contacts` уже принята с idempotency key и payload hash
When клиент безопасно повторяет тот же key и payload
Then сервер возвращает тот же бизнес-результат без второго side effect
And другой payload с тем же key отклоняется как IDEMPOTENCY_KEY_REUSED"
AC-773,MOD-012,FR-119,[STATE-018] Удалённый объект: команда не применяется к trashed target и не создаёт новый объект,High,Lifecycle/integration,OpenAPI `POST_api_v1_companies_id_contacts`; Stage_3_Field_Traceability.csv,"Given target object был перемещён в Trash или удалён после загрузки
When выполняется `POST /api/v1/companies/{id}/contacts`
Then сервер возвращает OBJECT_DELETED/OBJECT_NOT_VISIBLE согласно текущим правам
And клиент не восстанавливает optimistic state и предлагает только разрешённый restore/open Trash"
AC-774,MOD-012,FR-120,Happy path: Удалить связь с контактом,Critical,Contract/integration,OpenAPI `DELETE_api_v1_companies_id_contacts_contactId`; Stage_3_Field_Traceability.csv,"Given пользователь имеет `Contact.Update` и выполнены предусловия
When клиент отправляет `DELETE /api/v1/companies/{id}/contacts/{contactId}` с контрактным payload и headers
Then сервер возвращает успешный контрактный ответ
And клиент отображает только authoritative response"
AC-775,MOD-012,FR-120,[STATE-008/STATE-009] Permission denied: Удалить связь с контактом не выполняется и данные не раскрываются,Critical,Security/authorization,OpenAPI `DELETE_api_v1_companies_id_contacts_contactId`; Stage_3_Field_Traceability.csv,"Given пользователь аутентифицирован, но не имеет `Contact.Update` или требуемой relation
When клиент запрашивает `DELETE /api/v1/companies/{id}/contacts/{contactId}`
Then сервер возвращает 403/OBJECT_NOT_VISIBLE согласно контракту
And клиент не раскрывает скрытые данные и не применяет optimistic UI change"
AC-776,MOD-012,FR-120,[STATE-032/STATE-033/STATE-034] Session/device interruption: операция прекращается без сохранения неподтверждённого состояния,Critical,Security/session,OpenAPI `DELETE_api_v1_companies_id_contacts_contactId`; Stage_3_Field_Traceability.csv,"Given access/refresh session или device больше не действительны
When клиент обращается к `DELETE /api/v1/companies/{id}/contacts/{contactId}`
Then сервер возвращает стабильную auth/session/device ошибку
And клиент прекращает команды, очищает запрещённые credentials/cache по политике и переводит пользователя в безопасный login/recovery flow"
AC-777,MOD-012,FR-120,[STATE-014/STATE-025] Conflict/precondition: устаревшая или отсутствующая If-Match не приводит к overwrite,Critical,Concurrency/integration,OpenAPI `DELETE_api_v1_companies_id_contacts_contactId`; Stage_3_Field_Traceability.csv,"Given серверное состояние изменилось после загрузки клиентом
When клиент отправляет `DELETE /api/v1/companies/{id}/contacts/{contactId}` с устаревшей If-Match
Then сервер отклоняет команду без overwrite
And клиент сохраняет draft и предлагает refresh/compare/reapply или безопасный повтор"
AC-778,MOD-012,FR-120,[STATE-010/STATE-011/STATE-012] Server unavailable/read-only: команда Удалить связь с контактом не ставится в offline queue,Critical,Desktop/resilience,OpenAPI `DELETE_api_v1_companies_id_contacts_contactId`; Stage_3_Field_Traceability.csv,"Given сервер недоступен или приложение находится в read-only cache mode
When пользователь пытается выполнить «Удалить связь с контактом»
Then команда не отправляется и не помещается в offline business queue
And UI сохраняет допустимый local draft или сообщает, что действие требует соединения"
AC-779,MOD-012,FR-120,[STATE-018] Удалённый объект: команда не применяется к trashed target и не создаёт новый объект,High,Lifecycle/integration,OpenAPI `DELETE_api_v1_companies_id_contacts_contactId`; Stage_3_Field_Traceability.csv,"Given target object был перемещён в Trash или удалён после загрузки
When выполняется `DELETE /api/v1/companies/{id}/contacts/{contactId}`
Then сервер возвращает OBJECT_DELETED/OBJECT_NOT_VISIBLE согласно текущим правам
And клиент не восстанавливает optimistic state и предлагает только разрешённый restore/open Trash"
AC-780,MOD-012,FR-121,[STATE-018] Happy path: Восстановить контрагента,Critical,Contract/integration,OpenAPI `POST_api_v1_companies_id_restore`; Stage_3_Field_Traceability.csv,"Given пользователь имеет `Contact.Restore` и выполнены предусловия
When клиент отправляет `POST /api/v1/companies/{id}/restore` с контрактным payload и headers
Then сервер возвращает успешный контрактный ответ
And клиент отображает только authoritative response"
AC-781,MOD-012,FR-121,[STATE-008/STATE-009/STATE-018] Permission denied: Восстановить контрагента не выполняется и данные не раскрываются,Critical,Security/authorization,OpenAPI `POST_api_v1_companies_id_restore`; Stage_3_Field_Traceability.csv,"Given пользователь аутентифицирован, но не имеет `Contact.Restore` или требуемой relation
When клиент запрашивает `POST /api/v1/companies/{id}/restore`
Then сервер возвращает 403/OBJECT_NOT_VISIBLE согласно контракту
And клиент не раскрывает скрытые данные и не применяет optimistic UI change"
AC-782,MOD-012,FR-121,[STATE-018/STATE-032/STATE-033/STATE-034] Session/device interruption: операция прекращается без сохранения неподтверждённого состояния,Critical,Security/session,OpenAPI `POST_api_v1_companies_id_restore`; Stage_3_Field_Traceability.csv,"Given access/refresh session или device больше не действительны
When клиент обращается к `POST /api/v1/companies/{id}/restore`
Then сервер возвращает стабильную auth/session/device ошибку
And клиент прекращает команды, очищает запрещённые credentials/cache по политике и переводит пользователя в безопасный login/recovery flow"
AC-783,MOD-012,FR-121,[STATE-007/STATE-018] Validation: fieldErrors сохраняют draft и привязываются к canonical field path,High,Contract/UI,OpenAPI `POST_api_v1_companies_id_restore`; Stage_3_Field_Traceability.csv,"Given пользователь заполнил payload для `POST_api_v1_companies_id_restore` с нарушением DTO constraint
When сервер возвращает VALIDATION_FAILED с fieldErrors
Then draft сохраняется, ошибки связываются с canonical field paths и фокус переходит к первой ошибке"
AC-784,MOD-012,FR-121,[STATE-014/STATE-018/STATE-025] Conflict/precondition: устаревшая или отсутствующая If-Match не приводит к overwrite,Critical,Concurrency/integration,OpenAPI `POST_api_v1_companies_id_restore`; Stage_3_Field_Traceability.csv,"Given серверное состояние изменилось после загрузки клиентом
When клиент отправляет `POST /api/v1/companies/{id}/restore` с устаревшей If-Match
Then сервер отклоняет команду без overwrite
And клиент сохраняет draft и предлагает refresh/compare/reapply или безопасный повтор"
AC-785,MOD-012,FR-121,[STATE-010/STATE-011/STATE-012] Server unavailable/read-only: команда Восстановить контрагента не ставится в offline queue,Critical,Desktop/resilience,OpenAPI `POST_api_v1_companies_id_restore`; Stage_3_Field_Traceability.csv,"Given сервер недоступен или приложение находится в read-only cache mode
When пользователь пытается выполнить «Восстановить контрагента»
Then команда не отправляется и не помещается в offline business queue
And UI сохраняет допустимый local draft или сообщает, что действие требует соединения"
AC-786,MOD-012,FR-121,[STATE-018/STATE-020] Idempotency: повтор с тем же key/hash не создаёт двойной side effect,Critical,Integration,OpenAPI `POST_api_v1_companies_id_restore`; Stage_3_Field_Traceability.csv,"Given первая команда `POST_api_v1_companies_id_restore` уже принята с idempotency key и payload hash
When клиент безопасно повторяет тот же key и payload
Then сервер возвращает тот же бизнес-результат без второго side effect
And другой payload с тем же key отклоняется как IDEMPOTENCY_KEY_REUSED"
AC-787,MOD-012,FR-121,[STATE-018] Удалённый объект: команда не применяется к trashed target и не создаёт новый объект,High,Lifecycle/integration,OpenAPI `POST_api_v1_companies_id_restore`; Stage_3_Field_Traceability.csv,"Given target object был перемещён в Trash или удалён после загрузки
When выполняется `POST /api/v1/companies/{id}/restore`
Then сервер возвращает OBJECT_DELETED/OBJECT_NOT_VISIBLE согласно текущим правам
And клиент не восстанавливает optimistic state и предлагает только разрешённый restore/open Trash"
AC-788,MOD-012,FR-122,[STATE-017] Happy path: Вернуть контрагента из архива,Critical,Contract/integration,OpenAPI `POST_api_v1_companies_id_unarchive`; Stage_3_Field_Traceability.csv,"Given пользователь имеет `Contact.Update` и выполнены предусловия
When клиент отправляет `POST /api/v1/companies/{id}/unarchive` с контрактным payload и headers
Then сервер возвращает успешный контрактный ответ
And клиент отображает только authoritative response"
AC-789,MOD-012,FR-122,[STATE-008/STATE-009/STATE-017] Permission denied: Вернуть контрагента из архива не выполняется и данные не раскрываются,Critical,Security/authorization,OpenAPI `POST_api_v1_companies_id_unarchive`; Stage_3_Field_Traceability.csv,"Given пользователь аутентифицирован, но не имеет `Contact.Update` или требуемой relation
When клиент запрашивает `POST /api/v1/companies/{id}/unarchive`
Then сервер возвращает 403/OBJECT_NOT_VISIBLE согласно контракту
And клиент не раскрывает скрытые данные и не применяет optimistic UI change"
AC-790,MOD-012,FR-122,[STATE-017/STATE-032/STATE-033/STATE-034] Session/device interruption: операция прекращается без сохранения неподтверждённого состояния,Critical,Security/session,OpenAPI `POST_api_v1_companies_id_unarchive`; Stage_3_Field_Traceability.csv,"Given access/refresh session или device больше не действительны
When клиент обращается к `POST /api/v1/companies/{id}/unarchive`
Then сервер возвращает стабильную auth/session/device ошибку
And клиент прекращает команды, очищает запрещённые credentials/cache по политике и переводит пользователя в безопасный login/recovery flow"
AC-791,MOD-012,FR-122,[STATE-014/STATE-017/STATE-025] Conflict/precondition: устаревшая или отсутствующая If-Match не приводит к overwrite,Critical,Concurrency/integration,OpenAPI `POST_api_v1_companies_id_unarchive`; Stage_3_Field_Traceability.csv,"Given серверное состояние изменилось после загрузки клиентом
When клиент отправляет `POST /api/v1/companies/{id}/unarchive` с устаревшей If-Match
Then сервер отклоняет команду без overwrite
And клиент сохраняет draft и предлагает refresh/compare/reapply или безопасный повтор"
AC-792,MOD-012,FR-122,[STATE-010/STATE-011/STATE-012] Server unavailable/read-only: команда Вернуть контрагента из архива не ставится в offline queue,Critical,Desktop/resilience,OpenAPI `POST_api_v1_companies_id_unarchive`; Stage_3_Field_Traceability.csv,"Given сервер недоступен или приложение находится в read-only cache mode
When пользователь пытается выполнить «Вернуть контрагента из архива»
Then команда не отправляется и не помещается в offline business queue
And UI сохраняет допустимый local draft или сообщает, что действие требует соединения"
AC-793,MOD-012,FR-122,[STATE-018] Удалённый объект: команда не применяется к trashed target и не создаёт новый объект,High,Lifecycle/integration,OpenAPI `POST_api_v1_companies_id_unarchive`; Stage_3_Field_Traceability.csv,"Given target object был перемещён в Trash или удалён после загрузки
When выполняется `POST /api/v1/companies/{id}/unarchive`
Then сервер возвращает OBJECT_DELETED/OBJECT_NOT_VISIBLE согласно текущим правам
And клиент не восстанавливает optimistic state и предлагает только разрешённый restore/open Trash"
AC-794,MOD-012,FR-123,Happy path: Список контакт,High,Contract/integration,OpenAPI `GET_api_v1_contacts`; Stage_3_Field_Traceability.csv,
AC-795,MOD-012,FR-123,[STATE-008/STATE-009] Permission denied: Список контакт не выполняется и данные не раскрываются,Critical,Security/authorization,OpenAPI `GET_api_v1_contacts`; Stage_3_Field_Traceability.csv,"Given пользователь аутентифицирован, но не имеет `Contact.Read` или требуемой relation
When клиент запрашивает `GET /api/v1/contacts`
Then сервер возвращает 403/OBJECT_NOT_VISIBLE согласно контракту
And клиент не раскрывает скрытые данные и не применяет optimistic UI change"
AC-796,MOD-012,FR-123,[STATE-032/STATE-033/STATE-034] Session/device interruption: операция прекращается без сохранения неподтверждённого состояния,Critical,Security/session,OpenAPI `GET_api_v1_contacts`; Stage_3_Field_Traceability.csv,"Given access/refresh session или device больше не действительны
When клиент обращается к `GET /api/v1/contacts`
Then сервер возвращает стабильную auth/session/device ошибку
And клиент прекращает команды, очищает запрещённые credentials/cache по политике и переводит пользователя в безопасный login/recovery flow"
AC-797,MOD-012,FR-124,Happy path: Создать контакт,Critical,Contract/integration,OpenAPI `POST_api_v1_contacts`; Stage_3_Field_Traceability.csv,"Given пользователь имеет `Contact.Create` и выполнены предусловия
When клиент отправляет `POST /api/v1/contacts` с контрактным payload и headers
Then сервер возвращает успешный контрактный ответ
And клиент отображает только authoritative response"
AC-798,MOD-012,FR-124,[STATE-008/STATE-009] Permission denied: Создать контакт не выполняется и данные не раскрываются,Critical,Security/authorization,OpenAPI `POST_api_v1_contacts`; Stage_3_Field_Traceability.csv,"Given пользователь аутентифицирован, но не имеет `Contact.Create` или требуемой relation
When клиент запрашивает `POST /api/v1/contacts`
Then сервер возвращает 403/OBJECT_NOT_VISIBLE согласно контракту
And клиент не раскрывает скрытые данные и не применяет optimistic UI change"
AC-799,MOD-012,FR-124,[STATE-032/STATE-033/STATE-034] Session/device interruption: операция прекращается без сохранения неподтверждённого состояния,Critical,Security/session,OpenAPI `POST_api_v1_contacts`; Stage_3_Field_Traceability.csv,"Given access/refresh session или device больше не действительны
When клиент обращается к `POST /api/v1/contacts`
Then сервер возвращает стабильную auth/session/device ошибку
And клиент прекращает команды, очищает запрещённые credentials/cache по политике и переводит пользователя в безопасный login/recovery flow"
AC-800,MOD-012,FR-124,[STATE-007] Validation: fieldErrors сохраняют draft и привязываются к canonical field path,High,Contract/UI,OpenAPI `POST_api_v1_contacts`; Stage_3_Field_Traceability.csv,"Given пользователь заполнил payload для `POST_api_v1_contacts` с нарушением DTO constraint
When сервер возвращает VALIDATION_FAILED с fieldErrors
Then draft сохраняется, ошибки связываются с canonical field paths и фокус переходит к первой ошибке"
AC-801,MOD-012,FR-124,[STATE-014/STATE-025] Conflict/precondition: устаревшая или отсутствующая контрактная версия/precondition не приводит к overwrite,Critical,Concurrency/integration,OpenAPI `POST_api_v1_contacts`; Stage_3_Field_Traceability.csv,"Given серверное состояние изменилось после загрузки клиентом
When клиент отправляет `POST /api/v1/contacts` с устаревшей контрактная версия/precondition
Then сервер отклоняет команду без overwrite
And клиент сохраняет draft и предлагает refresh/compare/reapply или безопасный повтор"
AC-802,MOD-012,FR-124,[STATE-010/STATE-011/STATE-012] Server unavailable/read-only: команда Создать контакт не ставится в offline queue,Critical,Desktop/resilience,OpenAPI `POST_api_v1_contacts`; Stage_3_Field_Traceability.csv,"Given сервер недоступен или приложение находится в read-only cache mode
When пользователь пытается выполнить «Создать контакт»
Then команда не отправляется и не помещается в offline business queue
And UI сохраняет допустимый local draft или сообщает, что действие требует соединения"
AC-803,MOD-012,FR-124,[STATE-020] Idempotency: повтор с тем же key/hash не создаёт двойной side effect,Critical,Integration,OpenAPI `POST_api_v1_contacts`; Stage_3_Field_Traceability.csv,"Given первая команда `POST_api_v1_contacts` уже принята с idempotency key и payload hash
When клиент безопасно повторяет тот же key и payload
Then сервер возвращает тот же бизнес-результат без второго side effect
And другой payload с тем же key отклоняется как IDEMPOTENCY_KEY_REUSED"
AC-804,MOD-012,FR-125,Happy path: Переместить контакт в корзину,Critical,Contract/integration,OpenAPI `DELETE_api_v1_contacts_id`; Stage_3_Field_Traceability.csv,"Given пользователь имеет `Contact.Delete` и выполнены предусловия
When клиент отправляет `DELETE /api/v1/contacts/{id}` с контрактным payload и headers
Then сервер возвращает успешный контрактный ответ
And клиент отображает только authoritative response"
AC-805,MOD-012,FR-125,[STATE-008/STATE-009] Permission denied: Переместить контакт в корзину не выполняется и данные не раскрываются,Critical,Security/authorization,OpenAPI `DELETE_api_v1_contacts_id`; Stage_3_Field_Traceability.csv,"Given пользователь аутентифицирован, но не имеет `Contact.Delete` или требуемой relation
When клиент запрашивает `DELETE /api/v1/contacts/{id}`
Then сервер возвращает 403/OBJECT_NOT_VISIBLE согласно контракту
And клиент не раскрывает скрытые данные и не применяет optimistic UI change"
AC-806,MOD-012,FR-125,[STATE-032/STATE-033/STATE-034] Session/device interruption: операция прекращается без сохранения неподтверждённого состояния,Critical,Security/session,OpenAPI `DELETE_api_v1_contacts_id`; Stage_3_Field_Traceability.csv,"Given access/refresh session или device больше не действительны
When клиент обращается к `DELETE /api/v1/contacts/{id}`
Then сервер возвращает стабильную auth/session/device ошибку
And клиент прекращает команды, очищает запрещённые credentials/cache по политике и переводит пользователя в безопасный login/recovery flow"
AC-807,MOD-012,FR-125,[STATE-014/STATE-025] Conflict/precondition: устаревшая или отсутствующая If-Match не приводит к overwrite,Critical,Concurrency/integration,OpenAPI `DELETE_api_v1_contacts_id`; Stage_3_Field_Traceability.csv,"Given серверное состояние изменилось после загрузки клиентом
When клиент отправляет `DELETE /api/v1/contacts/{id}` с устаревшей If-Match
Then сервер отклоняет команду без overwrite
And клиент сохраняет draft и предлагает refresh/compare/reapply или безопасный повтор"
AC-808,MOD-012,FR-125,[STATE-010/STATE-011/STATE-012] Server unavailable/read-only: команда Переместить контакт в корзину не ставится в offline queue,Critical,Desktop/resilience,OpenAPI `DELETE_api_v1_contacts_id`; Stage_3_Field_Traceability.csv,"Given сервер недоступен или приложение находится в read-only cache mode
When пользователь пытается выполнить «Переместить контакт в корзину»
Then команда не отправляется и не помещается в offline business queue
And UI сохраняет допустимый local draft или сообщает, что действие требует соединения"
AC-809,MOD-012,FR-125,[STATE-018] Удалённый объект: команда не применяется к trashed target и не создаёт новый объект,High,Lifecycle/integration,OpenAPI `DELETE_api_v1_contacts_id`; Stage_3_Field_Traceability.csv,"Given target object был перемещён в Trash или удалён после загрузки
When выполняется `DELETE /api/v1/contacts/{id}`
Then сервер возвращает OBJECT_DELETED/OBJECT_NOT_VISIBLE согласно текущим правам
And клиент не восстанавливает optimistic state и предлагает только разрешённый restore/open Trash"
AC-810,MOD-012,FR-126,Happy path: Получить контакт,High,Contract/integration,OpenAPI `GET_api_v1_contacts_id`; Stage_3_Field_Traceability.csv,
AC-811,MOD-012,FR-126,[STATE-008/STATE-009] Permission denied: Получить контакт не выполняется и данные не раскрываются,Critical,Security/authorization,OpenAPI `GET_api_v1_contacts_id`; Stage_3_Field_Traceability.csv,"Given пользователь аутентифицирован, но не имеет `Contact.Read` или требуемой relation
When клиент запрашивает `GET /api/v1/contacts/{id}`
Then сервер возвращает 403/OBJECT_NOT_VISIBLE согласно контракту
And клиент не раскрывает скрытые данные и не применяет optimistic UI change"
AC-812,MOD-012,FR-126,[STATE-032/STATE-033/STATE-034] Session/device interruption: операция прекращается без сохранения неподтверждённого состояния,Critical,Security/session,OpenAPI `GET_api_v1_contacts_id`; Stage_3_Field_Traceability.csv,"Given access/refresh session или device больше не действительны
When клиент обращается к `GET /api/v1/contacts/{id}`
Then сервер возвращает стабильную auth/session/device ошибку
And клиент прекращает команды, очищает запрещённые credentials/cache по политике и переводит пользователя в безопасный login/recovery flow"
AC-813,MOD-012,FR-127,Happy path: Изменить контакт,Critical,Contract/integration,OpenAPI `PATCH_api_v1_contacts_id`; Stage_3_Field_Traceability.csv,"Given пользователь имеет `Contact.Update` и выполнены предусловия
When клиент отправляет `PATCH /api/v1/contacts/{id}` с контрактным payload и headers
Then сервер возвращает успешный контрактный ответ
And клиент отображает только authoritative response"
AC-814,MOD-012,FR-127,[STATE-008/STATE-009] Permission denied: Изменить контакт не выполняется и данные не раскрываются,Critical,Security/authorization,OpenAPI `PATCH_api_v1_contacts_id`; Stage_3_Field_Traceability.csv,"Given пользователь аутентифицирован, но не имеет `Contact.Update` или требуемой relation
When клиент запрашивает `PATCH /api/v1/contacts/{id}`
Then сервер возвращает 403/OBJECT_NOT_VISIBLE согласно контракту
And клиент не раскрывает скрытые данные и не применяет optimistic UI change"
AC-815,MOD-012,FR-127,[STATE-032/STATE-033/STATE-034] Session/device interruption: операция прекращается без сохранения неподтверждённого состояния,Critical,Security/session,OpenAPI `PATCH_api_v1_contacts_id`; Stage_3_Field_Traceability.csv,"Given access/refresh session или device больше не действительны
When клиент обращается к `PATCH /api/v1/contacts/{id}`
Then сервер возвращает стабильную auth/session/device ошибку
And клиент прекращает команды, очищает запрещённые credentials/cache по политике и переводит пользователя в безопасный login/recovery flow"
AC-816,MOD-012,FR-127,[STATE-007] Validation: fieldErrors сохраняют draft и привязываются к canonical field path,High,Contract/UI,OpenAPI `PATCH_api_v1_contacts_id`; Stage_3_Field_Traceability.csv,"Given пользователь заполнил payload для `PATCH_api_v1_contacts_id` с нарушением DTO constraint
When сервер возвращает VALIDATION_FAILED с fieldErrors
Then draft сохраняется, ошибки связываются с canonical field paths и фокус переходит к первой ошибке"
AC-817,MOD-012,FR-127,[STATE-014/STATE-025] Conflict/precondition: устаревшая или отсутствующая If-Match не приводит к overwrite,Critical,Concurrency/integration,OpenAPI `PATCH_api_v1_contacts_id`; Stage_3_Field_Traceability.csv,"Given серверное состояние изменилось после загрузки клиентом
When клиент отправляет `PATCH /api/v1/contacts/{id}` с устаревшей If-Match
Then сервер отклоняет команду без overwrite
And клиент сохраняет draft и предлагает refresh/compare/reapply или безопасный повтор"
AC-818,MOD-012,FR-127,[STATE-010/STATE-011/STATE-012] Server unavailable/read-only: команда Изменить контакт не ставится в offline queue,Critical,Desktop/resilience,OpenAPI `PATCH_api_v1_contacts_id`; Stage_3_Field_Traceability.csv,"Given сервер недоступен или приложение находится в read-only cache mode
When пользователь пытается выполнить «Изменить контакт»
Then команда не отправляется и не помещается в offline business queue
And UI сохраняет допустимый local draft или сообщает, что действие требует соединения"
AC-819,MOD-012,FR-127,[STATE-018] Удалённый объект: команда не применяется к trashed target и не создаёт новый объект,High,Lifecycle/integration,OpenAPI `PATCH_api_v1_contacts_id`; Stage_3_Field_Traceability.csv,"Given target object был перемещён в Trash или удалён после загрузки
When выполняется `PATCH /api/v1/contacts/{id}`
Then сервер возвращает OBJECT_DELETED/OBJECT_NOT_VISIBLE согласно текущим правам
And клиент не восстанавливает optimistic state и предлагает только разрешённый restore/open Trash"
AC-820,MOD-012,FR-128,Happy path: Добавить адрес,Critical,Contract/integration,OpenAPI `POST_api_v1_contacts_id_addresses`; Stage_3_Field_Traceability.csv,"Given пользователь имеет `Contact.Update` и выполнены предусловия
When клиент отправляет `POST /api/v1/contacts/{id}/addresses` с контрактным payload и headers
Then сервер возвращает успешный контрактный ответ
And клиент отображает только authoritative response"
AC-821,MOD-012,FR-128,[STATE-008/STATE-009] Permission denied: Добавить адрес не выполняется и данные не раскрываются,Critical,Security/authorization,OpenAPI `POST_api_v1_contacts_id_addresses`; Stage_3_Field_Traceability.csv,"Given пользователь аутентифицирован, но не имеет `Contact.Update` или требуемой relation
When клиент запрашивает `POST /api/v1/contacts/{id}/addresses`
Then сервер возвращает 403/OBJECT_NOT_VISIBLE согласно контракту
And клиент не раскрывает скрытые данные и не применяет optimistic UI change"
AC-822,MOD-012,FR-128,[STATE-032/STATE-033/STATE-034] Session/device interruption: операция прекращается без сохранения неподтверждённого состояния,Critical,Security/session,OpenAPI `POST_api_v1_contacts_id_addresses`; Stage_3_Field_Traceability.csv,"Given access/refresh session или device больше не действительны
When клиент обращается к `POST /api/v1/contacts/{id}/addresses`
Then сервер возвращает стабильную auth/session/device ошибку
And клиент прекращает команды, очищает запрещённые credentials/cache по политике и переводит пользователя в безопасный login/recovery flow"
AC-823,MOD-012,FR-128,[STATE-007] Validation: fieldErrors сохраняют draft и привязываются к canonical field path,High,Contract/UI,OpenAPI `POST_api_v1_contacts_id_addresses`; Stage_3_Field_Traceability.csv,"Given пользователь заполнил payload для `POST_api_v1_contacts_id_addresses` с нарушением DTO constraint
When сервер возвращает VALIDATION_FAILED с fieldErrors
Then draft сохраняется, ошибки связываются с canonical field paths и фокус переходит к первой ошибке"
AC-824,MOD-012,FR-128,[STATE-014/STATE-025] Conflict/precondition: устаревшая или отсутствующая If-Match не приводит к overwrite,Critical,Concurrency/integration,OpenAPI `POST_api_v1_contacts_id_addresses`; Stage_3_Field_Traceability.csv,"Given серверное состояние изменилось после загрузки клиентом
When клиент отправляет `POST /api/v1/contacts/{id}/addresses` с устаревшей If-Match
Then сервер отклоняет команду без overwrite
And клиент сохраняет draft и предлагает refresh/compare/reapply или безопасный повтор"
AC-825,MOD-012,FR-128,[STATE-010/STATE-011/STATE-012] Server unavailable/read-only: команда Добавить адрес не ставится в offline queue,Critical,Desktop/resilience,OpenAPI `POST_api_v1_contacts_id_addresses`; Stage_3_Field_Traceability.csv,"Given сервер недоступен или приложение находится в read-only cache mode
When пользователь пытается выполнить «Добавить адрес»
Then команда не отправляется и не помещается в offline business queue
And UI сохраняет допустимый local draft или сообщает, что действие требует соединения"
AC-826,MOD-012,FR-128,[STATE-020] Idempotency: повтор с тем же key/hash не создаёт двойной side effect,Critical,Integration,OpenAPI `POST_api_v1_contacts_id_addresses`; Stage_3_Field_Traceability.csv,"Given первая команда `POST_api_v1_contacts_id_addresses` уже принята с idempotency key и payload hash
When клиент безопасно повторяет тот же key и payload
Then сервер возвращает тот же бизнес-результат без второго side effect
And другой payload с тем же key отклоняется как IDEMPOTENCY_KEY_REUSED"
AC-827,MOD-012,FR-128,[STATE-018] Удалённый объект: команда не применяется к trashed target и не создаёт новый объект,High,Lifecycle/integration,OpenAPI `POST_api_v1_contacts_id_addresses`; Stage_3_Field_Traceability.csv,"Given target object был перемещён в Trash или удалён после загрузки
When выполняется `POST /api/v1/contacts/{id}/addresses`
Then сервер возвращает OBJECT_DELETED/OBJECT_NOT_VISIBLE согласно текущим правам
And клиент не восстанавливает optimistic state и предлагает только разрешённый restore/open Trash"
AC-828,MOD-012,FR-129,[STATE-017] Happy path: Архивировать контакт,Critical,Contract/integration,OpenAPI `POST_api_v1_contacts_id_archive`; Stage_3_Field_Traceability.csv,"Given пользователь имеет `Contact.Update` и выполнены предусловия
When клиент отправляет `POST /api/v1/contacts/{id}/archive` с контрактным payload и headers
Then сервер возвращает успешный контрактный ответ
And клиент отображает только authoritative response"
AC-829,MOD-012,FR-129,[STATE-008/STATE-009/STATE-017] Permission denied: Архивировать контакт не выполняется и данные не раскрываются,Critical,Security/authorization,OpenAPI `POST_api_v1_contacts_id_archive`; Stage_3_Field_Traceability.csv,"Given пользователь аутентифицирован, но не имеет `Contact.Update` или требуемой relation
When клиент запрашивает `POST /api/v1/contacts/{id}/archive`
Then сервер возвращает 403/OBJECT_NOT_VISIBLE согласно контракту
And клиент не раскрывает скрытые данные и не применяет optimistic UI change"
AC-830,MOD-012,FR-129,[STATE-017/STATE-032/STATE-033/STATE-034] Session/device interruption: операция прекращается без сохранения неподтверждённого состояния,Critical,Security/session,OpenAPI `POST_api_v1_contacts_id_archive`; Stage_3_Field_Traceability.csv,"Given access/refresh session или device больше не действительны
When клиент обращается к `POST /api/v1/contacts/{id}/archive`
Then сервер возвращает стабильную auth/session/device ошибку
And клиент прекращает команды, очищает запрещённые credentials/cache по политике и переводит пользователя в безопасный login/recovery flow"
AC-831,MOD-012,FR-129,[STATE-007/STATE-017] Validation: fieldErrors сохраняют draft и привязываются к canonical field path,High,Contract/UI,OpenAPI `POST_api_v1_contacts_id_archive`; Stage_3_Field_Traceability.csv,"Given пользователь заполнил payload для `POST_api_v1_contacts_id_archive` с нарушением DTO constraint
When сервер возвращает VALIDATION_FAILED с fieldErrors
Then draft сохраняется, ошибки связываются с canonical field paths и фокус переходит к первой ошибке"
AC-832,MOD-012,FR-129,[STATE-014/STATE-017/STATE-025] Conflict/precondition: устаревшая или отсутствующая If-Match не приводит к overwrite,Critical,Concurrency/integration,OpenAPI `POST_api_v1_contacts_id_archive`; Stage_3_Field_Traceability.csv,"Given серверное состояние изменилось после загрузки клиентом
When клиент отправляет `POST /api/v1/contacts/{id}/archive` с устаревшей If-Match
Then сервер отклоняет команду без overwrite
And клиент сохраняет draft и предлагает refresh/compare/reapply или безопасный повтор"
AC-833,MOD-012,FR-129,[STATE-010/STATE-011/STATE-012] Server unavailable/read-only: команда Архивировать контакт не ставится в offline queue,Critical,Desktop/resilience,OpenAPI `POST_api_v1_contacts_id_archive`; Stage_3_Field_Traceability.csv,"Given сервер недоступен или приложение находится в read-only cache mode
When пользователь пытается выполнить «Архивировать контакт»
Then команда не отправляется и не помещается в offline business queue
And UI сохраняет допустимый local draft или сообщает, что действие требует соединения"
AC-834,MOD-012,FR-129,[STATE-017/STATE-020] Idempotency: повтор с тем же key/hash не создаёт двойной side effect,Critical,Integration,OpenAPI `POST_api_v1_contacts_id_archive`; Stage_3_Field_Traceability.csv,"Given первая команда `POST_api_v1_contacts_id_archive` уже принята с idempotency key и payload hash
When клиент безопасно повторяет тот же key и payload
Then сервер возвращает тот же бизнес-результат без второго side effect
And другой payload с тем же key отклоняется как IDEMPOTENCY_KEY_REUSED"
AC-835,MOD-012,FR-129,[STATE-018] Удалённый объект: команда не применяется к trashed target и не создаёт новый объект,High,Lifecycle/integration,OpenAPI `POST_api_v1_contacts_id_archive`; Stage_3_Field_Traceability.csv,"Given target object был перемещён в Trash или удалён после загрузки
When выполняется `POST /api/v1/contacts/{id}/archive`
Then сервер возвращает OBJECT_DELETED/OBJECT_NOT_VISIBLE согласно текущим правам
And клиент не восстанавливает optimistic state и предлагает только разрешённый restore/open Trash"
AC-836,MOD-012,FR-130,Happy path: Добавить средство связи,Critical,Contract/integration,OpenAPI `POST_api_v1_contacts_id_channels`; Stage_3_Field_Traceability.csv,"Given пользователь имеет `Contact.Update` и выполнены предусловия
When клиент отправляет `POST /api/v1/contacts/{id}/channels` с контрактным payload и headers
Then сервер возвращает успешный контрактный ответ
And клиент отображает только authoritative response"
AC-837,MOD-012,FR-130,[STATE-008/STATE-009] Permission denied: Добавить средство связи не выполняется и данные не раскрываются,Critical,Security/authorization,OpenAPI `POST_api_v1_contacts_id_channels`; Stage_3_Field_Traceability.csv,"Given пользователь аутентифицирован, но не имеет `Contact.Update` или требуемой relation
When клиент запрашивает `POST /api/v1/contacts/{id}/channels`
Then сервер возвращает 403/OBJECT_NOT_VISIBLE согласно контракту
And клиент не раскрывает скрытые данные и не применяет optimistic UI change"
AC-838,MOD-012,FR-130,[STATE-032/STATE-033/STATE-034] Session/device interruption: операция прекращается без сохранения неподтверждённого состояния,Critical,Security/session,OpenAPI `POST_api_v1_contacts_id_channels`; Stage_3_Field_Traceability.csv,"Given access/refresh session или device больше не действительны
When клиент обращается к `POST /api/v1/contacts/{id}/channels`
Then сервер возвращает стабильную auth/session/device ошибку
And клиент прекращает команды, очищает запрещённые credentials/cache по политике и переводит пользователя в безопасный login/recovery flow"
AC-839,MOD-012,FR-130,[STATE-007] Validation: fieldErrors сохраняют draft и привязываются к canonical field path,High,Contract/UI,OpenAPI `POST_api_v1_contacts_id_channels`; Stage_3_Field_Traceability.csv,"Given пользователь заполнил payload для `POST_api_v1_contacts_id_channels` с нарушением DTO constraint
When сервер возвращает VALIDATION_FAILED с fieldErrors
Then draft сохраняется, ошибки связываются с canonical field paths и фокус переходит к первой ошибке"
AC-840,MOD-012,FR-130,[STATE-014/STATE-025] Conflict/precondition: устаревшая или отсутствующая If-Match не приводит к overwrite,Critical,Concurrency/integration,OpenAPI `POST_api_v1_contacts_id_channels`; Stage_3_Field_Traceability.csv,"Given серверное состояние изменилось после загрузки клиентом
When клиент отправляет `POST /api/v1/contacts/{id}/channels` с устаревшей If-Match
Then сервер отклоняет команду без overwrite
And клиент сохраняет draft и предлагает refresh/compare/reapply или безопасный повтор"
AC-841,MOD-012,FR-130,[STATE-010/STATE-011/STATE-012] Server unavailable/read-only: команда Добавить средство связи не ставится в offline queue,Critical,Desktop/resilience,OpenAPI `POST_api_v1_contacts_id_channels`; Stage_3_Field_Traceability.csv,"Given сервер недоступен или приложение находится в read-only cache mode
When пользователь пытается выполнить «Добавить средство связи»
Then команда не отправляется и не помещается в offline business queue
And UI сохраняет допустимый local draft или сообщает, что действие требует соединения"
AC-842,MOD-012,FR-130,[STATE-020] Idempotency: повтор с тем же key/hash не создаёт двойной side effect,Critical,Integration,OpenAPI `POST_api_v1_contacts_id_channels`; Stage_3_Field_Traceability.csv,"Given первая команда `POST_api_v1_contacts_id_channels` уже принята с idempotency key и payload hash
When клиент безопасно повторяет тот же key и payload
Then сервер возвращает тот же бизнес-результат без второго side effect
And другой payload с тем же key отклоняется как IDEMPOTENCY_KEY_REUSED"
AC-843,MOD-012,FR-130,[STATE-018] Удалённый объект: команда не применяется к trashed target и не создаёт новый объект,High,Lifecycle/integration,OpenAPI `POST_api_v1_contacts_id_channels`; Stage_3_Field_Traceability.csv,"Given target object был перемещён в Trash или удалён после загрузки
When выполняется `POST /api/v1/contacts/{id}/channels`
Then сервер возвращает OBJECT_DELETED/OBJECT_NOT_VISIBLE согласно текущим правам
And клиент не восстанавливает optimistic state и предлагает только разрешённый restore/open Trash"
AC-844,MOD-012,FR-131,Happy path: Удалить средство связи,Critical,Contract/integration,OpenAPI `DELETE_api_v1_contacts_id_channels_channelId`; Stage_3_Field_Traceability.csv,"Given пользователь имеет `Contact.Update` и выполнены предусловия
When клиент отправляет `DELETE /api/v1/contacts/{id}/channels/{channelId}` с контрактным payload и headers
Then сервер возвращает успешный контрактный ответ
And клиент отображает только authoritative response"
AC-845,MOD-012,FR-131,[STATE-008/STATE-009] Permission denied: Удалить средство связи не выполняется и данные не раскрываются,Critical,Security/authorization,OpenAPI `DELETE_api_v1_contacts_id_channels_channelId`; Stage_3_Field_Traceability.csv,"Given пользователь аутентифицирован, но не имеет `Contact.Update` или требуемой relation
When клиент запрашивает `DELETE /api/v1/contacts/{id}/channels/{channelId}`
Then сервер возвращает 403/OBJECT_NOT_VISIBLE согласно контракту
And клиент не раскрывает скрытые данные и не применяет optimistic UI change"
AC-846,MOD-012,FR-131,[STATE-032/STATE-033/STATE-034] Session/device interruption: операция прекращается без сохранения неподтверждённого состояния,Critical,Security/session,OpenAPI `DELETE_api_v1_contacts_id_channels_channelId`; Stage_3_Field_Traceability.csv,"Given access/refresh session или device больше не действительны
When клиент обращается к `DELETE /api/v1/contacts/{id}/channels/{channelId}`
Then сервер возвращает стабильную auth/session/device ошибку
And клиент прекращает команды, очищает запрещённые credentials/cache по политике и переводит пользователя в безопасный login/recovery flow"
AC-847,MOD-012,FR-131,[STATE-014/STATE-025] Conflict/precondition: устаревшая или отсутствующая If-Match не приводит к overwrite,Critical,Concurrency/integration,OpenAPI `DELETE_api_v1_contacts_id_channels_channelId`; Stage_3_Field_Traceability.csv,"Given серверное состояние изменилось после загрузки клиентом
When клиент отправляет `DELETE /api/v1/contacts/{id}/channels/{channelId}` с устаревшей If-Match
Then сервер отклоняет команду без overwrite
And клиент сохраняет draft и предлагает refresh/compare/reapply или безопасный повтор"
AC-848,MOD-012,FR-131,[STATE-010/STATE-011/STATE-012] Server unavailable/read-only: команда Удалить средство связи не ставится в offline queue,Critical,Desktop/resilience,OpenAPI `DELETE_api_v1_contacts_id_channels_channelId`; Stage_3_Field_Traceability.csv,"Given сервер недоступен или приложение находится в read-only cache mode
When пользователь пытается выполнить «Удалить средство связи»
Then команда не отправляется и не помещается в offline business queue
And UI сохраняет допустимый local draft или сообщает, что действие требует соединения"
AC-849,MOD-012,FR-131,[STATE-018] Удалённый объект: команда не применяется к trashed target и не создаёт новый объект,High,Lifecycle/integration,OpenAPI `DELETE_api_v1_contacts_id_channels_channelId`; Stage_3_Field_Traceability.csv,"Given target object был перемещён в Trash или удалён после загрузки
When выполняется `DELETE /api/v1/contacts/{id}/channels/{channelId}`
Then сервер возвращает OBJECT_DELETED/OBJECT_NOT_VISIBLE согласно текущим правам
And клиент не восстанавливает optimistic state и предлагает только разрешённый restore/open Trash"
AC-850,MOD-012,FR-132,Happy path: Изменить средство связи,Critical,Contract/integration,OpenAPI `PATCH_api_v1_contacts_id_channels_channelId`; Stage_3_Field_Traceability.csv,"Given пользователь имеет `Contact.Update` и выполнены предусловия
When клиент отправляет `PATCH /api/v1/contacts/{id}/channels/{channelId}` с контрактным payload и headers
Then сервер возвращает успешный контрактный ответ
And клиент отображает только authoritative response"
AC-851,MOD-012,FR-132,[STATE-008/STATE-009] Permission denied: Изменить средство связи не выполняется и данные не раскрываются,Critical,Security/authorization,OpenAPI `PATCH_api_v1_contacts_id_channels_channelId`; Stage_3_Field_Traceability.csv,"Given пользователь аутентифицирован, но не имеет `Contact.Update` или требуемой relation
When клиент запрашивает `PATCH /api/v1/contacts/{id}/channels/{channelId}`
Then сервер возвращает 403/OBJECT_NOT_VISIBLE согласно контракту
And клиент не раскрывает скрытые данные и не применяет optimistic UI change"
AC-852,MOD-012,FR-132,[STATE-032/STATE-033/STATE-034] Session/device interruption: операция прекращается без сохранения неподтверждённого состояния,Critical,Security/session,OpenAPI `PATCH_api_v1_contacts_id_channels_channelId`; Stage_3_Field_Traceability.csv,"Given access/refresh session или device больше не действительны
When клиент обращается к `PATCH /api/v1/contacts/{id}/channels/{channelId}`
Then сервер возвращает стабильную auth/session/device ошибку
And клиент прекращает команды, очищает запрещённые credentials/cache по политике и переводит пользователя в безопасный login/recovery flow"
AC-853,MOD-012,FR-132,[STATE-007] Validation: fieldErrors сохраняют draft и привязываются к canonical field path,High,Contract/UI,OpenAPI `PATCH_api_v1_contacts_id_channels_channelId`; Stage_3_Field_Traceability.csv,"Given пользователь заполнил payload для `PATCH_api_v1_contacts_id_channels_channelId` с нарушением DTO constraint
When сервер возвращает VALIDATION_FAILED с fieldErrors
Then draft сохраняется, ошибки связываются с canonical field paths и фокус переходит к первой ошибке"
AC-854,MOD-012,FR-132,[STATE-014/STATE-025] Conflict/precondition: устаревшая или отсутствующая If-Match не приводит к overwrite,Critical,Concurrency/integration,OpenAPI `PATCH_api_v1_contacts_id_channels_channelId`; Stage_3_Field_Traceability.csv,"Given серверное состояние изменилось после загрузки клиентом
When клиент отправляет `PATCH /api/v1/contacts/{id}/channels/{channelId}` с устаревшей If-Match
Then сервер отклоняет команду без overwrite
And клиент сохраняет draft и предлагает refresh/compare/reapply или безопасный повтор"
AC-855,MOD-012,FR-132,[STATE-010/STATE-011/STATE-012] Server unavailable/read-only: команда Изменить средство связи не ставится в offline queue,Critical,Desktop/resilience,OpenAPI `PATCH_api_v1_contacts_id_channels_channelId`; Stage_3_Field_Traceability.csv,"Given сервер недоступен или приложение находится в read-only cache mode
When пользователь пытается выполнить «Изменить средство связи»
Then команда не отправляется и не помещается в offline business queue
And UI сохраняет допустимый local draft или сообщает, что действие требует соединения"
AC-856,MOD-012,FR-132,[STATE-020] Idempotency: повтор с тем же key/hash не создаёт двойной side effect,Critical,Integration,OpenAPI `PATCH_api_v1_contacts_id_channels_channelId`; Stage_3_Field_Traceability.csv,"Given первая команда `PATCH_api_v1_contacts_id_channels_channelId` уже принята с idempotency key и payload hash
When клиент безопасно повторяет тот же key и payload
Then сервер возвращает тот же бизнес-результат без второго side effect
And другой payload с тем же key отклоняется как IDEMPOTENCY_KEY_REUSED"
AC-857,MOD-012,FR-132,[STATE-018] Удалённый объект: команда не применяется к trashed target и не создаёт новый объект,High,Lifecycle/integration,OpenAPI `PATCH_api_v1_contacts_id_channels_channelId`; Stage_3_Field_Traceability.csv,"Given target object был перемещён в Trash или удалён после загрузки
When выполняется `PATCH /api/v1/contacts/{id}/channels/{channelId}`
Then сервер возвращает OBJECT_DELETED/OBJECT_NOT_VISIBLE согласно текущим правам
And клиент не восстанавливает optimistic state и предлагает только разрешённый restore/open Trash"
AC-858,MOD-012,FR-133,[STATE-018] Happy path: Восстановить контакт,Critical,Contract/integration,OpenAPI `POST_api_v1_contacts_id_restore`; Stage_3_Field_Traceability.csv,"Given пользователь имеет `Contact.Restore` и выполнены предусловия
When клиент отправляет `POST /api/v1/contacts/{id}/restore` с контрактным payload и headers
Then сервер возвращает успешный контрактный ответ
And клиент отображает только authoritative response"
AC-859,MOD-012,FR-133,[STATE-008/STATE-009/STATE-018] Permission denied: Восстановить контакт не выполняется и данные не раскрываются,Critical,Security/authorization,OpenAPI `POST_api_v1_contacts_id_restore`; Stage_3_Field_Traceability.csv,"Given пользователь аутентифицирован, но не имеет `Contact.Restore` или требуемой relation
When клиент запрашивает `POST /api/v1/contacts/{id}/restore`
Then сервер возвращает 403/OBJECT_NOT_VISIBLE согласно контракту
And клиент не раскрывает скрытые данные и не применяет optimistic UI change"
AC-860,MOD-012,FR-133,[STATE-018/STATE-032/STATE-033/STATE-034] Session/device interruption: операция прекращается без сохранения неподтверждённого состояния,Critical,Security/session,OpenAPI `POST_api_v1_contacts_id_restore`; Stage_3_Field_Traceability.csv,"Given access/refresh session или device больше не действительны
When клиент обращается к `POST /api/v1/contacts/{id}/restore`
Then сервер возвращает стабильную auth/session/device ошибку
And клиент прекращает команды, очищает запрещённые credentials/cache по политике и переводит пользователя в безопасный login/recovery flow"
AC-861,MOD-012,FR-133,[STATE-007/STATE-018] Validation: fieldErrors сохраняют draft и привязываются к canonical field path,High,Contract/UI,OpenAPI `POST_api_v1_contacts_id_restore`; Stage_3_Field_Traceability.csv,"Given пользователь заполнил payload для `POST_api_v1_contacts_id_restore` с нарушением DTO constraint
When сервер возвращает VALIDATION_FAILED с fieldErrors
Then draft сохраняется, ошибки связываются с canonical field paths и фокус переходит к первой ошибке"
AC-862,MOD-012,FR-133,[STATE-014/STATE-018/STATE-025] Conflict/precondition: устаревшая или отсутствующая If-Match не приводит к overwrite,Critical,Concurrency/integration,OpenAPI `POST_api_v1_contacts_id_restore`; Stage_3_Field_Traceability.csv,"Given серверное состояние изменилось после загрузки клиентом
When клиент отправляет `POST /api/v1/contacts/{id}/restore` с устаревшей If-Match
Then сервер отклоняет команду без overwrite
And клиент сохраняет draft и предлагает refresh/compare/reapply или безопасный повтор"
AC-863,MOD-012,FR-133,[STATE-010/STATE-011/STATE-012] Server unavailable/read-only: команда Восстановить контакт не ставится в offline queue,Critical,Desktop/resilience,OpenAPI `POST_api_v1_contacts_id_restore`; Stage_3_Field_Traceability.csv,"Given сервер недоступен или приложение находится в read-only cache mode
When пользователь пытается выполнить «Восстановить контакт»
Then команда не отправляется и не помещается в offline business queue
And UI сохраняет допустимый local draft или сообщает, что действие требует соединения"
AC-864,MOD-012,FR-133,[STATE-018/STATE-020] Idempotency: повтор с тем же key/hash не создаёт двойной side effect,Critical,Integration,OpenAPI `POST_api_v1_contacts_id_restore`; Stage_3_Field_Traceability.csv,"Given первая команда `POST_api_v1_contacts_id_restore` уже принята с idempotency key и payload hash
When клиент безопасно повторяет тот же key и payload
Then сервер возвращает тот же бизнес-результат без второго side effect
And другой payload с тем же key отклоняется как IDEMPOTENCY_KEY_REUSED"
AC-865,MOD-012,FR-133,[STATE-018] Удалённый объект: команда не применяется к trashed target и не создаёт новый объект,High,Lifecycle/integration,OpenAPI `POST_api_v1_contacts_id_restore`; Stage_3_Field_Traceability.csv,"Given target object был перемещён в Trash или удалён после загрузки
When выполняется `POST /api/v1/contacts/{id}/restore`
Then сервер возвращает OBJECT_DELETED/OBJECT_NOT_VISIBLE согласно текущим правам
And клиент не восстанавливает optimistic state и предлагает только разрешённый restore/open Trash"
AC-866,MOD-012,FR-134,[STATE-017] Happy path: Вернуть контакт из архива,Critical,Contract/integration,OpenAPI `POST_api_v1_contacts_id_unarchive`; Stage_3_Field_Traceability.csv,"Given пользователь имеет `Contact.Update` и выполнены предусловия
When клиент отправляет `POST /api/v1/contacts/{id}/unarchive` с контрактным payload и headers
Then сервер возвращает успешный контрактный ответ
And клиент отображает только authoritative response"
AC-867,MOD-012,FR-134,[STATE-008/STATE-009/STATE-017] Permission denied: Вернуть контакт из архива не выполняется и данные не раскрываются,Critical,Security/authorization,OpenAPI `POST_api_v1_contacts_id_unarchive`; Stage_3_Field_Traceability.csv,"Given пользователь аутентифицирован, но не имеет `Contact.Update` или требуемой relation
When клиент запрашивает `POST /api/v1/contacts/{id}/unarchive`
Then сервер возвращает 403/OBJECT_NOT_VISIBLE согласно контракту
And клиент не раскрывает скрытые данные и не применяет optimistic UI change"
AC-868,MOD-012,FR-134,[STATE-017/STATE-032/STATE-033/STATE-034] Session/device interruption: операция прекращается без сохранения неподтверждённого состояния,Critical,Security/session,OpenAPI `POST_api_v1_contacts_id_unarchive`; Stage_3_Field_Traceability.csv,"Given access/refresh session или device больше не действительны
When клиент обращается к `POST /api/v1/contacts/{id}/unarchive`
Then сервер возвращает стабильную auth/session/device ошибку
And клиент прекращает команды, очищает запрещённые credentials/cache по политике и переводит пользователя в безопасный login/recovery flow"
AC-869,MOD-012,FR-134,[STATE-014/STATE-017/STATE-025] Conflict/precondition: устаревшая или отсутствующая If-Match не приводит к overwrite,Critical,Concurrency/integration,OpenAPI `POST_api_v1_contacts_id_unarchive`; Stage_3_Field_Traceability.csv,"Given серверное состояние изменилось после загрузки клиентом
When клиент отправляет `POST /api/v1/contacts/{id}/unarchive` с устаревшей If-Match
Then сервер отклоняет команду без overwrite
And клиент сохраняет draft и предлагает refresh/compare/reapply или безопасный повтор"
AC-870,MOD-012,FR-134,[STATE-010/STATE-011/STATE-012] Server unavailable/read-only: команда Вернуть контакт из архива не ставится в offline queue,Critical,Desktop/resilience,OpenAPI `POST_api_v1_contacts_id_unarchive`; Stage_3_Field_Traceability.csv,"Given сервер недоступен или приложение находится в read-only cache mode
When пользователь пытается выполнить «Вернуть контакт из архива»
Then команда не отправляется и не помещается в offline business queue
And UI сохраняет допустимый local draft или сообщает, что действие требует соединения"
AC-871,MOD-012,FR-134,[STATE-018] Удалённый объект: команда не применяется к trashed target и не создаёт новый объект,High,Lifecycle/integration,OpenAPI `POST_api_v1_contacts_id_unarchive`; Stage_3_Field_Traceability.csv,"Given target object был перемещён в Trash или удалён после загрузки
When выполняется `POST /api/v1/contacts/{id}/unarchive`
Then сервер возвращает OBJECT_DELETED/OBJECT_NOT_VISIBLE согласно текущим правам
And клиент не восстанавливает optimistic state и предлагает только разрешённый restore/open Trash"
AC-872,MOD-013,FR-135,[STATE-018] Happy path: Восстановить удалённый комментарий,Critical,Contract/integration,OpenAPI `POST_api_v1_comments_id_restore`; Stage_3_Field_Traceability.csv,"Given пользователь имеет `Comment.Moderate` и выполнены предусловия
When клиент отправляет `POST /api/v1/comments/{id}/restore` с контрактным payload и headers
Then сервер возвращает успешный контрактный ответ
And клиент отображает только authoritative response"
AC-873,MOD-013,FR-135,[STATE-008/STATE-009/STATE-018] Permission denied: Восстановить удалённый комментарий не выполняется и данные не раскрываются,Critical,Security/authorization,OpenAPI `POST_api_v1_comments_id_restore`; Stage_3_Field_Traceability.csv,"Given пользователь аутентифицирован, но не имеет `Comment.Moderate` или требуемой relation
When клиент запрашивает `POST /api/v1/comments/{id}/restore`
Then сервер возвращает 403/OBJECT_NOT_VISIBLE согласно контракту
And клиент не раскрывает скрытые данные и не применяет optimistic UI change"
AC-874,MOD-013,FR-135,[STATE-018/STATE-032/STATE-033/STATE-034] Session/device interruption: операция прекращается без сохранения неподтверждённого состояния,Critical,Security/session,OpenAPI `POST_api_v1_comments_id_restore`; Stage_3_Field_Traceability.csv,"Given access/refresh session или device больше не действительны
When клиент обращается к `POST /api/v1/comments/{id}/restore`
Then сервер возвращает стабильную auth/session/device ошибку
And клиент прекращает команды, очищает запрещённые credentials/cache по политике и переводит пользователя в безопасный login/recovery flow"
AC-875,MOD-013,FR-135,[STATE-014/STATE-018/STATE-025] Conflict/precondition: устаревшая или отсутствующая If-Match не приводит к overwrite,Critical,Concurrency/integration,OpenAPI `POST_api_v1_comments_id_restore`; Stage_3_Field_Traceability.csv,"Given серверное состояние изменилось после загрузки клиентом
When клиент отправляет `POST /api/v1/comments/{id}/restore` с устаревшей If-Match
Then сервер отклоняет команду без overwrite
And клиент сохраняет draft и предлагает refresh/compare/reapply или безопасный повтор"
AC-876,MOD-013,FR-135,[STATE-010/STATE-011/STATE-012] Server unavailable/read-only: команда Восстановить удалённый комментарий не ставится в offline queue,Critical,Desktop/resilience,OpenAPI `POST_api_v1_comments_id_restore`; Stage_3_Field_Traceability.csv,"Given сервер недоступен или приложение находится в read-only cache mode
When пользователь пытается выполнить «Восстановить удалённый комментарий»
Then команда не отправляется и не помещается в offline business queue
And UI сохраняет допустимый local draft или сообщает, что действие требует соединения"
AC-877,MOD-013,FR-135,[STATE-018] Удалённый объект: команда не применяется к trashed target и не создаёт новый объект,High,Lifecycle/integration,OpenAPI `POST_api_v1_comments_id_restore`; Stage_3_Field_Traceability.csv,"Given target object был перемещён в Trash или удалён после загрузки
When выполняется `POST /api/v1/comments/{id}/restore`
Then сервер возвращает OBJECT_DELETED/OBJECT_NOT_VISIBLE согласно текущим правам
And клиент не восстанавливает optimistic state и предлагает только разрешённый restore/open Trash"
AC-878,MOD-013,FR-136,Happy path: Версии комментария,High,Contract/integration,OpenAPI `GET_api_v1_comments_id_versions`; Stage_3_Field_Traceability.csv,
AC-879,MOD-013,FR-136,[STATE-008/STATE-009] Permission denied: Версии комментария не выполняется и данные не раскрываются,Critical,Security/authorization,OpenAPI `GET_api_v1_comments_id_versions`; Stage_3_Field_Traceability.csv,"Given пользователь аутентифицирован, но не имеет `History.Read` или требуемой relation
When клиент запрашивает `GET /api/v1/comments/{id}/versions`
Then сервер возвращает 403/OBJECT_NOT_VISIBLE согласно контракту
And клиент не раскрывает скрытые данные и не применяет optimistic UI change"
AC-880,MOD-013,FR-136,[STATE-032/STATE-033/STATE-034] Session/device interruption: операция прекращается без сохранения неподтверждённого состояния,Critical,Security/session,OpenAPI `GET_api_v1_comments_id_versions`; Stage_3_Field_Traceability.csv,"Given access/refresh session или device больше не действительны
When клиент обращается к `GET /api/v1/comments/{id}/versions`
Then сервер возвращает стабильную auth/session/device ошибку
And клиент прекращает команды, очищает запрещённые credentials/cache по политике и переводит пользователя в безопасный login/recovery flow"
AC-881,MOD-013,FR-137,Happy path: Список комментарий,High,Contract/integration,OpenAPI `GET_api_v1_objects_objectId_comments`; Stage_3_Field_Traceability.csv,
AC-882,MOD-013,FR-137,[STATE-008/STATE-009] Permission denied: Список комментарий не выполняется и данные не раскрываются,Critical,Security/authorization,OpenAPI `GET_api_v1_objects_objectId_comments`; Stage_3_Field_Traceability.csv,"Given пользователь аутентифицирован, но не имеет `Comment.Read` или требуемой relation
When клиент запрашивает `GET /api/v1/objects/{objectId}/comments`
Then сервер возвращает 403/OBJECT_NOT_VISIBLE согласно контракту
And клиент не раскрывает скрытые данные и не применяет optimistic UI change"
AC-883,MOD-013,FR-137,[STATE-032/STATE-033/STATE-034] Session/device interruption: операция прекращается без сохранения неподтверждённого состояния,Critical,Security/session,OpenAPI `GET_api_v1_objects_objectId_comments`; Stage_3_Field_Traceability.csv,"Given access/refresh session или device больше не действительны
When клиент обращается к `GET /api/v1/objects/{objectId}/comments`
Then сервер возвращает стабильную auth/session/device ошибку
And клиент прекращает команды, очищает запрещённые credentials/cache по политике и переводит пользователя в безопасный login/recovery flow"
AC-884,MOD-013,FR-138,Happy path: Создать комментарий,Critical,Contract/integration,OpenAPI `POST_api_v1_objects_objectId_comments`; Stage_3_Field_Traceability.csv,"Given пользователь имеет `Comment.Create` и выполнены предусловия
When клиент отправляет `POST /api/v1/objects/{objectId}/comments` с контрактным payload и headers
Then сервер возвращает успешный контрактный ответ
And клиент отображает только authoritative response"
AC-885,MOD-013,FR-138,[STATE-008/STATE-009] Permission denied: Создать комментарий не выполняется и данные не раскрываются,Critical,Security/authorization,OpenAPI `POST_api_v1_objects_objectId_comments`; Stage_3_Field_Traceability.csv,"Given пользователь аутентифицирован, но не имеет `Comment.Create` или требуемой relation
When клиент запрашивает `POST /api/v1/objects/{objectId}/comments`
Then сервер возвращает 403/OBJECT_NOT_VISIBLE согласно контракту
And клиент не раскрывает скрытые данные и не применяет optimistic UI change"
AC-886,MOD-013,FR-138,[STATE-032/STATE-033/STATE-034] Session/device interruption: операция прекращается без сохранения неподтверждённого состояния,Critical,Security/session,OpenAPI `POST_api_v1_objects_objectId_comments`; Stage_3_Field_Traceability.csv,"Given access/refresh session или device больше не действительны
When клиент обращается к `POST /api/v1/objects/{objectId}/comments`
Then сервер возвращает стабильную auth/session/device ошибку
And клиент прекращает команды, очищает запрещённые credentials/cache по политике и переводит пользователя в безопасный login/recovery flow"
AC-887,MOD-013,FR-138,[STATE-007] Validation: fieldErrors сохраняют draft и привязываются к canonical field path,High,Contract/UI,OpenAPI `POST_api_v1_objects_objectId_comments`; Stage_3_Field_Traceability.csv,"Given пользователь заполнил payload для `POST_api_v1_objects_objectId_comments` с нарушением DTO constraint
When сервер возвращает VALIDATION_FAILED с fieldErrors
Then draft сохраняется, ошибки связываются с canonical field paths и фокус переходит к первой ошибке"
AC-888,MOD-013,FR-138,[STATE-014/STATE-025] Conflict/precondition: устаревшая или отсутствующая контрактная версия/precondition не приводит к overwrite,Critical,Concurrency/integration,OpenAPI `POST_api_v1_objects_objectId_comments`; Stage_3_Field_Traceability.csv,"Given серверное состояние изменилось после загрузки клиентом
When клиент отправляет `POST /api/v1/objects/{objectId}/comments` с устаревшей контрактная версия/precondition
Then сервер отклоняет команду без overwrite
And клиент сохраняет draft и предлагает refresh/compare/reapply или безопасный повтор"
AC-889,MOD-013,FR-138,[STATE-010/STATE-011/STATE-012] Server unavailable/read-only: команда Создать комментарий не ставится в offline queue,Critical,Desktop/resilience,OpenAPI `POST_api_v1_objects_objectId_comments`; Stage_3_Field_Traceability.csv,"Given сервер недоступен или приложение находится в read-only cache mode
When пользователь пытается выполнить «Создать комментарий»
Then команда не отправляется и не помещается в offline business queue
And UI сохраняет допустимый local draft или сообщает, что действие требует соединения"
AC-890,MOD-013,FR-138,[STATE-020] Idempotency: повтор с тем же key/hash не создаёт двойной side effect,Critical,Integration,OpenAPI `POST_api_v1_objects_objectId_comments`; Stage_3_Field_Traceability.csv,"Given первая команда `POST_api_v1_objects_objectId_comments` уже принята с idempotency key и payload hash
When клиент безопасно повторяет тот же key и payload
Then сервер возвращает тот же бизнес-результат без второго side effect
And другой payload с тем же key отклоняется как IDEMPOTENCY_KEY_REUSED"
AC-891,MOD-013,FR-139,Happy path: Переместить комментарий в корзину,Critical,Contract/integration,OpenAPI `DELETE_api_v1_objects_objectId_comments_id`; Stage_3_Field_Traceability.csv,"Given пользователь имеет `Comment.DeleteOwnOrModerate` и выполнены предусловия
When клиент отправляет `DELETE /api/v1/objects/{objectId}/comments/{id}` с контрактным payload и headers
Then сервер возвращает успешный контрактный ответ
And клиент отображает только authoritative response"
AC-892,MOD-013,FR-139,[STATE-008/STATE-009] Permission denied: Переместить комментарий в корзину не выполняется и данные не раскрываются,Critical,Security/authorization,OpenAPI `DELETE_api_v1_objects_objectId_comments_id`; Stage_3_Field_Traceability.csv,"Given пользователь аутентифицирован, но не имеет `Comment.DeleteOwnOrModerate` или требуемой relation
When клиент запрашивает `DELETE /api/v1/objects/{objectId}/comments/{id}`
Then сервер возвращает 403/OBJECT_NOT_VISIBLE согласно контракту
And клиент не раскрывает скрытые данные и не применяет optimistic UI change"
AC-893,MOD-013,FR-139,[STATE-032/STATE-033/STATE-034] Session/device interruption: операция прекращается без сохранения неподтверждённого состояния,Critical,Security/session,OpenAPI `DELETE_api_v1_objects_objectId_comments_id`; Stage_3_Field_Traceability.csv,"Given access/refresh session или device больше не действительны
When клиент обращается к `DELETE /api/v1/objects/{objectId}/comments/{id}`
Then сервер возвращает стабильную auth/session/device ошибку
And клиент прекращает команды, очищает запрещённые credentials/cache по политике и переводит пользователя в безопасный login/recovery flow"
AC-894,MOD-013,FR-139,[STATE-014/STATE-025] Conflict/precondition: устаревшая или отсутствующая If-Match не приводит к overwrite,Critical,Concurrency/integration,OpenAPI `DELETE_api_v1_objects_objectId_comments_id`; Stage_3_Field_Traceability.csv,"Given серверное состояние изменилось после загрузки клиентом
When клиент отправляет `DELETE /api/v1/objects/{objectId}/comments/{id}` с устаревшей If-Match
Then сервер отклоняет команду без overwrite
And клиент сохраняет draft и предлагает refresh/compare/reapply или безопасный повтор"
AC-895,MOD-013,FR-139,[STATE-010/STATE-011/STATE-012] Server unavailable/read-only: команда Переместить комментарий в корзину не ставится в offline queue,Critical,Desktop/resilience,OpenAPI `DELETE_api_v1_objects_objectId_comments_id`; Stage_3_Field_Traceability.csv,"Given сервер недоступен или приложение находится в read-only cache mode
When пользователь пытается выполнить «Переместить комментарий в корзину»
Then команда не отправляется и не помещается в offline business queue
And UI сохраняет допустимый local draft или сообщает, что действие требует соединения"
AC-896,MOD-013,FR-139,[STATE-018] Удалённый объект: команда не применяется к trashed target и не создаёт новый объект,High,Lifecycle/integration,OpenAPI `DELETE_api_v1_objects_objectId_comments_id`; Stage_3_Field_Traceability.csv,"Given target object был перемещён в Trash или удалён после загрузки
When выполняется `DELETE /api/v1/objects/{objectId}/comments/{id}`
Then сервер возвращает OBJECT_DELETED/OBJECT_NOT_VISIBLE согласно текущим правам
And клиент не восстанавливает optimistic state и предлагает только разрешённый restore/open Trash"
AC-897,MOD-013,FR-140,Happy path: Получить комментарий,High,Contract/integration,OpenAPI `GET_api_v1_objects_objectId_comments_id`; Stage_3_Field_Traceability.csv,
AC-898,MOD-013,FR-140,[STATE-008/STATE-009] Permission denied: Получить комментарий не выполняется и данные не раскрываются,Critical,Security/authorization,OpenAPI `GET_api_v1_objects_objectId_comments_id`; Stage_3_Field_Traceability.csv,"Given пользователь аутентифицирован, но не имеет `Comment.Read` или требуемой relation
When клиент запрашивает `GET /api/v1/objects/{objectId}/comments/{id}`
Then сервер возвращает 403/OBJECT_NOT_VISIBLE согласно контракту
And клиент не раскрывает скрытые данные и не применяет optimistic UI change"
AC-899,MOD-013,FR-140,[STATE-032/STATE-033/STATE-034] Session/device interruption: операция прекращается без сохранения неподтверждённого состояния,Critical,Security/session,OpenAPI `GET_api_v1_objects_objectId_comments_id`; Stage_3_Field_Traceability.csv,"Given access/refresh session или device больше не действительны
When клиент обращается к `GET /api/v1/objects/{objectId}/comments/{id}`
Then сервер возвращает стабильную auth/session/device ошибку
And клиент прекращает команды, очищает запрещённые credentials/cache по политике и переводит пользователя в безопасный login/recovery flow"
AC-900,MOD-013,FR-141,Happy path: Изменить комментарий,Critical,Contract/integration,OpenAPI `PATCH_api_v1_objects_objectId_comments_id`; Stage_3_Field_Traceability.csv,"Given пользователь имеет `Comment.UpdateOwnOrModerate` и выполнены предусловия
When клиент отправляет `PATCH /api/v1/objects/{objectId}/comments/{id}` с контрактным payload и headers
Then сервер возвращает успешный контрактный ответ
And клиент отображает только authoritative response"
AC-901,MOD-013,FR-141,[STATE-008/STATE-009] Permission denied: Изменить комментарий не выполняется и данные не раскрываются,Critical,Security/authorization,OpenAPI `PATCH_api_v1_objects_objectId_comments_id`; Stage_3_Field_Traceability.csv,"Given пользователь аутентифицирован, но не имеет `Comment.UpdateOwnOrModerate` или требуемой relation
When клиент запрашивает `PATCH /api/v1/objects/{objectId}/comments/{id}`
Then сервер возвращает 403/OBJECT_NOT_VISIBLE согласно контракту
And клиент не раскрывает скрытые данные и не применяет optimistic UI change"
AC-902,MOD-013,FR-141,[STATE-032/STATE-033/STATE-034] Session/device interruption: операция прекращается без сохранения неподтверждённого состояния,Critical,Security/session,OpenAPI `PATCH_api_v1_objects_objectId_comments_id`; Stage_3_Field_Traceability.csv,"Given access/refresh session или device больше не действительны
When клиент обращается к `PATCH /api/v1/objects/{objectId}/comments/{id}`
Then сервер возвращает стабильную auth/session/device ошибку
And клиент прекращает команды, очищает запрещённые credentials/cache по политике и переводит пользователя в безопасный login/recovery flow"
AC-903,MOD-013,FR-141,[STATE-007] Validation: fieldErrors сохраняют draft и привязываются к canonical field path,High,Contract/UI,OpenAPI `PATCH_api_v1_objects_objectId_comments_id`; Stage_3_Field_Traceability.csv,"Given пользователь заполнил payload для `PATCH_api_v1_objects_objectId_comments_id` с нарушением DTO constraint
When сервер возвращает VALIDATION_FAILED с fieldErrors
Then draft сохраняется, ошибки связываются с canonical field paths и фокус переходит к первой ошибке"
AC-904,MOD-013,FR-141,[STATE-014/STATE-025] Conflict/precondition: устаревшая или отсутствующая If-Match не приводит к overwrite,Critical,Concurrency/integration,OpenAPI `PATCH_api_v1_objects_objectId_comments_id`; Stage_3_Field_Traceability.csv,"Given серверное состояние изменилось после загрузки клиентом
When клиент отправляет `PATCH /api/v1/objects/{objectId}/comments/{id}` с устаревшей If-Match
Then сервер отклоняет команду без overwrite
And клиент сохраняет draft и предлагает refresh/compare/reapply или безопасный повтор"
AC-905,MOD-013,FR-141,[STATE-010/STATE-011/STATE-012] Server unavailable/read-only: команда Изменить комментарий не ставится в offline queue,Critical,Desktop/resilience,OpenAPI `PATCH_api_v1_objects_objectId_comments_id`; Stage_3_Field_Traceability.csv,"Given сервер недоступен или приложение находится в read-only cache mode
When пользователь пытается выполнить «Изменить комментарий»
Then команда не отправляется и не помещается в offline business queue
And UI сохраняет допустимый local draft или сообщает, что действие требует соединения"
AC-906,MOD-013,FR-141,[STATE-018] Удалённый объект: команда не применяется к trashed target и не создаёт новый объект,High,Lifecycle/integration,OpenAPI `PATCH_api_v1_objects_objectId_comments_id`; Stage_3_Field_Traceability.csv,"Given target object был перемещён в Trash или удалён после загрузки
When выполняется `PATCH /api/v1/objects/{objectId}/comments/{id}`
Then сервер возвращает OBJECT_DELETED/OBJECT_NOT_VISIBLE согласно текущим правам
And клиент не восстанавливает optimistic state и предлагает только разрешённый restore/open Trash"
AC-907,MOD-013,FR-142,Happy path: Список взаимодействие,High,Contract/integration,OpenAPI `GET_api_v1_interactions`; Stage_3_Field_Traceability.csv,
AC-908,MOD-013,FR-142,[STATE-008/STATE-009] Permission denied: Список взаимодействие не выполняется и данные не раскрываются,Critical,Security/authorization,OpenAPI `GET_api_v1_interactions`; Stage_3_Field_Traceability.csv,"Given пользователь аутентифицирован, но не имеет `Contact.Read` или требуемой relation
When клиент запрашивает `GET /api/v1/interactions`
Then сервер возвращает 403/OBJECT_NOT_VISIBLE согласно контракту
And клиент не раскрывает скрытые данные и не применяет optimistic UI change"
AC-909,MOD-013,FR-142,[STATE-032/STATE-033/STATE-034] Session/device interruption: операция прекращается без сохранения неподтверждённого состояния,Critical,Security/session,OpenAPI `GET_api_v1_interactions`; Stage_3_Field_Traceability.csv,"Given access/refresh session или device больше не действительны
When клиент обращается к `GET /api/v1/interactions`
Then сервер возвращает стабильную auth/session/device ошибку
And клиент прекращает команды, очищает запрещённые credentials/cache по политике и переводит пользователя в безопасный login/recovery flow"
AC-910,MOD-013,FR-143,Happy path: Создать взаимодействие,Critical,Contract/integration,OpenAPI `POST_api_v1_interactions`; Stage_3_Field_Traceability.csv,"Given пользователь имеет `Interaction.Create` и выполнены предусловия
When клиент отправляет `POST /api/v1/interactions` с контрактным payload и headers
Then сервер возвращает успешный контрактный ответ
And клиент отображает только authoritative response"
AC-911,MOD-013,FR-143,[STATE-008/STATE-009] Permission denied: Создать взаимодействие не выполняется и данные не раскрываются,Critical,Security/authorization,OpenAPI `POST_api_v1_interactions`; Stage_3_Field_Traceability.csv,"Given пользователь аутентифицирован, но не имеет `Interaction.Create` или требуемой relation
When клиент запрашивает `POST /api/v1/interactions`
Then сервер возвращает 403/OBJECT_NOT_VISIBLE согласно контракту
And клиент не раскрывает скрытые данные и не применяет optimistic UI change"
AC-912,MOD-013,FR-143,[STATE-032/STATE-033/STATE-034] Session/device interruption: операция прекращается без сохранения неподтверждённого состояния,Critical,Security/session,OpenAPI `POST_api_v1_interactions`; Stage_3_Field_Traceability.csv,"Given access/refresh session или device больше не действительны
When клиент обращается к `POST /api/v1/interactions`
Then сервер возвращает стабильную auth/session/device ошибку
And клиент прекращает команды, очищает запрещённые credentials/cache по политике и переводит пользователя в безопасный login/recovery flow"
AC-913,MOD-013,FR-143,[STATE-007] Validation: fieldErrors сохраняют draft и привязываются к canonical field path,High,Contract/UI,OpenAPI `POST_api_v1_interactions`; Stage_3_Field_Traceability.csv,"Given пользователь заполнил payload для `POST_api_v1_interactions` с нарушением DTO constraint
When сервер возвращает VALIDATION_FAILED с fieldErrors
Then draft сохраняется, ошибки связываются с canonical field paths и фокус переходит к первой ошибке"
AC-914,MOD-013,FR-143,[STATE-014/STATE-025] Conflict/precondition: устаревшая или отсутствующая контрактная версия/precondition не приводит к overwrite,Critical,Concurrency/integration,OpenAPI `POST_api_v1_interactions`; Stage_3_Field_Traceability.csv,"Given серверное состояние изменилось после загрузки клиентом
When клиент отправляет `POST /api/v1/interactions` с устаревшей контрактная версия/precondition
Then сервер отклоняет команду без overwrite
And клиент сохраняет draft и предлагает refresh/compare/reapply или безопасный повтор"
AC-915,MOD-013,FR-143,[STATE-010/STATE-011/STATE-012] Server unavailable/read-only: команда Создать взаимодействие не ставится в offline queue,Critical,Desktop/resilience,OpenAPI `POST_api_v1_interactions`; Stage_3_Field_Traceability.csv,"Given сервер недоступен или приложение находится в read-only cache mode
When пользователь пытается выполнить «Создать взаимодействие»
Then команда не отправляется и не помещается в offline business queue
And UI сохраняет допустимый local draft или сообщает, что действие требует соединения"
AC-916,MOD-013,FR-143,[STATE-020] Idempotency: повтор с тем же key/hash не создаёт двойной side effect,Critical,Integration,OpenAPI `POST_api_v1_interactions`; Stage_3_Field_Traceability.csv,"Given первая команда `POST_api_v1_interactions` уже принята с idempotency key и payload hash
When клиент безопасно повторяет тот же key и payload
Then сервер возвращает тот же бизнес-результат без второго side effect
And другой payload с тем же key отклоняется как IDEMPOTENCY_KEY_REUSED"
AC-917,MOD-013,FR-144,Happy path: Переместить взаимодействие в корзину,Critical,Contract/integration,OpenAPI `DELETE_api_v1_interactions_id`; Stage_3_Field_Traceability.csv,"Given пользователь имеет `Interaction.Update` и выполнены предусловия
When клиент отправляет `DELETE /api/v1/interactions/{id}` с контрактным payload и headers
Then сервер возвращает успешный контрактный ответ
And клиент отображает только authoritative response"
AC-918,MOD-013,FR-144,[STATE-008/STATE-009] Permission denied: Переместить взаимодействие в корзину не выполняется и данные не раскрываются,Critical,Security/authorization,OpenAPI `DELETE_api_v1_interactions_id`; Stage_3_Field_Traceability.csv,"Given пользователь аутентифицирован, но не имеет `Interaction.Update` или требуемой relation
When клиент запрашивает `DELETE /api/v1/interactions/{id}`
Then сервер возвращает 403/OBJECT_NOT_VISIBLE согласно контракту
And клиент не раскрывает скрытые данные и не применяет optimistic UI change"
AC-919,MOD-013,FR-144,[STATE-032/STATE-033/STATE-034] Session/device interruption: операция прекращается без сохранения неподтверждённого состояния,Critical,Security/session,OpenAPI `DELETE_api_v1_interactions_id`; Stage_3_Field_Traceability.csv,"Given access/refresh session или device больше не действительны
When клиент обращается к `DELETE /api/v1/interactions/{id}`
Then сервер возвращает стабильную auth/session/device ошибку
And клиент прекращает команды, очищает запрещённые credentials/cache по политике и переводит пользователя в безопасный login/recovery flow"
AC-920,MOD-013,FR-144,[STATE-014/STATE-025] Conflict/precondition: устаревшая или отсутствующая If-Match не приводит к overwrite,Critical,Concurrency/integration,OpenAPI `DELETE_api_v1_interactions_id`; Stage_3_Field_Traceability.csv,"Given серверное состояние изменилось после загрузки клиентом
When клиент отправляет `DELETE /api/v1/interactions/{id}` с устаревшей If-Match
Then сервер отклоняет команду без overwrite
And клиент сохраняет draft и предлагает refresh/compare/reapply или безопасный повтор"
AC-921,MOD-013,FR-144,[STATE-010/STATE-011/STATE-012] Server unavailable/read-only: команда Переместить взаимодействие в корзину не ставится в offline queue,Critical,Desktop/resilience,OpenAPI `DELETE_api_v1_interactions_id`; Stage_3_Field_Traceability.csv,"Given сервер недоступен или приложение находится в read-only cache mode
When пользователь пытается выполнить «Переместить взаимодействие в корзину»
Then команда не отправляется и не помещается в offline business queue
And UI сохраняет допустимый local draft или сообщает, что действие требует соединения"
AC-922,MOD-013,FR-144,[STATE-018] Удалённый объект: команда не применяется к trashed target и не создаёт новый объект,High,Lifecycle/integration,OpenAPI `DELETE_api_v1_interactions_id`; Stage_3_Field_Traceability.csv,"Given target object был перемещён в Trash или удалён после загрузки
When выполняется `DELETE /api/v1/interactions/{id}`
Then сервер возвращает OBJECT_DELETED/OBJECT_NOT_VISIBLE согласно текущим правам
And клиент не восстанавливает optimistic state и предлагает только разрешённый restore/open Trash"
AC-923,MOD-013,FR-145,Happy path: Получить взаимодействие,High,Contract/integration,OpenAPI `GET_api_v1_interactions_id`; Stage_3_Field_Traceability.csv,
AC-924,MOD-013,FR-145,[STATE-008/STATE-009] Permission denied: Получить взаимодействие не выполняется и данные не раскрываются,Critical,Security/authorization,OpenAPI `GET_api_v1_interactions_id`; Stage_3_Field_Traceability.csv,"Given пользователь аутентифицирован, но не имеет `Contact.Read` или требуемой relation
When клиент запрашивает `GET /api/v1/interactions/{id}`
Then сервер возвращает 403/OBJECT_NOT_VISIBLE согласно контракту
And клиент не раскрывает скрытые данные и не применяет optimistic UI change"
AC-925,MOD-013,FR-145,[STATE-032/STATE-033/STATE-034] Session/device interruption: операция прекращается без сохранения неподтверждённого состояния,Critical,Security/session,OpenAPI `GET_api_v1_interactions_id`; Stage_3_Field_Traceability.csv,"Given access/refresh session или device больше не действительны
When клиент обращается к `GET /api/v1/interactions/{id}`
Then сервер возвращает стабильную auth/session/device ошибку
And клиент прекращает команды, очищает запрещённые credentials/cache по политике и переводит пользователя в безопасный login/recovery flow"
AC-926,MOD-013,FR-146,Happy path: Изменить взаимодействие,Critical,Contract/integration,OpenAPI `PATCH_api_v1_interactions_id`; Stage_3_Field_Traceability.csv,"Given пользователь имеет `Interaction.Update` и выполнены предусловия
When клиент отправляет `PATCH /api/v1/interactions/{id}` с контрактным payload и headers
Then сервер возвращает успешный контрактный ответ
And клиент отображает только authoritative response"
AC-927,MOD-013,FR-146,[STATE-008/STATE-009] Permission denied: Изменить взаимодействие не выполняется и данные не раскрываются,Critical,Security/authorization,OpenAPI `PATCH_api_v1_interactions_id`; Stage_3_Field_Traceability.csv,"Given пользователь аутентифицирован, но не имеет `Interaction.Update` или требуемой relation
When клиент запрашивает `PATCH /api/v1/interactions/{id}`
Then сервер возвращает 403/OBJECT_NOT_VISIBLE согласно контракту
And клиент не раскрывает скрытые данные и не применяет optimistic UI change"
AC-928,MOD-013,FR-146,[STATE-032/STATE-033/STATE-034] Session/device interruption: операция прекращается без сохранения неподтверждённого состояния,Critical,Security/session,OpenAPI `PATCH_api_v1_interactions_id`; Stage_3_Field_Traceability.csv,"Given access/refresh session или device больше не действительны
When клиент обращается к `PATCH /api/v1/interactions/{id}`
Then сервер возвращает стабильную auth/session/device ошибку
And клиент прекращает команды, очищает запрещённые credentials/cache по политике и переводит пользователя в безопасный login/recovery flow"
AC-929,MOD-013,FR-146,[STATE-007] Validation: fieldErrors сохраняют draft и привязываются к canonical field path,High,Contract/UI,OpenAPI `PATCH_api_v1_interactions_id`; Stage_3_Field_Traceability.csv,"Given пользователь заполнил payload для `PATCH_api_v1_interactions_id` с нарушением DTO constraint
When сервер возвращает VALIDATION_FAILED с fieldErrors
Then draft сохраняется, ошибки связываются с canonical field paths и фокус переходит к первой ошибке"
AC-930,MOD-013,FR-146,[STATE-014/STATE-025] Conflict/precondition: устаревшая или отсутствующая If-Match не приводит к overwrite,Critical,Concurrency/integration,OpenAPI `PATCH_api_v1_interactions_id`; Stage_3_Field_Traceability.csv,"Given серверное состояние изменилось после загрузки клиентом
When клиент отправляет `PATCH /api/v1/interactions/{id}` с устаревшей If-Match
Then сервер отклоняет команду без overwrite
And клиент сохраняет draft и предлагает refresh/compare/reapply или безопасный повтор"
AC-931,MOD-013,FR-146,[STATE-010/STATE-011/STATE-012] Server unavailable/read-only: команда Изменить взаимодействие не ставится в offline queue,Critical,Desktop/resilience,OpenAPI `PATCH_api_v1_interactions_id`; Stage_3_Field_Traceability.csv,"Given сервер недоступен или приложение находится в read-only cache mode
When пользователь пытается выполнить «Изменить взаимодействие»
Then команда не отправляется и не помещается в offline business queue
And UI сохраняет допустимый local draft или сообщает, что действие требует соединения"
AC-932,MOD-013,FR-146,[STATE-018] Удалённый объект: команда не применяется к trashed target и не создаёт новый объект,High,Lifecycle/integration,OpenAPI `PATCH_api_v1_interactions_id`; Stage_3_Field_Traceability.csv,"Given target object был перемещён в Trash или удалён после загрузки
When выполняется `PATCH /api/v1/interactions/{id}`
Then сервер возвращает OBJECT_DELETED/OBJECT_NOT_VISIBLE согласно текущим правам
And клиент не восстанавливает optimistic state и предлагает только разрешённый restore/open Trash"
AC-933,MOD-013,FR-147,Happy path: Заменить участников взаимодействия,Critical,Contract/integration,OpenAPI `PUT_api_v1_interactions_id_participants`; Stage_3_Field_Traceability.csv,"Given пользователь имеет `Interaction.Update` и выполнены предусловия
When клиент отправляет `PUT /api/v1/interactions/{id}/participants` с контрактным payload и headers
Then сервер возвращает успешный контрактный ответ
And клиент отображает только authoritative response"
AC-934,MOD-013,FR-147,[STATE-008/STATE-009] Permission denied: Заменить участников взаимодействия не выполняется и данные не раскрываются,Critical,Security/authorization,OpenAPI `PUT_api_v1_interactions_id_participants`; Stage_3_Field_Traceability.csv,"Given пользователь аутентифицирован, но не имеет `Interaction.Update` или требуемой relation
When клиент запрашивает `PUT /api/v1/interactions/{id}/participants`
Then сервер возвращает 403/OBJECT_NOT_VISIBLE согласно контракту
And клиент не раскрывает скрытые данные и не применяет optimistic UI change"
AC-935,MOD-013,FR-147,[STATE-032/STATE-033/STATE-034] Session/device interruption: операция прекращается без сохранения неподтверждённого состояния,Critical,Security/session,OpenAPI `PUT_api_v1_interactions_id_participants`; Stage_3_Field_Traceability.csv,"Given access/refresh session или device больше не действительны
When клиент обращается к `PUT /api/v1/interactions/{id}/participants`
Then сервер возвращает стабильную auth/session/device ошибку
And клиент прекращает команды, очищает запрещённые credentials/cache по политике и переводит пользователя в безопасный login/recovery flow"
AC-936,MOD-013,FR-147,[STATE-007] Validation: fieldErrors сохраняют draft и привязываются к canonical field path,High,Contract/UI,OpenAPI `PUT_api_v1_interactions_id_participants`; Stage_3_Field_Traceability.csv,"Given пользователь заполнил payload для `PUT_api_v1_interactions_id_participants` с нарушением DTO constraint
When сервер возвращает VALIDATION_FAILED с fieldErrors
Then draft сохраняется, ошибки связываются с canonical field paths и фокус переходит к первой ошибке"
AC-937,MOD-013,FR-147,[STATE-014/STATE-025] Conflict/precondition: устаревшая или отсутствующая If-Match не приводит к overwrite,Critical,Concurrency/integration,OpenAPI `PUT_api_v1_interactions_id_participants`; Stage_3_Field_Traceability.csv,"Given серверное состояние изменилось после загрузки клиентом
When клиент отправляет `PUT /api/v1/interactions/{id}/participants` с устаревшей If-Match
Then сервер отклоняет команду без overwrite
And клиент сохраняет draft и предлагает refresh/compare/reapply или безопасный повтор"
AC-938,MOD-013,FR-147,[STATE-010/STATE-011/STATE-012] Server unavailable/read-only: команда Заменить участников взаимодействия не ставится в offline queue,Critical,Desktop/resilience,OpenAPI `PUT_api_v1_interactions_id_participants`; Stage_3_Field_Traceability.csv,"Given сервер недоступен или приложение находится в read-only cache mode
When пользователь пытается выполнить «Заменить участников взаимодействия»
Then команда не отправляется и не помещается в offline business queue
And UI сохраняет допустимый local draft или сообщает, что действие требует соединения"
AC-939,MOD-013,FR-147,[STATE-020] Idempotency: повтор с тем же key/hash не создаёт двойной side effect,Critical,Integration,OpenAPI `PUT_api_v1_interactions_id_participants`; Stage_3_Field_Traceability.csv,"Given первая команда `PUT_api_v1_interactions_id_participants` уже принята с idempotency key и payload hash
When клиент безопасно повторяет тот же key и payload
Then сервер возвращает тот же бизнес-результат без второго side effect
And другой payload с тем же key отклоняется как IDEMPOTENCY_KEY_REUSED"
AC-940,MOD-013,FR-147,[STATE-018] Удалённый объект: команда не применяется к trashed target и не создаёт новый объект,High,Lifecycle/integration,OpenAPI `PUT_api_v1_interactions_id_participants`; Stage_3_Field_Traceability.csv,"Given target object был перемещён в Trash или удалён после загрузки
When выполняется `PUT /api/v1/interactions/{id}/participants`
Then сервер возвращает OBJECT_DELETED/OBJECT_NOT_VISIBLE согласно текущим правам
And клиент не восстанавливает optimistic state и предлагает только разрешённый restore/open Trash"
AC-941,MOD-013,FR-148,[STATE-018] Happy path: Восстановить взаимодействие,Critical,Contract/integration,OpenAPI `POST_api_v1_interactions_id_restore`; Stage_3_Field_Traceability.csv,"Given пользователь имеет `Interaction.Update` и выполнены предусловия
When клиент отправляет `POST /api/v1/interactions/{id}/restore` с контрактным payload и headers
Then сервер возвращает успешный контрактный ответ
And клиент отображает только authoritative response"
AC-942,MOD-013,FR-148,[STATE-008/STATE-009/STATE-018] Permission denied: Восстановить взаимодействие не выполняется и данные не раскрываются,Critical,Security/authorization,OpenAPI `POST_api_v1_interactions_id_restore`; Stage_3_Field_Traceability.csv,"Given пользователь аутентифицирован, но не имеет `Interaction.Update` или требуемой relation
When клиент запрашивает `POST /api/v1/interactions/{id}/restore`
Then сервер возвращает 403/OBJECT_NOT_VISIBLE согласно контракту
And клиент не раскрывает скрытые данные и не применяет optimistic UI change"
AC-943,MOD-013,FR-148,[STATE-018/STATE-032/STATE-033/STATE-034] Session/device interruption: операция прекращается без сохранения неподтверждённого состояния,Critical,Security/session,OpenAPI `POST_api_v1_interactions_id_restore`; Stage_3_Field_Traceability.csv,"Given access/refresh session или device больше не действительны
When клиент обращается к `POST /api/v1/interactions/{id}/restore`
Then сервер возвращает стабильную auth/session/device ошибку
And клиент прекращает команды, очищает запрещённые credentials/cache по политике и переводит пользователя в безопасный login/recovery flow"
AC-944,MOD-013,FR-148,[STATE-007/STATE-018] Validation: fieldErrors сохраняют draft и привязываются к canonical field path,High,Contract/UI,OpenAPI `POST_api_v1_interactions_id_restore`; Stage_3_Field_Traceability.csv,"Given пользователь заполнил payload для `POST_api_v1_interactions_id_restore` с нарушением DTO constraint
When сервер возвращает VALIDATION_FAILED с fieldErrors
Then draft сохраняется, ошибки связываются с canonical field paths и фокус переходит к первой ошибке"
AC-945,MOD-013,FR-148,[STATE-014/STATE-018/STATE-025] Conflict/precondition: устаревшая или отсутствующая If-Match не приводит к overwrite,Critical,Concurrency/integration,OpenAPI `POST_api_v1_interactions_id_restore`; Stage_3_Field_Traceability.csv,"Given серверное состояние изменилось после загрузки клиентом
When клиент отправляет `POST /api/v1/interactions/{id}/restore` с устаревшей If-Match
Then сервер отклоняет команду без overwrite
And клиент сохраняет draft и предлагает refresh/compare/reapply или безопасный повтор"
AC-946,MOD-013,FR-148,[STATE-010/STATE-011/STATE-012] Server unavailable/read-only: команда Восстановить взаимодействие не ставится в offline queue,Critical,Desktop/resilience,OpenAPI `POST_api_v1_interactions_id_restore`; Stage_3_Field_Traceability.csv,"Given сервер недоступен или приложение находится в read-only cache mode
When пользователь пытается выполнить «Восстановить взаимодействие»
Then команда не отправляется и не помещается в offline business queue
And UI сохраняет допустимый local draft или сообщает, что действие требует соединения"
AC-947,MOD-013,FR-148,[STATE-018/STATE-020] Idempotency: повтор с тем же key/hash не создаёт двойной side effect,Critical,Integration,OpenAPI `POST_api_v1_interactions_id_restore`; Stage_3_Field_Traceability.csv,"Given первая команда `POST_api_v1_interactions_id_restore` уже принята с idempotency key и payload hash
When клиент безопасно повторяет тот же key и payload
Then сервер возвращает тот же бизнес-результат без второго side effect
And другой payload с тем же key отклоняется как IDEMPOTENCY_KEY_REUSED"
AC-948,MOD-013,FR-148,[STATE-018] Удалённый объект: команда не применяется к trashed target и не создаёт новый объект,High,Lifecycle/integration,OpenAPI `POST_api_v1_interactions_id_restore`; Stage_3_Field_Traceability.csv,"Given target object был перемещён в Trash или удалён после загрузки
When выполняется `POST /api/v1/interactions/{id}/restore`
Then сервер возвращает OBJECT_DELETED/OBJECT_NOT_VISIBLE согласно текущим правам
And клиент не восстанавливает optimistic state и предлагает только разрешённый restore/open Trash"
AC-949,MOD-013,FR-149,Happy path: Связи объекта,High,Contract/integration,OpenAPI `GET_api_v1_objects_objectId_links`; Stage_3_Field_Traceability.csv,
AC-950,MOD-013,FR-149,[STATE-008/STATE-009] Permission denied: Связи объекта не выполняется и данные не раскрываются,Critical,Security/authorization,OpenAPI `GET_api_v1_objects_objectId_links`; Stage_3_Field_Traceability.csv,"Given пользователь аутентифицирован, но не имеет `ObjectLink.Read` или требуемой relation
When клиент запрашивает `GET /api/v1/objects/{objectId}/links`
Then сервер возвращает 403/OBJECT_NOT_VISIBLE согласно контракту
And клиент не раскрывает скрытые данные и не применяет optimistic UI change"
AC-951,MOD-013,FR-149,[STATE-032/STATE-033/STATE-034] Session/device interruption: операция прекращается без сохранения неподтверждённого состояния,Critical,Security/session,OpenAPI `GET_api_v1_objects_objectId_links`; Stage_3_Field_Traceability.csv,"Given access/refresh session или device больше не действительны
When клиент обращается к `GET /api/v1/objects/{objectId}/links`
Then сервер возвращает стабильную auth/session/device ошибку
And клиент прекращает команды, очищает запрещённые credentials/cache по политике и переводит пользователя в безопасный login/recovery flow"
AC-952,MOD-013,FR-150,Happy path: Создать связь объектов,Critical,Contract/integration,OpenAPI `POST_api_v1_objects_objectId_links`; Stage_3_Field_Traceability.csv,"Given пользователь имеет `ObjectLink.Create` и выполнены предусловия
When клиент отправляет `POST /api/v1/objects/{objectId}/links` с контрактным payload и headers
Then сервер возвращает успешный контрактный ответ
And клиент отображает только authoritative response"
AC-953,MOD-013,FR-150,[STATE-008/STATE-009] Permission denied: Создать связь объектов не выполняется и данные не раскрываются,Critical,Security/authorization,OpenAPI `POST_api_v1_objects_objectId_links`; Stage_3_Field_Traceability.csv,"Given пользователь аутентифицирован, но не имеет `ObjectLink.Create` или требуемой relation
When клиент запрашивает `POST /api/v1/objects/{objectId}/links`
Then сервер возвращает 403/OBJECT_NOT_VISIBLE согласно контракту
And клиент не раскрывает скрытые данные и не применяет optimistic UI change"
AC-954,MOD-013,FR-150,[STATE-032/STATE-033/STATE-034] Session/device interruption: операция прекращается без сохранения неподтверждённого состояния,Critical,Security/session,OpenAPI `POST_api_v1_objects_objectId_links`; Stage_3_Field_Traceability.csv,"Given access/refresh session или device больше не действительны
When клиент обращается к `POST /api/v1/objects/{objectId}/links`
Then сервер возвращает стабильную auth/session/device ошибку
And клиент прекращает команды, очищает запрещённые credentials/cache по политике и переводит пользователя в безопасный login/recovery flow"
AC-955,MOD-013,FR-150,[STATE-007] Validation: fieldErrors сохраняют draft и привязываются к canonical field path,High,Contract/UI,OpenAPI `POST_api_v1_objects_objectId_links`; Stage_3_Field_Traceability.csv,"Given пользователь заполнил payload для `POST_api_v1_objects_objectId_links` с нарушением DTO constraint
When сервер возвращает VALIDATION_FAILED с fieldErrors
Then draft сохраняется, ошибки связываются с canonical field paths и фокус переходит к первой ошибке"
AC-956,MOD-013,FR-150,[STATE-014/STATE-025] Conflict/precondition: устаревшая или отсутствующая If-Match не приводит к overwrite,Critical,Concurrency/integration,OpenAPI `POST_api_v1_objects_objectId_links`; Stage_3_Field_Traceability.csv,"Given серверное состояние изменилось после загрузки клиентом
When клиент отправляет `POST /api/v1/objects/{objectId}/links` с устаревшей If-Match
Then сервер отклоняет команду без overwrite
And клиент сохраняет draft и предлагает refresh/compare/reapply или безопасный повтор"
AC-957,MOD-013,FR-150,[STATE-010/STATE-011/STATE-012] Server unavailable/read-only: команда Создать связь объектов не ставится в offline queue,Critical,Desktop/resilience,OpenAPI `POST_api_v1_objects_objectId_links`; Stage_3_Field_Traceability.csv,"Given сервер недоступен или приложение находится в read-only cache mode
When пользователь пытается выполнить «Создать связь объектов»
Then команда не отправляется и не помещается в offline business queue
And UI сохраняет допустимый local draft или сообщает, что действие требует соединения"
AC-958,MOD-013,FR-150,[STATE-020] Idempotency: повтор с тем же key/hash не создаёт двойной side effect,Critical,Integration,OpenAPI `POST_api_v1_objects_objectId_links`; Stage_3_Field_Traceability.csv,"Given первая команда `POST_api_v1_objects_objectId_links` уже принята с idempotency key и payload hash
When клиент безопасно повторяет тот же key и payload
Then сервер возвращает тот же бизнес-результат без второго side effect
And другой payload с тем же key отклоняется как IDEMPOTENCY_KEY_REUSED"
AC-959,MOD-013,FR-151,Happy path: Удалить связь объектов,Critical,Contract/integration,OpenAPI `DELETE_api_v1_objects_objectId_links_linkId`; Stage_3_Field_Traceability.csv,"Given пользователь имеет `ObjectLink.Delete` и выполнены предусловия
When клиент отправляет `DELETE /api/v1/objects/{objectId}/links/{linkId}` с контрактным payload и headers
Then сервер возвращает успешный контрактный ответ
And клиент отображает только authoritative response"
AC-960,MOD-013,FR-151,[STATE-008/STATE-009] Permission denied: Удалить связь объектов не выполняется и данные не раскрываются,Critical,Security/authorization,OpenAPI `DELETE_api_v1_objects_objectId_links_linkId`; Stage_3_Field_Traceability.csv,"Given пользователь аутентифицирован, но не имеет `ObjectLink.Delete` или требуемой relation
When клиент запрашивает `DELETE /api/v1/objects/{objectId}/links/{linkId}`
Then сервер возвращает 403/OBJECT_NOT_VISIBLE согласно контракту
And клиент не раскрывает скрытые данные и не применяет optimistic UI change"
AC-961,MOD-013,FR-151,[STATE-032/STATE-033/STATE-034] Session/device interruption: операция прекращается без сохранения неподтверждённого состояния,Critical,Security/session,OpenAPI `DELETE_api_v1_objects_objectId_links_linkId`; Stage_3_Field_Traceability.csv,"Given access/refresh session или device больше не действительны
When клиент обращается к `DELETE /api/v1/objects/{objectId}/links/{linkId}`
Then сервер возвращает стабильную auth/session/device ошибку
And клиент прекращает команды, очищает запрещённые credentials/cache по политике и переводит пользователя в безопасный login/recovery flow"
AC-962,MOD-013,FR-151,[STATE-014/STATE-025] Conflict/precondition: устаревшая или отсутствующая If-Match не приводит к overwrite,Critical,Concurrency/integration,OpenAPI `DELETE_api_v1_objects_objectId_links_linkId`; Stage_3_Field_Traceability.csv,"Given серверное состояние изменилось после загрузки клиентом
When клиент отправляет `DELETE /api/v1/objects/{objectId}/links/{linkId}` с устаревшей If-Match
Then сервер отклоняет команду без overwrite
And клиент сохраняет draft и предлагает refresh/compare/reapply или безопасный повтор"
AC-963,MOD-013,FR-151,[STATE-010/STATE-011/STATE-012] Server unavailable/read-only: команда Удалить связь объектов не ставится в offline queue,Critical,Desktop/resilience,OpenAPI `DELETE_api_v1_objects_objectId_links_linkId`; Stage_3_Field_Traceability.csv,"Given сервер недоступен или приложение находится в read-only cache mode
When пользователь пытается выполнить «Удалить связь объектов»
Then команда не отправляется и не помещается в offline business queue
And UI сохраняет допустимый local draft или сообщает, что действие требует соединения"
AC-964,MOD-013,FR-152,Happy path: Заменить теги объекта,Critical,Contract/integration,OpenAPI `PUT_api_v1_objects_objectId_tags`; Stage_3_Field_Traceability.csv,"Given пользователь имеет `Tag.Assign` и выполнены предусловия
When клиент отправляет `PUT /api/v1/objects/{objectId}/tags` с контрактным payload и headers
Then сервер возвращает успешный контрактный ответ
And клиент отображает только authoritative response"
AC-965,MOD-013,FR-152,[STATE-008/STATE-009] Permission denied: Заменить теги объекта не выполняется и данные не раскрываются,Critical,Security/authorization,OpenAPI `PUT_api_v1_objects_objectId_tags`; Stage_3_Field_Traceability.csv,"Given пользователь аутентифицирован, но не имеет `Tag.Assign` или требуемой relation
When клиент запрашивает `PUT /api/v1/objects/{objectId}/tags`
Then сервер возвращает 403/OBJECT_NOT_VISIBLE согласно контракту
And клиент не раскрывает скрытые данные и не применяет optimistic UI change"
AC-966,MOD-013,FR-152,[STATE-032/STATE-033/STATE-034] Session/device interruption: операция прекращается без сохранения неподтверждённого состояния,Critical,Security/session,OpenAPI `PUT_api_v1_objects_objectId_tags`; Stage_3_Field_Traceability.csv,"Given access/refresh session или device больше не действительны
When клиент обращается к `PUT /api/v1/objects/{objectId}/tags`
Then сервер возвращает стабильную auth/session/device ошибку
And клиент прекращает команды, очищает запрещённые credentials/cache по политике и переводит пользователя в безопасный login/recovery flow"
AC-967,MOD-013,FR-152,[STATE-007] Validation: fieldErrors сохраняют draft и привязываются к canonical field path,High,Contract/UI,OpenAPI `PUT_api_v1_objects_objectId_tags`; Stage_3_Field_Traceability.csv,"Given пользователь заполнил payload для `PUT_api_v1_objects_objectId_tags` с нарушением DTO constraint
When сервер возвращает VALIDATION_FAILED с fieldErrors
Then draft сохраняется, ошибки связываются с canonical field paths и фокус переходит к первой ошибке"
AC-968,MOD-013,FR-152,[STATE-014/STATE-025] Conflict/precondition: устаревшая или отсутствующая If-Match не приводит к overwrite,Critical,Concurrency/integration,OpenAPI `PUT_api_v1_objects_objectId_tags`; Stage_3_Field_Traceability.csv,"Given серверное состояние изменилось после загрузки клиентом
When клиент отправляет `PUT /api/v1/objects/{objectId}/tags` с устаревшей If-Match
Then сервер отклоняет команду без overwrite
And клиент сохраняет draft и предлагает refresh/compare/reapply или безопасный повтор"
AC-969,MOD-013,FR-152,[STATE-010/STATE-011/STATE-012] Server unavailable/read-only: команда Заменить теги объекта не ставится в offline queue,Critical,Desktop/resilience,OpenAPI `PUT_api_v1_objects_objectId_tags`; Stage_3_Field_Traceability.csv,"Given сервер недоступен или приложение находится в read-only cache mode
When пользователь пытается выполнить «Заменить теги объекта»
Then команда не отправляется и не помещается в offline business queue
And UI сохраняет допустимый local draft или сообщает, что действие требует соединения"
AC-970,MOD-013,FR-152,[STATE-020] Idempotency: повтор с тем же key/hash не создаёт двойной side effect,Critical,Integration,OpenAPI `PUT_api_v1_objects_objectId_tags`; Stage_3_Field_Traceability.csv,"Given первая команда `PUT_api_v1_objects_objectId_tags` уже принята с idempotency key и payload hash
When клиент безопасно повторяет тот же key и payload
Then сервер возвращает тот же бизнес-результат без второго side effect
And другой payload с тем же key отклоняется как IDEMPOTENCY_KEY_REUSED"
AC-971,MOD-013,FR-153,Happy path: Список тег,High,Contract/integration,OpenAPI `GET_api_v1_tags`; Stage_3_Field_Traceability.csv,
AC-972,MOD-013,FR-153,[STATE-008/STATE-009] Permission denied: Список тег не выполняется и данные не раскрываются,Critical,Security/authorization,OpenAPI `GET_api_v1_tags`; Stage_3_Field_Traceability.csv,"Given пользователь аутентифицирован, но не имеет `Tag.Read` или требуемой relation
When клиент запрашивает `GET /api/v1/tags`
Then сервер возвращает 403/OBJECT_NOT_VISIBLE согласно контракту
And клиент не раскрывает скрытые данные и не применяет optimistic UI change"
AC-973,MOD-013,FR-153,[STATE-032/STATE-033/STATE-034] Session/device interruption: операция прекращается без сохранения неподтверждённого состояния,Critical,Security/session,OpenAPI `GET_api_v1_tags`; Stage_3_Field_Traceability.csv,"Given access/refresh session или device больше не действительны
When клиент обращается к `GET /api/v1/tags`
Then сервер возвращает стабильную auth/session/device ошибку
And клиент прекращает команды, очищает запрещённые credentials/cache по политике и переводит пользователя в безопасный login/recovery flow"
AC-974,MOD-013,FR-154,Happy path: Создать тег,Critical,Contract/integration,OpenAPI `POST_api_v1_tags`; Stage_3_Field_Traceability.csv,"Given пользователь имеет `Tag.Manage` и выполнены предусловия
When клиент отправляет `POST /api/v1/tags` с контрактным payload и headers
Then сервер возвращает успешный контрактный ответ
And клиент отображает только authoritative response"
AC-975,MOD-013,FR-154,[STATE-008/STATE-009] Permission denied: Создать тег не выполняется и данные не раскрываются,Critical,Security/authorization,OpenAPI `POST_api_v1_tags`; Stage_3_Field_Traceability.csv,"Given пользователь аутентифицирован, но не имеет `Tag.Manage` или требуемой relation
When клиент запрашивает `POST /api/v1/tags`
Then сервер возвращает 403/OBJECT_NOT_VISIBLE согласно контракту
And клиент не раскрывает скрытые данные и не применяет optimistic UI change"
AC-976,MOD-013,FR-154,[STATE-032/STATE-033/STATE-034] Session/device interruption: операция прекращается без сохранения неподтверждённого состояния,Critical,Security/session,OpenAPI `POST_api_v1_tags`; Stage_3_Field_Traceability.csv,"Given access/refresh session или device больше не действительны
When клиент обращается к `POST /api/v1/tags`
Then сервер возвращает стабильную auth/session/device ошибку
And клиент прекращает команды, очищает запрещённые credentials/cache по политике и переводит пользователя в безопасный login/recovery flow"
AC-977,MOD-013,FR-154,[STATE-007] Validation: fieldErrors сохраняют draft и привязываются к canonical field path,High,Contract/UI,OpenAPI `POST_api_v1_tags`; Stage_3_Field_Traceability.csv,"Given пользователь заполнил payload для `POST_api_v1_tags` с нарушением DTO constraint
When сервер возвращает VALIDATION_FAILED с fieldErrors
Then draft сохраняется, ошибки связываются с canonical field paths и фокус переходит к первой ошибке"
AC-978,MOD-013,FR-154,[STATE-014/STATE-025] Conflict/precondition: устаревшая или отсутствующая контрактная версия/precondition не приводит к overwrite,Critical,Concurrency/integration,OpenAPI `POST_api_v1_tags`; Stage_3_Field_Traceability.csv,"Given серверное состояние изменилось после загрузки клиентом
When клиент отправляет `POST /api/v1/tags` с устаревшей контрактная версия/precondition
Then сервер отклоняет команду без overwrite
And клиент сохраняет draft и предлагает refresh/compare/reapply или безопасный повтор"
AC-979,MOD-013,FR-154,[STATE-010/STATE-011/STATE-012] Server unavailable/read-only: команда Создать тег не ставится в offline queue,Critical,Desktop/resilience,OpenAPI `POST_api_v1_tags`; Stage_3_Field_Traceability.csv,"Given сервер недоступен или приложение находится в read-only cache mode
When пользователь пытается выполнить «Создать тег»
Then команда не отправляется и не помещается в offline business queue
And UI сохраняет допустимый local draft или сообщает, что действие требует соединения"
AC-980,MOD-013,FR-154,[STATE-020] Idempotency: повтор с тем же key/hash не создаёт двойной side effect,Critical,Integration,OpenAPI `POST_api_v1_tags`; Stage_3_Field_Traceability.csv,"Given первая команда `POST_api_v1_tags` уже принята с idempotency key и payload hash
When клиент безопасно повторяет тот же key и payload
Then сервер возвращает тот же бизнес-результат без второго side effect
And другой payload с тем же key отклоняется как IDEMPOTENCY_KEY_REUSED"
AC-981,MOD-013,FR-155,Happy path: Переместить тег в корзину,Critical,Contract/integration,OpenAPI `DELETE_api_v1_tags_id`; Stage_3_Field_Traceability.csv,"Given пользователь имеет `Tag.Manage` и выполнены предусловия
When клиент отправляет `DELETE /api/v1/tags/{id}` с контрактным payload и headers
Then сервер возвращает успешный контрактный ответ
And клиент отображает только authoritative response"
AC-982,MOD-013,FR-155,[STATE-008/STATE-009] Permission denied: Переместить тег в корзину не выполняется и данные не раскрываются,Critical,Security/authorization,OpenAPI `DELETE_api_v1_tags_id`; Stage_3_Field_Traceability.csv,"Given пользователь аутентифицирован, но не имеет `Tag.Manage` или требуемой relation
When клиент запрашивает `DELETE /api/v1/tags/{id}`
Then сервер возвращает 403/OBJECT_NOT_VISIBLE согласно контракту
And клиент не раскрывает скрытые данные и не применяет optimistic UI change"
AC-983,MOD-013,FR-155,[STATE-032/STATE-033/STATE-034] Session/device interruption: операция прекращается без сохранения неподтверждённого состояния,Critical,Security/session,OpenAPI `DELETE_api_v1_tags_id`; Stage_3_Field_Traceability.csv,"Given access/refresh session или device больше не действительны
When клиент обращается к `DELETE /api/v1/tags/{id}`
Then сервер возвращает стабильную auth/session/device ошибку
And клиент прекращает команды, очищает запрещённые credentials/cache по политике и переводит пользователя в безопасный login/recovery flow"
AC-984,MOD-013,FR-155,[STATE-014/STATE-025] Conflict/precondition: устаревшая или отсутствующая If-Match не приводит к overwrite,Critical,Concurrency/integration,OpenAPI `DELETE_api_v1_tags_id`; Stage_3_Field_Traceability.csv,"Given серверное состояние изменилось после загрузки клиентом
When клиент отправляет `DELETE /api/v1/tags/{id}` с устаревшей If-Match
Then сервер отклоняет команду без overwrite
And клиент сохраняет draft и предлагает refresh/compare/reapply или безопасный повтор"
AC-985,MOD-013,FR-155,[STATE-010/STATE-011/STATE-012] Server unavailable/read-only: команда Переместить тег в корзину не ставится в offline queue,Critical,Desktop/resilience,OpenAPI `DELETE_api_v1_tags_id`; Stage_3_Field_Traceability.csv,"Given сервер недоступен или приложение находится в read-only cache mode
When пользователь пытается выполнить «Переместить тег в корзину»
Then команда не отправляется и не помещается в offline business queue
And UI сохраняет допустимый local draft или сообщает, что действие требует соединения"
AC-986,MOD-013,FR-156,Happy path: Получить тег,High,Contract/integration,OpenAPI `GET_api_v1_tags_id`; Stage_3_Field_Traceability.csv,
AC-987,MOD-013,FR-156,[STATE-008/STATE-009] Permission denied: Получить тег не выполняется и данные не раскрываются,Critical,Security/authorization,OpenAPI `GET_api_v1_tags_id`; Stage_3_Field_Traceability.csv,"Given пользователь аутентифицирован, но не имеет `Tag.Read` или требуемой relation
When клиент запрашивает `GET /api/v1/tags/{id}`
Then сервер возвращает 403/OBJECT_NOT_VISIBLE согласно контракту
And клиент не раскрывает скрытые данные и не применяет optimistic UI change"
AC-988,MOD-013,FR-156,[STATE-032/STATE-033/STATE-034] Session/device interruption: операция прекращается без сохранения неподтверждённого состояния,Critical,Security/session,OpenAPI `GET_api_v1_tags_id`; Stage_3_Field_Traceability.csv,"Given access/refresh session или device больше не действительны
When клиент обращается к `GET /api/v1/tags/{id}`
Then сервер возвращает стабильную auth/session/device ошибку
And клиент прекращает команды, очищает запрещённые credentials/cache по политике и переводит пользователя в безопасный login/recovery flow"
AC-989,MOD-013,FR-157,Happy path: Изменить тег,Critical,Contract/integration,OpenAPI `PATCH_api_v1_tags_id`; Stage_3_Field_Traceability.csv,"Given пользователь имеет `Tag.Manage` и выполнены предусловия
When клиент отправляет `PATCH /api/v1/tags/{id}` с контрактным payload и headers
Then сервер возвращает успешный контрактный ответ
And клиент отображает только authoritative response"
AC-990,MOD-013,FR-157,[STATE-008/STATE-009] Permission denied: Изменить тег не выполняется и данные не раскрываются,Critical,Security/authorization,OpenAPI `PATCH_api_v1_tags_id`; Stage_3_Field_Traceability.csv,"Given пользователь аутентифицирован, но не имеет `Tag.Manage` или требуемой relation
When клиент запрашивает `PATCH /api/v1/tags/{id}`
Then сервер возвращает 403/OBJECT_NOT_VISIBLE согласно контракту
And клиент не раскрывает скрытые данные и не применяет optimistic UI change"
AC-991,MOD-013,FR-157,[STATE-032/STATE-033/STATE-034] Session/device interruption: операция прекращается без сохранения неподтверждённого состояния,Critical,Security/session,OpenAPI `PATCH_api_v1_tags_id`; Stage_3_Field_Traceability.csv,"Given access/refresh session или device больше не действительны
When клиент обращается к `PATCH /api/v1/tags/{id}`
Then сервер возвращает стабильную auth/session/device ошибку
And клиент прекращает команды, очищает запрещённые credentials/cache по политике и переводит пользователя в безопасный login/recovery flow"
AC-992,MOD-013,FR-157,[STATE-007] Validation: fieldErrors сохраняют draft и привязываются к canonical field path,High,Contract/UI,OpenAPI `PATCH_api_v1_tags_id`; Stage_3_Field_Traceability.csv,"Given пользователь заполнил payload для `PATCH_api_v1_tags_id` с нарушением DTO constraint
When сервер возвращает VALIDATION_FAILED с fieldErrors
Then draft сохраняется, ошибки связываются с canonical field paths и фокус переходит к первой ошибке"
AC-993,MOD-013,FR-157,[STATE-014/STATE-025] Conflict/precondition: устаревшая или отсутствующая If-Match не приводит к overwrite,Critical,Concurrency/integration,OpenAPI `PATCH_api_v1_tags_id`; Stage_3_Field_Traceability.csv,"Given серверное состояние изменилось после загрузки клиентом
When клиент отправляет `PATCH /api/v1/tags/{id}` с устаревшей If-Match
Then сервер отклоняет команду без overwrite
And клиент сохраняет draft и предлагает refresh/compare/reapply или безопасный повтор"
AC-994,MOD-013,FR-157,[STATE-010/STATE-011/STATE-012] Server unavailable/read-only: команда Изменить тег не ставится в offline queue,Critical,Desktop/resilience,OpenAPI `PATCH_api_v1_tags_id`; Stage_3_Field_Traceability.csv,"Given сервер недоступен или приложение находится в read-only cache mode
When пользователь пытается выполнить «Изменить тег»
Then команда не отправляется и не помещается в offline business queue
And UI сохраняет допустимый local draft или сообщает, что действие требует соединения"
AC-995,MOD-013,FR-158,[STATE-018] Happy path: Восстановить тег,Critical,Contract/integration,OpenAPI `POST_api_v1_tags_id_restore`; Stage_3_Field_Traceability.csv,"Given пользователь имеет `Tag.Manage` и выполнены предусловия
When клиент отправляет `POST /api/v1/tags/{id}/restore` с контрактным payload и headers
Then сервер возвращает успешный контрактный ответ
And клиент отображает только authoritative response"
AC-996,MOD-013,FR-158,[STATE-008/STATE-009/STATE-018] Permission denied: Восстановить тег не выполняется и данные не раскрываются,Critical,Security/authorization,OpenAPI `POST_api_v1_tags_id_restore`; Stage_3_Field_Traceability.csv,"Given пользователь аутентифицирован, но не имеет `Tag.Manage` или требуемой relation
When клиент запрашивает `POST /api/v1/tags/{id}/restore`
Then сервер возвращает 403/OBJECT_NOT_VISIBLE согласно контракту
And клиент не раскрывает скрытые данные и не применяет optimistic UI change"
AC-997,MOD-013,FR-158,[STATE-018/STATE-032/STATE-033/STATE-034] Session/device interruption: операция прекращается без сохранения неподтверждённого состояния,Critical,Security/session,OpenAPI `POST_api_v1_tags_id_restore`; Stage_3_Field_Traceability.csv,"Given access/refresh session или device больше не действительны
When клиент обращается к `POST /api/v1/tags/{id}/restore`
Then сервер возвращает стабильную auth/session/device ошибку
And клиент прекращает команды, очищает запрещённые credentials/cache по политике и переводит пользователя в безопасный login/recovery flow"
AC-998,MOD-013,FR-158,[STATE-007/STATE-018] Validation: fieldErrors сохраняют draft и привязываются к canonical field path,High,Contract/UI,OpenAPI `POST_api_v1_tags_id_restore`; Stage_3_Field_Traceability.csv,"Given пользователь заполнил payload для `POST_api_v1_tags_id_restore` с нарушением DTO constraint
When сервер возвращает VALIDATION_FAILED с fieldErrors
Then draft сохраняется, ошибки связываются с canonical field paths и фокус переходит к первой ошибке"
AC-999,MOD-013,FR-158,[STATE-014/STATE-018/STATE-025] Conflict/precondition: устаревшая или отсутствующая If-Match не приводит к overwrite,Critical,Concurrency/integration,OpenAPI `POST_api_v1_tags_id_restore`; Stage_3_Field_Traceability.csv,"Given серверное состояние изменилось после загрузки клиентом
When клиент отправляет `POST /api/v1/tags/{id}/restore` с устаревшей If-Match
Then сервер отклоняет команду без overwrite
And клиент сохраняет draft и предлагает refresh/compare/reapply или безопасный повтор"
AC-1000,MOD-013,FR-158,[STATE-010/STATE-011/STATE-012] Server unavailable/read-only: команда Восстановить тег не ставится в offline queue,Critical,Desktop/resilience,OpenAPI `POST_api_v1_tags_id_restore`; Stage_3_Field_Traceability.csv,"Given сервер недоступен или приложение находится в read-only cache mode
When пользователь пытается выполнить «Восстановить тег»
Then команда не отправляется и не помещается в offline business queue
And UI сохраняет допустимый local draft или сообщает, что действие требует соединения"
AC-1001,MOD-013,FR-158,[STATE-018/STATE-020] Idempotency: повтор с тем же key/hash не создаёт двойной side effect,Critical,Integration,OpenAPI `POST_api_v1_tags_id_restore`; Stage_3_Field_Traceability.csv,"Given первая команда `POST_api_v1_tags_id_restore` уже принята с idempotency key и payload hash
When клиент безопасно повторяет тот же key и payload
Then сервер возвращает тот же бизнес-результат без второго side effect
And другой payload с тем же key отклоняется как IDEMPOTENCY_KEY_REUSED"
AC-1002,MOD-014,FR-159,Happy path: Глобальный авторизационный поиск,High,Contract/integration,OpenAPI `GET_api_v1_search`; Stage_3_Field_Traceability.csv,
AC-1003,MOD-014,FR-159,[STATE-008/STATE-009] Permission denied: Глобальный авторизационный поиск не выполняется и данные не раскрываются,Critical,Security/authorization,OpenAPI `GET_api_v1_search`; Stage_3_Field_Traceability.csv,"Given пользователь аутентифицирован, но не имеет `Search.Use` или требуемой relation
When клиент запрашивает `GET /api/v1/search`
Then сервер возвращает 403/OBJECT_NOT_VISIBLE согласно контракту
And клиент не раскрывает скрытые данные и не применяет optimistic UI change"
AC-1004,MOD-014,FR-159,[STATE-032/STATE-033/STATE-034] Session/device interruption: операция прекращается без сохранения неподтверждённого состояния,Critical,Security/session,OpenAPI `GET_api_v1_search`; Stage_3_Field_Traceability.csv,"Given access/refresh session или device больше не действительны
When клиент обращается к `GET /api/v1/search`
Then сервер возвращает стабильную auth/session/device ошибку
And клиент прекращает команды, очищает запрещённые credentials/cache по политике и переводит пользователя в безопасный login/recovery flow"
AC-1005,MOD-014,FR-159,[STATE-007] Validation: fieldErrors сохраняют draft и привязываются к canonical field path,High,Contract/UI,OpenAPI `GET_api_v1_search`; Stage_3_Field_Traceability.csv,"Given пользователь заполнил payload для `GET_api_v1_search` с нарушением DTO constraint
When сервер возвращает VALIDATION_FAILED с fieldErrors
Then draft сохраняется, ошибки связываются с canonical field paths и фокус переходит к первой ошибке"
AC-1006,MOD-014,FR-160,Happy path: Подсказки по префиксу,High,Contract/integration,OpenAPI `GET_api_v1_search_suggestions`; Stage_3_Field_Traceability.csv,
AC-1007,MOD-014,FR-160,[STATE-008/STATE-009] Permission denied: Подсказки по префиксу не выполняется и данные не раскрываются,Critical,Security/authorization,OpenAPI `GET_api_v1_search_suggestions`; Stage_3_Field_Traceability.csv,"Given пользователь аутентифицирован, но не имеет `Search.Use` или требуемой relation
When клиент запрашивает `GET /api/v1/search/suggestions`
Then сервер возвращает 403/OBJECT_NOT_VISIBLE согласно контракту
And клиент не раскрывает скрытые данные и не применяет optimistic UI change"
AC-1008,MOD-014,FR-160,[STATE-032/STATE-033/STATE-034] Session/device interruption: операция прекращается без сохранения неподтверждённого состояния,Critical,Security/session,OpenAPI `GET_api_v1_search_suggestions`; Stage_3_Field_Traceability.csv,"Given access/refresh session или device больше не действительны
When клиент обращается к `GET /api/v1/search/suggestions`
Then сервер возвращает стабильную auth/session/device ошибку
And клиент прекращает команды, очищает запрещённые credentials/cache по политике и переводит пользователя в безопасный login/recovery flow"
AC-1009,MOD-015,FR-161,Happy path: Список уведомление,High,Contract/integration,OpenAPI `GET_api_v1_notifications`; Stage_3_Field_Traceability.csv,
AC-1010,MOD-015,FR-161,[STATE-008/STATE-009] Permission denied: Список уведомление не выполняется и данные не раскрываются,Critical,Security/authorization,OpenAPI `GET_api_v1_notifications`; Stage_3_Field_Traceability.csv,"Given пользователь аутентифицирован, но не имеет `Notification.ReadOwn` или требуемой relation
When клиент запрашивает `GET /api/v1/notifications`
Then сервер возвращает 403/OBJECT_NOT_VISIBLE согласно контракту
And клиент не раскрывает скрытые данные и не применяет optimistic UI change"
AC-1011,MOD-015,FR-161,[STATE-032/STATE-033/STATE-034] Session/device interruption: операция прекращается без сохранения неподтверждённого состояния,Critical,Security/session,OpenAPI `GET_api_v1_notifications`; Stage_3_Field_Traceability.csv,"Given access/refresh session или device больше не действительны
When клиент обращается к `GET /api/v1/notifications`
Then сервер возвращает стабильную auth/session/device ошибку
And клиент прекращает команды, очищает запрещённые credentials/cache по политике и переводит пользователя в безопасный login/recovery flow"
AC-1012,MOD-015,FR-162,Happy path: Прочитать все в scope,Critical,Contract/integration,OpenAPI `POST_api_v1_notifications_read_all`; Stage_3_Field_Traceability.csv,"Given пользователь имеет `Notification.ReadOwn` и выполнены предусловия
When клиент отправляет `POST /api/v1/notifications/read-all` с контрактным payload и headers
Then сервер возвращает успешный контрактный ответ
And клиент отображает только authoritative response"
AC-1013,MOD-015,FR-162,[STATE-008/STATE-009] Permission denied: Прочитать все в scope не выполняется и данные не раскрываются,Critical,Security/authorization,OpenAPI `POST_api_v1_notifications_read_all`; Stage_3_Field_Traceability.csv,"Given пользователь аутентифицирован, но не имеет `Notification.ReadOwn` или требуемой relation
When клиент запрашивает `POST /api/v1/notifications/read-all`
Then сервер возвращает 403/OBJECT_NOT_VISIBLE согласно контракту
And клиент не раскрывает скрытые данные и не применяет optimistic UI change"
AC-1014,MOD-015,FR-162,[STATE-032/STATE-033/STATE-034] Session/device interruption: операция прекращается без сохранения неподтверждённого состояния,Critical,Security/session,OpenAPI `POST_api_v1_notifications_read_all`; Stage_3_Field_Traceability.csv,"Given access/refresh session или device больше не действительны
When клиент обращается к `POST /api/v1/notifications/read-all`
Then сервер возвращает стабильную auth/session/device ошибку
And клиент прекращает команды, очищает запрещённые credentials/cache по политике и переводит пользователя в безопасный login/recovery flow"
AC-1015,MOD-015,FR-162,[STATE-010/STATE-011/STATE-012] Server unavailable/read-only: команда Прочитать все в scope не ставится в offline queue,Critical,Desktop/resilience,OpenAPI `POST_api_v1_notifications_read_all`; Stage_3_Field_Traceability.csv,"Given сервер недоступен или приложение находится в read-only cache mode
When пользователь пытается выполнить «Прочитать все в scope»
Then команда не отправляется и не помещается в offline business queue
And UI сохраняет допустимый local draft или сообщает, что действие требует соединения"
AC-1016,MOD-015,FR-162,[STATE-020] Idempotency: повтор с тем же key/hash не создаёт двойной side effect,Critical,Integration,OpenAPI `POST_api_v1_notifications_read_all`; Stage_3_Field_Traceability.csv,"Given первая команда `POST_api_v1_notifications_read_all` уже принята с idempotency key и payload hash
When клиент безопасно повторяет тот же key и payload
Then сервер возвращает тот же бизнес-результат без второго side effect
And другой payload с тем же key отклоняется как IDEMPOTENCY_KEY_REUSED"
AC-1017,MOD-015,FR-163,Happy path: Получить уведомление,High,Contract/integration,OpenAPI `GET_api_v1_notifications_id`; Stage_3_Field_Traceability.csv,
AC-1018,MOD-015,FR-163,[STATE-008/STATE-009] Permission denied: Получить уведомление не выполняется и данные не раскрываются,Critical,Security/authorization,OpenAPI `GET_api_v1_notifications_id`; Stage_3_Field_Traceability.csv,"Given пользователь аутентифицирован, но не имеет `Notification.ReadOwn` или требуемой relation
When клиент запрашивает `GET /api/v1/notifications/{id}`
Then сервер возвращает 403/OBJECT_NOT_VISIBLE согласно контракту
And клиент не раскрывает скрытые данные и не применяет optimistic UI change"
AC-1019,MOD-015,FR-163,[STATE-032/STATE-033/STATE-034] Session/device interruption: операция прекращается без сохранения неподтверждённого состояния,Critical,Security/session,OpenAPI `GET_api_v1_notifications_id`; Stage_3_Field_Traceability.csv,"Given access/refresh session или device больше не действительны
When клиент обращается к `GET /api/v1/notifications/{id}`
Then сервер возвращает стабильную auth/session/device ошибку
And клиент прекращает команды, очищает запрещённые credentials/cache по политике и переводит пользователя в безопасный login/recovery flow"
AC-1020,MOD-015,FR-164,Happy path: Выполнить разрешённое действие toast,Critical,Contract/integration,OpenAPI `POST_api_v1_notifications_id_action`; Stage_3_Field_Traceability.csv,"Given пользователь имеет `Notification.ManageOwn` и выполнены предусловия
When клиент отправляет `POST /api/v1/notifications/{id}/action` с контрактным payload и headers
Then сервер возвращает успешный контрактный ответ
And клиент отображает только authoritative response"
AC-1021,MOD-015,FR-164,[STATE-008/STATE-009] Permission denied: Выполнить разрешённое действие toast не выполняется и данные не раскрываются,Critical,Security/authorization,OpenAPI `POST_api_v1_notifications_id_action`; Stage_3_Field_Traceability.csv,"Given пользователь аутентифицирован, но не имеет `Notification.ManageOwn` или требуемой relation
When клиент запрашивает `POST /api/v1/notifications/{id}/action`
Then сервер возвращает 403/OBJECT_NOT_VISIBLE согласно контракту
And клиент не раскрывает скрытые данные и не применяет optimistic UI change"
AC-1022,MOD-015,FR-164,[STATE-032/STATE-033/STATE-034] Session/device interruption: операция прекращается без сохранения неподтверждённого состояния,Critical,Security/session,OpenAPI `POST_api_v1_notifications_id_action`; Stage_3_Field_Traceability.csv,"Given access/refresh session или device больше не действительны
When клиент обращается к `POST /api/v1/notifications/{id}/action`
Then сервер возвращает стабильную auth/session/device ошибку
And клиент прекращает команды, очищает запрещённые credentials/cache по политике и переводит пользователя в безопасный login/recovery flow"
AC-1023,MOD-015,FR-164,[STATE-007] Validation: fieldErrors сохраняют draft и привязываются к canonical field path,High,Contract/UI,OpenAPI `POST_api_v1_notifications_id_action`; Stage_3_Field_Traceability.csv,"Given пользователь заполнил payload для `POST_api_v1_notifications_id_action` с нарушением DTO constraint
When сервер возвращает VALIDATION_FAILED с fieldErrors
Then draft сохраняется, ошибки связываются с canonical field paths и фокус переходит к первой ошибке"
AC-1024,MOD-015,FR-164,[STATE-014/STATE-025] Conflict/precondition: устаревшая или отсутствующая If-Match не приводит к overwrite,Critical,Concurrency/integration,OpenAPI `POST_api_v1_notifications_id_action`; Stage_3_Field_Traceability.csv,"Given серверное состояние изменилось после загрузки клиентом
When клиент отправляет `POST /api/v1/notifications/{id}/action` с устаревшей If-Match
Then сервер отклоняет команду без overwrite
And клиент сохраняет draft и предлагает refresh/compare/reapply или безопасный повтор"
AC-1025,MOD-015,FR-164,[STATE-010/STATE-011/STATE-012] Server unavailable/read-only: команда Выполнить разрешённое действие toast не ставится в offline queue,Critical,Desktop/resilience,OpenAPI `POST_api_v1_notifications_id_action`; Stage_3_Field_Traceability.csv,"Given сервер недоступен или приложение находится в read-only cache mode
When пользователь пытается выполнить «Выполнить разрешённое действие toast»
Then команда не отправляется и не помещается в offline business queue
And UI сохраняет допустимый local draft или сообщает, что действие требует соединения"
AC-1026,MOD-015,FR-164,[STATE-020] Idempotency: повтор с тем же key/hash не создаёт двойной side effect,Critical,Integration,OpenAPI `POST_api_v1_notifications_id_action`; Stage_3_Field_Traceability.csv,"Given первая команда `POST_api_v1_notifications_id_action` уже принята с idempotency key и payload hash
When клиент безопасно повторяет тот же key и payload
Then сервер возвращает тот же бизнес-результат без второго side effect
And другой payload с тем же key отклоняется как IDEMPOTENCY_KEY_REUSED"
AC-1027,MOD-015,FR-165,Happy path: Пометить прочитанным,Critical,Contract/integration,OpenAPI `POST_api_v1_notifications_id_read`; Stage_3_Field_Traceability.csv,"Given пользователь имеет `Notification.ReadOwn` и выполнены предусловия
When клиент отправляет `POST /api/v1/notifications/{id}/read` с контрактным payload и headers
Then сервер возвращает успешный контрактный ответ
And клиент отображает только authoritative response"
AC-1028,MOD-015,FR-165,[STATE-008/STATE-009] Permission denied: Пометить прочитанным не выполняется и данные не раскрываются,Critical,Security/authorization,OpenAPI `POST_api_v1_notifications_id_read`; Stage_3_Field_Traceability.csv,"Given пользователь аутентифицирован, но не имеет `Notification.ReadOwn` или требуемой relation
When клиент запрашивает `POST /api/v1/notifications/{id}/read`
Then сервер возвращает 403/OBJECT_NOT_VISIBLE согласно контракту
And клиент не раскрывает скрытые данные и не применяет optimistic UI change"
AC-1029,MOD-015,FR-165,[STATE-032/STATE-033/STATE-034] Session/device interruption: операция прекращается без сохранения неподтверждённого состояния,Critical,Security/session,OpenAPI `POST_api_v1_notifications_id_read`; Stage_3_Field_Traceability.csv,"Given access/refresh session или device больше не действительны
When клиент обращается к `POST /api/v1/notifications/{id}/read`
Then сервер возвращает стабильную auth/session/device ошибку
And клиент прекращает команды, очищает запрещённые credentials/cache по политике и переводит пользователя в безопасный login/recovery flow"
AC-1030,MOD-015,FR-165,[STATE-014/STATE-025] Conflict/precondition: устаревшая или отсутствующая контрактная версия/precondition не приводит к overwrite,Critical,Concurrency/integration,OpenAPI `POST_api_v1_notifications_id_read`; Stage_3_Field_Traceability.csv,"Given серверное состояние изменилось после загрузки клиентом
When клиент отправляет `POST /api/v1/notifications/{id}/read` с устаревшей контрактная версия/precondition
Then сервер отклоняет команду без overwrite
And клиент сохраняет draft и предлагает refresh/compare/reapply или безопасный повтор"
AC-1031,MOD-015,FR-165,[STATE-010/STATE-011/STATE-012] Server unavailable/read-only: команда Пометить прочитанным не ставится в offline queue,Critical,Desktop/resilience,OpenAPI `POST_api_v1_notifications_id_read`; Stage_3_Field_Traceability.csv,"Given сервер недоступен или приложение находится в read-only cache mode
When пользователь пытается выполнить «Пометить прочитанным»
Then команда не отправляется и не помещается в offline business queue
And UI сохраняет допустимый local draft или сообщает, что действие требует соединения"
AC-1032,MOD-016,FR-166,Happy path: Архив,High,Contract/integration,OpenAPI `GET_api_v1_archive`; Stage_3_Field_Traceability.csv,
AC-1033,MOD-016,FR-166,[STATE-008/STATE-009/STATE-017] Permission denied: Архив не выполняется и данные не раскрываются,Critical,Security/authorization,OpenAPI `GET_api_v1_archive`; Stage_3_Field_Traceability.csv,"Given пользователь аутентифицирован, но не имеет `History.Read` или требуемой relation
When клиент запрашивает `GET /api/v1/archive`
Then сервер возвращает 403/OBJECT_NOT_VISIBLE согласно контракту
And клиент не раскрывает скрытые данные и не применяет optimistic UI change"
AC-1034,MOD-016,FR-166,[STATE-017/STATE-032/STATE-033/STATE-034] Session/device interruption: операция прекращается без сохранения неподтверждённого состояния,Critical,Security/session,OpenAPI `GET_api_v1_archive`; Stage_3_Field_Traceability.csv,"Given access/refresh session или device больше не действительны
When клиент обращается к `GET /api/v1/archive`
Then сервер возвращает стабильную auth/session/device ошибку
And клиент прекращает команды, очищает запрещённые credentials/cache по политике и переводит пользователя в безопасный login/recovery flow"
AC-1035,MOD-016,FR-167,[STATE-017/STATE-018] Happy path: Вернуть из архива,Critical,Contract/integration,OpenAPI `POST_api_v1_archive_objectId_restore`; Stage_3_Field_Traceability.csv,"Given пользователь имеет `Archive.Restore` и выполнены предусловия
When клиент отправляет `POST /api/v1/archive/{objectId}/restore` с контрактным payload и headers
Then сервер возвращает успешный контрактный ответ
And клиент отображает только authoritative response"
AC-1036,MOD-016,FR-167,[STATE-008/STATE-009/STATE-017/STATE-018] Permission denied: Вернуть из архива не выполняется и данные не раскрываются,Critical,Security/authorization,OpenAPI `POST_api_v1_archive_objectId_restore`; Stage_3_Field_Traceability.csv,"Given пользователь аутентифицирован, но не имеет `Archive.Restore` или требуемой relation
When клиент запрашивает `POST /api/v1/archive/{objectId}/restore`
Then сервер возвращает 403/OBJECT_NOT_VISIBLE согласно контракту
And клиент не раскрывает скрытые данные и не применяет optimistic UI change"
AC-1037,MOD-016,FR-167,[STATE-017/STATE-018/STATE-032/STATE-033/STATE-034] Session/device interruption: операция прекращается без сохранения неподтверждённого состояния,Critical,Security/session,OpenAPI `POST_api_v1_archive_objectId_restore`; Stage_3_Field_Traceability.csv,"Given access/refresh session или device больше не действительны
When клиент обращается к `POST /api/v1/archive/{objectId}/restore`
Then сервер возвращает стабильную auth/session/device ошибку
And клиент прекращает команды, очищает запрещённые credentials/cache по политике и переводит пользователя в безопасный login/recovery flow"
AC-1038,MOD-016,FR-167,[STATE-007/STATE-017/STATE-018] Validation: fieldErrors сохраняют draft и привязываются к canonical field path,High,Contract/UI,OpenAPI `POST_api_v1_archive_objectId_restore`; Stage_3_Field_Traceability.csv,"Given пользователь заполнил payload для `POST_api_v1_archive_objectId_restore` с нарушением DTO constraint
When сервер возвращает VALIDATION_FAILED с fieldErrors
Then draft сохраняется, ошибки связываются с canonical field paths и фокус переходит к первой ошибке"
AC-1039,MOD-016,FR-167,[STATE-014/STATE-017/STATE-018/STATE-025] Conflict/precondition: устаревшая или отсутствующая If-Match не приводит к overwrite,Critical,Concurrency/integration,OpenAPI `POST_api_v1_archive_objectId_restore`; Stage_3_Field_Traceability.csv,"Given серверное состояние изменилось после загрузки клиентом
When клиент отправляет `POST /api/v1/archive/{objectId}/restore` с устаревшей If-Match
Then сервер отклоняет команду без overwrite
And клиент сохраняет draft и предлагает refresh/compare/reapply или безопасный повтор"
AC-1040,MOD-016,FR-167,[STATE-010/STATE-011/STATE-012] Server unavailable/read-only: команда Вернуть из архива не ставится в offline queue,Critical,Desktop/resilience,OpenAPI `POST_api_v1_archive_objectId_restore`; Stage_3_Field_Traceability.csv,"Given сервер недоступен или приложение находится в read-only cache mode
When пользователь пытается выполнить «Вернуть из архива»
Then команда не отправляется и не помещается в offline business queue
And UI сохраняет допустимый local draft или сообщает, что действие требует соединения"
AC-1041,MOD-017,FR-168,Happy path: Корзина,High,Contract/integration,OpenAPI `GET_api_v1_trash`; Stage_3_Field_Traceability.csv,
AC-1042,MOD-017,FR-168,[STATE-008/STATE-009/STATE-018] Permission denied: Корзина не выполняется и данные не раскрываются,Critical,Security/authorization,OpenAPI `GET_api_v1_trash`; Stage_3_Field_Traceability.csv,"Given пользователь аутентифицирован, но не имеет `Trash.Read` или требуемой relation
When клиент запрашивает `GET /api/v1/trash`
Then сервер возвращает 403/OBJECT_NOT_VISIBLE согласно контракту
And клиент не раскрывает скрытые данные и не применяет optimistic UI change"
AC-1043,MOD-017,FR-168,[STATE-018/STATE-032/STATE-033/STATE-034] Session/device interruption: операция прекращается без сохранения неподтверждённого состояния,Critical,Security/session,OpenAPI `GET_api_v1_trash`; Stage_3_Field_Traceability.csv,"Given access/refresh session или device больше не действительны
When клиент обращается к `GET /api/v1/trash`
Then сервер возвращает стабильную auth/session/device ошибку
And клиент прекращает команды, очищает запрещённые credentials/cache по политике и переводит пользователя в безопасный login/recovery flow"
AC-1044,MOD-017,FR-169,[STATE-018] Happy path: Purge объекта после retention,Critical,Contract/integration,OpenAPI `DELETE_api_v1_trash_objectId`; Stage_3_Field_Traceability.csv,"Given пользователь имеет `Trash.Purge` и выполнены предусловия
When клиент отправляет `DELETE /api/v1/trash/{objectId}` с контрактным payload и headers
Then сервер возвращает успешный контрактный ответ
And клиент отображает только authoritative response"
AC-1045,MOD-017,FR-169,[STATE-008/STATE-009/STATE-018] Permission denied: Purge объекта после retention не выполняется и данные не раскрываются,Critical,Security/authorization,OpenAPI `DELETE_api_v1_trash_objectId`; Stage_3_Field_Traceability.csv,"Given пользователь аутентифицирован, но не имеет `Trash.Purge` или требуемой relation
When клиент запрашивает `DELETE /api/v1/trash/{objectId}`
Then сервер возвращает 403/OBJECT_NOT_VISIBLE согласно контракту
And клиент не раскрывает скрытые данные и не применяет optimistic UI change"
AC-1046,MOD-017,FR-169,[STATE-018/STATE-032/STATE-033/STATE-034] Session/device interruption: операция прекращается без сохранения неподтверждённого состояния,Critical,Security/session,OpenAPI `DELETE_api_v1_trash_objectId`; Stage_3_Field_Traceability.csv,"Given access/refresh session или device больше не действительны
When клиент обращается к `DELETE /api/v1/trash/{objectId}`
Then сервер возвращает стабильную auth/session/device ошибку
And клиент прекращает команды, очищает запрещённые credentials/cache по политике и переводит пользователя в безопасный login/recovery flow"
AC-1047,MOD-017,FR-169,[STATE-007/STATE-018] Validation: fieldErrors сохраняют draft и привязываются к canonical field path,High,Contract/UI,OpenAPI `DELETE_api_v1_trash_objectId`; Stage_3_Field_Traceability.csv,"Given пользователь заполнил payload для `DELETE_api_v1_trash_objectId` с нарушением DTO constraint
When сервер возвращает VALIDATION_FAILED с fieldErrors
Then draft сохраняется, ошибки связываются с canonical field paths и фокус переходит к первой ошибке"
AC-1048,MOD-017,FR-169,[STATE-014/STATE-018/STATE-025] Conflict/precondition: устаревшая или отсутствующая If-Match не приводит к overwrite,Critical,Concurrency/integration,OpenAPI `DELETE_api_v1_trash_objectId`; Stage_3_Field_Traceability.csv,"Given серверное состояние изменилось после загрузки клиентом
When клиент отправляет `DELETE /api/v1/trash/{objectId}` с устаревшей If-Match
Then сервер отклоняет команду без overwrite
And клиент сохраняет draft и предлагает refresh/compare/reapply или безопасный повтор"
AC-1049,MOD-017,FR-169,[STATE-010/STATE-011/STATE-012/STATE-018] Server unavailable/read-only: команда Purge объекта после retention не ставится в offline queue,Critical,Desktop/resilience,OpenAPI `DELETE_api_v1_trash_objectId`; Stage_3_Field_Traceability.csv,"Given сервер недоступен или приложение находится в read-only cache mode
When пользователь пытается выполнить «Purge объекта после retention»
Then команда не отправляется и не помещается в offline business queue
And UI сохраняет допустимый local draft или сообщает, что действие требует соединения"
AC-1050,MOD-017,FR-169,[STATE-018/STATE-020] Idempotency: повтор с тем же key/hash не создаёт двойной side effect,Critical,Integration,OpenAPI `DELETE_api_v1_trash_objectId`; Stage_3_Field_Traceability.csv,"Given первая команда `DELETE_api_v1_trash_objectId` уже принята с idempotency key и payload hash
When клиент безопасно повторяет тот же key и payload
Then сервер возвращает тот же бизнес-результат без второго side effect
And другой payload с тем же key отклоняется как IDEMPOTENCY_KEY_REUSED"
AC-1051,MOD-017,FR-170,[STATE-018] Happy path: Восстановить универсальный объект,Critical,Contract/integration,OpenAPI `POST_api_v1_trash_objectId_restore`; Stage_3_Field_Traceability.csv,"Given пользователь имеет `Trash.Restore` и выполнены предусловия
When клиент отправляет `POST /api/v1/trash/{objectId}/restore` с контрактным payload и headers
Then сервер возвращает успешный контрактный ответ
And клиент отображает только authoritative response"
AC-1052,MOD-017,FR-170,[STATE-008/STATE-009/STATE-018] Permission denied: Восстановить универсальный объект не выполняется и данные не раскрываются,Critical,Security/authorization,OpenAPI `POST_api_v1_trash_objectId_restore`; Stage_3_Field_Traceability.csv,"Given пользователь аутентифицирован, но не имеет `Trash.Restore` или требуемой relation
When клиент запрашивает `POST /api/v1/trash/{objectId}/restore`
Then сервер возвращает 403/OBJECT_NOT_VISIBLE согласно контракту
And клиент не раскрывает скрытые данные и не применяет optimistic UI change"
AC-1053,MOD-017,FR-170,[STATE-018/STATE-032/STATE-033/STATE-034] Session/device interruption: операция прекращается без сохранения неподтверждённого состояния,Critical,Security/session,OpenAPI `POST_api_v1_trash_objectId_restore`; Stage_3_Field_Traceability.csv,"Given access/refresh session или device больше не действительны
When клиент обращается к `POST /api/v1/trash/{objectId}/restore`
Then сервер возвращает стабильную auth/session/device ошибку
And клиент прекращает команды, очищает запрещённые credentials/cache по политике и переводит пользователя в безопасный login/recovery flow"
AC-1054,MOD-017,FR-170,[STATE-007/STATE-018] Validation: fieldErrors сохраняют draft и привязываются к canonical field path,High,Contract/UI,OpenAPI `POST_api_v1_trash_objectId_restore`; Stage_3_Field_Traceability.csv,"Given пользователь заполнил payload для `POST_api_v1_trash_objectId_restore` с нарушением DTO constraint
When сервер возвращает VALIDATION_FAILED с fieldErrors
Then draft сохраняется, ошибки связываются с canonical field paths и фокус переходит к первой ошибке"
AC-1055,MOD-017,FR-170,[STATE-014/STATE-018/STATE-025] Conflict/precondition: устаревшая или отсутствующая If-Match не приводит к overwrite,Critical,Concurrency/integration,OpenAPI `POST_api_v1_trash_objectId_restore`; Stage_3_Field_Traceability.csv,"Given серверное состояние изменилось после загрузки клиентом
When клиент отправляет `POST /api/v1/trash/{objectId}/restore` с устаревшей If-Match
Then сервер отклоняет команду без overwrite
And клиент сохраняет draft и предлагает refresh/compare/reapply или безопасный повтор"
AC-1056,MOD-017,FR-170,[STATE-010/STATE-011/STATE-012] Server unavailable/read-only: команда Восстановить универсальный объект не ставится в offline queue,Critical,Desktop/resilience,OpenAPI `POST_api_v1_trash_objectId_restore`; Stage_3_Field_Traceability.csv,"Given сервер недоступен или приложение находится в read-only cache mode
When пользователь пытается выполнить «Восстановить универсальный объект»
Then команда не отправляется и не помещается в offline business queue
And UI сохраняет допустимый local draft или сообщает, что действие требует соединения"
AC-1057,MOD-017,FR-170,[STATE-018/STATE-020] Idempotency: повтор с тем же key/hash не создаёт двойной side effect,Critical,Integration,OpenAPI `POST_api_v1_trash_objectId_restore`; Stage_3_Field_Traceability.csv,"Given первая команда `POST_api_v1_trash_objectId_restore` уже принята с idempotency key и payload hash
When клиент безопасно повторяет тот же key и payload
Then сервер возвращает тот же бизнес-результат без второго side effect
And другой payload с тем же key отклоняется как IDEMPOTENCY_KEY_REUSED"
AC-1058,MOD-018,FR-171,Happy path: Настройки уведомлений,High,Contract/integration,OpenAPI `GET_api_v1_notifications_preferences`; Stage_3_Field_Traceability.csv,
AC-1059,MOD-018,FR-171,[STATE-008/STATE-009] Permission denied: Настройки уведомлений не выполняется и данные не раскрываются,Critical,Security/authorization,OpenAPI `GET_api_v1_notifications_preferences`; Stage_3_Field_Traceability.csv,"Given пользователь аутентифицирован, но не имеет `Settings.ReadOwn` или требуемой relation
When клиент запрашивает `GET /api/v1/notifications/preferences`
Then сервер возвращает 403/OBJECT_NOT_VISIBLE согласно контракту
And клиент не раскрывает скрытые данные и не применяет optimistic UI change"
AC-1060,MOD-018,FR-171,[STATE-032/STATE-033/STATE-034] Session/device interruption: операция прекращается без сохранения неподтверждённого состояния,Critical,Security/session,OpenAPI `GET_api_v1_notifications_preferences`; Stage_3_Field_Traceability.csv,"Given access/refresh session или device больше не действительны
When клиент обращается к `GET /api/v1/notifications/preferences`
Then сервер возвращает стабильную auth/session/device ошибку
And клиент прекращает команды, очищает запрещённые credentials/cache по политике и переводит пользователя в безопасный login/recovery flow"
AC-1061,MOD-018,FR-172,Happy path: Обновить настройки уведомлений,Critical,Contract/integration,OpenAPI `PUT_api_v1_notifications_preferences`; Stage_3_Field_Traceability.csv,"Given пользователь имеет `Settings.UpdateOwn` и выполнены предусловия
When клиент отправляет `PUT /api/v1/notifications/preferences` с контрактным payload и headers
Then сервер возвращает успешный контрактный ответ
And клиент отображает только authoritative response"
AC-1062,MOD-018,FR-172,[STATE-008/STATE-009] Permission denied: Обновить настройки уведомлений не выполняется и данные не раскрываются,Critical,Security/authorization,OpenAPI `PUT_api_v1_notifications_preferences`; Stage_3_Field_Traceability.csv,"Given пользователь аутентифицирован, но не имеет `Settings.UpdateOwn` или требуемой relation
When клиент запрашивает `PUT /api/v1/notifications/preferences`
Then сервер возвращает 403/OBJECT_NOT_VISIBLE согласно контракту
And клиент не раскрывает скрытые данные и не применяет optimistic UI change"
AC-1063,MOD-018,FR-172,[STATE-032/STATE-033/STATE-034] Session/device interruption: операция прекращается без сохранения неподтверждённого состояния,Critical,Security/session,OpenAPI `PUT_api_v1_notifications_preferences`; Stage_3_Field_Traceability.csv,"Given access/refresh session или device больше не действительны
When клиент обращается к `PUT /api/v1/notifications/preferences`
Then сервер возвращает стабильную auth/session/device ошибку
And клиент прекращает команды, очищает запрещённые credentials/cache по политике и переводит пользователя в безопасный login/recovery flow"
AC-1064,MOD-018,FR-172,[STATE-007] Validation: fieldErrors сохраняют draft и привязываются к canonical field path,High,Contract/UI,OpenAPI `PUT_api_v1_notifications_preferences`; Stage_3_Field_Traceability.csv,"Given пользователь заполнил payload для `PUT_api_v1_notifications_preferences` с нарушением DTO constraint
When сервер возвращает VALIDATION_FAILED с fieldErrors
Then draft сохраняется, ошибки связываются с canonical field paths и фокус переходит к первой ошибке"
AC-1065,MOD-018,FR-172,[STATE-014/STATE-025] Conflict/precondition: устаревшая или отсутствующая If-Match не приводит к overwrite,Critical,Concurrency/integration,OpenAPI `PUT_api_v1_notifications_preferences`; Stage_3_Field_Traceability.csv,"Given серверное состояние изменилось после загрузки клиентом
When клиент отправляет `PUT /api/v1/notifications/preferences` с устаревшей If-Match
Then сервер отклоняет команду без overwrite
And клиент сохраняет draft и предлагает refresh/compare/reapply или безопасный повтор"
AC-1066,MOD-018,FR-172,[STATE-010/STATE-011/STATE-012] Server unavailable/read-only: команда Обновить настройки уведомлений не ставится в offline queue,Critical,Desktop/resilience,OpenAPI `PUT_api_v1_notifications_preferences`; Stage_3_Field_Traceability.csv,"Given сервер недоступен или приложение находится в read-only cache mode
When пользователь пытается выполнить «Обновить настройки уведомлений»
Then команда не отправляется и не помещается в offline business queue
And UI сохраняет допустимый local draft или сообщает, что действие требует соединения"
AC-1067,MOD-018,FR-172,[STATE-020] Idempotency: повтор с тем же key/hash не создаёт двойной side effect,Critical,Integration,OpenAPI `PUT_api_v1_notifications_preferences`; Stage_3_Field_Traceability.csv,"Given первая команда `PUT_api_v1_notifications_preferences` уже принята с idempotency key и payload hash
When клиент безопасно повторяет тот же key и payload
Then сервер возвращает тот же бизнес-результат без второго side effect
And другой payload с тем же key отклоняется как IDEMPOTENCY_KEY_REUSED"
AC-1068,MOD-018,FR-173,Happy path: Пользовательские настройки,High,Contract/integration,OpenAPI `GET_api_v1_settings_me`; Stage_3_Field_Traceability.csv,
AC-1069,MOD-018,FR-173,[STATE-008/STATE-009] Permission denied: Пользовательские настройки не выполняется и данные не раскрываются,Critical,Security/authorization,OpenAPI `GET_api_v1_settings_me`; Stage_3_Field_Traceability.csv,"Given пользователь аутентифицирован, но не имеет `Settings.ReadOwn` или требуемой relation
When клиент запрашивает `GET /api/v1/settings/me`
Then сервер возвращает 403/OBJECT_NOT_VISIBLE согласно контракту
And клиент не раскрывает скрытые данные и не применяет optimistic UI change"
AC-1070,MOD-018,FR-173,[STATE-032/STATE-033/STATE-034] Session/device interruption: операция прекращается без сохранения неподтверждённого состояния,Critical,Security/session,OpenAPI `GET_api_v1_settings_me`; Stage_3_Field_Traceability.csv,"Given access/refresh session или device больше не действительны
When клиент обращается к `GET /api/v1/settings/me`
Then сервер возвращает стабильную auth/session/device ошибку
And клиент прекращает команды, очищает запрещённые credentials/cache по политике и переводит пользователя в безопасный login/recovery flow"
AC-1071,MOD-018,FR-174,Happy path: Изменить пользовательские настройки,Critical,Contract/integration,OpenAPI `PATCH_api_v1_settings_me`; Stage_3_Field_Traceability.csv,"Given пользователь имеет `Settings.UpdateOwn` и выполнены предусловия
When клиент отправляет `PATCH /api/v1/settings/me` с контрактным payload и headers
Then сервер возвращает успешный контрактный ответ
And клиент отображает только authoritative response"
AC-1072,MOD-018,FR-174,[STATE-008/STATE-009] Permission denied: Изменить пользовательские настройки не выполняется и данные не раскрываются,Critical,Security/authorization,OpenAPI `PATCH_api_v1_settings_me`; Stage_3_Field_Traceability.csv,"Given пользователь аутентифицирован, но не имеет `Settings.UpdateOwn` или требуемой relation
When клиент запрашивает `PATCH /api/v1/settings/me`
Then сервер возвращает 403/OBJECT_NOT_VISIBLE согласно контракту
And клиент не раскрывает скрытые данные и не применяет optimistic UI change"
AC-1073,MOD-018,FR-174,[STATE-032/STATE-033/STATE-034] Session/device interruption: операция прекращается без сохранения неподтверждённого состояния,Critical,Security/session,OpenAPI `PATCH_api_v1_settings_me`; Stage_3_Field_Traceability.csv,"Given access/refresh session или device больше не действительны
When клиент обращается к `PATCH /api/v1/settings/me`
Then сервер возвращает стабильную auth/session/device ошибку
And клиент прекращает команды, очищает запрещённые credentials/cache по политике и переводит пользователя в безопасный login/recovery flow"
AC-1074,MOD-018,FR-174,[STATE-007] Validation: fieldErrors сохраняют draft и привязываются к canonical field path,High,Contract/UI,OpenAPI `PATCH_api_v1_settings_me`; Stage_3_Field_Traceability.csv,"Given пользователь заполнил payload для `PATCH_api_v1_settings_me` с нарушением DTO constraint
When сервер возвращает VALIDATION_FAILED с fieldErrors
Then draft сохраняется, ошибки связываются с canonical field paths и фокус переходит к первой ошибке"
AC-1075,MOD-018,FR-174,[STATE-014/STATE-025] Conflict/precondition: устаревшая или отсутствующая If-Match не приводит к overwrite,Critical,Concurrency/integration,OpenAPI `PATCH_api_v1_settings_me`; Stage_3_Field_Traceability.csv,"Given серверное состояние изменилось после загрузки клиентом
When клиент отправляет `PATCH /api/v1/settings/me` с устаревшей If-Match
Then сервер отклоняет команду без overwrite
And клиент сохраняет draft и предлагает refresh/compare/reapply или безопасный повтор"
AC-1076,MOD-018,FR-174,[STATE-010/STATE-011/STATE-012] Server unavailable/read-only: команда Изменить пользовательские настройки не ставится в offline queue,Critical,Desktop/resilience,OpenAPI `PATCH_api_v1_settings_me`; Stage_3_Field_Traceability.csv,"Given сервер недоступен или приложение находится в read-only cache mode
When пользователь пытается выполнить «Изменить пользовательские настройки»
Then команда не отправляется и не помещается в offline business queue
And UI сохраняет допустимый local draft или сообщает, что действие требует соединения"
AC-1077,MOD-018,FR-174,[STATE-020] Idempotency: повтор с тем же key/hash не создаёт двойной side effect,Critical,Integration,OpenAPI `PATCH_api_v1_settings_me`; Stage_3_Field_Traceability.csv,"Given первая команда `PATCH_api_v1_settings_me` уже принята с idempotency key и payload hash
When клиент безопасно повторяет тот же key и payload
Then сервер возвращает тот же бизнес-результат без второго side effect
And другой payload с тем же key отклоняется как IDEMPOTENCY_KEY_REUSED"
AC-1078,MOD-018,FR-175,Happy path: Настройки организации,High,Contract/integration,OpenAPI `GET_api_v1_settings_organization`; Stage_3_Field_Traceability.csv,
AC-1079,MOD-018,FR-175,[STATE-008/STATE-009] Permission denied: Настройки организации не выполняется и данные не раскрываются,Critical,Security/authorization,OpenAPI `GET_api_v1_settings_organization`; Stage_3_Field_Traceability.csv,"Given пользователь аутентифицирован, но не имеет `Organization.Read` или требуемой relation
When клиент запрашивает `GET /api/v1/settings/organization`
Then сервер возвращает 403/OBJECT_NOT_VISIBLE согласно контракту
And клиент не раскрывает скрытые данные и не применяет optimistic UI change"
AC-1080,MOD-018,FR-175,[STATE-032/STATE-033/STATE-034] Session/device interruption: операция прекращается без сохранения неподтверждённого состояния,Critical,Security/session,OpenAPI `GET_api_v1_settings_organization`; Stage_3_Field_Traceability.csv,"Given access/refresh session или device больше не действительны
When клиент обращается к `GET /api/v1/settings/organization`
Then сервер возвращает стабильную auth/session/device ошибку
And клиент прекращает команды, очищает запрещённые credentials/cache по политике и переводит пользователя в безопасный login/recovery flow"
AC-1081,MOD-018,FR-176,Happy path: Изменить настройки организации,Critical,Contract/integration,OpenAPI `PATCH_api_v1_settings_organization`; Stage_3_Field_Traceability.csv,"Given пользователь имеет `Organization.Update` и выполнены предусловия
When клиент отправляет `PATCH /api/v1/settings/organization` с контрактным payload и headers
Then сервер возвращает успешный контрактный ответ
And клиент отображает только authoritative response"
AC-1082,MOD-018,FR-176,[STATE-008/STATE-009] Permission denied: Изменить настройки организации не выполняется и данные не раскрываются,Critical,Security/authorization,OpenAPI `PATCH_api_v1_settings_organization`; Stage_3_Field_Traceability.csv,"Given пользователь аутентифицирован, но не имеет `Organization.Update` или требуемой relation
When клиент запрашивает `PATCH /api/v1/settings/organization`
Then сервер возвращает 403/OBJECT_NOT_VISIBLE согласно контракту
And клиент не раскрывает скрытые данные и не применяет optimistic UI change"
AC-1083,MOD-018,FR-176,[STATE-032/STATE-033/STATE-034] Session/device interruption: операция прекращается без сохранения неподтверждённого состояния,Critical,Security/session,OpenAPI `PATCH_api_v1_settings_organization`; Stage_3_Field_Traceability.csv,"Given access/refresh session или device больше не действительны
When клиент обращается к `PATCH /api/v1/settings/organization`
Then сервер возвращает стабильную auth/session/device ошибку
And клиент прекращает команды, очищает запрещённые credentials/cache по политике и переводит пользователя в безопасный login/recovery flow"
AC-1084,MOD-018,FR-176,[STATE-007] Validation: fieldErrors сохраняют draft и привязываются к canonical field path,High,Contract/UI,OpenAPI `PATCH_api_v1_settings_organization`; Stage_3_Field_Traceability.csv,"Given пользователь заполнил payload для `PATCH_api_v1_settings_organization` с нарушением DTO constraint
When сервер возвращает VALIDATION_FAILED с fieldErrors
Then draft сохраняется, ошибки связываются с canonical field paths и фокус переходит к первой ошибке"
AC-1085,MOD-018,FR-176,[STATE-014/STATE-025] Conflict/precondition: устаревшая или отсутствующая If-Match не приводит к overwrite,Critical,Concurrency/integration,OpenAPI `PATCH_api_v1_settings_organization`; Stage_3_Field_Traceability.csv,"Given серверное состояние изменилось после загрузки клиентом
When клиент отправляет `PATCH /api/v1/settings/organization` с устаревшей If-Match
Then сервер отклоняет команду без overwrite
And клиент сохраняет draft и предлагает refresh/compare/reapply или безопасный повтор"
AC-1086,MOD-018,FR-176,[STATE-010/STATE-011/STATE-012] Server unavailable/read-only: команда Изменить настройки организации не ставится в offline queue,Critical,Desktop/resilience,OpenAPI `PATCH_api_v1_settings_organization`; Stage_3_Field_Traceability.csv,"Given сервер недоступен или приложение находится в read-only cache mode
When пользователь пытается выполнить «Изменить настройки организации»
Then команда не отправляется и не помещается в offline business queue
And UI сохраняет допустимый local draft или сообщает, что действие требует соединения"
AC-1087,MOD-018,FR-176,[STATE-020] Idempotency: повтор с тем же key/hash не создаёт двойной side effect,Critical,Integration,OpenAPI `PATCH_api_v1_settings_organization`; Stage_3_Field_Traceability.csv,"Given первая команда `PATCH_api_v1_settings_organization` уже принята с idempotency key и payload hash
When клиент безопасно повторяет тот же key и payload
Then сервер возвращает тот же бизнес-результат без второго side effect
And другой payload с тем же key отклоняется как IDEMPOTENCY_KEY_REUSED"
AC-1088,MOD-019,FR-177,Happy path: Результаты резервного копирования,High,Contract/integration,OpenAPI `GET_api_v1_admin_backups`; Stage_3_Field_Traceability.csv,
AC-1089,MOD-019,FR-177,[STATE-008/STATE-009] Permission denied: Результаты резервного копирования не выполняется и данные не раскрываются,Critical,Security/authorization,OpenAPI `GET_api_v1_admin_backups`; Stage_3_Field_Traceability.csv,"Given пользователь аутентифицирован, но не имеет `Backup.Read` или требуемой relation
When клиент запрашивает `GET /api/v1/admin/backups`
Then сервер возвращает 403/OBJECT_NOT_VISIBLE согласно контракту
And клиент не раскрывает скрытые данные и не применяет optimistic UI change"
AC-1090,MOD-019,FR-177,[STATE-032/STATE-033/STATE-034] Session/device interruption: операция прекращается без сохранения неподтверждённого состояния,Critical,Security/session,OpenAPI `GET_api_v1_admin_backups`; Stage_3_Field_Traceability.csv,"Given access/refresh session или device больше не действительны
When клиент обращается к `GET /api/v1/admin/backups`
Then сервер возвращает стабильную auth/session/device ошибку
And клиент прекращает команды, очищает запрещённые credentials/cache по политике и переводит пользователя в безопасный login/recovery flow"
AC-1091,MOD-019,FR-178,Happy path: Запустить backup,Critical,Contract/integration,OpenAPI `POST_api_v1_admin_backups`; Stage_3_Field_Traceability.csv,"Given пользователь имеет `Backup.Execute` и выполнены предусловия
When клиент отправляет `POST /api/v1/admin/backups` с контрактным payload и headers
Then сервер возвращает успешный контрактный ответ
And клиент отображает только authoritative response"
AC-1092,MOD-019,FR-178,[STATE-008/STATE-009] Permission denied: Запустить backup не выполняется и данные не раскрываются,Critical,Security/authorization,OpenAPI `POST_api_v1_admin_backups`; Stage_3_Field_Traceability.csv,"Given пользователь аутентифицирован, но не имеет `Backup.Execute` или требуемой relation
When клиент запрашивает `POST /api/v1/admin/backups`
Then сервер возвращает 403/OBJECT_NOT_VISIBLE согласно контракту
And клиент не раскрывает скрытые данные и не применяет optimistic UI change"
AC-1093,MOD-019,FR-178,[STATE-032/STATE-033/STATE-034] Session/device interruption: операция прекращается без сохранения неподтверждённого состояния,Critical,Security/session,OpenAPI `POST_api_v1_admin_backups`; Stage_3_Field_Traceability.csv,"Given access/refresh session или device больше не действительны
When клиент обращается к `POST /api/v1/admin/backups`
Then сервер возвращает стабильную auth/session/device ошибку
And клиент прекращает команды, очищает запрещённые credentials/cache по политике и переводит пользователя в безопасный login/recovery flow"
AC-1094,MOD-019,FR-178,[STATE-014/STATE-025] Conflict/precondition: устаревшая или отсутствующая контрактная версия/precondition не приводит к overwrite,Critical,Concurrency/integration,OpenAPI `POST_api_v1_admin_backups`; Stage_3_Field_Traceability.csv,"Given серверное состояние изменилось после загрузки клиентом
When клиент отправляет `POST /api/v1/admin/backups` с устаревшей контрактная версия/precondition
Then сервер отклоняет команду без overwrite
And клиент сохраняет draft и предлагает refresh/compare/reapply или безопасный повтор"
AC-1095,MOD-019,FR-178,[STATE-010/STATE-011/STATE-012] Server unavailable/read-only: команда Запустить backup не ставится в offline queue,Critical,Desktop/resilience,OpenAPI `POST_api_v1_admin_backups`; Stage_3_Field_Traceability.csv,"Given сервер недоступен или приложение находится в read-only cache mode
When пользователь пытается выполнить «Запустить backup»
Then команда не отправляется и не помещается в offline business queue
And UI сохраняет допустимый local draft или сообщает, что действие требует соединения"
AC-1096,MOD-019,FR-178,[STATE-020] Idempotency: повтор с тем же key/hash не создаёт двойной side effect,Critical,Integration,OpenAPI `POST_api_v1_admin_backups`; Stage_3_Field_Traceability.csv,"Given первая команда `POST_api_v1_admin_backups` уже принята с idempotency key и payload hash
When клиент безопасно повторяет тот же key и payload
Then сервер возвращает тот же бизнес-результат без второго side effect
And другой payload с тем же key отклоняется как IDEMPOTENCY_KEY_REUSED"
AC-1097,MOD-019,FR-179,[STATE-018] Happy path: Запросить controlled restore,Critical,Contract/integration,OpenAPI `POST_api_v1_admin_backups_id_restore`; Stage_3_Field_Traceability.csv,"Given пользователь имеет `Backup.Restore` и выполнены предусловия
When клиент отправляет `POST /api/v1/admin/backups/{id}/restore` с контрактным payload и headers
Then сервер возвращает успешный контрактный ответ
And клиент отображает только authoritative response"
AC-1098,MOD-019,FR-179,[STATE-008/STATE-009/STATE-018] Permission denied: Запросить controlled restore не выполняется и данные не раскрываются,Critical,Security/authorization,OpenAPI `POST_api_v1_admin_backups_id_restore`; Stage_3_Field_Traceability.csv,"Given пользователь аутентифицирован, но не имеет `Backup.Restore` или требуемой relation
When клиент запрашивает `POST /api/v1/admin/backups/{id}/restore`
Then сервер возвращает 403/OBJECT_NOT_VISIBLE согласно контракту
And клиент не раскрывает скрытые данные и не применяет optimistic UI change"
AC-1099,MOD-019,FR-179,[STATE-018/STATE-032/STATE-033/STATE-034] Session/device interruption: операция прекращается без сохранения неподтверждённого состояния,Critical,Security/session,OpenAPI `POST_api_v1_admin_backups_id_restore`; Stage_3_Field_Traceability.csv,"Given access/refresh session или device больше не действительны
When клиент обращается к `POST /api/v1/admin/backups/{id}/restore`
Then сервер возвращает стабильную auth/session/device ошибку
And клиент прекращает команды, очищает запрещённые credentials/cache по политике и переводит пользователя в безопасный login/recovery flow"
AC-1100,MOD-019,FR-179,[STATE-007/STATE-018] Validation: fieldErrors сохраняют draft и привязываются к canonical field path,High,Contract/UI,OpenAPI `POST_api_v1_admin_backups_id_restore`; Stage_3_Field_Traceability.csv,"Given пользователь заполнил payload для `POST_api_v1_admin_backups_id_restore` с нарушением DTO constraint
When сервер возвращает VALIDATION_FAILED с fieldErrors
Then draft сохраняется, ошибки связываются с canonical field paths и фокус переходит к первой ошибке"
AC-1101,MOD-019,FR-179,[STATE-014/STATE-018/STATE-025] Conflict/precondition: устаревшая или отсутствующая контрактная версия/precondition не приводит к overwrite,Critical,Concurrency/integration,OpenAPI `POST_api_v1_admin_backups_id_restore`; Stage_3_Field_Traceability.csv,"Given серверное состояние изменилось после загрузки клиентом
When клиент отправляет `POST /api/v1/admin/backups/{id}/restore` с устаревшей контрактная версия/precondition
Then сервер отклоняет команду без overwrite
And клиент сохраняет draft и предлагает refresh/compare/reapply или безопасный повтор"
AC-1102,MOD-019,FR-179,[STATE-010/STATE-011/STATE-012/STATE-018] Server unavailable/read-only: команда Запросить controlled restore не ставится в offline queue,Critical,Desktop/resilience,OpenAPI `POST_api_v1_admin_backups_id_restore`; Stage_3_Field_Traceability.csv,"Given сервер недоступен или приложение находится в read-only cache mode
When пользователь пытается выполнить «Запросить controlled restore»
Then команда не отправляется и не помещается в offline business queue
And UI сохраняет допустимый local draft или сообщает, что действие требует соединения"
AC-1103,MOD-019,FR-179,[STATE-018/STATE-020] Idempotency: повтор с тем же key/hash не создаёт двойной side effect,Critical,Integration,OpenAPI `POST_api_v1_admin_backups_id_restore`; Stage_3_Field_Traceability.csv,"Given первая команда `POST_api_v1_admin_backups_id_restore` уже принята с idempotency key и payload hash
When клиент безопасно повторяет тот же key и payload
Then сервер возвращает тот же бизнес-результат без второго side effect
And другой payload с тем же key отклоняется как IDEMPOTENCY_KEY_REUSED"
AC-1104,MOD-019,FR-180,[STATE-018] Happy path: Запустить restore verification,Critical,Contract/integration,OpenAPI `POST_api_v1_admin_backups_id_verify`; Stage_3_Field_Traceability.csv,"Given пользователь имеет `Backup.RestoreTest` и выполнены предусловия
When клиент отправляет `POST /api/v1/admin/backups/{id}/verify` с контрактным payload и headers
Then сервер возвращает успешный контрактный ответ
And клиент отображает только authoritative response"
AC-1105,MOD-019,FR-180,[STATE-008/STATE-009/STATE-018] Permission denied: Запустить restore verification не выполняется и данные не раскрываются,Critical,Security/authorization,OpenAPI `POST_api_v1_admin_backups_id_verify`; Stage_3_Field_Traceability.csv,"Given пользователь аутентифицирован, но не имеет `Backup.RestoreTest` или требуемой relation
When клиент запрашивает `POST /api/v1/admin/backups/{id}/verify`
Then сервер возвращает 403/OBJECT_NOT_VISIBLE согласно контракту
And клиент не раскрывает скрытые данные и не применяет optimistic UI change"
AC-1106,MOD-019,FR-180,[STATE-032/STATE-033/STATE-034] Session/device interruption: операция прекращается без сохранения неподтверждённого состояния,Critical,Security/session,OpenAPI `POST_api_v1_admin_backups_id_verify`; Stage_3_Field_Traceability.csv,"Given access/refresh session или device больше не действительны
When клиент обращается к `POST /api/v1/admin/backups/{id}/verify`
Then сервер возвращает стабильную auth/session/device ошибку
And клиент прекращает команды, очищает запрещённые credentials/cache по политике и переводит пользователя в безопасный login/recovery flow"
AC-1107,MOD-019,FR-180,[STATE-014/STATE-025] Conflict/precondition: устаревшая или отсутствующая контрактная версия/precondition не приводит к overwrite,Critical,Concurrency/integration,OpenAPI `POST_api_v1_admin_backups_id_verify`; Stage_3_Field_Traceability.csv,"Given серверное состояние изменилось после загрузки клиентом
When клиент отправляет `POST /api/v1/admin/backups/{id}/verify` с устаревшей контрактная версия/precondition
Then сервер отклоняет команду без overwrite
And клиент сохраняет draft и предлагает refresh/compare/reapply или безопасный повтор"
AC-1108,MOD-019,FR-180,[STATE-010/STATE-011/STATE-012/STATE-018] Server unavailable/read-only: команда Запустить restore verification не ставится в offline queue,Critical,Desktop/resilience,OpenAPI `POST_api_v1_admin_backups_id_verify`; Stage_3_Field_Traceability.csv,"Given сервер недоступен или приложение находится в read-only cache mode
When пользователь пытается выполнить «Запустить restore verification»
Then команда не отправляется и не помещается в offline business queue
And UI сохраняет допустимый local draft или сообщает, что действие требует соединения"
AC-1109,MOD-019,FR-180,[STATE-020] Idempotency: повтор с тем же key/hash не создаёт двойной side effect,Critical,Integration,OpenAPI `POST_api_v1_admin_backups_id_verify`; Stage_3_Field_Traceability.csv,"Given первая команда `POST_api_v1_admin_backups_id_verify` уже принята с idempotency key и payload hash
When клиент безопасно повторяет тот же key и payload
Then сервер возвращает тот же бизнес-результат без второго side effect
And другой payload с тем же key отклоняется как IDEMPOTENCY_KEY_REUSED"
AC-1110,MOD-019,FR-181,Happy path: Запустить compaction change feed,Critical,Contract/integration,OpenAPI `POST_api_v1_admin_change_feed_compact`; Stage_3_Field_Traceability.csv,"Given пользователь имеет `System.Configure` и выполнены предусловия
When клиент отправляет `POST /api/v1/admin/change-feed/compact` с контрактным payload и headers
Then сервер возвращает успешный контрактный ответ
And клиент отображает только authoritative response"
AC-1111,MOD-019,FR-181,[STATE-008/STATE-009] Permission denied: Запустить compaction change feed не выполняется и данные не раскрываются,Critical,Security/authorization,OpenAPI `POST_api_v1_admin_change_feed_compact`; Stage_3_Field_Traceability.csv,"Given пользователь аутентифицирован, но не имеет `System.Configure` или требуемой relation
When клиент запрашивает `POST /api/v1/admin/change-feed/compact`
Then сервер возвращает 403/OBJECT_NOT_VISIBLE согласно контракту
And клиент не раскрывает скрытые данные и не применяет optimistic UI change"
AC-1112,MOD-019,FR-181,[STATE-032/STATE-033/STATE-034] Session/device interruption: операция прекращается без сохранения неподтверждённого состояния,Critical,Security/session,OpenAPI `POST_api_v1_admin_change_feed_compact`; Stage_3_Field_Traceability.csv,"Given access/refresh session или device больше не действительны
When клиент обращается к `POST /api/v1/admin/change-feed/compact`
Then сервер возвращает стабильную auth/session/device ошибку
And клиент прекращает команды, очищает запрещённые credentials/cache по политике и переводит пользователя в безопасный login/recovery flow"
AC-1113,MOD-019,FR-181,[STATE-014/STATE-025] Conflict/precondition: устаревшая или отсутствующая контрактная версия/precondition не приводит к overwrite,Critical,Concurrency/integration,OpenAPI `POST_api_v1_admin_change_feed_compact`; Stage_3_Field_Traceability.csv,"Given серверное состояние изменилось после загрузки клиентом
When клиент отправляет `POST /api/v1/admin/change-feed/compact` с устаревшей контрактная версия/precondition
Then сервер отклоняет команду без overwrite
And клиент сохраняет draft и предлагает refresh/compare/reapply или безопасный повтор"
AC-1114,MOD-019,FR-181,[STATE-010/STATE-011/STATE-012] Server unavailable/read-only: команда Запустить compaction change feed не ставится в offline queue,Critical,Desktop/resilience,OpenAPI `POST_api_v1_admin_change_feed_compact`; Stage_3_Field_Traceability.csv,"Given сервер недоступен или приложение находится в read-only cache mode
When пользователь пытается выполнить «Запустить compaction change feed»
Then команда не отправляется и не помещается в offline business queue
And UI сохраняет допустимый local draft или сообщает, что действие требует соединения"
AC-1115,MOD-019,FR-181,[STATE-020] Idempotency: повтор с тем же key/hash не создаёт двойной side effect,Critical,Integration,OpenAPI `POST_api_v1_admin_change_feed_compact`; Stage_3_Field_Traceability.csv,"Given первая команда `POST_api_v1_admin_change_feed_compact` уже принята с idempotency key и payload hash
When клиент безопасно повторяет тот же key и payload
Then сервер возвращает тот же бизнес-результат без второго side effect
And другой payload с тем же key отклоняется как IDEMPOTENCY_KEY_REUSED"
AC-1116,MOD-019,FR-182,Happy path: Изменить feature flag,Critical,Contract/integration,OpenAPI `PUT_api_v1_admin_feature_flags_key`; Stage_3_Field_Traceability.csv,"Given пользователь имеет `System.Configure` и выполнены предусловия
When клиент отправляет `PUT /api/v1/admin/feature-flags/{key}` с контрактным payload и headers
Then сервер возвращает успешный контрактный ответ
And клиент отображает только authoritative response"
AC-1117,MOD-019,FR-182,[STATE-008/STATE-009] Permission denied: Изменить feature flag не выполняется и данные не раскрываются,Critical,Security/authorization,OpenAPI `PUT_api_v1_admin_feature_flags_key`; Stage_3_Field_Traceability.csv,"Given пользователь аутентифицирован, но не имеет `System.Configure` или требуемой relation
When клиент запрашивает `PUT /api/v1/admin/feature-flags/{key}`
Then сервер возвращает 403/OBJECT_NOT_VISIBLE согласно контракту
And клиент не раскрывает скрытые данные и не применяет optimistic UI change"
AC-1118,MOD-019,FR-182,[STATE-032/STATE-033/STATE-034] Session/device interruption: операция прекращается без сохранения неподтверждённого состояния,Critical,Security/session,OpenAPI `PUT_api_v1_admin_feature_flags_key`; Stage_3_Field_Traceability.csv,"Given access/refresh session или device больше не действительны
When клиент обращается к `PUT /api/v1/admin/feature-flags/{key}`
Then сервер возвращает стабильную auth/session/device ошибку
And клиент прекращает команды, очищает запрещённые credentials/cache по политике и переводит пользователя в безопасный login/recovery flow"
AC-1119,MOD-019,FR-182,[STATE-007] Validation: fieldErrors сохраняют draft и привязываются к canonical field path,High,Contract/UI,OpenAPI `PUT_api_v1_admin_feature_flags_key`; Stage_3_Field_Traceability.csv,"Given пользователь заполнил payload для `PUT_api_v1_admin_feature_flags_key` с нарушением DTO constraint
When сервер возвращает VALIDATION_FAILED с fieldErrors
Then draft сохраняется, ошибки связываются с canonical field paths и фокус переходит к первой ошибке"
AC-1120,MOD-019,FR-182,[STATE-014/STATE-025] Conflict/precondition: устаревшая или отсутствующая If-Match не приводит к overwrite,Critical,Concurrency/integration,OpenAPI `PUT_api_v1_admin_feature_flags_key`; Stage_3_Field_Traceability.csv,"Given серверное состояние изменилось после загрузки клиентом
When клиент отправляет `PUT /api/v1/admin/feature-flags/{key}` с устаревшей If-Match
Then сервер отклоняет команду без overwrite
And клиент сохраняет draft и предлагает refresh/compare/reapply или безопасный повтор"
AC-1121,MOD-019,FR-182,[STATE-010/STATE-011/STATE-012] Server unavailable/read-only: команда Изменить feature flag не ставится в offline queue,Critical,Desktop/resilience,OpenAPI `PUT_api_v1_admin_feature_flags_key`; Stage_3_Field_Traceability.csv,"Given сервер недоступен или приложение находится в read-only cache mode
When пользователь пытается выполнить «Изменить feature flag»
Then команда не отправляется и не помещается в offline business queue
And UI сохраняет допустимый local draft или сообщает, что действие требует соединения"
AC-1122,MOD-019,FR-182,[STATE-020] Idempotency: повтор с тем же key/hash не создаёт двойной side effect,Critical,Integration,OpenAPI `PUT_api_v1_admin_feature_flags_key`; Stage_3_Field_Traceability.csv,"Given первая команда `PUT_api_v1_admin_feature_flags_key` уже принята с idempotency key и payload hash
When клиент безопасно повторяет тот же key и payload
Then сервер возвращает тот же бизнес-результат без второго side effect
And другой payload с тем же key отклоняется как IDEMPOTENCY_KEY_REUSED"
AC-1123,MOD-019,FR-183,Happy path: Фоновые задания,High,Contract/integration,OpenAPI `GET_api_v1_admin_jobs`; Stage_3_Field_Traceability.csv,
AC-1124,MOD-019,FR-183,[STATE-008/STATE-009] Permission denied: Фоновые задания не выполняется и данные не раскрываются,Critical,Security/authorization,OpenAPI `GET_api_v1_admin_jobs`; Stage_3_Field_Traceability.csv,"Given пользователь аутентифицирован, но не имеет `System.HealthRead` или требуемой relation
When клиент запрашивает `GET /api/v1/admin/jobs`
Then сервер возвращает 403/OBJECT_NOT_VISIBLE согласно контракту
And клиент не раскрывает скрытые данные и не применяет optimistic UI change"
AC-1125,MOD-019,FR-183,[STATE-032/STATE-033/STATE-034] Session/device interruption: операция прекращается без сохранения неподтверждённого состояния,Critical,Security/session,OpenAPI `GET_api_v1_admin_jobs`; Stage_3_Field_Traceability.csv,"Given access/refresh session или device больше не действительны
When клиент обращается к `GET /api/v1/admin/jobs`
Then сервер возвращает стабильную auth/session/device ошибку
And клиент прекращает команды, очищает запрещённые credentials/cache по политике и переводит пользователя в безопасный login/recovery flow"
AC-1126,MOD-019,FR-184,Happy path: Запустить разрешённый job,Critical,Contract/integration,OpenAPI `POST_api_v1_admin_jobs_code_run`; Stage_3_Field_Traceability.csv,"Given пользователь имеет `System.Configure` и выполнены предусловия
When клиент отправляет `POST /api/v1/admin/jobs/{code}/run` с контрактным payload и headers
Then сервер возвращает успешный контрактный ответ
And клиент отображает только authoritative response"
AC-1127,MOD-019,FR-184,[STATE-008/STATE-009] Permission denied: Запустить разрешённый job не выполняется и данные не раскрываются,Critical,Security/authorization,OpenAPI `POST_api_v1_admin_jobs_code_run`; Stage_3_Field_Traceability.csv,"Given пользователь аутентифицирован, но не имеет `System.Configure` или требуемой relation
When клиент запрашивает `POST /api/v1/admin/jobs/{code}/run`
Then сервер возвращает 403/OBJECT_NOT_VISIBLE согласно контракту
And клиент не раскрывает скрытые данные и не применяет optimistic UI change"
AC-1128,MOD-019,FR-184,[STATE-032/STATE-033/STATE-034] Session/device interruption: операция прекращается без сохранения неподтверждённого состояния,Critical,Security/session,OpenAPI `POST_api_v1_admin_jobs_code_run`; Stage_3_Field_Traceability.csv,"Given access/refresh session или device больше не действительны
When клиент обращается к `POST /api/v1/admin/jobs/{code}/run`
Then сервер возвращает стабильную auth/session/device ошибку
And клиент прекращает команды, очищает запрещённые credentials/cache по политике и переводит пользователя в безопасный login/recovery flow"
AC-1129,MOD-019,FR-184,[STATE-014/STATE-025] Conflict/precondition: устаревшая или отсутствующая контрактная версия/precondition не приводит к overwrite,Critical,Concurrency/integration,OpenAPI `POST_api_v1_admin_jobs_code_run`; Stage_3_Field_Traceability.csv,"Given серверное состояние изменилось после загрузки клиентом
When клиент отправляет `POST /api/v1/admin/jobs/{code}/run` с устаревшей контрактная версия/precondition
Then сервер отклоняет команду без overwrite
And клиент сохраняет draft и предлагает refresh/compare/reapply или безопасный повтор"
AC-1130,MOD-019,FR-184,[STATE-010/STATE-011/STATE-012] Server unavailable/read-only: команда Запустить разрешённый job не ставится в offline queue,Critical,Desktop/resilience,OpenAPI `POST_api_v1_admin_jobs_code_run`; Stage_3_Field_Traceability.csv,"Given сервер недоступен или приложение находится в read-only cache mode
When пользователь пытается выполнить «Запустить разрешённый job»
Then команда не отправляется и не помещается в offline business queue
And UI сохраняет допустимый local draft или сообщает, что действие требует соединения"
AC-1131,MOD-019,FR-184,[STATE-020] Idempotency: повтор с тем же key/hash не создаёт двойной side effect,Critical,Integration,OpenAPI `POST_api_v1_admin_jobs_code_run`; Stage_3_Field_Traceability.csv,"Given первая команда `POST_api_v1_admin_jobs_code_run` уже принята с idempotency key и payload hash
When клиент безопасно повторяет тот же key и payload
Then сервер возвращает тот же бизнес-результат без второго side effect
And другой payload с тем же key отклоняется как IDEMPOTENCY_KEY_REUSED"
AC-1132,MOD-019,FR-185,Happy path: История job,High,Contract/integration,OpenAPI `GET_api_v1_admin_jobs_code_runs`; Stage_3_Field_Traceability.csv,
AC-1133,MOD-019,FR-185,[STATE-008/STATE-009] Permission denied: История job не выполняется и данные не раскрываются,Critical,Security/authorization,OpenAPI `GET_api_v1_admin_jobs_code_runs`; Stage_3_Field_Traceability.csv,"Given пользователь аутентифицирован, но не имеет `System.HealthRead` или требуемой relation
When клиент запрашивает `GET /api/v1/admin/jobs/{code}/runs`
Then сервер возвращает 403/OBJECT_NOT_VISIBLE согласно контракту
And клиент не раскрывает скрытые данные и не применяет optimistic UI change"
AC-1134,MOD-019,FR-185,[STATE-032/STATE-033/STATE-034] Session/device interruption: операция прекращается без сохранения неподтверждённого состояния,Critical,Security/session,OpenAPI `GET_api_v1_admin_jobs_code_runs`; Stage_3_Field_Traceability.csv,"Given access/refresh session или device больше не действительны
When клиент обращается к `GET /api/v1/admin/jobs/{code}/runs`
Then сервер возвращает стабильную auth/session/device ошибку
And клиент прекращает команды, очищает запрещённые credentials/cache по политике и переводит пользователя в безопасный login/recovery flow"
AC-1135,MOD-019,FR-186,Happy path: Включить/выключить maintenance mode,Critical,Contract/integration,OpenAPI `POST_api_v1_admin_maintenance_mode`; Stage_3_Field_Traceability.csv,"Given пользователь имеет `System.Configure` и выполнены предусловия
When клиент отправляет `POST /api/v1/admin/maintenance-mode` с контрактным payload и headers
Then сервер возвращает успешный контрактный ответ
And клиент отображает только authoritative response"
AC-1136,MOD-019,FR-186,[STATE-008/STATE-009] Permission denied: Включить/выключить maintenance mode не выполняется и данные не раскрываются,Critical,Security/authorization,OpenAPI `POST_api_v1_admin_maintenance_mode`; Stage_3_Field_Traceability.csv,"Given пользователь аутентифицирован, но не имеет `System.Configure` или требуемой relation
When клиент запрашивает `POST /api/v1/admin/maintenance-mode`
Then сервер возвращает 403/OBJECT_NOT_VISIBLE согласно контракту
And клиент не раскрывает скрытые данные и не применяет optimistic UI change"
AC-1137,MOD-019,FR-186,[STATE-032/STATE-033/STATE-034] Session/device interruption: операция прекращается без сохранения неподтверждённого состояния,Critical,Security/session,OpenAPI `POST_api_v1_admin_maintenance_mode`; Stage_3_Field_Traceability.csv,"Given access/refresh session или device больше не действительны
When клиент обращается к `POST /api/v1/admin/maintenance-mode`
Then сервер возвращает стабильную auth/session/device ошибку
And клиент прекращает команды, очищает запрещённые credentials/cache по политике и переводит пользователя в безопасный login/recovery flow"
AC-1138,MOD-019,FR-186,[STATE-014/STATE-025] Conflict/precondition: устаревшая или отсутствующая If-Match не приводит к overwrite,Critical,Concurrency/integration,OpenAPI `POST_api_v1_admin_maintenance_mode`; Stage_3_Field_Traceability.csv,"Given серверное состояние изменилось после загрузки клиентом
When клиент отправляет `POST /api/v1/admin/maintenance-mode` с устаревшей If-Match
Then сервер отклоняет команду без overwrite
And клиент сохраняет draft и предлагает refresh/compare/reapply или безопасный повтор"
AC-1139,MOD-019,FR-186,[STATE-010/STATE-011/STATE-012] Server unavailable/read-only: команда Включить/выключить maintenance mode не ставится в offline queue,Critical,Desktop/resilience,OpenAPI `POST_api_v1_admin_maintenance_mode`; Stage_3_Field_Traceability.csv,"Given сервер недоступен или приложение находится в read-only cache mode
When пользователь пытается выполнить «Включить/выключить maintenance mode»
Then команда не отправляется и не помещается в offline business queue
And UI сохраняет допустимый local draft или сообщает, что действие требует соединения"
AC-1140,MOD-019,FR-186,[STATE-020] Idempotency: повтор с тем же key/hash не создаёт двойной side effect,Critical,Integration,OpenAPI `POST_api_v1_admin_maintenance_mode`; Stage_3_Field_Traceability.csv,"Given первая команда `POST_api_v1_admin_maintenance_mode` уже принята с idempotency key и payload hash
When клиент безопасно повторяет тот же key и payload
Then сервер возвращает тот же бизнес-результат без второго side effect
And другой payload с тем же key отклоняется как IDEMPOTENCY_KEY_REUSED"
AC-1141,MOD-019,FR-187,Happy path: Запустить переиндексацию,Critical,Contract/integration,OpenAPI `POST_api_v1_admin_search_reindex`; Stage_3_Field_Traceability.csv,"Given пользователь имеет `System.Configure` и выполнены предусловия
When клиент отправляет `POST /api/v1/admin/search/reindex` с контрактным payload и headers
Then сервер возвращает успешный контрактный ответ
And клиент отображает только authoritative response"
AC-1142,MOD-019,FR-187,[STATE-008/STATE-009] Permission denied: Запустить переиндексацию не выполняется и данные не раскрываются,Critical,Security/authorization,OpenAPI `POST_api_v1_admin_search_reindex`; Stage_3_Field_Traceability.csv,"Given пользователь аутентифицирован, но не имеет `System.Configure` или требуемой relation
When клиент запрашивает `POST /api/v1/admin/search/reindex`
Then сервер возвращает 403/OBJECT_NOT_VISIBLE согласно контракту
And клиент не раскрывает скрытые данные и не применяет optimistic UI change"
AC-1143,MOD-019,FR-187,[STATE-032/STATE-033/STATE-034] Session/device interruption: операция прекращается без сохранения неподтверждённого состояния,Critical,Security/session,OpenAPI `POST_api_v1_admin_search_reindex`; Stage_3_Field_Traceability.csv,"Given access/refresh session или device больше не действительны
When клиент обращается к `POST /api/v1/admin/search/reindex`
Then сервер возвращает стабильную auth/session/device ошибку
And клиент прекращает команды, очищает запрещённые credentials/cache по политике и переводит пользователя в безопасный login/recovery flow"
AC-1144,MOD-019,FR-187,[STATE-014/STATE-025] Conflict/precondition: устаревшая или отсутствующая контрактная версия/precondition не приводит к overwrite,Critical,Concurrency/integration,OpenAPI `POST_api_v1_admin_search_reindex`; Stage_3_Field_Traceability.csv,"Given серверное состояние изменилось после загрузки клиентом
When клиент отправляет `POST /api/v1/admin/search/reindex` с устаревшей контрактная версия/precondition
Then сервер отклоняет команду без overwrite
And клиент сохраняет draft и предлагает refresh/compare/reapply или безопасный повтор"
AC-1145,MOD-019,FR-187,[STATE-010/STATE-011/STATE-012] Server unavailable/read-only: команда Запустить переиндексацию не ставится в offline queue,Critical,Desktop/resilience,OpenAPI `POST_api_v1_admin_search_reindex`; Stage_3_Field_Traceability.csv,"Given сервер недоступен или приложение находится в read-only cache mode
When пользователь пытается выполнить «Запустить переиндексацию»
Then команда не отправляется и не помещается в offline business queue
And UI сохраняет допустимый local draft или сообщает, что действие требует соединения"
AC-1146,MOD-019,FR-187,[STATE-020] Idempotency: повтор с тем же key/hash не создаёт двойной side effect,Critical,Integration,OpenAPI `POST_api_v1_admin_search_reindex`; Stage_3_Field_Traceability.csv,"Given первая команда `POST_api_v1_admin_search_reindex` уже принята с idempotency key и payload hash
When клиент безопасно повторяет тот же key и payload
Then сервер возвращает тот же бизнес-результат без второго side effect
And другой payload с тем же key отклоняется как IDEMPOTENCY_KEY_REUSED"
AC-1147,MOD-019,FR-188,Happy path: Административные capabilities,High,Contract/integration,OpenAPI `GET_api_v1_admin_server_capabilities`; Stage_3_Field_Traceability.csv,
AC-1148,MOD-019,FR-188,[STATE-008/STATE-009] Permission denied: Административные capabilities не выполняется и данные не раскрываются,Critical,Security/authorization,OpenAPI `GET_api_v1_admin_server_capabilities`; Stage_3_Field_Traceability.csv,"Given пользователь аутентифицирован, но не имеет `System.Configure` или требуемой relation
When клиент запрашивает `GET /api/v1/admin/server-capabilities`
Then сервер возвращает 403/OBJECT_NOT_VISIBLE согласно контракту
And клиент не раскрывает скрытые данные и не применяет optimistic UI change"
AC-1149,MOD-019,FR-188,[STATE-032/STATE-033/STATE-034] Session/device interruption: операция прекращается без сохранения неподтверждённого состояния,Critical,Security/session,OpenAPI `GET_api_v1_admin_server_capabilities`; Stage_3_Field_Traceability.csv,"Given access/refresh session или device больше не действительны
When клиент обращается к `GET /api/v1/admin/server-capabilities`
Then сервер возвращает стабильную auth/session/device ошибку
And клиент прекращает команды, очищает запрещённые credentials/cache по политике и переводит пользователя в безопасный login/recovery flow"
AC-1150,MOD-019,FR-189,Happy path: Использование диска БД/backup/log,High,Contract/integration,OpenAPI `GET_api_v1_admin_storage`; Stage_3_Field_Traceability.csv,
AC-1151,MOD-019,FR-189,[STATE-008/STATE-009] Permission denied: Использование диска БД/backup/log не выполняется и данные не раскрываются,Critical,Security/authorization,OpenAPI `GET_api_v1_admin_storage`; Stage_3_Field_Traceability.csv,"Given пользователь аутентифицирован, но не имеет `System.HealthRead` или требуемой relation
When клиент запрашивает `GET /api/v1/admin/storage`
Then сервер возвращает 403/OBJECT_NOT_VISIBLE согласно контракту
And клиент не раскрывает скрытые данные и не применяет optimistic UI change"
AC-1152,MOD-019,FR-189,[STATE-032/STATE-033/STATE-034] Session/device interruption: операция прекращается без сохранения неподтверждённого состояния,Critical,Security/session,OpenAPI `GET_api_v1_admin_storage`; Stage_3_Field_Traceability.csv,"Given access/refresh session или device больше не действительны
When клиент обращается к `GET /api/v1/admin/storage`
Then сервер возвращает стабильную auth/session/device ошибку
And клиент прекращает команды, очищает запрещённые credentials/cache по политике и переводит пользователя в безопасный login/recovery flow"
AC-1153,MOD-019,FR-190,Happy path: Список отдел,High,Contract/integration,OpenAPI `GET_api_v1_departments`; Stage_3_Field_Traceability.csv,
AC-1154,MOD-019,FR-190,[STATE-008/STATE-009] Permission denied: Список отдел не выполняется и данные не раскрываются,Critical,Security/authorization,OpenAPI `GET_api_v1_departments`; Stage_3_Field_Traceability.csv,"Given пользователь аутентифицирован, но не имеет `Department.Read` или требуемой relation
When клиент запрашивает `GET /api/v1/departments`
Then сервер возвращает 403/OBJECT_NOT_VISIBLE согласно контракту
And клиент не раскрывает скрытые данные и не применяет optimistic UI change"
AC-1155,MOD-019,FR-190,[STATE-032/STATE-033/STATE-034] Session/device interruption: операция прекращается без сохранения неподтверждённого состояния,Critical,Security/session,OpenAPI `GET_api_v1_departments`; Stage_3_Field_Traceability.csv,"Given access/refresh session или device больше не действительны
When клиент обращается к `GET /api/v1/departments`
Then сервер возвращает стабильную auth/session/device ошибку
And клиент прекращает команды, очищает запрещённые credentials/cache по политике и переводит пользователя в безопасный login/recovery flow"
AC-1156,MOD-019,FR-191,Happy path: Создать отдел,Critical,Contract/integration,OpenAPI `POST_api_v1_departments`; Stage_3_Field_Traceability.csv,"Given пользователь имеет `Department.Manage` и выполнены предусловия
When клиент отправляет `POST /api/v1/departments` с контрактным payload и headers
Then сервер возвращает успешный контрактный ответ
And клиент отображает только authoritative response"
AC-1157,MOD-019,FR-191,[STATE-008/STATE-009] Permission denied: Создать отдел не выполняется и данные не раскрываются,Critical,Security/authorization,OpenAPI `POST_api_v1_departments`; Stage_3_Field_Traceability.csv,"Given пользователь аутентифицирован, но не имеет `Department.Manage` или требуемой relation
When клиент запрашивает `POST /api/v1/departments`
Then сервер возвращает 403/OBJECT_NOT_VISIBLE согласно контракту
And клиент не раскрывает скрытые данные и не применяет optimistic UI change"
AC-1158,MOD-019,FR-191,[STATE-032/STATE-033/STATE-034] Session/device interruption: операция прекращается без сохранения неподтверждённого состояния,Critical,Security/session,OpenAPI `POST_api_v1_departments`; Stage_3_Field_Traceability.csv,"Given access/refresh session или device больше не действительны
When клиент обращается к `POST /api/v1/departments`
Then сервер возвращает стабильную auth/session/device ошибку
And клиент прекращает команды, очищает запрещённые credentials/cache по политике и переводит пользователя в безопасный login/recovery flow"
AC-1159,MOD-019,FR-191,[STATE-007] Validation: fieldErrors сохраняют draft и привязываются к canonical field path,High,Contract/UI,OpenAPI `POST_api_v1_departments`; Stage_3_Field_Traceability.csv,"Given пользователь заполнил payload для `POST_api_v1_departments` с нарушением DTO constraint
When сервер возвращает VALIDATION_FAILED с fieldErrors
Then draft сохраняется, ошибки связываются с canonical field paths и фокус переходит к первой ошибке"
AC-1160,MOD-019,FR-191,[STATE-014/STATE-025] Conflict/precondition: устаревшая или отсутствующая контрактная версия/precondition не приводит к overwrite,Critical,Concurrency/integration,OpenAPI `POST_api_v1_departments`; Stage_3_Field_Traceability.csv,"Given серверное состояние изменилось после загрузки клиентом
When клиент отправляет `POST /api/v1/departments` с устаревшей контрактная версия/precondition
Then сервер отклоняет команду без overwrite
And клиент сохраняет draft и предлагает refresh/compare/reapply или безопасный повтор"
AC-1161,MOD-019,FR-191,[STATE-010/STATE-011/STATE-012] Server unavailable/read-only: команда Создать отдел не ставится в offline queue,Critical,Desktop/resilience,OpenAPI `POST_api_v1_departments`; Stage_3_Field_Traceability.csv,"Given сервер недоступен или приложение находится в read-only cache mode
When пользователь пытается выполнить «Создать отдел»
Then команда не отправляется и не помещается в offline business queue
And UI сохраняет допустимый local draft или сообщает, что действие требует соединения"
AC-1162,MOD-019,FR-191,[STATE-020] Idempotency: повтор с тем же key/hash не создаёт двойной side effect,Critical,Integration,OpenAPI `POST_api_v1_departments`; Stage_3_Field_Traceability.csv,"Given первая команда `POST_api_v1_departments` уже принята с idempotency key и payload hash
When клиент безопасно повторяет тот же key и payload
Then сервер возвращает тот же бизнес-результат без второго side effect
And другой payload с тем же key отклоняется как IDEMPOTENCY_KEY_REUSED"
AC-1163,MOD-019,FR-192,Happy path: Дерево отделов,High,Contract/integration,OpenAPI `GET_api_v1_departments_tree`; Stage_3_Field_Traceability.csv,
AC-1164,MOD-019,FR-192,[STATE-008/STATE-009] Permission denied: Дерево отделов не выполняется и данные не раскрываются,Critical,Security/authorization,OpenAPI `GET_api_v1_departments_tree`; Stage_3_Field_Traceability.csv,"Given пользователь аутентифицирован, но не имеет `Department.Read` или требуемой relation
When клиент запрашивает `GET /api/v1/departments/tree`
Then сервер возвращает 403/OBJECT_NOT_VISIBLE согласно контракту
And клиент не раскрывает скрытые данные и не применяет optimistic UI change"
AC-1165,MOD-019,FR-192,[STATE-032/STATE-033/STATE-034] Session/device interruption: операция прекращается без сохранения неподтверждённого состояния,Critical,Security/session,OpenAPI `GET_api_v1_departments_tree`; Stage_3_Field_Traceability.csv,"Given access/refresh session или device больше не действительны
When клиент обращается к `GET /api/v1/departments/tree`
Then сервер возвращает стабильную auth/session/device ошибку
And клиент прекращает команды, очищает запрещённые credentials/cache по политике и переводит пользователя в безопасный login/recovery flow"
AC-1166,MOD-019,FR-193,Happy path: Переместить отдел в корзину,Critical,Contract/integration,OpenAPI `DELETE_api_v1_departments_id`; Stage_3_Field_Traceability.csv,"Given пользователь имеет `Department.Manage` и выполнены предусловия
When клиент отправляет `DELETE /api/v1/departments/{id}` с контрактным payload и headers
Then сервер возвращает успешный контрактный ответ
And клиент отображает только authoritative response"
AC-1167,MOD-019,FR-193,[STATE-008/STATE-009] Permission denied: Переместить отдел в корзину не выполняется и данные не раскрываются,Critical,Security/authorization,OpenAPI `DELETE_api_v1_departments_id`; Stage_3_Field_Traceability.csv,"Given пользователь аутентифицирован, но не имеет `Department.Manage` или требуемой relation
When клиент запрашивает `DELETE /api/v1/departments/{id}`
Then сервер возвращает 403/OBJECT_NOT_VISIBLE согласно контракту
And клиент не раскрывает скрытые данные и не применяет optimistic UI change"
AC-1168,MOD-019,FR-193,[STATE-032/STATE-033/STATE-034] Session/device interruption: операция прекращается без сохранения неподтверждённого состояния,Critical,Security/session,OpenAPI `DELETE_api_v1_departments_id`; Stage_3_Field_Traceability.csv,"Given access/refresh session или device больше не действительны
When клиент обращается к `DELETE /api/v1/departments/{id}`
Then сервер возвращает стабильную auth/session/device ошибку
And клиент прекращает команды, очищает запрещённые credentials/cache по политике и переводит пользователя в безопасный login/recovery flow"
AC-1169,MOD-019,FR-193,[STATE-014/STATE-025] Conflict/precondition: устаревшая или отсутствующая If-Match не приводит к overwrite,Critical,Concurrency/integration,OpenAPI `DELETE_api_v1_departments_id`; Stage_3_Field_Traceability.csv,"Given серверное состояние изменилось после загрузки клиентом
When клиент отправляет `DELETE /api/v1/departments/{id}` с устаревшей If-Match
Then сервер отклоняет команду без overwrite
And клиент сохраняет draft и предлагает refresh/compare/reapply или безопасный повтор"
AC-1170,MOD-019,FR-193,[STATE-010/STATE-011/STATE-012] Server unavailable/read-only: команда Переместить отдел в корзину не ставится в offline queue,Critical,Desktop/resilience,OpenAPI `DELETE_api_v1_departments_id`; Stage_3_Field_Traceability.csv,"Given сервер недоступен или приложение находится в read-only cache mode
When пользователь пытается выполнить «Переместить отдел в корзину»
Then команда не отправляется и не помещается в offline business queue
And UI сохраняет допустимый local draft или сообщает, что действие требует соединения"
AC-1171,MOD-019,FR-194,Happy path: Получить отдел,High,Contract/integration,OpenAPI `GET_api_v1_departments_id`; Stage_3_Field_Traceability.csv,
AC-1172,MOD-019,FR-194,[STATE-008/STATE-009] Permission denied: Получить отдел не выполняется и данные не раскрываются,Critical,Security/authorization,OpenAPI `GET_api_v1_departments_id`; Stage_3_Field_Traceability.csv,"Given пользователь аутентифицирован, но не имеет `Department.Read` или требуемой relation
When клиент запрашивает `GET /api/v1/departments/{id}`
Then сервер возвращает 403/OBJECT_NOT_VISIBLE согласно контракту
And клиент не раскрывает скрытые данные и не применяет optimistic UI change"
AC-1173,MOD-019,FR-194,[STATE-032/STATE-033/STATE-034] Session/device interruption: операция прекращается без сохранения неподтверждённого состояния,Critical,Security/session,OpenAPI `GET_api_v1_departments_id`; Stage_3_Field_Traceability.csv,"Given access/refresh session или device больше не действительны
When клиент обращается к `GET /api/v1/departments/{id}`
Then сервер возвращает стабильную auth/session/device ошибку
And клиент прекращает команды, очищает запрещённые credentials/cache по политике и переводит пользователя в безопасный login/recovery flow"
AC-1174,MOD-019,FR-195,Happy path: Изменить отдел,Critical,Contract/integration,OpenAPI `PATCH_api_v1_departments_id`; Stage_3_Field_Traceability.csv,"Given пользователь имеет `Department.Manage` и выполнены предусловия
When клиент отправляет `PATCH /api/v1/departments/{id}` с контрактным payload и headers
Then сервер возвращает успешный контрактный ответ
And клиент отображает только authoritative response"
AC-1175,MOD-019,FR-195,[STATE-008/STATE-009] Permission denied: Изменить отдел не выполняется и данные не раскрываются,Critical,Security/authorization,OpenAPI `PATCH_api_v1_departments_id`; Stage_3_Field_Traceability.csv,"Given пользователь аутентифицирован, но не имеет `Department.Manage` или требуемой relation
When клиент запрашивает `PATCH /api/v1/departments/{id}`
Then сервер возвращает 403/OBJECT_NOT_VISIBLE согласно контракту
And клиент не раскрывает скрытые данные и не применяет optimistic UI change"
AC-1176,MOD-019,FR-195,[STATE-032/STATE-033/STATE-034] Session/device interruption: операция прекращается без сохранения неподтверждённого состояния,Critical,Security/session,OpenAPI `PATCH_api_v1_departments_id`; Stage_3_Field_Traceability.csv,"Given access/refresh session или device больше не действительны
When клиент обращается к `PATCH /api/v1/departments/{id}`
Then сервер возвращает стабильную auth/session/device ошибку
And клиент прекращает команды, очищает запрещённые credentials/cache по политике и переводит пользователя в безопасный login/recovery flow"
AC-1177,MOD-019,FR-195,[STATE-007] Validation: fieldErrors сохраняют draft и привязываются к canonical field path,High,Contract/UI,OpenAPI `PATCH_api_v1_departments_id`; Stage_3_Field_Traceability.csv,"Given пользователь заполнил payload для `PATCH_api_v1_departments_id` с нарушением DTO constraint
When сервер возвращает VALIDATION_FAILED с fieldErrors
Then draft сохраняется, ошибки связываются с canonical field paths и фокус переходит к первой ошибке"
AC-1178,MOD-019,FR-195,[STATE-014/STATE-025] Conflict/precondition: устаревшая или отсутствующая If-Match не приводит к overwrite,Critical,Concurrency/integration,OpenAPI `PATCH_api_v1_departments_id`; Stage_3_Field_Traceability.csv,"Given серверное состояние изменилось после загрузки клиентом
When клиент отправляет `PATCH /api/v1/departments/{id}` с устаревшей If-Match
Then сервер отклоняет команду без overwrite
And клиент сохраняет draft и предлагает refresh/compare/reapply или безопасный повтор"
AC-1179,MOD-019,FR-195,[STATE-010/STATE-011/STATE-012] Server unavailable/read-only: команда Изменить отдел не ставится в offline queue,Critical,Desktop/resilience,OpenAPI `PATCH_api_v1_departments_id`; Stage_3_Field_Traceability.csv,"Given сервер недоступен или приложение находится в read-only cache mode
When пользователь пытается выполнить «Изменить отдел»
Then команда не отправляется и не помещается в offline business queue
And UI сохраняет допустимый local draft или сообщает, что действие требует соединения"
AC-1180,MOD-019,FR-196,[STATE-017] Happy path: Архивировать отдел,Critical,Contract/integration,OpenAPI `POST_api_v1_departments_id_archive`; Stage_3_Field_Traceability.csv,"Given пользователь имеет `Department.Manage` и выполнены предусловия
When клиент отправляет `POST /api/v1/departments/{id}/archive` с контрактным payload и headers
Then сервер возвращает успешный контрактный ответ
And клиент отображает только authoritative response"
AC-1181,MOD-019,FR-196,[STATE-008/STATE-009/STATE-017] Permission denied: Архивировать отдел не выполняется и данные не раскрываются,Critical,Security/authorization,OpenAPI `POST_api_v1_departments_id_archive`; Stage_3_Field_Traceability.csv,"Given пользователь аутентифицирован, но не имеет `Department.Manage` или требуемой relation
When клиент запрашивает `POST /api/v1/departments/{id}/archive`
Then сервер возвращает 403/OBJECT_NOT_VISIBLE согласно контракту
And клиент не раскрывает скрытые данные и не применяет optimistic UI change"
AC-1182,MOD-019,FR-196,[STATE-017/STATE-032/STATE-033/STATE-034] Session/device interruption: операция прекращается без сохранения неподтверждённого состояния,Critical,Security/session,OpenAPI `POST_api_v1_departments_id_archive`; Stage_3_Field_Traceability.csv,"Given access/refresh session или device больше не действительны
When клиент обращается к `POST /api/v1/departments/{id}/archive`
Then сервер возвращает стабильную auth/session/device ошибку
And клиент прекращает команды, очищает запрещённые credentials/cache по политике и переводит пользователя в безопасный login/recovery flow"
AC-1183,MOD-019,FR-196,[STATE-007/STATE-017] Validation: fieldErrors сохраняют draft и привязываются к canonical field path,High,Contract/UI,OpenAPI `POST_api_v1_departments_id_archive`; Stage_3_Field_Traceability.csv,"Given пользователь заполнил payload для `POST_api_v1_departments_id_archive` с нарушением DTO constraint
When сервер возвращает VALIDATION_FAILED с fieldErrors
Then draft сохраняется, ошибки связываются с canonical field paths и фокус переходит к первой ошибке"
AC-1184,MOD-019,FR-196,[STATE-014/STATE-017/STATE-025] Conflict/precondition: устаревшая или отсутствующая If-Match не приводит к overwrite,Critical,Concurrency/integration,OpenAPI `POST_api_v1_departments_id_archive`; Stage_3_Field_Traceability.csv,"Given серверное состояние изменилось после загрузки клиентом
When клиент отправляет `POST /api/v1/departments/{id}/archive` с устаревшей If-Match
Then сервер отклоняет команду без overwrite
And клиент сохраняет draft и предлагает refresh/compare/reapply или безопасный повтор"
AC-1185,MOD-019,FR-196,[STATE-010/STATE-011/STATE-012] Server unavailable/read-only: команда Архивировать отдел не ставится в offline queue,Critical,Desktop/resilience,OpenAPI `POST_api_v1_departments_id_archive`; Stage_3_Field_Traceability.csv,"Given сервер недоступен или приложение находится в read-only cache mode
When пользователь пытается выполнить «Архивировать отдел»
Then команда не отправляется и не помещается в offline business queue
And UI сохраняет допустимый local draft или сообщает, что действие требует соединения"
AC-1186,MOD-019,FR-196,[STATE-017/STATE-020] Idempotency: повтор с тем же key/hash не создаёт двойной side effect,Critical,Integration,OpenAPI `POST_api_v1_departments_id_archive`; Stage_3_Field_Traceability.csv,"Given первая команда `POST_api_v1_departments_id_archive` уже принята с idempotency key и payload hash
When клиент безопасно повторяет тот же key и payload
Then сервер возвращает тот же бизнес-результат без второго side effect
And другой payload с тем же key отклоняется как IDEMPOTENCY_KEY_REUSED"
AC-1187,MOD-019,FR-197,Happy path: Заменить список руководителей отдела,Critical,Contract/integration,OpenAPI `PUT_api_v1_departments_id_managers`; Stage_3_Field_Traceability.csv,"Given пользователь имеет `Department.Manage` и выполнены предусловия
When клиент отправляет `PUT /api/v1/departments/{id}/managers` с контрактным payload и headers
Then сервер возвращает успешный контрактный ответ
And клиент отображает только authoritative response"
AC-1188,MOD-019,FR-197,[STATE-008/STATE-009] Permission denied: Заменить список руководителей отдела не выполняется и данные не раскрываются,Critical,Security/authorization,OpenAPI `PUT_api_v1_departments_id_managers`; Stage_3_Field_Traceability.csv,"Given пользователь аутентифицирован, но не имеет `Department.Manage` или требуемой relation
When клиент запрашивает `PUT /api/v1/departments/{id}/managers`
Then сервер возвращает 403/OBJECT_NOT_VISIBLE согласно контракту
And клиент не раскрывает скрытые данные и не применяет optimistic UI change"
AC-1189,MOD-019,FR-197,[STATE-032/STATE-033/STATE-034] Session/device interruption: операция прекращается без сохранения неподтверждённого состояния,Critical,Security/session,OpenAPI `PUT_api_v1_departments_id_managers`; Stage_3_Field_Traceability.csv,"Given access/refresh session или device больше не действительны
When клиент обращается к `PUT /api/v1/departments/{id}/managers`
Then сервер возвращает стабильную auth/session/device ошибку
And клиент прекращает команды, очищает запрещённые credentials/cache по политике и переводит пользователя в безопасный login/recovery flow"
AC-1190,MOD-019,FR-197,[STATE-007] Validation: fieldErrors сохраняют draft и привязываются к canonical field path,High,Contract/UI,OpenAPI `PUT_api_v1_departments_id_managers`; Stage_3_Field_Traceability.csv,"Given пользователь заполнил payload для `PUT_api_v1_departments_id_managers` с нарушением DTO constraint
When сервер возвращает VALIDATION_FAILED с fieldErrors
Then draft сохраняется, ошибки связываются с canonical field paths и фокус переходит к первой ошибке"
AC-1191,MOD-019,FR-197,[STATE-014/STATE-025] Conflict/precondition: устаревшая или отсутствующая If-Match не приводит к overwrite,Critical,Concurrency/integration,OpenAPI `PUT_api_v1_departments_id_managers`; Stage_3_Field_Traceability.csv,"Given серверное состояние изменилось после загрузки клиентом
When клиент отправляет `PUT /api/v1/departments/{id}/managers` с устаревшей If-Match
Then сервер отклоняет команду без overwrite
And клиент сохраняет draft и предлагает refresh/compare/reapply или безопасный повтор"
AC-1192,MOD-019,FR-197,[STATE-010/STATE-011/STATE-012] Server unavailable/read-only: команда Заменить список руководителей отдела не ставится в offline queue,Critical,Desktop/resilience,OpenAPI `PUT_api_v1_departments_id_managers`; Stage_3_Field_Traceability.csv,"Given сервер недоступен или приложение находится в read-only cache mode
When пользователь пытается выполнить «Заменить список руководителей отдела»
Then команда не отправляется и не помещается в offline business queue
And UI сохраняет допустимый local draft или сообщает, что действие требует соединения"
AC-1193,MOD-019,FR-197,[STATE-020] Idempotency: повтор с тем же key/hash не создаёт двойной side effect,Critical,Integration,OpenAPI `PUT_api_v1_departments_id_managers`; Stage_3_Field_Traceability.csv,"Given первая команда `PUT_api_v1_departments_id_managers` уже принята с idempotency key и payload hash
When клиент безопасно повторяет тот же key и payload
Then сервер возвращает тот же бизнес-результат без второго side effect
And другой payload с тем же key отклоняется как IDEMPOTENCY_KEY_REUSED"
AC-1194,MOD-019,FR-198,[STATE-018] Happy path: Восстановить отдел,Critical,Contract/integration,OpenAPI `POST_api_v1_departments_id_restore`; Stage_3_Field_Traceability.csv,"Given пользователь имеет `Department.Manage` и выполнены предусловия
When клиент отправляет `POST /api/v1/departments/{id}/restore` с контрактным payload и headers
Then сервер возвращает успешный контрактный ответ
And клиент отображает только authoritative response"
AC-1195,MOD-019,FR-198,[STATE-008/STATE-009/STATE-018] Permission denied: Восстановить отдел не выполняется и данные не раскрываются,Critical,Security/authorization,OpenAPI `POST_api_v1_departments_id_restore`; Stage_3_Field_Traceability.csv,"Given пользователь аутентифицирован, но не имеет `Department.Manage` или требуемой relation
When клиент запрашивает `POST /api/v1/departments/{id}/restore`
Then сервер возвращает 403/OBJECT_NOT_VISIBLE согласно контракту
And клиент не раскрывает скрытые данные и не применяет optimistic UI change"
AC-1196,MOD-019,FR-198,[STATE-018/STATE-032/STATE-033/STATE-034] Session/device interruption: операция прекращается без сохранения неподтверждённого состояния,Critical,Security/session,OpenAPI `POST_api_v1_departments_id_restore`; Stage_3_Field_Traceability.csv,"Given access/refresh session или device больше не действительны
When клиент обращается к `POST /api/v1/departments/{id}/restore`
Then сервер возвращает стабильную auth/session/device ошибку
And клиент прекращает команды, очищает запрещённые credentials/cache по политике и переводит пользователя в безопасный login/recovery flow"
AC-1197,MOD-019,FR-198,[STATE-007/STATE-018] Validation: fieldErrors сохраняют draft и привязываются к canonical field path,High,Contract/UI,OpenAPI `POST_api_v1_departments_id_restore`; Stage_3_Field_Traceability.csv,"Given пользователь заполнил payload для `POST_api_v1_departments_id_restore` с нарушением DTO constraint
When сервер возвращает VALIDATION_FAILED с fieldErrors
Then draft сохраняется, ошибки связываются с canonical field paths и фокус переходит к первой ошибке"
AC-1198,MOD-019,FR-198,[STATE-014/STATE-018/STATE-025] Conflict/precondition: устаревшая или отсутствующая If-Match не приводит к overwrite,Critical,Concurrency/integration,OpenAPI `POST_api_v1_departments_id_restore`; Stage_3_Field_Traceability.csv,"Given серверное состояние изменилось после загрузки клиентом
When клиент отправляет `POST /api/v1/departments/{id}/restore` с устаревшей If-Match
Then сервер отклоняет команду без overwrite
And клиент сохраняет draft и предлагает refresh/compare/reapply или безопасный повтор"
AC-1199,MOD-019,FR-198,[STATE-010/STATE-011/STATE-012] Server unavailable/read-only: команда Восстановить отдел не ставится в offline queue,Critical,Desktop/resilience,OpenAPI `POST_api_v1_departments_id_restore`; Stage_3_Field_Traceability.csv,"Given сервер недоступен или приложение находится в read-only cache mode
When пользователь пытается выполнить «Восстановить отдел»
Then команда не отправляется и не помещается в offline business queue
And UI сохраняет допустимый local draft или сообщает, что действие требует соединения"
AC-1200,MOD-019,FR-198,[STATE-018/STATE-020] Idempotency: повтор с тем же key/hash не создаёт двойной side effect,Critical,Integration,OpenAPI `POST_api_v1_departments_id_restore`; Stage_3_Field_Traceability.csv,"Given первая команда `POST_api_v1_departments_id_restore` уже принята с idempotency key и payload hash
When клиент безопасно повторяет тот же key и payload
Then сервер возвращает тот же бизнес-результат без второго side effect
And другой payload с тем же key отклоняется как IDEMPOTENCY_KEY_REUSED"
AC-1201,MOD-019,FR-199,[STATE-017] Happy path: Вернуть отдел из архива,Critical,Contract/integration,OpenAPI `POST_api_v1_departments_id_unarchive`; Stage_3_Field_Traceability.csv,"Given пользователь имеет `Department.Manage` и выполнены предусловия
When клиент отправляет `POST /api/v1/departments/{id}/unarchive` с контрактным payload и headers
Then сервер возвращает успешный контрактный ответ
And клиент отображает только authoritative response"
AC-1202,MOD-019,FR-199,[STATE-008/STATE-009/STATE-017] Permission denied: Вернуть отдел из архива не выполняется и данные не раскрываются,Critical,Security/authorization,OpenAPI `POST_api_v1_departments_id_unarchive`; Stage_3_Field_Traceability.csv,"Given пользователь аутентифицирован, но не имеет `Department.Manage` или требуемой relation
When клиент запрашивает `POST /api/v1/departments/{id}/unarchive`
Then сервер возвращает 403/OBJECT_NOT_VISIBLE согласно контракту
And клиент не раскрывает скрытые данные и не применяет optimistic UI change"
AC-1203,MOD-019,FR-199,[STATE-017/STATE-032/STATE-033/STATE-034] Session/device interruption: операция прекращается без сохранения неподтверждённого состояния,Critical,Security/session,OpenAPI `POST_api_v1_departments_id_unarchive`; Stage_3_Field_Traceability.csv,"Given access/refresh session или device больше не действительны
When клиент обращается к `POST /api/v1/departments/{id}/unarchive`
Then сервер возвращает стабильную auth/session/device ошибку
And клиент прекращает команды, очищает запрещённые credentials/cache по политике и переводит пользователя в безопасный login/recovery flow"
AC-1204,MOD-019,FR-199,[STATE-014/STATE-017/STATE-025] Conflict/precondition: устаревшая или отсутствующая If-Match не приводит к overwrite,Critical,Concurrency/integration,OpenAPI `POST_api_v1_departments_id_unarchive`; Stage_3_Field_Traceability.csv,"Given серверное состояние изменилось после загрузки клиентом
When клиент отправляет `POST /api/v1/departments/{id}/unarchive` с устаревшей If-Match
Then сервер отклоняет команду без overwrite
And клиент сохраняет draft и предлагает refresh/compare/reapply или безопасный повтор"
AC-1205,MOD-019,FR-199,[STATE-010/STATE-011/STATE-012] Server unavailable/read-only: команда Вернуть отдел из архива не ставится в offline queue,Critical,Desktop/resilience,OpenAPI `POST_api_v1_departments_id_unarchive`; Stage_3_Field_Traceability.csv,"Given сервер недоступен или приложение находится в read-only cache mode
When пользователь пытается выполнить «Вернуть отдел из архива»
Then команда не отправляется и не помещается в offline business queue
And UI сохраняет допустимый local draft или сообщает, что действие требует соединения"
AC-1206,MOD-019,FR-200,Happy path: Список устройство,High,Contract/integration,OpenAPI `GET_api_v1_devices`; Stage_3_Field_Traceability.csv,
AC-1207,MOD-019,FR-200,[STATE-008/STATE-009] Permission denied: Список устройство не выполняется и данные не раскрываются,Critical,Security/authorization,OpenAPI `GET_api_v1_devices`; Stage_3_Field_Traceability.csv,"Given пользователь аутентифицирован, но не имеет `Device.ReadOwnOrAll` или требуемой relation
When клиент запрашивает `GET /api/v1/devices`
Then сервер возвращает 403/OBJECT_NOT_VISIBLE согласно контракту
And клиент не раскрывает скрытые данные и не применяет optimistic UI change"
AC-1208,MOD-019,FR-200,[STATE-032/STATE-033/STATE-034] Session/device interruption: операция прекращается без сохранения неподтверждённого состояния,Critical,Security/session,OpenAPI `GET_api_v1_devices`; Stage_3_Field_Traceability.csv,"Given access/refresh session или device больше не действительны
When клиент обращается к `GET /api/v1/devices`
Then сервер возвращает стабильную auth/session/device ошибку
And клиент прекращает команды, очищает запрещённые credentials/cache по политике и переводит пользователя в безопасный login/recovery flow"
AC-1209,MOD-019,FR-201,Happy path: Получить устройство,High,Contract/integration,OpenAPI `GET_api_v1_devices_id`; Stage_3_Field_Traceability.csv,
AC-1210,MOD-019,FR-201,[STATE-008/STATE-009] Permission denied: Получить устройство не выполняется и данные не раскрываются,Critical,Security/authorization,OpenAPI `GET_api_v1_devices_id`; Stage_3_Field_Traceability.csv,"Given пользователь аутентифицирован, но не имеет `Device.ReadOwnOrAll` или требуемой relation
When клиент запрашивает `GET /api/v1/devices/{id}`
Then сервер возвращает 403/OBJECT_NOT_VISIBLE согласно контракту
And клиент не раскрывает скрытые данные и не применяет optimistic UI change"
AC-1211,MOD-019,FR-201,[STATE-032/STATE-033/STATE-034] Session/device interruption: операция прекращается без сохранения неподтверждённого состояния,Critical,Security/session,OpenAPI `GET_api_v1_devices_id`; Stage_3_Field_Traceability.csv,"Given access/refresh session или device больше не действительны
When клиент обращается к `GET /api/v1/devices/{id}`
Then сервер возвращает стабильную auth/session/device ошибку
And клиент прекращает команды, очищает запрещённые credentials/cache по политике и переводит пользователя в безопасный login/recovery flow"
AC-1212,MOD-019,FR-202,Happy path: Изменить устройство,Critical,Contract/integration,OpenAPI `PATCH_api_v1_devices_id`; Stage_3_Field_Traceability.csv,"Given пользователь имеет `Device.UpdateOwnOrAll` и выполнены предусловия
When клиент отправляет `PATCH /api/v1/devices/{id}` с контрактным payload и headers
Then сервер возвращает успешный контрактный ответ
And клиент отображает только authoritative response"
AC-1213,MOD-019,FR-202,[STATE-008/STATE-009] Permission denied: Изменить устройство не выполняется и данные не раскрываются,Critical,Security/authorization,OpenAPI `PATCH_api_v1_devices_id`; Stage_3_Field_Traceability.csv,"Given пользователь аутентифицирован, но не имеет `Device.UpdateOwnOrAll` или требуемой relation
When клиент запрашивает `PATCH /api/v1/devices/{id}`
Then сервер возвращает 403/OBJECT_NOT_VISIBLE согласно контракту
And клиент не раскрывает скрытые данные и не применяет optimistic UI change"
AC-1214,MOD-019,FR-202,[STATE-032/STATE-033/STATE-034] Session/device interruption: операция прекращается без сохранения неподтверждённого состояния,Critical,Security/session,OpenAPI `PATCH_api_v1_devices_id`; Stage_3_Field_Traceability.csv,"Given access/refresh session или device больше не действительны
When клиент обращается к `PATCH /api/v1/devices/{id}`
Then сервер возвращает стабильную auth/session/device ошибку
And клиент прекращает команды, очищает запрещённые credentials/cache по политике и переводит пользователя в безопасный login/recovery flow"
AC-1215,MOD-019,FR-202,[STATE-007] Validation: fieldErrors сохраняют draft и привязываются к canonical field path,High,Contract/UI,OpenAPI `PATCH_api_v1_devices_id`; Stage_3_Field_Traceability.csv,"Given пользователь заполнил payload для `PATCH_api_v1_devices_id` с нарушением DTO constraint
When сервер возвращает VALIDATION_FAILED с fieldErrors
Then draft сохраняется, ошибки связываются с canonical field paths и фокус переходит к первой ошибке"
AC-1216,MOD-019,FR-202,[STATE-014/STATE-025] Conflict/precondition: устаревшая или отсутствующая If-Match не приводит к overwrite,Critical,Concurrency/integration,OpenAPI `PATCH_api_v1_devices_id`; Stage_3_Field_Traceability.csv,"Given серверное состояние изменилось после загрузки клиентом
When клиент отправляет `PATCH /api/v1/devices/{id}` с устаревшей If-Match
Then сервер отклоняет команду без overwrite
And клиент сохраняет draft и предлагает refresh/compare/reapply или безопасный повтор"
AC-1217,MOD-019,FR-202,[STATE-010/STATE-011/STATE-012] Server unavailable/read-only: команда Изменить устройство не ставится в offline queue,Critical,Desktop/resilience,OpenAPI `PATCH_api_v1_devices_id`; Stage_3_Field_Traceability.csv,"Given сервер недоступен или приложение находится в read-only cache mode
When пользователь пытается выполнить «Изменить устройство»
Then команда не отправляется и не помещается в offline business queue
And UI сохраняет допустимый local draft или сообщает, что действие требует соединения"
AC-1218,MOD-019,FR-203,Happy path: Обновить last_seen и версию клиента,Critical,Contract/integration,OpenAPI `POST_api_v1_devices_id_heartbeat`; Stage_3_Field_Traceability.csv,"Given пользователь имеет `Authenticated` и выполнены предусловия
When клиент отправляет `POST /api/v1/devices/{id}/heartbeat` с контрактным payload и headers
Then сервер возвращает успешный контрактный ответ
And клиент отображает только authoritative response"
AC-1219,MOD-019,FR-203,[STATE-032/STATE-033/STATE-034] Session/device interruption: операция прекращается без сохранения неподтверждённого состояния,Critical,Security/session,OpenAPI `POST_api_v1_devices_id_heartbeat`; Stage_3_Field_Traceability.csv,"Given access/refresh session или device больше не действительны
When клиент обращается к `POST /api/v1/devices/{id}/heartbeat`
Then сервер возвращает стабильную auth/session/device ошибку
And клиент прекращает команды, очищает запрещённые credentials/cache по политике и переводит пользователя в безопасный login/recovery flow"
AC-1220,MOD-019,FR-203,[STATE-010/STATE-011/STATE-012] Server unavailable/read-only: команда Обновить last_seen и версию клиента не ставится в offline queue,Critical,Desktop/resilience,OpenAPI `POST_api_v1_devices_id_heartbeat`; Stage_3_Field_Traceability.csv,"Given сервер недоступен или приложение находится в read-only cache mode
When пользователь пытается выполнить «Обновить last_seen и версию клиента»
Then команда не отправляется и не помещается в offline business queue
And UI сохраняет допустимый local draft или сообщает, что действие требует соединения"
AC-1221,MOD-019,FR-204,Happy path: Отозвать устройство,Critical,Contract/integration,OpenAPI `POST_api_v1_devices_id_revoke`; Stage_3_Field_Traceability.csv,"Given пользователь имеет `Device.Revoke` и выполнены предусловия
When клиент отправляет `POST /api/v1/devices/{id}/revoke` с контрактным payload и headers
Then сервер возвращает успешный контрактный ответ
And клиент отображает только authoritative response"
AC-1222,MOD-019,FR-204,[STATE-008/STATE-009] Permission denied: Отозвать устройство не выполняется и данные не раскрываются,Critical,Security/authorization,OpenAPI `POST_api_v1_devices_id_revoke`; Stage_3_Field_Traceability.csv,"Given пользователь аутентифицирован, но не имеет `Device.Revoke` или требуемой relation
When клиент запрашивает `POST /api/v1/devices/{id}/revoke`
Then сервер возвращает 403/OBJECT_NOT_VISIBLE согласно контракту
And клиент не раскрывает скрытые данные и не применяет optimistic UI change"
AC-1223,MOD-019,FR-204,[STATE-032/STATE-033/STATE-034] Session/device interruption: операция прекращается без сохранения неподтверждённого состояния,Critical,Security/session,OpenAPI `POST_api_v1_devices_id_revoke`; Stage_3_Field_Traceability.csv,"Given access/refresh session или device больше не действительны
When клиент обращается к `POST /api/v1/devices/{id}/revoke`
Then сервер возвращает стабильную auth/session/device ошибку
And клиент прекращает команды, очищает запрещённые credentials/cache по политике и переводит пользователя в безопасный login/recovery flow"
AC-1224,MOD-019,FR-204,[STATE-014/STATE-025] Conflict/precondition: устаревшая или отсутствующая If-Match не приводит к overwrite,Critical,Concurrency/integration,OpenAPI `POST_api_v1_devices_id_revoke`; Stage_3_Field_Traceability.csv,"Given серверное состояние изменилось после загрузки клиентом
When клиент отправляет `POST /api/v1/devices/{id}/revoke` с устаревшей If-Match
Then сервер отклоняет команду без overwrite
And клиент сохраняет draft и предлагает refresh/compare/reapply или безопасный повтор"
AC-1225,MOD-019,FR-204,[STATE-010/STATE-011/STATE-012] Server unavailable/read-only: команда Отозвать устройство не ставится в offline queue,Critical,Desktop/resilience,OpenAPI `POST_api_v1_devices_id_revoke`; Stage_3_Field_Traceability.csv,"Given сервер недоступен или приложение находится в read-only cache mode
When пользователь пытается выполнить «Отозвать устройство»
Then команда не отправляется и не помещается в offline business queue
And UI сохраняет допустимый local draft или сообщает, что действие требует соединения"
AC-1226,MOD-019,FR-204,[STATE-020] Idempotency: повтор с тем же key/hash не создаёт двойной side effect,Critical,Integration,OpenAPI `POST_api_v1_devices_id_revoke`; Stage_3_Field_Traceability.csv,"Given первая команда `POST_api_v1_devices_id_revoke` уже принята с idempotency key и payload hash
When клиент безопасно повторяет тот же key и payload
Then сервер возвращает тот же бизнес-результат без второго side effect
And другой payload с тем же key отклоняется как IDEMPOTENCY_KEY_REUSED"
AC-1227,MOD-019,FR-205,Happy path: Сетевые ресурсы,High,Contract/integration,OpenAPI `GET_api_v1_network_resources`; Stage_3_Field_Traceability.csv,
AC-1228,MOD-019,FR-205,[STATE-008/STATE-009] Permission denied: Сетевые ресурсы не выполняется и данные не раскрываются,Critical,Security/authorization,OpenAPI `GET_api_v1_network_resources`; Stage_3_Field_Traceability.csv,"Given пользователь аутентифицирован, но не имеет `FileCatalog.Read` или требуемой relation
When клиент запрашивает `GET /api/v1/network-resources`
Then сервер возвращает 403/OBJECT_NOT_VISIBLE согласно контракту
And клиент не раскрывает скрытые данные и не применяет optimistic UI change"
AC-1229,MOD-019,FR-205,[STATE-032/STATE-033/STATE-034] Session/device interruption: операция прекращается без сохранения неподтверждённого состояния,Critical,Security/session,OpenAPI `GET_api_v1_network_resources`; Stage_3_Field_Traceability.csv,"Given access/refresh session или device больше не действительны
When клиент обращается к `GET /api/v1/network-resources`
Then сервер возвращает стабильную auth/session/device ошибку
And клиент прекращает команды, очищает запрещённые credentials/cache по политике и переводит пользователя в безопасный login/recovery flow"
AC-1230,MOD-019,FR-206,Happy path: Создать сетевой ресурс,Critical,Contract/integration,OpenAPI `POST_api_v1_network_resources`; Stage_3_Field_Traceability.csv,"Given пользователь имеет `NetworkResource.Manage` и выполнены предусловия
When клиент отправляет `POST /api/v1/network-resources` с контрактным payload и headers
Then сервер возвращает успешный контрактный ответ
And клиент отображает только authoritative response"
AC-1231,MOD-019,FR-206,[STATE-008/STATE-009] Permission denied: Создать сетевой ресурс не выполняется и данные не раскрываются,Critical,Security/authorization,OpenAPI `POST_api_v1_network_resources`; Stage_3_Field_Traceability.csv,"Given пользователь аутентифицирован, но не имеет `NetworkResource.Manage` или требуемой relation
When клиент запрашивает `POST /api/v1/network-resources`
Then сервер возвращает 403/OBJECT_NOT_VISIBLE согласно контракту
And клиент не раскрывает скрытые данные и не применяет optimistic UI change"
AC-1232,MOD-019,FR-206,[STATE-032/STATE-033/STATE-034] Session/device interruption: операция прекращается без сохранения неподтверждённого состояния,Critical,Security/session,OpenAPI `POST_api_v1_network_resources`; Stage_3_Field_Traceability.csv,"Given access/refresh session или device больше не действительны
When клиент обращается к `POST /api/v1/network-resources`
Then сервер возвращает стабильную auth/session/device ошибку
And клиент прекращает команды, очищает запрещённые credentials/cache по политике и переводит пользователя в безопасный login/recovery flow"
AC-1233,MOD-019,FR-206,[STATE-007] Validation: fieldErrors сохраняют draft и привязываются к canonical field path,High,Contract/UI,OpenAPI `POST_api_v1_network_resources`; Stage_3_Field_Traceability.csv,"Given пользователь заполнил payload для `POST_api_v1_network_resources` с нарушением DTO constraint
When сервер возвращает VALIDATION_FAILED с fieldErrors
Then draft сохраняется, ошибки связываются с canonical field paths и фокус переходит к первой ошибке"
AC-1234,MOD-019,FR-206,[STATE-014/STATE-025] Conflict/precondition: устаревшая или отсутствующая контрактная версия/precondition не приводит к overwrite,Critical,Concurrency/integration,OpenAPI `POST_api_v1_network_resources`; Stage_3_Field_Traceability.csv,"Given серверное состояние изменилось после загрузки клиентом
When клиент отправляет `POST /api/v1/network-resources` с устаревшей контрактная версия/precondition
Then сервер отклоняет команду без overwrite
And клиент сохраняет draft и предлагает refresh/compare/reapply или безопасный повтор"
AC-1235,MOD-019,FR-206,[STATE-010/STATE-011/STATE-012] Server unavailable/read-only: команда Создать сетевой ресурс не ставится в offline queue,Critical,Desktop/resilience,OpenAPI `POST_api_v1_network_resources`; Stage_3_Field_Traceability.csv,"Given сервер недоступен или приложение находится в read-only cache mode
When пользователь пытается выполнить «Создать сетевой ресурс»
Then команда не отправляется и не помещается в offline business queue
And UI сохраняет допустимый local draft или сообщает, что действие требует соединения"
AC-1236,MOD-019,FR-206,[STATE-020] Idempotency: повтор с тем же key/hash не создаёт двойной side effect,Critical,Integration,OpenAPI `POST_api_v1_network_resources`; Stage_3_Field_Traceability.csv,"Given первая команда `POST_api_v1_network_resources` уже принята с idempotency key и payload hash
When клиент безопасно повторяет тот же key и payload
Then сервер возвращает тот же бизнес-результат без второго side effect
And другой payload с тем же key отклоняется как IDEMPOTENCY_KEY_REUSED"
AC-1237,MOD-019,FR-207,Happy path: Изменить сетевой ресурс,Critical,Contract/integration,OpenAPI `PATCH_api_v1_network_resources_id`; Stage_3_Field_Traceability.csv,"Given пользователь имеет `NetworkResource.Manage` и выполнены предусловия
When клиент отправляет `PATCH /api/v1/network-resources/{id}` с контрактным payload и headers
Then сервер возвращает успешный контрактный ответ
And клиент отображает только authoritative response"
AC-1238,MOD-019,FR-207,[STATE-008/STATE-009] Permission denied: Изменить сетевой ресурс не выполняется и данные не раскрываются,Critical,Security/authorization,OpenAPI `PATCH_api_v1_network_resources_id`; Stage_3_Field_Traceability.csv,"Given пользователь аутентифицирован, но не имеет `NetworkResource.Manage` или требуемой relation
When клиент запрашивает `PATCH /api/v1/network-resources/{id}`
Then сервер возвращает 403/OBJECT_NOT_VISIBLE согласно контракту
And клиент не раскрывает скрытые данные и не применяет optimistic UI change"
AC-1239,MOD-019,FR-207,[STATE-032/STATE-033/STATE-034] Session/device interruption: операция прекращается без сохранения неподтверждённого состояния,Critical,Security/session,OpenAPI `PATCH_api_v1_network_resources_id`; Stage_3_Field_Traceability.csv,"Given access/refresh session или device больше не действительны
When клиент обращается к `PATCH /api/v1/network-resources/{id}`
Then сервер возвращает стабильную auth/session/device ошибку
And клиент прекращает команды, очищает запрещённые credentials/cache по политике и переводит пользователя в безопасный login/recovery flow"
AC-1240,MOD-019,FR-207,[STATE-007] Validation: fieldErrors сохраняют draft и привязываются к canonical field path,High,Contract/UI,OpenAPI `PATCH_api_v1_network_resources_id`; Stage_3_Field_Traceability.csv,"Given пользователь заполнил payload для `PATCH_api_v1_network_resources_id` с нарушением DTO constraint
When сервер возвращает VALIDATION_FAILED с fieldErrors
Then draft сохраняется, ошибки связываются с canonical field paths и фокус переходит к первой ошибке"
AC-1241,MOD-019,FR-207,[STATE-014/STATE-025] Conflict/precondition: устаревшая или отсутствующая If-Match не приводит к overwrite,Critical,Concurrency/integration,OpenAPI `PATCH_api_v1_network_resources_id`; Stage_3_Field_Traceability.csv,"Given серверное состояние изменилось после загрузки клиентом
When клиент отправляет `PATCH /api/v1/network-resources/{id}` с устаревшей If-Match
Then сервер отклоняет команду без overwrite
And клиент сохраняет draft и предлагает refresh/compare/reapply или безопасный повтор"
AC-1242,MOD-019,FR-207,[STATE-010/STATE-011/STATE-012] Server unavailable/read-only: команда Изменить сетевой ресурс не ставится в offline queue,Critical,Desktop/resilience,OpenAPI `PATCH_api_v1_network_resources_id`; Stage_3_Field_Traceability.csv,"Given сервер недоступен или приложение находится в read-only cache mode
When пользователь пытается выполнить «Изменить сетевой ресурс»
Then команда не отправляется и не помещается в offline business queue
And UI сохраняет допустимый local draft или сообщает, что действие требует соединения"
AC-1243,MOD-019,FR-207,[STATE-020] Idempotency: повтор с тем же key/hash не создаёт двойной side effect,Critical,Integration,OpenAPI `PATCH_api_v1_network_resources_id`; Stage_3_Field_Traceability.csv,"Given первая команда `PATCH_api_v1_network_resources_id` уже принята с idempotency key и payload hash
When клиент безопасно повторяет тот же key и payload
Then сервер возвращает тот же бизнес-результат без второго side effect
And другой payload с тем же key отклоняется как IDEMPOTENCY_KEY_REUSED"
AC-1244,MOD-019,FR-208,Happy path: Проверить ресурс без credentials,Critical,Contract/integration,OpenAPI `POST_api_v1_network_resources_id_probe`; Stage_3_Field_Traceability.csv,"Given пользователь имеет `NetworkResource.Manage` и выполнены предусловия
When клиент отправляет `POST /api/v1/network-resources/{id}/probe` с контрактным payload и headers
Then сервер возвращает успешный контрактный ответ
And клиент отображает только authoritative response"
AC-1245,MOD-019,FR-208,[STATE-008/STATE-009] Permission denied: Проверить ресурс без credentials не выполняется и данные не раскрываются,Critical,Security/authorization,OpenAPI `POST_api_v1_network_resources_id_probe`; Stage_3_Field_Traceability.csv,"Given пользователь аутентифицирован, но не имеет `NetworkResource.Manage` или требуемой relation
When клиент запрашивает `POST /api/v1/network-resources/{id}/probe`
Then сервер возвращает 403/OBJECT_NOT_VISIBLE согласно контракту
And клиент не раскрывает скрытые данные и не применяет optimistic UI change"
AC-1246,MOD-019,FR-208,[STATE-032/STATE-033/STATE-034] Session/device interruption: операция прекращается без сохранения неподтверждённого состояния,Critical,Security/session,OpenAPI `POST_api_v1_network_resources_id_probe`; Stage_3_Field_Traceability.csv,"Given access/refresh session или device больше не действительны
When клиент обращается к `POST /api/v1/network-resources/{id}/probe`
Then сервер возвращает стабильную auth/session/device ошибку
And клиент прекращает команды, очищает запрещённые credentials/cache по политике и переводит пользователя в безопасный login/recovery flow"
AC-1247,MOD-019,FR-208,[STATE-007] Validation: fieldErrors сохраняют draft и привязываются к canonical field path,High,Contract/UI,OpenAPI `POST_api_v1_network_resources_id_probe`; Stage_3_Field_Traceability.csv,"Given пользователь заполнил payload для `POST_api_v1_network_resources_id_probe` с нарушением DTO constraint
When сервер возвращает VALIDATION_FAILED с fieldErrors
Then draft сохраняется, ошибки связываются с canonical field paths и фокус переходит к первой ошибке"
AC-1248,MOD-019,FR-208,[STATE-010/STATE-011/STATE-012] Server unavailable/read-only: команда Проверить ресурс без credentials не ставится в offline queue,Critical,Desktop/resilience,OpenAPI `POST_api_v1_network_resources_id_probe`; Stage_3_Field_Traceability.csv,"Given сервер недоступен или приложение находится в read-only cache mode
When пользователь пытается выполнить «Проверить ресурс без credentials»
Then команда не отправляется и не помещается в offline business queue
And UI сохраняет допустимый local draft или сообщает, что действие требует соединения"
AC-1249,MOD-019,FR-208,[STATE-020] Idempotency: повтор с тем же key/hash не создаёт двойной side effect,Critical,Integration,OpenAPI `POST_api_v1_network_resources_id_probe`; Stage_3_Field_Traceability.csv,"Given первая команда `POST_api_v1_network_resources_id_probe` уже принята с idempotency key и payload hash
When клиент безопасно повторяет тот же key и payload
Then сервер возвращает тот же бизнес-результат без второго side effect
And другой payload с тем же key отклоняется как IDEMPOTENCY_KEY_REUSED"
AC-1250,MOD-019,FR-209,Happy path: Детальный health,High,Contract/integration,OpenAPI `GET_health_details`; Stage_3_Field_Traceability.csv,
AC-1251,MOD-019,FR-209,[STATE-008/STATE-009] Permission denied: Детальный health не выполняется и данные не раскрываются,Critical,Security/authorization,OpenAPI `GET_health_details`; Stage_3_Field_Traceability.csv,"Given пользователь аутентифицирован, но не имеет `System.HealthRead` или требуемой relation
When клиент запрашивает `GET /health/details`
Then сервер возвращает 403/OBJECT_NOT_VISIBLE согласно контракту
And клиент не раскрывает скрытые данные и не применяет optimistic UI change"
AC-1252,MOD-019,FR-209,[STATE-032/STATE-033/STATE-034] Session/device interruption: операция прекращается без сохранения неподтверждённого состояния,Critical,Security/session,OpenAPI `GET_health_details`; Stage_3_Field_Traceability.csv,"Given access/refresh session или device больше не действительны
When клиент обращается к `GET /health/details`
Then сервер возвращает стабильную auth/session/device ошибку
And клиент прекращает команды, очищает запрещённые credentials/cache по политике и переводит пользователя в безопасный login/recovery flow"
AC-1253,MOD-019,FR-210,Happy path: Каталог разрешений,High,Contract/integration,OpenAPI `GET_api_v1_permissions`; Stage_3_Field_Traceability.csv,
AC-1254,MOD-019,FR-210,[STATE-008/STATE-009] Permission denied: Каталог разрешений не выполняется и данные не раскрываются,Critical,Security/authorization,OpenAPI `GET_api_v1_permissions`; Stage_3_Field_Traceability.csv,"Given пользователь аутентифицирован, но не имеет `Role.Read` или требуемой relation
When клиент запрашивает `GET /api/v1/permissions`
Then сервер возвращает 403/OBJECT_NOT_VISIBLE согласно контракту
And клиент не раскрывает скрытые данные и не применяет optimistic UI change"
AC-1255,MOD-019,FR-210,[STATE-032/STATE-033/STATE-034] Session/device interruption: операция прекращается без сохранения неподтверждённого состояния,Critical,Security/session,OpenAPI `GET_api_v1_permissions`; Stage_3_Field_Traceability.csv,"Given access/refresh session или device больше не действительны
When клиент обращается к `GET /api/v1/permissions`
Then сервер возвращает стабильную auth/session/device ошибку
And клиент прекращает команды, очищает запрещённые credentials/cache по политике и переводит пользователя в безопасный login/recovery flow"
AC-1256,MOD-019,FR-211,Happy path: Каталог проектных ролей,High,Contract/integration,OpenAPI `GET_api_v1_project_roles`; Stage_3_Field_Traceability.csv,
AC-1257,MOD-019,FR-211,[STATE-008/STATE-009] Permission denied: Каталог проектных ролей не выполняется и данные не раскрываются,Critical,Security/authorization,OpenAPI `GET_api_v1_project_roles`; Stage_3_Field_Traceability.csv,"Given пользователь аутентифицирован, но не имеет `Project.Read` или требуемой relation
When клиент запрашивает `GET /api/v1/project-roles`
Then сервер возвращает 403/OBJECT_NOT_VISIBLE согласно контракту
And клиент не раскрывает скрытые данные и не применяет optimistic UI change"
AC-1258,MOD-019,FR-211,[STATE-032/STATE-033/STATE-034] Session/device interruption: операция прекращается без сохранения неподтверждённого состояния,Critical,Security/session,OpenAPI `GET_api_v1_project_roles`; Stage_3_Field_Traceability.csv,"Given access/refresh session или device больше не действительны
When клиент обращается к `GET /api/v1/project-roles`
Then сервер возвращает стабильную auth/session/device ошибку
And клиент прекращает команды, очищает запрещённые credentials/cache по политике и переводит пользователя в безопасный login/recovery flow"
AC-1259,MOD-019,FR-212,Happy path: Изменить проектную роль,Critical,Contract/integration,OpenAPI `PUT_api_v1_project_roles_id_permissions`; Stage_3_Field_Traceability.csv,"Given пользователь имеет `Role.Manage` и выполнены предусловия
When клиент отправляет `PUT /api/v1/project-roles/{id}/permissions` с контрактным payload и headers
Then сервер возвращает успешный контрактный ответ
And клиент отображает только authoritative response"
AC-1260,MOD-019,FR-212,[STATE-008/STATE-009] Permission denied: Изменить проектную роль не выполняется и данные не раскрываются,Critical,Security/authorization,OpenAPI `PUT_api_v1_project_roles_id_permissions`; Stage_3_Field_Traceability.csv,"Given пользователь аутентифицирован, но не имеет `Role.Manage` или требуемой relation
When клиент запрашивает `PUT /api/v1/project-roles/{id}/permissions`
Then сервер возвращает 403/OBJECT_NOT_VISIBLE согласно контракту
And клиент не раскрывает скрытые данные и не применяет optimistic UI change"
AC-1261,MOD-019,FR-212,[STATE-032/STATE-033/STATE-034] Session/device interruption: операция прекращается без сохранения неподтверждённого состояния,Critical,Security/session,OpenAPI `PUT_api_v1_project_roles_id_permissions`; Stage_3_Field_Traceability.csv,"Given access/refresh session или device больше не действительны
When клиент обращается к `PUT /api/v1/project-roles/{id}/permissions`
Then сервер возвращает стабильную auth/session/device ошибку
And клиент прекращает команды, очищает запрещённые credentials/cache по политике и переводит пользователя в безопасный login/recovery flow"
AC-1262,MOD-019,FR-212,[STATE-014/STATE-025] Conflict/precondition: устаревшая или отсутствующая If-Match не приводит к overwrite,Critical,Concurrency/integration,OpenAPI `PUT_api_v1_project_roles_id_permissions`; Stage_3_Field_Traceability.csv,"Given серверное состояние изменилось после загрузки клиентом
When клиент отправляет `PUT /api/v1/project-roles/{id}/permissions` с устаревшей If-Match
Then сервер отклоняет команду без overwrite
And клиент сохраняет draft и предлагает refresh/compare/reapply или безопасный повтор"
AC-1263,MOD-019,FR-212,[STATE-010/STATE-011/STATE-012] Server unavailable/read-only: команда Изменить проектную роль не ставится в offline queue,Critical,Desktop/resilience,OpenAPI `PUT_api_v1_project_roles_id_permissions`; Stage_3_Field_Traceability.csv,"Given сервер недоступен или приложение находится в read-only cache mode
When пользователь пытается выполнить «Изменить проектную роль»
Then команда не отправляется и не помещается в offline business queue
And UI сохраняет допустимый local draft или сообщает, что действие требует соединения"
AC-1264,MOD-019,FR-212,[STATE-020] Idempotency: повтор с тем же key/hash не создаёт двойной side effect,Critical,Integration,OpenAPI `PUT_api_v1_project_roles_id_permissions`; Stage_3_Field_Traceability.csv,"Given первая команда `PUT_api_v1_project_roles_id_permissions` уже принята с idempotency key и payload hash
When клиент безопасно повторяет тот же key и payload
Then сервер возвращает тот же бизнес-результат без второго side effect
And другой payload с тем же key отклоняется как IDEMPOTENCY_KEY_REUSED"
AC-1265,MOD-019,FR-213,Happy path: Список системную роль,High,Contract/integration,OpenAPI `GET_api_v1_roles`; Stage_3_Field_Traceability.csv,
AC-1266,MOD-019,FR-213,[STATE-008/STATE-009] Permission denied: Список системную роль не выполняется и данные не раскрываются,Critical,Security/authorization,OpenAPI `GET_api_v1_roles`; Stage_3_Field_Traceability.csv,"Given пользователь аутентифицирован, но не имеет `Role.Read` или требуемой relation
When клиент запрашивает `GET /api/v1/roles`
Then сервер возвращает 403/OBJECT_NOT_VISIBLE согласно контракту
And клиент не раскрывает скрытые данные и не применяет optimistic UI change"
AC-1267,MOD-019,FR-213,[STATE-032/STATE-033/STATE-034] Session/device interruption: операция прекращается без сохранения неподтверждённого состояния,Critical,Security/session,OpenAPI `GET_api_v1_roles`; Stage_3_Field_Traceability.csv,"Given access/refresh session или device больше не действительны
When клиент обращается к `GET /api/v1/roles`
Then сервер возвращает стабильную auth/session/device ошибку
And клиент прекращает команды, очищает запрещённые credentials/cache по политике и переводит пользователя в безопасный login/recovery flow"
AC-1268,MOD-019,FR-214,Happy path: Создать системную роль,Critical,Contract/integration,OpenAPI `POST_api_v1_roles`; Stage_3_Field_Traceability.csv,"Given пользователь имеет `Role.Manage` и выполнены предусловия
When клиент отправляет `POST /api/v1/roles` с контрактным payload и headers
Then сервер возвращает успешный контрактный ответ
And клиент отображает только authoritative response"
AC-1269,MOD-019,FR-214,[STATE-008/STATE-009] Permission denied: Создать системную роль не выполняется и данные не раскрываются,Critical,Security/authorization,OpenAPI `POST_api_v1_roles`; Stage_3_Field_Traceability.csv,"Given пользователь аутентифицирован, но не имеет `Role.Manage` или требуемой relation
When клиент запрашивает `POST /api/v1/roles`
Then сервер возвращает 403/OBJECT_NOT_VISIBLE согласно контракту
And клиент не раскрывает скрытые данные и не применяет optimistic UI change"
AC-1270,MOD-019,FR-214,[STATE-032/STATE-033/STATE-034] Session/device interruption: операция прекращается без сохранения неподтверждённого состояния,Critical,Security/session,OpenAPI `POST_api_v1_roles`; Stage_3_Field_Traceability.csv,"Given access/refresh session или device больше не действительны
When клиент обращается к `POST /api/v1/roles`
Then сервер возвращает стабильную auth/session/device ошибку
And клиент прекращает команды, очищает запрещённые credentials/cache по политике и переводит пользователя в безопасный login/recovery flow"
AC-1271,MOD-019,FR-214,[STATE-007] Validation: fieldErrors сохраняют draft и привязываются к canonical field path,High,Contract/UI,OpenAPI `POST_api_v1_roles`; Stage_3_Field_Traceability.csv,"Given пользователь заполнил payload для `POST_api_v1_roles` с нарушением DTO constraint
When сервер возвращает VALIDATION_FAILED с fieldErrors
Then draft сохраняется, ошибки связываются с canonical field paths и фокус переходит к первой ошибке"
AC-1272,MOD-019,FR-214,[STATE-014/STATE-025] Conflict/precondition: устаревшая или отсутствующая контрактная версия/precondition не приводит к overwrite,Critical,Concurrency/integration,OpenAPI `POST_api_v1_roles`; Stage_3_Field_Traceability.csv,"Given серверное состояние изменилось после загрузки клиентом
When клиент отправляет `POST /api/v1/roles` с устаревшей контрактная версия/precondition
Then сервер отклоняет команду без overwrite
And клиент сохраняет draft и предлагает refresh/compare/reapply или безопасный повтор"
AC-1273,MOD-019,FR-214,[STATE-010/STATE-011/STATE-012] Server unavailable/read-only: команда Создать системную роль не ставится в offline queue,Critical,Desktop/resilience,OpenAPI `POST_api_v1_roles`; Stage_3_Field_Traceability.csv,"Given сервер недоступен или приложение находится в read-only cache mode
When пользователь пытается выполнить «Создать системную роль»
Then команда не отправляется и не помещается в offline business queue
And UI сохраняет допустимый local draft или сообщает, что действие требует соединения"
AC-1274,MOD-019,FR-214,[STATE-020] Idempotency: повтор с тем же key/hash не создаёт двойной side effect,Critical,Integration,OpenAPI `POST_api_v1_roles`; Stage_3_Field_Traceability.csv,"Given первая команда `POST_api_v1_roles` уже принята с idempotency key и payload hash
When клиент безопасно повторяет тот же key и payload
Then сервер возвращает тот же бизнес-результат без второго side effect
And другой payload с тем же key отклоняется как IDEMPOTENCY_KEY_REUSED"
AC-1275,MOD-019,FR-215,Happy path: Деактивировать пользовательскую роль,Critical,Contract/integration,OpenAPI `DELETE_api_v1_roles_id`; Stage_3_Field_Traceability.csv,"Given пользователь имеет `Role.Manage` и выполнены предусловия
When клиент отправляет `DELETE /api/v1/roles/{id}` с контрактным payload и headers
Then сервер возвращает успешный контрактный ответ
And клиент отображает только authoritative response"
AC-1276,MOD-019,FR-215,[STATE-008/STATE-009] Permission denied: Деактивировать пользовательскую роль не выполняется и данные не раскрываются,Critical,Security/authorization,OpenAPI `DELETE_api_v1_roles_id`; Stage_3_Field_Traceability.csv,"Given пользователь аутентифицирован, но не имеет `Role.Manage` или требуемой relation
When клиент запрашивает `DELETE /api/v1/roles/{id}`
Then сервер возвращает 403/OBJECT_NOT_VISIBLE согласно контракту
And клиент не раскрывает скрытые данные и не применяет optimistic UI change"
AC-1277,MOD-019,FR-215,[STATE-032/STATE-033/STATE-034] Session/device interruption: операция прекращается без сохранения неподтверждённого состояния,Critical,Security/session,OpenAPI `DELETE_api_v1_roles_id`; Stage_3_Field_Traceability.csv,"Given access/refresh session или device больше не действительны
When клиент обращается к `DELETE /api/v1/roles/{id}`
Then сервер возвращает стабильную auth/session/device ошибку
And клиент прекращает команды, очищает запрещённые credentials/cache по политике и переводит пользователя в безопасный login/recovery flow"
AC-1278,MOD-019,FR-215,[STATE-014/STATE-025] Conflict/precondition: устаревшая или отсутствующая If-Match не приводит к overwrite,Critical,Concurrency/integration,OpenAPI `DELETE_api_v1_roles_id`; Stage_3_Field_Traceability.csv,"Given серверное состояние изменилось после загрузки клиентом
When клиент отправляет `DELETE /api/v1/roles/{id}` с устаревшей If-Match
Then сервер отклоняет команду без overwrite
And клиент сохраняет draft и предлагает refresh/compare/reapply или безопасный повтор"
AC-1279,MOD-019,FR-215,[STATE-010/STATE-011/STATE-012] Server unavailable/read-only: команда Деактивировать пользовательскую роль не ставится в offline queue,Critical,Desktop/resilience,OpenAPI `DELETE_api_v1_roles_id`; Stage_3_Field_Traceability.csv,"Given сервер недоступен или приложение находится в read-only cache mode
When пользователь пытается выполнить «Деактивировать пользовательскую роль»
Then команда не отправляется и не помещается в offline business queue
And UI сохраняет допустимый local draft или сообщает, что действие требует соединения"
AC-1280,MOD-019,FR-216,Happy path: Получить системную роль,High,Contract/integration,OpenAPI `GET_api_v1_roles_id`; Stage_3_Field_Traceability.csv,
AC-1281,MOD-019,FR-216,[STATE-008/STATE-009] Permission denied: Получить системную роль не выполняется и данные не раскрываются,Critical,Security/authorization,OpenAPI `GET_api_v1_roles_id`; Stage_3_Field_Traceability.csv,"Given пользователь аутентифицирован, но не имеет `Role.Read` или требуемой relation
When клиент запрашивает `GET /api/v1/roles/{id}`
Then сервер возвращает 403/OBJECT_NOT_VISIBLE согласно контракту
And клиент не раскрывает скрытые данные и не применяет optimistic UI change"
AC-1282,MOD-019,FR-216,[STATE-032/STATE-033/STATE-034] Session/device interruption: операция прекращается без сохранения неподтверждённого состояния,Critical,Security/session,OpenAPI `GET_api_v1_roles_id`; Stage_3_Field_Traceability.csv,"Given access/refresh session или device больше не действительны
When клиент обращается к `GET /api/v1/roles/{id}`
Then сервер возвращает стабильную auth/session/device ошибку
And клиент прекращает команды, очищает запрещённые credentials/cache по политике и переводит пользователя в безопасный login/recovery flow"
AC-1283,MOD-019,FR-217,Happy path: Изменить системную роль,Critical,Contract/integration,OpenAPI `PATCH_api_v1_roles_id`; Stage_3_Field_Traceability.csv,"Given пользователь имеет `Role.Manage` и выполнены предусловия
When клиент отправляет `PATCH /api/v1/roles/{id}` с контрактным payload и headers
Then сервер возвращает успешный контрактный ответ
And клиент отображает только authoritative response"
AC-1284,MOD-019,FR-217,[STATE-008/STATE-009] Permission denied: Изменить системную роль не выполняется и данные не раскрываются,Critical,Security/authorization,OpenAPI `PATCH_api_v1_roles_id`; Stage_3_Field_Traceability.csv,"Given пользователь аутентифицирован, но не имеет `Role.Manage` или требуемой relation
When клиент запрашивает `PATCH /api/v1/roles/{id}`
Then сервер возвращает 403/OBJECT_NOT_VISIBLE согласно контракту
And клиент не раскрывает скрытые данные и не применяет optimistic UI change"
AC-1285,MOD-019,FR-217,[STATE-032/STATE-033/STATE-034] Session/device interruption: операция прекращается без сохранения неподтверждённого состояния,Critical,Security/session,OpenAPI `PATCH_api_v1_roles_id`; Stage_3_Field_Traceability.csv,"Given access/refresh session или device больше не действительны
When клиент обращается к `PATCH /api/v1/roles/{id}`
Then сервер возвращает стабильную auth/session/device ошибку
And клиент прекращает команды, очищает запрещённые credentials/cache по политике и переводит пользователя в безопасный login/recovery flow"
AC-1286,MOD-019,FR-217,[STATE-007] Validation: fieldErrors сохраняют draft и привязываются к canonical field path,High,Contract/UI,OpenAPI `PATCH_api_v1_roles_id`; Stage_3_Field_Traceability.csv,"Given пользователь заполнил payload для `PATCH_api_v1_roles_id` с нарушением DTO constraint
When сервер возвращает VALIDATION_FAILED с fieldErrors
Then draft сохраняется, ошибки связываются с canonical field paths и фокус переходит к первой ошибке"
AC-1287,MOD-019,FR-217,[STATE-014/STATE-025] Conflict/precondition: устаревшая или отсутствующая If-Match не приводит к overwrite,Critical,Concurrency/integration,OpenAPI `PATCH_api_v1_roles_id`; Stage_3_Field_Traceability.csv,"Given серверное состояние изменилось после загрузки клиентом
When клиент отправляет `PATCH /api/v1/roles/{id}` с устаревшей If-Match
Then сервер отклоняет команду без overwrite
And клиент сохраняет draft и предлагает refresh/compare/reapply или безопасный повтор"
AC-1288,MOD-019,FR-217,[STATE-010/STATE-011/STATE-012] Server unavailable/read-only: команда Изменить системную роль не ставится в offline queue,Critical,Desktop/resilience,OpenAPI `PATCH_api_v1_roles_id`; Stage_3_Field_Traceability.csv,"Given сервер недоступен или приложение находится в read-only cache mode
When пользователь пытается выполнить «Изменить системную роль»
Then команда не отправляется и не помещается в offline business queue
And UI сохраняет допустимый local draft или сообщает, что действие требует соединения"
AC-1289,MOD-019,FR-218,Happy path: Активировать неактивную роль,Critical,Contract/integration,OpenAPI `POST_api_v1_roles_id_activate`; Stage_3_Field_Traceability.csv,"Given пользователь имеет `Role.Manage` и выполнены предусловия
When клиент отправляет `POST /api/v1/roles/{id}/activate` с контрактным payload и headers
Then сервер возвращает успешный контрактный ответ
And клиент отображает только authoritative response"
AC-1290,MOD-019,FR-218,[STATE-008/STATE-009] Permission denied: Активировать неактивную роль не выполняется и данные не раскрываются,Critical,Security/authorization,OpenAPI `POST_api_v1_roles_id_activate`; Stage_3_Field_Traceability.csv,"Given пользователь аутентифицирован, но не имеет `Role.Manage` или требуемой relation
When клиент запрашивает `POST /api/v1/roles/{id}/activate`
Then сервер возвращает 403/OBJECT_NOT_VISIBLE согласно контракту
And клиент не раскрывает скрытые данные и не применяет optimistic UI change"
AC-1291,MOD-019,FR-218,[STATE-032/STATE-033/STATE-034] Session/device interruption: операция прекращается без сохранения неподтверждённого состояния,Critical,Security/session,OpenAPI `POST_api_v1_roles_id_activate`; Stage_3_Field_Traceability.csv,"Given access/refresh session или device больше не действительны
When клиент обращается к `POST /api/v1/roles/{id}/activate`
Then сервер возвращает стабильную auth/session/device ошибку
And клиент прекращает команды, очищает запрещённые credentials/cache по политике и переводит пользователя в безопасный login/recovery flow"
AC-1292,MOD-019,FR-218,[STATE-007] Validation: fieldErrors сохраняют draft и привязываются к canonical field path,High,Contract/UI,OpenAPI `POST_api_v1_roles_id_activate`; Stage_3_Field_Traceability.csv,"Given пользователь заполнил payload для `POST_api_v1_roles_id_activate` с нарушением DTO constraint
When сервер возвращает VALIDATION_FAILED с fieldErrors
Then draft сохраняется, ошибки связываются с canonical field paths и фокус переходит к первой ошибке"
AC-1293,MOD-019,FR-218,[STATE-014/STATE-025] Conflict/precondition: устаревшая или отсутствующая If-Match не приводит к overwrite,Critical,Concurrency/integration,OpenAPI `POST_api_v1_roles_id_activate`; Stage_3_Field_Traceability.csv,"Given серверное состояние изменилось после загрузки клиентом
When клиент отправляет `POST /api/v1/roles/{id}/activate` с устаревшей If-Match
Then сервер отклоняет команду без overwrite
And клиент сохраняет draft и предлагает refresh/compare/reapply или безопасный повтор"
AC-1294,MOD-019,FR-218,[STATE-010/STATE-011/STATE-012] Server unavailable/read-only: команда Активировать неактивную роль не ставится в offline queue,Critical,Desktop/resilience,OpenAPI `POST_api_v1_roles_id_activate`; Stage_3_Field_Traceability.csv,"Given сервер недоступен или приложение находится в read-only cache mode
When пользователь пытается выполнить «Активировать неактивную роль»
Then команда не отправляется и не помещается в offline business queue
And UI сохраняет допустимый local draft или сообщает, что действие требует соединения"
AC-1295,MOD-019,FR-218,[STATE-020] Idempotency: повтор с тем же key/hash не создаёт двойной side effect,Critical,Integration,OpenAPI `POST_api_v1_roles_id_activate`; Stage_3_Field_Traceability.csv,"Given первая команда `POST_api_v1_roles_id_activate` уже принята с idempotency key и payload hash
When клиент безопасно повторяет тот же key и payload
Then сервер возвращает тот же бизнес-результат без второго side effect
And другой payload с тем же key отклоняется как IDEMPOTENCY_KEY_REUSED"
AC-1296,MOD-019,FR-219,Happy path: Заменить разрешения роли,Critical,Contract/integration,OpenAPI `PUT_api_v1_roles_id_permissions`; Stage_3_Field_Traceability.csv,"Given пользователь имеет `Role.Manage` и выполнены предусловия
When клиент отправляет `PUT /api/v1/roles/{id}/permissions` с контрактным payload и headers
Then сервер возвращает успешный контрактный ответ
And клиент отображает только authoritative response"
AC-1297,MOD-019,FR-219,[STATE-008/STATE-009] Permission denied: Заменить разрешения роли не выполняется и данные не раскрываются,Critical,Security/authorization,OpenAPI `PUT_api_v1_roles_id_permissions`; Stage_3_Field_Traceability.csv,"Given пользователь аутентифицирован, но не имеет `Role.Manage` или требуемой relation
When клиент запрашивает `PUT /api/v1/roles/{id}/permissions`
Then сервер возвращает 403/OBJECT_NOT_VISIBLE согласно контракту
And клиент не раскрывает скрытые данные и не применяет optimistic UI change"
AC-1298,MOD-019,FR-219,[STATE-032/STATE-033/STATE-034] Session/device interruption: операция прекращается без сохранения неподтверждённого состояния,Critical,Security/session,OpenAPI `PUT_api_v1_roles_id_permissions`; Stage_3_Field_Traceability.csv,"Given access/refresh session или device больше не действительны
When клиент обращается к `PUT /api/v1/roles/{id}/permissions`
Then сервер возвращает стабильную auth/session/device ошибку
And клиент прекращает команды, очищает запрещённые credentials/cache по политике и переводит пользователя в безопасный login/recovery flow"
AC-1299,MOD-019,FR-219,[STATE-007] Validation: fieldErrors сохраняют draft и привязываются к canonical field path,High,Contract/UI,OpenAPI `PUT_api_v1_roles_id_permissions`; Stage_3_Field_Traceability.csv,"Given пользователь заполнил payload для `PUT_api_v1_roles_id_permissions` с нарушением DTO constraint
When сервер возвращает VALIDATION_FAILED с fieldErrors
Then draft сохраняется, ошибки связываются с canonical field paths и фокус переходит к первой ошибке"
AC-1300,MOD-019,FR-219,[STATE-014/STATE-025] Conflict/precondition: устаревшая или отсутствующая If-Match не приводит к overwrite,Critical,Concurrency/integration,OpenAPI `PUT_api_v1_roles_id_permissions`; Stage_3_Field_Traceability.csv,"Given серверное состояние изменилось после загрузки клиентом
When клиент отправляет `PUT /api/v1/roles/{id}/permissions` с устаревшей If-Match
Then сервер отклоняет команду без overwrite
And клиент сохраняет draft и предлагает refresh/compare/reapply или безопасный повтор"
AC-1301,MOD-019,FR-219,[STATE-010/STATE-011/STATE-012] Server unavailable/read-only: команда Заменить разрешения роли не ставится в offline queue,Critical,Desktop/resilience,OpenAPI `PUT_api_v1_roles_id_permissions`; Stage_3_Field_Traceability.csv,"Given сервер недоступен или приложение находится в read-only cache mode
When пользователь пытается выполнить «Заменить разрешения роли»
Then команда не отправляется и не помещается в offline business queue
And UI сохраняет допустимый local draft или сообщает, что действие требует соединения"
AC-1302,MOD-019,FR-219,[STATE-020] Idempotency: повтор с тем же key/hash не создаёт двойной side effect,Critical,Integration,OpenAPI `PUT_api_v1_roles_id_permissions`; Stage_3_Field_Traceability.csv,"Given первая команда `PUT_api_v1_roles_id_permissions` уже принята с idempotency key и payload hash
When клиент безопасно повторяет тот же key и payload
Then сервер возвращает тот же бизнес-результат без второго side effect
And другой payload с тем же key отклоняется как IDEMPOTENCY_KEY_REUSED"
AC-1303,MOD-019,FR-220,Happy path: Заменить scoped-роли пользователя,Critical,Contract/integration,OpenAPI `PUT_api_v1_users_id_roles`; Stage_3_Field_Traceability.csv,"Given пользователь имеет `User.ManageRoles` и выполнены предусловия
When клиент отправляет `PUT /api/v1/users/{id}/roles` с контрактным payload и headers
Then сервер возвращает успешный контрактный ответ
And клиент отображает только authoritative response"
AC-1304,MOD-019,FR-220,[STATE-008/STATE-009] Permission denied: Заменить scoped-роли пользователя не выполняется и данные не раскрываются,Critical,Security/authorization,OpenAPI `PUT_api_v1_users_id_roles`; Stage_3_Field_Traceability.csv,"Given пользователь аутентифицирован, но не имеет `User.ManageRoles` или требуемой relation
When клиент запрашивает `PUT /api/v1/users/{id}/roles`
Then сервер возвращает 403/OBJECT_NOT_VISIBLE согласно контракту
And клиент не раскрывает скрытые данные и не применяет optimistic UI change"
AC-1305,MOD-019,FR-220,[STATE-032/STATE-033/STATE-034] Session/device interruption: операция прекращается без сохранения неподтверждённого состояния,Critical,Security/session,OpenAPI `PUT_api_v1_users_id_roles`; Stage_3_Field_Traceability.csv,"Given access/refresh session или device больше не действительны
When клиент обращается к `PUT /api/v1/users/{id}/roles`
Then сервер возвращает стабильную auth/session/device ошибку
And клиент прекращает команды, очищает запрещённые credentials/cache по политике и переводит пользователя в безопасный login/recovery flow"
AC-1306,MOD-019,FR-220,[STATE-007] Validation: fieldErrors сохраняют draft и привязываются к canonical field path,High,Contract/UI,OpenAPI `PUT_api_v1_users_id_roles`; Stage_3_Field_Traceability.csv,"Given пользователь заполнил payload для `PUT_api_v1_users_id_roles` с нарушением DTO constraint
When сервер возвращает VALIDATION_FAILED с fieldErrors
Then draft сохраняется, ошибки связываются с canonical field paths и фокус переходит к первой ошибке"
AC-1307,MOD-019,FR-220,[STATE-014/STATE-025] Conflict/precondition: устаревшая или отсутствующая If-Match не приводит к overwrite,Critical,Concurrency/integration,OpenAPI `PUT_api_v1_users_id_roles`; Stage_3_Field_Traceability.csv,"Given серверное состояние изменилось после загрузки клиентом
When клиент отправляет `PUT /api/v1/users/{id}/roles` с устаревшей If-Match
Then сервер отклоняет команду без overwrite
And клиент сохраняет draft и предлагает refresh/compare/reapply или безопасный повтор"
AC-1308,MOD-019,FR-220,[STATE-010/STATE-011/STATE-012] Server unavailable/read-only: команда Заменить scoped-роли пользователя не ставится в offline queue,Critical,Desktop/resilience,OpenAPI `PUT_api_v1_users_id_roles`; Stage_3_Field_Traceability.csv,"Given сервер недоступен или приложение находится в read-only cache mode
When пользователь пытается выполнить «Заменить scoped-роли пользователя»
Then команда не отправляется и не помещается в offline business queue
And UI сохраняет допустимый local draft или сообщает, что действие требует соединения"
AC-1309,MOD-019,FR-220,[STATE-020] Idempotency: повтор с тем же key/hash не создаёт двойной side effect,Critical,Integration,OpenAPI `PUT_api_v1_users_id_roles`; Stage_3_Field_Traceability.csv,"Given первая команда `PUT_api_v1_users_id_roles` уже принята с idempotency key и payload hash
When клиент безопасно повторяет тот же key и payload
Then сервер возвращает тот же бизнес-результат без второго side effect
And другой payload с тем же key отклоняется как IDEMPOTENCY_KEY_REUSED"
AC-1310,MOD-019,FR-221,Happy path: Список пользователя,High,Contract/integration,OpenAPI `GET_api_v1_users`; Stage_3_Field_Traceability.csv,
AC-1311,MOD-019,FR-221,[STATE-008/STATE-009] Permission denied: Список пользователя не выполняется и данные не раскрываются,Critical,Security/authorization,OpenAPI `GET_api_v1_users`; Stage_3_Field_Traceability.csv,"Given пользователь аутентифицирован, но не имеет `User.Read` или требуемой relation
When клиент запрашивает `GET /api/v1/users`
Then сервер возвращает 403/OBJECT_NOT_VISIBLE согласно контракту
And клиент не раскрывает скрытые данные и не применяет optimistic UI change"
AC-1312,MOD-019,FR-221,[STATE-032/STATE-033/STATE-034] Session/device interruption: операция прекращается без сохранения неподтверждённого состояния,Critical,Security/session,OpenAPI `GET_api_v1_users`; Stage_3_Field_Traceability.csv,"Given access/refresh session или device больше не действительны
When клиент обращается к `GET /api/v1/users`
Then сервер возвращает стабильную auth/session/device ошибку
And клиент прекращает команды, очищает запрещённые credentials/cache по политике и переводит пользователя в безопасный login/recovery flow"
AC-1313,MOD-019,FR-222,Happy path: Создать пользователя,Critical,Contract/integration,OpenAPI `POST_api_v1_users`; Stage_3_Field_Traceability.csv,"Given пользователь имеет `User.Create` и выполнены предусловия
When клиент отправляет `POST /api/v1/users` с контрактным payload и headers
Then сервер возвращает успешный контрактный ответ
And клиент отображает только authoritative response"
AC-1314,MOD-019,FR-222,[STATE-008/STATE-009] Permission denied: Создать пользователя не выполняется и данные не раскрываются,Critical,Security/authorization,OpenAPI `POST_api_v1_users`; Stage_3_Field_Traceability.csv,"Given пользователь аутентифицирован, но не имеет `User.Create` или требуемой relation
When клиент запрашивает `POST /api/v1/users`
Then сервер возвращает 403/OBJECT_NOT_VISIBLE согласно контракту
And клиент не раскрывает скрытые данные и не применяет optimistic UI change"
AC-1315,MOD-019,FR-222,[STATE-032/STATE-033/STATE-034] Session/device interruption: операция прекращается без сохранения неподтверждённого состояния,Critical,Security/session,OpenAPI `POST_api_v1_users`; Stage_3_Field_Traceability.csv,"Given access/refresh session или device больше не действительны
When клиент обращается к `POST /api/v1/users`
Then сервер возвращает стабильную auth/session/device ошибку
And клиент прекращает команды, очищает запрещённые credentials/cache по политике и переводит пользователя в безопасный login/recovery flow"
AC-1316,MOD-019,FR-222,[STATE-007] Validation: fieldErrors сохраняют draft и привязываются к canonical field path,High,Contract/UI,OpenAPI `POST_api_v1_users`; Stage_3_Field_Traceability.csv,"Given пользователь заполнил payload для `POST_api_v1_users` с нарушением DTO constraint
When сервер возвращает VALIDATION_FAILED с fieldErrors
Then draft сохраняется, ошибки связываются с canonical field paths и фокус переходит к первой ошибке"
AC-1317,MOD-019,FR-222,[STATE-014/STATE-025] Conflict/precondition: устаревшая или отсутствующая контрактная версия/precondition не приводит к overwrite,Critical,Concurrency/integration,OpenAPI `POST_api_v1_users`; Stage_3_Field_Traceability.csv,"Given серверное состояние изменилось после загрузки клиентом
When клиент отправляет `POST /api/v1/users` с устаревшей контрактная версия/precondition
Then сервер отклоняет команду без overwrite
And клиент сохраняет draft и предлагает refresh/compare/reapply или безопасный повтор"
AC-1318,MOD-019,FR-222,[STATE-010/STATE-011/STATE-012] Server unavailable/read-only: команда Создать пользователя не ставится в offline queue,Critical,Desktop/resilience,OpenAPI `POST_api_v1_users`; Stage_3_Field_Traceability.csv,"Given сервер недоступен или приложение находится в read-only cache mode
When пользователь пытается выполнить «Создать пользователя»
Then команда не отправляется и не помещается в offline business queue
And UI сохраняет допустимый local draft или сообщает, что действие требует соединения"
AC-1319,MOD-019,FR-222,[STATE-020] Idempotency: повтор с тем же key/hash не создаёт двойной side effect,Critical,Integration,OpenAPI `POST_api_v1_users`; Stage_3_Field_Traceability.csv,"Given первая команда `POST_api_v1_users` уже принята с idempotency key и payload hash
When клиент безопасно повторяет тот же key и payload
Then сервер возвращает тот же бизнес-результат без второго side effect
And другой payload с тем же key отклоняется как IDEMPOTENCY_KEY_REUSED"
AC-1320,MOD-019,FR-223,Happy path: Получить пользователя,High,Contract/integration,OpenAPI `GET_api_v1_users_id`; Stage_3_Field_Traceability.csv,
AC-1321,MOD-019,FR-223,[STATE-008/STATE-009] Permission denied: Получить пользователя не выполняется и данные не раскрываются,Critical,Security/authorization,OpenAPI `GET_api_v1_users_id`; Stage_3_Field_Traceability.csv,"Given пользователь аутентифицирован, но не имеет `User.Read` или требуемой relation
When клиент запрашивает `GET /api/v1/users/{id}`
Then сервер возвращает 403/OBJECT_NOT_VISIBLE согласно контракту
And клиент не раскрывает скрытые данные и не применяет optimistic UI change"
AC-1322,MOD-019,FR-223,[STATE-032/STATE-033/STATE-034] Session/device interruption: операция прекращается без сохранения неподтверждённого состояния,Critical,Security/session,OpenAPI `GET_api_v1_users_id`; Stage_3_Field_Traceability.csv,"Given access/refresh session или device больше не действительны
When клиент обращается к `GET /api/v1/users/{id}`
Then сервер возвращает стабильную auth/session/device ошибку
And клиент прекращает команды, очищает запрещённые credentials/cache по политике и переводит пользователя в безопасный login/recovery flow"
AC-1323,MOD-019,FR-224,Happy path: Изменить пользователя,Critical,Contract/integration,OpenAPI `PATCH_api_v1_users_id`; Stage_3_Field_Traceability.csv,"Given пользователь имеет `User.Update` и выполнены предусловия
When клиент отправляет `PATCH /api/v1/users/{id}` с контрактным payload и headers
Then сервер возвращает успешный контрактный ответ
And клиент отображает только authoritative response"
AC-1324,MOD-019,FR-224,[STATE-008/STATE-009] Permission denied: Изменить пользователя не выполняется и данные не раскрываются,Critical,Security/authorization,OpenAPI `PATCH_api_v1_users_id`; Stage_3_Field_Traceability.csv,"Given пользователь аутентифицирован, но не имеет `User.Update` или требуемой relation
When клиент запрашивает `PATCH /api/v1/users/{id}`
Then сервер возвращает 403/OBJECT_NOT_VISIBLE согласно контракту
And клиент не раскрывает скрытые данные и не применяет optimistic UI change"
AC-1325,MOD-019,FR-224,[STATE-032/STATE-033/STATE-034] Session/device interruption: операция прекращается без сохранения неподтверждённого состояния,Critical,Security/session,OpenAPI `PATCH_api_v1_users_id`; Stage_3_Field_Traceability.csv,"Given access/refresh session или device больше не действительны
When клиент обращается к `PATCH /api/v1/users/{id}`
Then сервер возвращает стабильную auth/session/device ошибку
And клиент прекращает команды, очищает запрещённые credentials/cache по политике и переводит пользователя в безопасный login/recovery flow"
AC-1326,MOD-019,FR-224,[STATE-007] Validation: fieldErrors сохраняют draft и привязываются к canonical field path,High,Contract/UI,OpenAPI `PATCH_api_v1_users_id`; Stage_3_Field_Traceability.csv,"Given пользователь заполнил payload для `PATCH_api_v1_users_id` с нарушением DTO constraint
When сервер возвращает VALIDATION_FAILED с fieldErrors
Then draft сохраняется, ошибки связываются с canonical field paths и фокус переходит к первой ошибке"
AC-1327,MOD-019,FR-224,[STATE-014/STATE-025] Conflict/precondition: устаревшая или отсутствующая If-Match не приводит к overwrite,Critical,Concurrency/integration,OpenAPI `PATCH_api_v1_users_id`; Stage_3_Field_Traceability.csv,"Given серверное состояние изменилось после загрузки клиентом
When клиент отправляет `PATCH /api/v1/users/{id}` с устаревшей If-Match
Then сервер отклоняет команду без overwrite
And клиент сохраняет draft и предлагает refresh/compare/reapply или безопасный повтор"
AC-1328,MOD-019,FR-224,[STATE-010/STATE-011/STATE-012] Server unavailable/read-only: команда Изменить пользователя не ставится в offline queue,Critical,Desktop/resilience,OpenAPI `PATCH_api_v1_users_id`; Stage_3_Field_Traceability.csv,"Given сервер недоступен или приложение находится в read-only cache mode
When пользователь пытается выполнить «Изменить пользователя»
Then команда не отправляется и не помещается в offline business queue
And UI сохраняет допустимый local draft или сообщает, что действие требует соединения"
AC-1329,MOD-019,FR-225,Happy path: Активировать учётную запись,Critical,Contract/integration,OpenAPI `POST_api_v1_users_id_activate`; Stage_3_Field_Traceability.csv,"Given пользователь имеет `User.Create` и выполнены предусловия
When клиент отправляет `POST /api/v1/users/{id}/activate` с контрактным payload и headers
Then сервер возвращает успешный контрактный ответ
And клиент отображает только authoritative response"
AC-1330,MOD-019,FR-225,[STATE-008/STATE-009] Permission denied: Активировать учётную запись не выполняется и данные не раскрываются,Critical,Security/authorization,OpenAPI `POST_api_v1_users_id_activate`; Stage_3_Field_Traceability.csv,"Given пользователь аутентифицирован, но не имеет `User.Create` или требуемой relation
When клиент запрашивает `POST /api/v1/users/{id}/activate`
Then сервер возвращает 403/OBJECT_NOT_VISIBLE согласно контракту
And клиент не раскрывает скрытые данные и не применяет optimistic UI change"
AC-1331,MOD-019,FR-225,[STATE-032/STATE-033/STATE-034] Session/device interruption: операция прекращается без сохранения неподтверждённого состояния,Critical,Security/session,OpenAPI `POST_api_v1_users_id_activate`; Stage_3_Field_Traceability.csv,"Given access/refresh session или device больше не действительны
When клиент обращается к `POST /api/v1/users/{id}/activate`
Then сервер возвращает стабильную auth/session/device ошибку
And клиент прекращает команды, очищает запрещённые credentials/cache по политике и переводит пользователя в безопасный login/recovery flow"
AC-1332,MOD-019,FR-225,[STATE-007] Validation: fieldErrors сохраняют draft и привязываются к canonical field path,High,Contract/UI,OpenAPI `POST_api_v1_users_id_activate`; Stage_3_Field_Traceability.csv,"Given пользователь заполнил payload для `POST_api_v1_users_id_activate` с нарушением DTO constraint
When сервер возвращает VALIDATION_FAILED с fieldErrors
Then draft сохраняется, ошибки связываются с canonical field paths и фокус переходит к первой ошибке"
AC-1333,MOD-019,FR-225,[STATE-014/STATE-025] Conflict/precondition: устаревшая или отсутствующая If-Match не приводит к overwrite,Critical,Concurrency/integration,OpenAPI `POST_api_v1_users_id_activate`; Stage_3_Field_Traceability.csv,"Given серверное состояние изменилось после загрузки клиентом
When клиент отправляет `POST /api/v1/users/{id}/activate` с устаревшей If-Match
Then сервер отклоняет команду без overwrite
And клиент сохраняет draft и предлагает refresh/compare/reapply или безопасный повтор"
AC-1334,MOD-019,FR-225,[STATE-010/STATE-011/STATE-012] Server unavailable/read-only: команда Активировать учётную запись не ставится в offline queue,Critical,Desktop/resilience,OpenAPI `POST_api_v1_users_id_activate`; Stage_3_Field_Traceability.csv,"Given сервер недоступен или приложение находится в read-only cache mode
When пользователь пытается выполнить «Активировать учётную запись»
Then команда не отправляется и не помещается в offline business queue
And UI сохраняет допустимый local draft или сообщает, что действие требует соединения"
AC-1335,MOD-019,FR-225,[STATE-020] Idempotency: повтор с тем же key/hash не создаёт двойной side effect,Critical,Integration,OpenAPI `POST_api_v1_users_id_activate`; Stage_3_Field_Traceability.csv,"Given первая команда `POST_api_v1_users_id_activate` уже принята с idempotency key и payload hash
When клиент безопасно повторяет тот же key и payload
Then сервер возвращает тот же бизнес-результат без второго side effect
And другой payload с тем же key отклоняется как IDEMPOTENCY_KEY_REUSED"
AC-1336,MOD-019,FR-226,Happy path: Заблокировать пользователя,Critical,Contract/integration,OpenAPI `POST_api_v1_users_id_block`; Stage_3_Field_Traceability.csv,"Given пользователь имеет `User.Block` и выполнены предусловия
When клиент отправляет `POST /api/v1/users/{id}/block` с контрактным payload и headers
Then сервер возвращает успешный контрактный ответ
And клиент отображает только authoritative response"
AC-1337,MOD-019,FR-226,[STATE-008/STATE-009] Permission denied: Заблокировать пользователя не выполняется и данные не раскрываются,Critical,Security/authorization,OpenAPI `POST_api_v1_users_id_block`; Stage_3_Field_Traceability.csv,"Given пользователь аутентифицирован, но не имеет `User.Block` или требуемой relation
When клиент запрашивает `POST /api/v1/users/{id}/block`
Then сервер возвращает 403/OBJECT_NOT_VISIBLE согласно контракту
And клиент не раскрывает скрытые данные и не применяет optimistic UI change"
AC-1338,MOD-019,FR-226,[STATE-032/STATE-033/STATE-034] Session/device interruption: операция прекращается без сохранения неподтверждённого состояния,Critical,Security/session,OpenAPI `POST_api_v1_users_id_block`; Stage_3_Field_Traceability.csv,"Given access/refresh session или device больше не действительны
When клиент обращается к `POST /api/v1/users/{id}/block`
Then сервер возвращает стабильную auth/session/device ошибку
And клиент прекращает команды, очищает запрещённые credentials/cache по политике и переводит пользователя в безопасный login/recovery flow"
AC-1339,MOD-019,FR-226,[STATE-014/STATE-025] Conflict/precondition: устаревшая или отсутствующая If-Match не приводит к overwrite,Critical,Concurrency/integration,OpenAPI `POST_api_v1_users_id_block`; Stage_3_Field_Traceability.csv,"Given серверное состояние изменилось после загрузки клиентом
When клиент отправляет `POST /api/v1/users/{id}/block` с устаревшей If-Match
Then сервер отклоняет команду без overwrite
And клиент сохраняет draft и предлагает refresh/compare/reapply или безопасный повтор"
AC-1340,MOD-019,FR-226,[STATE-010/STATE-011/STATE-012] Server unavailable/read-only: команда Заблокировать пользователя не ставится в offline queue,Critical,Desktop/resilience,OpenAPI `POST_api_v1_users_id_block`; Stage_3_Field_Traceability.csv,"Given сервер недоступен или приложение находится в read-only cache mode
When пользователь пытается выполнить «Заблокировать пользователя»
Then команда не отправляется и не помещается в offline business queue
And UI сохраняет допустимый local draft или сообщает, что действие требует соединения"
AC-1341,MOD-019,FR-226,[STATE-020] Idempotency: повтор с тем же key/hash не создаёт двойной side effect,Critical,Integration,OpenAPI `POST_api_v1_users_id_block`; Stage_3_Field_Traceability.csv,"Given первая команда `POST_api_v1_users_id_block` уже принята с idempotency key и payload hash
When клиент безопасно повторяет тот же key и payload
Then сервер возвращает тот же бизнес-результат без второго side effect
And другой payload с тем же key отклоняется как IDEMPOTENCY_KEY_REUSED"
AC-1342,MOD-019,FR-227,Happy path: Деактивировать учётную запись без удаления профиля,Critical,Contract/integration,OpenAPI `POST_api_v1_users_id_deactivate`; Stage_3_Field_Traceability.csv,"Given пользователь имеет `User.Block` и выполнены предусловия
When клиент отправляет `POST /api/v1/users/{id}/deactivate` с контрактным payload и headers
Then сервер возвращает успешный контрактный ответ
And клиент отображает только authoritative response"
AC-1343,MOD-019,FR-227,[STATE-008/STATE-009] Permission denied: Деактивировать учётную запись без удаления профиля не выполняется и данные не раскрываются,Critical,Security/authorization,OpenAPI `POST_api_v1_users_id_deactivate`; Stage_3_Field_Traceability.csv,"Given пользователь аутентифицирован, но не имеет `User.Block` или требуемой relation
When клиент запрашивает `POST /api/v1/users/{id}/deactivate`
Then сервер возвращает 403/OBJECT_NOT_VISIBLE согласно контракту
And клиент не раскрывает скрытые данные и не применяет optimistic UI change"
AC-1344,MOD-019,FR-227,[STATE-032/STATE-033/STATE-034] Session/device interruption: операция прекращается без сохранения неподтверждённого состояния,Critical,Security/session,OpenAPI `POST_api_v1_users_id_deactivate`; Stage_3_Field_Traceability.csv,"Given access/refresh session или device больше не действительны
When клиент обращается к `POST /api/v1/users/{id}/deactivate`
Then сервер возвращает стабильную auth/session/device ошибку
And клиент прекращает команды, очищает запрещённые credentials/cache по политике и переводит пользователя в безопасный login/recovery flow"
AC-1345,MOD-019,FR-227,[STATE-014/STATE-025] Conflict/precondition: устаревшая или отсутствующая If-Match не приводит к overwrite,Critical,Concurrency/integration,OpenAPI `POST_api_v1_users_id_deactivate`; Stage_3_Field_Traceability.csv,"Given серверное состояние изменилось после загрузки клиентом
When клиент отправляет `POST /api/v1/users/{id}/deactivate` с устаревшей If-Match
Then сервер отклоняет команду без overwrite
And клиент сохраняет draft и предлагает refresh/compare/reapply или безопасный повтор"
AC-1346,MOD-019,FR-227,[STATE-010/STATE-011/STATE-012] Server unavailable/read-only: команда Деактивировать учётную запись без удаления профиля не ставится в offline queue,Critical,Desktop/resilience,OpenAPI `POST_api_v1_users_id_deactivate`; Stage_3_Field_Traceability.csv,"Given сервер недоступен или приложение находится в read-only cache mode
When пользователь пытается выполнить «Деактивировать учётную запись без удаления профиля»
Then команда не отправляется и не помещается в offline business queue
And UI сохраняет допустимый local draft или сообщает, что действие требует соединения"
AC-1347,MOD-019,FR-227,[STATE-020] Idempotency: повтор с тем же key/hash не создаёт двойной side effect,Critical,Integration,OpenAPI `POST_api_v1_users_id_deactivate`; Stage_3_Field_Traceability.csv,"Given первая команда `POST_api_v1_users_id_deactivate` уже принята с idempotency key и payload hash
When клиент безопасно повторяет тот же key и payload
Then сервер возвращает тот же бизнес-результат без второго side effect
And другой payload с тем же key отклоняется как IDEMPOTENCY_KEY_REUSED"
AC-1348,MOD-019,FR-228,Happy path: Диагностика эффективных прав,High,Contract/integration,OpenAPI `GET_api_v1_users_id_effective_permissions`; Stage_3_Field_Traceability.csv,
AC-1349,MOD-019,FR-228,[STATE-008/STATE-009] Permission denied: Диагностика эффективных прав не выполняется и данные не раскрываются,Critical,Security/authorization,OpenAPI `GET_api_v1_users_id_effective_permissions`; Stage_3_Field_Traceability.csv,"Given пользователь аутентифицирован, но не имеет `Authorization.Explain` или требуемой relation
When клиент запрашивает `GET /api/v1/users/{id}/effective-permissions`
Then сервер возвращает 403/OBJECT_NOT_VISIBLE согласно контракту
And клиент не раскрывает скрытые данные и не применяет optimistic UI change"
AC-1350,MOD-019,FR-228,[STATE-032/STATE-033/STATE-034] Session/device interruption: операция прекращается без сохранения неподтверждённого состояния,Critical,Security/session,OpenAPI `GET_api_v1_users_id_effective_permissions`; Stage_3_Field_Traceability.csv,"Given access/refresh session или device больше не действительны
When клиент обращается к `GET /api/v1/users/{id}/effective-permissions`
Then сервер возвращает стабильную auth/session/device ошибку
And клиент прекращает команды, очищает запрещённые credentials/cache по политике и переводит пользователя в безопасный login/recovery flow"
AC-1351,MOD-019,FR-229,Happy path: Повторно активировать деактивированную учётную запись,Critical,Contract/integration,OpenAPI `POST_api_v1_users_id_reactivate`; Stage_3_Field_Traceability.csv,"Given пользователь имеет `User.Block` и выполнены предусловия
When клиент отправляет `POST /api/v1/users/{id}/reactivate` с контрактным payload и headers
Then сервер возвращает успешный контрактный ответ
And клиент отображает только authoritative response"
AC-1352,MOD-019,FR-229,[STATE-008/STATE-009] Permission denied: Повторно активировать деактивированную учётную запись не выполняется и данные не раскрываются,Critical,Security/authorization,OpenAPI `POST_api_v1_users_id_reactivate`; Stage_3_Field_Traceability.csv,"Given пользователь аутентифицирован, но не имеет `User.Block` или требуемой relation
When клиент запрашивает `POST /api/v1/users/{id}/reactivate`
Then сервер возвращает 403/OBJECT_NOT_VISIBLE согласно контракту
And клиент не раскрывает скрытые данные и не применяет optimistic UI change"
AC-1353,MOD-019,FR-229,[STATE-032/STATE-033/STATE-034] Session/device interruption: операция прекращается без сохранения неподтверждённого состояния,Critical,Security/session,OpenAPI `POST_api_v1_users_id_reactivate`; Stage_3_Field_Traceability.csv,"Given access/refresh session или device больше не действительны
When клиент обращается к `POST /api/v1/users/{id}/reactivate`
Then сервер возвращает стабильную auth/session/device ошибку
And клиент прекращает команды, очищает запрещённые credentials/cache по политике и переводит пользователя в безопасный login/recovery flow"
AC-1354,MOD-019,FR-229,[STATE-014/STATE-025] Conflict/precondition: устаревшая или отсутствующая If-Match не приводит к overwrite,Critical,Concurrency/integration,OpenAPI `POST_api_v1_users_id_reactivate`; Stage_3_Field_Traceability.csv,"Given серверное состояние изменилось после загрузки клиентом
When клиент отправляет `POST /api/v1/users/{id}/reactivate` с устаревшей If-Match
Then сервер отклоняет команду без overwrite
And клиент сохраняет draft и предлагает refresh/compare/reapply или безопасный повтор"
AC-1355,MOD-019,FR-229,[STATE-010/STATE-011/STATE-012] Server unavailable/read-only: команда Повторно активировать деактивированную учётную запись не ставится в offline queue,Critical,Desktop/resilience,OpenAPI `POST_api_v1_users_id_reactivate`; Stage_3_Field_Traceability.csv,"Given сервер недоступен или приложение находится в read-only cache mode
When пользователь пытается выполнить «Повторно активировать деактивированную учётную запись»
Then команда не отправляется и не помещается в offline business queue
And UI сохраняет допустимый local draft или сообщает, что действие требует соединения"
AC-1356,MOD-019,FR-230,Happy path: Разблокировать пользователя,Critical,Contract/integration,OpenAPI `POST_api_v1_users_id_unblock`; Stage_3_Field_Traceability.csv,"Given пользователь имеет `User.Block` и выполнены предусловия
When клиент отправляет `POST /api/v1/users/{id}/unblock` с контрактным payload и headers
Then сервер возвращает успешный контрактный ответ
And клиент отображает только authoritative response"
AC-1357,MOD-019,FR-230,[STATE-008/STATE-009] Permission denied: Разблокировать пользователя не выполняется и данные не раскрываются,Critical,Security/authorization,OpenAPI `POST_api_v1_users_id_unblock`; Stage_3_Field_Traceability.csv,"Given пользователь аутентифицирован, но не имеет `User.Block` или требуемой relation
When клиент запрашивает `POST /api/v1/users/{id}/unblock`
Then сервер возвращает 403/OBJECT_NOT_VISIBLE согласно контракту
And клиент не раскрывает скрытые данные и не применяет optimistic UI change"
AC-1358,MOD-019,FR-230,[STATE-032/STATE-033/STATE-034] Session/device interruption: операция прекращается без сохранения неподтверждённого состояния,Critical,Security/session,OpenAPI `POST_api_v1_users_id_unblock`; Stage_3_Field_Traceability.csv,"Given access/refresh session или device больше не действительны
When клиент обращается к `POST /api/v1/users/{id}/unblock`
Then сервер возвращает стабильную auth/session/device ошибку
And клиент прекращает команды, очищает запрещённые credentials/cache по политике и переводит пользователя в безопасный login/recovery flow"
AC-1359,MOD-019,FR-230,[STATE-014/STATE-025] Conflict/precondition: устаревшая или отсутствующая If-Match не приводит к overwrite,Critical,Concurrency/integration,OpenAPI `POST_api_v1_users_id_unblock`; Stage_3_Field_Traceability.csv,"Given серверное состояние изменилось после загрузки клиентом
When клиент отправляет `POST /api/v1/users/{id}/unblock` с устаревшей If-Match
Then сервер отклоняет команду без overwrite
And клиент сохраняет draft и предлагает refresh/compare/reapply или безопасный повтор"
AC-1360,MOD-019,FR-230,[STATE-010/STATE-011/STATE-012] Server unavailable/read-only: команда Разблокировать пользователя не ставится в offline queue,Critical,Desktop/resilience,OpenAPI `POST_api_v1_users_id_unblock`; Stage_3_Field_Traceability.csv,"Given сервер недоступен или приложение находится в read-only cache mode
When пользователь пытается выполнить «Разблокировать пользователя»
Then команда не отправляется и не помещается в offline business queue
And UI сохраняет допустимый local draft или сообщает, что действие требует соединения"
AC-1361,MOD-020,FR-231,Happy path: Параметры WebSocket/realtime,High,Contract/integration,OpenAPI `GET_api_v1_realtime_negotiate`; Stage_3_Field_Traceability.csv,
AC-1362,MOD-020,FR-231,[STATE-032/STATE-033/STATE-034] Session/device interruption: операция прекращается без сохранения неподтверждённого состояния,Critical,Security/session,OpenAPI `GET_api_v1_realtime_negotiate`; Stage_3_Field_Traceability.csv,"Given access/refresh session или device больше не действительны
When клиент обращается к `GET /api/v1/realtime/negotiate`
Then сервер возвращает стабильную auth/session/device ошибку
And клиент прекращает команды, очищает запрещённые credentials/cache по политике и переводит пользователя в безопасный login/recovery flow"
AC-1363,MOD-020,FR-231,[STATE-014/STATE-025] Conflict/precondition: устаревшая или отсутствующая контрактная версия/precondition не приводит к overwrite,Critical,Concurrency/integration,OpenAPI `GET_api_v1_realtime_negotiate`; Stage_3_Field_Traceability.csv,"Given серверное состояние изменилось после загрузки клиентом
When клиент отправляет `GET /api/v1/realtime/negotiate` с устаревшей контрактная версия/precondition
Then сервер отклоняет команду без overwrite
And клиент сохраняет draft и предлагает refresh/compare/reapply или безопасный повтор"
AC-1364,MOD-020,FR-232,Happy path: Подтвердить применённый cursor,Critical,Contract/integration,OpenAPI `POST_api_v1_sync_ack`; Stage_3_Field_Traceability.csv,"Given пользователь имеет `Sync.Read` и выполнены предусловия
When клиент отправляет `POST /api/v1/sync/ack` с контрактным payload и headers
Then сервер возвращает успешный контрактный ответ
And клиент отображает только authoritative response"
AC-1365,MOD-020,FR-232,[STATE-008/STATE-009] Permission denied: Подтвердить применённый cursor не выполняется и данные не раскрываются,Critical,Security/authorization,OpenAPI `POST_api_v1_sync_ack`; Stage_3_Field_Traceability.csv,"Given пользователь аутентифицирован, но не имеет `Sync.Read` или требуемой relation
When клиент запрашивает `POST /api/v1/sync/ack`
Then сервер возвращает 403/OBJECT_NOT_VISIBLE согласно контракту
And клиент не раскрывает скрытые данные и не применяет optimistic UI change"
AC-1366,MOD-020,FR-232,[STATE-032/STATE-033/STATE-034] Session/device interruption: операция прекращается без сохранения неподтверждённого состояния,Critical,Security/session,OpenAPI `POST_api_v1_sync_ack`; Stage_3_Field_Traceability.csv,"Given access/refresh session или device больше не действительны
When клиент обращается к `POST /api/v1/sync/ack`
Then сервер возвращает стабильную auth/session/device ошибку
And клиент прекращает команды, очищает запрещённые credentials/cache по политике и переводит пользователя в безопасный login/recovery flow"
AC-1367,MOD-020,FR-232,[STATE-014/STATE-025] Conflict/precondition: устаревшая или отсутствующая If-Match не приводит к overwrite,Critical,Concurrency/integration,OpenAPI `POST_api_v1_sync_ack`; Stage_3_Field_Traceability.csv,"Given серверное состояние изменилось после загрузки клиентом
When клиент отправляет `POST /api/v1/sync/ack` с устаревшей If-Match
Then сервер отклоняет команду без overwrite
And клиент сохраняет draft и предлагает refresh/compare/reapply или безопасный повтор"
AC-1368,MOD-020,FR-232,[STATE-010/STATE-011/STATE-012] Server unavailable/read-only: команда Подтвердить применённый cursor не ставится в offline queue,Critical,Desktop/resilience,OpenAPI `POST_api_v1_sync_ack`; Stage_3_Field_Traceability.csv,"Given сервер недоступен или приложение находится в read-only cache mode
When пользователь пытается выполнить «Подтвердить применённый cursor»
Then команда не отправляется и не помещается в offline business queue
And UI сохраняет допустимый local draft или сообщает, что действие требует соединения"
AC-1369,MOD-020,FR-233,Happy path: Начальная авторизационная синхронизация,Critical,Contract/integration,OpenAPI `POST_api_v1_sync_bootstrap`; Stage_3_Field_Traceability.csv,"Given пользователь имеет `Sync.Read` и выполнены предусловия
When клиент отправляет `POST /api/v1/sync/bootstrap` с контрактным payload и headers
Then сервер возвращает успешный контрактный ответ
And клиент отображает только authoritative response"
AC-1370,MOD-020,FR-233,[STATE-008/STATE-009] Permission denied: Начальная авторизационная синхронизация не выполняется и данные не раскрываются,Critical,Security/authorization,OpenAPI `POST_api_v1_sync_bootstrap`; Stage_3_Field_Traceability.csv,"Given пользователь аутентифицирован, но не имеет `Sync.Read` или требуемой relation
When клиент запрашивает `POST /api/v1/sync/bootstrap`
Then сервер возвращает 403/OBJECT_NOT_VISIBLE согласно контракту
And клиент не раскрывает скрытые данные и не применяет optimistic UI change"
AC-1371,MOD-020,FR-233,[STATE-032/STATE-033/STATE-034] Session/device interruption: операция прекращается без сохранения неподтверждённого состояния,Critical,Security/session,OpenAPI `POST_api_v1_sync_bootstrap`; Stage_3_Field_Traceability.csv,"Given access/refresh session или device больше не действительны
When клиент обращается к `POST /api/v1/sync/bootstrap`
Then сервер возвращает стабильную auth/session/device ошибку
And клиент прекращает команды, очищает запрещённые credentials/cache по политике и переводит пользователя в безопасный login/recovery flow"
AC-1372,MOD-020,FR-233,[STATE-007] Validation: fieldErrors сохраняют draft и привязываются к canonical field path,High,Contract/UI,OpenAPI `POST_api_v1_sync_bootstrap`; Stage_3_Field_Traceability.csv,"Given пользователь заполнил payload для `POST_api_v1_sync_bootstrap` с нарушением DTO constraint
When сервер возвращает VALIDATION_FAILED с fieldErrors
Then draft сохраняется, ошибки связываются с canonical field paths и фокус переходит к первой ошибке"
AC-1373,MOD-020,FR-233,[STATE-014/STATE-025] Conflict/precondition: устаревшая или отсутствующая контрактная версия/precondition не приводит к overwrite,Critical,Concurrency/integration,OpenAPI `POST_api_v1_sync_bootstrap`; Stage_3_Field_Traceability.csv,"Given серверное состояние изменилось после загрузки клиентом
When клиент отправляет `POST /api/v1/sync/bootstrap` с устаревшей контрактная версия/precondition
Then сервер отклоняет команду без overwrite
And клиент сохраняет draft и предлагает refresh/compare/reapply или безопасный повтор"
AC-1374,MOD-020,FR-233,[STATE-010/STATE-011/STATE-012] Server unavailable/read-only: команда Начальная авторизационная синхронизация не ставится в offline queue,Critical,Desktop/resilience,OpenAPI `POST_api_v1_sync_bootstrap`; Stage_3_Field_Traceability.csv,"Given сервер недоступен или приложение находится в read-only cache mode
When пользователь пытается выполнить «Начальная авторизационная синхронизация»
Then команда не отправляется и не помещается в offline business queue
And UI сохраняет допустимый local draft или сообщает, что действие требует соединения"
AC-1375,MOD-020,FR-233,[STATE-020] Idempotency: повтор с тем же key/hash не создаёт двойной side effect,Critical,Integration,OpenAPI `POST_api_v1_sync_bootstrap`; Stage_3_Field_Traceability.csv,"Given первая команда `POST_api_v1_sync_bootstrap` уже принята с idempotency key и payload hash
When клиент безопасно повторяет тот же key и payload
Then сервер возвращает тот же бизнес-результат без второго side effect
And другой payload с тем же key отклоняется как IDEMPOTENCY_KEY_REUSED"
AC-1376,MOD-020,FR-234,Happy path: Изменения после cursor,High,Contract/integration,OpenAPI `GET_api_v1_sync_changes`; Stage_3_Field_Traceability.csv,
AC-1377,MOD-020,FR-234,[STATE-008/STATE-009] Permission denied: Изменения после cursor не выполняется и данные не раскрываются,Critical,Security/authorization,OpenAPI `GET_api_v1_sync_changes`; Stage_3_Field_Traceability.csv,"Given пользователь аутентифицирован, но не имеет `Sync.Read` или требуемой relation
When клиент запрашивает `GET /api/v1/sync/changes`
Then сервер возвращает 403/OBJECT_NOT_VISIBLE согласно контракту
And клиент не раскрывает скрытые данные и не применяет optimistic UI change"
AC-1378,MOD-020,FR-234,[STATE-032/STATE-033/STATE-034] Session/device interruption: операция прекращается без сохранения неподтверждённого состояния,Critical,Security/session,OpenAPI `GET_api_v1_sync_changes`; Stage_3_Field_Traceability.csv,"Given access/refresh session или device больше не действительны
When клиент обращается к `GET /api/v1/sync/changes`
Then сервер возвращает стабильную auth/session/device ошибку
And клиент прекращает команды, очищает запрещённые credentials/cache по политике и переводит пользователя в безопасный login/recovery flow"
AC-1379,MOD-020,FR-234,[STATE-007] Validation: fieldErrors сохраняют draft и привязываются к canonical field path,High,Contract/UI,OpenAPI `GET_api_v1_sync_changes`; Stage_3_Field_Traceability.csv,"Given пользователь заполнил payload для `GET_api_v1_sync_changes` с нарушением DTO constraint
When сервер возвращает VALIDATION_FAILED с fieldErrors
Then draft сохраняется, ошибки связываются с canonical field paths и фокус переходит к первой ошибке"
AC-1380,MOD-020,FR-234,[STATE-014/STATE-025] Conflict/precondition: устаревшая или отсутствующая контрактная версия/precondition не приводит к overwrite,Critical,Concurrency/integration,OpenAPI `GET_api_v1_sync_changes`; Stage_3_Field_Traceability.csv,"Given серверное состояние изменилось после загрузки клиентом
When клиент отправляет `GET /api/v1/sync/changes` с устаревшей контрактная версия/precondition
Then сервер отклоняет команду без overwrite
And клиент сохраняет draft и предлагает refresh/compare/reapply или безопасный повтор"
AC-1381,MOD-021,FR-235,Happy path: Технический аудит,High,Contract/integration,OpenAPI `GET_api_v1_audit`; Stage_3_Field_Traceability.csv,
AC-1382,MOD-021,FR-235,[STATE-008/STATE-009] Permission denied: Технический аудит не выполняется и данные не раскрываются,Critical,Security/authorization,OpenAPI `GET_api_v1_audit`; Stage_3_Field_Traceability.csv,"Given пользователь аутентифицирован, но не имеет `Audit.ReadAll` или требуемой relation
When клиент запрашивает `GET /api/v1/audit`
Then сервер возвращает 403/OBJECT_NOT_VISIBLE согласно контракту
And клиент не раскрывает скрытые данные и не применяет optimistic UI change"
AC-1383,MOD-021,FR-235,[STATE-032/STATE-033/STATE-034] Session/device interruption: операция прекращается без сохранения неподтверждённого состояния,Critical,Security/session,OpenAPI `GET_api_v1_audit`; Stage_3_Field_Traceability.csv,"Given access/refresh session или device больше не действительны
When клиент обращается к `GET /api/v1/audit`
Then сервер возвращает стабильную auth/session/device ошибку
And клиент прекращает команды, очищает запрещённые credentials/cache по политике и переводит пользователя в безопасный login/recovery flow"
AC-1384,MOD-021,FR-236,Happy path: Экспорт ограниченного журнала,High,Contract/integration,OpenAPI `GET_api_v1_audit_export`; Stage_3_Field_Traceability.csv,
AC-1385,MOD-021,FR-236,[STATE-008/STATE-009] Permission denied: Экспорт ограниченного журнала не выполняется и данные не раскрываются,Critical,Security/authorization,OpenAPI `GET_api_v1_audit_export`; Stage_3_Field_Traceability.csv,"Given пользователь аутентифицирован, но не имеет `Audit.ReadAll` или требуемой relation
When клиент запрашивает `GET /api/v1/audit/export`
Then сервер возвращает 403/OBJECT_NOT_VISIBLE согласно контракту
And клиент не раскрывает скрытые данные и не применяет optimistic UI change"
AC-1386,MOD-021,FR-236,[STATE-032/STATE-033/STATE-034] Session/device interruption: операция прекращается без сохранения неподтверждённого состояния,Critical,Security/session,OpenAPI `GET_api_v1_audit_export`; Stage_3_Field_Traceability.csv,"Given access/refresh session или device больше не действительны
When клиент обращается к `GET /api/v1/audit/export`
Then сервер возвращает стабильную auth/session/device ошибку
And клиент прекращает команды, очищает запрещённые credentials/cache по политике и переводит пользователя в безопасный login/recovery flow"
AC-1387,MOD-021,FR-236,[STATE-020] Idempotency: повтор с тем же key/hash не создаёт двойной side effect,Critical,Integration,OpenAPI `GET_api_v1_audit_export`; Stage_3_Field_Traceability.csv,"Given первая команда `GET_api_v1_audit_export` уже принята с idempotency key и payload hash
When клиент безопасно повторяет тот же key и payload
Then сервер возвращает тот же бизнес-результат без второго side effect
And другой payload с тем же key отклоняется как IDEMPOTENCY_KEY_REUSED"
AC-1388,MOD-021,FR-237,Happy path: История доступного объекта,High,Contract/integration,OpenAPI `GET_api_v1_objects_objectId_history`; Stage_3_Field_Traceability.csv,
AC-1389,MOD-021,FR-237,[STATE-008/STATE-009] Permission denied: История доступного объекта не выполняется и данные не раскрываются,Critical,Security/authorization,OpenAPI `GET_api_v1_objects_objectId_history`; Stage_3_Field_Traceability.csv,"Given пользователь аутентифицирован, но не имеет `History.Read` или требуемой relation
When клиент запрашивает `GET /api/v1/objects/{objectId}/history`
Then сервер возвращает 403/OBJECT_NOT_VISIBLE согласно контракту
And клиент не раскрывает скрытые данные и не применяет optimistic UI change"
AC-1390,MOD-021,FR-237,[STATE-032/STATE-033/STATE-034] Session/device interruption: операция прекращается без сохранения неподтверждённого состояния,Critical,Security/session,OpenAPI `GET_api_v1_objects_objectId_history`; Stage_3_Field_Traceability.csv,"Given access/refresh session или device больше не действительны
When клиент обращается к `GET /api/v1/objects/{objectId}/history`
Then сервер возвращает стабильную auth/session/device ошибку
And клиент прекращает команды, очищает запрещённые credentials/cache по политике и переводит пользователя в безопасный login/recovery flow"
AC-1391,MOD-021,FR-238,Happy path: Снимок/изменения версии,High,Contract/integration,OpenAPI `GET_api_v1_objects_objectId_history_version`; Stage_3_Field_Traceability.csv,
AC-1392,MOD-021,FR-238,[STATE-008/STATE-009] Permission denied: Снимок/изменения версии не выполняется и данные не раскрываются,Critical,Security/authorization,OpenAPI `GET_api_v1_objects_objectId_history_version`; Stage_3_Field_Traceability.csv,"Given пользователь аутентифицирован, но не имеет `History.Read` или требуемой relation
When клиент запрашивает `GET /api/v1/objects/{objectId}/history/{version}`
Then сервер возвращает 403/OBJECT_NOT_VISIBLE согласно контракту
And клиент не раскрывает скрытые данные и не применяет optimistic UI change"
AC-1393,MOD-021,FR-238,[STATE-032/STATE-033/STATE-034] Session/device interruption: операция прекращается без сохранения неподтверждённого состояния,Critical,Security/session,OpenAPI `GET_api_v1_objects_objectId_history_version`; Stage_3_Field_Traceability.csv,"Given access/refresh session или device больше не действительны
When клиент обращается к `GET /api/v1/objects/{objectId}/history/{version}`
Then сервер возвращает стабильную auth/session/device ошибку
And клиент прекращает команды, очищает запрещённые credentials/cache по политике и переводит пользователя в безопасный login/recovery flow"
AC-1394,MOD-021,FR-239,Happy path: История проекта,High,Contract/integration,OpenAPI `GET_api_v1_projects_id_history`; Stage_3_Field_Traceability.csv,
AC-1395,MOD-021,FR-239,[STATE-008/STATE-009] Permission denied: История проекта не выполняется и данные не раскрываются,Critical,Security/authorization,OpenAPI `GET_api_v1_projects_id_history`; Stage_3_Field_Traceability.csv,"Given пользователь аутентифицирован, но не имеет `History.Read` или требуемой relation
When клиент запрашивает `GET /api/v1/projects/{id}/history`
Then сервер возвращает 403/OBJECT_NOT_VISIBLE согласно контракту
And клиент не раскрывает скрытые данные и не применяет optimistic UI change"
AC-1396,MOD-021,FR-239,[STATE-032/STATE-033/STATE-034] Session/device interruption: операция прекращается без сохранения неподтверждённого состояния,Critical,Security/session,OpenAPI `GET_api_v1_projects_id_history`; Stage_3_Field_Traceability.csv,"Given access/refresh session или device больше не действительны
When клиент обращается к `GET /api/v1/projects/{id}/history`
Then сервер возвращает стабильную auth/session/device ошибку
And клиент прекращает команды, очищает запрещённые credentials/cache по политике и переводит пользователя в безопасный login/recovery flow"
AC-1397,MOD-021,FR-240,Happy path: История задачи,High,Contract/integration,OpenAPI `GET_api_v1_tasks_id_history`; Stage_3_Field_Traceability.csv,
AC-1398,MOD-021,FR-240,[STATE-008/STATE-009] Permission denied: История задачи не выполняется и данные не раскрываются,Critical,Security/authorization,OpenAPI `GET_api_v1_tasks_id_history`; Stage_3_Field_Traceability.csv,"Given пользователь аутентифицирован, но не имеет `History.Read` или требуемой relation
When клиент запрашивает `GET /api/v1/tasks/{id}/history`
Then сервер возвращает 403/OBJECT_NOT_VISIBLE согласно контракту
And клиент не раскрывает скрытые данные и не применяет optimistic UI change"
AC-1399,MOD-021,FR-240,[STATE-032/STATE-033/STATE-034] Session/device interruption: операция прекращается без сохранения неподтверждённого состояния,Critical,Security/session,OpenAPI `GET_api_v1_tasks_id_history`; Stage_3_Field_Traceability.csv,"Given access/refresh session или device больше не действительны
When клиент обращается к `GET /api/v1/tasks/{id}/history`
Then сервер возвращает стабильную auth/session/device ошибку
And клиент прекращает команды, очищает запрещённые credentials/cache по политике и переводит пользователя в безопасный login/recovery flow"
AC-1400,MOD-021,FR-241,Happy path: История пользователя,High,Contract/integration,OpenAPI `GET_api_v1_users_id_history`; Stage_3_Field_Traceability.csv,
AC-1401,MOD-021,FR-241,[STATE-008/STATE-009] Permission denied: История пользователя не выполняется и данные не раскрываются,Critical,Security/authorization,OpenAPI `GET_api_v1_users_id_history`; Stage_3_Field_Traceability.csv,"Given пользователь аутентифицирован, но не имеет `History.Read` или требуемой relation
When клиент запрашивает `GET /api/v1/users/{id}/history`
Then сервер возвращает 403/OBJECT_NOT_VISIBLE согласно контракту
And клиент не раскрывает скрытые данные и не применяет optimistic UI change"
AC-1402,MOD-021,FR-241,[STATE-032/STATE-033/STATE-034] Session/device interruption: операция прекращается без сохранения неподтверждённого состояния,Critical,Security/session,OpenAPI `GET_api_v1_users_id_history`; Stage_3_Field_Traceability.csv,"Given access/refresh session или device больше не действительны
When клиент обращается к `GET /api/v1/users/{id}/history`
Then сервер возвращает стабильную auth/session/device ошибку
And клиент прекращает команды, очищает запрещённые credentials/cache по политике и переводит пользователя в безопасный login/recovery flow"
AC-1403,MOD-001,FR-242,Desktop behavior: Клиент должен хранить refresh secret только в Windows Credential Manager и очищать его при revoke/reuse.,High,Desktop/UI,Stage 3.4 UX Architecture,
AC-1404,MOD-002,FR-243,Desktop behavior: Shell должен восстанавливать только последний безопасный маршрут после повторной проверки capabilities.,High,Desktop/UI,Stage 3.4 UX Architecture,
AC-1405,MOD-002,FR-244,Desktop behavior: Все глобальные команды должны иметь keyboard route и не зависеть только от pointer/drag.,High,Desktop/UI,Stage 3.4 UX Architecture,
AC-1406,MOD-002,FR-245,Desktop behavior: Toast/deep link должен фокусировать существующий экземпляр приложения и повторно загрузить target.,High,Desktop/UI,Stage 3.4 UX Architecture,
AC-1407,MOD-003,FR-246,Desktop behavior: Today должен независимо показывать loading/error для каждой секции и сохранять успешно загруженные секции.,High,Desktop/UI,Stage 3.4 UX Architecture,
AC-1408,MOD-004,FR-247,Desktop behavior: При неуспешном преобразовании InboxItem локальный source не должен исчезать или помечаться converted.,High,Desktop/UI,Stage 3.4 UX Architecture,
AC-1409,MOD-005,FR-248,Desktop behavior: Полный редактор Task должен сохранять draft только по явной команде и сохранять его в памяти при recoverable error.,High,Desktop/UI,Stage 3.4 UX Architecture,
AC-1410,MOD-005,FR-249,"Desktop behavior: Task list должен поддерживать представления по датам, проектам, исполнителям, статусам и приоритетам без client-side обхода permissions.",High,Desktop/UI,Stage 3.4 UX Architecture,
AC-1411,MOD-005,FR-249,Security: недоступные данные/действия не раскрываются через локальное состояние,Critical,Security/UI,DEC-004/030/032,
AC-1412,MOD-005,FR-250,"Desktop behavior: Review workflow должен показывать только server-allowed переходы: отправить на проверку, принять, вернуть в работу.",High,Desktop/UI,Stage 3.4 UX Architecture,
AC-1413,MOD-006,FR-251,"Desktop behavior: Интерфейс должен предлагать создать sibling вместо child, если parent уже является подзадачей.",High,Desktop/UI,Stage 3.4 UX Architecture,
AC-1414,MOD-007,FR-252,Desktop behavior: Перед изменением серии интерфейс должен показать preview affected count и потребовать scope one/future/all.,High,Desktop/UI,Stage 3.4 UX Architecture,
AC-1415,MOD-007,FR-252,Security: недоступные данные/действия не раскрываются через локальное состояние,Critical,Security/UI,DEC-004/030/032,
AC-1416,MOD-008,FR-253,Desktop behavior: Snooze action должен явно показывать новое время и не менять Task/Event schedule.,High,Desktop/UI,Stage 3.4 UX Architecture,
AC-1417,MOD-009,FR-254,Desktop behavior: Каждое drag/resize действие должно иметь keyboard-equivalent dialog с теми же полями.,High,Desktop/UI,Stage 3.4 UX Architecture,
AC-1418,MOD-010,FR-255,Desktop behavior: Project tabs должны сохранять единый context и скрывать недоступные relations без скрытых counts.,High,Desktop/UI,Stage 3.4 UX Architecture,
AC-1419,MOD-010,FR-255,Security: недоступные данные/действия не раскрываются через локальное состояние,Critical,Security/UI,DEC-004/030/032,
AC-1420,MOD-011,FR-256,"[STATE-031] Desktop behavior: Desktop File Access Adapter должен различать no location, not found, access denied, network unavailable, unsafe path и unsafe type.",High,Desktop/UI,Stage 3.4 UX Architecture,
AC-1421,MOD-011,FR-257,Desktop behavior: Физическое открытие должно выполняться через Windows Shell только после выбора и проверки разрешённого location.,High,Desktop/UI,Stage 3.4 UX Architecture,
AC-1422,MOD-012,FR-258,"Desktop behavior: Карточка CRM должна редактировать channels/addresses отдельными commands, не подменяя их одним несуществующим aggregate field.",High,Desktop/UI,Stage 3.4 UX Architecture,
AC-1423,MOD-013,FR-259,Desktop behavior: Создание object link не должно автоматически предоставлять read permission на target.,High,Desktop/UI,Stage 3.4 UX Architecture,
AC-1424,MOD-013,FR-259,Security: недоступные данные/действия не раскрываются через локальное состояние,Critical,Security/UI,DEC-004/030/032,
AC-1425,MOD-014,FR-260,Desktop behavior: При offline search интерфейс должен показывать cache-only banner и не заявлять полноту результатов.,High,Desktop/UI,Stage 3.4 UX Architecture,
AC-1426,MOD-015,FR-261,Desktop behavior: Windows toast должен иметь текстовую альтернативу в Notification Center и не полагаться только на цвет.,High,Desktop/UI,Stage 3.4 UX Architecture,
AC-1427,MOD-016,FR-262,[STATE-018] Desktop behavior: Archived banner должен отличаться от completed status и Trash.,High,Desktop/UI,Stage 3.4 UX Architecture,
AC-1428,MOD-017,FR-263,"[STATE-018] Desktop behavior: Подтверждение purge должно явно сообщать, что удаляется metadata, а физический файл не удаляется.",High,Desktop/UI,Stage 3.4 UX Architecture,
AC-1429,MOD-018,FR-264,SCR-153 показывает только contract-backed organization urgency controls и не показывает unsupported avatar/personal override/HEX/external channels.,High,Desktop/UI,Stage 2.3.1 OpenAPI 1.2.0-stage2.3; Stage 3.5 UX baseline; Stage 4.1.2 delta,
AC-1430,MOD-019,FR-265,"Desktop behavior: Admin UI должен предоставлять только allowlisted операции, без shell/SQL/file browser к серверу.",High,Desktop/UI,Stage 3.4 UX Architecture,
AC-1431,MOD-020,FR-266,Desktop behavior: При отсутствии сервера все бизнес-команды должны быть disabled до подтверждённого reconnect и sync.,High,Desktop/UI,Stage 3.4 UX Architecture,
AC-1432,MOD-020,FR-267,"Desktop behavior: Conflict resolver должен сохранять локальный draft и предлагать reload, compare, reapply или discard без автоматического merge одинакового field.",High,Desktop/UI,Stage 3.4 UX Architecture,
AC-1433,MOD-020,FR-268,Desktop behavior: При SYNC_SCOPE_CHANGED чувствительные projections должны быть удалены до отображения нового scope.,High,Desktop/UI,Stage 3.4 UX Architecture,
AC-1434,MOD-020,FR-268,Security: недоступные данные/действия не раскрываются через локальное состояние,Critical,Security/UI,DEC-004/030/032,
AC-1435,MOD-021,FR-269,"[STATE-016/STATE-030] Desktop behavior: Пользовательская история должна отображать actor, time, action и redacted before/after только при текущем доступе к объекту.",High,Desktop/UI,Stage 3.4 UX Architecture,
AC-1436,MOD-001,DATA-001,[STATE-007] Field contract: LoginRequest.login respects type/required/nullable/limits/PATCH semantics,High,Boundary/contract UI,openapi.yaml:LoginRequest.login,"Given пользователь редактирует `LoginRequest.login` через `login · TextBox`
When введённое значение нарушает `minLength=3; maxLength=100` или required/nullable rule
Then клиент не подменяет контракт и показывает `Обязательное поле. minLength=3; maxLength=100.`
And серверная VALIDATION_FAILED остаётся authoritative"
AC-1437,MOD-001,DATA-001,[STATE-007] Field contract: LoginRequest.password respects type/required/nullable/limits/PATCH semantics,High,Boundary/contract UI,openapi.yaml:LoginRequest.password,"Given пользователь редактирует `LoginRequest.password` через `password · PasswordBox`
When введённое значение нарушает `minLength=1; maxLength=1024` или required/nullable rule
Then клиент не подменяет контракт и показывает `Обязательное поле. minLength=1; maxLength=1024.`
And серверная VALIDATION_FAILED остаётся authoritative"
AC-1438,MOD-001,DATA-001,[STATE-007] Field contract: ChangePasswordRequest.currentPassword respects type/required/nullable/limits/PATCH semantics,High,Boundary/contract UI,openapi.yaml:ChangePasswordRequest.currentPassword,"Given пользователь редактирует `ChangePasswordRequest.currentPassword` через `currentPassword · PasswordBox`
When введённое значение нарушает `minLength=1; maxLength=1024` или required/nullable rule
Then клиент не подменяет контракт и показывает `Обязательное поле. minLength=1; maxLength=1024.`
And серверная VALIDATION_FAILED остаётся authoritative"
AC-1439,MOD-001,DATA-001,[STATE-007] Field contract: ChangePasswordRequest.newPassword respects type/required/nullable/limits/PATCH semantics,High,Boundary/contract UI,openapi.yaml:ChangePasswordRequest.newPassword,"Given пользователь редактирует `ChangePasswordRequest.newPassword` через `newPassword · PasswordBox`
When введённое значение нарушает `minLength=12; maxLength=1024` или required/nullable rule
Then клиент не подменяет контракт и показывает `Обязательное поле. minLength=12; maxLength=1024.`
And серверная VALIDATION_FAILED остаётся authoritative"
AC-1440,MOD-001,DATA-001,[STATE-007] Field contract: AdminResetPasswordRequest.temporaryPassword respects type/required/nullable/limits/PATCH semantics,High,Boundary/contract UI,openapi.yaml:AdminResetPasswordRequest.temporaryPassword,"Given пользователь редактирует `AdminResetPasswordRequest.temporaryPassword` через `temporaryPassword · PasswordBox`
When введённое значение нарушает `minLength=12; maxLength=1024` или required/nullable rule
Then клиент не подменяет контракт и показывает `Обязательное поле. minLength=12; maxLength=1024.`
And серверная VALIDATION_FAILED остаётся authoritative"
AC-1441,MOD-001,DATA-001,[STATE-007] Field contract: AdminResetPasswordRequest.expectedVersion respects type/required/nullable/limits/PATCH semantics,High,Boundary/contract UI,openapi.yaml:AdminResetPasswordRequest.expectedVersion,"Given пользователь редактирует `AdminResetPasswordRequest.expectedVersion` через `expectedVersion · Hidden concurrency token`
When введённое значение нарушает `min=1` или required/nullable rule
Then клиент не подменяет контракт и показывает `Обязательное поле. min=1.`
And серверная VALIDATION_FAILED остаётся authoritative"
AC-1442,MOD-001,DATA-001,[STATE-007] Field contract: AdminResetPasswordRequest.targetUserId respects type/required/nullable/limits/PATCH semantics,High,Boundary/contract UI,openapi.yaml:AdminResetPasswordRequest.targetUserId,"Given пользователь редактирует `AdminResetPasswordRequest.targetUserId` через `targetUserId · Object picker/value editor`
When введённое значение нарушает `—` или required/nullable rule
Then клиент не подменяет контракт и показывает `Обязательное поле.`
And серверная VALIDATION_FAILED остаётся authoritative"
AC-1443,MOD-001,DATA-001,[STATE-007] Field contract: LoginRequest.device respects type/required/nullable/limits/PATCH semantics,High,Boundary/contract UI,openapi.yaml:LoginRequest.device,"Given пользователь редактирует `LoginRequest.device` через `device · System-managed device metadata`
When введённое значение нарушает `—` или required/nullable rule
Then клиент не подменяет контракт и показывает `Обязательное поле.`
And серверная VALIDATION_FAILED остаётся authoritative"
AC-1444,MOD-001,DATA-001,[STATE-007] Field contract: LogoutAllRequest.keepCurrentSession respects type/required/nullable/limits/PATCH semantics,High,Boundary/contract UI,openapi.yaml:LogoutAllRequest.keepCurrentSession,"Given пользователь редактирует `LogoutAllRequest.keepCurrentSession` через `keepCurrentSession · CheckBox`
When введённое значение нарушает `—` или required/nullable rule
Then клиент не подменяет контракт и показывает `Обязательное поле.`
And серверная VALIDATION_FAILED остаётся authoritative"
AC-1445,MOD-001,DATA-001,[STATE-007] Field contract: RefreshRequest.deviceKey respects type/required/nullable/limits/PATCH semantics,High,Boundary/contract UI,openapi.yaml:RefreshRequest.deviceKey,"Given пользователь редактирует `RefreshRequest.deviceKey` через `deviceKey · Hidden secure value`
When введённое значение нарушает `minLength=16; maxLength=200` или required/nullable rule
Then клиент не подменяет контракт и показывает `Обязательное поле. minLength=16; maxLength=200.`
And серверная VALIDATION_FAILED остаётся authoritative"
AC-1446,MOD-001,DATA-001,[STATE-007] Field contract: RefreshRequest.refreshToken respects type/required/nullable/limits/PATCH semantics,High,Boundary/contract UI,openapi.yaml:RefreshRequest.refreshToken,"Given пользователь редактирует `RefreshRequest.refreshToken` через `refreshToken · Hidden secure value`
When введённое значение нарушает `minLength=32; maxLength=4096` или required/nullable rule
Then клиент не подменяет контракт и показывает `Обязательное поле. minLength=32; maxLength=4096.`
And серверная VALIDATION_FAILED остаётся authoritative"
AC-1447,MOD-004,DATA-004,[STATE-007] Field contract: InboxItemCreate.title respects type/required/nullable/limits/PATCH semantics,High,Boundary/contract UI,openapi.yaml:InboxItemCreate.title,"Given пользователь редактирует `InboxItemCreate.title` через `title · TextBox`
When введённое значение нарушает `maxLength=500` или required/nullable rule
Then клиент не подменяет контракт и показывает `maxLength=500. Поле допускает явное null.`
And серверная VALIDATION_FAILED остаётся authoritative"
AC-1448,MOD-004,DATA-004,[STATE-007] Field contract: InboxItemPatch.title respects type/required/nullable/limits/PATCH semantics,High,Boundary/contract UI,openapi.yaml:InboxItemPatch.title,"Given пользователь редактирует `InboxItemPatch.title` через `title · TextBox`
When введённое значение нарушает `maxLength=500` или required/nullable rule
Then клиент не подменяет контракт и показывает `maxLength=500. Поле допускает явное null.`
And серверная VALIDATION_FAILED остаётся authoritative"
AC-1449,MOD-004,DATA-004,[STATE-007] Field contract: InboxItemCreate.status respects type/required/nullable/limits/PATCH semantics,High,Boundary/contract UI,openapi.yaml:InboxItemCreate.status,"Given пользователь редактирует `InboxItemCreate.status` через `status · ComboBox`
When введённое значение нарушает `enum=[""unprocessed"", ""converted"", ""discarded""]` или required/nullable rule
Then клиент не подменяет контракт и показывает `enum=[""unprocessed"", ""converted"", ""discarded""].`
And серверная VALIDATION_FAILED остаётся authoritative"
AC-1450,MOD-004,DATA-004,[STATE-007] Field contract: InboxItemPatch.status respects type/required/nullable/limits/PATCH semantics,High,Boundary/contract UI,openapi.yaml:InboxItemPatch.status,"Given пользователь редактирует `InboxItemPatch.status` через `status · ComboBox`
When введённое значение нарушает `enum=[""unprocessed"", ""converted"", ""discarded""]` или required/nullable rule
Then клиент не подменяет контракт и показывает `enum=[""unprocessed"", ""converted"", ""discarded""].`
And серверная VALIDATION_FAILED остаётся authoritative"
AC-1451,MOD-004,DATA-004,[STATE-007] Field contract: InboxConvertTask.projectId respects type/required/nullable/limits/PATCH semantics,High,Boundary/contract UI,openapi.yaml:InboxConvertTask.projectId,"Given пользователь редактирует `InboxConvertTask.projectId` через `projectId · Object picker/value editor`
When введённое значение нарушает `—` или required/nullable rule
Then клиент не подменяет контракт и показывает `Поле допускает явное null.`
And серверная VALIDATION_FAILED остаётся authoritative"
AC-1452,MOD-004,DATA-004,[STATE-007] Field contract: InboxConvertTask.scheduledDate respects type/required/nullable/limits/PATCH semantics,High,Boundary/contract UI,openapi.yaml:InboxConvertTask.scheduledDate,"Given пользователь редактирует `InboxConvertTask.scheduledDate` через `scheduledDate · Date/time control`
When введённое значение нарушает `—` или required/nullable rule
Then клиент не подменяет контракт и показывает `Поле допускает явное null.`
And серверная VALIDATION_FAILED остаётся authoritative"
AC-1453,MOD-004,DATA-004,[STATE-007] Field contract: InboxConvertCatalog.expectedInboxVersion respects type/required/nullable/limits/PATCH semantics,High,Boundary/contract UI,openapi.yaml:InboxConvertCatalog.expectedInboxVersion,"Given пользователь редактирует `InboxConvertCatalog.expectedInboxVersion` через `expectedInboxVersion · Numeric input`
When введённое значение нарушает `min=1` или required/nullable rule
Then клиент не подменяет контракт и показывает `Обязательное поле. min=1.`
And серверная VALIDATION_FAILED остаётся authoritative"
AC-1454,MOD-004,DATA-004,[STATE-007] Field contract: InboxConvertCatalog.itemType respects type/required/nullable/limits/PATCH semantics,High,Boundary/contract UI,openapi.yaml:InboxConvertCatalog.itemType,"Given пользователь редактирует `InboxConvertCatalog.itemType` через `itemType · ComboBox`
When введённое значение нарушает `enum=[""file_reference"", ""folder_reference"", ""web_link"", ""text_note""]` или required/nullable rule
Then клиент не подменяет контракт и показывает `Обязательное поле. enum=[""file_reference"", ""folder_reference"", ""web_link"", ""text_note""].`
And серверная VALIDATION_FAILED остаётся authoritative"
AC-1455,MOD-004,DATA-004,[STATE-007] Field contract: InboxConvertTask.expectedInboxVersion respects type/required/nullable/limits/PATCH semantics,High,Boundary/contract UI,openapi.yaml:InboxConvertTask.expectedInboxVersion,"Given пользователь редактирует `InboxConvertTask.expectedInboxVersion` через `expectedInboxVersion · Numeric input`
When введённое значение нарушает `min=1` или required/nullable rule
Then клиент не подменяет контракт и показывает `Обязательное поле. min=1.`
And серверная VALIDATION_FAILED остаётся authoritative"
AC-1456,MOD-004,DATA-004,[STATE-007] Field contract: InboxItemCreate.itemType respects type/required/nullable/limits/PATCH semantics,High,Boundary/contract UI,openapi.yaml:InboxItemCreate.itemType,"Given пользователь редактирует `InboxItemCreate.itemType` через `itemType · ComboBox`
When введённое значение нарушает `enum=[""task"", ""note"", ""file_link"", ""web_link"", ""idea"", ""assignment""]` или required/nullable rule
Then клиент не подменяет контракт и показывает `Обязательное поле. enum=[""task"", ""note"", ""file_link"", ""web_link"", ""idea"", ""assignment""].`
And серверная VALIDATION_FAILED остаётся authoritative"
AC-1457,MOD-004,DATA-004,[STATE-007/STATE-018] Field contract: RestoreRequest.expectedVersion respects type/required/nullable/limits/PATCH semantics,High,Boundary/contract UI,openapi.yaml:RestoreRequest.expectedVersion,"Given пользователь редактирует `RestoreRequest.expectedVersion` через `expectedVersion · Hidden concurrency token`
When введённое значение нарушает `min=1` или required/nullable rule
Then клиент не подменяет контракт и показывает `Обязательное поле. min=1.`
And серверная VALIDATION_FAILED остаётся authoritative"
AC-1458,MOD-004,DATA-004,[STATE-007] Field contract: InboxConvertCatalog.parentCatalogItemId respects type/required/nullable/limits/PATCH semantics,High,Boundary/contract UI,openapi.yaml:InboxConvertCatalog.parentCatalogItemId,"Given пользователь редактирует `InboxConvertCatalog.parentCatalogItemId` через `parentCatalogItemId · Object picker/value editor`
When введённое значение нарушает `—` или required/nullable rule
Then клиент не подменяет контракт и показывает `Поле допускает явное null.`
And серверная VALIDATION_FAILED остаётся authoritative"
AC-1459,MOD-004,DATA-004,[STATE-007] Field contract: InboxItemCreate.content respects type/required/nullable/limits/PATCH semantics,High,Boundary/contract UI,openapi.yaml:InboxItemCreate.content,"Given пользователь редактирует `InboxItemCreate.content` через `content · TextBox`
When введённое значение нарушает `maxLength=20000` или required/nullable rule
Then клиент не подменяет контракт и показывает `maxLength=20000. Поле допускает явное null.`
And серверная VALIDATION_FAILED остаётся authoritative"
AC-1460,MOD-004,DATA-004,[STATE-007] Field contract: InboxItemCreate.rawPath respects type/required/nullable/limits/PATCH semantics,High,Boundary/contract UI,openapi.yaml:InboxItemCreate.rawPath,"Given пользователь редактирует `InboxItemCreate.rawPath` через `rawPath · TextBox`
When введённое значение нарушает `maxLength=4096` или required/nullable rule
Then клиент не подменяет контракт и показывает `maxLength=4096. Поле допускает явное null.`
And серверная VALIDATION_FAILED остаётся authoritative"
AC-1461,MOD-004,DATA-004,[STATE-007] Field contract: InboxItemCreate.rawUrl respects type/required/nullable/limits/PATCH semantics,High,Boundary/contract UI,openapi.yaml:InboxItemCreate.rawUrl,"Given пользователь редактирует `InboxItemCreate.rawUrl` через `rawUrl · TextBox`
When введённое значение нарушает `maxLength=2048` или required/nullable rule
Then клиент не подменяет контракт и показывает `maxLength=2048. Поле допускает явное null.`
And серверная VALIDATION_FAILED остаётся authoritative"
AC-1462,MOD-004,DATA-004,[STATE-007] Field contract: InboxItemPatch.content respects type/required/nullable/limits/PATCH semantics,High,Boundary/contract UI,openapi.yaml:InboxItemPatch.content,"Given пользователь редактирует `InboxItemPatch.content` через `content · TextBox`
When введённое значение нарушает `maxLength=20000` или required/nullable rule
Then клиент не подменяет контракт и показывает `maxLength=20000. Поле допускает явное null.`
And серверная VALIDATION_FAILED остаётся authoritative"
AC-1463,MOD-004,DATA-004,[STATE-007] Field contract: InboxItemPatch.itemType respects type/required/nullable/limits/PATCH semantics,High,Boundary/contract UI,openapi.yaml:InboxItemPatch.itemType,"Given пользователь редактирует `InboxItemPatch.itemType` через `itemType · ComboBox`
When введённое значение нарушает `enum=[""task"", ""note"", ""file_link"", ""web_link"", ""idea"", ""assignment""]` или required/nullable rule
Then клиент не подменяет контракт и показывает `enum=[""task"", ""note"", ""file_link"", ""web_link"", ""idea"", ""assignment""].`
And серверная VALIDATION_FAILED остаётся authoritative"
AC-1464,MOD-004,DATA-004,[STATE-007] Field contract: InboxItemPatch.rawPath respects type/required/nullable/limits/PATCH semantics,High,Boundary/contract UI,openapi.yaml:InboxItemPatch.rawPath,"Given пользователь редактирует `InboxItemPatch.rawPath` через `rawPath · TextBox`
When введённое значение нарушает `maxLength=4096` или required/nullable rule
Then клиент не подменяет контракт и показывает `maxLength=4096. Поле допускает явное null.`
And серверная VALIDATION_FAILED остаётся authoritative"
AC-1465,MOD-004,DATA-004,[STATE-007] Field contract: InboxItemPatch.rawUrl respects type/required/nullable/limits/PATCH semantics,High,Boundary/contract UI,openapi.yaml:InboxItemPatch.rawUrl,"Given пользователь редактирует `InboxItemPatch.rawUrl` через `rawUrl · TextBox`
When введённое значение нарушает `maxLength=2048` или required/nullable rule
Then клиент не подменяет контракт и показывает `maxLength=2048. Поле допускает явное null.`
And серверная VALIDATION_FAILED остаётся authoritative"
AC-1466,MOD-004,DATA-004,[STATE-007/STATE-018] Field contract: RestoreRequest.reason respects type/required/nullable/limits/PATCH semantics,High,Boundary/contract UI,openapi.yaml:RestoreRequest.reason,"Given пользователь редактирует `RestoreRequest.reason` через `reason · TextBox`
When введённое значение нарушает `maxLength=2000` или required/nullable rule
Then клиент не подменяет контракт и показывает `maxLength=2000. Поле допускает явное null.`
And серверная VALIDATION_FAILED остаётся authoritative"
AC-1467,MOD-005,DATA-005,[STATE-007] Field contract: TaskCreate.title respects type/required/nullable/limits/PATCH semantics,High,Boundary/contract UI,dto_field_catalog.csv:TaskCreate.title; openapi.yaml operation POST_api_v1_tasks,"Given пользователь редактирует `TaskCreate.title` через `Название · TextBox`
When введённое значение нарушает `minLength=1; maxLength=500` или required/nullable rule
Then клиент не подменяет контракт и показывает `Обязательное поле. Допустимо 1–500 символов.`
And серверная VALIDATION_FAILED остаётся authoritative"
AC-1468,MOD-005,DATA-005,[STATE-007] Field contract: TaskAssigneesReplace.assigneeIds respects type/required/nullable/limits/PATCH semantics,High,Boundary/contract UI,dto_field_catalog.csv:TaskAssigneesReplace.assigneeIds; openapi.yaml operation PUT_api_v1_tasks_id_assignees,"Given пользователь редактирует `TaskAssigneesReplace.assigneeIds` через `Исполнители · Multi-select/list editor`
When введённое значение нарушает `maxItems=100; uniqueItems=true` или required/nullable rule
Then клиент не подменяет контракт и показывает `Обязательное поле. Не более 100 значений.`
And серверная VALIDATION_FAILED остаётся authoritative"
AC-1469,MOD-005,DATA-005,[STATE-007] Field contract: TaskWatchersReplace.watcherIds respects type/required/nullable/limits/PATCH semantics,High,Boundary/contract UI,dto_field_catalog.csv:TaskWatchersReplace.watcherIds; openapi.yaml operation PUT_api_v1_tasks_id_watchers,"Given пользователь редактирует `TaskWatchersReplace.watcherIds` через `Наблюдатели · Multi-select/list editor`
When введённое значение нарушает `maxItems=100; uniqueItems=true` или required/nullable rule
Then клиент не подменяет контракт и показывает `Обязательное поле. Не более 100 значений.`
And серверная VALIDATION_FAILED остаётся authoritative"
AC-1470,MOD-005,DATA-005,[STATE-007] Field contract: TaskPatch.title respects type/required/nullable/limits/PATCH semantics,High,Boundary/contract UI,dto_field_catalog.csv:TaskPatch.title; openapi.yaml operation PATCH_api_v1_tasks_id,"Given пользователь редактирует `TaskPatch.title` через `Название · TextBox`
When введённое значение нарушает `minLength=1; maxLength=500` или required/nullable rule
Then клиент не подменяет контракт и показывает `Допустимо 1–500 символов.`
And серверная VALIDATION_FAILED остаётся authoritative"
AC-1471,MOD-005,DATA-005,[STATE-007] Field contract: TaskCreate.description respects type/required/nullable/limits/PATCH semantics,High,Boundary/contract UI,dto_field_catalog.csv:TaskCreate.description; openapi.yaml operation POST_api_v1_tasks,"Given пользователь редактирует `TaskCreate.description` через `Описание · Multiline text`
When введённое значение нарушает `maxLength=50000` или required/nullable rule
Then клиент не подменяет контракт и показывает `Не более 50000 символов. Поле можно очистить явным значением null.`
And серверная VALIDATION_FAILED остаётся authoritative"
AC-1472,MOD-005,DATA-005,[STATE-007] Field contract: TaskPatch.description respects type/required/nullable/limits/PATCH semantics,High,Boundary/contract UI,dto_field_catalog.csv:TaskPatch.description; openapi.yaml operation PATCH_api_v1_tasks_id,"Given пользователь редактирует `TaskPatch.description` через `Описание · Multiline text`
When введённое значение нарушает `maxLength=50000` или required/nullable rule
Then клиент не подменяет контракт и показывает `Не более 50000 символов. Поле можно очистить явным значением null.`
And серверная VALIDATION_FAILED остаётся authoritative"
AC-1473,MOD-005,DATA-005,[STATE-007] Field contract: TaskCreate.status respects type/required/nullable/limits/PATCH semantics,High,Boundary/contract UI,dto_field_catalog.csv:TaskCreate.status; openapi.yaml operation POST_api_v1_tasks,"Given пользователь редактирует `TaskCreate.status` через `Статус · ComboBox`
When введённое значение нарушает `enum=[""new"", ""in_progress"", ""review"", ""completed"", ""cancelled""]` или required/nullable rule
Then клиент не подменяет контракт и показывает `Выберите значение из списка.`
And серверная VALIDATION_FAILED остаётся authoritative"
AC-1474,MOD-005,DATA-005,[STATE-007] Field contract: TaskPatch.status respects type/required/nullable/limits/PATCH semantics,High,Boundary/contract UI,dto_field_catalog.csv:TaskPatch.status; openapi.yaml operation PATCH_api_v1_tasks_id,"Given пользователь редактирует `TaskPatch.status` через `Статус · ComboBox`
When введённое значение нарушает `enum=[""new"", ""in_progress"", ""review"", ""completed"", ""cancelled""]` или required/nullable rule
Then клиент не подменяет контракт и показывает `Выберите значение из списка.`
And серверная VALIDATION_FAILED остаётся authoritative"
AC-1475,MOD-005,DATA-005,[STATE-007] Field contract: TaskCreate.priority respects type/required/nullable/limits/PATCH semantics,High,Boundary/contract UI,dto_field_catalog.csv:TaskCreate.priority; openapi.yaml operation POST_api_v1_tasks,"Given пользователь редактирует `TaskCreate.priority` через `Приоритет · ComboBox`
When введённое значение нарушает `enum=[""low"", ""normal"", ""high"", ""critical""]` или required/nullable rule
Then клиент не подменяет контракт и показывает `Выберите значение из списка.`
And серверная VALIDATION_FAILED остаётся authoritative"
AC-1476,MOD-005,DATA-005,[STATE-007] Field contract: TaskPatch.priority respects type/required/nullable/limits/PATCH semantics,High,Boundary/contract UI,dto_field_catalog.csv:TaskPatch.priority; openapi.yaml operation PATCH_api_v1_tasks_id,"Given пользователь редактирует `TaskPatch.priority` через `Приоритет · ComboBox`
When введённое значение нарушает `enum=[""low"", ""normal"", ""high"", ""critical""]` или required/nullable rule
Then клиент не подменяет контракт и показывает `Выберите значение из списка.`
And серверная VALIDATION_FAILED остаётся authoritative"
AC-1477,MOD-005,DATA-005,[STATE-007] Field contract: TaskCreate.projectId respects type/required/nullable/limits/PATCH semantics,High,Boundary/contract UI,dto_field_catalog.csv:TaskCreate.projectId; openapi.yaml operation POST_api_v1_tasks,"Given пользователь редактирует `TaskCreate.projectId` через `Проект · Entity picker`
When введённое значение нарушает `—` или required/nullable rule
Then клиент не подменяет контракт и показывает `Выберите существующий доступный объект. Поле можно очистить явным значением null.`
And серверная VALIDATION_FAILED остаётся authoritative"
AC-1478,MOD-005,DATA-005,[STATE-007] Field contract: TaskMoveRequest.projectId respects type/required/nullable/limits/PATCH semantics,High,Boundary/contract UI,dto_field_catalog.csv:TaskMoveRequest.projectId; openapi.yaml operation POST_api_v1_tasks_id_move,"Given пользователь редактирует `TaskMoveRequest.projectId` через `Проект · Entity picker`
When введённое значение нарушает `—` или required/nullable rule
Then клиент не подменяет контракт и показывает `Выберите существующий доступный объект. Поле можно очистить явным значением null.`
And серверная VALIDATION_FAILED остаётся authoritative"
AC-1479,MOD-005,DATA-005,[STATE-007] Field contract: TaskPatch.projectId respects type/required/nullable/limits/PATCH semantics,High,Boundary/contract UI,dto_field_catalog.csv:TaskPatch.projectId; openapi.yaml operation PATCH_api_v1_tasks_id,"Given пользователь редактирует `TaskPatch.projectId` через `Проект · Entity picker`
When введённое значение нарушает `—` или required/nullable rule
Then клиент не подменяет контракт и показывает `Выберите существующий доступный объект. Поле можно очистить явным значением null.`
And серверная VALIDATION_FAILED остаётся authoritative"
AC-1480,MOD-005,DATA-005,[STATE-007] Field contract: TaskCreate.assigneeIds respects type/required/nullable/limits/PATCH semantics,High,Boundary/contract UI,dto_field_catalog.csv:TaskCreate.assigneeIds; openapi.yaml operation POST_api_v1_tasks,"Given пользователь редактирует `TaskCreate.assigneeIds` через `Исполнители · Multi-select/list editor`
When введённое значение нарушает `maxItems=100; uniqueItems=true` или required/nullable rule
Then клиент не подменяет контракт и показывает `Не более 100 значений.`
And серверная VALIDATION_FAILED остаётся authoritative"
AC-1481,MOD-005,DATA-005,[STATE-007] Field contract: TaskPatch.assigneeIds respects type/required/nullable/limits/PATCH semantics,High,Boundary/contract UI,dto_field_catalog.csv:TaskPatch.assigneeIds; openapi.yaml operation PATCH_api_v1_tasks_id,"Given пользователь редактирует `TaskPatch.assigneeIds` через `Исполнители · Multi-select/list editor`
When введённое значение нарушает `maxItems=100; uniqueItems=true` или required/nullable rule
Then клиент не подменяет контракт и показывает `Не более 100 значений.`
And серверная VALIDATION_FAILED остаётся authoritative"
AC-1482,MOD-005,DATA-005,[STATE-007] Field contract: TaskCreate.watcherIds respects type/required/nullable/limits/PATCH semantics,High,Boundary/contract UI,dto_field_catalog.csv:TaskCreate.watcherIds; openapi.yaml operation POST_api_v1_tasks,"Given пользователь редактирует `TaskCreate.watcherIds` через `Наблюдатели · Multi-select/list editor`
When введённое значение нарушает `maxItems=100; uniqueItems=true` или required/nullable rule
Then клиент не подменяет контракт и показывает `Не более 100 значений.`
And серверная VALIDATION_FAILED остаётся authoritative"
AC-1483,MOD-005,DATA-005,[STATE-007] Field contract: TaskPatch.watcherIds respects type/required/nullable/limits/PATCH semantics,High,Boundary/contract UI,dto_field_catalog.csv:TaskPatch.watcherIds; openapi.yaml operation PATCH_api_v1_tasks_id,"Given пользователь редактирует `TaskPatch.watcherIds` через `Наблюдатели · Multi-select/list editor`
When введённое значение нарушает `maxItems=100; uniqueItems=true` или required/nullable rule
Then клиент не подменяет контракт и показывает `Не более 100 значений.`
And серверная VALIDATION_FAILED остаётся authoritative"
AC-1484,MOD-005,DATA-005,[STATE-007] Field contract: TaskCreate.scheduledDate respects type/required/nullable/limits/PATCH semantics,High,Boundary/contract UI,dto_field_catalog.csv:TaskCreate.scheduledDate; openapi.yaml operation POST_api_v1_tasks,"Given пользователь редактирует `TaskCreate.scheduledDate` через `Дата · DatePicker`
When введённое значение нарушает `—` или required/nullable rule
Then клиент не подменяет контракт и показывает `Укажите корректную дату. Поле можно очистить явным значением null.`
And серверная VALIDATION_FAILED остаётся authoritative"
AC-1485,MOD-005,DATA-005,[STATE-007] Field contract: TaskPatch.scheduledDate respects type/required/nullable/limits/PATCH semantics,High,Boundary/contract UI,dto_field_catalog.csv:TaskPatch.scheduledDate; openapi.yaml operation PATCH_api_v1_tasks_id,"Given пользователь редактирует `TaskPatch.scheduledDate` через `Дата · DatePicker`
When введённое значение нарушает `—` или required/nullable rule
Then клиент не подменяет контракт и показывает `Укажите корректную дату. Поле можно очистить явным значением null.`
And серверная VALIDATION_FAILED остаётся authoritative"
AC-1486,MOD-005,DATA-005,[STATE-007] Field contract: TaskCreate.startTimeLocal respects type/required/nullable/limits/PATCH semantics,High,Boundary/contract UI,dto_field_catalog.csv:TaskCreate.startTimeLocal; openapi.yaml operation POST_api_v1_tasks,"Given пользователь редактирует `TaskCreate.startTimeLocal` через `Время начала · TimePicker`
When введённое значение нарушает `—` или required/nullable rule
Then клиент не подменяет контракт и показывает `Укажите корректное локальное время. Поле можно очистить явным значением null.`
And серверная VALIDATION_FAILED остаётся authoritative"
AC-1487,MOD-005,DATA-005,[STATE-007] Field contract: TaskPatch.startTimeLocal respects type/required/nullable/limits/PATCH semantics,High,Boundary/contract UI,dto_field_catalog.csv:TaskPatch.startTimeLocal; openapi.yaml operation PATCH_api_v1_tasks_id,"Given пользователь редактирует `TaskPatch.startTimeLocal` через `Время начала · TimePicker`
When введённое значение нарушает `—` или required/nullable rule
Then клиент не подменяет контракт и показывает `Укажите корректное локальное время. Поле можно очистить явным значением null.`
And серверная VALIDATION_FAILED остаётся authoritative"
AC-1488,MOD-005,DATA-005,[STATE-007] Field contract: TaskCreate.plannedDurationMinutes respects type/required/nullable/limits/PATCH semantics,High,Boundary/contract UI,dto_field_catalog.csv:TaskCreate.plannedDurationMinutes; openapi.yaml operation POST_api_v1_tasks,"Given пользователь редактирует `TaskCreate.plannedDurationMinutes` через `Длительность · Numeric input`
When введённое значение нарушает `min=1; max=10080; minimum=1; maximum=10080` или required/nullable rule
Then клиент не подменяет контракт и показывает `Значение должно быть в диапазоне 1–10080. Поле можно очистить явным значением null.`
And серверная VALIDATION_FAILED остаётся authoritative"
AC-1489,MOD-005,DATA-005,[STATE-007] Field contract: TaskPatch.plannedDurationMinutes respects type/required/nullable/limits/PATCH semantics,High,Boundary/contract UI,dto_field_catalog.csv:TaskPatch.plannedDurationMinutes; openapi.yaml operation PATCH_api_v1_tasks_id,"Given пользователь редактирует `TaskPatch.plannedDurationMinutes` через `Длительность · Numeric input`
When введённое значение нарушает `min=1; max=10080; minimum=1; maximum=10080` или required/nullable rule
Then клиент не подменяет контракт и показывает `Значение должно быть в диапазоне 1–10080. Поле можно очистить явным значением null.`
And серверная VALIDATION_FAILED остаётся authoritative"
AC-1490,MOD-005,DATA-005,[STATE-007] Field contract: TaskCreate.deadlineAt respects type/required/nullable/limits/PATCH semantics,High,Boundary/contract UI,dto_field_catalog.csv:TaskCreate.deadlineAt; openapi.yaml operation POST_api_v1_tasks,"Given пользователь редактирует `TaskCreate.deadlineAt` через `Дедлайн · DateTimePicker`
When введённое значение нарушает `—` или required/nullable rule
Then клиент не подменяет контракт и показывает `Укажите дату и время с корректным часовым поясом. Поле можно очистить явным значением null.`
And серверная VALIDATION_FAILED остаётся authoritative"
AC-1491,MOD-006,DATA-006,[STATE-007] Field contract: ChecklistCreate.title respects type/required/nullable/limits/PATCH semantics,High,Boundary/contract UI,dto_field_catalog.csv:ChecklistCreate.title; openapi.yaml operation POST_api_v1_tasks_taskId_checklists,"Given пользователь редактирует `ChecklistCreate.title` через `Название · TextBox`
When введённое значение нарушает `minLength=1; maxLength=300` или required/nullable rule
Then клиент не подменяет контракт и показывает `Обязательное поле. Допустимо 1–300 символов.`
And серверная VALIDATION_FAILED остаётся authoritative"
AC-1492,MOD-006,DATA-006,[STATE-007] Field contract: TaskCreate.title respects type/required/nullable/limits/PATCH semantics,High,Boundary/contract UI,dto_field_catalog.csv:TaskCreate.title; openapi.yaml operation POST_api_v1_tasks_id_subtasks,"Given пользователь редактирует `TaskCreate.title` через `Название · TextBox`
When введённое значение нарушает `minLength=1; maxLength=500` или required/nullable rule
Then клиент не подменяет контракт и показывает `Обязательное поле. Допустимо 1–500 символов.`
And серверная VALIDATION_FAILED остаётся authoritative"
AC-1493,MOD-006,DATA-006,[STATE-007] Field contract: ChecklistPatch.title respects type/required/nullable/limits/PATCH semantics,High,Boundary/contract UI,dto_field_catalog.csv:ChecklistPatch.title; openapi.yaml operation PATCH_api_v1_tasks_taskId_checklists_id,"Given пользователь редактирует `ChecklistPatch.title` через `Название · TextBox`
When введённое значение нарушает `minLength=1; maxLength=300` или required/nullable rule
Then клиент не подменяет контракт и показывает `Допустимо 1–300 символов.`
And серверная VALIDATION_FAILED остаётся authoritative"
AC-1494,MOD-006,DATA-006,[STATE-007] Field contract: TaskCreate.description respects type/required/nullable/limits/PATCH semantics,High,Boundary/contract UI,dto_field_catalog.csv:TaskCreate.description; openapi.yaml operation POST_api_v1_tasks_id_subtasks,"Given пользователь редактирует `TaskCreate.description` через `Описание · Multiline text`
When введённое значение нарушает `maxLength=50000` или required/nullable rule
Then клиент не подменяет контракт и показывает `Не более 50000 символов. Поле можно очистить явным значением null.`
And серверная VALIDATION_FAILED остаётся authoritative"
AC-1495,MOD-006,DATA-006,[STATE-007] Field contract: TaskCreate.status respects type/required/nullable/limits/PATCH semantics,High,Boundary/contract UI,dto_field_catalog.csv:TaskCreate.status; openapi.yaml operation POST_api_v1_tasks_id_subtasks,"Given пользователь редактирует `TaskCreate.status` через `Статус · ComboBox`
When введённое значение нарушает `enum=[""new"", ""in_progress"", ""review"", ""completed"", ""cancelled""]` или required/nullable rule
Then клиент не подменяет контракт и показывает `Выберите значение из списка.`
And серверная VALIDATION_FAILED остаётся authoritative"
AC-1496,MOD-006,DATA-006,[STATE-007] Field contract: TaskCreate.priority respects type/required/nullable/limits/PATCH semantics,High,Boundary/contract UI,dto_field_catalog.csv:TaskCreate.priority; openapi.yaml operation POST_api_v1_tasks_id_subtasks,"Given пользователь редактирует `TaskCreate.priority` через `Приоритет · ComboBox`
When введённое значение нарушает `enum=[""low"", ""normal"", ""high"", ""critical""]` или required/nullable rule
Then клиент не подменяет контракт и показывает `Выберите значение из списка.`
And серверная VALIDATION_FAILED остаётся authoritative"
AC-1497,MOD-006,DATA-006,[STATE-007] Field contract: TaskCreate.projectId respects type/required/nullable/limits/PATCH semantics,High,Boundary/contract UI,dto_field_catalog.csv:TaskCreate.projectId; openapi.yaml operation POST_api_v1_tasks_id_subtasks,"Given пользователь редактирует `TaskCreate.projectId` через `Проект · Entity picker`
When введённое значение нарушает `—` или required/nullable rule
Then клиент не подменяет контракт и показывает `Выберите существующий доступный объект. Поле можно очистить явным значением null.`
And серверная VALIDATION_FAILED остаётся authoritative"
AC-1498,MOD-006,DATA-006,[STATE-007] Field contract: TaskCreate.assigneeIds respects type/required/nullable/limits/PATCH semantics,High,Boundary/contract UI,dto_field_catalog.csv:TaskCreate.assigneeIds; openapi.yaml operation POST_api_v1_tasks_id_subtasks,"Given пользователь редактирует `TaskCreate.assigneeIds` через `Исполнители · Multi-select/list editor`
When введённое значение нарушает `maxItems=100; uniqueItems=true` или required/nullable rule
Then клиент не подменяет контракт и показывает `Не более 100 значений.`
And серверная VALIDATION_FAILED остаётся authoritative"
AC-1499,MOD-006,DATA-006,[STATE-007] Field contract: TaskCreate.watcherIds respects type/required/nullable/limits/PATCH semantics,High,Boundary/contract UI,dto_field_catalog.csv:TaskCreate.watcherIds; openapi.yaml operation POST_api_v1_tasks_id_subtasks,"Given пользователь редактирует `TaskCreate.watcherIds` через `Наблюдатели · Multi-select/list editor`
When введённое значение нарушает `maxItems=100; uniqueItems=true` или required/nullable rule
Then клиент не подменяет контракт и показывает `Не более 100 значений.`
And серверная VALIDATION_FAILED остаётся authoritative"
AC-1500,MOD-006,DATA-006,[STATE-007] Field contract: TaskCreate.scheduledDate respects type/required/nullable/limits/PATCH semantics,High,Boundary/contract UI,dto_field_catalog.csv:TaskCreate.scheduledDate; openapi.yaml operation POST_api_v1_tasks_id_subtasks,"Given пользователь редактирует `TaskCreate.scheduledDate` через `Дата · DatePicker`
When введённое значение нарушает `—` или required/nullable rule
Then клиент не подменяет контракт и показывает `Укажите корректную дату. Поле можно очистить явным значением null.`
And серверная VALIDATION_FAILED остаётся authoritative"
AC-1501,MOD-006,DATA-006,[STATE-007] Field contract: TaskCreate.startTimeLocal respects type/required/nullable/limits/PATCH semantics,High,Boundary/contract UI,dto_field_catalog.csv:TaskCreate.startTimeLocal; openapi.yaml operation POST_api_v1_tasks_id_subtasks,"Given пользователь редактирует `TaskCreate.startTimeLocal` через `Время начала · TimePicker`
When введённое значение нарушает `—` или required/nullable rule
Then клиент не подменяет контракт и показывает `Укажите корректное локальное время. Поле можно очистить явным значением null.`
And серверная VALIDATION_FAILED остаётся authoritative"
AC-1502,MOD-006,DATA-006,[STATE-007] Field contract: TaskCreate.plannedDurationMinutes respects type/required/nullable/limits/PATCH semantics,High,Boundary/contract UI,dto_field_catalog.csv:TaskCreate.plannedDurationMinutes; openapi.yaml operation POST_api_v1_tasks_id_subtasks,"Given пользователь редактирует `TaskCreate.plannedDurationMinutes` через `Длительность · Numeric input`
When введённое значение нарушает `min=1; max=10080; minimum=1; maximum=10080` или required/nullable rule
Then клиент не подменяет контракт и показывает `Значение должно быть в диапазоне 1–10080. Поле можно очистить явным значением null.`
And серверная VALIDATION_FAILED остаётся authoritative"
AC-1503,MOD-006,DATA-006,[STATE-007] Field contract: TaskCreate.deadlineAt respects type/required/nullable/limits/PATCH semantics,High,Boundary/contract UI,dto_field_catalog.csv:TaskCreate.deadlineAt; openapi.yaml operation POST_api_v1_tasks_id_subtasks,"Given пользователь редактирует `TaskCreate.deadlineAt` через `Дедлайн · DateTimePicker`
When введённое значение нарушает `—` или required/nullable rule
Then клиент не подменяет контракт и показывает `Укажите дату и время с корректным часовым поясом. Поле можно очистить явным значением null.`
And серверная VALIDATION_FAILED остаётся authoritative"
AC-1504,MOD-006,DATA-006,[STATE-007] Field contract: TaskCreate.scheduleTimeZone respects type/required/nullable/limits/PATCH semantics,High,Boundary/contract UI,dto_field_catalog.csv:TaskCreate.scheduleTimeZone; openapi.yaml operation POST_api_v1_tasks_id_subtasks,"Given пользователь редактирует `TaskCreate.scheduleTimeZone` через `Часовой пояс расписания · TextBox`
When введённое значение нарушает `maxLength=64` или required/nullable rule
Then клиент не подменяет контракт и показывает `Не более 64 символов. Поле можно очистить явным значением null.`
And серверная VALIDATION_FAILED остаётся authoritative"
AC-1505,MOD-006,DATA-006,[STATE-007] Field contract: ChecklistItemCreate.text respects type/required/nullable/limits/PATCH semantics,High,Boundary/contract UI,dto_field_catalog.csv:ChecklistItemCreate.text; openapi.yaml operation POST_api_v1_tasks_taskId_checklists_checklistId_items,"Given пользователь редактирует `ChecklistItemCreate.text` через `Текст · TextBox`
When введённое значение нарушает `minLength=1; maxLength=1000` или required/nullable rule
Then клиент не подменяет контракт и показывает `Обязательное поле. Допустимо 1–1000 символов.`
And серверная VALIDATION_FAILED остаётся authoritative"
AC-1506,MOD-006,DATA-006,[STATE-007] Field contract: OrderKeys.items respects type/required/nullable/limits/PATCH semantics,High,Boundary/contract UI,dto_field_catalog.csv:OrderKeys.items; openapi.yaml operation POST_api_v1_tasks_taskId_checklists_checklistId_reorder,"Given пользователь редактирует `OrderKeys.items` через `Items · Multi-select/list editor`
When введённое значение нарушает `minItems=1; maxItems=500` или required/nullable rule
Then клиент не подменяет контракт и показывает `Обязательное поле. Не более 500 значений. Не менее 1 значений.`
And серверная VALIDATION_FAILED остаётся authoritative"
AC-1507,MOD-006,DATA-006,[STATE-007] Field contract: OrderKeys.items[].id respects type/required/nullable/limits/PATCH semantics,High,Boundary/contract UI,dto_field_catalog.csv:OrderKeys.items[].id; openapi.yaml operation POST_api_v1_tasks_taskId_checklists_checklistId_reorder,"Given пользователь редактирует `OrderKeys.items[].id` через `Id · Entity picker`
When введённое значение нарушает `—` или required/nullable rule
Then клиент не подменяет контракт и показывает `Обязательное поле. Выберите существующий доступный объект.`
And серверная VALIDATION_FAILED остаётся authoritative"
AC-1508,MOD-006,DATA-006,[STATE-007] Field contract: OrderKeys.items[].sortOrder respects type/required/nullable/limits/PATCH semantics,High,Boundary/contract UI,dto_field_catalog.csv:OrderKeys.items[].sortOrder; openapi.yaml operation POST_api_v1_tasks_taskId_checklists_checklistId_reorder,"Given пользователь редактирует `OrderKeys.items[].sortOrder` через `Порядок · Numeric input`
When введённое значение нарушает `—` или required/nullable rule
Then клиент не подменяет контракт и показывает `Обязательное поле.`
And серверная VALIDATION_FAILED остаётся authoritative"
AC-1509,MOD-006,DATA-006,[STATE-007] Field contract: TaskCreate.authorUserId respects type/required/nullable/limits/PATCH semantics,High,Boundary/contract UI,dto_field_catalog.csv:TaskCreate.authorUserId; openapi.yaml operation POST_api_v1_tasks_id_subtasks,"Given пользователь редактирует `TaskCreate.authorUserId` через `Автор · Entity picker`
When введённое значение нарушает `—` или required/nullable rule
Then клиент не подменяет контракт и показывает `Обязательное поле. Выберите существующий доступный объект.`
And серверная VALIDATION_FAILED остаётся authoritative"
AC-1510,MOD-006,DATA-006,[STATE-007] Field contract: ChecklistCreate.items respects type/required/nullable/limits/PATCH semantics,High,Boundary/contract UI,dto_field_catalog.csv:ChecklistCreate.items; openapi.yaml operation POST_api_v1_tasks_taskId_checklists,"Given пользователь редактирует `ChecklistCreate.items` через `Items · Multi-select/list editor`
When введённое значение нарушает `maxItems=500` или required/nullable rule
Then клиент не подменяет контракт и показывает `Не более 500 значений.`
And серверная VALIDATION_FAILED остаётся authoritative"
AC-1511,MOD-006,DATA-006,[STATE-007] Field contract: ChecklistCreate.sortOrder respects type/required/nullable/limits/PATCH semantics,High,Boundary/contract UI,dto_field_catalog.csv:ChecklistCreate.sortOrder; openapi.yaml operation POST_api_v1_tasks_taskId_checklists,"Given пользователь редактирует `ChecklistCreate.sortOrder` через `Порядок · Numeric input`
When введённое значение нарушает `—` или required/nullable rule
Then клиент не подменяет контракт и показывает `Серверная field validation; ошибка привязывается к этому пути.`
And серверная VALIDATION_FAILED остаётся authoritative"
AC-1512,MOD-006,DATA-006,[STATE-007] Field contract: ChecklistCreate.taskId respects type/required/nullable/limits/PATCH semantics,High,Boundary/contract UI,dto_field_catalog.csv:ChecklistCreate.taskId; openapi.yaml operation POST_api_v1_tasks_taskId_checklists,"Given пользователь редактирует `ChecklistCreate.taskId` через `Task id · Entity picker`
When введённое значение нарушает `—` или required/nullable rule
Then клиент не подменяет контракт и показывает `Выберите существующий доступный объект.`
And серверная VALIDATION_FAILED остаётся authoritative"
AC-1513,MOD-006,DATA-006,[STATE-007] Field contract: ChecklistItemCreate.checklistId respects type/required/nullable/limits/PATCH semantics,High,Boundary/contract UI,dto_field_catalog.csv:ChecklistItemCreate.checklistId; openapi.yaml operation POST_api_v1_tasks_taskId_checklists_checklistId_items,"Given пользователь редактирует `ChecklistItemCreate.checklistId` через `Checklist id · Entity picker`
When введённое значение нарушает `—` или required/nullable rule
Then клиент не подменяет контракт и показывает `Выберите существующий доступный объект.`
And серверная VALIDATION_FAILED остаётся authoritative"
AC-1514,MOD-006,DATA-006,[STATE-007] Field contract: ChecklistItemCreate.completedAt respects type/required/nullable/limits/PATCH semantics,High,Boundary/contract UI,dto_field_catalog.csv:ChecklistItemCreate.completedAt; openapi.yaml operation POST_api_v1_tasks_taskId_checklists_checklistId_items,"Given пользователь редактирует `ChecklistItemCreate.completedAt` через `Дата выполнения · DateTimePicker`
When введённое значение нарушает `—` или required/nullable rule
Then клиент не подменяет контракт и показывает `Укажите дату и время с корректным часовым поясом. Поле можно очистить явным значением null.`
And серверная VALIDATION_FAILED остаётся authoritative"
AC-1515,MOD-007,DATA-007,[STATE-007] Field contract: RecurrenceSeriesCreate.status respects type/required/nullable/limits/PATCH semantics,High,Boundary/contract UI,dto_field_catalog.csv:RecurrenceSeriesCreate.status; openapi.yaml operation POST_api_v1_recurrence_series,"Given пользователь редактирует `RecurrenceSeriesCreate.status` через `Статус · ComboBox`
When введённое значение нарушает `enum=[""active"", ""paused"", ""completed"", ""cancelled""]` или required/nullable rule
Then клиент не подменяет контракт и показывает `Выберите значение из списка.`
And серверная VALIDATION_FAILED остаётся authoritative"
AC-1516,MOD-007,DATA-007,[STATE-007] Field contract: RecurrenceSeriesPatch.status respects type/required/nullable/limits/PATCH semantics,High,Boundary/contract UI,dto_field_catalog.csv:RecurrenceSeriesPatch.status; openapi.yaml operation PATCH_api_v1_recurrence_series_id,"Given пользователь редактирует `RecurrenceSeriesPatch.status` через `Статус · ComboBox`
When введённое значение нарушает `enum=[""active"", ""paused"", ""completed"", ""cancelled""]` или required/nullable rule
Then клиент не подменяет контракт и показывает `Выберите значение из списка.`
And серверная VALIDATION_FAILED остаётся authoritative"
AC-1517,MOD-007,DATA-007,[STATE-007] Field contract: SkipOccurrenceRequest.status respects type/required/nullable/limits/PATCH semantics,High,Boundary/contract UI,dto_field_catalog.csv:RecurrenceOccurrence.status; openapi.yaml operation POST_api_v1_recurrence_series_id_skip_occurrenceKey,"Given пользователь редактирует `SkipOccurrenceRequest.status` через `Статус · Read-only value`
When введённое значение нарушает `enum=[""planned"", ""generated"", ""skipped"", ""cancelled""]` или required/nullable rule
Then клиент не подменяет контракт и показывает `Не редактируется; значение отображается из ответа сервера.`
And серверная VALIDATION_FAILED остаётся authoritative"
AC-1518,MOD-007,DATA-007,[STATE-007] Field contract: —.status respects type/required/nullable/limits/PATCH semantics,High,Boundary/contract UI,dto_field_catalog.csv:RecurrenceSeries.status; openapi.yaml operation DELETE_api_v1_recurrence_series_id,"Given пользователь редактирует `—.status` через `Статус · Read-only value`
When введённое значение нарушает `enum=[""active"", ""paused"", ""completed"", ""cancelled""]` или required/nullable rule
Then клиент не подменяет контракт и показывает `Не редактируется; значение отображается из ответа сервера.`
And серверная VALIDATION_FAILED остаётся authoritative"
AC-1519,MOD-007,DATA-007,[STATE-007] Field contract: RecurrencePreviewRequest.fromDate respects type/required/nullable/limits/PATCH semantics,High,Boundary/contract UI,dto_field_catalog.csv:RecurrencePreviewRequest.fromDate; openapi.yaml operation POST_api_v1_recurrence_series_id_preview,"Given пользователь редактирует `RecurrencePreviewRequest.fromDate` через `Начало preview · DatePicker`
When введённое значение нарушает `—` или required/nullable rule
Then клиент не подменяет контракт и показывает `Обязательное поле. Укажите корректную дату.`
And серверная VALIDATION_FAILED остаётся authoritative"
AC-1520,MOD-007,DATA-007,[STATE-007] Field contract: RecurrencePreviewRequest.limit respects type/required/nullable/limits/PATCH semantics,High,Boundary/contract UI,dto_field_catalog.csv:RecurrencePreviewRequest.limit; openapi.yaml operation POST_api_v1_recurrence_series_id_preview,"Given пользователь редактирует `RecurrencePreviewRequest.limit` через `Лимит · Numeric input`
When введённое значение нарушает `min=1; max=500; minimum=1; maximum=500` или required/nullable rule
Then клиент не подменяет контракт и показывает `Обязательное поле. Значение должно быть в диапазоне 1–500.`
And серверная VALIDATION_FAILED остаётся authoritative"
AC-1521,MOD-007,DATA-007,[STATE-007] Field contract: RecurrencePreviewRequest.rule respects type/required/nullable/limits/PATCH semantics,High,Boundary/contract UI,dto_field_catalog.csv:RecurrencePreviewRequest.rule; openapi.yaml operation POST_api_v1_recurrence_series_id_preview,"Given пользователь редактирует `RecurrencePreviewRequest.rule` через `Rule · Structured sub-editor`
When введённое значение нарушает `—` или required/nullable rule
Then клиент не подменяет контракт и показывает `Обязательное поле.`
And серверная VALIDATION_FAILED остаётся authoritative"
AC-1522,MOD-007,DATA-007,[STATE-007] Field contract: RecurrencePreviewRequest.rule.frequency respects type/required/nullable/limits/PATCH semantics,High,Boundary/contract UI,dto_field_catalog.csv:RecurrenceSeriesCreate.frequency; openapi.yaml operation POST_api_v1_recurrence_series_id_preview,"Given пользователь редактирует `RecurrencePreviewRequest.rule.frequency` через `Частота · ComboBox`
When введённое значение нарушает `enum=[""daily"", ""weekly"", ""monthly"", ""yearly""]` или required/nullable rule
Then клиент не подменяет контракт и показывает `Обязательное поле. Выберите значение из списка.`
And серверная VALIDATION_FAILED остаётся authoritative"
AC-1523,MOD-007,DATA-007,[STATE-007] Field contract: RecurrencePreviewRequest.rule.interval respects type/required/nullable/limits/PATCH semantics,High,Boundary/contract UI,dto_field_catalog.csv:RecurrenceSeriesCreate.interval; openapi.yaml operation POST_api_v1_recurrence_series_id_preview,"Given пользователь редактирует `RecurrencePreviewRequest.rule.interval` через `Интервал · Numeric input`
When введённое значение нарушает `min=1; max=999; minimum=1; maximum=999` или required/nullable rule
Then клиент не подменяет контракт и показывает `Обязательное поле. Значение должно быть в диапазоне 1–999.`
And серверная VALIDATION_FAILED остаётся authoritative"
AC-1524,MOD-007,DATA-007,[STATE-007] Field contract: RecurrencePreviewRequest.rule.occurrenceStartDate respects type/required/nullable/limits/PATCH semantics,High,Boundary/contract UI,dto_field_catalog.csv:RecurrenceSeriesCreate.occurrenceStartDate; openapi.yaml operation POST_api_v1_recurrence_series_id_preview,"Given пользователь редактирует `RecurrencePreviewRequest.rule.occurrenceStartDate` через `Дата начала серии · DatePicker`
When введённое значение нарушает `—` или required/nullable rule
Then клиент не подменяет контракт и показывает `Обязательное поле. Укажите корректную дату.`
And серверная VALIDATION_FAILED остаётся authoritative"
AC-1525,MOD-007,DATA-007,[STATE-007] Field contract: RecurrencePreviewRequest.rule.template respects type/required/nullable/limits/PATCH semantics,High,Boundary/contract UI,dto_field_catalog.csv:RecurrenceSeriesCreate.template; openapi.yaml operation POST_api_v1_recurrence_series_id_preview,"Given пользователь редактирует `RecurrencePreviewRequest.rule.template` через `Шаблон задачи · Structured sub-editor`
When введённое значение нарушает `—` или required/nullable rule
Then клиент не подменяет контракт и показывает `Обязательное поле.`
And серверная VALIDATION_FAILED остаётся authoritative"
AC-1526,MOD-007,DATA-007,[STATE-007] Field contract: RecurrencePreviewRequest.rule.template.assigneeIds respects type/required/nullable/limits/PATCH semantics,High,Boundary/contract UI,dto_field_catalog.csv:RecurrenceTaskTemplate.assigneeIds; openapi.yaml operation POST_api_v1_recurrence_series_id_preview,"Given пользователь редактирует `RecurrencePreviewRequest.rule.template.assigneeIds` через `Исполнители · Multi-select/list editor`
When введённое значение нарушает `maxItems=100; uniqueItems=true` или required/nullable rule
Then клиент не подменяет контракт и показывает `Обязательное поле. Не более 100 значений.`
And серверная VALIDATION_FAILED остаётся authoritative"
AC-1527,MOD-007,DATA-007,[STATE-007] Field contract: RecurrencePreviewRequest.rule.template.authorUserId respects type/required/nullable/limits/PATCH semantics,High,Boundary/contract UI,dto_field_catalog.csv:RecurrenceTaskTemplate.authorUserId; openapi.yaml operation POST_api_v1_recurrence_series_id_preview,"Given пользователь редактирует `RecurrencePreviewRequest.rule.template.authorUserId` через `Автор · Entity picker`
When введённое значение нарушает `—` или required/nullable rule
Then клиент не подменяет контракт и показывает `Обязательное поле. Выберите существующий доступный объект.`
And серверная VALIDATION_FAILED остаётся authoritative"
AC-1528,MOD-007,DATA-007,[STATE-007] Field contract: RecurrencePreviewRequest.rule.template.checklists respects type/required/nullable/limits/PATCH semantics,High,Boundary/contract UI,dto_field_catalog.csv:RecurrenceTaskTemplate.checklists; openapi.yaml operation POST_api_v1_recurrence_series_id_preview,"Given пользователь редактирует `RecurrencePreviewRequest.rule.template.checklists` через `Checklists · Multi-select/list editor`
When введённое значение нарушает `maxItems=50` или required/nullable rule
Then клиент не подменяет контракт и показывает `Обязательное поле. Не более 50 значений.`
And серверная VALIDATION_FAILED остаётся authoritative"
AC-1529,MOD-007,DATA-007,[STATE-007] Field contract: RecurrencePreviewRequest.rule.template.priority respects type/required/nullable/limits/PATCH semantics,High,Boundary/contract UI,dto_field_catalog.csv:RecurrenceTaskTemplate.priority; openapi.yaml operation POST_api_v1_recurrence_series_id_preview,"Given пользователь редактирует `RecurrencePreviewRequest.rule.template.priority` через `Приоритет · ComboBox`
When введённое значение нарушает `enum=[""low"", ""normal"", ""high"", ""critical""]` или required/nullable rule
Then клиент не подменяет контракт и показывает `Обязательное поле. Выберите значение из списка.`
And серверная VALIDATION_FAILED остаётся authoritative"
AC-1530,MOD-007,DATA-007,[STATE-007] Field contract: RecurrencePreviewRequest.rule.template.reminderRules respects type/required/nullable/limits/PATCH semantics,High,Boundary/contract UI,dto_field_catalog.csv:RecurrenceTaskTemplate.reminderRules; openapi.yaml operation POST_api_v1_recurrence_series_id_preview,"Given пользователь редактирует `RecurrencePreviewRequest.rule.template.reminderRules` через `Reminder rules · Multi-select/list editor`
When введённое значение нарушает `maxItems=50` или required/nullable rule
Then клиент не подменяет контракт и показывает `Обязательное поле. Не более 50 значений.`
And серверная VALIDATION_FAILED остаётся authoritative"
AC-1531,MOD-007,DATA-007,[STATE-007] Field contract: RecurrencePreviewRequest.rule.template.templateVersion respects type/required/nullable/limits/PATCH semantics,High,Boundary/contract UI,dto_field_catalog.csv:RecurrenceTaskTemplate.templateVersion; openapi.yaml operation POST_api_v1_recurrence_series_id_preview,"Given пользователь редактирует `RecurrencePreviewRequest.rule.template.templateVersion` через `Template version · Numeric input`
When введённое значение нарушает `min=1; minimum=1` или required/nullable rule
Then клиент не подменяет контракт и показывает `Обязательное поле. Значение должно быть в диапазоне 1–+∞.`
And серверная VALIDATION_FAILED остаётся authoritative"
AC-1532,MOD-007,DATA-007,[STATE-007] Field contract: RecurrencePreviewRequest.rule.template.title respects type/required/nullable/limits/PATCH semantics,High,Boundary/contract UI,dto_field_catalog.csv:RecurrenceTaskTemplate.title; openapi.yaml operation POST_api_v1_recurrence_series_id_preview,"Given пользователь редактирует `RecurrencePreviewRequest.rule.template.title` через `Название · TextBox`
When введённое значение нарушает `minLength=1; maxLength=500` или required/nullable rule
Then клиент не подменяет контракт и показывает `Обязательное поле. Допустимо 1–500 символов.`
And серверная VALIDATION_FAILED остаётся authoritative"
AC-1533,MOD-007,DATA-007,[STATE-007] Field contract: RecurrencePreviewRequest.rule.template.watcherIds respects type/required/nullable/limits/PATCH semantics,High,Boundary/contract UI,dto_field_catalog.csv:RecurrenceTaskTemplate.watcherIds; openapi.yaml operation POST_api_v1_recurrence_series_id_preview,"Given пользователь редактирует `RecurrencePreviewRequest.rule.template.watcherIds` через `Наблюдатели · Multi-select/list editor`
When введённое значение нарушает `maxItems=100; uniqueItems=true` или required/nullable rule
Then клиент не подменяет контракт и показывает `Обязательное поле. Не более 100 значений.`
And серверная VALIDATION_FAILED остаётся authoritative"
AC-1534,MOD-007,DATA-007,[STATE-007] Field contract: RecurrencePreviewRequest.rule.timeZone respects type/required/nullable/limits/PATCH semantics,High,Boundary/contract UI,dto_field_catalog.csv:RecurrenceSeriesCreate.timeZone; openapi.yaml operation POST_api_v1_recurrence_series_id_preview,"Given пользователь редактирует `RecurrencePreviewRequest.rule.timeZone` через `Часовой пояс · TextBox`
When введённое значение нарушает `minLength=1; maxLength=64` или required/nullable rule
Then клиент не подменяет контракт и показывает `Обязательное поле. Допустимо 1–64 символов.`
And серверная VALIDATION_FAILED остаётся authoritative"
AC-1535,MOD-007,DATA-007,[STATE-007] Field contract: RecurrenceScopedChange.patch respects type/required/nullable/limits/PATCH semantics,High,Boundary/contract UI,dto_field_catalog.csv:RecurrenceScopedChange.patch; openapi.yaml operation POST_api_v1_recurrence_series_id_apply_change,"Given пользователь редактирует `RecurrenceScopedChange.patch` через `Изменения экземпляра · Structured sub-editor`
When введённое значение нарушает `—` или required/nullable rule
Then клиент не подменяет контракт и показывает `Обязательное поле.`
And серверная VALIDATION_FAILED остаётся authoritative"
AC-1536,MOD-007,DATA-007,[STATE-007] Field contract: RecurrenceScopedChange.scope respects type/required/nullable/limits/PATCH semantics,High,Boundary/contract UI,dto_field_catalog.csv:RecurrenceScopedChange.scope; openapi.yaml operation POST_api_v1_recurrence_series_id_apply_change,"Given пользователь редактирует `RecurrenceScopedChange.scope` через `Область изменения · ComboBox`
When введённое значение нарушает `enum=[""this_occurrence"", ""this_and_future"", ""entire_series""]` или required/nullable rule
Then клиент не подменяет контракт и показывает `Обязательное поле. Выберите значение из списка.`
And серверная VALIDATION_FAILED остаётся authoritative"
AC-1537,MOD-007,DATA-007,[STATE-007] Field contract: RecurrenceSeriesCreate.frequency respects type/required/nullable/limits/PATCH semantics,High,Boundary/contract UI,dto_field_catalog.csv:RecurrenceSeriesCreate.frequency; openapi.yaml operation POST_api_v1_recurrence_series,"Given пользователь редактирует `RecurrenceSeriesCreate.frequency` через `Частота · ComboBox`
When введённое значение нарушает `enum=[""daily"", ""weekly"", ""monthly"", ""yearly""]` или required/nullable rule
Then клиент не подменяет контракт и показывает `Обязательное поле. Выберите значение из списка.`
And серверная VALIDATION_FAILED остаётся authoritative"
AC-1538,MOD-007,DATA-007,[STATE-007] Field contract: RecurrenceSeriesCreate.interval respects type/required/nullable/limits/PATCH semantics,High,Boundary/contract UI,dto_field_catalog.csv:RecurrenceSeriesCreate.interval; openapi.yaml operation POST_api_v1_recurrence_series,"Given пользователь редактирует `RecurrenceSeriesCreate.interval` через `Интервал · Numeric input`
When введённое значение нарушает `min=1; max=999; minimum=1; maximum=999` или required/nullable rule
Then клиент не подменяет контракт и показывает `Обязательное поле. Значение должно быть в диапазоне 1–999.`
And серверная VALIDATION_FAILED остаётся authoritative"
AC-1539,MOD-008,DATA-008,[STATE-007] Field contract: ReminderCreate.status respects type/required/nullable/limits/PATCH semantics,High,Boundary/contract UI,dto_field_catalog.csv:ReminderCreate.status; openapi.yaml operation POST_api_v1_reminders,"Given пользователь редактирует `ReminderCreate.status` через `Статус · ComboBox`
When введённое значение нарушает `enum=[""scheduled"", ""due"", ""delivered"", ""snoozed"", ""cancelled"", ""expired""]` или required/nullable rule
Then клиент не подменяет контракт и показывает `Выберите значение из списка.`
And серверная VALIDATION_FAILED остаётся authoritative"
AC-1540,MOD-008,DATA-008,[STATE-007] Field contract: ReminderPatch.status respects type/required/nullable/limits/PATCH semantics,High,Boundary/contract UI,dto_field_catalog.csv:ReminderPatch.status; openapi.yaml operation PATCH_api_v1_reminders_id,"Given пользователь редактирует `ReminderPatch.status` через `Статус · ComboBox`
When введённое значение нарушает `enum=[""scheduled"", ""due"", ""delivered"", ""snoozed"", ""cancelled"", ""expired""]` или required/nullable rule
Then клиент не подменяет контракт и показывает `Выберите значение из списка.`
And серверная VALIDATION_FAILED остаётся authoritative"
AC-1541,MOD-008,DATA-008,[STATE-007/STATE-018] Field contract: RestoreRequest.status respects type/required/nullable/limits/PATCH semantics,High,Boundary/contract UI,dto_field_catalog.csv:Reminder.status; openapi.yaml operation POST_api_v1_reminders_id_reschedule,"Given пользователь редактирует `RestoreRequest.status` через `Статус · Read-only value`
When введённое значение нарушает `enum=[""scheduled"", ""due"", ""delivered"", ""snoozed"", ""cancelled"", ""expired""]` или required/nullable rule
Then клиент не подменяет контракт и показывает `Не редактируется; значение отображается из ответа сервера.`
And серверная VALIDATION_FAILED остаётся authoritative"
AC-1542,MOD-008,DATA-008,[STATE-007] Field contract: SnoozeRequest.status respects type/required/nullable/limits/PATCH semantics,High,Boundary/contract UI,dto_field_catalog.csv:ReminderOccurrence.status; openapi.yaml operation POST_api_v1_reminders_id_snooze,"Given пользователь редактирует `SnoozeRequest.status` через `Статус · Read-only value`
When введённое значение нарушает `enum=[""created"", ""claimed"", ""delivered"", ""failed"", ""dead_letter"", ""cancelled""]` или required/nullable rule
Then клиент не подменяет контракт и показывает `Не редактируется; значение отображается из ответа сервера.`
And серверная VALIDATION_FAILED остаётся authoritative"
AC-1543,MOD-008,DATA-008,[STATE-007] Field contract: —.status respects type/required/nullable/limits/PATCH semantics,High,Boundary/contract UI,dto_field_catalog.csv:Reminder.status; openapi.yaml operation DELETE_api_v1_reminders_id,"Given пользователь редактирует `—.status` через `Статус · Read-only value`
When введённое значение нарушает `enum=[""scheduled"", ""due"", ""delivered"", ""snoozed"", ""cancelled"", ""expired""]` или required/nullable rule
Then клиент не подменяет контракт и показывает `Не редактируется; значение отображается из ответа сервера.`
And серверная VALIDATION_FAILED остаётся authoritative"
AC-1544,MOD-008,DATA-008,[STATE-007] Field contract: ReminderCreate.recipientUserId respects type/required/nullable/limits/PATCH semantics,High,Boundary/contract UI,dto_field_catalog.csv:ReminderCreate.recipientUserId; openapi.yaml operation POST_api_v1_reminders,"Given пользователь редактирует `ReminderCreate.recipientUserId` через `Получатель · Entity picker`
When введённое значение нарушает `—` или required/nullable rule
Then клиент не подменяет контракт и показывает `Обязательное поле. Выберите существующий доступный объект.`
And серверная VALIDATION_FAILED остаётся authoritative"
AC-1545,MOD-008,DATA-008,[STATE-007] Field contract: ReminderCreate.targetObjectId respects type/required/nullable/limits/PATCH semantics,High,Boundary/contract UI,dto_field_catalog.csv:ReminderCreate.targetObjectId; openapi.yaml operation POST_api_v1_reminders,"Given пользователь редактирует `ReminderCreate.targetObjectId` через `Связанный объект · Entity picker`
When введённое значение нарушает `—` или required/nullable rule
Then клиент не подменяет контракт и показывает `Обязательное поле. Выберите существующий доступный объект.`
And серверная VALIDATION_FAILED остаётся authoritative"
AC-1546,MOD-008,DATA-008,[STATE-007] Field contract: ReminderCreate.triggerType respects type/required/nullable/limits/PATCH semantics,High,Boundary/contract UI,dto_field_catalog.csv:ReminderCreate.triggerType; openapi.yaml operation POST_api_v1_reminders,"Given пользователь редактирует `ReminderCreate.triggerType` через `Тип срабатывания · ComboBox`
When введённое значение нарушает `enum=[""absolute"", ""before_start"", ""before_deadline"", ""at_start"", ""at_deadline""]` или required/nullable rule
Then клиент не подменяет контракт и показывает `Обязательное поле. Выберите значение из списка.`
And серверная VALIDATION_FAILED остаётся authoritative"
AC-1547,MOD-008,DATA-008,[STATE-007] Field contract: SnoozeRequest.until respects type/required/nullable/limits/PATCH semantics,High,Boundary/contract UI,dto_field_catalog.csv:SnoozeRequest.until; openapi.yaml operation POST_api_v1_reminders_id_snooze,"Given пользователь редактирует `SnoozeRequest.until` через `Отложить до · DateTimePicker`
When введённое значение нарушает `—` или required/nullable rule
Then клиент не подменяет контракт и показывает `Обязательное поле. Укажите дату и время с корректным часовым поясом.`
And серверная VALIDATION_FAILED остаётся authoritative"
AC-1548,MOD-008,DATA-008,[STATE-007] Field contract: ReminderCreate.absoluteTriggerAt respects type/required/nullable/limits/PATCH semantics,High,Boundary/contract UI,dto_field_catalog.csv:ReminderCreate.absoluteTriggerAt; openapi.yaml operation POST_api_v1_reminders,"Given пользователь редактирует `ReminderCreate.absoluteTriggerAt` через `Абсолютное время · DateTimePicker`
When введённое значение нарушает `—` или required/nullable rule
Then клиент не подменяет контракт и показывает `Укажите дату и время с корректным часовым поясом. Поле можно очистить явным значением null.`
And серверная VALIDATION_FAILED остаётся authoritative"
AC-1549,MOD-008,DATA-008,[STATE-007] Field contract: ReminderCreate.deliveredAt respects type/required/nullable/limits/PATCH semantics,High,Boundary/contract UI,dto_field_catalog.csv:ReminderCreate.deliveredAt; openapi.yaml operation POST_api_v1_reminders,"Given пользователь редактирует `ReminderCreate.deliveredAt` через `Доставлено · DateTimePicker`
When введённое значение нарушает `—` или required/nullable rule
Then клиент не подменяет контракт и показывает `Укажите дату и время с корректным часовым поясом. Поле можно очистить явным значением null.`
And серверная VALIDATION_FAILED остаётся authoritative"
AC-1550,MOD-008,DATA-008,[STATE-007] Field contract: ReminderCreate.nextTriggerAt respects type/required/nullable/limits/PATCH semantics,High,Boundary/contract UI,dto_field_catalog.csv:ReminderCreate.nextTriggerAt; openapi.yaml operation POST_api_v1_reminders,"Given пользователь редактирует `ReminderCreate.nextTriggerAt` через `Следующее срабатывание · DateTimePicker`
When введённое значение нарушает `—` или required/nullable rule
Then клиент не подменяет контракт и показывает `Укажите дату и время с корректным часовым поясом.`
And серверная VALIDATION_FAILED остаётся authoritative"
AC-1551,MOD-008,DATA-008,[STATE-007] Field contract: ReminderCreate.offsetMinutes respects type/required/nullable/limits/PATCH semantics,High,Boundary/contract UI,dto_field_catalog.csv:ReminderCreate.offsetMinutes; openapi.yaml operation POST_api_v1_reminders,"Given пользователь редактирует `ReminderCreate.offsetMinutes` через `Смещение · Numeric input`
When введённое значение нарушает `min=0; max=525600; minimum=0; maximum=525600` или required/nullable rule
Then клиент не подменяет контракт и показывает `Значение должно быть в диапазоне 0–525600. Поле можно очистить явным значением null.`
And серверная VALIDATION_FAILED остаётся authoritative"
AC-1552,MOD-008,DATA-008,[STATE-007] Field contract: ReminderCreate.snoozedUntil respects type/required/nullable/limits/PATCH semantics,High,Boundary/contract UI,dto_field_catalog.csv:ReminderCreate.snoozedUntil; openapi.yaml operation POST_api_v1_reminders,"Given пользователь редактирует `ReminderCreate.snoozedUntil` через `Отложено до · DateTimePicker`
When введённое значение нарушает `—` или required/nullable rule
Then клиент не подменяет контракт и показывает `Укажите дату и время с корректным часовым поясом. Поле можно очистить явным значением null.`
And серверная VALIDATION_FAILED остаётся authoritative"
AC-1553,MOD-008,DATA-008,[STATE-007] Field contract: ReminderPatch.absoluteTriggerAt respects type/required/nullable/limits/PATCH semantics,High,Boundary/contract UI,dto_field_catalog.csv:ReminderPatch.absoluteTriggerAt; openapi.yaml operation PATCH_api_v1_reminders_id,"Given пользователь редактирует `ReminderPatch.absoluteTriggerAt` через `Абсолютное время · DateTimePicker`
When введённое значение нарушает `—` или required/nullable rule
Then клиент не подменяет контракт и показывает `Укажите дату и время с корректным часовым поясом. Поле можно очистить явным значением null.`
And серверная VALIDATION_FAILED остаётся authoritative"
AC-1554,MOD-008,DATA-008,[STATE-007] Field contract: ReminderPatch.deliveredAt respects type/required/nullable/limits/PATCH semantics,High,Boundary/contract UI,dto_field_catalog.csv:ReminderPatch.deliveredAt; openapi.yaml operation PATCH_api_v1_reminders_id,"Given пользователь редактирует `ReminderPatch.deliveredAt` через `Доставлено · DateTimePicker`
When введённое значение нарушает `—` или required/nullable rule
Then клиент не подменяет контракт и показывает `Укажите дату и время с корректным часовым поясом. Поле можно очистить явным значением null.`
And серверная VALIDATION_FAILED остаётся authoritative"
AC-1555,MOD-008,DATA-008,[STATE-007] Field contract: ReminderPatch.nextTriggerAt respects type/required/nullable/limits/PATCH semantics,High,Boundary/contract UI,dto_field_catalog.csv:ReminderPatch.nextTriggerAt; openapi.yaml operation PATCH_api_v1_reminders_id,"Given пользователь редактирует `ReminderPatch.nextTriggerAt` через `Следующее срабатывание · DateTimePicker`
When введённое значение нарушает `—` или required/nullable rule
Then клиент не подменяет контракт и показывает `Укажите дату и время с корректным часовым поясом.`
And серверная VALIDATION_FAILED остаётся authoritative"
AC-1556,MOD-008,DATA-008,[STATE-007] Field contract: ReminderPatch.offsetMinutes respects type/required/nullable/limits/PATCH semantics,High,Boundary/contract UI,dto_field_catalog.csv:ReminderPatch.offsetMinutes; openapi.yaml operation PATCH_api_v1_reminders_id,"Given пользователь редактирует `ReminderPatch.offsetMinutes` через `Смещение · Numeric input`
When введённое значение нарушает `min=0; max=525600; minimum=0; maximum=525600` или required/nullable rule
Then клиент не подменяет контракт и показывает `Значение должно быть в диапазоне 0–525600. Поле можно очистить явным значением null.`
And серверная VALIDATION_FAILED остаётся authoritative"
AC-1557,MOD-008,DATA-008,[STATE-007] Field contract: ReminderPatch.recipientUserId respects type/required/nullable/limits/PATCH semantics,High,Boundary/contract UI,dto_field_catalog.csv:ReminderPatch.recipientUserId; openapi.yaml operation PATCH_api_v1_reminders_id,"Given пользователь редактирует `ReminderPatch.recipientUserId` через `Получатель · Entity picker`
When введённое значение нарушает `—` или required/nullable rule
Then клиент не подменяет контракт и показывает `Выберите существующий доступный объект.`
And серверная VALIDATION_FAILED остаётся authoritative"
AC-1558,MOD-008,DATA-008,[STATE-007] Field contract: ReminderPatch.snoozedUntil respects type/required/nullable/limits/PATCH semantics,High,Boundary/contract UI,dto_field_catalog.csv:ReminderPatch.snoozedUntil; openapi.yaml operation PATCH_api_v1_reminders_id,"Given пользователь редактирует `ReminderPatch.snoozedUntil` через `Отложено до · DateTimePicker`
When введённое значение нарушает `—` или required/nullable rule
Then клиент не подменяет контракт и показывает `Укажите дату и время с корректным часовым поясом. Поле можно очистить явным значением null.`
And серверная VALIDATION_FAILED остаётся authoritative"
AC-1559,MOD-008,DATA-008,[STATE-007] Field contract: ReminderPatch.targetObjectId respects type/required/nullable/limits/PATCH semantics,High,Boundary/contract UI,dto_field_catalog.csv:ReminderPatch.targetObjectId; openapi.yaml operation PATCH_api_v1_reminders_id,"Given пользователь редактирует `ReminderPatch.targetObjectId` через `Связанный объект · Entity picker`
When введённое значение нарушает `—` или required/nullable rule
Then клиент не подменяет контракт и показывает `Выберите существующий доступный объект.`
And серверная VALIDATION_FAILED остаётся authoritative"
AC-1560,MOD-008,DATA-008,[STATE-007] Field contract: ReminderPatch.triggerType respects type/required/nullable/limits/PATCH semantics,High,Boundary/contract UI,dto_field_catalog.csv:ReminderPatch.triggerType; openapi.yaml operation PATCH_api_v1_reminders_id,"Given пользователь редактирует `ReminderPatch.triggerType` через `Тип срабатывания · ComboBox`
When введённое значение нарушает `enum=[""absolute"", ""before_start"", ""before_deadline"", ""at_start"", ""at_deadline""]` или required/nullable rule
Then клиент не подменяет контракт и показывает `Выберите значение из списка.`
And серверная VALIDATION_FAILED остаётся authoritative"
AC-1561,MOD-008,DATA-008,[STATE-007/STATE-018] Field contract: RestoreRequest.reason respects type/required/nullable/limits/PATCH semantics,High,Boundary/contract UI,dto_field_catalog.csv:RestoreRequest.reason; openapi.yaml operation POST_api_v1_reminders_id_reschedule,"Given пользователь редактирует `RestoreRequest.reason` через `Причина · Multiline text`
When введённое значение нарушает `maxLength=2000` или required/nullable rule
Then клиент не подменяет контракт и показывает `Не более 2000 символов. Поле можно очистить явным значением null.`
And серверная VALIDATION_FAILED остаётся authoritative"
AC-1562,MOD-008,DATA-008,[STATE-007] Field contract: DismissReminderRequest.expectedVersion respects type/required/nullable/limits/PATCH semantics,High,Boundary/contract UI,dto_field_catalog.csv:DismissReminderRequest.expectedVersion; openapi.yaml operation POST_api_v1_reminders_id_dismiss,"Given пользователь редактирует `DismissReminderRequest.expectedVersion` через `Ожидаемая версия · Hidden concurrency token`
When введённое значение нарушает `min=1; minimum=1` или required/nullable rule
Then клиент не подменяет контракт и показывает `Обязательное поле. Значение должно быть в диапазоне 1–+∞.`
And серверная VALIDATION_FAILED остаётся authoritative"
AC-1563,MOD-009,DATA-009,[STATE-007] Field contract: CalendarEventCreate.title respects type/required/nullable/limits/PATCH semantics,High,Boundary/contract UI,dto_field_catalog.csv:CalendarEventCreate.title; openapi.yaml operation POST_api_v1_calendar_events,"Given пользователь редактирует `CalendarEventCreate.title` через `Название · TextBox`
When введённое значение нарушает `minLength=1; maxLength=500` или required/nullable rule
Then клиент не подменяет контракт и показывает `Обязательное поле. Допустимо 1–500 символов.`
And серверная VALIDATION_FAILED остаётся authoritative"
AC-1564,MOD-009,DATA-009,[STATE-007] Field contract: CalendarEventPatch.title respects type/required/nullable/limits/PATCH semantics,High,Boundary/contract UI,dto_field_catalog.csv:CalendarEventPatch.title; openapi.yaml operation PATCH_api_v1_calendar_events_id,"Given пользователь редактирует `CalendarEventPatch.title` через `Название · TextBox`
When введённое значение нарушает `minLength=1; maxLength=500` или required/nullable rule
Then клиент не подменяет контракт и показывает `Допустимо 1–500 символов.`
And серверная VALIDATION_FAILED остаётся authoritative"
AC-1565,MOD-009,DATA-009,[STATE-007] Field contract: TaskPatch.title respects type/required/nullable/limits/PATCH semantics,High,Boundary/contract UI,dto_field_catalog.csv:TaskPatch.title; openapi.yaml operation PATCH_api_v1_tasks_id,"Given пользователь редактирует `TaskPatch.title` через `Название · TextBox`
When введённое значение нарушает `minLength=1; maxLength=500` или required/nullable rule
Then клиент не подменяет контракт и показывает `Допустимо 1–500 символов.`
And серверная VALIDATION_FAILED остаётся authoritative"
AC-1566,MOD-009,DATA-009,[STATE-007] Field contract: CalendarEventCreate.description respects type/required/nullable/limits/PATCH semantics,High,Boundary/contract UI,dto_field_catalog.csv:CalendarEventCreate.description; openapi.yaml operation POST_api_v1_calendar_events,"Given пользователь редактирует `CalendarEventCreate.description` через `Описание · Multiline text`
When введённое значение нарушает `maxLength=20000` или required/nullable rule
Then клиент не подменяет контракт и показывает `Не более 20000 символов. Поле можно очистить явным значением null.`
And серверная VALIDATION_FAILED остаётся authoritative"
AC-1567,MOD-009,DATA-009,[STATE-007] Field contract: CalendarEventPatch.description respects type/required/nullable/limits/PATCH semantics,High,Boundary/contract UI,dto_field_catalog.csv:CalendarEventPatch.description; openapi.yaml operation PATCH_api_v1_calendar_events_id,"Given пользователь редактирует `CalendarEventPatch.description` через `Описание · Multiline text`
When введённое значение нарушает `maxLength=20000` или required/nullable rule
Then клиент не подменяет контракт и показывает `Не более 20000 символов. Поле можно очистить явным значением null.`
And серверная VALIDATION_FAILED остаётся authoritative"
AC-1568,MOD-009,DATA-009,[STATE-007] Field contract: TaskPatch.description respects type/required/nullable/limits/PATCH semantics,High,Boundary/contract UI,dto_field_catalog.csv:TaskPatch.description; openapi.yaml operation PATCH_api_v1_tasks_id,"Given пользователь редактирует `TaskPatch.description` через `Описание · Multiline text`
When введённое значение нарушает `maxLength=50000` или required/nullable rule
Then клиент не подменяет контракт и показывает `Не более 50000 символов. Поле можно очистить явным значением null.`
And серверная VALIDATION_FAILED остаётся authoritative"
AC-1569,MOD-009,DATA-009,[STATE-007] Field contract: CalendarEventCreate.status respects type/required/nullable/limits/PATCH semantics,High,Boundary/contract UI,dto_field_catalog.csv:CalendarEventCreate.status; openapi.yaml operation POST_api_v1_calendar_events,"Given пользователь редактирует `CalendarEventCreate.status` через `Статус · ComboBox`
When введённое значение нарушает `enum=[""scheduled"", ""cancelled""]` или required/nullable rule
Then клиент не подменяет контракт и показывает `Выберите значение из списка.`
And серверная VALIDATION_FAILED остаётся authoritative"
AC-1570,MOD-009,DATA-009,[STATE-007] Field contract: CalendarEventPatch.status respects type/required/nullable/limits/PATCH semantics,High,Boundary/contract UI,dto_field_catalog.csv:CalendarEventPatch.status; openapi.yaml operation PATCH_api_v1_calendar_events_id,"Given пользователь редактирует `CalendarEventPatch.status` через `Статус · ComboBox`
When введённое значение нарушает `enum=[""scheduled"", ""cancelled""]` или required/nullable rule
Then клиент не подменяет контракт и показывает `Выберите значение из списка.`
And серверная VALIDATION_FAILED остаётся authoritative"
AC-1571,MOD-009,DATA-009,[STATE-007] Field contract: TaskPatch.status respects type/required/nullable/limits/PATCH semantics,High,Boundary/contract UI,dto_field_catalog.csv:TaskPatch.status; openapi.yaml operation PATCH_api_v1_tasks_id,"Given пользователь редактирует `TaskPatch.status` через `Статус · ComboBox`
When введённое значение нарушает `enum=[""new"", ""in_progress"", ""review"", ""completed"", ""cancelled""]` или required/nullable rule
Then клиент не подменяет контракт и показывает `Выберите значение из списка.`
And серверная VALIDATION_FAILED остаётся authoritative"
AC-1572,MOD-009,DATA-009,[STATE-007] Field contract: TaskPatch.priority respects type/required/nullable/limits/PATCH semantics,High,Boundary/contract UI,dto_field_catalog.csv:TaskPatch.priority; openapi.yaml operation PATCH_api_v1_tasks_id,"Given пользователь редактирует `TaskPatch.priority` через `Приоритет · ComboBox`
When введённое значение нарушает `enum=[""low"", ""normal"", ""high"", ""critical""]` или required/nullable rule
Then клиент не подменяет контракт и показывает `Выберите значение из списка.`
And серверная VALIDATION_FAILED остаётся authoritative"
AC-1573,MOD-009,DATA-009,[STATE-007] Field contract: CalendarEventCreate.projectId respects type/required/nullable/limits/PATCH semantics,High,Boundary/contract UI,dto_field_catalog.csv:CalendarEventCreate.projectId; openapi.yaml operation POST_api_v1_calendar_events,"Given пользователь редактирует `CalendarEventCreate.projectId` через `Проект · Entity picker`
When введённое значение нарушает `—` или required/nullable rule
Then клиент не подменяет контракт и показывает `Выберите существующий доступный объект. Поле можно очистить явным значением null.`
And серверная VALIDATION_FAILED остаётся authoritative"
AC-1574,MOD-009,DATA-009,[STATE-007] Field contract: CalendarEventPatch.projectId respects type/required/nullable/limits/PATCH semantics,High,Boundary/contract UI,dto_field_catalog.csv:CalendarEventPatch.projectId; openapi.yaml operation PATCH_api_v1_calendar_events_id,"Given пользователь редактирует `CalendarEventPatch.projectId` через `Проект · Entity picker`
When введённое значение нарушает `—` или required/nullable rule
Then клиент не подменяет контракт и показывает `Выберите существующий доступный объект. Поле можно очистить явным значением null.`
And серверная VALIDATION_FAILED остаётся authoritative"
AC-1575,MOD-009,DATA-009,[STATE-007] Field contract: TaskPatch.projectId respects type/required/nullable/limits/PATCH semantics,High,Boundary/contract UI,dto_field_catalog.csv:TaskPatch.projectId; openapi.yaml operation PATCH_api_v1_tasks_id,"Given пользователь редактирует `TaskPatch.projectId` через `Проект · Entity picker`
When введённое значение нарушает `—` или required/nullable rule
Then клиент не подменяет контракт и показывает `Выберите существующий доступный объект. Поле можно очистить явным значением null.`
And серверная VALIDATION_FAILED остаётся authoritative"
AC-1576,MOD-009,DATA-009,[STATE-007] Field contract: TaskPatch.assigneeIds respects type/required/nullable/limits/PATCH semantics,High,Boundary/contract UI,dto_field_catalog.csv:TaskPatch.assigneeIds; openapi.yaml operation PATCH_api_v1_tasks_id,"Given пользователь редактирует `TaskPatch.assigneeIds` через `Исполнители · Multi-select/list editor`
When введённое значение нарушает `maxItems=100; uniqueItems=true` или required/nullable rule
Then клиент не подменяет контракт и показывает `Не более 100 значений.`
And серверная VALIDATION_FAILED остаётся authoritative"
AC-1577,MOD-009,DATA-009,[STATE-007] Field contract: TaskPatch.watcherIds respects type/required/nullable/limits/PATCH semantics,High,Boundary/contract UI,dto_field_catalog.csv:TaskPatch.watcherIds; openapi.yaml operation PATCH_api_v1_tasks_id,"Given пользователь редактирует `TaskPatch.watcherIds` через `Наблюдатели · Multi-select/list editor`
When введённое значение нарушает `maxItems=100; uniqueItems=true` или required/nullable rule
Then клиент не подменяет контракт и показывает `Не более 100 значений.`
And серверная VALIDATION_FAILED остаётся authoritative"
AC-1578,MOD-009,DATA-009,[STATE-007] Field contract: TaskPatch.scheduledDate respects type/required/nullable/limits/PATCH semantics,High,Boundary/contract UI,dto_field_catalog.csv:TaskPatch.scheduledDate; openapi.yaml operation PATCH_api_v1_tasks_id,"Given пользователь редактирует `TaskPatch.scheduledDate` через `Дата · DatePicker`
When введённое значение нарушает `—` или required/nullable rule
Then клиент не подменяет контракт и показывает `Укажите корректную дату. Поле можно очистить явным значением null.`
And серверная VALIDATION_FAILED остаётся authoritative"
AC-1579,MOD-009,DATA-009,[STATE-007] Field contract: TaskPatch.startTimeLocal respects type/required/nullable/limits/PATCH semantics,High,Boundary/contract UI,dto_field_catalog.csv:TaskPatch.startTimeLocal; openapi.yaml operation PATCH_api_v1_tasks_id,"Given пользователь редактирует `TaskPatch.startTimeLocal` через `Время начала · TimePicker`
When введённое значение нарушает `—` или required/nullable rule
Then клиент не подменяет контракт и показывает `Укажите корректное локальное время. Поле можно очистить явным значением null.`
And серверная VALIDATION_FAILED остаётся authoritative"
AC-1580,MOD-009,DATA-009,[STATE-007] Field contract: TaskPatch.plannedDurationMinutes respects type/required/nullable/limits/PATCH semantics,High,Boundary/contract UI,dto_field_catalog.csv:TaskPatch.plannedDurationMinutes; openapi.yaml operation PATCH_api_v1_tasks_id,"Given пользователь редактирует `TaskPatch.plannedDurationMinutes` через `Длительность · Numeric input`
When введённое значение нарушает `min=1; max=10080; minimum=1; maximum=10080` или required/nullable rule
Then клиент не подменяет контракт и показывает `Значение должно быть в диапазоне 1–10080. Поле можно очистить явным значением null.`
And серверная VALIDATION_FAILED остаётся authoritative"
AC-1581,MOD-009,DATA-009,[STATE-007] Field contract: TaskPatch.deadlineAt respects type/required/nullable/limits/PATCH semantics,High,Boundary/contract UI,dto_field_catalog.csv:TaskPatch.deadlineAt; openapi.yaml operation PATCH_api_v1_tasks_id,"Given пользователь редактирует `TaskPatch.deadlineAt` через `Дедлайн · DateTimePicker`
When введённое значение нарушает `—` или required/nullable rule
Then клиент не подменяет контракт и показывает `Укажите дату и время с корректным часовым поясом. Поле можно очистить явным значением null.`
And серверная VALIDATION_FAILED остаётся authoritative"
AC-1582,MOD-009,DATA-009,[STATE-007] Field contract: TaskPatch.scheduleTimeZone respects type/required/nullable/limits/PATCH semantics,High,Boundary/contract UI,dto_field_catalog.csv:TaskPatch.scheduleTimeZone; openapi.yaml operation PATCH_api_v1_tasks_id,"Given пользователь редактирует `TaskPatch.scheduleTimeZone` через `Часовой пояс расписания · TextBox`
When введённое значение нарушает `maxLength=64` или required/nullable rule
Then клиент не подменяет контракт и показывает `Не более 64 символов. Поле можно очистить явным значением null.`
And серверная VALIDATION_FAILED остаётся authoritative"
AC-1583,MOD-009,DATA-009,[STATE-007] Field contract: AttendeesReplace.status respects type/required/nullable/limits/PATCH semantics,High,Boundary/contract UI,dto_field_catalog.csv:CalendarEvent.status; openapi.yaml operation PUT_api_v1_calendar_events_id_attendees,"Given пользователь редактирует `AttendeesReplace.status` через `Статус · Read-only value`
When введённое значение нарушает `enum=[""scheduled"", ""cancelled""]` или required/nullable rule
Then клиент не подменяет контракт и показывает `Не редактируется; значение отображается из ответа сервера.`
And серверная VALIDATION_FAILED остаётся authoritative"
AC-1584,MOD-009,DATA-009,[STATE-007] Field contract: —.status respects type/required/nullable/limits/PATCH semantics,High,Boundary/contract UI,dto_field_catalog.csv:CalendarEvent.status; openapi.yaml operation GET_api_v1_calendar_events_id,"Given пользователь редактирует `—.status` через `Статус · Read-only value`
When введённое значение нарушает `enum=[""scheduled"", ""cancelled""]` или required/nullable rule
Then клиент не подменяет контракт и показывает `Не редактируется; значение отображается из ответа сервера.`
And серверная VALIDATION_FAILED остаётся authoritative"
AC-1585,MOD-009,DATA-009,[STATE-007] Field contract: AttendeeResponse.expectedAttendeeVersion respects type/required/nullable/limits/PATCH semantics,High,Boundary/contract UI,dto_field_catalog.csv:AttendeeResponse.expectedAttendeeVersion; openapi.yaml operation POST_api_v1_calendar_events_id_respond,"Given пользователь редактирует `AttendeeResponse.expectedAttendeeVersion` через `Expected attendee version · Numeric input`
When введённое значение нарушает `min=1; minimum=1` или required/nullable rule
Then клиент не подменяет контракт и показывает `Обязательное поле. Значение должно быть в диапазоне 1–+∞.`
And серверная VALIDATION_FAILED остаётся authoritative"
AC-1586,MOD-009,DATA-009,[STATE-007] Field contract: AttendeeResponse.responseStatus respects type/required/nullable/limits/PATCH semantics,High,Boundary/contract UI,dto_field_catalog.csv:AttendeeResponse.responseStatus; openapi.yaml operation POST_api_v1_calendar_events_id_respond,"Given пользователь редактирует `AttendeeResponse.responseStatus` через `Response status · ComboBox`
When введённое значение нарушает `enum=[""accepted"", ""declined"", ""tentative""]` или required/nullable rule
Then клиент не подменяет контракт и показывает `Обязательное поле. Выберите значение из списка.`
And серверная VALIDATION_FAILED остаётся authoritative"
AC-1587,MOD-010,DATA-010,[STATE-007] Field contract: ProjectCreate.name respects type/required/nullable/limits/PATCH semantics,High,Boundary/contract UI,dto_field_catalog.csv:ProjectCreate.name; openapi.yaml operation POST_api_v1_projects,"Given пользователь редактирует `ProjectCreate.name` через `Название · TextBox`
When введённое значение нарушает `minLength=1; maxLength=300` или required/nullable rule
Then клиент не подменяет контракт и показывает `Обязательное поле. Допустимо 1–300 символов.`
And серверная VALIDATION_FAILED остаётся authoritative"
AC-1588,MOD-010,DATA-010,[STATE-007] Field contract: ProjectPatch.name respects type/required/nullable/limits/PATCH semantics,High,Boundary/contract UI,dto_field_catalog.csv:ProjectPatch.name; openapi.yaml operation PATCH_api_v1_projects_id,"Given пользователь редактирует `ProjectPatch.name` через `Название · TextBox`
When введённое значение нарушает `minLength=1; maxLength=300` или required/nullable rule
Then клиент не подменяет контракт и показывает `Допустимо 1–300 символов.`
And серверная VALIDATION_FAILED остаётся authoritative"
AC-1589,MOD-010,DATA-010,[STATE-007] Field contract: ProjectCreate.description respects type/required/nullable/limits/PATCH semantics,High,Boundary/contract UI,dto_field_catalog.csv:ProjectCreate.description; openapi.yaml operation POST_api_v1_projects,"Given пользователь редактирует `ProjectCreate.description` через `Описание · Multiline text`
When введённое значение нарушает `maxLength=20000` или required/nullable rule
Then клиент не подменяет контракт и показывает `Не более 20000 символов. Поле можно очистить явным значением null.`
And серверная VALIDATION_FAILED остаётся authoritative"
AC-1590,MOD-010,DATA-010,[STATE-007] Field contract: ProjectPatch.description respects type/required/nullable/limits/PATCH semantics,High,Boundary/contract UI,dto_field_catalog.csv:ProjectPatch.description; openapi.yaml operation PATCH_api_v1_projects_id,"Given пользователь редактирует `ProjectPatch.description` через `Описание · Multiline text`
When введённое значение нарушает `maxLength=20000` или required/nullable rule
Then клиент не подменяет контракт и показывает `Не более 20000 символов. Поле можно очистить явным значением null.`
And серверная VALIDATION_FAILED остаётся authoritative"
AC-1591,MOD-010,DATA-010,[STATE-007] Field contract: ProjectCreate.status respects type/required/nullable/limits/PATCH semantics,High,Boundary/contract UI,dto_field_catalog.csv:ProjectCreate.status; openapi.yaml operation POST_api_v1_projects,"Given пользователь редактирует `ProjectCreate.status` через `Статус · ComboBox`
When введённое значение нарушает `enum=[""planning"", ""active"", ""paused"", ""completed""]` или required/nullable rule
Then клиент не подменяет контракт и показывает `Выберите значение из списка.`
And серверная VALIDATION_FAILED остаётся authoritative"
AC-1592,MOD-010,DATA-010,[STATE-007] Field contract: ProjectMemberCreate.status respects type/required/nullable/limits/PATCH semantics,High,Boundary/contract UI,dto_field_catalog.csv:ProjectMemberCreate.status; openapi.yaml operation POST_api_v1_projects_id_members,"Given пользователь редактирует `ProjectMemberCreate.status` через `Статус · ComboBox`
When введённое значение нарушает `enum=[""invited"", ""active"", ""removed""]` или required/nullable rule
Then клиент не подменяет контракт и показывает `Выберите значение из списка.`
And серверная VALIDATION_FAILED остаётся authoritative"
AC-1593,MOD-010,DATA-010,[STATE-007] Field contract: ProjectMemberPatch.status respects type/required/nullable/limits/PATCH semantics,High,Boundary/contract UI,dto_field_catalog.csv:ProjectMemberPatch.status; openapi.yaml operation PATCH_api_v1_projects_id_members_userId,"Given пользователь редактирует `ProjectMemberPatch.status` через `Статус · ComboBox`
When введённое значение нарушает `enum=[""invited"", ""active"", ""removed""]` или required/nullable rule
Then клиент не подменяет контракт и показывает `Выберите значение из списка.`
And серверная VALIDATION_FAILED остаётся authoritative"
AC-1594,MOD-010,DATA-010,[STATE-007] Field contract: ProjectPatch.status respects type/required/nullable/limits/PATCH semantics,High,Boundary/contract UI,dto_field_catalog.csv:ProjectPatch.status; openapi.yaml operation PATCH_api_v1_projects_id,"Given пользователь редактирует `ProjectPatch.status` через `Статус · ComboBox`
When введённое значение нарушает `enum=[""planning"", ""active"", ""paused"", ""completed""]` или required/nullable rule
Then клиент не подменяет контракт и показывает `Выберите значение из списка.`
And серверная VALIDATION_FAILED остаётся authoritative"
AC-1595,MOD-010,DATA-010,[STATE-007] Field contract: ProjectMemberCreate.projectId respects type/required/nullable/limits/PATCH semantics,High,Boundary/contract UI,dto_field_catalog.csv:ProjectMemberCreate.projectId; openapi.yaml operation POST_api_v1_projects_id_members,"Given пользователь редактирует `ProjectMemberCreate.projectId` через `Проект · Entity picker`
When введённое значение нарушает `—` или required/nullable rule
Then клиент не подменяет контракт и показывает `Выберите существующий доступный объект.`
And серверная VALIDATION_FAILED остаётся authoritative"
AC-1596,MOD-010,DATA-010,[STATE-007] Field contract: ProjectMemberPatch.projectId respects type/required/nullable/limits/PATCH semantics,High,Boundary/contract UI,dto_field_catalog.csv:ProjectMemberPatch.projectId; openapi.yaml operation PATCH_api_v1_projects_id_members_userId,"Given пользователь редактирует `ProjectMemberPatch.projectId` через `Проект · Entity picker`
When введённое значение нарушает `—` или required/nullable rule
Then клиент не подменяет контракт и показывает `Выберите существующий доступный объект.`
And серверная VALIDATION_FAILED остаётся authoritative"
AC-1597,MOD-010,DATA-010,[STATE-007] Field contract: (query parameters).status respects type/required/nullable/limits/PATCH semantics,High,Boundary/contract UI,openapi.yaml#/paths//api/v1/projects/{id}/members/get/parameters/status,"Given пользователь редактирует `(query parameters).status` через `Статус · TextBox`
When введённое значение нарушает `maxLength=40` или required/nullable rule
Then клиент не подменяет контракт и показывает `Не более 40 символов.`
And серверная VALIDATION_FAILED остаётся authoritative"
AC-1598,MOD-010,DATA-010,[STATE-007/STATE-017] Field contract: ArchiveRequest.status respects type/required/nullable/limits/PATCH semantics,High,Boundary/contract UI,dto_field_catalog.csv:Project.status; openapi.yaml operation POST_api_v1_projects_id_archive,"Given пользователь редактирует `ArchiveRequest.status` через `Статус · Read-only value`
When введённое значение нарушает `enum=[""planning"", ""active"", ""paused"", ""completed""]` или required/nullable rule
Then клиент не подменяет контракт и показывает `Не редактируется; значение отображается из ответа сервера.`
And серверная VALIDATION_FAILED остаётся authoritative"
AC-1599,MOD-010,DATA-010,[STATE-007] Field contract: PermissionCodes.status respects type/required/nullable/limits/PATCH semantics,High,Boundary/contract UI,dto_field_catalog.csv:ProjectRole.status; openapi.yaml operation PUT_api_v1_project_roles_id_permissions,"Given пользователь редактирует `PermissionCodes.status` через `Статус · Read-only value`
When введённое значение нарушает `enum=[""active"", ""inactive""]` или required/nullable rule
Then клиент не подменяет контракт и показывает `Не редактируется; значение отображается из ответа сервера.`
And серверная VALIDATION_FAILED остаётся authoritative"
AC-1600,MOD-010,DATA-010,[STATE-007] Field contract: PermissionOverrides.status respects type/required/nullable/limits/PATCH semantics,High,Boundary/contract UI,dto_field_catalog.csv:ProjectMember.status; openapi.yaml operation PUT_api_v1_projects_id_members_userId_overrides,"Given пользователь редактирует `PermissionOverrides.status` через `Статус · Read-only value`
When введённое значение нарушает `enum=[""invited"", ""active"", ""removed""]` или required/nullable rule
Then клиент не подменяет контракт и показывает `Не редактируется; значение отображается из ответа сервера.`
And серверная VALIDATION_FAILED остаётся authoritative"
AC-1601,MOD-010,DATA-010,[STATE-007/STATE-018] Field contract: RestoreRequest.status respects type/required/nullable/limits/PATCH semantics,High,Boundary/contract UI,dto_field_catalog.csv:Project.status; openapi.yaml operation POST_api_v1_projects_id_restore,"Given пользователь редактирует `RestoreRequest.status` через `Статус · Read-only value`
When введённое значение нарушает `enum=[""planning"", ""active"", ""paused"", ""completed""]` или required/nullable rule
Then клиент не подменяет контракт и показывает `Не редактируется; значение отображается из ответа сервера.`
And серверная VALIDATION_FAILED остаётся authoritative"
AC-1602,MOD-010,DATA-010,[STATE-007] Field contract: TransferOwnershipRequest.status respects type/required/nullable/limits/PATCH semantics,High,Boundary/contract UI,dto_field_catalog.csv:Project.status; openapi.yaml operation POST_api_v1_projects_id_transfer_ownership,"Given пользователь редактирует `TransferOwnershipRequest.status` через `Статус · Read-only value`
When введённое значение нарушает `enum=[""planning"", ""active"", ""paused"", ""completed""]` или required/nullable rule
Then клиент не подменяет контракт и показывает `Не редактируется; значение отображается из ответа сервера.`
And серверная VALIDATION_FAILED остаётся authoritative"
AC-1603,MOD-010,DATA-010,[STATE-007] Field contract: —.status respects type/required/nullable/limits/PATCH semantics,High,Boundary/contract UI,dto_field_catalog.csv:Project.status; openapi.yaml operation GET_api_v1_projects_id,"Given пользователь редактирует `—.status` через `Статус · Read-only value`
When введённое значение нарушает `enum=[""planning"", ""active"", ""paused"", ""completed""]` или required/nullable rule
Then клиент не подменяет контракт и показывает `Не редактируется; значение отображается из ответа сервера.`
And серверная VALIDATION_FAILED остаётся authoritative"
AC-1604,MOD-010,DATA-010,[STATE-007] Field contract: —.status respects type/required/nullable/limits/PATCH semantics,High,Boundary/contract UI,dto_field_catalog.csv:Project.status; openapi.yaml operation POST_api_v1_projects_id_unarchive,"Given пользователь редактирует `—.status` через `Статус · Read-only value`
When введённое значение нарушает `enum=[""planning"", ""active"", ""paused"", ""completed""]` или required/nullable rule
Then клиент не подменяет контракт и показывает `Не редактируется; значение отображается из ответа сервера.`
And серверная VALIDATION_FAILED остаётся authoritative"
AC-1605,MOD-010,DATA-010,[STATE-007] Field contract: PermissionCodes.codes respects type/required/nullable/limits/PATCH semantics,High,Boundary/contract UI,dto_field_catalog.csv:PermissionCodes.codes; openapi.yaml operation PUT_api_v1_project_roles_id_permissions,"Given пользователь редактирует `PermissionCodes.codes` через `Codes · Multi-select/list editor`
When введённое значение нарушает `maxItems=200; uniqueItems=true` или required/nullable rule
Then клиент не подменяет контракт и показывает `Обязательное поле. Не более 200 значений.`
And серверная VALIDATION_FAILED остаётся authoritative"
AC-1606,MOD-010,DATA-010,[STATE-007] Field contract: PermissionOverrides.allow respects type/required/nullable/limits/PATCH semantics,High,Boundary/contract UI,dto_field_catalog.csv:PermissionOverrides.allow; openapi.yaml operation PUT_api_v1_projects_id_members_userId_overrides,"Given пользователь редактирует `PermissionOverrides.allow` через `Allow · Multi-select/list editor`
When введённое значение нарушает `maxItems=200; uniqueItems=true` или required/nullable rule
Then клиент не подменяет контракт и показывает `Обязательное поле. Не более 200 значений.`
And серверная VALIDATION_FAILED остаётся authoritative"
AC-1607,MOD-010,DATA-010,[STATE-007] Field contract: PermissionOverrides.deny respects type/required/nullable/limits/PATCH semantics,High,Boundary/contract UI,dto_field_catalog.csv:PermissionOverrides.deny; openapi.yaml operation PUT_api_v1_projects_id_members_userId_overrides,"Given пользователь редактирует `PermissionOverrides.deny` через `Deny · Multi-select/list editor`
When введённое значение нарушает `maxItems=200; uniqueItems=true` или required/nullable rule
Then клиент не подменяет контракт и показывает `Обязательное поле. Не более 200 значений.`
And серверная VALIDATION_FAILED остаётся authoritative"
AC-1608,MOD-010,DATA-010,[STATE-007] Field contract: PermissionOverrides.expectedMemberVersion respects type/required/nullable/limits/PATCH semantics,High,Boundary/contract UI,dto_field_catalog.csv:PermissionOverrides.expectedMemberVersion; openapi.yaml operation PUT_api_v1_projects_id_members_userId_overrides,"Given пользователь редактирует `PermissionOverrides.expectedMemberVersion` через `Expected member version · Numeric input`
When введённое значение нарушает `min=1; minimum=1` или required/nullable rule
Then клиент не подменяет контракт и показывает `Обязательное поле. Значение должно быть в диапазоне 1–+∞.`
And серверная VALIDATION_FAILED остаётся authoritative"
AC-1609,MOD-010,DATA-010,[STATE-007] Field contract: ProjectCreate.ownerUserId respects type/required/nullable/limits/PATCH semantics,High,Boundary/contract UI,dto_field_catalog.csv:ProjectCreate.ownerUserId; openapi.yaml operation POST_api_v1_projects,"Given пользователь редактирует `ProjectCreate.ownerUserId` через `Владелец · Entity picker`
When введённое значение нарушает `—` или required/nullable rule
Then клиент не подменяет контракт и показывает `Обязательное поле. Выберите существующий доступный объект.`
And серверная VALIDATION_FAILED остаётся authoritative"
AC-1610,MOD-010,DATA-010,[STATE-007] Field contract: ProjectMemberCreate.projectRoleId respects type/required/nullable/limits/PATCH semantics,High,Boundary/contract UI,dto_field_catalog.csv:ProjectMemberCreate.projectRoleId; openapi.yaml operation POST_api_v1_projects_id_members,"Given пользователь редактирует `ProjectMemberCreate.projectRoleId` через `Роль в проекте · Entity picker`
When введённое значение нарушает `—` или required/nullable rule
Then клиент не подменяет контракт и показывает `Обязательное поле. Выберите существующий доступный объект.`
And серверная VALIDATION_FAILED остаётся authoritative"
AC-1611,MOD-011,DATA-011,[STATE-007/STATE-031] Field contract: FileLocationCheckCreate.status respects type/required/nullable/limits/PATCH semantics,High,Boundary/contract UI,dto_field_catalog.csv:FileLocationCheckCreate.status; openapi.yaml operation POST_api_v1_file_locations_id_check_result,"Given пользователь редактирует `FileLocationCheckCreate.status` через `Статус · ComboBox`
When введённое значение нарушает `enum=[""available"", ""not_found"", ""access_denied"", ""resource_unavailable"", ""invalid_path"", ""timeout""]` или required/nullable rule
Then клиент не подменяет контракт и показывает `Обязательное поле. Выберите значение из списка.`
And серверная VALIDATION_FAILED остаётся authoritative"
AC-1612,MOD-011,DATA-011,[STATE-007/STATE-031] Field contract: FileLocationCheckCreate.deviceId respects type/required/nullable/limits/PATCH semantics,High,Boundary/contract UI,dto_field_catalog.csv:FileLocationCheckCreate.deviceId; openapi.yaml operation POST_api_v1_file_locations_id_check_result,"Given пользователь редактирует `FileLocationCheckCreate.deviceId` через `Устройство · Entity picker`
When введённое значение нарушает `—` или required/nullable rule
Then клиент не подменяет контракт и показывает `Обязательное поле. Выберите существующий доступный объект.`
And серверная VALIDATION_FAILED остаётся authoritative"
AC-1613,MOD-011,DATA-011,[STATE-007/STATE-031] Field contract: FileLocationCreate.locationType respects type/required/nullable/limits/PATCH semantics,High,Boundary/contract UI,dto_field_catalog.csv:FileLocationCreate.locationType; openapi.yaml operation POST_api_v1_catalog_items_id_locations,"Given пользователь редактирует `FileLocationCreate.locationType` через `Тип расположения · ComboBox`
When введённое значение нарушает `enum=[""local_path"", ""unc_path"", ""mapped_drive""]` или required/nullable rule
Then клиент не подменяет контракт и показывает `Обязательное поле. Выберите значение из списка.`
And серверная VALIDATION_FAILED остаётся authoritative"
AC-1614,MOD-011,DATA-011,[STATE-007] Field contract: ResolveLocationRequest.deviceId respects type/required/nullable/limits/PATCH semantics,High,Boundary/contract UI,dto_field_catalog.csv:ResolveLocationRequest.deviceId; openapi.yaml operation POST_api_v1_catalog_items_id_resolve_location,"Given пользователь редактирует `ResolveLocationRequest.deviceId` через `Устройство · Entity picker`
When введённое значение нарушает `—` или required/nullable rule
Then клиент не подменяет контракт и показывает `Обязательное поле. Выберите существующий доступный объект.`
And серверная VALIDATION_FAILED остаётся authoritative"
AC-1615,MOD-011,DATA-011,[STATE-007] Field contract: CatalogItemCreate.name respects type/required/nullable/limits/PATCH semantics,High,Boundary/contract UI,openapi.yaml:CatalogItemCreate.name,"Given пользователь редактирует `CatalogItemCreate.name` через `name · TextBox`
When введённое значение нарушает `minLength=1; maxLength=500` или required/nullable rule
Then клиент не подменяет контракт и показывает `Обязательное поле. minLength=1; maxLength=500.`
And серверная VALIDATION_FAILED остаётся authoritative"
AC-1616,MOD-011,DATA-011,[STATE-007/STATE-031] Field contract: FileLocationCreate.priority respects type/required/nullable/limits/PATCH semantics,High,Boundary/contract UI,dto_field_catalog.csv:FileLocationCreate.priority; openapi.yaml operation POST_api_v1_catalog_items_id_locations,"Given пользователь редактирует `FileLocationCreate.priority` через `Приоритет · Numeric input`
When введённое значение нарушает `min=0; max=32767; minimum=0; maximum=32767` или required/nullable rule
Then клиент не подменяет контракт и показывает `Значение должно быть в диапазоне 0–32767.`
And серверная VALIDATION_FAILED остаётся authoritative"
AC-1617,MOD-011,DATA-011,[STATE-007/STATE-031] Field contract: FileLocationPatch.priority respects type/required/nullable/limits/PATCH semantics,High,Boundary/contract UI,dto_field_catalog.csv:FileLocationPatch.priority; openapi.yaml operation PATCH_api_v1_catalog_items_id_locations_locationId,"Given пользователь редактирует `FileLocationPatch.priority` через `Приоритет · Numeric input`
When введённое значение нарушает `min=0; max=32767; minimum=0; maximum=32767` или required/nullable rule
Then клиент не подменяет контракт и показывает `Значение должно быть в диапазоне 0–32767.`
And серверная VALIDATION_FAILED остаётся authoritative"
AC-1618,MOD-011,DATA-011,[STATE-007/STATE-031] Field contract: FileLocationCreate.deviceId respects type/required/nullable/limits/PATCH semantics,High,Boundary/contract UI,dto_field_catalog.csv:FileLocationCreate.deviceId; openapi.yaml operation POST_api_v1_catalog_items_id_locations,"Given пользователь редактирует `FileLocationCreate.deviceId` через `Устройство · Entity picker`
When введённое значение нарушает `—` или required/nullable rule
Then клиент не подменяет контракт и показывает `Выберите существующий доступный объект. Поле можно очистить явным значением null.`
And серверная VALIDATION_FAILED остаётся authoritative"
AC-1619,MOD-011,DATA-011,[STATE-007/STATE-031] Field contract: FileLocationCreate.networkResourceId respects type/required/nullable/limits/PATCH semantics,High,Boundary/contract UI,dto_field_catalog.csv:FileLocationCreate.networkResourceId; openapi.yaml operation POST_api_v1_catalog_items_id_locations,"Given пользователь редактирует `FileLocationCreate.networkResourceId` через `Сетевой ресурс · Entity picker`
When введённое значение нарушает `—` или required/nullable rule
Then клиент не подменяет контракт и показывает `Выберите существующий доступный объект. Поле можно очистить явным значением null.`
And серверная VALIDATION_FAILED остаётся authoritative"
AC-1620,MOD-011,DATA-011,[STATE-007/STATE-031] Field contract: FileLocationPatch.deviceId respects type/required/nullable/limits/PATCH semantics,High,Boundary/contract UI,dto_field_catalog.csv:FileLocationPatch.deviceId; openapi.yaml operation PATCH_api_v1_catalog_items_id_locations_locationId,"Given пользователь редактирует `FileLocationPatch.deviceId` через `Устройство · Entity picker`
When введённое значение нарушает `—` или required/nullable rule
Then клиент не подменяет контракт и показывает `Выберите существующий доступный объект. Поле можно очистить явным значением null.`
And серверная VALIDATION_FAILED остаётся authoritative"
AC-1621,MOD-011,DATA-011,[STATE-007/STATE-031] Field contract: FileLocationPatch.locationType respects type/required/nullable/limits/PATCH semantics,High,Boundary/contract UI,dto_field_catalog.csv:FileLocationPatch.locationType; openapi.yaml operation PATCH_api_v1_catalog_items_id_locations_locationId,"Given пользователь редактирует `FileLocationPatch.locationType` через `Тип расположения · ComboBox`
When введённое значение нарушает `enum=[""local_path"", ""unc_path"", ""mapped_drive""]` или required/nullable rule
Then клиент не подменяет контракт и показывает `Выберите значение из списка.`
And серверная VALIDATION_FAILED остаётся authoritative"
AC-1622,MOD-011,DATA-011,[STATE-007/STATE-031] Field contract: FileLocationPatch.networkResourceId respects type/required/nullable/limits/PATCH semantics,High,Boundary/contract UI,dto_field_catalog.csv:FileLocationPatch.networkResourceId; openapi.yaml operation PATCH_api_v1_catalog_items_id_locations_locationId,"Given пользователь редактирует `FileLocationPatch.networkResourceId` через `Сетевой ресурс · Entity picker`
When введённое значение нарушает `—` или required/nullable rule
Then клиент не подменяет контракт и показывает `Выберите существующий доступный объект. Поле можно очистить явным значением null.`
And серверная VALIDATION_FAILED остаётся authoritative"
AC-1623,MOD-011,DATA-011,[STATE-007] Field contract: CatalogItemPatch.name respects type/required/nullable/limits/PATCH semantics,High,Boundary/contract UI,openapi.yaml:CatalogItemPatch.name,"Given пользователь редактирует `CatalogItemPatch.name` через `name · TextBox`
When введённое значение нарушает `minLength=1; maxLength=500` или required/nullable rule
Then клиент не подменяет контракт и показывает `minLength=1; maxLength=500.`
And серверная VALIDATION_FAILED остаётся authoritative"
AC-1624,MOD-011,DATA-011,[STATE-007] Field contract: CatalogItemCreate.description respects type/required/nullable/limits/PATCH semantics,High,Boundary/contract UI,openapi.yaml:CatalogItemCreate.description,"Given пользователь редактирует `CatalogItemCreate.description` через `description · TextBox`
When введённое значение нарушает `maxLength=20000` или required/nullable rule
Then клиент не подменяет контракт и показывает `maxLength=20000. Поле допускает явное null.`
And серверная VALIDATION_FAILED остаётся authoritative"
AC-1625,MOD-011,DATA-011,[STATE-007] Field contract: CatalogItemPatch.description respects type/required/nullable/limits/PATCH semantics,High,Boundary/contract UI,openapi.yaml:CatalogItemPatch.description,"Given пользователь редактирует `CatalogItemPatch.description` через `description · TextBox`
When введённое значение нарушает `maxLength=20000` или required/nullable rule
Then клиент не подменяет контракт и показывает `maxLength=20000. Поле допускает явное null.`
And серверная VALIDATION_FAILED остаётся authoritative"
AC-1626,MOD-011,DATA-011,[STATE-007] Field contract: (query parameters).deviceId respects type/required/nullable/limits/PATCH semantics,High,Boundary/contract UI,openapi.yaml#/paths//api/v1/catalog-items/{id}/locations/get/parameters/deviceId,"Given пользователь редактирует `(query parameters).deviceId` через `Устройство · Entity picker`
When введённое значение нарушает `—` или required/nullable rule
Then клиент не подменяет контракт и показывает `Выберите существующий доступный объект.`
And серверная VALIDATION_FAILED остаётся authoritative"
AC-1627,MOD-011,DATA-011,[STATE-007] Field contract: CatalogItemCreate.parentId respects type/required/nullable/limits/PATCH semantics,High,Boundary/contract UI,openapi.yaml:CatalogItemCreate.parentId,"Given пользователь редактирует `CatalogItemCreate.parentId` через `parentId · Object picker/value editor`
When введённое значение нарушает `—` или required/nullable rule
Then клиент не подменяет контракт и показывает `Поле допускает явное null.`
And серверная VALIDATION_FAILED остаётся authoritative"
AC-1628,MOD-011,DATA-011,[STATE-007] Field contract: CatalogItemPatch.parentId respects type/required/nullable/limits/PATCH semantics,High,Boundary/contract UI,openapi.yaml:CatalogItemPatch.parentId,"Given пользователь редактирует `CatalogItemPatch.parentId` через `parentId · Object picker/value editor`
When введённое значение нарушает `—` или required/nullable rule
Then клиент не подменяет контракт и показывает `Поле допускает явное null.`
And серверная VALIDATION_FAILED остаётся authoritative"
AC-1629,MOD-011,DATA-011,[STATE-007/STATE-031] Field contract: FileLocationCheckCreate.checkedAt respects type/required/nullable/limits/PATCH semantics,High,Boundary/contract UI,dto_field_catalog.csv:FileLocationCheckCreate.checkedAt; openapi.yaml operation POST_api_v1_file_locations_id_check_result,"Given пользователь редактирует `FileLocationCheckCreate.checkedAt` через `Checked at · DateTimePicker`
When введённое значение нарушает `—` или required/nullable rule
Then клиент не подменяет контракт и показывает `Обязательное поле. Укажите дату и время с корректным часовым поясом.`
And серверная VALIDATION_FAILED остаётся authoritative"
AC-1630,MOD-011,DATA-011,[STATE-007/STATE-031] Field contract: FileLocationCheckCreate.expectedLocationVersion respects type/required/nullable/limits/PATCH semantics,High,Boundary/contract UI,dto_field_catalog.csv:FileLocationCheckCreate.expectedLocationVersion; openapi.yaml operation POST_api_v1_file_locations_id_check_result,"Given пользователь редактирует `FileLocationCheckCreate.expectedLocationVersion` через `Expected location version · Numeric input`
When введённое значение нарушает `min=1; minimum=1` или required/nullable rule
Then клиент не подменяет контракт и показывает `Обязательное поле. Значение должно быть в диапазоне 1–+∞.`
And серверная VALIDATION_FAILED остаётся authoritative"
AC-1631,MOD-011,DATA-011,[STATE-007/STATE-031] Field contract: FileLocationCreate.rawPath respects type/required/nullable/limits/PATCH semantics,High,Boundary/contract UI,dto_field_catalog.csv:FileLocationCreate.rawPath; openapi.yaml operation POST_api_v1_catalog_items_id_locations,"Given пользователь редактирует `FileLocationCreate.rawPath` через `Путь · Protected input`
When введённое значение нарушает `minLength=1; maxLength=4096` или required/nullable rule
Then клиент не подменяет контракт и показывает `Обязательное поле. Допустимо 1–4096 символов. Путь должен соответствовать разрешённому типу и политике безопасности.`
And серверная VALIDATION_FAILED остаётся authoritative"
AC-1632,MOD-011,DATA-011,[STATE-007] Field contract: ResolveLocationRequest.includeUnavailable respects type/required/nullable/limits/PATCH semantics,High,Boundary/contract UI,dto_field_catalog.csv:ResolveLocationRequest.includeUnavailable; openapi.yaml operation POST_api_v1_catalog_items_id_resolve_location,"Given пользователь редактирует `ResolveLocationRequest.includeUnavailable` через `Include unavailable · CheckBox`
When введённое значение нарушает `—` или required/nullable rule
Then клиент не подменяет контракт и показывает `Обязательное поле.`
And серверная VALIDATION_FAILED остаётся authoritative"
AC-1633,MOD-011,DATA-011,[STATE-007] Field contract: CatalogItemCreate.itemType respects type/required/nullable/limits/PATCH semantics,High,Boundary/contract UI,openapi.yaml:CatalogItemCreate.itemType,"Given пользователь редактирует `CatalogItemCreate.itemType` через `itemType · ComboBox`
When введённое значение нарушает `enum=[""virtual_folder"", ""file_reference"", ""folder_reference"", ""web_link"", ""text_note""]` или required/nullable rule
Then клиент не подменяет контракт и показывает `Обязательное поле. enum=[""virtual_folder"", ""file_reference"", ""folder_reference"", ""web_link"", ""text_note""].`
And серверная VALIDATION_FAILED остаётся authoritative"
AC-1634,MOD-011,DATA-011,[STATE-007] Field contract: CatalogMoveRequest.expectedParentVersion respects type/required/nullable/limits/PATCH semantics,High,Boundary/contract UI,openapi.yaml:CatalogMoveRequest.expectedParentVersion,"Given пользователь редактирует `CatalogMoveRequest.expectedParentVersion` через `expectedParentVersion · Numeric input`
When введённое значение нарушает `min=1` или required/nullable rule
Then клиент не подменяет контракт и показывает `Обязательное поле. min=1.`
And серверная VALIDATION_FAILED остаётся authoritative"
AC-1635,MOD-012,DATA-012,[STATE-007] Field contract: CompanyCreate.name respects type/required/nullable/limits/PATCH semantics,High,Boundary/contract UI,dto_field_catalog.csv:CompanyCreate.name; openapi.yaml operation POST_api_v1_companies,"Given пользователь редактирует `CompanyCreate.name` через `Название · TextBox`
When введённое значение нарушает `minLength=1; maxLength=500` или required/nullable rule
Then клиент не подменяет контракт и показывает `Обязательное поле. Допустимо 1–500 символов.`
And серверная VALIDATION_FAILED остаётся authoritative"
AC-1636,MOD-012,DATA-012,[STATE-007] Field contract: ContactCreate.firstName respects type/required/nullable/limits/PATCH semantics,High,Boundary/contract UI,dto_field_catalog.csv:ContactCreate.firstName; openapi.yaml operation POST_api_v1_contacts,"Given пользователь редактирует `ContactCreate.firstName` через `Имя · TextBox`
When введённое значение нарушает `minLength=1; maxLength=100` или required/nullable rule
Then клиент не подменяет контракт и показывает `Обязательное поле. Допустимо 1–100 символов.`
And серверная VALIDATION_FAILED остаётся authoritative"
AC-1637,MOD-012,DATA-012,[STATE-007] Field contract: CompanyPatch.name respects type/required/nullable/limits/PATCH semantics,High,Boundary/contract UI,dto_field_catalog.csv:CompanyPatch.name; openapi.yaml operation PATCH_api_v1_companies_id,"Given пользователь редактирует `CompanyPatch.name` через `Название · TextBox`
When введённое значение нарушает `minLength=1; maxLength=500` или required/nullable rule
Then клиент не подменяет контракт и показывает `Допустимо 1–500 символов.`
And серверная VALIDATION_FAILED остаётся authoritative"
AC-1638,MOD-012,DATA-012,[STATE-007] Field contract: CompanyCreate.status respects type/required/nullable/limits/PATCH semantics,High,Boundary/contract UI,dto_field_catalog.csv:CompanyCreate.status; openapi.yaml operation POST_api_v1_companies,"Given пользователь редактирует `CompanyCreate.status` через `Статус · ComboBox`
When введённое значение нарушает `enum=[""active"", ""inactive""]` или required/nullable rule
Then клиент не подменяет контракт и показывает `Выберите значение из списка.`
And серверная VALIDATION_FAILED остаётся authoritative"
AC-1639,MOD-012,DATA-012,[STATE-007] Field contract: CompanyPatch.status respects type/required/nullable/limits/PATCH semantics,High,Boundary/contract UI,dto_field_catalog.csv:CompanyPatch.status; openapi.yaml operation PATCH_api_v1_companies_id,"Given пользователь редактирует `CompanyPatch.status` через `Статус · ComboBox`
When введённое значение нарушает `enum=[""active"", ""inactive""]` или required/nullable rule
Then клиент не подменяет контракт и показывает `Выберите значение из списка.`
And серверная VALIDATION_FAILED остаётся authoritative"
AC-1640,MOD-012,DATA-012,[STATE-007] Field contract: ContactCreate.status respects type/required/nullable/limits/PATCH semantics,High,Boundary/contract UI,dto_field_catalog.csv:ContactCreate.status; openapi.yaml operation POST_api_v1_contacts,"Given пользователь редактирует `ContactCreate.status` через `Статус · ComboBox`
When введённое значение нарушает `enum=[""active"", ""inactive""]` или required/nullable rule
Then клиент не подменяет контракт и показывает `Выберите значение из списка.`
And серверная VALIDATION_FAILED остаётся authoritative"
AC-1641,MOD-012,DATA-012,[STATE-007] Field contract: ContactPatch.status respects type/required/nullable/limits/PATCH semantics,High,Boundary/contract UI,dto_field_catalog.csv:ContactPatch.status; openapi.yaml operation PATCH_api_v1_contacts_id,"Given пользователь редактирует `ContactPatch.status` через `Статус · ComboBox`
When введённое значение нарушает `enum=[""active"", ""inactive""]` или required/nullable rule
Then клиент не подменяет контракт и показывает `Выберите значение из списка.`
And серверная VALIDATION_FAILED остаётся authoritative"
AC-1642,MOD-012,DATA-012,[STATE-007] Field contract: CompanyCreate.notes respects type/required/nullable/limits/PATCH semantics,High,Boundary/contract UI,dto_field_catalog.csv:CompanyCreate.notes; openapi.yaml operation POST_api_v1_companies,"Given пользователь редактирует `CompanyCreate.notes` через `Комментарий · Multiline text`
When введённое значение нарушает `maxLength=20000` или required/nullable rule
Then клиент не подменяет контракт и показывает `Не более 20000 символов. Поле можно очистить явным значением null.`
And серверная VALIDATION_FAILED остаётся authoritative"
AC-1643,MOD-012,DATA-012,[STATE-007] Field contract: CompanyCreate.website respects type/required/nullable/limits/PATCH semantics,High,Boundary/contract UI,dto_field_catalog.csv:CompanyCreate.website; openapi.yaml operation POST_api_v1_companies,"Given пользователь редактирует `CompanyCreate.website` через `Сайт · Multiline text`
When введённое значение нарушает `maxLength=2048` или required/nullable rule
Then клиент не подменяет контракт и показывает `Не более 2048 символов. Введите корректный URI. Поле можно очистить явным значением null.`
And серверная VALIDATION_FAILED остаётся authoritative"
AC-1644,MOD-012,DATA-012,[STATE-007] Field contract: CompanyPatch.notes respects type/required/nullable/limits/PATCH semantics,High,Boundary/contract UI,dto_field_catalog.csv:CompanyPatch.notes; openapi.yaml operation PATCH_api_v1_companies_id,"Given пользователь редактирует `CompanyPatch.notes` через `Комментарий · Multiline text`
When введённое значение нарушает `maxLength=20000` или required/nullable rule
Then клиент не подменяет контракт и показывает `Не более 20000 символов. Поле можно очистить явным значением null.`
And серверная VALIDATION_FAILED остаётся authoritative"
AC-1645,MOD-012,DATA-012,[STATE-007] Field contract: CompanyPatch.website respects type/required/nullable/limits/PATCH semantics,High,Boundary/contract UI,dto_field_catalog.csv:CompanyPatch.website; openapi.yaml operation PATCH_api_v1_companies_id,"Given пользователь редактирует `CompanyPatch.website` через `Сайт · Multiline text`
When введённое значение нарушает `maxLength=2048` или required/nullable rule
Then клиент не подменяет контракт и показывает `Не более 2048 символов. Введите корректный URI. Поле можно очистить явным значением null.`
And серверная VALIDATION_FAILED остаётся authoritative"
AC-1646,MOD-012,DATA-012,[STATE-007] Field contract: ContactCreate.lastName respects type/required/nullable/limits/PATCH semantics,High,Boundary/contract UI,dto_field_catalog.csv:ContactCreate.lastName; openapi.yaml operation POST_api_v1_contacts,"Given пользователь редактирует `ContactCreate.lastName` через `Фамилия · TextBox`
When введённое значение нарушает `maxLength=100` или required/nullable rule
Then клиент не подменяет контракт и показывает `Не более 100 символов. Поле можно очистить явным значением null.`
And серверная VALIDATION_FAILED остаётся authoritative"
AC-1647,MOD-012,DATA-012,[STATE-007] Field contract: ContactCreate.notes respects type/required/nullable/limits/PATCH semantics,High,Boundary/contract UI,dto_field_catalog.csv:ContactCreate.notes; openapi.yaml operation POST_api_v1_contacts,"Given пользователь редактирует `ContactCreate.notes` через `Комментарий · Multiline text`
When введённое значение нарушает `maxLength=20000` или required/nullable rule
Then клиент не подменяет контракт и показывает `Не более 20000 символов. Поле можно очистить явным значением null.`
And серверная VALIDATION_FAILED остаётся authoritative"
AC-1648,MOD-012,DATA-012,[STATE-007] Field contract: ContactPatch.firstName respects type/required/nullable/limits/PATCH semantics,High,Boundary/contract UI,dto_field_catalog.csv:ContactPatch.firstName; openapi.yaml operation PATCH_api_v1_contacts_id,"Given пользователь редактирует `ContactPatch.firstName` через `Имя · TextBox`
When введённое значение нарушает `minLength=1; maxLength=100` или required/nullable rule
Then клиент не подменяет контракт и показывает `Допустимо 1–100 символов.`
And серверная VALIDATION_FAILED остаётся authoritative"
AC-1649,MOD-012,DATA-012,[STATE-007] Field contract: ContactPatch.lastName respects type/required/nullable/limits/PATCH semantics,High,Boundary/contract UI,dto_field_catalog.csv:ContactPatch.lastName; openapi.yaml operation PATCH_api_v1_contacts_id,"Given пользователь редактирует `ContactPatch.lastName` через `Фамилия · TextBox`
When введённое значение нарушает `maxLength=100` или required/nullable rule
Then клиент не подменяет контракт и показывает `Не более 100 символов. Поле можно очистить явным значением null.`
And серверная VALIDATION_FAILED остаётся authoritative"
AC-1650,MOD-012,DATA-012,[STATE-007] Field contract: ContactPatch.notes respects type/required/nullable/limits/PATCH semantics,High,Boundary/contract UI,dto_field_catalog.csv:ContactPatch.notes; openapi.yaml operation PATCH_api_v1_contacts_id,"Given пользователь редактирует `ContactPatch.notes` через `Комментарий · Multiline text`
When введённое значение нарушает `maxLength=20000` или required/nullable rule
Then клиент не подменяет контракт и показывает `Не более 20000 символов. Поле можно очистить явным значением null.`
And серверная VALIDATION_FAILED остаётся authoritative"
AC-1651,MOD-012,DATA-012,[STATE-007] Field contract: —.status respects type/required/nullable/limits/PATCH semantics,High,Boundary/contract UI,dto_field_catalog.csv:Contact.status; openapi.yaml operation GET_api_v1_contacts_id,"Given пользователь редактирует `—.status` через `Статус · Read-only value`
When введённое значение нарушает `enum=[""active"", ""inactive""]` или required/nullable rule
Then клиент не подменяет контракт и показывает `Не редактируется; значение отображается из ответа сервера.`
And серверная VALIDATION_FAILED остаётся authoritative"
AC-1652,MOD-012,DATA-012,[STATE-007] Field contract: —.status respects type/required/nullable/limits/PATCH semantics,High,Boundary/contract UI,dto_field_catalog.csv:Company.status; openapi.yaml operation GET_api_v1_companies_id,"Given пользователь редактирует `—.status` через `Статус · Read-only value`
When введённое значение нарушает `enum=[""active"", ""inactive""]` или required/nullable rule
Then клиент не подменяет контракт и показывает `Не редактируется; значение отображается из ответа сервера.`
And серверная VALIDATION_FAILED остаётся authoritative"
AC-1653,MOD-012,DATA-012,[STATE-007] Field contract: AddressCreate.addressType respects type/required/nullable/limits/PATCH semantics,High,Boundary/contract UI,dto_field_catalog.csv:AddressCreate.addressType; openapi.yaml operation POST_api_v1_contacts_id_addresses,"Given пользователь редактирует `AddressCreate.addressType` через `Address type · ComboBox`
When введённое значение нарушает `enum=[""work"", ""legal"", ""postal"", ""other""]` или required/nullable rule
Then клиент не подменяет контракт и показывает `Обязательное поле. Выберите значение из списка.`
And серверная VALIDATION_FAILED остаётся authoritative"
AC-1654,MOD-012,DATA-012,[STATE-007] Field contract: AddressCreate.formattedAddress respects type/required/nullable/limits/PATCH semantics,High,Boundary/contract UI,dto_field_catalog.csv:AddressCreate.formattedAddress; openapi.yaml operation POST_api_v1_contacts_id_addresses,"Given пользователь редактирует `AddressCreate.formattedAddress` через `Formatted address · TextBox`
When введённое значение нарушает `minLength=1; maxLength=1000` или required/nullable rule
Then клиент не подменяет контракт и показывает `Обязательное поле. Допустимо 1–1000 символов.`
And серверная VALIDATION_FAILED остаётся authoritative"
AC-1655,MOD-012,DATA-012,[STATE-007] Field contract: CommunicationChannelCreate.channelType respects type/required/nullable/limits/PATCH semantics,High,Boundary/contract UI,dto_field_catalog.csv:CommunicationChannelCreate.channelType; openapi.yaml operation POST_api_v1_contacts_id_channels,"Given пользователь редактирует `CommunicationChannelCreate.channelType` через `Тип канала · ComboBox`
When введённое значение нарушает `enum=[""phone"", ""email"", ""telegram"", ""whatsapp"", ""viber"", ""other_messenger"", ""website""]` или required/nullable rule
Then клиент не подменяет контракт и показывает `Обязательное поле. Выберите значение из списка.`
And серверная VALIDATION_FAILED остаётся authoritative"
AC-1656,MOD-012,DATA-012,[STATE-007] Field contract: CommunicationChannelCreate.value respects type/required/nullable/limits/PATCH semantics,High,Boundary/contract UI,dto_field_catalog.csv:CommunicationChannelCreate.value; openapi.yaml operation POST_api_v1_contacts_id_channels,"Given пользователь редактирует `CommunicationChannelCreate.value` через `Значение · TextBox`
When введённое значение нарушает `minLength=1; maxLength=1000` или required/nullable rule
Then клиент не подменяет контракт и показывает `Обязательное поле. Допустимо 1–1000 символов.`
And серверная VALIDATION_FAILED остаётся authoritative"
AC-1657,MOD-012,DATA-012,[STATE-007] Field contract: ContactCompanyRoleCreate.companyId respects type/required/nullable/limits/PATCH semantics,High,Boundary/contract UI,dto_field_catalog.csv:ContactCompanyRoleCreate.companyId; openapi.yaml operation POST_api_v1_companies_id_contacts,"Given пользователь редактирует `ContactCompanyRoleCreate.companyId` через `Компания · Entity picker`
When введённое значение нарушает `—` или required/nullable rule
Then клиент не подменяет контракт и показывает `Обязательное поле. Выберите существующий доступный объект.`
And серверная VALIDATION_FAILED остаётся authoritative"
AC-1658,MOD-012,DATA-012,[STATE-007] Field contract: ContactCompanyRoleCreate.contactId respects type/required/nullable/limits/PATCH semantics,High,Boundary/contract UI,dto_field_catalog.csv:ContactCompanyRoleCreate.contactId; openapi.yaml operation POST_api_v1_companies_id_contacts,"Given пользователь редактирует `ContactCompanyRoleCreate.contactId` через `Контакт · Entity picker`
When введённое значение нарушает `—` или required/nullable rule
Then клиент не подменяет контракт и показывает `Обязательное поле. Выберите существующий доступный объект.`
And серверная VALIDATION_FAILED остаётся authoritative"
AC-1659,MOD-013,DATA-013,[STATE-007] Field contract: TagCreate.name respects type/required/nullable/limits/PATCH semantics,High,Boundary/contract UI,openapi.yaml:TagCreate.name,"Given пользователь редактирует `TagCreate.name` через `name · TextBox`
When введённое значение нарушает `minLength=1; maxLength=100` или required/nullable rule
Then клиент не подменяет контракт и показывает `Обязательное поле. minLength=1; maxLength=100.`
And серверная VALIDATION_FAILED остаётся authoritative"
AC-1660,MOD-013,DATA-013,[STATE-007] Field contract: TagPatch.name respects type/required/nullable/limits/PATCH semantics,High,Boundary/contract UI,openapi.yaml:TagPatch.name,"Given пользователь редактирует `TagPatch.name` через `name · TextBox`
When введённое значение нарушает `minLength=1; maxLength=100` или required/nullable rule
Then клиент не подменяет контракт и показывает `minLength=1; maxLength=100.`
And серверная VALIDATION_FAILED остаётся authoritative"
AC-1661,MOD-013,DATA-013,[STATE-007] Field contract: TagCreate.description respects type/required/nullable/limits/PATCH semantics,High,Boundary/contract UI,openapi.yaml:TagCreate.description,"Given пользователь редактирует `TagCreate.description` через `description · TextBox`
When введённое значение нарушает `maxLength=2000` или required/nullable rule
Then клиент не подменяет контракт и показывает `maxLength=2000. Поле допускает явное null.`
And серверная VALIDATION_FAILED остаётся authoritative"
AC-1662,MOD-013,DATA-013,[STATE-007] Field contract: TagPatch.description respects type/required/nullable/limits/PATCH semantics,High,Boundary/contract UI,openapi.yaml:TagPatch.description,"Given пользователь редактирует `TagPatch.description` через `description · TextBox`
When введённое значение нарушает `maxLength=2000` или required/nullable rule
Then клиент не подменяет контракт и показывает `maxLength=2000. Поле допускает явное null.`
And серверная VALIDATION_FAILED остаётся authoritative"
AC-1663,MOD-013,DATA-013,[STATE-007] Field contract: CommentCreate.status respects type/required/nullable/limits/PATCH semantics,High,Boundary/contract UI,openapi.yaml:CommentCreate.status,"Given пользователь редактирует `CommentCreate.status` через `status · ComboBox`
When введённое значение нарушает `enum=[""active"", ""deleted""]` или required/nullable rule
Then клиент не подменяет контракт и показывает `enum=[""active"", ""deleted""].`
And серверная VALIDATION_FAILED остаётся authoritative"
AC-1664,MOD-013,DATA-013,[STATE-007] Field contract: CommentPatch.status respects type/required/nullable/limits/PATCH semantics,High,Boundary/contract UI,openapi.yaml:CommentPatch.status,"Given пользователь редактирует `CommentPatch.status` через `status · ComboBox`
When введённое значение нарушает `enum=[""active"", ""deleted""]` или required/nullable rule
Then клиент не подменяет контракт и показывает `enum=[""active"", ""deleted""].`
And серверная VALIDATION_FAILED остаётся authoritative"
AC-1665,MOD-013,DATA-013,[STATE-007] Field contract: (query parameters).type respects type/required/nullable/limits/PATCH semantics,High,Boundary/contract UI,openapi.yaml#/paths//api/v1/objects/{objectId}/links/get/parameters/type,"Given пользователь редактирует `(query parameters).type` через `Тип · TextBox`
When введённое значение нарушает `maxLength=40` или required/nullable rule
Then клиент не подменяет контракт и показывает `Не более 40 символов.`
And серверная VALIDATION_FAILED остаётся authoritative"
AC-1666,MOD-013,DATA-013,[STATE-007] Field contract: ObjectLinkCreate.linkType respects type/required/nullable/limits/PATCH semantics,High,Boundary/contract UI,dto_field_catalog.csv:ObjectLinkCreate.linkType; openapi.yaml operation POST_api_v1_objects_objectId_links,"Given пользователь редактирует `ObjectLinkCreate.linkType` через `Тип связи · ComboBox`
When введённое значение нарушает `enum=[""related"", ""task_file"", ""project_file"", ""contact_file"", ""task_contact"", ""project_contact"", ""task_project"", ""parent_reference""]` или required/nullable rule
Then клиент не подменяет контракт и показывает `Обязательное поле. Выберите значение из списка.`
And серверная VALIDATION_FAILED остаётся authoritative"
AC-1667,MOD-013,DATA-013,[STATE-007] Field contract: ObjectLinkCreate.sourceObjectId respects type/required/nullable/limits/PATCH semantics,High,Boundary/contract UI,dto_field_catalog.csv:ObjectLinkCreate.sourceObjectId; openapi.yaml operation POST_api_v1_objects_objectId_links,"Given пользователь редактирует `ObjectLinkCreate.sourceObjectId` через `Source object id · Entity picker`
When введённое значение нарушает `—` или required/nullable rule
Then клиент не подменяет контракт и показывает `Обязательное поле. Выберите существующий доступный объект.`
And серверная VALIDATION_FAILED остаётся authoritative"
AC-1668,MOD-013,DATA-013,[STATE-007] Field contract: ObjectLinkCreate.targetObjectId respects type/required/nullable/limits/PATCH semantics,High,Boundary/contract UI,dto_field_catalog.csv:ObjectLinkCreate.targetObjectId; openapi.yaml operation POST_api_v1_objects_objectId_links,"Given пользователь редактирует `ObjectLinkCreate.targetObjectId` через `Связанный объект · Entity picker`
When введённое значение нарушает `—` или required/nullable rule
Then клиент не подменяет контракт и показывает `Обязательное поле. Выберите существующий доступный объект.`
And серверная VALIDATION_FAILED остаётся authoritative"
AC-1669,MOD-013,DATA-013,[STATE-007] Field contract: TagIds.tagIds respects type/required/nullable/limits/PATCH semantics,High,Boundary/contract UI,dto_field_catalog.csv:TagIds.tagIds; openapi.yaml operation PUT_api_v1_objects_objectId_tags,"Given пользователь редактирует `TagIds.tagIds` через `Теги · Multi-select/list editor`
When введённое значение нарушает `maxItems=100; uniqueItems=true` или required/nullable rule
Then клиент не подменяет контракт и показывает `Обязательное поле. Не более 100 значений.`
And серверная VALIDATION_FAILED остаётся authoritative"
AC-1670,MOD-013,DATA-013,[STATE-007] Field contract: CommentCreate.body respects type/required/nullable/limits/PATCH semantics,High,Boundary/contract UI,openapi.yaml:CommentCreate.body,"Given пользователь редактирует `CommentCreate.body` через `body · TextBox`
When введённое значение нарушает `minLength=1; maxLength=20000` или required/nullable rule
Then клиент не подменяет контракт и показывает `Обязательное поле. minLength=1; maxLength=20000.`
And серверная VALIDATION_FAILED остаётся authoritative"
AC-1671,MOD-013,DATA-013,[STATE-007] Field contract: InteractionCreate.counterpartyObjectId respects type/required/nullable/limits/PATCH semantics,High,Boundary/contract UI,openapi.yaml:InteractionCreate.counterpartyObjectId,"Given пользователь редактирует `InteractionCreate.counterpartyObjectId` через `counterpartyObjectId · Object picker/value editor`
When введённое значение нарушает `—` или required/nullable rule
Then клиент не подменяет контракт и показывает `Обязательное поле.`
And серверная VALIDATION_FAILED остаётся authoritative"
AC-1672,MOD-013,DATA-013,[STATE-007] Field contract: InteractionCreate.interactionType respects type/required/nullable/limits/PATCH semantics,High,Boundary/contract UI,openapi.yaml:InteractionCreate.interactionType,"Given пользователь редактирует `InteractionCreate.interactionType` через `interactionType · ComboBox`
When введённое значение нарушает `enum=[""call"", ""meeting"", ""email"", ""agreement"", ""note"", ""next_step""]` или required/nullable rule
Then клиент не подменяет контракт и показывает `Обязательное поле. enum=[""call"", ""meeting"", ""email"", ""agreement"", ""note"", ""next_step""].`
And серверная VALIDATION_FAILED остаётся authoritative"
AC-1673,MOD-013,DATA-013,[STATE-007] Field contract: InteractionCreate.occurredAt respects type/required/nullable/limits/PATCH semantics,High,Boundary/contract UI,openapi.yaml:InteractionCreate.occurredAt,"Given пользователь редактирует `InteractionCreate.occurredAt` через `occurredAt · Date/time control`
When введённое значение нарушает `—` или required/nullable rule
Then клиент не подменяет контракт и показывает `Обязательное поле.`
And серверная VALIDATION_FAILED остаётся authoritative"
AC-1674,MOD-013,DATA-013,[STATE-007] Field contract: InteractionCreate.subject respects type/required/nullable/limits/PATCH semantics,High,Boundary/contract UI,openapi.yaml:InteractionCreate.subject,"Given пользователь редактирует `InteractionCreate.subject` через `subject · TextBox`
When введённое значение нарушает `minLength=1; maxLength=500` или required/nullable rule
Then клиент не подменяет контракт и показывает `Обязательное поле. minLength=1; maxLength=500.`
And серверная VALIDATION_FAILED остаётся authoritative"
AC-1675,MOD-013,DATA-013,[STATE-007] Field contract: InteractionParticipants.participantObjectIds respects type/required/nullable/limits/PATCH semantics,High,Boundary/contract UI,openapi.yaml:InteractionParticipants.participantObjectIds,"Given пользователь редактирует `InteractionParticipants.participantObjectIds` через `participantObjectIds · Multi-select/list editor`
When введённое значение нарушает `maxItems=500; uniqueItems=true` или required/nullable rule
Then клиент не подменяет контракт и показывает `Обязательное поле. maxItems=500; uniqueItems=true.`
And серверная VALIDATION_FAILED остаётся authoritative"
AC-1676,MOD-013,DATA-013,[STATE-007/STATE-018] Field contract: RestoreRequest.expectedVersion respects type/required/nullable/limits/PATCH semantics,High,Boundary/contract UI,openapi.yaml:RestoreRequest.expectedVersion,"Given пользователь редактирует `RestoreRequest.expectedVersion` через `expectedVersion · Hidden concurrency token`
When введённое значение нарушает `min=1` или required/nullable rule
Then клиент не подменяет контракт и показывает `Обязательное поле. min=1.`
And серверная VALIDATION_FAILED остаётся authoritative"
AC-1677,MOD-013,DATA-013,[STATE-007/STATE-018] Field contract: RestoreRequest.expectedVersion respects type/required/nullable/limits/PATCH semantics,High,Boundary/contract UI,openapi.yaml:RestoreRequest.expectedVersion,"Given пользователь редактирует `RestoreRequest.expectedVersion` через `expectedVersion · Hidden concurrency token`
When введённое значение нарушает `min=1` или required/nullable rule
Then клиент не подменяет контракт и показывает `Обязательное поле. min=1.`
And серверная VALIDATION_FAILED остаётся authoritative"
AC-1678,MOD-013,DATA-013,[STATE-007] Field contract: (query parameters).page respects type/required/nullable/limits/PATCH semantics,High,Boundary/contract UI,openapi.yaml#/paths//api/v1/objects/{objectId}/links/get/parameters/page,"Given пользователь редактирует `(query parameters).page` через `Page · Numeric input`
When введённое значение нарушает `min=1; max=100000` или required/nullable rule
Then клиент не подменяет контракт и показывает `Значение должно быть в диапазоне 1–100000.`
And серверная VALIDATION_FAILED остаётся authoritative"
AC-1679,MOD-013,DATA-013,[STATE-007] Field contract: CommentCreate.parentCommentId respects type/required/nullable/limits/PATCH semantics,High,Boundary/contract UI,openapi.yaml:CommentCreate.parentCommentId,"Given пользователь редактирует `CommentCreate.parentCommentId` через `parentCommentId · Object picker/value editor`
When введённое значение нарушает `—` или required/nullable rule
Then клиент не подменяет контракт и показывает `Поле допускает явное null.`
And серверная VALIDATION_FAILED остаётся authoritative"
AC-1680,MOD-013,DATA-013,[STATE-007] Field contract: CommentCreate.targetObjectId respects type/required/nullable/limits/PATCH semantics,High,Boundary/contract UI,openapi.yaml:CommentCreate.targetObjectId,"Given пользователь редактирует `CommentCreate.targetObjectId` через `targetObjectId · Object picker/value editor`
When введённое значение нарушает `—` или required/nullable rule
Then клиент не подменяет контракт и показывает `Значение должно соответствовать OpenAPI schema.`
And серверная VALIDATION_FAILED остаётся authoritative"
AC-1681,MOD-013,DATA-013,[STATE-007] Field contract: CommentPatch.body respects type/required/nullable/limits/PATCH semantics,High,Boundary/contract UI,openapi.yaml:CommentPatch.body,"Given пользователь редактирует `CommentPatch.body` через `body · TextBox`
When введённое значение нарушает `minLength=1; maxLength=20000` или required/nullable rule
Then клиент не подменяет контракт и показывает `minLength=1; maxLength=20000.`
And серверная VALIDATION_FAILED остаётся authoritative"
AC-1682,MOD-013,DATA-013,[STATE-007] Field contract: CommentPatch.parentCommentId respects type/required/nullable/limits/PATCH semantics,High,Boundary/contract UI,openapi.yaml:CommentPatch.parentCommentId,"Given пользователь редактирует `CommentPatch.parentCommentId` через `parentCommentId · Object picker/value editor`
When введённое значение нарушает `—` или required/nullable rule
Then клиент не подменяет контракт и показывает `Поле допускает явное null.`
And серверная VALIDATION_FAILED остаётся authoritative"
AC-1683,MOD-014,DATA-014,[STATE-007] Field contract: (query parameters).contactIds respects type/required/nullable/limits/PATCH semantics,High,Boundary/contract UI,openapi.yaml#/paths//api/v1/search/get/parameters/contactIds,"Given пользователь редактирует `(query parameters).contactIds` через `Контакты · Multi-select/list editor`
When введённое значение нарушает `minItems=1; maxItems=100; uniqueItems=true` или required/nullable rule
Then клиент не подменяет контракт и показывает `Не более 100 значений. Не менее 1 значений. Выберите существующий доступный объект.`
And серверная VALIDATION_FAILED остаётся authoritative"
AC-1684,MOD-014,DATA-014,[STATE-007] Field contract: (query parameters).cursor respects type/required/nullable/limits/PATCH semantics,High,Boundary/contract UI,openapi.yaml#/paths//api/v1/search/get/parameters/cursor,"Given пользователь редактирует `(query parameters).cursor` через `Cursor · TextBox`
When введённое значение нарушает `minLength=1; maxLength=512` или required/nullable rule
Then клиент не подменяет контракт и показывает `Допустимо 1–512 символов.`
And серверная VALIDATION_FAILED остаётся authoritative"
AC-1685,MOD-014,DATA-014,[STATE-007] Field contract: (query parameters).departments respects type/required/nullable/limits/PATCH semantics,High,Boundary/contract UI,openapi.yaml#/paths//api/v1/search/get/parameters/departments,"Given пользователь редактирует `(query parameters).departments` через `Отделы · Multi-select/list editor`
When введённое значение нарушает `maxItems=100` или required/nullable rule
Then клиент не подменяет контракт и показывает `Не более 100 значений. Выберите существующий доступный объект.`
And серверная VALIDATION_FAILED остаётся authoritative"
AC-1686,MOD-014,DATA-014,[STATE-007] Field contract: (query parameters).from respects type/required/nullable/limits/PATCH semantics,High,Boundary/contract UI,openapi.yaml#/paths//api/v1/search/get/parameters/from,"Given пользователь редактирует `(query parameters).from` через `Дата от · DateTimePicker`
When введённое значение нарушает `—` или required/nullable rule
Then клиент не подменяет контракт и показывает `Укажите дату и время с корректным часовым поясом.`
And серверная VALIDATION_FAILED остаётся authoritative"
AC-1687,MOD-014,DATA-014,[STATE-007] Field contract: (query parameters).hasFiles respects type/required/nullable/limits/PATCH semantics,High,Boundary/contract UI,openapi.yaml#/paths//api/v1/search/get/parameters/hasFiles,"Given пользователь редактирует `(query parameters).hasFiles` через `Наличие файлов · CheckBox`
When введённое значение нарушает `—` или required/nullable rule
Then клиент не подменяет контракт и показывает `Серверная field validation; ошибка привязывается к этому пути.`
And серверная VALIDATION_FAILED остаётся authoritative"
AC-1688,MOD-014,DATA-014,[STATE-007] Field contract: (query parameters).lifecycle respects type/required/nullable/limits/PATCH semantics,High,Boundary/contract UI,openapi.yaml#/paths//api/v1/search/get/parameters/lifecycle,"Given пользователь редактирует `(query parameters).lifecycle` через `Lifecycle · ComboBox`
When введённое значение нарушает `enum=[""active"", ""completed""]; minItems=1; maxItems=2; uniqueItems=true` или required/nullable rule
Then клиент не подменяет контракт и показывает `Выберите значение из списка. Не более 2 значений. Не менее 1 значений.`
And серверная VALIDATION_FAILED остаётся authoritative"
AC-1689,MOD-014,DATA-014,[STATE-007] Field contract: (query parameters).limit respects type/required/nullable/limits/PATCH semantics,High,Boundary/contract UI,openapi.yaml#/paths//api/v1/search/get/parameters/limit,"Given пользователь редактирует `(query parameters).limit` через `Лимит · Numeric input`
When введённое значение нарушает `min=1; max=500` или required/nullable rule
Then клиент не подменяет контракт и показывает `Значение должно быть в диапазоне 1–500.`
And серверная VALIDATION_FAILED остаётся authoritative"
AC-1690,MOD-014,DATA-014,[STATE-007] Field contract: (query parameters).projectIds respects type/required/nullable/limits/PATCH semantics,High,Boundary/contract UI,openapi.yaml#/paths//api/v1/search/get/parameters/projectIds,"Given пользователь редактирует `(query parameters).projectIds` через `Проекты · Multi-select/list editor`
When введённое значение нарушает `maxItems=100` или required/nullable rule
Then клиент не подменяет контракт и показывает `Не более 100 значений. Выберите существующий доступный объект.`
And серверная VALIDATION_FAILED остаётся authoritative"
AC-1691,MOD-014,DATA-014,[STATE-007] Field contract: (query parameters).q respects type/required/nullable/limits/PATCH semantics,High,Boundary/contract UI,openapi.yaml#/paths//api/v1/search/get/parameters/q,"Given пользователь редактирует `(query parameters).q` через `Поисковая строка · TextBox`
When введённое значение нарушает `minLength=2; maxLength=200` или required/nullable rule
Then клиент не подменяет контракт и показывает `Допустимо 2–200 символов.`
And серверная VALIDATION_FAILED остаётся authoritative"
AC-1692,MOD-014,DATA-014,[STATE-007] Field contract: (query parameters).to respects type/required/nullable/limits/PATCH semantics,High,Boundary/contract UI,openapi.yaml#/paths//api/v1/search/get/parameters/to,"Given пользователь редактирует `(query parameters).to` через `Дата до · DateTimePicker`
When введённое значение нарушает `—` или required/nullable rule
Then клиент не подменяет контракт и показывает `Укажите дату и время с корректным часовым поясом.`
And серверная VALIDATION_FAILED остаётся authoritative"
AC-1693,MOD-014,DATA-014,[STATE-007/STATE-031] Field contract: (query parameters).types respects type/required/nullable/limits/PATCH semantics,High,Boundary/contract UI,openapi.yaml#/paths//api/v1/search/get/parameters/types,"Given пользователь редактирует `(query parameters).types` через `Типы объектов · ComboBox`
When введённое значение нарушает `enum=[""task"", ""calendar_event"", ""project"", ""catalog_item"", ""file_location"", ""contact"", ""company"", ""interaction"", ""comment""]; minItems=1; maxItems=9; uniqueItems=true` или required/nullable rule
Then клиент не подменяет контракт и показывает `Выберите значение из списка. Не более 9 значений. Не менее 1 значений.`
And серверная VALIDATION_FAILED остаётся authoritative"
AC-1694,MOD-014,DATA-014,[STATE-007] Field contract: (query parameters).userIds respects type/required/nullable/limits/PATCH semantics,High,Boundary/contract UI,openapi.yaml#/paths//api/v1/search/get/parameters/userIds,"Given пользователь редактирует `(query parameters).userIds` через `Пользователи · Multi-select/list editor`
When введённое значение нарушает `maxItems=100` или required/nullable rule
Then клиент не подменяет контракт и показывает `Не более 100 значений. Выберите существующий доступный объект.`
And серверная VALIDATION_FAILED остаётся authoritative"
AC-1695,MOD-014,DATA-014,[STATE-007] Field contract: —.tookMs respects type/required/nullable/limits/PATCH semantics,High,Boundary/contract UI,dto_field_catalog.csv:SearchPage.tookMs; openapi.yaml operation GET_api_v1_search,"Given пользователь редактирует `—.tookMs` через `Took ms · Read-only value`
When введённое значение нарушает `min=0; minimum=0` или required/nullable rule
Then клиент не подменяет контракт и показывает `Не редактируется; значение отображается из ответа сервера.`
And серверная VALIDATION_FAILED остаётся authoritative"
AC-1696,MOD-014,DATA-014,[STATE-007] Field contract: —.nextCursor respects type/required/nullable/limits/PATCH semantics,High,Boundary/contract UI,dto_field_catalog.csv:SearchPage.nextCursor; openapi.yaml operation GET_api_v1_search,"Given пользователь редактирует `—.nextCursor` через `Next cursor · Read-only value`
When введённое значение нарушает `maxLength=512` или required/nullable rule
Then клиент не подменяет контракт и показывает `Не редактируется; значение отображается из ответа сервера.`
And серверная VALIDATION_FAILED остаётся authoritative"
AC-1697,MOD-015,DATA-015,[STATE-007] Field contract: NotificationActionRequest.action respects type/required/nullable/limits/PATCH semantics,High,Boundary/contract UI,openapi.yaml:NotificationActionRequest.action,"Given пользователь редактирует `NotificationActionRequest.action` через `action · ComboBox`
When введённое значение нарушает `enum=[""mark_read"", ""dismiss""]` или required/nullable rule
Then клиент не подменяет контракт и показывает `Обязательное поле. enum=[""mark_read"", ""dismiss""].`
And серверная VALIDATION_FAILED остаётся authoritative"
AC-1698,MOD-015,DATA-015,[STATE-007] Field contract: NotificationActionRequest.expectedVersion respects type/required/nullable/limits/PATCH semantics,High,Boundary/contract UI,openapi.yaml:NotificationActionRequest.expectedVersion,"Given пользователь редактирует `NotificationActionRequest.expectedVersion` через `expectedVersion · Hidden concurrency token`
When введённое значение нарушает `min=1` или required/nullable rule
Then клиент не подменяет контракт и показывает `Обязательное поле. min=1.`
And серверная VALIDATION_FAILED остаётся authoritative"
AC-1699,MOD-015,DATA-015,[STATE-007] Field contract: ReadAllRequest.notificationIds respects type/required/nullable/limits/PATCH semantics,High,Boundary/contract UI,openapi.yaml:ReadAllRequest.notificationIds,"Given пользователь редактирует `ReadAllRequest.notificationIds` через `notificationIds · Multi-select/list editor`
When введённое значение нарушает `minItems=1; maxItems=500; uniqueItems=true` или required/nullable rule
Then клиент не подменяет контракт и показывает `Обязательное поле. minItems=1; maxItems=500; uniqueItems=true.`
And серверная VALIDATION_FAILED остаётся authoritative"
AC-1700,MOD-017,DATA-017,[STATE-007/STATE-018] Field contract: PurgeRequest.confirmObjectId respects type/required/nullable/limits/PATCH semantics,High,Boundary/contract UI,openapi.yaml:PurgeRequest.confirmObjectId,"Given пользователь редактирует `PurgeRequest.confirmObjectId` через `confirmObjectId · Object picker/value editor`
When введённое значение нарушает `—` или required/nullable rule
Then клиент не подменяет контракт и показывает `Обязательное поле.`
And серверная VALIDATION_FAILED остаётся authoritative"
AC-1701,MOD-017,DATA-017,[STATE-007/STATE-018] Field contract: PurgeRequest.expectedVersion respects type/required/nullable/limits/PATCH semantics,High,Boundary/contract UI,openapi.yaml:PurgeRequest.expectedVersion,"Given пользователь редактирует `PurgeRequest.expectedVersion` через `expectedVersion · Hidden concurrency token`
When введённое значение нарушает `min=1` или required/nullable rule
Then клиент не подменяет контракт и показывает `Обязательное поле. min=1.`
And серверная VALIDATION_FAILED остаётся authoritative"
AC-1702,MOD-017,DATA-017,[STATE-007/STATE-018] Field contract: PurgeRequest.reason respects type/required/nullable/limits/PATCH semantics,High,Boundary/contract UI,openapi.yaml:PurgeRequest.reason,"Given пользователь редактирует `PurgeRequest.reason` через `reason · TextBox`
When введённое значение нарушает `minLength=1; maxLength=2000` или required/nullable rule
Then клиент не подменяет контракт и показывает `Обязательное поле. minLength=1; maxLength=2000.`
And серверная VALIDATION_FAILED остаётся authoritative"
AC-1703,MOD-017,DATA-017,[STATE-007/STATE-018] Field contract: RestoreRequest.expectedVersion respects type/required/nullable/limits/PATCH semantics,High,Boundary/contract UI,openapi.yaml:RestoreRequest.expectedVersion,"Given пользователь редактирует `RestoreRequest.expectedVersion` через `expectedVersion · Hidden concurrency token`
When введённое значение нарушает `min=1` или required/nullable rule
Then клиент не подменяет контракт и показывает `Обязательное поле. min=1.`
And серверная VALIDATION_FAILED остаётся authoritative"
AC-1704,MOD-017,DATA-017,[STATE-007/STATE-018] Field contract: RestoreRequest.reason respects type/required/nullable/limits/PATCH semantics,High,Boundary/contract UI,openapi.yaml:RestoreRequest.reason,"Given пользователь редактирует `RestoreRequest.reason` через `reason · TextBox`
When введённое значение нарушает `maxLength=2000` или required/nullable rule
Then клиент не подменяет контракт и показывает `maxLength=2000. Поле допускает явное null.`
And серверная VALIDATION_FAILED остаётся authoritative"
AC-1705,MOD-018,DATA-018,[STATE-007] Field contract: DevicePatch.status respects type/required/nullable/limits/PATCH semantics,High,Boundary/contract UI,dto_field_catalog.csv:DevicePatch.status; openapi.yaml operation PATCH_api_v1_devices_id,"Given пользователь редактирует `DevicePatch.status` через `Статус · ComboBox`
When введённое значение нарушает `enum=[""active"", ""revoked""]` или required/nullable rule
Then клиент не подменяет контракт и показывает `Выберите значение из списка.`
And серверная VALIDATION_FAILED остаётся authoritative"
AC-1706,MOD-018,DATA-018,[STATE-007] Field contract: NotificationPreferencesPatch.defaultSnoozeMinutes respects type/required/nullable/limits/PATCH semantics,High,Boundary/contract UI,dto_field_catalog.csv:NotificationPreferencesPatch.defaultSnoozeMinutes; openapi.yaml operation PUT_api_v1_notifications_preferences,"Given пользователь редактирует `NotificationPreferencesPatch.defaultSnoozeMinutes` через `Отсрочка по умолчанию · Numeric input`
When введённое значение нарушает `min=1; max=10080; minimum=1; maximum=10080` или required/nullable rule
Then клиент не подменяет контракт и показывает `Значение должно быть в диапазоне 1–10080.`
And серверная VALIDATION_FAILED остаётся authoritative"
AC-1707,MOD-018,DATA-018,[STATE-007] Field contract: NotificationPreferencesPatch.desktopEnabled respects type/required/nullable/limits/PATCH semantics,High,Boundary/contract UI,dto_field_catalog.csv:NotificationPreferencesPatch.desktopEnabled; openapi.yaml operation PUT_api_v1_notifications_preferences,"Given пользователь редактирует `NotificationPreferencesPatch.desktopEnabled` через `Desktop-уведомления · CheckBox`
When введённое значение нарушает `—` или required/nullable rule
Then клиент не подменяет контракт и показывает `Серверная field validation; ошибка привязывается к этому пути.`
And серверная VALIDATION_FAILED остаётся authoritative"
AC-1708,MOD-018,DATA-018,[STATE-007] Field contract: NotificationPreferencesPatch.enabled respects type/required/nullable/limits/PATCH semantics,High,Boundary/contract UI,dto_field_catalog.csv:NotificationPreferencesPatch.enabled; openapi.yaml operation PUT_api_v1_notifications_preferences,"Given пользователь редактирует `NotificationPreferencesPatch.enabled` через `Включено · CheckBox`
When введённое значение нарушает `—` или required/nullable rule
Then клиент не подменяет контракт и показывает `Серверная field validation; ошибка привязывается к этому пути.`
And серверная VALIDATION_FAILED остаётся authoritative"
AC-1709,MOD-018,DATA-018,[STATE-007] Field contract: NotificationPreferencesPatch.quietHoursEnd respects type/required/nullable/limits/PATCH semantics,High,Boundary/contract UI,dto_field_catalog.csv:NotificationPreferencesPatch.quietHoursEnd; openapi.yaml operation PUT_api_v1_notifications_preferences,"Given пользователь редактирует `NotificationPreferencesPatch.quietHoursEnd` через `DND окончание · TimePicker`
When введённое значение нарушает `—` или required/nullable rule
Then клиент не подменяет контракт и показывает `Укажите корректное локальное время. Поле можно очистить явным значением null.`
And серверная VALIDATION_FAILED остаётся authoritative"
AC-1710,MOD-018,DATA-018,[STATE-007] Field contract: NotificationPreferencesPatch.quietHoursStart respects type/required/nullable/limits/PATCH semantics,High,Boundary/contract UI,dto_field_catalog.csv:NotificationPreferencesPatch.quietHoursStart; openapi.yaml operation PUT_api_v1_notifications_preferences,"Given пользователь редактирует `NotificationPreferencesPatch.quietHoursStart` через `DND начало · TimePicker`
When введённое значение нарушает `—` или required/nullable rule
Then клиент не подменяет контракт и показывает `Укажите корректное локальное время. Поле можно очистить явным значением null.`
And серверная VALIDATION_FAILED остаётся authoritative"
AC-1711,MOD-018,DATA-018,[STATE-007] Field contract: NotificationPreferencesPatch.soundEnabled respects type/required/nullable/limits/PATCH semantics,High,Boundary/contract UI,dto_field_catalog.csv:NotificationPreferencesPatch.soundEnabled; openapi.yaml operation PUT_api_v1_notifications_preferences,"Given пользователь редактирует `NotificationPreferencesPatch.soundEnabled` через `Звук · CheckBox`
When введённое значение нарушает `—` или required/nullable rule
Then клиент не подменяет контракт и показывает `Серверная field validation; ошибка привязывается к этому пути.`
And серверная VALIDATION_FAILED остаётся authoritative"
AC-1712,MOD-018,DATA-018,[STATE-007] Field contract: UserSettingsPatch.firstDayOfWeek respects type/required/nullable/limits/PATCH semantics,High,Boundary/contract UI,dto_field_catalog.csv:UserSettingsPatch.firstDayOfWeek; openapi.yaml operation PATCH_api_v1_settings_me,"Given пользователь редактирует `UserSettingsPatch.firstDayOfWeek` через `Первый день недели · Numeric input`
When введённое значение нарушает `min=1; max=7; minimum=1; maximum=7` или required/nullable rule
Then клиент не подменяет контракт и показывает `Значение должно быть в диапазоне 1–7.`
And серверная VALIDATION_FAILED остаётся authoritative"
AC-1713,MOD-018,DATA-018,[STATE-007] Field contract: UserSettingsPatch.language respects type/required/nullable/limits/PATCH semantics,High,Boundary/contract UI,dto_field_catalog.csv:UserSettingsPatch.language; openapi.yaml operation PATCH_api_v1_settings_me,"Given пользователь редактирует `UserSettingsPatch.language` через `Язык · TextBox`
When введённое значение нарушает `minLength=2; maxLength=16` или required/nullable rule
Then клиент не подменяет контракт и показывает `Допустимо 2–16 символов.`
And серверная VALIDATION_FAILED остаётся authoritative"
AC-1714,MOD-018,DATA-018,[STATE-007] Field contract: UserSettingsPatch.timeFormat respects type/required/nullable/limits/PATCH semantics,High,Boundary/contract UI,dto_field_catalog.csv:UserSettingsPatch.timeFormat; openapi.yaml operation PATCH_api_v1_settings_me,"Given пользователь редактирует `UserSettingsPatch.timeFormat` через `Формат времени · ComboBox`
When введённое значение нарушает `enum=[""12h"", ""24h""]` или required/nullable rule
Then клиент не подменяет контракт и показывает `Выберите значение из списка.`
And серверная VALIDATION_FAILED остаётся authoritative"
AC-1715,MOD-018,DATA-018,[STATE-007] Field contract: UserSettingsPatch.workdayEnd respects type/required/nullable/limits/PATCH semantics,High,Boundary/contract UI,dto_field_catalog.csv:UserSettingsPatch.workdayEnd; openapi.yaml operation PATCH_api_v1_settings_me,"Given пользователь редактирует `UserSettingsPatch.workdayEnd` через `Конец рабочего дня · TimePicker`
When введённое значение нарушает `—` или required/nullable rule
Then клиент не подменяет контракт и показывает `Укажите корректное локальное время.`
And серверная VALIDATION_FAILED остаётся authoritative"
AC-1716,MOD-018,DATA-018,[STATE-007] Field contract: UserSettingsPatch.workdayStart respects type/required/nullable/limits/PATCH semantics,High,Boundary/contract UI,dto_field_catalog.csv:UserSettingsPatch.workdayStart; openapi.yaml operation PATCH_api_v1_settings_me,"Given пользователь редактирует `UserSettingsPatch.workdayStart` через `Начало рабочего дня · TimePicker`
When введённое значение нарушает `—` или required/nullable rule
Then клиент не подменяет контракт и показывает `Укажите корректное локальное время.`
And серверная VALIDATION_FAILED остаётся authoritative"
AC-1717,MOD-018,DATA-018,[STATE-007] Field contract: DevicePatch.appVersion respects type/required/nullable/limits/PATCH semantics,High,Boundary/contract UI,dto_field_catalog.csv:DevicePatch.appVersion; openapi.yaml operation PATCH_api_v1_devices_id,"Given пользователь редактирует `DevicePatch.appVersion` через `Версия приложения · TextBox`
When введённое значение нарушает `minLength=1; maxLength=32` или required/nullable rule
Then клиент не подменяет контракт и показывает `Допустимо 1–32 символов.`
And серверная VALIDATION_FAILED остаётся authoritative"
AC-1718,MOD-018,DATA-018,[STATE-007] Field contract: DevicePatch.deviceKey respects type/required/nullable/limits/PATCH semantics,High,Boundary/contract UI,dto_field_catalog.csv:DevicePatch.deviceKey; openapi.yaml operation PATCH_api_v1_devices_id,"Given пользователь редактирует `DevicePatch.deviceKey` через `Device key · Protected input`
When введённое значение нарушает `minLength=16; maxLength=200` или required/nullable rule
Then клиент не подменяет контракт и показывает `Допустимо 16–200 символов.`
And серверная VALIDATION_FAILED остаётся authoritative"
AC-1719,MOD-018,DATA-018,[STATE-007] Field contract: DevicePatch.deviceName respects type/required/nullable/limits/PATCH semantics,High,Boundary/contract UI,dto_field_catalog.csv:DevicePatch.deviceName; openapi.yaml operation PATCH_api_v1_devices_id,"Given пользователь редактирует `DevicePatch.deviceName` через `Имя устройства · TextBox`
When введённое значение нарушает `minLength=1; maxLength=200` или required/nullable rule
Then клиент не подменяет контракт и показывает `Допустимо 1–200 символов.`
And серверная VALIDATION_FAILED остаётся authoritative"
AC-1720,MOD-018,DATA-018,[STATE-007] Field contract: DevicePatch.platform respects type/required/nullable/limits/PATCH semantics,High,Boundary/contract UI,dto_field_catalog.csv:DevicePatch.platform; openapi.yaml operation PATCH_api_v1_devices_id,"Given пользователь редактирует `DevicePatch.platform` через `Платформа · ComboBox`
When введённое значение нарушает `enum=[""windows"", ""linux"", ""macos""]` или required/nullable rule
Then клиент не подменяет контракт и показывает `Выберите значение из списка.`
And серверная VALIDATION_FAILED остаётся authoritative"
AC-1721,MOD-018,DATA-018,[STATE-007] Field contract: NotificationPreferencesPatch.quietHoursTimeZone respects type/required/nullable/limits/PATCH semantics,High,Boundary/contract UI,dto_field_catalog.csv:NotificationPreferencesPatch.quietHoursTimeZone; openapi.yaml operation PUT_api_v1_notifications_preferences,"Given пользователь редактирует `NotificationPreferencesPatch.quietHoursTimeZone` через `DND часовой пояс · TextBox`
When введённое значение нарушает `maxLength=64` или required/nullable rule
Then клиент не подменяет контракт и показывает `Не более 64 символов. Поле можно очистить явным значением null.`
And серверная VALIDATION_FAILED остаётся authoritative"
AC-1722,MOD-018,DATA-018,[STATE-007] Field contract: UserSettingsPatch.allowLocalPaths respects type/required/nullable/limits/PATCH semantics,High,Boundary/contract UI,dto_field_catalog.csv:UserSettingsPatch.allowLocalPaths; openapi.yaml operation PATCH_api_v1_settings_me,"Given пользователь редактирует `UserSettingsPatch.allowLocalPaths` через `Разрешить локальные пути · Native path picker`
When введённое значение нарушает `—` или required/nullable rule
Then клиент не подменяет контракт и показывает `Путь должен соответствовать разрешённому типу и политике безопасности.`
And серверная VALIDATION_FAILED остаётся authoritative"
AC-1723,MOD-018,DATA-018,[STATE-007] Field contract: UserSettingsPatch.autostartEnabled respects type/required/nullable/limits/PATCH semantics,High,Boundary/contract UI,dto_field_catalog.csv:UserSettingsPatch.autostartEnabled; openapi.yaml operation PATCH_api_v1_settings_me,"Given пользователь редактирует `UserSettingsPatch.autostartEnabled` через `Автозапуск · CheckBox`
When введённое значение нарушает `—` или required/nullable rule
Then клиент не подменяет контракт и показывает `Серверная field validation; ошибка привязывается к этому пути.`
And серверная VALIDATION_FAILED остаётся authoritative"
AC-1724,MOD-018,DATA-018,[STATE-007] Field contract: UserSettingsPatch.confirmCatalogDelete respects type/required/nullable/limits/PATCH semantics,High,Boundary/contract UI,dto_field_catalog.csv:UserSettingsPatch.confirmCatalogDelete; openapi.yaml operation PATCH_api_v1_settings_me,"Given пользователь редактирует `UserSettingsPatch.confirmCatalogDelete` через `Подтверждать удаление · CheckBox`
When введённое значение нарушает `—` или required/nullable rule
Then клиент не подменяет контракт и показывает `Серверная field validation; ошибка привязывается к этому пути.`
And серверная VALIDATION_FAILED остаётся authoritative"
AC-1725,MOD-018,DATA-018,[STATE-007] Field contract: UserSettingsPatch.defaultReminderOffsetMinutes respects type/required/nullable/limits/PATCH semantics,High,Boundary/contract UI,dto_field_catalog.csv:UserSettingsPatch.defaultReminderOffsetMinutes; openapi.yaml operation PATCH_api_v1_settings_me,"Given пользователь редактирует `UserSettingsPatch.defaultReminderOffsetMinutes` через `Напоминание по умолчанию · Numeric input`
When введённое значение нарушает `min=0; max=525600; minimum=0; maximum=525600` или required/nullable rule
Then клиент не подменяет контракт и показывает `Значение должно быть в диапазоне 0–525600.`
And серверная VALIDATION_FAILED остаётся authoritative"
AC-1726,MOD-018,DATA-018,[STATE-007] Field contract: UserSettingsPatch.defaultTaskDurationMinutes respects type/required/nullable/limits/PATCH semantics,High,Boundary/contract UI,dto_field_catalog.csv:UserSettingsPatch.defaultTaskDurationMinutes; openapi.yaml operation PATCH_api_v1_settings_me,"Given пользователь редактирует `UserSettingsPatch.defaultTaskDurationMinutes` через `Длительность задачи по умолчанию · Numeric input`
When введённое значение нарушает `min=5; max=1440; minimum=5; maximum=1440` или required/nullable rule
Then клиент не подменяет контракт и показывает `Значение должно быть в диапазоне 5–1440.`
And серверная VALIDATION_FAILED остаётся authoritative"
AC-1727,MOD-018,DATA-018,[STATE-007] Field contract: UserSettingsPatch.missingFileBehavior respects type/required/nullable/limits/PATCH semantics,High,Boundary/contract UI,dto_field_catalog.csv:UserSettingsPatch.missingFileBehavior; openapi.yaml operation PATCH_api_v1_settings_me,"Given пользователь редактирует `UserSettingsPatch.missingFileBehavior` через `Поведение при недоступном файле · ComboBox`
When введённое значение нарушает `enum=[""show_actions"", ""keep_inactive"", ""prompt_relink""]` или required/nullable rule
Then клиент не подменяет контракт и показывает `Выберите значение из списка.`
And серверная VALIDATION_FAILED остаётся authoritative"
AC-1728,MOD-018,DATA-018,[STATE-007] Field contract: UserSettingsPatch.weekendDays respects type/required/nullable/limits/PATCH semantics,High,Boundary/contract UI,dto_field_catalog.csv:UserSettingsPatch.weekendDays; openapi.yaml operation PATCH_api_v1_settings_me,"Given пользователь редактирует `UserSettingsPatch.weekendDays` через `Выходные дни · Multi-select/list editor`
When введённое значение нарушает `minItems=1; maxItems=6; uniqueItems=true` или required/nullable rule
Then клиент не подменяет контракт и показывает `Не более 6 значений. Не менее 1 значений.`
And серверная VALIDATION_FAILED остаётся authoritative"
AC-1729,MOD-019,DATA-019,[STATE-007] Field contract: DepartmentCreate.name respects type/required/nullable/limits/PATCH semantics,High,Boundary/contract UI,dto_field_catalog.csv:DepartmentCreate.name; openapi.yaml operation POST_api_v1_departments,"Given пользователь редактирует `DepartmentCreate.name` через `Название · TextBox`
When введённое значение нарушает `minLength=1; maxLength=200` или required/nullable rule
Then клиент не подменяет контракт и показывает `Обязательное поле. Допустимо 1–200 символов.`
And серверная VALIDATION_FAILED остаётся authoritative"
AC-1730,MOD-019,DATA-019,[STATE-007] Field contract: NetworkResourceCreate.name respects type/required/nullable/limits/PATCH semantics,High,Boundary/contract UI,dto_field_catalog.csv:NetworkResourceCreate.name; openapi.yaml operation POST_api_v1_network_resources,"Given пользователь редактирует `NetworkResourceCreate.name` через `Название · TextBox`
When введённое значение нарушает `minLength=1; maxLength=300` или required/nullable rule
Then клиент не подменяет контракт и показывает `Обязательное поле. Допустимо 1–300 символов.`
And серверная VALIDATION_FAILED остаётся authoritative"
AC-1731,MOD-019,DATA-019,[STATE-007] Field contract: RoleCreate.name respects type/required/nullable/limits/PATCH semantics,High,Boundary/contract UI,dto_field_catalog.csv:RoleCreate.name; openapi.yaml operation POST_api_v1_roles,"Given пользователь редактирует `RoleCreate.name` через `Название · TextBox`
When введённое значение нарушает `minLength=1; maxLength=200` или required/nullable rule
Then клиент не подменяет контракт и показывает `Обязательное поле. Допустимо 1–200 символов.`
And серверная VALIDATION_FAILED остаётся authoritative"
AC-1732,MOD-019,DATA-019,[STATE-007] Field contract: UserCreate.login respects type/required/nullable/limits/PATCH semantics,High,Boundary/contract UI,dto_field_catalog.csv:UserCreate.login; openapi.yaml operation POST_api_v1_users,"Given пользователь редактирует `UserCreate.login` через `Логин · TextBox`
When введённое значение нарушает `minLength=3; maxLength=100` или required/nullable rule
Then клиент не подменяет контракт и показывает `Обязательное поле. Допустимо 3–100 символов.`
And серверная VALIDATION_FAILED остаётся authoritative"
AC-1733,MOD-019,DATA-019,[STATE-007] Field contract: ProbeRequest.deviceId respects type/required/nullable/limits/PATCH semantics,High,Boundary/contract UI,dto_field_catalog.csv:ProbeRequest.deviceId; openapi.yaml operation POST_api_v1_network_resources_id_probe,"Given пользователь редактирует `ProbeRequest.deviceId` через `Устройство · Entity picker`
When введённое значение нарушает `—` или required/nullable rule
Then клиент не подменяет контракт и показывает `Обязательное поле. Выберите существующий доступный объект.`
And серверная VALIDATION_FAILED остаётся authoritative"
AC-1734,MOD-019,DATA-019,[STATE-007] Field contract: UserCreate.firstName respects type/required/nullable/limits/PATCH semantics,High,Boundary/contract UI,dto_field_catalog.csv:UserCreate.firstName; openapi.yaml operation POST_api_v1_users,"Given пользователь редактирует `UserCreate.firstName` через `Имя · TextBox`
When введённое значение нарушает `minLength=1; maxLength=100` или required/nullable rule
Then клиент не подменяет контракт и показывает `Обязательное поле. Допустимо 1–100 символов.`
And серверная VALIDATION_FAILED остаётся authoritative"
AC-1735,MOD-019,DATA-019,[STATE-007] Field contract: UserCreate.lastName respects type/required/nullable/limits/PATCH semantics,High,Boundary/contract UI,dto_field_catalog.csv:UserCreate.lastName; openapi.yaml operation POST_api_v1_users,"Given пользователь редактирует `UserCreate.lastName` через `Фамилия · TextBox`
When введённое значение нарушает `minLength=1; maxLength=100` или required/nullable rule
Then клиент не подменяет контракт и показывает `Обязательное поле. Допустимо 1–100 символов.`
And серверная VALIDATION_FAILED остаётся authoritative"
AC-1736,MOD-019,DATA-019,[STATE-007] Field contract: MaintenanceModeRequest.enabled respects type/required/nullable/limits/PATCH semantics,High,Boundary/contract UI,openapi.yaml:MaintenanceModeRequest.enabled,"Given пользователь редактирует `MaintenanceModeRequest.enabled` через `enabled · CheckBox`
When введённое значение нарушает `—` или required/nullable rule
Then клиент не подменяет контракт и показывает `Обязательное поле.`
And серверная VALIDATION_FAILED остаётся authoritative"
AC-1737,MOD-019,DATA-019,[STATE-007] Field contract: DepartmentPatch.name respects type/required/nullable/limits/PATCH semantics,High,Boundary/contract UI,dto_field_catalog.csv:DepartmentPatch.name; openapi.yaml operation PATCH_api_v1_departments_id,"Given пользователь редактирует `DepartmentPatch.name` через `Название · TextBox`
When введённое значение нарушает `minLength=1; maxLength=200` или required/nullable rule
Then клиент не подменяет контракт и показывает `Допустимо 1–200 символов.`
And серверная VALIDATION_FAILED остаётся authoritative"
AC-1738,MOD-019,DATA-019,[STATE-007] Field contract: NetworkResourcePatch.name respects type/required/nullable/limits/PATCH semantics,High,Boundary/contract UI,dto_field_catalog.csv:NetworkResourcePatch.name; openapi.yaml operation PATCH_api_v1_network_resources_id,"Given пользователь редактирует `NetworkResourcePatch.name` через `Название · TextBox`
When введённое значение нарушает `minLength=1; maxLength=300` или required/nullable rule
Then клиент не подменяет контракт и показывает `Допустимо 1–300 символов.`
And серверная VALIDATION_FAILED остаётся authoritative"
AC-1739,MOD-019,DATA-019,[STATE-007] Field contract: RolePatch.name respects type/required/nullable/limits/PATCH semantics,High,Boundary/contract UI,dto_field_catalog.csv:RolePatch.name; openapi.yaml operation PATCH_api_v1_roles_id,"Given пользователь редактирует `RolePatch.name` через `Название · TextBox`
When введённое значение нарушает `minLength=1; maxLength=200` или required/nullable rule
Then клиент не подменяет контракт и показывает `Допустимо 1–200 символов.`
And серверная VALIDATION_FAILED остаётся authoritative"
AC-1740,MOD-019,DATA-019,[STATE-007] Field contract: UserPatch.login respects type/required/nullable/limits/PATCH semantics,High,Boundary/contract UI,dto_field_catalog.csv:UserPatch.login; openapi.yaml operation PATCH_api_v1_users_id,"Given пользователь редактирует `UserPatch.login` через `Логин · TextBox`
When введённое значение нарушает `minLength=3; maxLength=100` или required/nullable rule
Then клиент не подменяет контракт и показывает `Допустимо 3–100 символов.`
And серверная VALIDATION_FAILED остаётся authoritative"
AC-1741,MOD-019,DATA-019,[STATE-007] Field contract: DepartmentCreate.description respects type/required/nullable/limits/PATCH semantics,High,Boundary/contract UI,dto_field_catalog.csv:DepartmentCreate.description; openapi.yaml operation POST_api_v1_departments,"Given пользователь редактирует `DepartmentCreate.description` через `Описание · Multiline text`
When введённое значение нарушает `maxLength=4000` или required/nullable rule
Then клиент не подменяет контракт и показывает `Не более 4000 символов. Поле можно очистить явным значением null.`
And серверная VALIDATION_FAILED остаётся authoritative"
AC-1742,MOD-019,DATA-019,[STATE-007] Field contract: DepartmentPatch.description respects type/required/nullable/limits/PATCH semantics,High,Boundary/contract UI,dto_field_catalog.csv:DepartmentPatch.description; openapi.yaml operation PATCH_api_v1_departments_id,"Given пользователь редактирует `DepartmentPatch.description` через `Описание · Multiline text`
When введённое значение нарушает `maxLength=4000` или required/nullable rule
Then клиент не подменяет контракт и показывает `Не более 4000 символов. Поле можно очистить явным значением null.`
And серверная VALIDATION_FAILED остаётся authoritative"
AC-1743,MOD-019,DATA-019,[STATE-007] Field contract: DevicePatch.status respects type/required/nullable/limits/PATCH semantics,High,Boundary/contract UI,dto_field_catalog.csv:DevicePatch.status; openapi.yaml operation PATCH_api_v1_devices_id,"Given пользователь редактирует `DevicePatch.status` через `Статус · ComboBox`
When введённое значение нарушает `enum=[""active"", ""revoked""]` или required/nullable rule
Then клиент не подменяет контракт и показывает `Выберите значение из списка.`
And серверная VALIDATION_FAILED остаётся authoritative"
AC-1744,MOD-019,DATA-019,[STATE-007] Field contract: NetworkResourceCreate.status respects type/required/nullable/limits/PATCH semantics,High,Boundary/contract UI,dto_field_catalog.csv:NetworkResourceCreate.status; openapi.yaml operation POST_api_v1_network_resources,"Given пользователь редактирует `NetworkResourceCreate.status` через `Статус · ComboBox`
When введённое значение нарушает `enum=[""active"", ""degraded"", ""unavailable"", ""retired""]` или required/nullable rule
Then клиент не подменяет контракт и показывает `Выберите значение из списка.`
And серверная VALIDATION_FAILED остаётся authoritative"
AC-1745,MOD-019,DATA-019,[STATE-007] Field contract: NetworkResourcePatch.status respects type/required/nullable/limits/PATCH semantics,High,Boundary/contract UI,dto_field_catalog.csv:NetworkResourcePatch.status; openapi.yaml operation PATCH_api_v1_network_resources_id,"Given пользователь редактирует `NetworkResourcePatch.status` через `Статус · ComboBox`
When введённое значение нарушает `enum=[""active"", ""degraded"", ""unavailable"", ""retired""]` или required/nullable rule
Then клиент не подменяет контракт и показывает `Выберите значение из списка.`
And серверная VALIDATION_FAILED остаётся authoritative"
AC-1746,MOD-019,DATA-019,[STATE-007] Field contract: RoleCreate.status respects type/required/nullable/limits/PATCH semantics,High,Boundary/contract UI,dto_field_catalog.csv:RoleCreate.status; openapi.yaml operation POST_api_v1_roles,"Given пользователь редактирует `RoleCreate.status` через `Статус · ComboBox`
When введённое значение нарушает `enum=[""active"", ""inactive""]` или required/nullable rule
Then клиент не подменяет контракт и показывает `Выберите значение из списка.`
And серверная VALIDATION_FAILED остаётся authoritative"
AC-1747,MOD-019,DATA-019,[STATE-007] Field contract: RolePatch.status respects type/required/nullable/limits/PATCH semantics,High,Boundary/contract UI,dto_field_catalog.csv:RolePatch.status; openapi.yaml operation PATCH_api_v1_roles_id,"Given пользователь редактирует `RolePatch.status` через `Статус · ComboBox`
When введённое значение нарушает `enum=[""active"", ""inactive""]` или required/nullable rule
Then клиент не подменяет контракт и показывает `Выберите значение из списка.`
And серверная VALIDATION_FAILED остаётся authoritative"
AC-1748,MOD-019,DATA-019,[STATE-007] Field contract: UserPatch.firstName respects type/required/nullable/limits/PATCH semantics,High,Boundary/contract UI,dto_field_catalog.csv:UserPatch.firstName; openapi.yaml operation PATCH_api_v1_users_id,"Given пользователь редактирует `UserPatch.firstName` через `Имя · TextBox`
When введённое значение нарушает `minLength=1; maxLength=100` или required/nullable rule
Then клиент не подменяет контракт и показывает `Допустимо 1–100 символов.`
And серверная VALIDATION_FAILED остаётся authoritative"
AC-1749,MOD-019,DATA-019,[STATE-007] Field contract: UserPatch.lastName respects type/required/nullable/limits/PATCH semantics,High,Boundary/contract UI,dto_field_catalog.csv:UserPatch.lastName; openapi.yaml operation PATCH_api_v1_users_id,"Given пользователь редактирует `UserPatch.lastName` через `Фамилия · TextBox`
When введённое значение нарушает `minLength=1; maxLength=100` или required/nullable rule
Then клиент не подменяет контракт и показывает `Допустимо 1–100 символов.`
And серверная VALIDATION_FAILED остаётся authoritative"
AC-1750,MOD-019,DATA-019,[STATE-007] Field contract: (query parameters).status respects type/required/nullable/limits/PATCH semantics,High,Boundary/contract UI,openapi.yaml#/paths//api/v1/network-resources/get/parameters/status,"Given пользователь редактирует `(query parameters).status` через `Статус · TextBox`
When введённое значение нарушает `maxLength=40` или required/nullable rule
Then клиент не подменяет контракт и показывает `Не более 40 символов.`
And серверная VALIDATION_FAILED остаётся authoritative"
AC-1751,MOD-019,DATA-019,[STATE-007] Field contract: FeatureFlagPatch.enabled respects type/required/nullable/limits/PATCH semantics,High,Boundary/contract UI,openapi.yaml:FeatureFlagPatch.enabled,"Given пользователь редактирует `FeatureFlagPatch.enabled` через `enabled · CheckBox`
When введённое значение нарушает `—` или required/nullable rule
Then клиент не подменяет контракт и показывает `Значение должно соответствовать OpenAPI schema.`
And серверная VALIDATION_FAILED остаётся authoritative"
AC-1752,MOD-019,DATA-019,[STATE-007] Field contract: PermissionCodes.status respects type/required/nullable/limits/PATCH semantics,High,Boundary/contract UI,dto_field_catalog.csv:ProjectRole.status; openapi.yaml operation PUT_api_v1_project_roles_id_permissions,"Given пользователь редактирует `PermissionCodes.status` через `Статус · Read-only value`
When введённое значение нарушает `enum=[""active"", ""inactive""]` или required/nullable rule
Then клиент не подменяет контракт и показывает `Не редактируется; значение отображается из ответа сервера.`
And серверная VALIDATION_FAILED остаётся authoritative"
AC-1753,MOD-020,DATA-020,[STATE-007] Field contract: SyncAck.deviceId respects type/required/nullable/limits/PATCH semantics,High,Boundary/contract UI,openapi.yaml:SyncAck.deviceId,"Given пользователь редактирует `SyncAck.deviceId` через `deviceId · Object picker/value editor`
When введённое значение нарушает `—` или required/nullable rule
Then клиент не подменяет контракт и показывает `Обязательное поле.`
And серверная VALIDATION_FAILED остаётся authoritative"
AC-1754,MOD-020,DATA-020,[STATE-007] Field contract: SyncBootstrapRequest.deviceId respects type/required/nullable/limits/PATCH semantics,High,Boundary/contract UI,openapi.yaml:SyncBootstrapRequest.deviceId,"Given пользователь редактирует `SyncBootstrapRequest.deviceId` через `deviceId · Object picker/value editor`
When введённое значение нарушает `—` или required/nullable rule
Then клиент не подменяет контракт и показывает `Обязательное поле.`
And серверная VALIDATION_FAILED остаётся authoritative"
AC-1755,MOD-020,DATA-020,[STATE-007] Field contract: CalendarEventPatch.title respects type/required/nullable/limits/PATCH semantics,High,Boundary/contract UI,dto_field_catalog.csv:CalendarEventPatch.title; openapi.yaml operation PATCH_api_v1_calendar_events_id,"Given пользователь редактирует `CalendarEventPatch.title` через `Название · TextBox`
When введённое значение нарушает `minLength=1; maxLength=500` или required/nullable rule
Then клиент не подменяет контракт и показывает `Допустимо 1–500 символов.`
And серверная VALIDATION_FAILED остаётся authoritative"
AC-1756,MOD-020,DATA-020,[STATE-007] Field contract: TaskPatch.title respects type/required/nullable/limits/PATCH semantics,High,Boundary/contract UI,dto_field_catalog.csv:TaskPatch.title; openapi.yaml operation PATCH_api_v1_tasks_id,"Given пользователь редактирует `TaskPatch.title` через `Название · TextBox`
When введённое значение нарушает `minLength=1; maxLength=500` или required/nullable rule
Then клиент не подменяет контракт и показывает `Допустимо 1–500 символов.`
And серверная VALIDATION_FAILED остаётся authoritative"
AC-1757,MOD-020,DATA-020,[STATE-007] Field contract: CalendarEventPatch.description respects type/required/nullable/limits/PATCH semantics,High,Boundary/contract UI,dto_field_catalog.csv:CalendarEventPatch.description; openapi.yaml operation PATCH_api_v1_calendar_events_id,"Given пользователь редактирует `CalendarEventPatch.description` через `Описание · Multiline text`
When введённое значение нарушает `maxLength=20000` или required/nullable rule
Then клиент не подменяет контракт и показывает `Не более 20000 символов. Поле можно очистить явным значением null.`
And серверная VALIDATION_FAILED остаётся authoritative"
AC-1758,MOD-020,DATA-020,[STATE-007] Field contract: TaskPatch.description respects type/required/nullable/limits/PATCH semantics,High,Boundary/contract UI,dto_field_catalog.csv:TaskPatch.description; openapi.yaml operation PATCH_api_v1_tasks_id,"Given пользователь редактирует `TaskPatch.description` через `Описание · Multiline text`
When введённое значение нарушает `maxLength=50000` или required/nullable rule
Then клиент не подменяет контракт и показывает `Не более 50000 символов. Поле можно очистить явным значением null.`
And серверная VALIDATION_FAILED остаётся authoritative"
AC-1759,MOD-020,DATA-020,[STATE-007] Field contract: CalendarEventPatch.status respects type/required/nullable/limits/PATCH semantics,High,Boundary/contract UI,dto_field_catalog.csv:CalendarEventPatch.status; openapi.yaml operation PATCH_api_v1_calendar_events_id,"Given пользователь редактирует `CalendarEventPatch.status` через `Статус · ComboBox`
When введённое значение нарушает `enum=[""scheduled"", ""cancelled""]` или required/nullable rule
Then клиент не подменяет контракт и показывает `Выберите значение из списка.`
And серверная VALIDATION_FAILED остаётся authoritative"
AC-1760,MOD-020,DATA-020,[STATE-007] Field contract: TaskPatch.status respects type/required/nullable/limits/PATCH semantics,High,Boundary/contract UI,dto_field_catalog.csv:TaskPatch.status; openapi.yaml operation PATCH_api_v1_tasks_id,"Given пользователь редактирует `TaskPatch.status` через `Статус · ComboBox`
When введённое значение нарушает `enum=[""new"", ""in_progress"", ""review"", ""completed"", ""cancelled""]` или required/nullable rule
Then клиент не подменяет контракт и показывает `Выберите значение из списка.`
And серверная VALIDATION_FAILED остаётся authoritative"
AC-1761,MOD-020,DATA-020,[STATE-007] Field contract: TaskPatch.priority respects type/required/nullable/limits/PATCH semantics,High,Boundary/contract UI,dto_field_catalog.csv:TaskPatch.priority; openapi.yaml operation PATCH_api_v1_tasks_id,"Given пользователь редактирует `TaskPatch.priority` через `Приоритет · ComboBox`
When введённое значение нарушает `enum=[""low"", ""normal"", ""high"", ""critical""]` или required/nullable rule
Then клиент не подменяет контракт и показывает `Выберите значение из списка.`
And серверная VALIDATION_FAILED остаётся authoritative"
AC-1762,MOD-020,DATA-020,[STATE-007] Field contract: CalendarEventPatch.projectId respects type/required/nullable/limits/PATCH semantics,High,Boundary/contract UI,dto_field_catalog.csv:CalendarEventPatch.projectId; openapi.yaml operation PATCH_api_v1_calendar_events_id,"Given пользователь редактирует `CalendarEventPatch.projectId` через `Проект · Entity picker`
When введённое значение нарушает `—` или required/nullable rule
Then клиент не подменяет контракт и показывает `Выберите существующий доступный объект. Поле можно очистить явным значением null.`
And серверная VALIDATION_FAILED остаётся authoritative"
AC-1763,MOD-020,DATA-020,[STATE-007] Field contract: TaskPatch.projectId respects type/required/nullable/limits/PATCH semantics,High,Boundary/contract UI,dto_field_catalog.csv:TaskPatch.projectId; openapi.yaml operation PATCH_api_v1_tasks_id,"Given пользователь редактирует `TaskPatch.projectId` через `Проект · Entity picker`
When введённое значение нарушает `—` или required/nullable rule
Then клиент не подменяет контракт и показывает `Выберите существующий доступный объект. Поле можно очистить явным значением null.`
And серверная VALIDATION_FAILED остаётся authoritative"
AC-1764,MOD-020,DATA-020,[STATE-007] Field contract: TaskPatch.assigneeIds respects type/required/nullable/limits/PATCH semantics,High,Boundary/contract UI,dto_field_catalog.csv:TaskPatch.assigneeIds; openapi.yaml operation PATCH_api_v1_tasks_id,"Given пользователь редактирует `TaskPatch.assigneeIds` через `Исполнители · Multi-select/list editor`
When введённое значение нарушает `maxItems=100; uniqueItems=true` или required/nullable rule
Then клиент не подменяет контракт и показывает `Не более 100 значений.`
And серверная VALIDATION_FAILED остаётся authoritative"
AC-1765,MOD-020,DATA-020,[STATE-007] Field contract: TaskPatch.watcherIds respects type/required/nullable/limits/PATCH semantics,High,Boundary/contract UI,dto_field_catalog.csv:TaskPatch.watcherIds; openapi.yaml operation PATCH_api_v1_tasks_id,"Given пользователь редактирует `TaskPatch.watcherIds` через `Наблюдатели · Multi-select/list editor`
When введённое значение нарушает `maxItems=100; uniqueItems=true` или required/nullable rule
Then клиент не подменяет контракт и показывает `Не более 100 значений.`
And серверная VALIDATION_FAILED остаётся authoritative"
AC-1766,MOD-020,DATA-020,[STATE-007] Field contract: TaskPatch.scheduledDate respects type/required/nullable/limits/PATCH semantics,High,Boundary/contract UI,dto_field_catalog.csv:TaskPatch.scheduledDate; openapi.yaml operation PATCH_api_v1_tasks_id,"Given пользователь редактирует `TaskPatch.scheduledDate` через `Дата · DatePicker`
When введённое значение нарушает `—` или required/nullable rule
Then клиент не подменяет контракт и показывает `Укажите корректную дату. Поле можно очистить явным значением null.`
And серверная VALIDATION_FAILED остаётся authoritative"
AC-1767,MOD-020,DATA-020,[STATE-007] Field contract: TaskPatch.startTimeLocal respects type/required/nullable/limits/PATCH semantics,High,Boundary/contract UI,dto_field_catalog.csv:TaskPatch.startTimeLocal; openapi.yaml operation PATCH_api_v1_tasks_id,"Given пользователь редактирует `TaskPatch.startTimeLocal` через `Время начала · TimePicker`
When введённое значение нарушает `—` или required/nullable rule
Then клиент не подменяет контракт и показывает `Укажите корректное локальное время. Поле можно очистить явным значением null.`
And серверная VALIDATION_FAILED остаётся authoritative"
AC-1768,MOD-020,DATA-020,[STATE-007] Field contract: TaskPatch.plannedDurationMinutes respects type/required/nullable/limits/PATCH semantics,High,Boundary/contract UI,dto_field_catalog.csv:TaskPatch.plannedDurationMinutes; openapi.yaml operation PATCH_api_v1_tasks_id,"Given пользователь редактирует `TaskPatch.plannedDurationMinutes` через `Длительность · Numeric input`
When введённое значение нарушает `min=1; max=10080; minimum=1; maximum=10080` или required/nullable rule
Then клиент не подменяет контракт и показывает `Значение должно быть в диапазоне 1–10080. Поле можно очистить явным значением null.`
And серверная VALIDATION_FAILED остаётся authoritative"
AC-1769,MOD-020,DATA-020,[STATE-007] Field contract: TaskPatch.deadlineAt respects type/required/nullable/limits/PATCH semantics,High,Boundary/contract UI,dto_field_catalog.csv:TaskPatch.deadlineAt; openapi.yaml operation PATCH_api_v1_tasks_id,"Given пользователь редактирует `TaskPatch.deadlineAt` через `Дедлайн · DateTimePicker`
When введённое значение нарушает `—` или required/nullable rule
Then клиент не подменяет контракт и показывает `Укажите дату и время с корректным часовым поясом. Поле можно очистить явным значением null.`
And серверная VALIDATION_FAILED остаётся authoritative"
AC-1770,MOD-020,DATA-020,[STATE-007] Field contract: TaskPatch.scheduleTimeZone respects type/required/nullable/limits/PATCH semantics,High,Boundary/contract UI,dto_field_catalog.csv:TaskPatch.scheduleTimeZone; openapi.yaml operation PATCH_api_v1_tasks_id,"Given пользователь редактирует `TaskPatch.scheduleTimeZone` через `Часовой пояс расписания · TextBox`
When введённое значение нарушает `maxLength=64` или required/nullable rule
Then клиент не подменяет контракт и показывает `Не более 64 символов. Поле можно очистить явным значением null.`
And серверная VALIDATION_FAILED остаётся authoritative"
AC-1771,MOD-020,DATA-020,[STATE-007] Field contract: SyncAck.acknowledgedSequence respects type/required/nullable/limits/PATCH semantics,High,Boundary/contract UI,openapi.yaml:SyncAck.acknowledgedSequence,"Given пользователь редактирует `SyncAck.acknowledgedSequence` через `acknowledgedSequence · Numeric input`
When введённое значение нарушает `min=0` или required/nullable rule
Then клиент не подменяет контракт и показывает `Обязательное поле. min=0.`
And серверная VALIDATION_FAILED остаётся authoritative"
AC-1772,MOD-020,DATA-020,[STATE-007] Field contract: SyncAck.scopeVersion respects type/required/nullable/limits/PATCH semantics,High,Boundary/contract UI,openapi.yaml:SyncAck.scopeVersion,"Given пользователь редактирует `SyncAck.scopeVersion` через `scopeVersion · Numeric input`
When введённое значение нарушает `min=1` или required/nullable rule
Then клиент не подменяет контракт и показывает `Обязательное поле. min=1.`
And серверная VALIDATION_FAILED остаётся authoritative"
AC-1773,MOD-020,DATA-020,[STATE-007] Field contract: SyncBootstrapRequest.cacheSchemaVersion respects type/required/nullable/limits/PATCH semantics,High,Boundary/contract UI,openapi.yaml:SyncBootstrapRequest.cacheSchemaVersion,"Given пользователь редактирует `SyncBootstrapRequest.cacheSchemaVersion` через `cacheSchemaVersion · Numeric input`
When введённое значение нарушает `min=1` или required/nullable rule
Then клиент не подменяет контракт и показывает `Обязательное поле. min=1.`
And серверная VALIDATION_FAILED остаётся authoritative"
AC-1774,MOD-020,DATA-020,[STATE-007] Field contract: SyncBootstrapRequest.pageSize respects type/required/nullable/limits/PATCH semantics,High,Boundary/contract UI,openapi.yaml:SyncBootstrapRequest.pageSize,"Given пользователь редактирует `SyncBootstrapRequest.pageSize` через `pageSize · Numeric input`
When введённое значение нарушает `min=1; max=500` или required/nullable rule
Then клиент не подменяет контракт и показывает `Обязательное поле. min=1; max=500.`
And серверная VALIDATION_FAILED остаётся authoritative"
AC-1775,MOD-020,DATA-020,[STATE-007] Field contract: CalendarEventPatch.contactAttendees respects type/required/nullable/limits/PATCH semantics,High,Boundary/contract UI,dto_field_catalog.csv:CalendarEventPatch.contactAttendees; openapi.yaml operation PATCH_api_v1_calendar_events_id,"Given пользователь редактирует `CalendarEventPatch.contactAttendees` через `Contact attendees · Multi-select/list editor`
When введённое значение нарушает `maxItems=500` или required/nullable rule
Then клиент не подменяет контракт и показывает `Не более 500 значений.`
And серверная VALIDATION_FAILED остаётся authoritative"
AC-1776,MOD-020,DATA-020,[STATE-007] Field contract: CalendarEventPatch.endAtUtc respects type/required/nullable/limits/PATCH semantics,High,Boundary/contract UI,dto_field_catalog.csv:CalendarEventPatch.endAtUtc; openapi.yaml operation PATCH_api_v1_calendar_events_id,"Given пользователь редактирует `CalendarEventPatch.endAtUtc` через `End at utc · DateTimePicker`
When введённое значение нарушает `—` или required/nullable rule
Then клиент не подменяет контракт и показывает `Укажите дату и время с корректным часовым поясом. Поле можно очистить явным значением null.`
And серверная VALIDATION_FAILED остаётся authoritative"
AC-1777,MOD-021,DATA-021,[STATE-007] Field contract: UserPatch.login respects type/required/nullable/limits/PATCH semantics,High,Boundary/contract UI,dto_field_catalog.csv:UserPatch.login; openapi.yaml operation PATCH_api_v1_users_id,"Given пользователь редактирует `UserPatch.login` через `Логин · TextBox`
When введённое значение нарушает `minLength=3; maxLength=100` или required/nullable rule
Then клиент не подменяет контракт и показывает `Допустимо 3–100 символов.`
And серверная VALIDATION_FAILED остаётся authoritative"
AC-1778,MOD-021,DATA-021,[STATE-007] Field contract: UserPatch.firstName respects type/required/nullable/limits/PATCH semantics,High,Boundary/contract UI,dto_field_catalog.csv:UserPatch.firstName; openapi.yaml operation PATCH_api_v1_users_id,"Given пользователь редактирует `UserPatch.firstName` через `Имя · TextBox`
When введённое значение нарушает `minLength=1; maxLength=100` или required/nullable rule
Then клиент не подменяет контракт и показывает `Допустимо 1–100 символов.`
And серверная VALIDATION_FAILED остаётся authoritative"
AC-1779,MOD-021,DATA-021,[STATE-007] Field contract: UserPatch.lastName respects type/required/nullable/limits/PATCH semantics,High,Boundary/contract UI,dto_field_catalog.csv:UserPatch.lastName; openapi.yaml operation PATCH_api_v1_users_id,"Given пользователь редактирует `UserPatch.lastName` через `Фамилия · TextBox`
When введённое значение нарушает `minLength=1; maxLength=100` или required/nullable rule
Then клиент не подменяет контракт и показывает `Допустимо 1–100 символов.`
And серверная VALIDATION_FAILED остаётся authoritative"
AC-1780,MOD-021,DATA-021,[STATE-007] Field contract: UserRolesReplace.expectedUserVersion respects type/required/nullable/limits/PATCH semantics,High,Boundary/contract UI,dto_field_catalog.csv:UserRolesReplace.expectedUserVersion; openapi.yaml operation PUT_api_v1_users_id_roles,"Given пользователь редактирует `UserRolesReplace.expectedUserVersion` через `Expected user version · Numeric input`
When введённое значение нарушает `min=1; minimum=1` или required/nullable rule
Then клиент не подменяет контракт и показывает `Обязательное поле. Значение должно быть в диапазоне 1–+∞.`
And серверная VALIDATION_FAILED остаётся authoritative"
AC-1781,MOD-021,DATA-021,[STATE-007] Field contract: UserRolesReplace.roles respects type/required/nullable/limits/PATCH semantics,High,Boundary/contract UI,dto_field_catalog.csv:UserRolesReplace.roles; openapi.yaml operation PUT_api_v1_users_id_roles,"Given пользователь редактирует `UserRolesReplace.roles` через `Roles · Multi-select/list editor`
When введённое значение нарушает `maxItems=100` или required/nullable rule
Then клиент не подменяет контракт и показывает `Обязательное поле. Не более 100 значений.`
And серверная VALIDATION_FAILED остаётся authoritative"
AC-1782,MOD-021,DATA-021,[STATE-007] Field contract: UserRolesReplace.roles[].roleId respects type/required/nullable/limits/PATCH semantics,High,Boundary/contract UI,dto_field_catalog.csv:UserRolesReplace.roles[].roleId; openapi.yaml operation PUT_api_v1_users_id_roles,"Given пользователь редактирует `UserRolesReplace.roles[].roleId` через `Role id · Entity picker`
When введённое значение нарушает `—` или required/nullable rule
Then клиент не подменяет контракт и показывает `Обязательное поле. Выберите существующий доступный объект.`
And серверная VALIDATION_FAILED остаётся authoritative"
AC-1783,MOD-021,DATA-021,[STATE-007] Field contract: UserPatch.accountStatus respects type/required/nullable/limits/PATCH semantics,High,Boundary/contract UI,dto_field_catalog.csv:UserPatch.accountStatus; openapi.yaml operation PATCH_api_v1_users_id,"Given пользователь редактирует `UserPatch.accountStatus` через `Статус учётной записи · ComboBox`
When введённое значение нарушает `enum=[""pending_activation"", ""active"", ""blocked"", ""deactivated""]` или required/nullable rule
Then клиент не подменяет контракт и показывает `Выберите значение из списка.`
And серверная VALIDATION_FAILED остаётся authoritative"
AC-1784,MOD-021,DATA-021,[STATE-007] Field contract: UserPatch.departmentId respects type/required/nullable/limits/PATCH semantics,High,Boundary/contract UI,dto_field_catalog.csv:UserPatch.departmentId; openapi.yaml operation PATCH_api_v1_users_id,"Given пользователь редактирует `UserPatch.departmentId` через `Отдел · Entity picker`
When введённое значение нарушает `—` или required/nullable rule
Then клиент не подменяет контракт и показывает `Выберите существующий доступный объект. Поле можно очистить явным значением null.`
And серверная VALIDATION_FAILED остаётся authoritative"
AC-1785,MOD-021,DATA-021,[STATE-007] Field contract: UserPatch.displayName respects type/required/nullable/limits/PATCH semantics,High,Boundary/contract UI,dto_field_catalog.csv:UserPatch.displayName; openapi.yaml operation PATCH_api_v1_users_id,"Given пользователь редактирует `UserPatch.displayName` через `Отображаемое имя · TextBox`
When введённое значение нарушает `minLength=1; maxLength=300` или required/nullable rule
Then клиент не подменяет контракт и показывает `Допустимо 1–300 символов.`
And серверная VALIDATION_FAILED остаётся authoritative"
AC-1786,MOD-021,DATA-021,[STATE-007] Field contract: UserPatch.jobTitle respects type/required/nullable/limits/PATCH semantics,High,Boundary/contract UI,dto_field_catalog.csv:UserPatch.jobTitle; openapi.yaml operation PATCH_api_v1_users_id,"Given пользователь редактирует `UserPatch.jobTitle` через `Должность · TextBox`
When введённое значение нарушает `maxLength=200` или required/nullable rule
Then клиент не подменяет контракт и показывает `Не более 200 символов. Поле можно очистить явным значением null.`
And серверная VALIDATION_FAILED остаётся authoritative"
AC-1787,MOD-021,DATA-021,[STATE-007] Field contract: UserPatch.workEmail respects type/required/nullable/limits/PATCH semantics,High,Boundary/contract UI,dto_field_catalog.csv:UserPatch.workEmail; openapi.yaml operation PATCH_api_v1_users_id,"Given пользователь редактирует `UserPatch.workEmail` через `Рабочая почта · TextBox`
When введённое значение нарушает `maxLength=320` или required/nullable rule
Then клиент не подменяет контракт и показывает `Не более 320 символов. Введите корректный email. Поле можно очистить явным значением null.`
And серверная VALIDATION_FAILED остаётся authoritative"
AC-1788,MOD-021,DATA-021,[STATE-007] Field contract: UserRolesReplace.roles[].departmentId respects type/required/nullable/limits/PATCH semantics,High,Boundary/contract UI,dto_field_catalog.csv:UserRolesReplace.roles[].departmentId; openapi.yaml operation PUT_api_v1_users_id_roles,"Given пользователь редактирует `UserRolesReplace.roles[].departmentId` через `Отдел · Entity picker`
When введённое значение нарушает `—` или required/nullable rule
Then клиент не подменяет контракт и показывает `Выберите существующий доступный объект. Поле можно очистить явным значением null.`
And серверная VALIDATION_FAILED остаётся authoritative"
AC-1789,MOD-021,DATA-021,[STATE-007] Field contract: UserRolesReplace.roles[].validUntil respects type/required/nullable/limits/PATCH semantics,High,Boundary/contract UI,dto_field_catalog.csv:UserRolesReplace.roles[].validUntil; openapi.yaml operation PUT_api_v1_users_id_roles,"Given пользователь редактирует `UserRolesReplace.roles[].validUntil` через `Valid until · DateTimePicker`
When введённое значение нарушает `—` или required/nullable rule
Then клиент не подменяет контракт и показывает `Укажите дату и время с корректным часовым поясом. Поле можно очистить явным значением null.`
And серверная VALIDATION_FAILED остаётся authoritative"
AC-1790,MOD-018,FR-270,Просмотр текущей шкалы,High,Contract/UI,Stage 2.3.1 OpenAPI 1.2.0-stage2.3; Stage 3.5 UX baseline; Stage 4.1.2 delta,"Given пользователь имеет Settings.ReadOwn
When он открывает CMP-001
Then GET возвращает organization scale и ETag
And UI показывает четыре semantic intervals и read-only metadata"
AC-1791,MOD-018,FR-271,Успешное изменение шкалы,Critical,Integration/concurrency,Stage 2.3.1 OpenAPI 1.2.0-stage2.3; Stage 3.5 UX baseline; Stage 4.1.2 delta,"Given пользователь имеет System.Configure и current ETag
When он сохраняет valid четыре intervals с If-Match и Idempotency-Key
Then сервер возвращает 200, authoritative scale и новый ETag
And UI заменяет draft только server response"
AC-1792,MOD-018,BR-100,Пересечение интервалов,High,Boundary,Stage 2.3.1 OpenAPI 1.2.0-stage2.3; Stage 3.5 UX baseline; Stage 4.1.2 delta,"Given два interval пересекаются
When клиент или сервер валидирует draft
Then save отклонён VALIDATION_FAILED
And focus установлен на первую конфликтующую границу и draft сохранён"
AC-1793,MOD-018,BR-100,Неверный порядок,High,Boundary,Stage 2.3.1 OpenAPI 1.2.0-stage2.3; Stage 3.5 UX baseline; Stage 4.1.2 delta,"Given semantic intervals расположены не low-normal-high-critical
When пользователь сохраняет scale
Then save отклонён
And сообщение объясняет требуемый порядок"
AC-1794,MOD-018,BR-100,Недопустимая граница,High,Boundary,Stage 2.3.1 OpenAPI 1.2.0-stage2.3; Stage 3.5 UX baseline; Stage 4.1.2 delta,"Given minScore или maxScore вне 0–100 либо min больше max
When пользователь сохраняет scale
Then save отклонён VALIDATION_FAILED
And canonical field path подсвечен"
AC-1795,MOD-018,BR-100,Пропущенный диапазон,High,Boundary,Stage 2.3.1 OpenAPI 1.2.0-stage2.3; Stage 3.5 UX baseline; Stage 4.1.2 delta,"Given между adjacent intervals есть gap
When пользователь сохраняет scale
Then полное покрытие 0–100 не принято
And draft сохранён для исправления"
AC-1796,MOD-018,FR-272,Reset to defaults,Critical,Integration/concurrency,Stage 2.3.1 OpenAPI 1.2.0-stage2.3; Stage 3.5 UX baseline; Stage 4.1.2 delta,"Given пользователь имеет System.Configure и подтвердил reset
When POST reset отправлен с If-Match и Idempotency-Key
Then сервер возвращает defaults 0–24/25–49/50–74/75–100 и новый ETag
And UI показывает authoritative response"
AC-1797,MOD-018,FR-271,Отказ без permission,Critical,Security,Stage 2.3.1 OpenAPI 1.2.0-stage2.3; Stage 3.5 UX baseline; Stage 4.1.2 delta,"Given пользователь не имеет System.Configure
When он пытается изменить scale
Then UI остаётся read-only и сервер возвращает FORBIDDEN
And изменение и privilege escalation отсутствуют"
AC-1798,MOD-018,FR-271,Optimistic conflict,Critical,Concurrency,Stage 2.3.1 OpenAPI 1.2.0-stage2.3; Stage 3.5 UX baseline; Stage 4.1.2 delta,"Given If-Match устарел
When PUT или reset отправлен
Then сервер возвращает VERSION_CONFLICT
And draft сохранён и доступны reload/compare/reapply/discard"
AC-1799,MOD-018,FR-274,Server unavailable,Critical,Resilience,Stage 2.3.1 OpenAPI 1.2.0-stage2.3; Stage 3.5 UX baseline; Stage 4.1.2 delta,"Given сервер недоступен
When пользователь открывает или сохраняет scale
Then cached value обозначен stale/read-only и write не ставится в queue
And Retry доступен после восстановления"
AC-1800,MOD-018,FR-273,Read-only,High,Authorization/UI,Stage 2.3.1 OpenAPI 1.2.0-stage2.3; Stage 3.5 UX baseline; Stage 4.1.2 delta,"Given Settings.ReadOwn есть, а System.Configure отсутствует
When CMP-001 открыт
Then scale видима без writable controls
And причина read-only доступно объяснена"
AC-1801,MOD-021,FR-269,Audit event,Critical,Audit,Stage 2.3.1 OpenAPI 1.2.0-stage2.3; Stage 3.5 UX baseline; Stage 4.1.2 delta,"Given PUT или reset успешно завершён
When транзакция committed
Then создан notification_urgency_scale.changed
And audit содержит actor/outcome/correlationId/redacted diff без secrets"
AC-1802,MOD-018,BR-104,Срочность не зависит только от цвета,High,Accessibility,Stage 2.3.1 OpenAPI 1.2.0-stage2.3; Stage 3.5 UX baseline; Stage 4.1.2 delta,"Given High Contrast включён или цвет не различим
When scale/notification отображается
Then semantic label и текстовый либо icon/shape признак доступны
And screen reader озвучивает level и границы"
AC-1803,MOD-015,BR-103,Backward compatibility старого клиента,High,Compatibility,Stage 2.3.1 OpenAPI 1.2.0-stage2.3; Stage 3.5 UX baseline; Stage 4.1.2 delta,"Given organization scale изменена, а client 2.2 подключён
When client отображает notification
Then он использует встроенный legacy mapping без write override
And server semantic urgency остаётся неизменной"
AC-1804,MOD-014,FR-275,Поиск сотрудника по имени,High,Integration/UI,Stage 2.3.1 OpenAPI 1.2.0-stage2.3; Stage 3.5 UX baseline; Stage 4.1.2 delta,"Given пользователь имеет Search.Use
When он отправляет q и types=employee
Then сервер возвращает permission-safe employee matches
And UI показывает displayName и доступные DTO fields"
AC-1805,MOD-014,BR-105,Отдельная группа Сотрудники,High,UI/accessibility,Stage 2.3.1 OpenAPI 1.2.0-stage2.3; Stage 3.5 UX baseline; Stage 4.1.2 delta,"Given response содержит resultType=employee
When результаты отображаются
Then создана отдельная озвучиваемая группа Сотрудники
And avatar или неподтверждённые поля не изобретены"
AC-1806,MOD-014,BR-112,Смешанный поиск,High,Integration/UI,Stage 2.3.1 OpenAPI 1.2.0-stage2.3; Stage 3.5 UX baseline; Stage 4.1.2 delta,"Given types содержит employee и другие типы
When сервер возвращает mixed page
Then Employees остаётся отдельной группой в server order
And клиент не пересортировывает и не постфильтрует page"
AC-1807,MOD-014,FR-276,Открытие employee result,High,Navigation/security,Stage 2.3.1 OpenAPI 1.2.0-stage2.3; Stage 3.5 UX baseline; Stage 4.1.2 delta,"Given employee result доступен
When пользователь нажимает Enter
Then shell открывает DTO deepLink
And target authorization повторно проверена"
AC-1808,MOD-014,BR-107,Partial access,High,Security/UI,Stage 2.3.1 OpenAPI 1.2.0-stage2.3; Stage 3.5 UX baseline; Stage 4.1.2 delta,"Given сервер возвращает только разрешённую часть employee card
When карточка отображается
Then UI показывает neutral partial-access state без hidden count
And nullable missing fields не реконструируются"
AC-1809,MOD-014,BR-107,Redaction,Critical,Security,Stage 2.3.1 OpenAPI 1.2.0-stage2.3; Stage 3.5 UX baseline; Stage 4.1.2 delta,"Given EmployeeSearchResult.isRedacted=true
When карточка отображается
Then nullable department/job fields скрыты нейтрально
And PII или исходное значение не попадает в UI/logs"
AC-1810,MOD-014,FR-277,Пользователь без Search.Use,Critical,Security,Stage 2.3.1 OpenAPI 1.2.0-stage2.3; Stage 3.5 UX baseline; Stage 4.1.2 delta,"Given caller не имеет Search.Use
When он вызывает search
Then сервер возвращает FORBIDDEN
And UI не показывает stale cached employees как fresh"
AC-1811,MOD-014,BR-108,Заблокированный пользователь,Critical,Security,Stage 2.3.1 OpenAPI 1.2.0-stage2.3; Stage 3.5 UX baseline; Stage 4.1.2 delta,"Given employee blocked и caller не имеет User.Block
When search выполняется
Then сервер исключает запись до pagination
And UI не раскрывает факт скрытия или hidden count"
AC-1812,MOD-014,FR-278,Pagination,High,Integration,Stage 2.3.1 OpenAPI 1.2.0-stage2.3; Stage 3.5 UX baseline; Stage 4.1.2 delta,"Given первая page имеет nextCursor
When клиент запрашивает следующую page
Then использован ровно server cursor с теми же filters
And результаты не дополняются клиентской постфильтрацией"
AC-1813,MOD-014,BR-109,Cursor stability,High,Integration/security,Stage 2.3.1 OpenAPI 1.2.0-stage2.3; Stage 3.5 UX baseline; Stage 4.1.2 delta,"Given filters, auth scope, snapshot и visibility policy неизменны
When следующая page запрошена
Then cursor сохраняет стабильный server order
And при изменении binding сервер возвращает invalid/expired и клиент начинает page 1"
AC-1814,MOD-014,FR-276,Stale employee result,High,Resilience,Stage 2.3.1 OpenAPI 1.2.0-stage2.3; Stage 3.5 UX baseline; Stage 4.1.2 delta,"Given результат получен из stale cache
When он отображается
Then freshness явно обозначена
And перед открытием выполняется online permission recheck"
AC-1815,MOD-014,FR-276,Объект стал недоступен,Critical,Security/navigation,Stage 2.3.1 OpenAPI 1.2.0-stage2.3; Stage 3.5 UX baseline; Stage 4.1.2 delta,"Given employee target стал невидим после выдачи
When пользователь открывает deepLink
Then показано neutral unavailable
And sensitive details удалены и focus возвращён в выдачу"
AC-1816,MOD-014,FR-275,Нет результатов,High,UI,Stage 2.3.1 OpenAPI 1.2.0-stage2.3; Stage 3.5 UX baseline; Stage 4.1.2 delta,"Given валидный employee query не имеет matches
When server page пуст
Then показан explicit empty state с сохранёнными filters
And hidden counts не показываются"
AC-1817,MOD-014,BR-112,Partial failure группы,High,Resilience,Stage 2.3.1 OpenAPI 1.2.0-stage2.3; Stage 3.5 UX baseline; Stage 4.1.2 delta,"Given одна server result group недоступна
When mixed search завершён частично
Then UI явно помечает partial failure и сохраняет полученные группы
And клиент не генерирует отсутствующую Employees group"
AC-1818,MOD-014,BR-106,Запрет клиентской постфильтрации,Critical,Security/contract,Stage 2.3.1 OpenAPI 1.2.0-stage2.3; Stage 3.5 UX baseline; Stage 4.1.2 delta,"Given server page содержит authorization-filtered results
When клиент отображает page
Then он не удаляет и не добавляет элементы по client-only visibility rules
And pagination и hidden-count semantics остаются server-authoritative"
AC-1819,MOD-018,FR-271,Field contract urgency scale,High,Field contract,Stage 2.3.1 OpenAPI 1.2.0-stage2.3; Stage 3.5 UX baseline; Stage 4.1.2 delta,"Given CMP-001 построен
When controls сверяются с Stage 3.5 field traceability
Then required/nullable/type/limits/default/version semantics совпадают
And нет control без DTO/API"
AC-1820,MOD-014,FR-277,Field contract EmployeeSearchResult,High,Field contract,Stage 2.3.1 OpenAPI 1.2.0-stage2.3; Stage 3.5 UX baseline; Stage 4.1.2 delta,"Given employee card построена
When response fields отображаются
Then используются только userId/displayName/departmentId/departmentName/jobTitle/accountStatus/deepLink/isRedacted
And avatar и произвольная role отсутствуют"
AC-1821,MOD-018,FR-272,Reset failure,High,Resilience/concurrency,Stage 2.3.1 OpenAPI 1.2.0-stage2.3; Stage 3.5 UX baseline; Stage 4.1.2 delta,"Given reset получает FORBIDDEN, conflict или unavailable
When команда завершается ошибкой
Then текущая server scale не заменяется
And UI сохраняет безопасный state и предлагает допустимое recovery"
AC-1822,MOD-015,FR-279,Existing and future notifications,High,Projection,Stage 2.3.1 OpenAPI 1.2.0-stage2.3; Stage 3.5 UX baseline; Stage 4.1.2 delta,"Given organization scale обновлена
When старые и новые notifications отображаются
Then оба вида разрешают presentation через current scale
And их сохранённая semantic urgency не переписывается"
AC-1823,ALL,BR-113,Analytics privacy,Critical,Privacy,Stage 2.3.1 OpenAPI 1.2.0-stage2.3; Stage 3.5 UX baseline; Stage 4.1.2 delta,"Given analytics/diagnostic/audit event формируется
When событие записывается
Then event содержит только allowlisted metadata
And полный query, PII, paths, secrets и notification content отсутствуют"
AC-1824,MOD-018,FR-273,Unique flow normalization,High,Traceability,Stage 2.3.1 OpenAPI 1.2.0-stage2.3; Stage 3.5 UX baseline; Stage 4.1.2 delta,"Given Stage 3.5 содержит два определения FLOW-035
When PRD traceability строится
Then historical project FLOW-035 сохранён, urgency flow обозначен FLOW-038
And duplicate FLOW IDs в кандидате отсутствуют"
