Entity ID,Type,Module,Parent IDs,Direct FR,Parent exists,Source present,Given,When,Then,Vague terms,Status,Notes
FR-001,FR,MOD-001,,FR-001,True,True,N/A,N/A,N/A,,Pass,Linked AC: 6
FR-002,FR,MOD-001,,FR-002,True,True,N/A,N/A,N/A,,Pass,Linked AC: 6
FR-003,FR,MOD-001,,FR-003,True,True,N/A,N/A,N/A,,Pass,Linked AC: 3
FR-004,FR,MOD-001,,FR-004,True,True,N/A,N/A,N/A,,Pass,Linked AC: 3
FR-005,FR,MOD-001,,FR-005,True,True,N/A,N/A,N/A,,Pass,Linked AC: 3
FR-006,FR,MOD-001,,FR-006,True,True,N/A,N/A,N/A,,Pass,Linked AC: 5
FR-007,FR,MOD-001,,FR-007,True,True,N/A,N/A,N/A,,Pass,Linked AC: 4
FR-008,FR,MOD-001,,FR-008,True,True,N/A,N/A,N/A,,Pass,Linked AC: 2
FR-009,FR,MOD-001,,FR-009,True,True,N/A,N/A,N/A,,Pass,Linked AC: 3
FR-010,FR,MOD-001,,FR-010,True,True,N/A,N/A,N/A,,Pass,Linked AC: 4
FR-011,FR,MOD-002,,FR-011,True,True,N/A,N/A,N/A,,Pass,Linked AC: 2
FR-012,FR,MOD-002,,FR-012,True,True,N/A,N/A,N/A,,Pass,Linked AC: 2
FR-013,FR,MOD-002,,FR-013,True,True,N/A,N/A,N/A,,Pass,Linked AC: 1
FR-014,FR,MOD-002,,FR-014,True,True,N/A,N/A,N/A,,Pass,Linked AC: 1
FR-015,FR,MOD-002,,FR-015,True,True,N/A,N/A,N/A,,Pass,Linked AC: 2
FR-016,FR,MOD-002,,FR-016,True,True,N/A,N/A,N/A,,Pass,Linked AC: 2
FR-017,FR,MOD-003,,FR-017,True,True,N/A,N/A,N/A,,Pass,Linked AC: 4
FR-018,FR,MOD-004,,FR-018,True,True,N/A,N/A,N/A,,Pass,Linked AC: 3
FR-019,FR,MOD-004,,FR-019,True,True,N/A,N/A,N/A,,Pass,Linked AC: 7
FR-020,FR,MOD-004,,FR-020,True,True,N/A,N/A,N/A,,Pass,Linked AC: 6
FR-021,FR,MOD-004,,FR-021,True,True,N/A,N/A,N/A,,Pass,Linked AC: 3
FR-022,FR,MOD-004,,FR-022,True,True,N/A,N/A,N/A,,Pass,Linked AC: 7
FR-023,FR,MOD-004,,FR-023,True,True,N/A,N/A,N/A,,Pass,Linked AC: 8
FR-024,FR,MOD-004,,FR-024,True,True,N/A,N/A,N/A,,Pass,Linked AC: 8
FR-025,FR,MOD-004,,FR-025,True,True,N/A,N/A,N/A,,Pass,Linked AC: 8
FR-026,FR,MOD-005,,FR-026,True,True,N/A,N/A,N/A,,Pass,Linked AC: 3
FR-027,FR,MOD-005,,FR-027,True,True,N/A,N/A,N/A,,Pass,Linked AC: 7
FR-028,FR,MOD-005,,FR-028,True,True,N/A,N/A,N/A,,Pass,Linked AC: 8
FR-029,FR,MOD-005,,FR-029,True,True,N/A,N/A,N/A,,Pass,Linked AC: 6
FR-030,FR,MOD-005,,FR-030,True,True,N/A,N/A,N/A,,Pass,Linked AC: 3
FR-031,FR,MOD-005,,FR-031,True,True,N/A,N/A,N/A,,Pass,Linked AC: 7
FR-032,FR,MOD-005,,FR-032,True,True,N/A,N/A,N/A,,Pass,Linked AC: 8
FR-033,FR,MOD-005,,FR-033,True,True,N/A,N/A,N/A,,Pass,Linked AC: 8
FR-034,FR,MOD-005,,FR-034,True,True,N/A,N/A,N/A,,Pass,Linked AC: 8
FR-035,FR,MOD-005,,FR-035,True,True,N/A,N/A,N/A,,Pass,Linked AC: 6
FR-036,FR,MOD-005,,FR-036,True,True,N/A,N/A,N/A,,Pass,Linked AC: 8
FR-037,FR,MOD-005,,FR-037,True,True,N/A,N/A,N/A,,Pass,Linked AC: 8
FR-038,FR,MOD-005,,FR-038,True,True,N/A,N/A,N/A,,Pass,Linked AC: 8
FR-039,FR,MOD-005,,FR-039,True,True,N/A,N/A,N/A,,Pass,Linked AC: 6
FR-040,FR,MOD-005,,FR-040,True,True,N/A,N/A,N/A,,Pass,Linked AC: 7
FR-041,FR,MOD-006,,FR-041,True,True,N/A,N/A,N/A,,Pass,Linked AC: 3
FR-042,FR,MOD-006,,FR-042,True,True,N/A,N/A,N/A,,Pass,Linked AC: 8
FR-043,FR,MOD-006,,FR-043,True,True,N/A,N/A,N/A,,Pass,Linked AC: 8
FR-044,FR,MOD-006,,FR-044,True,True,N/A,N/A,N/A,,Pass,Linked AC: 6
FR-045,FR,MOD-006,,FR-045,True,True,N/A,N/A,N/A,,Pass,Linked AC: 8
FR-046,FR,MOD-006,,FR-046,True,True,N/A,N/A,N/A,,Pass,Linked AC: 8
FR-047,FR,MOD-006,,FR-047,True,True,N/A,N/A,N/A,,Pass,Linked AC: 6
FR-048,FR,MOD-006,,FR-048,True,True,N/A,N/A,N/A,,Pass,Linked AC: 3
FR-049,FR,MOD-006,,FR-049,True,True,N/A,N/A,N/A,,Pass,Linked AC: 7
FR-050,FR,MOD-006,,FR-050,True,True,N/A,N/A,N/A,,Pass,Linked AC: 3
FR-051,FR,MOD-006,,FR-051,True,True,N/A,N/A,N/A,,Pass,Linked AC: 8
FR-052,FR,MOD-007,,FR-052,True,True,N/A,N/A,N/A,,Pass,Linked AC: 3
FR-053,FR,MOD-007,,FR-053,True,True,N/A,N/A,N/A,,Pass,Linked AC: 7
FR-054,FR,MOD-007,,FR-054,True,True,N/A,N/A,N/A,,Pass,Linked AC: 5
FR-055,FR,MOD-007,,FR-055,True,True,N/A,N/A,N/A,,Pass,Linked AC: 3
FR-056,FR,MOD-007,,FR-056,True,True,N/A,N/A,N/A,,Pass,Linked AC: 6
FR-057,FR,MOD-007,,FR-057,True,True,N/A,N/A,N/A,,Pass,Linked AC: 7
FR-058,FR,MOD-007,,FR-058,True,True,N/A,N/A,N/A,,Pass,Linked AC: 6
FR-059,FR,MOD-007,,FR-059,True,True,N/A,N/A,N/A,,Pass,Linked AC: 5
FR-060,FR,MOD-007,,FR-060,True,True,N/A,N/A,N/A,,Pass,Linked AC: 7
FR-061,FR,MOD-007,,FR-061,True,True,N/A,N/A,N/A,,Pass,Linked AC: 6
FR-062,FR,MOD-008,,FR-062,True,True,N/A,N/A,N/A,,Pass,Linked AC: 3
FR-063,FR,MOD-008,,FR-063,True,True,N/A,N/A,N/A,,Pass,Linked AC: 7
FR-064,FR,MOD-008,,FR-064,True,True,N/A,N/A,N/A,,Pass,Linked AC: 3
FR-065,FR,MOD-008,,FR-065,True,True,N/A,N/A,N/A,,Pass,Linked AC: 5
FR-066,FR,MOD-008,,FR-066,True,True,N/A,N/A,N/A,,Pass,Linked AC: 3
FR-067,FR,MOD-008,,FR-067,True,True,N/A,N/A,N/A,,Pass,Linked AC: 6
FR-068,FR,MOD-008,,FR-068,True,True,N/A,N/A,N/A,,Pass,Linked AC: 5
FR-069,FR,MOD-008,,FR-069,True,True,N/A,N/A,N/A,,Pass,Linked AC: 7
FR-070,FR,MOD-008,,FR-070,True,True,N/A,N/A,N/A,,Pass,Linked AC: 7
FR-071,FR,MOD-009,,FR-071,True,True,N/A,N/A,N/A,,Pass,Linked AC: 4
FR-072,FR,MOD-009,,FR-072,True,True,N/A,N/A,N/A,,Pass,Linked AC: 3
FR-073,FR,MOD-009,,FR-073,True,True,N/A,N/A,N/A,,Pass,Linked AC: 7
FR-074,FR,MOD-009,,FR-074,True,True,N/A,N/A,N/A,,Pass,Linked AC: 6
FR-075,FR,MOD-009,,FR-075,True,True,N/A,N/A,N/A,,Pass,Linked AC: 3
FR-076,FR,MOD-009,,FR-076,True,True,N/A,N/A,N/A,,Pass,Linked AC: 7
FR-077,FR,MOD-009,,FR-077,True,True,N/A,N/A,N/A,,Pass,Linked AC: 8
FR-078,FR,MOD-009,,FR-078,True,True,N/A,N/A,N/A,,Pass,Linked AC: 8
FR-079,FR,MOD-009,,FR-079,True,True,N/A,N/A,N/A,,Pass,Linked AC: 8
FR-080,FR,MOD-009,,FR-080,True,True,N/A,N/A,N/A,,Pass,Linked AC: 8
FR-081,FR,MOD-009,,FR-081,True,True,N/A,N/A,N/A,,Pass,Linked AC: 6
FR-082,FR,MOD-009,,FR-082,True,True,N/A,N/A,N/A,,Pass,Linked AC: 4
FR-083,FR,MOD-010,,FR-083,True,True,N/A,N/A,N/A,,Pass,Linked AC: 3
FR-084,FR,MOD-010,,FR-084,True,True,N/A,N/A,N/A,,Pass,Linked AC: 7
FR-085,FR,MOD-010,,FR-085,True,True,N/A,N/A,N/A,,Pass,Linked AC: 6
FR-086,FR,MOD-010,,FR-086,True,True,N/A,N/A,N/A,,Pass,Linked AC: 3
FR-087,FR,MOD-010,,FR-087,True,True,N/A,N/A,N/A,,Pass,Linked AC: 7
FR-088,FR,MOD-010,,FR-088,True,True,N/A,N/A,N/A,,Pass,Linked AC: 8
FR-089,FR,MOD-010,,FR-089,True,True,N/A,N/A,N/A,,Pass,Linked AC: 3
FR-090,FR,MOD-010,,FR-090,True,True,N/A,N/A,N/A,,Pass,Linked AC: 8
FR-091,FR,MOD-010,,FR-091,True,True,N/A,N/A,N/A,,Pass,Linked AC: 7
FR-092,FR,MOD-010,,FR-092,True,True,N/A,N/A,N/A,,Pass,Linked AC: 8
FR-093,FR,MOD-010,,FR-093,True,True,N/A,N/A,N/A,,Pass,Linked AC: 8
FR-094,FR,MOD-010,,FR-094,True,True,N/A,N/A,N/A,,Pass,Linked AC: 8
FR-095,FR,MOD-010,,FR-095,True,True,N/A,N/A,N/A,,Pass,Linked AC: 8
FR-096,FR,MOD-010,,FR-096,True,True,N/A,N/A,N/A,,Pass,Linked AC: 6
FR-097,FR,MOD-011,,FR-097,True,True,N/A,N/A,N/A,,Pass,Linked AC: 3
FR-098,FR,MOD-011,,FR-098,True,True,N/A,N/A,N/A,,Pass,Linked AC: 7
FR-099,FR,MOD-011,,FR-099,True,True,N/A,N/A,N/A,,Pass,Linked AC: 6
FR-100,FR,MOD-011,,FR-100,True,True,N/A,N/A,N/A,,Pass,Linked AC: 3
FR-101,FR,MOD-011,,FR-101,True,True,N/A,N/A,N/A,,Pass,Linked AC: 7
FR-102,FR,MOD-011,,FR-102,True,True,N/A,N/A,N/A,,Pass,Linked AC: 8
FR-103,FR,MOD-011,,FR-103,True,True,N/A,N/A,N/A,,Pass,Linked AC: 3
FR-104,FR,MOD-011,,FR-104,True,True,N/A,N/A,N/A,,Pass,Linked AC: 8
FR-105,FR,MOD-011,,FR-105,True,True,N/A,N/A,N/A,,Pass,Linked AC: 7
FR-106,FR,MOD-011,,FR-106,True,True,N/A,N/A,N/A,,Pass,Linked AC: 8
FR-107,FR,MOD-011,,FR-107,True,True,N/A,N/A,N/A,,Pass,Linked AC: 8
FR-108,FR,MOD-011,,FR-108,True,True,N/A,N/A,N/A,,Pass,Linked AC: 8
FR-109,FR,MOD-011,,FR-109,True,True,N/A,N/A,N/A,,Pass,Linked AC: 8
FR-110,FR,MOD-011,,FR-110,True,True,N/A,N/A,N/A,,Pass,Linked AC: 6
FR-111,FR,MOD-011,,FR-111,True,True,N/A,N/A,N/A,,Pass,Linked AC: 3
FR-112,FR,MOD-011,,FR-112,True,True,N/A,N/A,N/A,,Pass,Linked AC: 6
FR-113,FR,MOD-012,,FR-113,True,True,N/A,N/A,N/A,,Pass,Linked AC: 3
FR-114,FR,MOD-012,,FR-114,True,True,N/A,N/A,N/A,,Pass,Linked AC: 7
FR-115,FR,MOD-012,,FR-115,True,True,N/A,N/A,N/A,,Pass,Linked AC: 6
FR-116,FR,MOD-012,,FR-116,True,True,N/A,N/A,N/A,,Pass,Linked AC: 3
FR-117,FR,MOD-012,,FR-117,True,True,N/A,N/A,N/A,,Pass,Linked AC: 7
FR-118,FR,MOD-012,,FR-118,True,True,N/A,N/A,N/A,,Pass,Linked AC: 8
FR-119,FR,MOD-012,,FR-119,True,True,N/A,N/A,N/A,,Pass,Linked AC: 8
FR-120,FR,MOD-012,,FR-120,True,True,N/A,N/A,N/A,,Pass,Linked AC: 6
FR-121,FR,MOD-012,,FR-121,True,True,N/A,N/A,N/A,,Pass,Linked AC: 8
FR-122,FR,MOD-012,,FR-122,True,True,N/A,N/A,N/A,,Pass,Linked AC: 6
FR-123,FR,MOD-012,,FR-123,True,True,N/A,N/A,N/A,,Pass,Linked AC: 3
FR-124,FR,MOD-012,,FR-124,True,True,N/A,N/A,N/A,,Pass,Linked AC: 7
FR-125,FR,MOD-012,,FR-125,True,True,N/A,N/A,N/A,,Pass,Linked AC: 6
FR-126,FR,MOD-012,,FR-126,True,True,N/A,N/A,N/A,,Pass,Linked AC: 3
FR-127,FR,MOD-012,,FR-127,True,True,N/A,N/A,N/A,,Pass,Linked AC: 7
FR-128,FR,MOD-012,,FR-128,True,True,N/A,N/A,N/A,,Pass,Linked AC: 8
FR-129,FR,MOD-012,,FR-129,True,True,N/A,N/A,N/A,,Pass,Linked AC: 8
FR-130,FR,MOD-012,,FR-130,True,True,N/A,N/A,N/A,,Pass,Linked AC: 8
FR-131,FR,MOD-012,,FR-131,True,True,N/A,N/A,N/A,,Pass,Linked AC: 6
FR-132,FR,MOD-012,,FR-132,True,True,N/A,N/A,N/A,,Pass,Linked AC: 8
FR-133,FR,MOD-012,,FR-133,True,True,N/A,N/A,N/A,,Pass,Linked AC: 8
FR-134,FR,MOD-012,,FR-134,True,True,N/A,N/A,N/A,,Pass,Linked AC: 6
FR-135,FR,MOD-013,,FR-135,True,True,N/A,N/A,N/A,,Pass,Linked AC: 6
FR-136,FR,MOD-013,,FR-136,True,True,N/A,N/A,N/A,,Pass,Linked AC: 3
FR-137,FR,MOD-013,,FR-137,True,True,N/A,N/A,N/A,,Pass,Linked AC: 3
FR-138,FR,MOD-013,,FR-138,True,True,N/A,N/A,N/A,,Pass,Linked AC: 7
FR-139,FR,MOD-013,,FR-139,True,True,N/A,N/A,N/A,,Pass,Linked AC: 6
FR-140,FR,MOD-013,,FR-140,True,True,N/A,N/A,N/A,,Pass,Linked AC: 3
FR-141,FR,MOD-013,,FR-141,True,True,N/A,N/A,N/A,,Pass,Linked AC: 7
FR-142,FR,MOD-013,,FR-142,True,True,N/A,N/A,N/A,,Pass,Linked AC: 3
FR-143,FR,MOD-013,,FR-143,True,True,N/A,N/A,N/A,,Pass,Linked AC: 7
FR-144,FR,MOD-013,,FR-144,True,True,N/A,N/A,N/A,,Pass,Linked AC: 6
FR-145,FR,MOD-013,,FR-145,True,True,N/A,N/A,N/A,,Pass,Linked AC: 3
FR-146,FR,MOD-013,,FR-146,True,True,N/A,N/A,N/A,,Pass,Linked AC: 7
FR-147,FR,MOD-013,,FR-147,True,True,N/A,N/A,N/A,,Pass,Linked AC: 8
FR-148,FR,MOD-013,,FR-148,True,True,N/A,N/A,N/A,,Pass,Linked AC: 8
FR-149,FR,MOD-013,,FR-149,True,True,N/A,N/A,N/A,,Pass,Linked AC: 3
FR-150,FR,MOD-013,,FR-150,True,True,N/A,N/A,N/A,,Pass,Linked AC: 7
FR-151,FR,MOD-013,,FR-151,True,True,N/A,N/A,N/A,,Pass,Linked AC: 5
FR-152,FR,MOD-013,,FR-152,True,True,N/A,N/A,N/A,,Pass,Linked AC: 7
FR-153,FR,MOD-013,,FR-153,True,True,N/A,N/A,N/A,,Pass,Linked AC: 3
FR-154,FR,MOD-013,,FR-154,True,True,N/A,N/A,N/A,,Pass,Linked AC: 7
FR-155,FR,MOD-013,,FR-155,True,True,N/A,N/A,N/A,,Pass,Linked AC: 5
FR-156,FR,MOD-013,,FR-156,True,True,N/A,N/A,N/A,,Pass,Linked AC: 3
FR-157,FR,MOD-013,,FR-157,True,True,N/A,N/A,N/A,,Pass,Linked AC: 6
FR-158,FR,MOD-013,,FR-158,True,True,N/A,N/A,N/A,,Pass,Linked AC: 7
FR-159,FR,MOD-014,,FR-159,True,True,N/A,N/A,N/A,,Pass,Linked AC: 4
FR-160,FR,MOD-014,,FR-160,True,True,N/A,N/A,N/A,,Pass,Linked AC: 3
FR-161,FR,MOD-015,,FR-161,True,True,N/A,N/A,N/A,,Pass,Linked AC: 3
FR-162,FR,MOD-015,,FR-162,True,True,N/A,N/A,N/A,,Pass,Linked AC: 5
FR-163,FR,MOD-015,,FR-163,True,True,N/A,N/A,N/A,,Pass,Linked AC: 3
FR-164,FR,MOD-015,,FR-164,True,True,N/A,N/A,N/A,,Pass,Linked AC: 7
FR-165,FR,MOD-015,,FR-165,True,True,N/A,N/A,N/A,,Pass,Linked AC: 5
FR-166,FR,MOD-016,,FR-166,True,True,N/A,N/A,N/A,,Pass,Linked AC: 3
FR-167,FR,MOD-016,,FR-167,True,True,N/A,N/A,N/A,,Pass,Linked AC: 6
FR-168,FR,MOD-017,,FR-168,True,True,N/A,N/A,N/A,,Pass,Linked AC: 3
FR-169,FR,MOD-017,,FR-169,True,True,N/A,N/A,N/A,,Pass,Linked AC: 7
FR-170,FR,MOD-017,,FR-170,True,True,N/A,N/A,N/A,,Pass,Linked AC: 7
FR-171,FR,MOD-018,,FR-171,True,True,N/A,N/A,N/A,,Pass,Linked AC: 3
FR-172,FR,MOD-018,,FR-172,True,True,N/A,N/A,N/A,,Pass,Linked AC: 7
FR-173,FR,MOD-018,,FR-173,True,True,N/A,N/A,N/A,,Pass,Linked AC: 3
FR-174,FR,MOD-018,,FR-174,True,True,N/A,N/A,N/A,,Pass,Linked AC: 7
FR-175,FR,MOD-018,,FR-175,True,True,N/A,N/A,N/A,,Pass,Linked AC: 3
FR-176,FR,MOD-018,,FR-176,True,True,N/A,N/A,N/A,,Pass,Linked AC: 7
FR-177,FR,MOD-019,,FR-177,True,True,N/A,N/A,N/A,,Pass,Linked AC: 3
FR-178,FR,MOD-019,,FR-178,True,True,N/A,N/A,N/A,,Pass,Linked AC: 6
FR-179,FR,MOD-019,,FR-179,True,True,N/A,N/A,N/A,,Pass,Linked AC: 7
FR-180,FR,MOD-019,,FR-180,True,True,N/A,N/A,N/A,,Pass,Linked AC: 6
FR-181,FR,MOD-019,,FR-181,True,True,N/A,N/A,N/A,,Pass,Linked AC: 6
FR-182,FR,MOD-019,,FR-182,True,True,N/A,N/A,N/A,,Pass,Linked AC: 7
FR-183,FR,MOD-019,,FR-183,True,True,N/A,N/A,N/A,,Pass,Linked AC: 3
FR-184,FR,MOD-019,,FR-184,True,True,N/A,N/A,N/A,,Pass,Linked AC: 6
FR-185,FR,MOD-019,,FR-185,True,True,N/A,N/A,N/A,,Pass,Linked AC: 3
FR-186,FR,MOD-019,,FR-186,True,True,N/A,N/A,N/A,,Pass,Linked AC: 6
FR-187,FR,MOD-019,,FR-187,True,True,N/A,N/A,N/A,,Pass,Linked AC: 6
FR-188,FR,MOD-019,,FR-188,True,True,N/A,N/A,N/A,,Pass,Linked AC: 3
FR-189,FR,MOD-019,,FR-189,True,True,N/A,N/A,N/A,,Pass,Linked AC: 3
FR-190,FR,MOD-019,,FR-190,True,True,N/A,N/A,N/A,,Pass,Linked AC: 3
FR-191,FR,MOD-019,,FR-191,True,True,N/A,N/A,N/A,,Pass,Linked AC: 7
FR-192,FR,MOD-019,,FR-192,True,True,N/A,N/A,N/A,,Pass,Linked AC: 3
FR-193,FR,MOD-019,,FR-193,True,True,N/A,N/A,N/A,,Pass,Linked AC: 5
FR-194,FR,MOD-019,,FR-194,True,True,N/A,N/A,N/A,,Pass,Linked AC: 3
FR-195,FR,MOD-019,,FR-195,True,True,N/A,N/A,N/A,,Pass,Linked AC: 6
FR-196,FR,MOD-019,,FR-196,True,True,N/A,N/A,N/A,,Pass,Linked AC: 7
FR-197,FR,MOD-019,,FR-197,True,True,N/A,N/A,N/A,,Pass,Linked AC: 7
FR-198,FR,MOD-019,,FR-198,True,True,N/A,N/A,N/A,,Pass,Linked AC: 7
FR-199,FR,MOD-019,,FR-199,True,True,N/A,N/A,N/A,,Pass,Linked AC: 5
FR-200,FR,MOD-019,,FR-200,True,True,N/A,N/A,N/A,,Pass,Linked AC: 3
FR-201,FR,MOD-019,,FR-201,True,True,N/A,N/A,N/A,,Pass,Linked AC: 3
FR-202,FR,MOD-019,,FR-202,True,True,N/A,N/A,N/A,,Pass,Linked AC: 6
FR-203,FR,MOD-019,,FR-203,True,True,N/A,N/A,N/A,,Pass,Linked AC: 3
FR-204,FR,MOD-019,,FR-204,True,True,N/A,N/A,N/A,,Pass,Linked AC: 6
FR-205,FR,MOD-019,,FR-205,True,True,N/A,N/A,N/A,,Pass,Linked AC: 3
FR-206,FR,MOD-019,,FR-206,True,True,N/A,N/A,N/A,,Pass,Linked AC: 7
FR-207,FR,MOD-019,,FR-207,True,True,N/A,N/A,N/A,,Pass,Linked AC: 7
FR-208,FR,MOD-019,,FR-208,True,True,N/A,N/A,N/A,,Pass,Linked AC: 6
FR-209,FR,MOD-019,,FR-209,True,True,N/A,N/A,N/A,,Pass,Linked AC: 3
FR-210,FR,MOD-019,,FR-210,True,True,N/A,N/A,N/A,,Pass,Linked AC: 3
FR-211,FR,MOD-019,,FR-211,True,True,N/A,N/A,N/A,,Pass,Linked AC: 3
FR-212,FR,MOD-019,,FR-212,True,True,N/A,N/A,N/A,,Pass,Linked AC: 6
FR-213,FR,MOD-019,,FR-213,True,True,N/A,N/A,N/A,,Pass,Linked AC: 3
FR-214,FR,MOD-019,,FR-214,True,True,N/A,N/A,N/A,,Pass,Linked AC: 7
FR-215,FR,MOD-019,,FR-215,True,True,N/A,N/A,N/A,,Pass,Linked AC: 5
FR-216,FR,MOD-019,,FR-216,True,True,N/A,N/A,N/A,,Pass,Linked AC: 3
FR-217,FR,MOD-019,,FR-217,True,True,N/A,N/A,N/A,,Pass,Linked AC: 6
FR-218,FR,MOD-019,,FR-218,True,True,N/A,N/A,N/A,,Pass,Linked AC: 7
FR-219,FR,MOD-019,,FR-219,True,True,N/A,N/A,N/A,,Pass,Linked AC: 7
FR-220,FR,MOD-019,,FR-220,True,True,N/A,N/A,N/A,,Pass,Linked AC: 7
FR-221,FR,MOD-019,,FR-221,True,True,N/A,N/A,N/A,,Pass,Linked AC: 3
FR-222,FR,MOD-019,,FR-222,True,True,N/A,N/A,N/A,,Pass,Linked AC: 7
FR-223,FR,MOD-019,,FR-223,True,True,N/A,N/A,N/A,,Pass,Linked AC: 3
FR-224,FR,MOD-019,,FR-224,True,True,N/A,N/A,N/A,,Pass,Linked AC: 6
FR-225,FR,MOD-019,,FR-225,True,True,N/A,N/A,N/A,,Pass,Linked AC: 7
FR-226,FR,MOD-019,,FR-226,True,True,N/A,N/A,N/A,,Pass,Linked AC: 6
FR-227,FR,MOD-019,,FR-227,True,True,N/A,N/A,N/A,,Pass,Linked AC: 6
FR-228,FR,MOD-019,,FR-228,True,True,N/A,N/A,N/A,,Pass,Linked AC: 3
FR-229,FR,MOD-019,,FR-229,True,True,N/A,N/A,N/A,,Pass,Linked AC: 5
FR-230,FR,MOD-019,,FR-230,True,True,N/A,N/A,N/A,,Pass,Linked AC: 5
FR-231,FR,MOD-020,,FR-231,True,True,N/A,N/A,N/A,,Pass,Linked AC: 3
FR-232,FR,MOD-020,,FR-232,True,True,N/A,N/A,N/A,,Pass,Linked AC: 5
FR-233,FR,MOD-020,,FR-233,True,True,N/A,N/A,N/A,,Pass,Linked AC: 7
FR-234,FR,MOD-020,,FR-234,True,True,N/A,N/A,N/A,,Pass,Linked AC: 5
FR-235,FR,MOD-021,,FR-235,True,True,N/A,N/A,N/A,,Pass,Linked AC: 3
FR-236,FR,MOD-021,,FR-236,True,True,N/A,N/A,N/A,,Pass,Linked AC: 4
FR-237,FR,MOD-021,,FR-237,True,True,N/A,N/A,N/A,,Pass,Linked AC: 3
FR-238,FR,MOD-021,,FR-238,True,True,N/A,N/A,N/A,,Pass,Linked AC: 3
FR-239,FR,MOD-021,,FR-239,True,True,N/A,N/A,N/A,,Pass,Linked AC: 3
FR-240,FR,MOD-021,,FR-240,True,True,N/A,N/A,N/A,,Pass,Linked AC: 3
FR-241,FR,MOD-021,,FR-241,True,True,N/A,N/A,N/A,,Pass,Linked AC: 3
FR-242,FR,MOD-001,,FR-242,True,True,N/A,N/A,N/A,,Pass,Linked AC: 1
FR-243,FR,MOD-002,,FR-243,True,True,N/A,N/A,N/A,,Pass,Linked AC: 1
FR-244,FR,MOD-002,,FR-244,True,True,N/A,N/A,N/A,,Pass,Linked AC: 1
FR-245,FR,MOD-002,,FR-245,True,True,N/A,N/A,N/A,,Pass,Linked AC: 1
FR-246,FR,MOD-003,,FR-246,True,True,N/A,N/A,N/A,,Pass,Linked AC: 1
FR-247,FR,MOD-004,,FR-247,True,True,N/A,N/A,N/A,,Pass,Linked AC: 1
FR-248,FR,MOD-005,,FR-248,True,True,N/A,N/A,N/A,,Pass,Linked AC: 1
FR-249,FR,MOD-005,,FR-249,True,True,N/A,N/A,N/A,,Pass,Linked AC: 2
FR-250,FR,MOD-005,,FR-250,True,True,N/A,N/A,N/A,,Pass,Linked AC: 1
FR-251,FR,MOD-006,,FR-251,True,True,N/A,N/A,N/A,,Pass,Linked AC: 1
FR-252,FR,MOD-007,,FR-252,True,True,N/A,N/A,N/A,,Pass,Linked AC: 2
FR-253,FR,MOD-008,,FR-253,True,True,N/A,N/A,N/A,,Pass,Linked AC: 1
FR-254,FR,MOD-009,,FR-254,True,True,N/A,N/A,N/A,,Pass,Linked AC: 1
FR-255,FR,MOD-010,,FR-255,True,True,N/A,N/A,N/A,,Pass,Linked AC: 2
FR-256,FR,MOD-011,,FR-256,True,True,N/A,N/A,N/A,,Pass,Linked AC: 1
FR-257,FR,MOD-011,,FR-257,True,True,N/A,N/A,N/A,,Pass,Linked AC: 1
FR-258,FR,MOD-012,,FR-258,True,True,N/A,N/A,N/A,,Pass,Linked AC: 1
FR-259,FR,MOD-013,,FR-259,True,True,N/A,N/A,N/A,,Pass,Linked AC: 2
FR-260,FR,MOD-014,,FR-260,True,True,N/A,N/A,N/A,,Pass,Linked AC: 1
FR-261,FR,MOD-015,,FR-261,True,True,N/A,N/A,N/A,,Pass,Linked AC: 1
FR-262,FR,MOD-016,,FR-262,True,True,N/A,N/A,N/A,,Pass,Linked AC: 1
FR-263,FR,MOD-017,,FR-263,True,True,N/A,N/A,N/A,,Pass,Linked AC: 1
FR-264,FR,MOD-018,,FR-264,True,True,N/A,N/A,N/A,,Pass,Linked AC: 5
FR-265,FR,MOD-019,,FR-265,True,True,N/A,N/A,N/A,,Pass,Linked AC: 1
FR-266,FR,MOD-020,,FR-266,True,True,N/A,N/A,N/A,,Pass,Linked AC: 1
FR-267,FR,MOD-020,,FR-267,True,True,N/A,N/A,N/A,,Pass,Linked AC: 1
FR-268,FR,MOD-020,,FR-268,True,True,N/A,N/A,N/A,,Pass,Linked AC: 2
FR-269,FR,MOD-021,,FR-269,True,True,N/A,N/A,N/A,,Pass,Linked AC: 1
FR-270,FR,MOD-018,,FR-270,True,True,N/A,N/A,N/A,,Pass,Linked AC: 1
FR-271,FR,MOD-018,,FR-271,True,True,N/A,N/A,N/A,,Pass,Linked AC: 5
FR-272,FR,MOD-018,,FR-272,True,True,N/A,N/A,N/A,,Pass,Linked AC: 2
FR-273,FR,MOD-018,,FR-273,True,True,N/A,N/A,N/A,,Pass,Linked AC: 3
FR-274,FR,MOD-018,,FR-274,True,True,N/A,N/A,N/A,,Pass,Linked AC: 5
FR-275,FR,MOD-014,,FR-275,True,True,N/A,N/A,N/A,,Pass,Linked AC: 4
FR-276,FR,MOD-014,,FR-276,True,True,N/A,N/A,N/A,,Pass,Linked AC: 3
FR-277,FR,MOD-014,,FR-277,True,True,N/A,N/A,N/A,,Pass,Linked AC: 6
FR-278,FR,MOD-014,,FR-278,True,True,N/A,N/A,N/A,,Pass,Linked AC: 3
FR-279,FR,MOD-015,,FR-279,True,True,N/A,N/A,N/A,,Pass,Linked AC: 2
BR-001,BR,ALL,,,True,True,N/A,N/A,N/A,,Finding,Related FR absent
BR-002,BR,ALL,,,True,True,N/A,N/A,N/A,,Finding,Related FR absent
BR-003,BR,ALL,,,True,True,N/A,N/A,N/A,,Finding,Related FR absent
BR-004,BR,ALL,,,True,True,N/A,N/A,N/A,,Finding,Related FR absent
BR-005,BR,ALL,,,True,True,N/A,N/A,N/A,,Finding,Related FR absent
BR-006,BR,ALL,,,True,True,N/A,N/A,N/A,,Finding,Related FR absent
BR-007,BR,ALL,,,True,True,N/A,N/A,N/A,,Finding,Related FR absent
BR-008,BR,ALL,,,True,True,N/A,N/A,N/A,,Finding,Related FR absent
BR-009,BR,ALL,,,True,True,N/A,N/A,N/A,,Finding,Related FR absent
BR-010,BR,ALL,,,True,True,N/A,N/A,N/A,,Finding,Related FR absent
BR-011,BR,ALL,,,True,True,N/A,N/A,N/A,,Finding,Related FR absent
BR-012,BR,ALL,,,True,True,N/A,N/A,N/A,,Finding,Related FR absent
BR-013,BR,ALL,,,True,True,N/A,N/A,N/A,,Finding,Related FR absent
BR-014,BR,ALL,,,True,True,N/A,N/A,N/A,,Finding,Related FR absent
BR-015,BR,ALL,,,True,True,N/A,N/A,N/A,,Finding,Related FR absent
BR-016,BR,MOD-001,,,True,True,N/A,N/A,N/A,,Finding,Related FR absent
BR-017,BR,MOD-001,,,True,True,N/A,N/A,N/A,,Finding,Related FR absent
BR-018,BR,MOD-001,,,True,True,N/A,N/A,N/A,,Finding,Related FR absent
BR-019,BR,MOD-001,,,True,True,N/A,N/A,N/A,,Finding,Related FR absent
BR-020,BR,MOD-002,,,True,True,N/A,N/A,N/A,,Finding,Related FR absent
BR-021,BR,MOD-002,,,True,True,N/A,N/A,N/A,,Finding,Related FR absent
BR-022,BR,MOD-002,,,True,True,N/A,N/A,N/A,,Finding,Related FR absent
BR-023,BR,MOD-002,,,True,True,N/A,N/A,N/A,,Finding,Related FR absent
BR-024,BR,MOD-003,,,True,True,N/A,N/A,N/A,,Finding,Related FR absent
BR-025,BR,MOD-003,,,True,True,N/A,N/A,N/A,,Finding,Related FR absent
BR-026,BR,MOD-003,,,True,True,N/A,N/A,N/A,,Finding,Related FR absent
BR-027,BR,MOD-003,,,True,True,N/A,N/A,N/A,,Finding,Related FR absent
BR-028,BR,MOD-004,,,True,True,N/A,N/A,N/A,,Finding,Related FR absent
BR-029,BR,MOD-004,,,True,True,N/A,N/A,N/A,,Finding,Related FR absent
BR-030,BR,MOD-004,,,True,True,N/A,N/A,N/A,,Finding,Related FR absent
BR-031,BR,MOD-005,,,True,True,N/A,N/A,N/A,,Finding,Related FR absent
BR-032,BR,MOD-005,,,True,True,N/A,N/A,N/A,,Finding,Related FR absent
BR-033,BR,MOD-005,,,True,True,N/A,N/A,N/A,,Finding,Related FR absent
BR-034,BR,MOD-005,,,True,True,N/A,N/A,N/A,,Finding,Related FR absent
BR-035,BR,MOD-005,,,True,True,N/A,N/A,N/A,,Finding,Related FR absent
BR-036,BR,MOD-006,,,True,True,N/A,N/A,N/A,,Finding,Related FR absent
BR-037,BR,MOD-006,,,True,True,N/A,N/A,N/A,,Finding,Related FR absent
BR-038,BR,MOD-006,,,True,True,N/A,N/A,N/A,,Finding,Related FR absent
BR-039,BR,MOD-006,,,True,True,N/A,N/A,N/A,,Finding,Related FR absent
BR-040,BR,MOD-007,,,True,True,N/A,N/A,N/A,,Finding,Related FR absent
BR-041,BR,MOD-007,,,True,True,N/A,N/A,N/A,,Finding,Related FR absent
BR-042,BR,MOD-007,,,True,True,N/A,N/A,N/A,,Finding,Related FR absent
BR-043,BR,MOD-007,,,True,True,N/A,N/A,N/A,,Finding,Related FR absent
BR-044,BR,MOD-008,,,True,True,N/A,N/A,N/A,,Finding,Related FR absent
BR-045,BR,MOD-008,,,True,True,N/A,N/A,N/A,,Finding,Related FR absent
BR-046,BR,MOD-008,,,True,True,N/A,N/A,N/A,,Finding,Related FR absent
BR-047,BR,MOD-009,,,True,True,N/A,N/A,N/A,,Finding,Related FR absent
BR-048,BR,MOD-009,,,True,True,N/A,N/A,N/A,,Finding,Related FR absent
BR-049,BR,MOD-009,,,True,True,N/A,N/A,N/A,,Finding,Related FR absent
BR-050,BR,MOD-009,,,True,True,N/A,N/A,N/A,,Finding,Related FR absent
BR-051,BR,MOD-010,,,True,True,N/A,N/A,N/A,,Finding,Related FR absent
BR-052,BR,MOD-010,,,True,True,N/A,N/A,N/A,,Finding,Related FR absent
BR-053,BR,MOD-010,,,True,True,N/A,N/A,N/A,,Finding,Related FR absent
BR-054,BR,MOD-010,,,True,True,N/A,N/A,N/A,,Finding,Related FR absent
BR-055,BR,MOD-011,,,True,True,N/A,N/A,N/A,,Finding,Related FR absent
BR-056,BR,MOD-011,,,True,True,N/A,N/A,N/A,,Finding,Related FR absent
BR-057,BR,MOD-011,,,True,True,N/A,N/A,N/A,,Finding,Related FR absent
BR-058,BR,MOD-011,,,True,True,N/A,N/A,N/A,,Finding,Related FR absent
BR-059,BR,MOD-011,,,True,True,N/A,N/A,N/A,,Finding,Related FR absent
BR-060,BR,MOD-012,,,True,True,N/A,N/A,N/A,,Finding,Related FR absent
BR-061,BR,MOD-012,,,True,True,N/A,N/A,N/A,,Finding,Related FR absent
BR-062,BR,MOD-012,,,True,True,N/A,N/A,N/A,,Finding,Related FR absent
BR-063,BR,MOD-013,,,True,True,N/A,N/A,N/A,,Finding,Related FR absent
BR-064,BR,MOD-013,,,True,True,N/A,N/A,N/A,,Finding,Related FR absent
BR-065,BR,MOD-013,,,True,True,N/A,N/A,N/A,,Finding,Related FR absent
BR-066,BR,MOD-013,,,True,True,N/A,N/A,N/A,,Finding,Related FR absent
BR-067,BR,MOD-014,,,True,True,N/A,N/A,N/A,,Finding,Related FR absent
BR-068,BR,MOD-014,,,True,True,N/A,N/A,N/A,,Finding,Related FR absent
BR-069,BR,MOD-014,,,True,True,N/A,N/A,N/A,,Finding,Related FR absent
BR-070,BR,MOD-014,FR-159;FR-275;FR-277,FR-159;FR-275;FR-277,True,True,N/A,N/A,N/A,,Pass,
BR-071,BR,MOD-015,,,True,True,N/A,N/A,N/A,,Finding,Related FR absent
BR-072,BR,MOD-015,,,True,True,N/A,N/A,N/A,,Finding,Related FR absent
BR-073,BR,MOD-015,,,True,True,N/A,N/A,N/A,,Finding,Related FR absent
BR-074,BR,MOD-015,,,True,True,N/A,N/A,N/A,,Finding,Related FR absent
BR-075,BR,MOD-016,,,True,True,N/A,N/A,N/A,,Finding,Related FR absent
BR-076,BR,MOD-016,,,True,True,N/A,N/A,N/A,,Finding,Related FR absent
BR-077,BR,MOD-016,,,True,True,N/A,N/A,N/A,,Finding,Related FR absent
BR-078,BR,MOD-017,,,True,True,N/A,N/A,N/A,,Finding,Related FR absent
BR-079,BR,MOD-017,,,True,True,N/A,N/A,N/A,,Finding,Related FR absent
BR-080,BR,MOD-017,,,True,True,N/A,N/A,N/A,,Finding,Related FR absent
BR-081,BR,MOD-017,,,True,True,N/A,N/A,N/A,,Finding,Related FR absent
BR-082,BR,MOD-018,,,True,True,N/A,N/A,N/A,,Finding,Related FR absent
BR-083,BR,MOD-018,,,True,True,N/A,N/A,N/A,,Finding,Related FR absent
BR-084,BR,MOD-018,,,True,True,N/A,N/A,N/A,,Finding,Related FR absent
BR-085,BR,MOD-019,,,True,True,N/A,N/A,N/A,,Finding,Related FR absent
BR-086,BR,MOD-019,,,True,True,N/A,N/A,N/A,,Finding,Related FR absent
BR-087,BR,MOD-019,,,True,True,N/A,N/A,N/A,,Finding,Related FR absent
BR-088,BR,MOD-019,,,True,True,N/A,N/A,N/A,,Finding,Related FR absent
BR-089,BR,MOD-020,,,True,True,N/A,N/A,N/A,,Finding,Related FR absent
BR-090,BR,MOD-020,,,True,True,N/A,N/A,N/A,,Finding,Related FR absent
BR-091,BR,MOD-020,,,True,True,N/A,N/A,N/A,,Finding,Related FR absent
BR-092,BR,MOD-020,,,True,True,N/A,N/A,N/A,,Finding,Related FR absent
BR-093,BR,MOD-020,,,True,True,N/A,N/A,N/A,,Finding,Related FR absent
BR-094,BR,MOD-021,,,True,True,N/A,N/A,N/A,,Finding,Related FR absent
BR-095,BR,MOD-021,,,True,True,N/A,N/A,N/A,,Finding,Related FR absent
BR-096,BR,MOD-021,,,True,True,N/A,N/A,N/A,,Finding,Related FR absent
BR-097,BR,MOD-021,,,True,True,N/A,N/A,N/A,,Finding,Related FR absent
BR-098,BR,MOD-018,FR-270;FR-271;FR-272,FR-270;FR-271;FR-272,True,True,N/A,N/A,N/A,,Pass,
BR-099,BR,MOD-018,FR-270;FR-271;FR-272,FR-270;FR-271;FR-272,True,True,N/A,N/A,N/A,,Pass,
BR-100,BR,MOD-018,FR-271;FR-274,FR-271;FR-274,True,True,N/A,N/A,N/A,,Pass,
BR-101,BR,MOD-018,FR-271;FR-274,FR-271;FR-274,True,True,N/A,N/A,N/A,,Pass,
BR-102,BR,MOD-018,FR-272,FR-272,True,True,N/A,N/A,N/A,,Pass,
BR-103,BR,MOD-015,FR-279,FR-279,True,True,N/A,N/A,N/A,,Pass,
BR-104,BR,MOD-018,FR-273,FR-273,True,True,N/A,N/A,N/A,,Pass,
BR-105,BR,MOD-014,FR-275;FR-277,FR-275;FR-277,True,True,N/A,N/A,N/A,,Pass,
BR-106,BR,MOD-014,FR-275;FR-277,FR-275;FR-277,True,True,N/A,N/A,N/A,,Pass,
BR-107,BR,MOD-014,FR-277,FR-277,True,True,N/A,N/A,N/A,,Pass,
BR-108,BR,MOD-014,FR-277,FR-277,True,True,N/A,N/A,N/A,,Pass,
BR-109,BR,MOD-014,FR-278,FR-278,True,True,N/A,N/A,N/A,,Pass,
BR-110,BR,MOD-014,FR-276,FR-276,True,True,N/A,N/A,N/A,,Pass,
BR-111,BR,MOD-014,FR-275,FR-275,True,True,N/A,N/A,N/A,,Pass,
BR-112,BR,MOD-014,FR-275;FR-278,FR-275;FR-278,True,True,N/A,N/A,N/A,,Pass,
BR-113,BR,ALL,FR-271;FR-272;FR-275;FR-278,FR-271;FR-272;FR-275;FR-278,True,True,N/A,N/A,N/A,,Pass,
AC-001,AC,ALL,BR-001,,True,True,False,False,False,,Finding,Direct FR link absent
AC-002,AC,ALL,BR-002,,True,True,False,False,False,,Finding,Direct FR link absent
AC-003,AC,ALL,BR-003,,True,True,False,False,False,,Finding,Direct FR link absent
AC-004,AC,ALL,BR-004,,True,True,False,False,False,,Finding,Direct FR link absent
AC-005,AC,ALL,BR-005,,True,True,False,False,False,,Finding,Direct FR link absent
AC-006,AC,ALL,BR-006,,True,True,False,False,False,,Finding,Direct FR link absent
AC-007,AC,ALL,BR-007,,True,True,False,False,False,,Finding,Direct FR link absent
AC-008,AC,ALL,BR-008,,True,True,False,False,False,,Finding,Direct FR link absent
AC-009,AC,ALL,BR-009,,True,True,False,False,False,,Finding,Direct FR link absent
AC-010,AC,ALL,BR-010,,True,True,False,False,False,,Finding,Direct FR link absent
AC-011,AC,ALL,BR-011,,True,True,False,False,False,,Finding,Direct FR link absent
AC-012,AC,ALL,BR-012,,True,True,False,False,False,,Finding,Direct FR link absent
AC-013,AC,ALL,BR-013,,True,True,False,False,False,,Finding,Direct FR link absent
AC-014,AC,ALL,BR-014,,True,True,False,False,False,,Finding,Direct FR link absent
AC-015,AC,ALL,BR-015,,True,True,False,False,False,,Finding,Direct FR link absent
AC-016,AC,MOD-001,BR-016,,True,True,False,False,False,,Finding,Direct FR link absent
AC-017,AC,MOD-001,BR-017,,True,True,False,False,False,,Finding,Direct FR link absent
AC-018,AC,MOD-001,BR-018,,True,True,False,False,False,,Finding,Direct FR link absent
AC-019,AC,MOD-001,BR-019,,True,True,False,False,False,,Finding,Direct FR link absent
AC-020,AC,MOD-002,BR-020,,True,True,False,False,False,,Finding,Direct FR link absent
AC-021,AC,MOD-002,BR-021,,True,True,False,False,False,,Finding,Direct FR link absent
AC-022,AC,MOD-002,BR-022,,True,True,False,False,False,,Finding,Direct FR link absent
AC-023,AC,MOD-002,BR-023,,True,True,False,False,False,,Finding,Direct FR link absent
AC-024,AC,MOD-003,BR-024,,True,True,False,False,False,,Finding,Direct FR link absent
AC-025,AC,MOD-003,BR-025,,True,True,False,False,False,,Finding,Direct FR link absent
AC-026,AC,MOD-003,BR-026,,True,True,False,False,False,,Finding,Direct FR link absent
AC-027,AC,MOD-003,BR-027,,True,True,False,False,False,,Finding,Direct FR link absent
AC-028,AC,MOD-004,BR-028,,True,True,False,False,False,,Finding,Direct FR link absent
AC-029,AC,MOD-004,BR-029,,True,True,False,False,False,,Finding,Direct FR link absent
AC-030,AC,MOD-004,BR-030,,True,True,False,False,False,,Finding,Direct FR link absent
AC-031,AC,MOD-005,BR-031,,True,True,False,False,False,,Finding,Direct FR link absent
AC-032,AC,MOD-005,BR-032,,True,True,False,False,False,,Finding,Direct FR link absent
AC-033,AC,MOD-005,BR-033,,True,True,False,False,False,,Finding,Direct FR link absent
AC-034,AC,MOD-005,BR-034,,True,True,False,False,False,,Finding,Direct FR link absent
AC-035,AC,MOD-005,BR-035,,True,True,False,False,False,,Finding,Direct FR link absent
AC-036,AC,MOD-006,BR-036,,True,True,False,False,False,,Finding,Direct FR link absent
AC-037,AC,MOD-006,BR-037,,True,True,False,False,False,,Finding,Direct FR link absent
AC-038,AC,MOD-006,BR-038,,True,True,False,False,False,,Finding,Direct FR link absent
AC-039,AC,MOD-006,BR-039,,True,True,False,False,False,,Finding,Direct FR link absent
AC-040,AC,MOD-007,BR-040,,True,True,False,False,False,,Finding,Direct FR link absent
AC-041,AC,MOD-007,BR-041,,True,True,False,False,False,,Finding,Direct FR link absent
AC-042,AC,MOD-007,BR-042,,True,True,False,False,False,,Finding,Direct FR link absent
AC-043,AC,MOD-007,BR-043,,True,True,False,False,False,,Finding,Direct FR link absent
AC-044,AC,MOD-008,BR-044,,True,True,False,False,False,,Finding,Direct FR link absent
AC-045,AC,MOD-008,BR-045,,True,True,False,False,False,,Finding,Direct FR link absent
AC-046,AC,MOD-008,BR-046,,True,True,False,False,False,,Finding,Direct FR link absent
AC-047,AC,MOD-009,BR-047,,True,True,False,False,False,,Finding,Direct FR link absent
AC-048,AC,MOD-009,BR-048,,True,True,False,False,False,,Finding,Direct FR link absent
AC-049,AC,MOD-009,BR-049,,True,True,False,False,False,,Finding,Direct FR link absent
AC-050,AC,MOD-009,BR-050,,True,True,False,False,False,,Finding,Direct FR link absent
AC-051,AC,MOD-010,BR-051,,True,True,False,False,False,,Finding,Direct FR link absent
AC-052,AC,MOD-010,BR-052,,True,True,False,False,False,,Finding,Direct FR link absent
AC-053,AC,MOD-010,BR-053,,True,True,False,False,False,,Finding,Direct FR link absent
AC-054,AC,MOD-010,BR-054,,True,True,False,False,False,,Finding,Direct FR link absent
AC-055,AC,MOD-011,BR-055,,True,True,False,False,False,,Finding,Direct FR link absent
AC-056,AC,MOD-011,BR-056,,True,True,False,False,False,,Finding,Direct FR link absent
AC-057,AC,MOD-011,BR-057,,True,True,False,False,False,,Finding,Direct FR link absent
AC-058,AC,MOD-011,BR-058,,True,True,False,False,False,,Finding,Direct FR link absent
AC-059,AC,MOD-011,BR-059,,True,True,False,False,False,,Finding,Direct FR link absent
AC-060,AC,MOD-012,BR-060,,True,True,False,False,False,,Finding,Direct FR link absent
AC-061,AC,MOD-012,BR-061,,True,True,False,False,False,,Finding,Direct FR link absent
AC-062,AC,MOD-012,BR-062,,True,True,False,False,False,,Finding,Direct FR link absent
AC-063,AC,MOD-013,BR-063,,True,True,False,False,False,,Finding,Direct FR link absent
AC-064,AC,MOD-013,BR-064,,True,True,False,False,False,,Finding,Direct FR link absent
AC-065,AC,MOD-013,BR-065,,True,True,False,False,False,,Finding,Direct FR link absent
AC-066,AC,MOD-013,BR-066,,True,True,False,False,False,,Finding,Direct FR link absent
AC-067,AC,MOD-014,BR-067,,True,True,False,False,False,,Finding,Direct FR link absent
AC-068,AC,MOD-014,BR-068,,True,True,False,False,False,,Finding,Direct FR link absent
AC-069,AC,MOD-014,BR-069,,True,True,False,False,False,,Finding,Direct FR link absent
AC-070,AC,MOD-014,BR-070,,True,True,True,True,True,,Finding,Direct FR link absent
AC-071,AC,MOD-015,BR-071,,True,True,False,False,False,,Finding,Direct FR link absent
AC-072,AC,MOD-015,BR-072,,True,True,False,False,False,,Finding,Direct FR link absent
AC-073,AC,MOD-015,BR-073,,True,True,False,False,False,,Finding,Direct FR link absent
AC-074,AC,MOD-015,BR-074,,True,True,False,False,False,,Finding,Direct FR link absent
AC-075,AC,MOD-016,BR-075,,True,True,False,False,False,,Finding,Direct FR link absent
AC-076,AC,MOD-016,BR-076,,True,True,False,False,False,,Finding,Direct FR link absent
AC-077,AC,MOD-016,BR-077,,True,True,False,False,False,,Finding,Direct FR link absent
AC-078,AC,MOD-017,BR-078,,True,True,False,False,False,,Finding,Direct FR link absent
AC-079,AC,MOD-017,BR-079,,True,True,False,False,False,,Finding,Direct FR link absent
AC-080,AC,MOD-017,BR-080,,True,True,False,False,False,,Finding,Direct FR link absent
AC-081,AC,MOD-017,BR-081,,True,True,False,False,False,,Finding,Direct FR link absent
AC-082,AC,MOD-018,BR-082,,True,True,False,False,False,,Finding,Direct FR link absent
AC-083,AC,MOD-018,BR-083,,True,True,False,False,False,,Finding,Direct FR link absent
AC-084,AC,MOD-018,BR-084,,True,True,False,False,False,,Finding,Direct FR link absent
AC-085,AC,MOD-019,BR-085,,True,True,False,False,False,,Finding,Direct FR link absent
AC-086,AC,MOD-019,BR-086,,True,True,False,False,False,,Finding,Direct FR link absent
AC-087,AC,MOD-019,BR-087,,True,True,False,False,False,,Finding,Direct FR link absent
AC-088,AC,MOD-019,BR-088,,True,True,False,False,False,,Finding,Direct FR link absent
AC-089,AC,MOD-020,BR-089,,True,True,False,False,False,,Finding,Direct FR link absent
AC-090,AC,MOD-020,BR-090,,True,True,False,False,False,,Finding,Direct FR link absent
AC-091,AC,MOD-020,BR-091,,True,True,False,False,False,,Finding,Direct FR link absent
AC-092,AC,MOD-020,BR-092,,True,True,False,False,False,,Finding,Direct FR link absent
AC-093,AC,MOD-020,BR-093,,True,True,False,False,False,,Finding,Direct FR link absent
AC-094,AC,MOD-021,BR-094,,True,True,False,False,False,,Finding,Direct FR link absent
AC-095,AC,MOD-021,BR-095,,True,True,False,False,False,,Finding,Direct FR link absent
AC-096,AC,MOD-021,BR-096,,True,True,False,False,False,,Finding,Direct FR link absent
AC-097,AC,MOD-021,BR-097,,True,True,False,False,False,,Finding,Direct FR link absent
AC-098,AC,MOD-001,FR-001,FR-001,True,True,True,True,True,,Pass,
AC-099,AC,MOD-001,FR-001,FR-001,True,True,True,True,True,,Pass,
AC-100,AC,MOD-001,FR-001,FR-001,True,True,True,True,True,,Pass,
AC-101,AC,MOD-001,FR-001,FR-001,True,True,True,True,True,,Pass,
AC-102,AC,MOD-001,FR-001,FR-001,True,True,True,True,True,,Pass,
AC-103,AC,MOD-001,FR-001,FR-001,True,True,True,True,True,,Pass,
AC-104,AC,MOD-001,FR-002,FR-002,True,True,True,True,True,,Pass,
AC-105,AC,MOD-001,FR-002,FR-002,True,True,True,True,True,,Pass,
AC-106,AC,MOD-001,FR-002,FR-002,True,True,True,True,True,,Pass,
AC-107,AC,MOD-001,FR-002,FR-002,True,True,True,True,True,,Pass,
AC-108,AC,MOD-001,FR-002,FR-002,True,True,True,True,True,,Pass,
AC-109,AC,MOD-001,FR-002,FR-002,True,True,True,True,True,,Pass,
AC-110,AC,MOD-001,FR-003,FR-003,True,True,True,True,True,,Pass,
AC-111,AC,MOD-001,FR-003,FR-003,True,True,True,True,True,,Pass,
AC-112,AC,MOD-001,FR-003,FR-003,True,True,True,True,True,,Pass,
AC-113,AC,MOD-001,FR-004,FR-004,True,True,False,False,False,,Finding,
AC-114,AC,MOD-001,FR-004,FR-004,True,True,True,True,True,,Pass,
AC-115,AC,MOD-001,FR-004,FR-004,True,True,True,True,True,,Pass,
AC-116,AC,MOD-001,FR-005,FR-005,True,True,True,True,True,,Pass,
AC-117,AC,MOD-001,FR-005,FR-005,True,True,True,True,True,,Pass,
AC-118,AC,MOD-001,FR-005,FR-005,True,True,True,True,True,,Pass,
AC-119,AC,MOD-001,FR-006,FR-006,True,True,True,True,True,,Pass,
AC-120,AC,MOD-001,FR-006,FR-006,True,True,True,True,True,,Pass,
AC-121,AC,MOD-001,FR-006,FR-006,True,True,True,True,True,,Pass,
AC-122,AC,MOD-001,FR-006,FR-006,True,True,True,True,True,,Pass,
AC-123,AC,MOD-001,FR-006,FR-006,True,True,True,True,True,,Pass,
AC-124,AC,MOD-001,FR-007,FR-007,True,True,True,True,True,,Pass,
AC-125,AC,MOD-001,FR-007,FR-007,True,True,True,True,True,,Pass,
AC-126,AC,MOD-001,FR-007,FR-007,True,True,True,True,True,,Pass,
AC-127,AC,MOD-001,FR-007,FR-007,True,True,True,True,True,,Pass,
AC-128,AC,MOD-001,FR-008,FR-008,True,True,False,False,False,,Finding,
AC-129,AC,MOD-001,FR-008,FR-008,True,True,True,True,True,,Pass,
AC-130,AC,MOD-001,FR-009,FR-009,True,True,False,False,False,,Finding,
AC-131,AC,MOD-001,FR-009,FR-009,True,True,True,True,True,,Pass,
AC-132,AC,MOD-001,FR-009,FR-009,True,True,True,True,True,,Pass,
AC-133,AC,MOD-001,FR-010,FR-010,True,True,True,True,True,,Pass,
AC-134,AC,MOD-001,FR-010,FR-010,True,True,True,True,True,,Pass,
AC-135,AC,MOD-001,FR-010,FR-010,True,True,True,True,True,,Pass,
AC-136,AC,MOD-001,FR-010,FR-010,True,True,True,True,True,,Pass,
AC-137,AC,MOD-002,FR-011,FR-011,True,True,False,False,False,,Finding,
AC-138,AC,MOD-002,FR-011,FR-011,True,True,True,True,True,,Pass,
AC-139,AC,MOD-002,FR-012,FR-012,True,True,False,False,False,,Finding,
AC-140,AC,MOD-002,FR-012,FR-012,True,True,True,True,True,,Pass,
AC-141,AC,MOD-002,FR-013,FR-013,True,True,False,False,False,,Finding,
AC-142,AC,MOD-002,FR-014,FR-014,True,True,False,False,False,,Finding,
AC-143,AC,MOD-002,FR-015,FR-015,True,True,False,False,False,,Finding,
AC-144,AC,MOD-002,FR-015,FR-015,True,True,True,True,True,,Pass,
AC-145,AC,MOD-002,FR-016,FR-016,True,True,False,False,False,,Finding,
AC-146,AC,MOD-002,FR-016,FR-016,True,True,True,True,True,,Pass,
AC-147,AC,MOD-003,FR-017,FR-017,True,True,False,False,False,,Finding,
AC-148,AC,MOD-003,FR-017,FR-017,True,True,True,True,True,,Pass,
AC-149,AC,MOD-003,FR-017,FR-017,True,True,True,True,True,,Pass,
AC-150,AC,MOD-003,FR-017,FR-017,True,True,True,True,True,,Pass,
AC-151,AC,MOD-004,FR-018,FR-018,True,True,False,False,False,,Finding,
AC-152,AC,MOD-004,FR-018,FR-018,True,True,True,True,True,,Pass,
AC-153,AC,MOD-004,FR-018,FR-018,True,True,True,True,True,,Pass,
AC-154,AC,MOD-004,FR-019,FR-019,True,True,True,True,True,,Pass,
AC-155,AC,MOD-004,FR-019,FR-019,True,True,True,True,True,,Pass,
AC-156,AC,MOD-004,FR-019,FR-019,True,True,True,True,True,,Pass,
AC-157,AC,MOD-004,FR-019,FR-019,True,True,True,True,True,,Pass,
AC-158,AC,MOD-004,FR-019,FR-019,True,True,True,True,True,,Pass,
AC-159,AC,MOD-004,FR-019,FR-019,True,True,True,True,True,,Pass,
AC-160,AC,MOD-004,FR-019,FR-019,True,True,True,True,True,,Pass,
AC-161,AC,MOD-004,FR-020,FR-020,True,True,True,True,True,,Pass,
AC-162,AC,MOD-004,FR-020,FR-020,True,True,True,True,True,,Pass,
AC-163,AC,MOD-004,FR-020,FR-020,True,True,True,True,True,,Pass,
AC-164,AC,MOD-004,FR-020,FR-020,True,True,True,True,True,,Pass,
AC-165,AC,MOD-004,FR-020,FR-020,True,True,True,True,True,,Pass,
AC-166,AC,MOD-004,FR-020,FR-020,True,True,True,True,True,,Pass,
AC-167,AC,MOD-004,FR-021,FR-021,True,True,False,False,False,,Finding,
AC-168,AC,MOD-004,FR-021,FR-021,True,True,True,True,True,,Pass,
AC-169,AC,MOD-004,FR-021,FR-021,True,True,True,True,True,,Pass,
AC-170,AC,MOD-004,FR-022,FR-022,True,True,True,True,True,,Pass,
AC-171,AC,MOD-004,FR-022,FR-022,True,True,True,True,True,,Pass,
AC-172,AC,MOD-004,FR-022,FR-022,True,True,True,True,True,,Pass,
AC-173,AC,MOD-004,FR-022,FR-022,True,True,True,True,True,,Pass,
AC-174,AC,MOD-004,FR-022,FR-022,True,True,True,True,True,,Pass,
AC-175,AC,MOD-004,FR-022,FR-022,True,True,True,True,True,,Pass,
AC-176,AC,MOD-004,FR-022,FR-022,True,True,True,True,True,,Pass,
AC-177,AC,MOD-004,FR-023,FR-023,True,True,True,True,True,,Pass,
AC-178,AC,MOD-004,FR-023,FR-023,True,True,True,True,True,,Pass,
AC-179,AC,MOD-004,FR-023,FR-023,True,True,True,True,True,,Pass,
AC-180,AC,MOD-004,FR-023,FR-023,True,True,True,True,True,,Pass,
AC-181,AC,MOD-004,FR-023,FR-023,True,True,True,True,True,,Pass,
AC-182,AC,MOD-004,FR-023,FR-023,True,True,True,True,True,,Pass,
AC-183,AC,MOD-004,FR-023,FR-023,True,True,True,True,True,,Pass,
AC-184,AC,MOD-004,FR-023,FR-023,True,True,True,True,True,,Pass,
AC-185,AC,MOD-004,FR-024,FR-024,True,True,True,True,True,,Pass,
AC-186,AC,MOD-004,FR-024,FR-024,True,True,True,True,True,,Pass,
AC-187,AC,MOD-004,FR-024,FR-024,True,True,True,True,True,,Pass,
AC-188,AC,MOD-004,FR-024,FR-024,True,True,True,True,True,,Pass,
AC-189,AC,MOD-004,FR-024,FR-024,True,True,True,True,True,,Pass,
AC-190,AC,MOD-004,FR-024,FR-024,True,True,True,True,True,,Pass,
AC-191,AC,MOD-004,FR-024,FR-024,True,True,True,True,True,,Pass,
AC-192,AC,MOD-004,FR-024,FR-024,True,True,True,True,True,,Pass,
AC-193,AC,MOD-004,FR-025,FR-025,True,True,True,True,True,,Pass,
AC-194,AC,MOD-004,FR-025,FR-025,True,True,True,True,True,,Pass,
AC-195,AC,MOD-004,FR-025,FR-025,True,True,True,True,True,,Pass,
AC-196,AC,MOD-004,FR-025,FR-025,True,True,True,True,True,,Pass,
AC-197,AC,MOD-004,FR-025,FR-025,True,True,True,True,True,,Pass,
AC-198,AC,MOD-004,FR-025,FR-025,True,True,True,True,True,,Pass,
AC-199,AC,MOD-004,FR-025,FR-025,True,True,True,True,True,,Pass,
AC-200,AC,MOD-004,FR-025,FR-025,True,True,True,True,True,,Pass,
AC-201,AC,MOD-005,FR-026,FR-026,True,True,False,False,False,,Finding,
AC-202,AC,MOD-005,FR-026,FR-026,True,True,True,True,True,,Pass,
AC-203,AC,MOD-005,FR-026,FR-026,True,True,True,True,True,,Pass,
AC-204,AC,MOD-005,FR-027,FR-027,True,True,True,True,True,,Pass,
AC-205,AC,MOD-005,FR-027,FR-027,True,True,True,True,True,,Pass,
AC-206,AC,MOD-005,FR-027,FR-027,True,True,True,True,True,,Pass,
AC-207,AC,MOD-005,FR-027,FR-027,True,True,True,True,True,,Pass,
AC-208,AC,MOD-005,FR-027,FR-027,True,True,True,True,True,,Pass,
AC-209,AC,MOD-005,FR-027,FR-027,True,True,True,True,True,,Pass,
AC-210,AC,MOD-005,FR-027,FR-027,True,True,True,True,True,,Pass,
AC-211,AC,MOD-005,FR-028,FR-028,True,True,True,True,True,,Pass,
AC-212,AC,MOD-005,FR-028,FR-028,True,True,True,True,True,,Pass,
AC-213,AC,MOD-005,FR-028,FR-028,True,True,True,True,True,,Pass,
AC-214,AC,MOD-005,FR-028,FR-028,True,True,True,True,True,,Pass,
AC-215,AC,MOD-005,FR-028,FR-028,True,True,True,True,True,,Pass,
AC-216,AC,MOD-005,FR-028,FR-028,True,True,True,True,True,,Pass,
AC-217,AC,MOD-005,FR-028,FR-028,True,True,True,True,True,,Pass,
AC-218,AC,MOD-005,FR-028,FR-028,True,True,True,True,True,,Pass,
AC-219,AC,MOD-005,FR-029,FR-029,True,True,True,True,True,,Pass,
AC-220,AC,MOD-005,FR-029,FR-029,True,True,True,True,True,,Pass,
AC-221,AC,MOD-005,FR-029,FR-029,True,True,True,True,True,,Pass,
AC-222,AC,MOD-005,FR-029,FR-029,True,True,True,True,True,,Pass,
AC-223,AC,MOD-005,FR-029,FR-029,True,True,True,True,True,,Pass,
AC-224,AC,MOD-005,FR-029,FR-029,True,True,True,True,True,,Pass,
AC-225,AC,MOD-005,FR-030,FR-030,True,True,False,False,False,,Finding,
AC-226,AC,MOD-005,FR-030,FR-030,True,True,True,True,True,,Pass,
AC-227,AC,MOD-005,FR-030,FR-030,True,True,True,True,True,,Pass,
AC-228,AC,MOD-005,FR-031,FR-031,True,True,True,True,True,,Pass,
AC-229,AC,MOD-005,FR-031,FR-031,True,True,True,True,True,,Pass,
AC-230,AC,MOD-005,FR-031,FR-031,True,True,True,True,True,,Pass,
AC-231,AC,MOD-005,FR-031,FR-031,True,True,True,True,True,,Pass,
AC-232,AC,MOD-005,FR-031,FR-031,True,True,True,True,True,,Pass,
AC-233,AC,MOD-005,FR-031,FR-031,True,True,True,True,True,,Pass,
AC-234,AC,MOD-005,FR-031,FR-031,True,True,True,True,True,,Pass,
AC-235,AC,MOD-005,FR-032,FR-032,True,True,True,True,True,,Pass,
AC-236,AC,MOD-005,FR-032,FR-032,True,True,True,True,True,,Pass,
AC-237,AC,MOD-005,FR-032,FR-032,True,True,True,True,True,,Pass,
AC-238,AC,MOD-005,FR-032,FR-032,True,True,True,True,True,,Pass,
AC-239,AC,MOD-005,FR-032,FR-032,True,True,True,True,True,,Pass,
AC-240,AC,MOD-005,FR-032,FR-032,True,True,True,True,True,,Pass,
AC-241,AC,MOD-005,FR-032,FR-032,True,True,True,True,True,,Pass,
AC-242,AC,MOD-005,FR-032,FR-032,True,True,True,True,True,,Pass,
AC-243,AC,MOD-005,FR-033,FR-033,True,True,True,True,True,,Pass,
AC-244,AC,MOD-005,FR-033,FR-033,True,True,True,True,True,,Pass,
AC-245,AC,MOD-005,FR-033,FR-033,True,True,True,True,True,,Pass,
AC-246,AC,MOD-005,FR-033,FR-033,True,True,True,True,True,,Pass,
AC-247,AC,MOD-005,FR-033,FR-033,True,True,True,True,True,,Pass,
AC-248,AC,MOD-005,FR-033,FR-033,True,True,True,True,True,,Pass,
AC-249,AC,MOD-005,FR-033,FR-033,True,True,True,True,True,,Pass,
AC-250,AC,MOD-005,FR-033,FR-033,True,True,True,True,True,,Pass,
AC-251,AC,MOD-005,FR-034,FR-034,True,True,True,True,True,,Pass,
AC-252,AC,MOD-005,FR-034,FR-034,True,True,True,True,True,,Pass,
AC-253,AC,MOD-005,FR-034,FR-034,True,True,True,True,True,,Pass,
AC-254,AC,MOD-005,FR-034,FR-034,True,True,True,True,True,,Pass,
AC-255,AC,MOD-005,FR-034,FR-034,True,True,True,True,True,,Pass,
AC-256,AC,MOD-005,FR-034,FR-034,True,True,True,True,True,,Pass,
AC-257,AC,MOD-005,FR-034,FR-034,True,True,True,True,True,,Pass,
AC-258,AC,MOD-005,FR-034,FR-034,True,True,True,True,True,,Pass,
AC-259,AC,MOD-005,FR-035,FR-035,True,True,True,True,True,,Pass,
AC-260,AC,MOD-005,FR-035,FR-035,True,True,True,True,True,,Pass,
AC-261,AC,MOD-005,FR-035,FR-035,True,True,True,True,True,,Pass,
AC-262,AC,MOD-005,FR-035,FR-035,True,True,True,True,True,,Pass,
AC-263,AC,MOD-005,FR-035,FR-035,True,True,True,True,True,,Pass,
AC-264,AC,MOD-005,FR-035,FR-035,True,True,True,True,True,,Pass,
AC-265,AC,MOD-005,FR-036,FR-036,True,True,True,True,True,,Pass,
AC-266,AC,MOD-005,FR-036,FR-036,True,True,True,True,True,,Pass,
AC-267,AC,MOD-005,FR-036,FR-036,True,True,True,True,True,,Pass,
AC-268,AC,MOD-005,FR-036,FR-036,True,True,True,True,True,,Pass,
AC-269,AC,MOD-005,FR-036,FR-036,True,True,True,True,True,,Pass,
AC-270,AC,MOD-005,FR-036,FR-036,True,True,True,True,True,,Pass,
AC-271,AC,MOD-005,FR-036,FR-036,True,True,True,True,True,,Pass,
AC-272,AC,MOD-005,FR-036,FR-036,True,True,True,True,True,,Pass,
AC-273,AC,MOD-005,FR-037,FR-037,True,True,True,True,True,,Pass,
AC-274,AC,MOD-005,FR-037,FR-037,True,True,True,True,True,,Pass,
AC-275,AC,MOD-005,FR-037,FR-037,True,True,True,True,True,,Pass,
AC-276,AC,MOD-005,FR-037,FR-037,True,True,True,True,True,,Pass,
AC-277,AC,MOD-005,FR-037,FR-037,True,True,True,True,True,,Pass,
AC-278,AC,MOD-005,FR-037,FR-037,True,True,True,True,True,,Pass,
AC-279,AC,MOD-005,FR-037,FR-037,True,True,True,True,True,,Pass,
AC-280,AC,MOD-005,FR-037,FR-037,True,True,True,True,True,,Pass,
AC-281,AC,MOD-005,FR-038,FR-038,True,True,True,True,True,,Pass,
AC-282,AC,MOD-005,FR-038,FR-038,True,True,True,True,True,,Pass,
AC-283,AC,MOD-005,FR-038,FR-038,True,True,True,True,True,,Pass,
AC-284,AC,MOD-005,FR-038,FR-038,True,True,True,True,True,,Pass,
AC-285,AC,MOD-005,FR-038,FR-038,True,True,True,True,True,,Pass,
AC-286,AC,MOD-005,FR-038,FR-038,True,True,True,True,True,,Pass,
AC-287,AC,MOD-005,FR-038,FR-038,True,True,True,True,True,,Pass,
AC-288,AC,MOD-005,FR-038,FR-038,True,True,True,True,True,,Pass,
AC-289,AC,MOD-005,FR-039,FR-039,True,True,True,True,True,,Pass,
AC-290,AC,MOD-005,FR-039,FR-039,True,True,True,True,True,,Pass,
AC-291,AC,MOD-005,FR-039,FR-039,True,True,True,True,True,,Pass,
AC-292,AC,MOD-005,FR-039,FR-039,True,True,True,True,True,,Pass,
AC-293,AC,MOD-005,FR-039,FR-039,True,True,True,True,True,,Pass,
AC-294,AC,MOD-005,FR-039,FR-039,True,True,True,True,True,,Pass,
AC-295,AC,MOD-005,FR-040,FR-040,True,True,True,True,True,,Pass,
AC-296,AC,MOD-005,FR-040,FR-040,True,True,True,True,True,,Pass,
AC-297,AC,MOD-005,FR-040,FR-040,True,True,True,True,True,,Pass,
AC-298,AC,MOD-005,FR-040,FR-040,True,True,True,True,True,,Pass,
AC-299,AC,MOD-005,FR-040,FR-040,True,True,True,True,True,,Pass,
AC-300,AC,MOD-005,FR-040,FR-040,True,True,True,True,True,,Pass,
AC-301,AC,MOD-005,FR-040,FR-040,True,True,True,True,True,,Pass,
AC-302,AC,MOD-006,FR-041,FR-041,True,True,False,False,False,,Finding,
AC-303,AC,MOD-006,FR-041,FR-041,True,True,True,True,True,,Pass,
AC-304,AC,MOD-006,FR-041,FR-041,True,True,True,True,True,,Pass,
AC-305,AC,MOD-006,FR-042,FR-042,True,True,True,True,True,,Pass,
AC-306,AC,MOD-006,FR-042,FR-042,True,True,True,True,True,,Pass,
AC-307,AC,MOD-006,FR-042,FR-042,True,True,True,True,True,,Pass,
AC-308,AC,MOD-006,FR-042,FR-042,True,True,True,True,True,,Pass,
AC-309,AC,MOD-006,FR-042,FR-042,True,True,True,True,True,,Pass,
AC-310,AC,MOD-006,FR-042,FR-042,True,True,True,True,True,,Pass,
AC-311,AC,MOD-006,FR-042,FR-042,True,True,True,True,True,,Pass,
AC-312,AC,MOD-006,FR-042,FR-042,True,True,True,True,True,,Pass,
AC-313,AC,MOD-006,FR-043,FR-043,True,True,True,True,True,,Pass,
AC-314,AC,MOD-006,FR-043,FR-043,True,True,True,True,True,,Pass,
AC-315,AC,MOD-006,FR-043,FR-043,True,True,True,True,True,,Pass,
AC-316,AC,MOD-006,FR-043,FR-043,True,True,True,True,True,,Pass,
AC-317,AC,MOD-006,FR-043,FR-043,True,True,True,True,True,,Pass,
AC-318,AC,MOD-006,FR-043,FR-043,True,True,True,True,True,,Pass,
AC-319,AC,MOD-006,FR-043,FR-043,True,True,True,True,True,,Pass,
AC-320,AC,MOD-006,FR-043,FR-043,True,True,True,True,True,,Pass,
AC-321,AC,MOD-006,FR-044,FR-044,True,True,True,True,True,,Pass,
AC-322,AC,MOD-006,FR-044,FR-044,True,True,True,True,True,,Pass,
AC-323,AC,MOD-006,FR-044,FR-044,True,True,True,True,True,,Pass,
AC-324,AC,MOD-006,FR-044,FR-044,True,True,True,True,True,,Pass,
AC-325,AC,MOD-006,FR-044,FR-044,True,True,True,True,True,,Pass,
AC-326,AC,MOD-006,FR-044,FR-044,True,True,True,True,True,,Pass,
AC-327,AC,MOD-006,FR-045,FR-045,True,True,True,True,True,,Pass,
AC-328,AC,MOD-006,FR-045,FR-045,True,True,True,True,True,,Pass,
AC-329,AC,MOD-006,FR-045,FR-045,True,True,True,True,True,,Pass,
AC-330,AC,MOD-006,FR-045,FR-045,True,True,True,True,True,,Pass,
AC-331,AC,MOD-006,FR-045,FR-045,True,True,True,True,True,,Pass,
AC-332,AC,MOD-006,FR-045,FR-045,True,True,True,True,True,,Pass,
AC-333,AC,MOD-006,FR-045,FR-045,True,True,True,True,True,,Pass,
AC-334,AC,MOD-006,FR-045,FR-045,True,True,True,True,True,,Pass,
AC-335,AC,MOD-006,FR-046,FR-046,True,True,True,True,True,,Pass,
AC-336,AC,MOD-006,FR-046,FR-046,True,True,True,True,True,,Pass,
AC-337,AC,MOD-006,FR-046,FR-046,True,True,True,True,True,,Pass,
AC-338,AC,MOD-006,FR-046,FR-046,True,True,True,True,True,,Pass,
AC-339,AC,MOD-006,FR-046,FR-046,True,True,True,True,True,,Pass,
AC-340,AC,MOD-006,FR-046,FR-046,True,True,True,True,True,,Pass,
AC-341,AC,MOD-006,FR-046,FR-046,True,True,True,True,True,,Pass,
AC-342,AC,MOD-006,FR-046,FR-046,True,True,True,True,True,,Pass,
AC-343,AC,MOD-006,FR-047,FR-047,True,True,True,True,True,,Pass,
AC-344,AC,MOD-006,FR-047,FR-047,True,True,True,True,True,,Pass,
AC-345,AC,MOD-006,FR-047,FR-047,True,True,True,True,True,,Pass,
AC-346,AC,MOD-006,FR-047,FR-047,True,True,True,True,True,,Pass,
AC-347,AC,MOD-006,FR-047,FR-047,True,True,True,True,True,,Pass,
AC-348,AC,MOD-006,FR-047,FR-047,True,True,True,True,True,,Pass,
AC-349,AC,MOD-006,FR-048,FR-048,True,True,False,False,False,,Finding,
AC-350,AC,MOD-006,FR-048,FR-048,True,True,True,True,True,,Pass,
AC-351,AC,MOD-006,FR-048,FR-048,True,True,True,True,True,,Pass,
AC-352,AC,MOD-006,FR-049,FR-049,True,True,True,True,True,,Pass,
AC-353,AC,MOD-006,FR-049,FR-049,True,True,True,True,True,,Pass,
AC-354,AC,MOD-006,FR-049,FR-049,True,True,True,True,True,,Pass,
AC-355,AC,MOD-006,FR-049,FR-049,True,True,True,True,True,,Pass,
AC-356,AC,MOD-006,FR-049,FR-049,True,True,True,True,True,,Pass,
AC-357,AC,MOD-006,FR-049,FR-049,True,True,True,True,True,,Pass,
AC-358,AC,MOD-006,FR-049,FR-049,True,True,True,True,True,,Pass,
AC-359,AC,MOD-006,FR-050,FR-050,True,True,False,False,False,,Finding,
AC-360,AC,MOD-006,FR-050,FR-050,True,True,True,True,True,,Pass,
AC-361,AC,MOD-006,FR-050,FR-050,True,True,True,True,True,,Pass,
AC-362,AC,MOD-006,FR-051,FR-051,True,True,True,True,True,,Pass,
AC-363,AC,MOD-006,FR-051,FR-051,True,True,True,True,True,,Pass,
AC-364,AC,MOD-006,FR-051,FR-051,True,True,True,True,True,,Pass,
AC-365,AC,MOD-006,FR-051,FR-051,True,True,True,True,True,,Pass,
AC-366,AC,MOD-006,FR-051,FR-051,True,True,True,True,True,,Pass,
AC-367,AC,MOD-006,FR-051,FR-051,True,True,True,True,True,,Pass,
AC-368,AC,MOD-006,FR-051,FR-051,True,True,True,True,True,,Pass,
AC-369,AC,MOD-006,FR-051,FR-051,True,True,True,True,True,,Pass,
AC-370,AC,MOD-007,FR-052,FR-052,True,True,False,False,False,,Finding,
AC-371,AC,MOD-007,FR-052,FR-052,True,True,True,True,True,,Pass,
AC-372,AC,MOD-007,FR-052,FR-052,True,True,True,True,True,,Pass,
AC-373,AC,MOD-007,FR-053,FR-053,True,True,True,True,True,,Pass,
AC-374,AC,MOD-007,FR-053,FR-053,True,True,True,True,True,,Pass,
AC-375,AC,MOD-007,FR-053,FR-053,True,True,True,True,True,,Pass,
AC-376,AC,MOD-007,FR-053,FR-053,True,True,True,True,True,,Pass,
AC-377,AC,MOD-007,FR-053,FR-053,True,True,True,True,True,,Pass,
AC-378,AC,MOD-007,FR-053,FR-053,True,True,True,True,True,,Pass,
AC-379,AC,MOD-007,FR-053,FR-053,True,True,True,True,True,,Pass,
AC-380,AC,MOD-007,FR-054,FR-054,True,True,True,True,True,,Pass,
AC-381,AC,MOD-007,FR-054,FR-054,True,True,True,True,True,,Pass,
AC-382,AC,MOD-007,FR-054,FR-054,True,True,True,True,True,,Pass,
AC-383,AC,MOD-007,FR-054,FR-054,True,True,True,True,True,,Pass,
AC-384,AC,MOD-007,FR-054,FR-054,True,True,True,True,True,,Pass,
AC-385,AC,MOD-007,FR-055,FR-055,True,True,False,False,False,,Finding,
AC-386,AC,MOD-007,FR-055,FR-055,True,True,True,True,True,,Pass,
AC-387,AC,MOD-007,FR-055,FR-055,True,True,True,True,True,,Pass,
AC-388,AC,MOD-007,FR-056,FR-056,True,True,True,True,True,,Pass,
AC-389,AC,MOD-007,FR-056,FR-056,True,True,True,True,True,,Pass,
AC-390,AC,MOD-007,FR-056,FR-056,True,True,True,True,True,,Pass,
AC-391,AC,MOD-007,FR-056,FR-056,True,True,True,True,True,,Pass,
AC-392,AC,MOD-007,FR-056,FR-056,True,True,True,True,True,,Pass,
AC-393,AC,MOD-007,FR-056,FR-056,True,True,True,True,True,,Pass,
AC-394,AC,MOD-007,FR-057,FR-057,True,True,True,True,True,,Pass,
AC-395,AC,MOD-007,FR-057,FR-057,True,True,True,True,True,,Pass,
AC-396,AC,MOD-007,FR-057,FR-057,True,True,True,True,True,,Pass,
AC-397,AC,MOD-007,FR-057,FR-057,True,True,True,True,True,,Pass,
AC-398,AC,MOD-007,FR-057,FR-057,True,True,True,True,True,,Pass,
AC-399,AC,MOD-007,FR-057,FR-057,True,True,True,True,True,,Pass,
AC-400,AC,MOD-007,FR-057,FR-057,True,True,True,True,True,,Pass,
AC-401,AC,MOD-007,FR-058,FR-058,True,True,True,True,True,,Pass,
AC-402,AC,MOD-007,FR-058,FR-058,True,True,True,True,True,,Pass,
AC-403,AC,MOD-007,FR-058,FR-058,True,True,True,True,True,,Pass,
AC-404,AC,MOD-007,FR-058,FR-058,True,True,True,True,True,,Pass,
AC-405,AC,MOD-007,FR-058,FR-058,True,True,True,True,True,,Pass,
AC-406,AC,MOD-007,FR-058,FR-058,True,True,True,True,True,,Pass,
AC-407,AC,MOD-007,FR-059,FR-059,True,True,True,True,True,,Pass,
AC-408,AC,MOD-007,FR-059,FR-059,True,True,True,True,True,,Pass,
AC-409,AC,MOD-007,FR-059,FR-059,True,True,True,True,True,,Pass,
AC-410,AC,MOD-007,FR-059,FR-059,True,True,True,True,True,,Pass,
AC-411,AC,MOD-007,FR-059,FR-059,True,True,True,True,True,,Pass,
AC-412,AC,MOD-007,FR-060,FR-060,True,True,True,True,True,,Pass,
AC-413,AC,MOD-007,FR-060,FR-060,True,True,True,True,True,,Pass,
AC-414,AC,MOD-007,FR-060,FR-060,True,True,True,True,True,,Pass,
AC-415,AC,MOD-007,FR-060,FR-060,True,True,True,True,True,,Pass,
AC-416,AC,MOD-007,FR-060,FR-060,True,True,True,True,True,,Pass,
AC-417,AC,MOD-007,FR-060,FR-060,True,True,True,True,True,,Pass,
AC-418,AC,MOD-007,FR-060,FR-060,True,True,True,True,True,,Pass,
AC-419,AC,MOD-007,FR-061,FR-061,True,True,True,True,True,,Pass,
AC-420,AC,MOD-007,FR-061,FR-061,True,True,True,True,True,,Pass,
AC-421,AC,MOD-007,FR-061,FR-061,True,True,True,True,True,,Pass,
AC-422,AC,MOD-007,FR-061,FR-061,True,True,True,True,True,,Pass,
AC-423,AC,MOD-007,FR-061,FR-061,True,True,True,True,True,,Pass,
AC-424,AC,MOD-007,FR-061,FR-061,True,True,True,True,True,,Pass,
AC-425,AC,MOD-008,FR-062,FR-062,True,True,False,False,False,,Finding,
AC-426,AC,MOD-008,FR-062,FR-062,True,True,True,True,True,,Pass,
AC-427,AC,MOD-008,FR-062,FR-062,True,True,True,True,True,,Pass,
AC-428,AC,MOD-008,FR-063,FR-063,True,True,True,True,True,,Pass,
AC-429,AC,MOD-008,FR-063,FR-063,True,True,True,True,True,,Pass,
AC-430,AC,MOD-008,FR-063,FR-063,True,True,True,True,True,,Pass,
AC-431,AC,MOD-008,FR-063,FR-063,True,True,True,True,True,,Pass,
AC-432,AC,MOD-008,FR-063,FR-063,True,True,True,True,True,,Pass,
AC-433,AC,MOD-008,FR-063,FR-063,True,True,True,True,True,,Pass,
AC-434,AC,MOD-008,FR-063,FR-063,True,True,True,True,True,,Pass,
AC-435,AC,MOD-008,FR-064,FR-064,True,True,False,False,False,,Finding,
AC-436,AC,MOD-008,FR-064,FR-064,True,True,True,True,True,,Pass,
AC-437,AC,MOD-008,FR-064,FR-064,True,True,True,True,True,,Pass,
AC-438,AC,MOD-008,FR-065,FR-065,True,True,True,True,True,,Pass,
AC-439,AC,MOD-008,FR-065,FR-065,True,True,True,True,True,,Pass,
AC-440,AC,MOD-008,FR-065,FR-065,True,True,True,True,True,,Pass,
AC-441,AC,MOD-008,FR-065,FR-065,True,True,True,True,True,,Pass,
AC-442,AC,MOD-008,FR-065,FR-065,True,True,True,True,True,,Pass,
AC-443,AC,MOD-008,FR-066,FR-066,True,True,False,False,False,,Finding,
AC-444,AC,MOD-008,FR-066,FR-066,True,True,True,True,True,,Pass,
AC-445,AC,MOD-008,FR-066,FR-066,True,True,True,True,True,,Pass,
AC-446,AC,MOD-008,FR-067,FR-067,True,True,True,True,True,,Pass,
AC-447,AC,MOD-008,FR-067,FR-067,True,True,True,True,True,,Pass,
AC-448,AC,MOD-008,FR-067,FR-067,True,True,True,True,True,,Pass,
AC-449,AC,MOD-008,FR-067,FR-067,True,True,True,True,True,,Pass,
AC-450,AC,MOD-008,FR-067,FR-067,True,True,True,True,True,,Pass,
AC-451,AC,MOD-008,FR-067,FR-067,True,True,True,True,True,,Pass,
AC-452,AC,MOD-008,FR-068,FR-068,True,True,True,True,True,,Pass,
AC-453,AC,MOD-008,FR-068,FR-068,True,True,True,True,True,,Pass,
AC-454,AC,MOD-008,FR-068,FR-068,True,True,True,True,True,,Pass,
AC-455,AC,MOD-008,FR-068,FR-068,True,True,True,True,True,,Pass,
AC-456,AC,MOD-008,FR-068,FR-068,True,True,True,True,True,,Pass,
AC-457,AC,MOD-008,FR-069,FR-069,True,True,True,True,True,,Pass,
AC-458,AC,MOD-008,FR-069,FR-069,True,True,True,True,True,,Pass,
AC-459,AC,MOD-008,FR-069,FR-069,True,True,True,True,True,,Pass,
AC-460,AC,MOD-008,FR-069,FR-069,True,True,True,True,True,,Pass,
AC-461,AC,MOD-008,FR-069,FR-069,True,True,True,True,True,,Pass,
AC-462,AC,MOD-008,FR-069,FR-069,True,True,True,True,True,,Pass,
AC-463,AC,MOD-008,FR-069,FR-069,True,True,True,True,True,,Pass,
AC-464,AC,MOD-008,FR-070,FR-070,True,True,True,True,True,,Pass,
AC-465,AC,MOD-008,FR-070,FR-070,True,True,True,True,True,,Pass,
AC-466,AC,MOD-008,FR-070,FR-070,True,True,True,True,True,,Pass,
AC-467,AC,MOD-008,FR-070,FR-070,True,True,True,True,True,,Pass,
AC-468,AC,MOD-008,FR-070,FR-070,True,True,True,True,True,,Pass,
AC-469,AC,MOD-008,FR-070,FR-070,True,True,True,True,True,,Pass,
AC-470,AC,MOD-008,FR-070,FR-070,True,True,True,True,True,,Pass,
AC-471,AC,MOD-009,FR-071,FR-071,True,True,False,False,False,,Finding,
AC-472,AC,MOD-009,FR-071,FR-071,True,True,True,True,True,,Pass,
AC-473,AC,MOD-009,FR-071,FR-071,True,True,True,True,True,,Pass,
AC-474,AC,MOD-009,FR-071,FR-071,True,True,True,True,True,,Pass,
AC-475,AC,MOD-009,FR-072,FR-072,True,True,False,False,False,,Finding,
AC-476,AC,MOD-009,FR-072,FR-072,True,True,True,True,True,,Pass,
AC-477,AC,MOD-009,FR-072,FR-072,True,True,True,True,True,,Pass,
AC-478,AC,MOD-009,FR-073,FR-073,True,True,True,True,True,,Pass,
AC-479,AC,MOD-009,FR-073,FR-073,True,True,True,True,True,,Pass,
AC-480,AC,MOD-009,FR-073,FR-073,True,True,True,True,True,,Pass,
AC-481,AC,MOD-009,FR-073,FR-073,True,True,True,True,True,,Pass,
AC-482,AC,MOD-009,FR-073,FR-073,True,True,True,True,True,,Pass,
AC-483,AC,MOD-009,FR-073,FR-073,True,True,True,True,True,,Pass,
AC-484,AC,MOD-009,FR-073,FR-073,True,True,True,True,True,,Pass,
AC-485,AC,MOD-009,FR-074,FR-074,True,True,True,True,True,,Pass,
AC-486,AC,MOD-009,FR-074,FR-074,True,True,True,True,True,,Pass,
AC-487,AC,MOD-009,FR-074,FR-074,True,True,True,True,True,,Pass,
AC-488,AC,MOD-009,FR-074,FR-074,True,True,True,True,True,,Pass,
AC-489,AC,MOD-009,FR-074,FR-074,True,True,True,True,True,,Pass,
AC-490,AC,MOD-009,FR-074,FR-074,True,True,True,True,True,,Pass,
AC-491,AC,MOD-009,FR-075,FR-075,True,True,False,False,False,,Finding,
AC-492,AC,MOD-009,FR-075,FR-075,True,True,True,True,True,,Pass,
AC-493,AC,MOD-009,FR-075,FR-075,True,True,True,True,True,,Pass,
AC-494,AC,MOD-009,FR-076,FR-076,True,True,True,True,True,,Pass,
AC-495,AC,MOD-009,FR-076,FR-076,True,True,True,True,True,,Pass,
AC-496,AC,MOD-009,FR-076,FR-076,True,True,True,True,True,,Pass,
AC-497,AC,MOD-009,FR-076,FR-076,True,True,True,True,True,,Pass,
AC-498,AC,MOD-009,FR-076,FR-076,True,True,True,True,True,,Pass,
AC-499,AC,MOD-009,FR-076,FR-076,True,True,True,True,True,,Pass,
AC-500,AC,MOD-009,FR-076,FR-076,True,True,True,True,True,,Pass,
AC-501,AC,MOD-009,FR-077,FR-077,True,True,True,True,True,,Pass,
AC-502,AC,MOD-009,FR-077,FR-077,True,True,True,True,True,,Pass,
AC-503,AC,MOD-009,FR-077,FR-077,True,True,True,True,True,,Pass,
AC-504,AC,MOD-009,FR-077,FR-077,True,True,True,True,True,,Pass,
AC-505,AC,MOD-009,FR-077,FR-077,True,True,True,True,True,,Pass,
AC-506,AC,MOD-009,FR-077,FR-077,True,True,True,True,True,,Pass,
AC-507,AC,MOD-009,FR-077,FR-077,True,True,True,True,True,,Pass,
AC-508,AC,MOD-009,FR-077,FR-077,True,True,True,True,True,,Pass,
AC-509,AC,MOD-009,FR-078,FR-078,True,True,True,True,True,,Pass,
AC-510,AC,MOD-009,FR-078,FR-078,True,True,True,True,True,,Pass,
AC-511,AC,MOD-009,FR-078,FR-078,True,True,True,True,True,,Pass,
AC-512,AC,MOD-009,FR-078,FR-078,True,True,True,True,True,,Pass,
AC-513,AC,MOD-009,FR-078,FR-078,True,True,True,True,True,,Pass,
AC-514,AC,MOD-009,FR-078,FR-078,True,True,True,True,True,,Pass,
AC-515,AC,MOD-009,FR-078,FR-078,True,True,True,True,True,,Pass,
AC-516,AC,MOD-009,FR-078,FR-078,True,True,True,True,True,,Pass,
AC-517,AC,MOD-009,FR-079,FR-079,True,True,True,True,True,,Pass,
AC-518,AC,MOD-009,FR-079,FR-079,True,True,True,True,True,,Pass,
AC-519,AC,MOD-009,FR-079,FR-079,True,True,True,True,True,,Pass,
AC-520,AC,MOD-009,FR-079,FR-079,True,True,True,True,True,,Pass,
AC-521,AC,MOD-009,FR-079,FR-079,True,True,True,True,True,,Pass,
AC-522,AC,MOD-009,FR-079,FR-079,True,True,True,True,True,,Pass,
AC-523,AC,MOD-009,FR-079,FR-079,True,True,True,True,True,,Pass,
AC-524,AC,MOD-009,FR-079,FR-079,True,True,True,True,True,,Pass,
AC-525,AC,MOD-009,FR-080,FR-080,True,True,True,True,True,,Pass,
AC-526,AC,MOD-009,FR-080,FR-080,True,True,True,True,True,,Pass,
AC-527,AC,MOD-009,FR-080,FR-080,True,True,True,True,True,,Pass,
AC-528,AC,MOD-009,FR-080,FR-080,True,True,True,True,True,,Pass,
AC-529,AC,MOD-009,FR-080,FR-080,True,True,True,True,True,,Pass,
AC-530,AC,MOD-009,FR-080,FR-080,True,True,True,True,True,,Pass,
AC-531,AC,MOD-009,FR-080,FR-080,True,True,True,True,True,,Pass,
AC-532,AC,MOD-009,FR-080,FR-080,True,True,True,True,True,,Pass,
AC-533,AC,MOD-009,FR-081,FR-081,True,True,True,True,True,,Pass,
AC-534,AC,MOD-009,FR-081,FR-081,True,True,True,True,True,,Pass,
AC-535,AC,MOD-009,FR-081,FR-081,True,True,True,True,True,,Pass,
AC-536,AC,MOD-009,FR-081,FR-081,True,True,True,True,True,,Pass,
AC-537,AC,MOD-009,FR-081,FR-081,True,True,True,True,True,,Pass,
AC-538,AC,MOD-009,FR-081,FR-081,True,True,True,True,True,,Pass,
AC-539,AC,MOD-009,FR-082,FR-082,True,True,False,False,False,,Finding,
AC-540,AC,MOD-009,FR-082,FR-082,True,True,True,True,True,,Pass,
AC-541,AC,MOD-009,FR-082,FR-082,True,True,True,True,True,,Pass,
AC-542,AC,MOD-009,FR-082,FR-082,True,True,True,True,True,,Pass,
AC-543,AC,MOD-010,FR-083,FR-083,True,True,False,False,False,,Finding,
AC-544,AC,MOD-010,FR-083,FR-083,True,True,True,True,True,,Pass,
AC-545,AC,MOD-010,FR-083,FR-083,True,True,True,True,True,,Pass,
AC-546,AC,MOD-010,FR-084,FR-084,True,True,True,True,True,,Pass,
AC-547,AC,MOD-010,FR-084,FR-084,True,True,True,True,True,,Pass,
AC-548,AC,MOD-010,FR-084,FR-084,True,True,True,True,True,,Pass,
AC-549,AC,MOD-010,FR-084,FR-084,True,True,True,True,True,,Pass,
AC-550,AC,MOD-010,FR-084,FR-084,True,True,True,True,True,,Pass,
AC-551,AC,MOD-010,FR-084,FR-084,True,True,True,True,True,,Pass,
AC-552,AC,MOD-010,FR-084,FR-084,True,True,True,True,True,,Pass,
AC-553,AC,MOD-010,FR-085,FR-085,True,True,True,True,True,,Pass,
AC-554,AC,MOD-010,FR-085,FR-085,True,True,True,True,True,,Pass,
AC-555,AC,MOD-010,FR-085,FR-085,True,True,True,True,True,,Pass,
AC-556,AC,MOD-010,FR-085,FR-085,True,True,True,True,True,,Pass,
AC-557,AC,MOD-010,FR-085,FR-085,True,True,True,True,True,,Pass,
AC-558,AC,MOD-010,FR-085,FR-085,True,True,True,True,True,,Pass,
AC-559,AC,MOD-010,FR-086,FR-086,True,True,False,False,False,,Finding,
AC-560,AC,MOD-010,FR-086,FR-086,True,True,True,True,True,,Pass,
AC-561,AC,MOD-010,FR-086,FR-086,True,True,True,True,True,,Pass,
AC-562,AC,MOD-010,FR-087,FR-087,True,True,True,True,True,,Pass,
AC-563,AC,MOD-010,FR-087,FR-087,True,True,True,True,True,,Pass,
AC-564,AC,MOD-010,FR-087,FR-087,True,True,True,True,True,,Pass,
AC-565,AC,MOD-010,FR-087,FR-087,True,True,True,True,True,,Pass,
AC-566,AC,MOD-010,FR-087,FR-087,True,True,True,True,True,,Pass,
AC-567,AC,MOD-010,FR-087,FR-087,True,True,True,True,True,,Pass,
AC-568,AC,MOD-010,FR-087,FR-087,True,True,True,True,True,,Pass,
AC-569,AC,MOD-010,FR-088,FR-088,True,True,True,True,True,,Pass,
AC-570,AC,MOD-010,FR-088,FR-088,True,True,True,True,True,,Pass,
AC-571,AC,MOD-010,FR-088,FR-088,True,True,True,True,True,,Pass,
AC-572,AC,MOD-010,FR-088,FR-088,True,True,True,True,True,,Pass,
AC-573,AC,MOD-010,FR-088,FR-088,True,True,True,True,True,,Pass,
AC-574,AC,MOD-010,FR-088,FR-088,True,True,True,True,True,,Pass,
AC-575,AC,MOD-010,FR-088,FR-088,True,True,True,True,True,,Pass,
AC-576,AC,MOD-010,FR-088,FR-088,True,True,True,True,True,,Pass,
AC-577,AC,MOD-010,FR-089,FR-089,True,True,False,False,False,,Finding,
AC-578,AC,MOD-010,FR-089,FR-089,True,True,True,True,True,,Pass,
AC-579,AC,MOD-010,FR-089,FR-089,True,True,True,True,True,,Pass,
AC-580,AC,MOD-010,FR-090,FR-090,True,True,True,True,True,,Pass,
AC-581,AC,MOD-010,FR-090,FR-090,True,True,True,True,True,,Pass,
AC-582,AC,MOD-010,FR-090,FR-090,True,True,True,True,True,,Pass,
AC-583,AC,MOD-010,FR-090,FR-090,True,True,True,True,True,,Pass,
AC-584,AC,MOD-010,FR-090,FR-090,True,True,True,True,True,,Pass,
AC-585,AC,MOD-010,FR-090,FR-090,True,True,True,True,True,,Pass,
AC-586,AC,MOD-010,FR-090,FR-090,True,True,True,True,True,,Pass,
AC-587,AC,MOD-010,FR-090,FR-090,True,True,True,True,True,,Pass,
AC-588,AC,MOD-010,FR-091,FR-091,True,True,True,True,True,,Pass,
AC-589,AC,MOD-010,FR-091,FR-091,True,True,True,True,True,,Pass,
AC-590,AC,MOD-010,FR-091,FR-091,True,True,True,True,True,,Pass,
AC-591,AC,MOD-010,FR-091,FR-091,True,True,True,True,True,,Pass,
AC-592,AC,MOD-010,FR-091,FR-091,True,True,True,True,True,,Pass,
AC-593,AC,MOD-010,FR-091,FR-091,True,True,True,True,True,,Pass,
AC-594,AC,MOD-010,FR-091,FR-091,True,True,True,True,True,,Pass,
AC-595,AC,MOD-010,FR-092,FR-092,True,True,True,True,True,,Pass,
AC-596,AC,MOD-010,FR-092,FR-092,True,True,True,True,True,,Pass,
AC-597,AC,MOD-010,FR-092,FR-092,True,True,True,True,True,,Pass,
AC-598,AC,MOD-010,FR-092,FR-092,True,True,True,True,True,,Pass,
AC-599,AC,MOD-010,FR-092,FR-092,True,True,True,True,True,,Pass,
AC-600,AC,MOD-010,FR-092,FR-092,True,True,True,True,True,,Pass,
AC-601,AC,MOD-010,FR-092,FR-092,True,True,True,True,True,,Pass,
AC-602,AC,MOD-010,FR-092,FR-092,True,True,True,True,True,,Pass,
AC-603,AC,MOD-010,FR-093,FR-093,True,True,True,True,True,,Pass,
AC-604,AC,MOD-010,FR-093,FR-093,True,True,True,True,True,,Pass,
AC-605,AC,MOD-010,FR-093,FR-093,True,True,True,True,True,,Pass,
AC-606,AC,MOD-010,FR-093,FR-093,True,True,True,True,True,,Pass,
AC-607,AC,MOD-010,FR-093,FR-093,True,True,True,True,True,,Pass,
AC-608,AC,MOD-010,FR-093,FR-093,True,True,True,True,True,,Pass,
AC-609,AC,MOD-010,FR-093,FR-093,True,True,True,True,True,,Pass,
AC-610,AC,MOD-010,FR-093,FR-093,True,True,True,True,True,,Pass,
AC-611,AC,MOD-010,FR-094,FR-094,True,True,True,True,True,,Pass,
AC-612,AC,MOD-010,FR-094,FR-094,True,True,True,True,True,,Pass,
AC-613,AC,MOD-010,FR-094,FR-094,True,True,True,True,True,,Pass,
AC-614,AC,MOD-010,FR-094,FR-094,True,True,True,True,True,,Pass,
AC-615,AC,MOD-010,FR-094,FR-094,True,True,True,True,True,,Pass,
AC-616,AC,MOD-010,FR-094,FR-094,True,True,True,True,True,,Pass,
AC-617,AC,MOD-010,FR-094,FR-094,True,True,True,True,True,,Pass,
AC-618,AC,MOD-010,FR-094,FR-094,True,True,True,True,True,,Pass,
AC-619,AC,MOD-010,FR-095,FR-095,True,True,True,True,True,,Pass,
AC-620,AC,MOD-010,FR-095,FR-095,True,True,True,True,True,,Pass,
AC-621,AC,MOD-010,FR-095,FR-095,True,True,True,True,True,,Pass,
AC-622,AC,MOD-010,FR-095,FR-095,True,True,True,True,True,,Pass,
AC-623,AC,MOD-010,FR-095,FR-095,True,True,True,True,True,,Pass,
AC-624,AC,MOD-010,FR-095,FR-095,True,True,True,True,True,,Pass,
AC-625,AC,MOD-010,FR-095,FR-095,True,True,True,True,True,,Pass,
AC-626,AC,MOD-010,FR-095,FR-095,True,True,True,True,True,,Pass,
AC-627,AC,MOD-010,FR-096,FR-096,True,True,True,True,True,,Pass,
AC-628,AC,MOD-010,FR-096,FR-096,True,True,True,True,True,,Pass,
AC-629,AC,MOD-010,FR-096,FR-096,True,True,True,True,True,,Pass,
AC-630,AC,MOD-010,FR-096,FR-096,True,True,True,True,True,,Pass,
AC-631,AC,MOD-010,FR-096,FR-096,True,True,True,True,True,,Pass,
AC-632,AC,MOD-010,FR-096,FR-096,True,True,True,True,True,,Pass,
AC-633,AC,MOD-011,FR-097,FR-097,True,True,False,False,False,,Finding,
AC-634,AC,MOD-011,FR-097,FR-097,True,True,True,True,True,,Pass,
AC-635,AC,MOD-011,FR-097,FR-097,True,True,True,True,True,,Pass,
AC-636,AC,MOD-011,FR-098,FR-098,True,True,True,True,True,,Pass,
AC-637,AC,MOD-011,FR-098,FR-098,True,True,True,True,True,,Pass,
AC-638,AC,MOD-011,FR-098,FR-098,True,True,True,True,True,,Pass,
AC-639,AC,MOD-011,FR-098,FR-098,True,True,True,True,True,,Pass,
AC-640,AC,MOD-011,FR-098,FR-098,True,True,True,True,True,,Pass,
AC-641,AC,MOD-011,FR-098,FR-098,True,True,True,True,True,,Pass,
AC-642,AC,MOD-011,FR-098,FR-098,True,True,True,True,True,,Pass,
AC-643,AC,MOD-011,FR-099,FR-099,True,True,True,True,True,,Pass,
AC-644,AC,MOD-011,FR-099,FR-099,True,True,True,True,True,,Pass,
AC-645,AC,MOD-011,FR-099,FR-099,True,True,True,True,True,,Pass,
AC-646,AC,MOD-011,FR-099,FR-099,True,True,True,True,True,,Pass,
AC-647,AC,MOD-011,FR-099,FR-099,True,True,True,True,True,,Pass,
AC-648,AC,MOD-011,FR-099,FR-099,True,True,True,True,True,,Pass,
AC-649,AC,MOD-011,FR-100,FR-100,True,True,False,False,False,,Finding,
AC-650,AC,MOD-011,FR-100,FR-100,True,True,True,True,True,,Pass,
AC-651,AC,MOD-011,FR-100,FR-100,True,True,True,True,True,,Pass,
AC-652,AC,MOD-011,FR-101,FR-101,True,True,True,True,True,,Pass,
AC-653,AC,MOD-011,FR-101,FR-101,True,True,True,True,True,,Pass,
AC-654,AC,MOD-011,FR-101,FR-101,True,True,True,True,True,,Pass,
AC-655,AC,MOD-011,FR-101,FR-101,True,True,True,True,True,,Pass,
AC-656,AC,MOD-011,FR-101,FR-101,True,True,True,True,True,,Pass,
AC-657,AC,MOD-011,FR-101,FR-101,True,True,True,True,True,,Pass,
AC-658,AC,MOD-011,FR-101,FR-101,True,True,True,True,True,,Pass,
AC-659,AC,MOD-011,FR-102,FR-102,True,True,True,True,True,,Pass,
AC-660,AC,MOD-011,FR-102,FR-102,True,True,True,True,True,,Pass,
AC-661,AC,MOD-011,FR-102,FR-102,True,True,True,True,True,,Pass,
AC-662,AC,MOD-011,FR-102,FR-102,True,True,True,True,True,,Pass,
AC-663,AC,MOD-011,FR-102,FR-102,True,True,True,True,True,,Pass,
AC-664,AC,MOD-011,FR-102,FR-102,True,True,True,True,True,,Pass,
AC-665,AC,MOD-011,FR-102,FR-102,True,True,True,True,True,,Pass,
AC-666,AC,MOD-011,FR-102,FR-102,True,True,True,True,True,,Pass,
AC-667,AC,MOD-011,FR-103,FR-103,True,True,False,False,False,,Finding,
AC-668,AC,MOD-011,FR-103,FR-103,True,True,True,True,True,,Pass,
AC-669,AC,MOD-011,FR-103,FR-103,True,True,True,True,True,,Pass,
AC-670,AC,MOD-011,FR-104,FR-104,True,True,True,True,True,,Pass,
AC-671,AC,MOD-011,FR-104,FR-104,True,True,True,True,True,,Pass,
AC-672,AC,MOD-011,FR-104,FR-104,True,True,True,True,True,,Pass,
AC-673,AC,MOD-011,FR-104,FR-104,True,True,True,True,True,,Pass,
AC-674,AC,MOD-011,FR-104,FR-104,True,True,True,True,True,,Pass,
AC-675,AC,MOD-011,FR-104,FR-104,True,True,True,True,True,,Pass,
AC-676,AC,MOD-011,FR-104,FR-104,True,True,True,True,True,,Pass,
AC-677,AC,MOD-011,FR-104,FR-104,True,True,True,True,True,,Pass,
AC-678,AC,MOD-011,FR-105,FR-105,True,True,True,True,True,,Pass,
AC-679,AC,MOD-011,FR-105,FR-105,True,True,True,True,True,,Pass,
AC-680,AC,MOD-011,FR-105,FR-105,True,True,True,True,True,,Pass,
AC-681,AC,MOD-011,FR-105,FR-105,True,True,True,True,True,,Pass,
AC-682,AC,MOD-011,FR-105,FR-105,True,True,True,True,True,,Pass,
AC-683,AC,MOD-011,FR-105,FR-105,True,True,True,True,True,,Pass,
AC-684,AC,MOD-011,FR-105,FR-105,True,True,True,True,True,,Pass,
AC-685,AC,MOD-011,FR-106,FR-106,True,True,True,True,True,,Pass,
AC-686,AC,MOD-011,FR-106,FR-106,True,True,True,True,True,,Pass,
AC-687,AC,MOD-011,FR-106,FR-106,True,True,True,True,True,,Pass,
AC-688,AC,MOD-011,FR-106,FR-106,True,True,True,True,True,,Pass,
AC-689,AC,MOD-011,FR-106,FR-106,True,True,True,True,True,,Pass,
AC-690,AC,MOD-011,FR-106,FR-106,True,True,True,True,True,,Pass,
AC-691,AC,MOD-011,FR-106,FR-106,True,True,True,True,True,,Pass,
AC-692,AC,MOD-011,FR-106,FR-106,True,True,True,True,True,,Pass,
AC-693,AC,MOD-011,FR-107,FR-107,True,True,True,True,True,,Pass,
AC-694,AC,MOD-011,FR-107,FR-107,True,True,True,True,True,,Pass,
AC-695,AC,MOD-011,FR-107,FR-107,True,True,True,True,True,,Pass,
AC-696,AC,MOD-011,FR-107,FR-107,True,True,True,True,True,,Pass,
AC-697,AC,MOD-011,FR-107,FR-107,True,True,True,True,True,,Pass,
AC-698,AC,MOD-011,FR-107,FR-107,True,True,True,True,True,,Pass,
AC-699,AC,MOD-011,FR-107,FR-107,True,True,True,True,True,,Pass,
AC-700,AC,MOD-011,FR-107,FR-107,True,True,True,True,True,,Pass,
AC-701,AC,MOD-011,FR-108,FR-108,True,True,True,True,True,,Pass,
AC-702,AC,MOD-011,FR-108,FR-108,True,True,True,True,True,,Pass,
AC-703,AC,MOD-011,FR-108,FR-108,True,True,True,True,True,,Pass,
AC-704,AC,MOD-011,FR-108,FR-108,True,True,True,True,True,,Pass,
AC-705,AC,MOD-011,FR-108,FR-108,True,True,True,True,True,,Pass,
AC-706,AC,MOD-011,FR-108,FR-108,True,True,True,True,True,,Pass,
AC-707,AC,MOD-011,FR-108,FR-108,True,True,True,True,True,,Pass,
AC-708,AC,MOD-011,FR-108,FR-108,True,True,True,True,True,,Pass,
AC-709,AC,MOD-011,FR-109,FR-109,True,True,True,True,True,,Pass,
AC-710,AC,MOD-011,FR-109,FR-109,True,True,True,True,True,,Pass,
AC-711,AC,MOD-011,FR-109,FR-109,True,True,True,True,True,,Pass,
AC-712,AC,MOD-011,FR-109,FR-109,True,True,True,True,True,,Pass,
AC-713,AC,MOD-011,FR-109,FR-109,True,True,True,True,True,,Pass,
AC-714,AC,MOD-011,FR-109,FR-109,True,True,True,True,True,,Pass,
AC-715,AC,MOD-011,FR-109,FR-109,True,True,True,True,True,,Pass,
AC-716,AC,MOD-011,FR-109,FR-109,True,True,True,True,True,,Pass,
AC-717,AC,MOD-011,FR-110,FR-110,True,True,True,True,True,,Pass,
AC-718,AC,MOD-011,FR-110,FR-110,True,True,True,True,True,,Pass,
AC-719,AC,MOD-011,FR-110,FR-110,True,True,True,True,True,,Pass,
AC-720,AC,MOD-011,FR-110,FR-110,True,True,True,True,True,,Pass,
AC-721,AC,MOD-011,FR-110,FR-110,True,True,True,True,True,,Pass,
AC-722,AC,MOD-011,FR-110,FR-110,True,True,True,True,True,,Pass,
AC-723,AC,MOD-011,FR-111,FR-111,True,True,False,False,False,,Finding,
AC-724,AC,MOD-011,FR-111,FR-111,True,True,True,True,True,,Pass,
AC-725,AC,MOD-011,FR-111,FR-111,True,True,True,True,True,,Pass,
AC-726,AC,MOD-011,FR-112,FR-112,True,True,True,True,True,,Pass,
AC-727,AC,MOD-011,FR-112,FR-112,True,True,True,True,True,,Pass,
AC-728,AC,MOD-011,FR-112,FR-112,True,True,True,True,True,,Pass,
AC-729,AC,MOD-011,FR-112,FR-112,True,True,True,True,True,,Pass,
AC-730,AC,MOD-011,FR-112,FR-112,True,True,True,True,True,,Pass,
AC-731,AC,MOD-011,FR-112,FR-112,True,True,True,True,True,,Pass,
AC-732,AC,MOD-012,FR-113,FR-113,True,True,False,False,False,,Finding,
AC-733,AC,MOD-012,FR-113,FR-113,True,True,True,True,True,,Pass,
AC-734,AC,MOD-012,FR-113,FR-113,True,True,True,True,True,,Pass,
AC-735,AC,MOD-012,FR-114,FR-114,True,True,True,True,True,,Pass,
AC-736,AC,MOD-012,FR-114,FR-114,True,True,True,True,True,,Pass,
AC-737,AC,MOD-012,FR-114,FR-114,True,True,True,True,True,,Pass,
AC-738,AC,MOD-012,FR-114,FR-114,True,True,True,True,True,,Pass,
AC-739,AC,MOD-012,FR-114,FR-114,True,True,True,True,True,,Pass,
AC-740,AC,MOD-012,FR-114,FR-114,True,True,True,True,True,,Pass,
AC-741,AC,MOD-012,FR-114,FR-114,True,True,True,True,True,,Pass,
AC-742,AC,MOD-012,FR-115,FR-115,True,True,True,True,True,,Pass,
AC-743,AC,MOD-012,FR-115,FR-115,True,True,True,True,True,,Pass,
AC-744,AC,MOD-012,FR-115,FR-115,True,True,True,True,True,,Pass,
AC-745,AC,MOD-012,FR-115,FR-115,True,True,True,True,True,,Pass,
AC-746,AC,MOD-012,FR-115,FR-115,True,True,True,True,True,,Pass,
AC-747,AC,MOD-012,FR-115,FR-115,True,True,True,True,True,,Pass,
AC-748,AC,MOD-012,FR-116,FR-116,True,True,False,False,False,,Finding,
AC-749,AC,MOD-012,FR-116,FR-116,True,True,True,True,True,,Pass,
AC-750,AC,MOD-012,FR-116,FR-116,True,True,True,True,True,,Pass,
AC-751,AC,MOD-012,FR-117,FR-117,True,True,True,True,True,,Pass,
AC-752,AC,MOD-012,FR-117,FR-117,True,True,True,True,True,,Pass,
AC-753,AC,MOD-012,FR-117,FR-117,True,True,True,True,True,,Pass,
AC-754,AC,MOD-012,FR-117,FR-117,True,True,True,True,True,,Pass,
AC-755,AC,MOD-012,FR-117,FR-117,True,True,True,True,True,,Pass,
AC-756,AC,MOD-012,FR-117,FR-117,True,True,True,True,True,,Pass,
AC-757,AC,MOD-012,FR-117,FR-117,True,True,True,True,True,,Pass,
AC-758,AC,MOD-012,FR-118,FR-118,True,True,True,True,True,,Pass,
AC-759,AC,MOD-012,FR-118,FR-118,True,True,True,True,True,,Pass,
AC-760,AC,MOD-012,FR-118,FR-118,True,True,True,True,True,,Pass,
AC-761,AC,MOD-012,FR-118,FR-118,True,True,True,True,True,,Pass,
AC-762,AC,MOD-012,FR-118,FR-118,True,True,True,True,True,,Pass,
AC-763,AC,MOD-012,FR-118,FR-118,True,True,True,True,True,,Pass,
AC-764,AC,MOD-012,FR-118,FR-118,True,True,True,True,True,,Pass,
AC-765,AC,MOD-012,FR-118,FR-118,True,True,True,True,True,,Pass,
AC-766,AC,MOD-012,FR-119,FR-119,True,True,True,True,True,,Pass,
AC-767,AC,MOD-012,FR-119,FR-119,True,True,True,True,True,,Pass,
AC-768,AC,MOD-012,FR-119,FR-119,True,True,True,True,True,,Pass,
AC-769,AC,MOD-012,FR-119,FR-119,True,True,True,True,True,,Pass,
AC-770,AC,MOD-012,FR-119,FR-119,True,True,True,True,True,,Pass,
AC-771,AC,MOD-012,FR-119,FR-119,True,True,True,True,True,,Pass,
AC-772,AC,MOD-012,FR-119,FR-119,True,True,True,True,True,,Pass,
AC-773,AC,MOD-012,FR-119,FR-119,True,True,True,True,True,,Pass,
AC-774,AC,MOD-012,FR-120,FR-120,True,True,True,True,True,,Pass,
AC-775,AC,MOD-012,FR-120,FR-120,True,True,True,True,True,,Pass,
AC-776,AC,MOD-012,FR-120,FR-120,True,True,True,True,True,,Pass,
AC-777,AC,MOD-012,FR-120,FR-120,True,True,True,True,True,,Pass,
AC-778,AC,MOD-012,FR-120,FR-120,True,True,True,True,True,,Pass,
AC-779,AC,MOD-012,FR-120,FR-120,True,True,True,True,True,,Pass,
AC-780,AC,MOD-012,FR-121,FR-121,True,True,True,True,True,,Pass,
AC-781,AC,MOD-012,FR-121,FR-121,True,True,True,True,True,,Pass,
AC-782,AC,MOD-012,FR-121,FR-121,True,True,True,True,True,,Pass,
AC-783,AC,MOD-012,FR-121,FR-121,True,True,True,True,True,,Pass,
AC-784,AC,MOD-012,FR-121,FR-121,True,True,True,True,True,,Pass,
AC-785,AC,MOD-012,FR-121,FR-121,True,True,True,True,True,,Pass,
AC-786,AC,MOD-012,FR-121,FR-121,True,True,True,True,True,,Pass,
AC-787,AC,MOD-012,FR-121,FR-121,True,True,True,True,True,,Pass,
AC-788,AC,MOD-012,FR-122,FR-122,True,True,True,True,True,,Pass,
AC-789,AC,MOD-012,FR-122,FR-122,True,True,True,True,True,,Pass,
AC-790,AC,MOD-012,FR-122,FR-122,True,True,True,True,True,,Pass,
AC-791,AC,MOD-012,FR-122,FR-122,True,True,True,True,True,,Pass,
AC-792,AC,MOD-012,FR-122,FR-122,True,True,True,True,True,,Pass,
AC-793,AC,MOD-012,FR-122,FR-122,True,True,True,True,True,,Pass,
AC-794,AC,MOD-012,FR-123,FR-123,True,True,False,False,False,,Finding,
AC-795,AC,MOD-012,FR-123,FR-123,True,True,True,True,True,,Pass,
AC-796,AC,MOD-012,FR-123,FR-123,True,True,True,True,True,,Pass,
AC-797,AC,MOD-012,FR-124,FR-124,True,True,True,True,True,,Pass,
AC-798,AC,MOD-012,FR-124,FR-124,True,True,True,True,True,,Pass,
AC-799,AC,MOD-012,FR-124,FR-124,True,True,True,True,True,,Pass,
AC-800,AC,MOD-012,FR-124,FR-124,True,True,True,True,True,,Pass,
AC-801,AC,MOD-012,FR-124,FR-124,True,True,True,True,True,,Pass,
AC-802,AC,MOD-012,FR-124,FR-124,True,True,True,True,True,,Pass,
AC-803,AC,MOD-012,FR-124,FR-124,True,True,True,True,True,,Pass,
AC-804,AC,MOD-012,FR-125,FR-125,True,True,True,True,True,,Pass,
AC-805,AC,MOD-012,FR-125,FR-125,True,True,True,True,True,,Pass,
AC-806,AC,MOD-012,FR-125,FR-125,True,True,True,True,True,,Pass,
AC-807,AC,MOD-012,FR-125,FR-125,True,True,True,True,True,,Pass,
AC-808,AC,MOD-012,FR-125,FR-125,True,True,True,True,True,,Pass,
AC-809,AC,MOD-012,FR-125,FR-125,True,True,True,True,True,,Pass,
AC-810,AC,MOD-012,FR-126,FR-126,True,True,False,False,False,,Finding,
AC-811,AC,MOD-012,FR-126,FR-126,True,True,True,True,True,,Pass,
AC-812,AC,MOD-012,FR-126,FR-126,True,True,True,True,True,,Pass,
AC-813,AC,MOD-012,FR-127,FR-127,True,True,True,True,True,,Pass,
AC-814,AC,MOD-012,FR-127,FR-127,True,True,True,True,True,,Pass,
AC-815,AC,MOD-012,FR-127,FR-127,True,True,True,True,True,,Pass,
AC-816,AC,MOD-012,FR-127,FR-127,True,True,True,True,True,,Pass,
AC-817,AC,MOD-012,FR-127,FR-127,True,True,True,True,True,,Pass,
AC-818,AC,MOD-012,FR-127,FR-127,True,True,True,True,True,,Pass,
AC-819,AC,MOD-012,FR-127,FR-127,True,True,True,True,True,,Pass,
AC-820,AC,MOD-012,FR-128,FR-128,True,True,True,True,True,,Pass,
AC-821,AC,MOD-012,FR-128,FR-128,True,True,True,True,True,,Pass,
AC-822,AC,MOD-012,FR-128,FR-128,True,True,True,True,True,,Pass,
AC-823,AC,MOD-012,FR-128,FR-128,True,True,True,True,True,,Pass,
AC-824,AC,MOD-012,FR-128,FR-128,True,True,True,True,True,,Pass,
AC-825,AC,MOD-012,FR-128,FR-128,True,True,True,True,True,,Pass,
AC-826,AC,MOD-012,FR-128,FR-128,True,True,True,True,True,,Pass,
AC-827,AC,MOD-012,FR-128,FR-128,True,True,True,True,True,,Pass,
AC-828,AC,MOD-012,FR-129,FR-129,True,True,True,True,True,,Pass,
AC-829,AC,MOD-012,FR-129,FR-129,True,True,True,True,True,,Pass,
AC-830,AC,MOD-012,FR-129,FR-129,True,True,True,True,True,,Pass,
AC-831,AC,MOD-012,FR-129,FR-129,True,True,True,True,True,,Pass,
AC-832,AC,MOD-012,FR-129,FR-129,True,True,True,True,True,,Pass,
AC-833,AC,MOD-012,FR-129,FR-129,True,True,True,True,True,,Pass,
AC-834,AC,MOD-012,FR-129,FR-129,True,True,True,True,True,,Pass,
AC-835,AC,MOD-012,FR-129,FR-129,True,True,True,True,True,,Pass,
AC-836,AC,MOD-012,FR-130,FR-130,True,True,True,True,True,,Pass,
AC-837,AC,MOD-012,FR-130,FR-130,True,True,True,True,True,,Pass,
AC-838,AC,MOD-012,FR-130,FR-130,True,True,True,True,True,,Pass,
AC-839,AC,MOD-012,FR-130,FR-130,True,True,True,True,True,,Pass,
AC-840,AC,MOD-012,FR-130,FR-130,True,True,True,True,True,,Pass,
AC-841,AC,MOD-012,FR-130,FR-130,True,True,True,True,True,,Pass,
AC-842,AC,MOD-012,FR-130,FR-130,True,True,True,True,True,,Pass,
AC-843,AC,MOD-012,FR-130,FR-130,True,True,True,True,True,,Pass,
AC-844,AC,MOD-012,FR-131,FR-131,True,True,True,True,True,,Pass,
AC-845,AC,MOD-012,FR-131,FR-131,True,True,True,True,True,,Pass,
AC-846,AC,MOD-012,FR-131,FR-131,True,True,True,True,True,,Pass,
AC-847,AC,MOD-012,FR-131,FR-131,True,True,True,True,True,,Pass,
AC-848,AC,MOD-012,FR-131,FR-131,True,True,True,True,True,,Pass,
AC-849,AC,MOD-012,FR-131,FR-131,True,True,True,True,True,,Pass,
AC-850,AC,MOD-012,FR-132,FR-132,True,True,True,True,True,,Pass,
AC-851,AC,MOD-012,FR-132,FR-132,True,True,True,True,True,,Pass,
AC-852,AC,MOD-012,FR-132,FR-132,True,True,True,True,True,,Pass,
AC-853,AC,MOD-012,FR-132,FR-132,True,True,True,True,True,,Pass,
AC-854,AC,MOD-012,FR-132,FR-132,True,True,True,True,True,,Pass,
AC-855,AC,MOD-012,FR-132,FR-132,True,True,True,True,True,,Pass,
AC-856,AC,MOD-012,FR-132,FR-132,True,True,True,True,True,,Pass,
AC-857,AC,MOD-012,FR-132,FR-132,True,True,True,True,True,,Pass,
AC-858,AC,MOD-012,FR-133,FR-133,True,True,True,True,True,,Pass,
AC-859,AC,MOD-012,FR-133,FR-133,True,True,True,True,True,,Pass,
AC-860,AC,MOD-012,FR-133,FR-133,True,True,True,True,True,,Pass,
AC-861,AC,MOD-012,FR-133,FR-133,True,True,True,True,True,,Pass,
AC-862,AC,MOD-012,FR-133,FR-133,True,True,True,True,True,,Pass,
AC-863,AC,MOD-012,FR-133,FR-133,True,True,True,True,True,,Pass,
AC-864,AC,MOD-012,FR-133,FR-133,True,True,True,True,True,,Pass,
AC-865,AC,MOD-012,FR-133,FR-133,True,True,True,True,True,,Pass,
AC-866,AC,MOD-012,FR-134,FR-134,True,True,True,True,True,,Pass,
AC-867,AC,MOD-012,FR-134,FR-134,True,True,True,True,True,,Pass,
AC-868,AC,MOD-012,FR-134,FR-134,True,True,True,True,True,,Pass,
AC-869,AC,MOD-012,FR-134,FR-134,True,True,True,True,True,,Pass,
AC-870,AC,MOD-012,FR-134,FR-134,True,True,True,True,True,,Pass,
AC-871,AC,MOD-012,FR-134,FR-134,True,True,True,True,True,,Pass,
AC-872,AC,MOD-013,FR-135,FR-135,True,True,True,True,True,,Pass,
AC-873,AC,MOD-013,FR-135,FR-135,True,True,True,True,True,,Pass,
AC-874,AC,MOD-013,FR-135,FR-135,True,True,True,True,True,,Pass,
AC-875,AC,MOD-013,FR-135,FR-135,True,True,True,True,True,,Pass,
AC-876,AC,MOD-013,FR-135,FR-135,True,True,True,True,True,,Pass,
AC-877,AC,MOD-013,FR-135,FR-135,True,True,True,True,True,,Pass,
AC-878,AC,MOD-013,FR-136,FR-136,True,True,False,False,False,,Finding,
AC-879,AC,MOD-013,FR-136,FR-136,True,True,True,True,True,,Pass,
AC-880,AC,MOD-013,FR-136,FR-136,True,True,True,True,True,,Pass,
AC-881,AC,MOD-013,FR-137,FR-137,True,True,False,False,False,,Finding,
AC-882,AC,MOD-013,FR-137,FR-137,True,True,True,True,True,,Pass,
AC-883,AC,MOD-013,FR-137,FR-137,True,True,True,True,True,,Pass,
AC-884,AC,MOD-013,FR-138,FR-138,True,True,True,True,True,,Pass,
AC-885,AC,MOD-013,FR-138,FR-138,True,True,True,True,True,,Pass,
AC-886,AC,MOD-013,FR-138,FR-138,True,True,True,True,True,,Pass,
AC-887,AC,MOD-013,FR-138,FR-138,True,True,True,True,True,,Pass,
AC-888,AC,MOD-013,FR-138,FR-138,True,True,True,True,True,,Pass,
AC-889,AC,MOD-013,FR-138,FR-138,True,True,True,True,True,,Pass,
AC-890,AC,MOD-013,FR-138,FR-138,True,True,True,True,True,,Pass,
AC-891,AC,MOD-013,FR-139,FR-139,True,True,True,True,True,,Pass,
AC-892,AC,MOD-013,FR-139,FR-139,True,True,True,True,True,,Pass,
AC-893,AC,MOD-013,FR-139,FR-139,True,True,True,True,True,,Pass,
AC-894,AC,MOD-013,FR-139,FR-139,True,True,True,True,True,,Pass,
AC-895,AC,MOD-013,FR-139,FR-139,True,True,True,True,True,,Pass,
AC-896,AC,MOD-013,FR-139,FR-139,True,True,True,True,True,,Pass,
AC-897,AC,MOD-013,FR-140,FR-140,True,True,False,False,False,,Finding,
AC-898,AC,MOD-013,FR-140,FR-140,True,True,True,True,True,,Pass,
AC-899,AC,MOD-013,FR-140,FR-140,True,True,True,True,True,,Pass,
AC-900,AC,MOD-013,FR-141,FR-141,True,True,True,True,True,,Pass,
AC-901,AC,MOD-013,FR-141,FR-141,True,True,True,True,True,,Pass,
AC-902,AC,MOD-013,FR-141,FR-141,True,True,True,True,True,,Pass,
AC-903,AC,MOD-013,FR-141,FR-141,True,True,True,True,True,,Pass,
AC-904,AC,MOD-013,FR-141,FR-141,True,True,True,True,True,,Pass,
AC-905,AC,MOD-013,FR-141,FR-141,True,True,True,True,True,,Pass,
AC-906,AC,MOD-013,FR-141,FR-141,True,True,True,True,True,,Pass,
AC-907,AC,MOD-013,FR-142,FR-142,True,True,False,False,False,,Finding,
AC-908,AC,MOD-013,FR-142,FR-142,True,True,True,True,True,,Pass,
AC-909,AC,MOD-013,FR-142,FR-142,True,True,True,True,True,,Pass,
AC-910,AC,MOD-013,FR-143,FR-143,True,True,True,True,True,,Pass,
AC-911,AC,MOD-013,FR-143,FR-143,True,True,True,True,True,,Pass,
AC-912,AC,MOD-013,FR-143,FR-143,True,True,True,True,True,,Pass,
AC-913,AC,MOD-013,FR-143,FR-143,True,True,True,True,True,,Pass,
AC-914,AC,MOD-013,FR-143,FR-143,True,True,True,True,True,,Pass,
AC-915,AC,MOD-013,FR-143,FR-143,True,True,True,True,True,,Pass,
AC-916,AC,MOD-013,FR-143,FR-143,True,True,True,True,True,,Pass,
AC-917,AC,MOD-013,FR-144,FR-144,True,True,True,True,True,,Pass,
AC-918,AC,MOD-013,FR-144,FR-144,True,True,True,True,True,,Pass,
AC-919,AC,MOD-013,FR-144,FR-144,True,True,True,True,True,,Pass,
AC-920,AC,MOD-013,FR-144,FR-144,True,True,True,True,True,,Pass,
AC-921,AC,MOD-013,FR-144,FR-144,True,True,True,True,True,,Pass,
AC-922,AC,MOD-013,FR-144,FR-144,True,True,True,True,True,,Pass,
AC-923,AC,MOD-013,FR-145,FR-145,True,True,False,False,False,,Finding,
AC-924,AC,MOD-013,FR-145,FR-145,True,True,True,True,True,,Pass,
AC-925,AC,MOD-013,FR-145,FR-145,True,True,True,True,True,,Pass,
AC-926,AC,MOD-013,FR-146,FR-146,True,True,True,True,True,,Pass,
AC-927,AC,MOD-013,FR-146,FR-146,True,True,True,True,True,,Pass,
AC-928,AC,MOD-013,FR-146,FR-146,True,True,True,True,True,,Pass,
AC-929,AC,MOD-013,FR-146,FR-146,True,True,True,True,True,,Pass,
AC-930,AC,MOD-013,FR-146,FR-146,True,True,True,True,True,,Pass,
AC-931,AC,MOD-013,FR-146,FR-146,True,True,True,True,True,,Pass,
AC-932,AC,MOD-013,FR-146,FR-146,True,True,True,True,True,,Pass,
AC-933,AC,MOD-013,FR-147,FR-147,True,True,True,True,True,,Pass,
AC-934,AC,MOD-013,FR-147,FR-147,True,True,True,True,True,,Pass,
AC-935,AC,MOD-013,FR-147,FR-147,True,True,True,True,True,,Pass,
AC-936,AC,MOD-013,FR-147,FR-147,True,True,True,True,True,,Pass,
AC-937,AC,MOD-013,FR-147,FR-147,True,True,True,True,True,,Pass,
AC-938,AC,MOD-013,FR-147,FR-147,True,True,True,True,True,,Pass,
AC-939,AC,MOD-013,FR-147,FR-147,True,True,True,True,True,,Pass,
AC-940,AC,MOD-013,FR-147,FR-147,True,True,True,True,True,,Pass,
AC-941,AC,MOD-013,FR-148,FR-148,True,True,True,True,True,,Pass,
AC-942,AC,MOD-013,FR-148,FR-148,True,True,True,True,True,,Pass,
AC-943,AC,MOD-013,FR-148,FR-148,True,True,True,True,True,,Pass,
AC-944,AC,MOD-013,FR-148,FR-148,True,True,True,True,True,,Pass,
AC-945,AC,MOD-013,FR-148,FR-148,True,True,True,True,True,,Pass,
AC-946,AC,MOD-013,FR-148,FR-148,True,True,True,True,True,,Pass,
AC-947,AC,MOD-013,FR-148,FR-148,True,True,True,True,True,,Pass,
AC-948,AC,MOD-013,FR-148,FR-148,True,True,True,True,True,,Pass,
AC-949,AC,MOD-013,FR-149,FR-149,True,True,False,False,False,,Finding,
AC-950,AC,MOD-013,FR-149,FR-149,True,True,True,True,True,,Pass,
AC-951,AC,MOD-013,FR-149,FR-149,True,True,True,True,True,,Pass,
AC-952,AC,MOD-013,FR-150,FR-150,True,True,True,True,True,,Pass,
AC-953,AC,MOD-013,FR-150,FR-150,True,True,True,True,True,,Pass,
AC-954,AC,MOD-013,FR-150,FR-150,True,True,True,True,True,,Pass,
AC-955,AC,MOD-013,FR-150,FR-150,True,True,True,True,True,,Pass,
AC-956,AC,MOD-013,FR-150,FR-150,True,True,True,True,True,,Pass,
AC-957,AC,MOD-013,FR-150,FR-150,True,True,True,True,True,,Pass,
AC-958,AC,MOD-013,FR-150,FR-150,True,True,True,True,True,,Pass,
AC-959,AC,MOD-013,FR-151,FR-151,True,True,True,True,True,,Pass,
AC-960,AC,MOD-013,FR-151,FR-151,True,True,True,True,True,,Pass,
AC-961,AC,MOD-013,FR-151,FR-151,True,True,True,True,True,,Pass,
AC-962,AC,MOD-013,FR-151,FR-151,True,True,True,True,True,,Pass,
AC-963,AC,MOD-013,FR-151,FR-151,True,True,True,True,True,,Pass,
AC-964,AC,MOD-013,FR-152,FR-152,True,True,True,True,True,,Pass,
AC-965,AC,MOD-013,FR-152,FR-152,True,True,True,True,True,,Pass,
AC-966,AC,MOD-013,FR-152,FR-152,True,True,True,True,True,,Pass,
AC-967,AC,MOD-013,FR-152,FR-152,True,True,True,True,True,,Pass,
AC-968,AC,MOD-013,FR-152,FR-152,True,True,True,True,True,,Pass,
AC-969,AC,MOD-013,FR-152,FR-152,True,True,True,True,True,,Pass,
AC-970,AC,MOD-013,FR-152,FR-152,True,True,True,True,True,,Pass,
AC-971,AC,MOD-013,FR-153,FR-153,True,True,False,False,False,,Finding,
AC-972,AC,MOD-013,FR-153,FR-153,True,True,True,True,True,,Pass,
AC-973,AC,MOD-013,FR-153,FR-153,True,True,True,True,True,,Pass,
AC-974,AC,MOD-013,FR-154,FR-154,True,True,True,True,True,,Pass,
AC-975,AC,MOD-013,FR-154,FR-154,True,True,True,True,True,,Pass,
AC-976,AC,MOD-013,FR-154,FR-154,True,True,True,True,True,,Pass,
AC-977,AC,MOD-013,FR-154,FR-154,True,True,True,True,True,,Pass,
AC-978,AC,MOD-013,FR-154,FR-154,True,True,True,True,True,,Pass,
AC-979,AC,MOD-013,FR-154,FR-154,True,True,True,True,True,,Pass,
AC-980,AC,MOD-013,FR-154,FR-154,True,True,True,True,True,,Pass,
AC-981,AC,MOD-013,FR-155,FR-155,True,True,True,True,True,,Pass,
AC-982,AC,MOD-013,FR-155,FR-155,True,True,True,True,True,,Pass,
AC-983,AC,MOD-013,FR-155,FR-155,True,True,True,True,True,,Pass,
AC-984,AC,MOD-013,FR-155,FR-155,True,True,True,True,True,,Pass,
AC-985,AC,MOD-013,FR-155,FR-155,True,True,True,True,True,,Pass,
AC-986,AC,MOD-013,FR-156,FR-156,True,True,False,False,False,,Finding,
AC-987,AC,MOD-013,FR-156,FR-156,True,True,True,True,True,,Pass,
AC-988,AC,MOD-013,FR-156,FR-156,True,True,True,True,True,,Pass,
AC-989,AC,MOD-013,FR-157,FR-157,True,True,True,True,True,,Pass,
AC-990,AC,MOD-013,FR-157,FR-157,True,True,True,True,True,,Pass,
AC-991,AC,MOD-013,FR-157,FR-157,True,True,True,True,True,,Pass,
AC-992,AC,MOD-013,FR-157,FR-157,True,True,True,True,True,,Pass,
AC-993,AC,MOD-013,FR-157,FR-157,True,True,True,True,True,,Pass,
AC-994,AC,MOD-013,FR-157,FR-157,True,True,True,True,True,,Pass,
AC-995,AC,MOD-013,FR-158,FR-158,True,True,True,True,True,,Pass,
AC-996,AC,MOD-013,FR-158,FR-158,True,True,True,True,True,,Pass,
AC-997,AC,MOD-013,FR-158,FR-158,True,True,True,True,True,,Pass,
AC-998,AC,MOD-013,FR-158,FR-158,True,True,True,True,True,,Pass,
AC-999,AC,MOD-013,FR-158,FR-158,True,True,True,True,True,,Pass,
AC-1000,AC,MOD-013,FR-158,FR-158,True,True,True,True,True,,Pass,
AC-1001,AC,MOD-013,FR-158,FR-158,True,True,True,True,True,,Pass,
AC-1002,AC,MOD-014,FR-159,FR-159,True,True,False,False,False,,Finding,
AC-1003,AC,MOD-014,FR-159,FR-159,True,True,True,True,True,,Pass,
AC-1004,AC,MOD-014,FR-159,FR-159,True,True,True,True,True,,Pass,
AC-1005,AC,MOD-014,FR-159,FR-159,True,True,True,True,True,,Pass,
AC-1006,AC,MOD-014,FR-160,FR-160,True,True,False,False,False,,Finding,
AC-1007,AC,MOD-014,FR-160,FR-160,True,True,True,True,True,,Pass,
AC-1008,AC,MOD-014,FR-160,FR-160,True,True,True,True,True,,Pass,
AC-1009,AC,MOD-015,FR-161,FR-161,True,True,False,False,False,,Finding,
AC-1010,AC,MOD-015,FR-161,FR-161,True,True,True,True,True,,Pass,
AC-1011,AC,MOD-015,FR-161,FR-161,True,True,True,True,True,,Pass,
AC-1012,AC,MOD-015,FR-162,FR-162,True,True,True,True,True,,Pass,
AC-1013,AC,MOD-015,FR-162,FR-162,True,True,True,True,True,,Pass,
AC-1014,AC,MOD-015,FR-162,FR-162,True,True,True,True,True,,Pass,
AC-1015,AC,MOD-015,FR-162,FR-162,True,True,True,True,True,,Pass,
AC-1016,AC,MOD-015,FR-162,FR-162,True,True,True,True,True,,Pass,
AC-1017,AC,MOD-015,FR-163,FR-163,True,True,False,False,False,,Finding,
AC-1018,AC,MOD-015,FR-163,FR-163,True,True,True,True,True,,Pass,
AC-1019,AC,MOD-015,FR-163,FR-163,True,True,True,True,True,,Pass,
AC-1020,AC,MOD-015,FR-164,FR-164,True,True,True,True,True,,Pass,
AC-1021,AC,MOD-015,FR-164,FR-164,True,True,True,True,True,,Pass,
AC-1022,AC,MOD-015,FR-164,FR-164,True,True,True,True,True,,Pass,
AC-1023,AC,MOD-015,FR-164,FR-164,True,True,True,True,True,,Pass,
AC-1024,AC,MOD-015,FR-164,FR-164,True,True,True,True,True,,Pass,
AC-1025,AC,MOD-015,FR-164,FR-164,True,True,True,True,True,,Pass,
AC-1026,AC,MOD-015,FR-164,FR-164,True,True,True,True,True,,Pass,
AC-1027,AC,MOD-015,FR-165,FR-165,True,True,True,True,True,,Pass,
AC-1028,AC,MOD-015,FR-165,FR-165,True,True,True,True,True,,Pass,
AC-1029,AC,MOD-015,FR-165,FR-165,True,True,True,True,True,,Pass,
AC-1030,AC,MOD-015,FR-165,FR-165,True,True,True,True,True,,Pass,
AC-1031,AC,MOD-015,FR-165,FR-165,True,True,True,True,True,,Pass,
AC-1032,AC,MOD-016,FR-166,FR-166,True,True,False,False,False,,Finding,
AC-1033,AC,MOD-016,FR-166,FR-166,True,True,True,True,True,,Pass,
AC-1034,AC,MOD-016,FR-166,FR-166,True,True,True,True,True,,Pass,
AC-1035,AC,MOD-016,FR-167,FR-167,True,True,True,True,True,,Pass,
AC-1036,AC,MOD-016,FR-167,FR-167,True,True,True,True,True,,Pass,
AC-1037,AC,MOD-016,FR-167,FR-167,True,True,True,True,True,,Pass,
AC-1038,AC,MOD-016,FR-167,FR-167,True,True,True,True,True,,Pass,
AC-1039,AC,MOD-016,FR-167,FR-167,True,True,True,True,True,,Pass,
AC-1040,AC,MOD-016,FR-167,FR-167,True,True,True,True,True,,Pass,
AC-1041,AC,MOD-017,FR-168,FR-168,True,True,False,False,False,,Finding,
AC-1042,AC,MOD-017,FR-168,FR-168,True,True,True,True,True,,Pass,
AC-1043,AC,MOD-017,FR-168,FR-168,True,True,True,True,True,,Pass,
AC-1044,AC,MOD-017,FR-169,FR-169,True,True,True,True,True,,Pass,
AC-1045,AC,MOD-017,FR-169,FR-169,True,True,True,True,True,,Pass,
AC-1046,AC,MOD-017,FR-169,FR-169,True,True,True,True,True,,Pass,
AC-1047,AC,MOD-017,FR-169,FR-169,True,True,True,True,True,,Pass,
AC-1048,AC,MOD-017,FR-169,FR-169,True,True,True,True,True,,Pass,
AC-1049,AC,MOD-017,FR-169,FR-169,True,True,True,True,True,,Pass,
AC-1050,AC,MOD-017,FR-169,FR-169,True,True,True,True,True,,Pass,
AC-1051,AC,MOD-017,FR-170,FR-170,True,True,True,True,True,,Pass,
AC-1052,AC,MOD-017,FR-170,FR-170,True,True,True,True,True,,Pass,
AC-1053,AC,MOD-017,FR-170,FR-170,True,True,True,True,True,,Pass,
AC-1054,AC,MOD-017,FR-170,FR-170,True,True,True,True,True,,Pass,
AC-1055,AC,MOD-017,FR-170,FR-170,True,True,True,True,True,,Pass,
AC-1056,AC,MOD-017,FR-170,FR-170,True,True,True,True,True,,Pass,
AC-1057,AC,MOD-017,FR-170,FR-170,True,True,True,True,True,,Pass,
AC-1058,AC,MOD-018,FR-171,FR-171,True,True,False,False,False,,Finding,
AC-1059,AC,MOD-018,FR-171,FR-171,True,True,True,True,True,,Pass,
AC-1060,AC,MOD-018,FR-171,FR-171,True,True,True,True,True,,Pass,
AC-1061,AC,MOD-018,FR-172,FR-172,True,True,True,True,True,,Pass,
AC-1062,AC,MOD-018,FR-172,FR-172,True,True,True,True,True,,Pass,
AC-1063,AC,MOD-018,FR-172,FR-172,True,True,True,True,True,,Pass,
AC-1064,AC,MOD-018,FR-172,FR-172,True,True,True,True,True,,Pass,
AC-1065,AC,MOD-018,FR-172,FR-172,True,True,True,True,True,,Pass,
AC-1066,AC,MOD-018,FR-172,FR-172,True,True,True,True,True,,Pass,
AC-1067,AC,MOD-018,FR-172,FR-172,True,True,True,True,True,,Pass,
AC-1068,AC,MOD-018,FR-173,FR-173,True,True,False,False,False,,Finding,
AC-1069,AC,MOD-018,FR-173,FR-173,True,True,True,True,True,,Pass,
AC-1070,AC,MOD-018,FR-173,FR-173,True,True,True,True,True,,Pass,
AC-1071,AC,MOD-018,FR-174,FR-174,True,True,True,True,True,,Pass,
AC-1072,AC,MOD-018,FR-174,FR-174,True,True,True,True,True,,Pass,
AC-1073,AC,MOD-018,FR-174,FR-174,True,True,True,True,True,,Pass,
AC-1074,AC,MOD-018,FR-174,FR-174,True,True,True,True,True,,Pass,
AC-1075,AC,MOD-018,FR-174,FR-174,True,True,True,True,True,,Pass,
AC-1076,AC,MOD-018,FR-174,FR-174,True,True,True,True,True,,Pass,
AC-1077,AC,MOD-018,FR-174,FR-174,True,True,True,True,True,,Pass,
AC-1078,AC,MOD-018,FR-175,FR-175,True,True,False,False,False,,Finding,
AC-1079,AC,MOD-018,FR-175,FR-175,True,True,True,True,True,,Pass,
AC-1080,AC,MOD-018,FR-175,FR-175,True,True,True,True,True,,Pass,
AC-1081,AC,MOD-018,FR-176,FR-176,True,True,True,True,True,,Pass,
AC-1082,AC,MOD-018,FR-176,FR-176,True,True,True,True,True,,Pass,
AC-1083,AC,MOD-018,FR-176,FR-176,True,True,True,True,True,,Pass,
AC-1084,AC,MOD-018,FR-176,FR-176,True,True,True,True,True,,Pass,
AC-1085,AC,MOD-018,FR-176,FR-176,True,True,True,True,True,,Pass,
AC-1086,AC,MOD-018,FR-176,FR-176,True,True,True,True,True,,Pass,
AC-1087,AC,MOD-018,FR-176,FR-176,True,True,True,True,True,,Pass,
AC-1088,AC,MOD-019,FR-177,FR-177,True,True,False,False,False,,Finding,
AC-1089,AC,MOD-019,FR-177,FR-177,True,True,True,True,True,,Pass,
AC-1090,AC,MOD-019,FR-177,FR-177,True,True,True,True,True,,Pass,
AC-1091,AC,MOD-019,FR-178,FR-178,True,True,True,True,True,,Pass,
AC-1092,AC,MOD-019,FR-178,FR-178,True,True,True,True,True,,Pass,
AC-1093,AC,MOD-019,FR-178,FR-178,True,True,True,True,True,,Pass,
AC-1094,AC,MOD-019,FR-178,FR-178,True,True,True,True,True,,Pass,
AC-1095,AC,MOD-019,FR-178,FR-178,True,True,True,True,True,,Pass,
AC-1096,AC,MOD-019,FR-178,FR-178,True,True,True,True,True,,Pass,
AC-1097,AC,MOD-019,FR-179,FR-179,True,True,True,True,True,,Pass,
AC-1098,AC,MOD-019,FR-179,FR-179,True,True,True,True,True,,Pass,
AC-1099,AC,MOD-019,FR-179,FR-179,True,True,True,True,True,,Pass,
AC-1100,AC,MOD-019,FR-179,FR-179,True,True,True,True,True,,Pass,
AC-1101,AC,MOD-019,FR-179,FR-179,True,True,True,True,True,,Pass,
AC-1102,AC,MOD-019,FR-179,FR-179,True,True,True,True,True,,Pass,
AC-1103,AC,MOD-019,FR-179,FR-179,True,True,True,True,True,,Pass,
AC-1104,AC,MOD-019,FR-180,FR-180,True,True,True,True,True,,Pass,
AC-1105,AC,MOD-019,FR-180,FR-180,True,True,True,True,True,,Pass,
AC-1106,AC,MOD-019,FR-180,FR-180,True,True,True,True,True,,Pass,
AC-1107,AC,MOD-019,FR-180,FR-180,True,True,True,True,True,,Pass,
AC-1108,AC,MOD-019,FR-180,FR-180,True,True,True,True,True,,Pass,
AC-1109,AC,MOD-019,FR-180,FR-180,True,True,True,True,True,,Pass,
AC-1110,AC,MOD-019,FR-181,FR-181,True,True,True,True,True,,Pass,
AC-1111,AC,MOD-019,FR-181,FR-181,True,True,True,True,True,,Pass,
AC-1112,AC,MOD-019,FR-181,FR-181,True,True,True,True,True,,Pass,
AC-1113,AC,MOD-019,FR-181,FR-181,True,True,True,True,True,,Pass,
AC-1114,AC,MOD-019,FR-181,FR-181,True,True,True,True,True,,Pass,
AC-1115,AC,MOD-019,FR-181,FR-181,True,True,True,True,True,,Pass,
AC-1116,AC,MOD-019,FR-182,FR-182,True,True,True,True,True,,Pass,
AC-1117,AC,MOD-019,FR-182,FR-182,True,True,True,True,True,,Pass,
AC-1118,AC,MOD-019,FR-182,FR-182,True,True,True,True,True,,Pass,
AC-1119,AC,MOD-019,FR-182,FR-182,True,True,True,True,True,,Pass,
AC-1120,AC,MOD-019,FR-182,FR-182,True,True,True,True,True,,Pass,
AC-1121,AC,MOD-019,FR-182,FR-182,True,True,True,True,True,,Pass,
AC-1122,AC,MOD-019,FR-182,FR-182,True,True,True,True,True,,Pass,
AC-1123,AC,MOD-019,FR-183,FR-183,True,True,False,False,False,,Finding,
AC-1124,AC,MOD-019,FR-183,FR-183,True,True,True,True,True,,Pass,
AC-1125,AC,MOD-019,FR-183,FR-183,True,True,True,True,True,,Pass,
AC-1126,AC,MOD-019,FR-184,FR-184,True,True,True,True,True,,Pass,
AC-1127,AC,MOD-019,FR-184,FR-184,True,True,True,True,True,,Pass,
AC-1128,AC,MOD-019,FR-184,FR-184,True,True,True,True,True,,Pass,
AC-1129,AC,MOD-019,FR-184,FR-184,True,True,True,True,True,,Pass,
AC-1130,AC,MOD-019,FR-184,FR-184,True,True,True,True,True,,Pass,
AC-1131,AC,MOD-019,FR-184,FR-184,True,True,True,True,True,,Pass,
AC-1132,AC,MOD-019,FR-185,FR-185,True,True,False,False,False,,Finding,
AC-1133,AC,MOD-019,FR-185,FR-185,True,True,True,True,True,,Pass,
AC-1134,AC,MOD-019,FR-185,FR-185,True,True,True,True,True,,Pass,
AC-1135,AC,MOD-019,FR-186,FR-186,True,True,True,True,True,,Pass,
AC-1136,AC,MOD-019,FR-186,FR-186,True,True,True,True,True,,Pass,
AC-1137,AC,MOD-019,FR-186,FR-186,True,True,True,True,True,,Pass,
AC-1138,AC,MOD-019,FR-186,FR-186,True,True,True,True,True,,Pass,
AC-1139,AC,MOD-019,FR-186,FR-186,True,True,True,True,True,,Pass,
AC-1140,AC,MOD-019,FR-186,FR-186,True,True,True,True,True,,Pass,
AC-1141,AC,MOD-019,FR-187,FR-187,True,True,True,True,True,,Pass,
AC-1142,AC,MOD-019,FR-187,FR-187,True,True,True,True,True,,Pass,
AC-1143,AC,MOD-019,FR-187,FR-187,True,True,True,True,True,,Pass,
AC-1144,AC,MOD-019,FR-187,FR-187,True,True,True,True,True,,Pass,
AC-1145,AC,MOD-019,FR-187,FR-187,True,True,True,True,True,,Pass,
AC-1146,AC,MOD-019,FR-187,FR-187,True,True,True,True,True,,Pass,
AC-1147,AC,MOD-019,FR-188,FR-188,True,True,False,False,False,,Finding,
AC-1148,AC,MOD-019,FR-188,FR-188,True,True,True,True,True,,Pass,
AC-1149,AC,MOD-019,FR-188,FR-188,True,True,True,True,True,,Pass,
AC-1150,AC,MOD-019,FR-189,FR-189,True,True,False,False,False,,Finding,
AC-1151,AC,MOD-019,FR-189,FR-189,True,True,True,True,True,,Pass,
AC-1152,AC,MOD-019,FR-189,FR-189,True,True,True,True,True,,Pass,
AC-1153,AC,MOD-019,FR-190,FR-190,True,True,False,False,False,,Finding,
AC-1154,AC,MOD-019,FR-190,FR-190,True,True,True,True,True,,Pass,
AC-1155,AC,MOD-019,FR-190,FR-190,True,True,True,True,True,,Pass,
AC-1156,AC,MOD-019,FR-191,FR-191,True,True,True,True,True,,Pass,
AC-1157,AC,MOD-019,FR-191,FR-191,True,True,True,True,True,,Pass,
AC-1158,AC,MOD-019,FR-191,FR-191,True,True,True,True,True,,Pass,
AC-1159,AC,MOD-019,FR-191,FR-191,True,True,True,True,True,,Pass,
AC-1160,AC,MOD-019,FR-191,FR-191,True,True,True,True,True,,Pass,
AC-1161,AC,MOD-019,FR-191,FR-191,True,True,True,True,True,,Pass,
AC-1162,AC,MOD-019,FR-191,FR-191,True,True,True,True,True,,Pass,
AC-1163,AC,MOD-019,FR-192,FR-192,True,True,False,False,False,,Finding,
AC-1164,AC,MOD-019,FR-192,FR-192,True,True,True,True,True,,Pass,
AC-1165,AC,MOD-019,FR-192,FR-192,True,True,True,True,True,,Pass,
AC-1166,AC,MOD-019,FR-193,FR-193,True,True,True,True,True,,Pass,
AC-1167,AC,MOD-019,FR-193,FR-193,True,True,True,True,True,,Pass,
AC-1168,AC,MOD-019,FR-193,FR-193,True,True,True,True,True,,Pass,
AC-1169,AC,MOD-019,FR-193,FR-193,True,True,True,True,True,,Pass,
AC-1170,AC,MOD-019,FR-193,FR-193,True,True,True,True,True,,Pass,
AC-1171,AC,MOD-019,FR-194,FR-194,True,True,False,False,False,,Finding,
AC-1172,AC,MOD-019,FR-194,FR-194,True,True,True,True,True,,Pass,
AC-1173,AC,MOD-019,FR-194,FR-194,True,True,True,True,True,,Pass,
AC-1174,AC,MOD-019,FR-195,FR-195,True,True,True,True,True,,Pass,
AC-1175,AC,MOD-019,FR-195,FR-195,True,True,True,True,True,,Pass,
AC-1176,AC,MOD-019,FR-195,FR-195,True,True,True,True,True,,Pass,
AC-1177,AC,MOD-019,FR-195,FR-195,True,True,True,True,True,,Pass,
AC-1178,AC,MOD-019,FR-195,FR-195,True,True,True,True,True,,Pass,
AC-1179,AC,MOD-019,FR-195,FR-195,True,True,True,True,True,,Pass,
AC-1180,AC,MOD-019,FR-196,FR-196,True,True,True,True,True,,Pass,
AC-1181,AC,MOD-019,FR-196,FR-196,True,True,True,True,True,,Pass,
AC-1182,AC,MOD-019,FR-196,FR-196,True,True,True,True,True,,Pass,
AC-1183,AC,MOD-019,FR-196,FR-196,True,True,True,True,True,,Pass,
AC-1184,AC,MOD-019,FR-196,FR-196,True,True,True,True,True,,Pass,
AC-1185,AC,MOD-019,FR-196,FR-196,True,True,True,True,True,,Pass,
AC-1186,AC,MOD-019,FR-196,FR-196,True,True,True,True,True,,Pass,
AC-1187,AC,MOD-019,FR-197,FR-197,True,True,True,True,True,,Pass,
AC-1188,AC,MOD-019,FR-197,FR-197,True,True,True,True,True,,Pass,
AC-1189,AC,MOD-019,FR-197,FR-197,True,True,True,True,True,,Pass,
AC-1190,AC,MOD-019,FR-197,FR-197,True,True,True,True,True,,Pass,
AC-1191,AC,MOD-019,FR-197,FR-197,True,True,True,True,True,,Pass,
AC-1192,AC,MOD-019,FR-197,FR-197,True,True,True,True,True,,Pass,
AC-1193,AC,MOD-019,FR-197,FR-197,True,True,True,True,True,,Pass,
AC-1194,AC,MOD-019,FR-198,FR-198,True,True,True,True,True,,Pass,
AC-1195,AC,MOD-019,FR-198,FR-198,True,True,True,True,True,,Pass,
AC-1196,AC,MOD-019,FR-198,FR-198,True,True,True,True,True,,Pass,
AC-1197,AC,MOD-019,FR-198,FR-198,True,True,True,True,True,,Pass,
AC-1198,AC,MOD-019,FR-198,FR-198,True,True,True,True,True,,Pass,
AC-1199,AC,MOD-019,FR-198,FR-198,True,True,True,True,True,,Pass,
AC-1200,AC,MOD-019,FR-198,FR-198,True,True,True,True,True,,Pass,
AC-1201,AC,MOD-019,FR-199,FR-199,True,True,True,True,True,,Pass,
AC-1202,AC,MOD-019,FR-199,FR-199,True,True,True,True,True,,Pass,
AC-1203,AC,MOD-019,FR-199,FR-199,True,True,True,True,True,,Pass,
AC-1204,AC,MOD-019,FR-199,FR-199,True,True,True,True,True,,Pass,
AC-1205,AC,MOD-019,FR-199,FR-199,True,True,True,True,True,,Pass,
AC-1206,AC,MOD-019,FR-200,FR-200,True,True,False,False,False,,Finding,
AC-1207,AC,MOD-019,FR-200,FR-200,True,True,True,True,True,,Pass,
AC-1208,AC,MOD-019,FR-200,FR-200,True,True,True,True,True,,Pass,
AC-1209,AC,MOD-019,FR-201,FR-201,True,True,False,False,False,,Finding,
AC-1210,AC,MOD-019,FR-201,FR-201,True,True,True,True,True,,Pass,
AC-1211,AC,MOD-019,FR-201,FR-201,True,True,True,True,True,,Pass,
AC-1212,AC,MOD-019,FR-202,FR-202,True,True,True,True,True,,Pass,
AC-1213,AC,MOD-019,FR-202,FR-202,True,True,True,True,True,,Pass,
AC-1214,AC,MOD-019,FR-202,FR-202,True,True,True,True,True,,Pass,
AC-1215,AC,MOD-019,FR-202,FR-202,True,True,True,True,True,,Pass,
AC-1216,AC,MOD-019,FR-202,FR-202,True,True,True,True,True,,Pass,
AC-1217,AC,MOD-019,FR-202,FR-202,True,True,True,True,True,,Pass,
AC-1218,AC,MOD-019,FR-203,FR-203,True,True,True,True,True,,Pass,
AC-1219,AC,MOD-019,FR-203,FR-203,True,True,True,True,True,,Pass,
AC-1220,AC,MOD-019,FR-203,FR-203,True,True,True,True,True,,Pass,
AC-1221,AC,MOD-019,FR-204,FR-204,True,True,True,True,True,,Pass,
AC-1222,AC,MOD-019,FR-204,FR-204,True,True,True,True,True,,Pass,
AC-1223,AC,MOD-019,FR-204,FR-204,True,True,True,True,True,,Pass,
AC-1224,AC,MOD-019,FR-204,FR-204,True,True,True,True,True,,Pass,
AC-1225,AC,MOD-019,FR-204,FR-204,True,True,True,True,True,,Pass,
AC-1226,AC,MOD-019,FR-204,FR-204,True,True,True,True,True,,Pass,
AC-1227,AC,MOD-019,FR-205,FR-205,True,True,False,False,False,,Finding,
AC-1228,AC,MOD-019,FR-205,FR-205,True,True,True,True,True,,Pass,
AC-1229,AC,MOD-019,FR-205,FR-205,True,True,True,True,True,,Pass,
AC-1230,AC,MOD-019,FR-206,FR-206,True,True,True,True,True,,Pass,
AC-1231,AC,MOD-019,FR-206,FR-206,True,True,True,True,True,,Pass,
AC-1232,AC,MOD-019,FR-206,FR-206,True,True,True,True,True,,Pass,
AC-1233,AC,MOD-019,FR-206,FR-206,True,True,True,True,True,,Pass,
AC-1234,AC,MOD-019,FR-206,FR-206,True,True,True,True,True,,Pass,
AC-1235,AC,MOD-019,FR-206,FR-206,True,True,True,True,True,,Pass,
AC-1236,AC,MOD-019,FR-206,FR-206,True,True,True,True,True,,Pass,
AC-1237,AC,MOD-019,FR-207,FR-207,True,True,True,True,True,,Pass,
AC-1238,AC,MOD-019,FR-207,FR-207,True,True,True,True,True,,Pass,
AC-1239,AC,MOD-019,FR-207,FR-207,True,True,True,True,True,,Pass,
AC-1240,AC,MOD-019,FR-207,FR-207,True,True,True,True,True,,Pass,
AC-1241,AC,MOD-019,FR-207,FR-207,True,True,True,True,True,,Pass,
AC-1242,AC,MOD-019,FR-207,FR-207,True,True,True,True,True,,Pass,
AC-1243,AC,MOD-019,FR-207,FR-207,True,True,True,True,True,,Pass,
AC-1244,AC,MOD-019,FR-208,FR-208,True,True,True,True,True,,Pass,
AC-1245,AC,MOD-019,FR-208,FR-208,True,True,True,True,True,,Pass,
AC-1246,AC,MOD-019,FR-208,FR-208,True,True,True,True,True,,Pass,
AC-1247,AC,MOD-019,FR-208,FR-208,True,True,True,True,True,,Pass,
AC-1248,AC,MOD-019,FR-208,FR-208,True,True,True,True,True,,Pass,
AC-1249,AC,MOD-019,FR-208,FR-208,True,True,True,True,True,,Pass,
AC-1250,AC,MOD-019,FR-209,FR-209,True,True,False,False,False,,Finding,
AC-1251,AC,MOD-019,FR-209,FR-209,True,True,True,True,True,,Pass,
AC-1252,AC,MOD-019,FR-209,FR-209,True,True,True,True,True,,Pass,
AC-1253,AC,MOD-019,FR-210,FR-210,True,True,False,False,False,,Finding,
AC-1254,AC,MOD-019,FR-210,FR-210,True,True,True,True,True,,Pass,
AC-1255,AC,MOD-019,FR-210,FR-210,True,True,True,True,True,,Pass,
AC-1256,AC,MOD-019,FR-211,FR-211,True,True,False,False,False,,Finding,
AC-1257,AC,MOD-019,FR-211,FR-211,True,True,True,True,True,,Pass,
AC-1258,AC,MOD-019,FR-211,FR-211,True,True,True,True,True,,Pass,
AC-1259,AC,MOD-019,FR-212,FR-212,True,True,True,True,True,,Pass,
AC-1260,AC,MOD-019,FR-212,FR-212,True,True,True,True,True,,Pass,
AC-1261,AC,MOD-019,FR-212,FR-212,True,True,True,True,True,,Pass,
AC-1262,AC,MOD-019,FR-212,FR-212,True,True,True,True,True,,Pass,
AC-1263,AC,MOD-019,FR-212,FR-212,True,True,True,True,True,,Pass,
AC-1264,AC,MOD-019,FR-212,FR-212,True,True,True,True,True,,Pass,
AC-1265,AC,MOD-019,FR-213,FR-213,True,True,False,False,False,,Finding,
AC-1266,AC,MOD-019,FR-213,FR-213,True,True,True,True,True,,Pass,
AC-1267,AC,MOD-019,FR-213,FR-213,True,True,True,True,True,,Pass,
AC-1268,AC,MOD-019,FR-214,FR-214,True,True,True,True,True,,Pass,
AC-1269,AC,MOD-019,FR-214,FR-214,True,True,True,True,True,,Pass,
AC-1270,AC,MOD-019,FR-214,FR-214,True,True,True,True,True,,Pass,
AC-1271,AC,MOD-019,FR-214,FR-214,True,True,True,True,True,,Pass,
AC-1272,AC,MOD-019,FR-214,FR-214,True,True,True,True,True,,Pass,
AC-1273,AC,MOD-019,FR-214,FR-214,True,True,True,True,True,,Pass,
AC-1274,AC,MOD-019,FR-214,FR-214,True,True,True,True,True,,Pass,
AC-1275,AC,MOD-019,FR-215,FR-215,True,True,True,True,True,,Pass,
AC-1276,AC,MOD-019,FR-215,FR-215,True,True,True,True,True,,Pass,
AC-1277,AC,MOD-019,FR-215,FR-215,True,True,True,True,True,,Pass,
AC-1278,AC,MOD-019,FR-215,FR-215,True,True,True,True,True,,Pass,
AC-1279,AC,MOD-019,FR-215,FR-215,True,True,True,True,True,,Pass,
AC-1280,AC,MOD-019,FR-216,FR-216,True,True,False,False,False,,Finding,
AC-1281,AC,MOD-019,FR-216,FR-216,True,True,True,True,True,,Pass,
AC-1282,AC,MOD-019,FR-216,FR-216,True,True,True,True,True,,Pass,
AC-1283,AC,MOD-019,FR-217,FR-217,True,True,True,True,True,,Pass,
AC-1284,AC,MOD-019,FR-217,FR-217,True,True,True,True,True,,Pass,
AC-1285,AC,MOD-019,FR-217,FR-217,True,True,True,True,True,,Pass,
AC-1286,AC,MOD-019,FR-217,FR-217,True,True,True,True,True,,Pass,
AC-1287,AC,MOD-019,FR-217,FR-217,True,True,True,True,True,,Pass,
AC-1288,AC,MOD-019,FR-217,FR-217,True,True,True,True,True,,Pass,
AC-1289,AC,MOD-019,FR-218,FR-218,True,True,True,True,True,,Pass,
AC-1290,AC,MOD-019,FR-218,FR-218,True,True,True,True,True,,Pass,
AC-1291,AC,MOD-019,FR-218,FR-218,True,True,True,True,True,,Pass,
AC-1292,AC,MOD-019,FR-218,FR-218,True,True,True,True,True,,Pass,
AC-1293,AC,MOD-019,FR-218,FR-218,True,True,True,True,True,,Pass,
AC-1294,AC,MOD-019,FR-218,FR-218,True,True,True,True,True,,Pass,
AC-1295,AC,MOD-019,FR-218,FR-218,True,True,True,True,True,,Pass,
AC-1296,AC,MOD-019,FR-219,FR-219,True,True,True,True,True,,Pass,
AC-1297,AC,MOD-019,FR-219,FR-219,True,True,True,True,True,,Pass,
AC-1298,AC,MOD-019,FR-219,FR-219,True,True,True,True,True,,Pass,
AC-1299,AC,MOD-019,FR-219,FR-219,True,True,True,True,True,,Pass,
AC-1300,AC,MOD-019,FR-219,FR-219,True,True,True,True,True,,Pass,
AC-1301,AC,MOD-019,FR-219,FR-219,True,True,True,True,True,,Pass,
AC-1302,AC,MOD-019,FR-219,FR-219,True,True,True,True,True,,Pass,
AC-1303,AC,MOD-019,FR-220,FR-220,True,True,True,True,True,,Pass,
AC-1304,AC,MOD-019,FR-220,FR-220,True,True,True,True,True,,Pass,
AC-1305,AC,MOD-019,FR-220,FR-220,True,True,True,True,True,,Pass,
AC-1306,AC,MOD-019,FR-220,FR-220,True,True,True,True,True,,Pass,
AC-1307,AC,MOD-019,FR-220,FR-220,True,True,True,True,True,,Pass,
AC-1308,AC,MOD-019,FR-220,FR-220,True,True,True,True,True,,Pass,
AC-1309,AC,MOD-019,FR-220,FR-220,True,True,True,True,True,,Pass,
AC-1310,AC,MOD-019,FR-221,FR-221,True,True,False,False,False,,Finding,
AC-1311,AC,MOD-019,FR-221,FR-221,True,True,True,True,True,,Pass,
AC-1312,AC,MOD-019,FR-221,FR-221,True,True,True,True,True,,Pass,
AC-1313,AC,MOD-019,FR-222,FR-222,True,True,True,True,True,,Pass,
AC-1314,AC,MOD-019,FR-222,FR-222,True,True,True,True,True,,Pass,
AC-1315,AC,MOD-019,FR-222,FR-222,True,True,True,True,True,,Pass,
AC-1316,AC,MOD-019,FR-222,FR-222,True,True,True,True,True,,Pass,
AC-1317,AC,MOD-019,FR-222,FR-222,True,True,True,True,True,,Pass,
AC-1318,AC,MOD-019,FR-222,FR-222,True,True,True,True,True,,Pass,
AC-1319,AC,MOD-019,FR-222,FR-222,True,True,True,True,True,,Pass,
AC-1320,AC,MOD-019,FR-223,FR-223,True,True,False,False,False,,Finding,
AC-1321,AC,MOD-019,FR-223,FR-223,True,True,True,True,True,,Pass,
AC-1322,AC,MOD-019,FR-223,FR-223,True,True,True,True,True,,Pass,
AC-1323,AC,MOD-019,FR-224,FR-224,True,True,True,True,True,,Pass,
AC-1324,AC,MOD-019,FR-224,FR-224,True,True,True,True,True,,Pass,
AC-1325,AC,MOD-019,FR-224,FR-224,True,True,True,True,True,,Pass,
AC-1326,AC,MOD-019,FR-224,FR-224,True,True,True,True,True,,Pass,
AC-1327,AC,MOD-019,FR-224,FR-224,True,True,True,True,True,,Pass,
AC-1328,AC,MOD-019,FR-224,FR-224,True,True,True,True,True,,Pass,
AC-1329,AC,MOD-019,FR-225,FR-225,True,True,True,True,True,,Pass,
AC-1330,AC,MOD-019,FR-225,FR-225,True,True,True,True,True,,Pass,
AC-1331,AC,MOD-019,FR-225,FR-225,True,True,True,True,True,,Pass,
AC-1332,AC,MOD-019,FR-225,FR-225,True,True,True,True,True,,Pass,
AC-1333,AC,MOD-019,FR-225,FR-225,True,True,True,True,True,,Pass,
AC-1334,AC,MOD-019,FR-225,FR-225,True,True,True,True,True,,Pass,
AC-1335,AC,MOD-019,FR-225,FR-225,True,True,True,True,True,,Pass,
AC-1336,AC,MOD-019,FR-226,FR-226,True,True,True,True,True,,Pass,
AC-1337,AC,MOD-019,FR-226,FR-226,True,True,True,True,True,,Pass,
AC-1338,AC,MOD-019,FR-226,FR-226,True,True,True,True,True,,Pass,
AC-1339,AC,MOD-019,FR-226,FR-226,True,True,True,True,True,,Pass,
AC-1340,AC,MOD-019,FR-226,FR-226,True,True,True,True,True,,Pass,
AC-1341,AC,MOD-019,FR-226,FR-226,True,True,True,True,True,,Pass,
AC-1342,AC,MOD-019,FR-227,FR-227,True,True,True,True,True,,Pass,
AC-1343,AC,MOD-019,FR-227,FR-227,True,True,True,True,True,,Pass,
AC-1344,AC,MOD-019,FR-227,FR-227,True,True,True,True,True,,Pass,
AC-1345,AC,MOD-019,FR-227,FR-227,True,True,True,True,True,,Pass,
AC-1346,AC,MOD-019,FR-227,FR-227,True,True,True,True,True,,Pass,
AC-1347,AC,MOD-019,FR-227,FR-227,True,True,True,True,True,,Pass,
AC-1348,AC,MOD-019,FR-228,FR-228,True,True,False,False,False,,Finding,
AC-1349,AC,MOD-019,FR-228,FR-228,True,True,True,True,True,,Pass,
AC-1350,AC,MOD-019,FR-228,FR-228,True,True,True,True,True,,Pass,
AC-1351,AC,MOD-019,FR-229,FR-229,True,True,True,True,True,,Pass,
AC-1352,AC,MOD-019,FR-229,FR-229,True,True,True,True,True,,Pass,
AC-1353,AC,MOD-019,FR-229,FR-229,True,True,True,True,True,,Pass,
AC-1354,AC,MOD-019,FR-229,FR-229,True,True,True,True,True,,Pass,
AC-1355,AC,MOD-019,FR-229,FR-229,True,True,True,True,True,,Pass,
AC-1356,AC,MOD-019,FR-230,FR-230,True,True,True,True,True,,Pass,
AC-1357,AC,MOD-019,FR-230,FR-230,True,True,True,True,True,,Pass,
AC-1358,AC,MOD-019,FR-230,FR-230,True,True,True,True,True,,Pass,
AC-1359,AC,MOD-019,FR-230,FR-230,True,True,True,True,True,,Pass,
AC-1360,AC,MOD-019,FR-230,FR-230,True,True,True,True,True,,Pass,
AC-1361,AC,MOD-020,FR-231,FR-231,True,True,False,False,False,,Finding,
AC-1362,AC,MOD-020,FR-231,FR-231,True,True,True,True,True,,Pass,
AC-1363,AC,MOD-020,FR-231,FR-231,True,True,True,True,True,,Pass,
AC-1364,AC,MOD-020,FR-232,FR-232,True,True,True,True,True,,Pass,
AC-1365,AC,MOD-020,FR-232,FR-232,True,True,True,True,True,,Pass,
AC-1366,AC,MOD-020,FR-232,FR-232,True,True,True,True,True,,Pass,
AC-1367,AC,MOD-020,FR-232,FR-232,True,True,True,True,True,,Pass,
AC-1368,AC,MOD-020,FR-232,FR-232,True,True,True,True,True,,Pass,
AC-1369,AC,MOD-020,FR-233,FR-233,True,True,True,True,True,,Pass,
AC-1370,AC,MOD-020,FR-233,FR-233,True,True,True,True,True,,Pass,
AC-1371,AC,MOD-020,FR-233,FR-233,True,True,True,True,True,,Pass,
AC-1372,AC,MOD-020,FR-233,FR-233,True,True,True,True,True,,Pass,
AC-1373,AC,MOD-020,FR-233,FR-233,True,True,True,True,True,,Pass,
AC-1374,AC,MOD-020,FR-233,FR-233,True,True,True,True,True,,Pass,
AC-1375,AC,MOD-020,FR-233,FR-233,True,True,True,True,True,,Pass,
AC-1376,AC,MOD-020,FR-234,FR-234,True,True,False,False,False,,Finding,
AC-1377,AC,MOD-020,FR-234,FR-234,True,True,True,True,True,,Pass,
AC-1378,AC,MOD-020,FR-234,FR-234,True,True,True,True,True,,Pass,
AC-1379,AC,MOD-020,FR-234,FR-234,True,True,True,True,True,,Pass,
AC-1380,AC,MOD-020,FR-234,FR-234,True,True,True,True,True,,Pass,
AC-1381,AC,MOD-021,FR-235,FR-235,True,True,False,False,False,,Finding,
AC-1382,AC,MOD-021,FR-235,FR-235,True,True,True,True,True,,Pass,
AC-1383,AC,MOD-021,FR-235,FR-235,True,True,True,True,True,,Pass,
AC-1384,AC,MOD-021,FR-236,FR-236,True,True,False,False,False,,Finding,
AC-1385,AC,MOD-021,FR-236,FR-236,True,True,True,True,True,,Pass,
AC-1386,AC,MOD-021,FR-236,FR-236,True,True,True,True,True,,Pass,
AC-1387,AC,MOD-021,FR-236,FR-236,True,True,True,True,True,,Pass,
AC-1388,AC,MOD-021,FR-237,FR-237,True,True,False,False,False,,Finding,
AC-1389,AC,MOD-021,FR-237,FR-237,True,True,True,True,True,,Pass,
AC-1390,AC,MOD-021,FR-237,FR-237,True,True,True,True,True,,Pass,
AC-1391,AC,MOD-021,FR-238,FR-238,True,True,False,False,False,,Finding,
AC-1392,AC,MOD-021,FR-238,FR-238,True,True,True,True,True,,Pass,
AC-1393,AC,MOD-021,FR-238,FR-238,True,True,True,True,True,,Pass,
AC-1394,AC,MOD-021,FR-239,FR-239,True,True,False,False,False,,Finding,
AC-1395,AC,MOD-021,FR-239,FR-239,True,True,True,True,True,,Pass,
AC-1396,AC,MOD-021,FR-239,FR-239,True,True,True,True,True,,Pass,
AC-1397,AC,MOD-021,FR-240,FR-240,True,True,False,False,False,,Finding,
AC-1398,AC,MOD-021,FR-240,FR-240,True,True,True,True,True,,Pass,
AC-1399,AC,MOD-021,FR-240,FR-240,True,True,True,True,True,,Pass,
AC-1400,AC,MOD-021,FR-241,FR-241,True,True,False,False,False,,Finding,
AC-1401,AC,MOD-021,FR-241,FR-241,True,True,True,True,True,,Pass,
AC-1402,AC,MOD-021,FR-241,FR-241,True,True,True,True,True,,Pass,
AC-1403,AC,MOD-001,FR-242,FR-242,True,True,False,False,False,,Finding,
AC-1404,AC,MOD-002,FR-243,FR-243,True,True,False,False,False,,Finding,
AC-1405,AC,MOD-002,FR-244,FR-244,True,True,False,False,False,,Finding,
AC-1406,AC,MOD-002,FR-245,FR-245,True,True,False,False,False,,Finding,
AC-1407,AC,MOD-003,FR-246,FR-246,True,True,False,False,False,,Finding,
AC-1408,AC,MOD-004,FR-247,FR-247,True,True,False,False,False,,Finding,
AC-1409,AC,MOD-005,FR-248,FR-248,True,True,False,False,False,,Finding,
AC-1410,AC,MOD-005,FR-249,FR-249,True,True,False,False,False,,Finding,
AC-1411,AC,MOD-005,FR-249,FR-249,True,True,False,False,False,,Finding,
AC-1412,AC,MOD-005,FR-250,FR-250,True,True,False,False,False,,Finding,
AC-1413,AC,MOD-006,FR-251,FR-251,True,True,False,False,False,,Finding,
AC-1414,AC,MOD-007,FR-252,FR-252,True,True,False,False,False,,Finding,
AC-1415,AC,MOD-007,FR-252,FR-252,True,True,False,False,False,,Finding,
AC-1416,AC,MOD-008,FR-253,FR-253,True,True,False,False,False,,Finding,
AC-1417,AC,MOD-009,FR-254,FR-254,True,True,False,False,False,,Finding,
AC-1418,AC,MOD-010,FR-255,FR-255,True,True,False,False,False,,Finding,
AC-1419,AC,MOD-010,FR-255,FR-255,True,True,False,False,False,,Finding,
AC-1420,AC,MOD-011,FR-256,FR-256,True,True,False,False,False,,Finding,
AC-1421,AC,MOD-011,FR-257,FR-257,True,True,False,False,False,,Finding,
AC-1422,AC,MOD-012,FR-258,FR-258,True,True,False,False,False,,Finding,
AC-1423,AC,MOD-013,FR-259,FR-259,True,True,False,False,False,,Finding,
AC-1424,AC,MOD-013,FR-259,FR-259,True,True,False,False,False,,Finding,
AC-1425,AC,MOD-014,FR-260,FR-260,True,True,False,False,False,,Finding,
AC-1426,AC,MOD-015,FR-261,FR-261,True,True,False,False,False,,Finding,
AC-1427,AC,MOD-016,FR-262,FR-262,True,True,False,False,False,,Finding,
AC-1428,AC,MOD-017,FR-263,FR-263,True,True,False,False,False,,Finding,
AC-1429,AC,MOD-018,FR-264,FR-264,True,True,False,False,False,,Finding,
AC-1430,AC,MOD-019,FR-265,FR-265,True,True,False,False,False,,Finding,
AC-1431,AC,MOD-020,FR-266,FR-266,True,True,False,False,False,,Finding,
AC-1432,AC,MOD-020,FR-267,FR-267,True,True,False,False,False,,Finding,
AC-1433,AC,MOD-020,FR-268,FR-268,True,True,False,False,False,,Finding,
AC-1434,AC,MOD-020,FR-268,FR-268,True,True,False,False,False,,Finding,
AC-1435,AC,MOD-021,FR-269,FR-269,True,True,False,False,False,,Finding,
AC-1436,AC,MOD-001,DATA-001,,True,True,True,True,True,,Finding,Direct FR link absent
AC-1437,AC,MOD-001,DATA-001,,True,True,True,True,True,,Finding,Direct FR link absent
AC-1438,AC,MOD-001,DATA-001,,True,True,True,True,True,,Finding,Direct FR link absent
AC-1439,AC,MOD-001,DATA-001,,True,True,True,True,True,,Finding,Direct FR link absent
AC-1440,AC,MOD-001,DATA-001,,True,True,True,True,True,,Finding,Direct FR link absent
AC-1441,AC,MOD-001,DATA-001,,True,True,True,True,True,,Finding,Direct FR link absent
AC-1442,AC,MOD-001,DATA-001,,True,True,True,True,True,,Finding,Direct FR link absent
AC-1443,AC,MOD-001,DATA-001,,True,True,True,True,True,,Finding,Direct FR link absent
AC-1444,AC,MOD-001,DATA-001,,True,True,True,True,True,,Finding,Direct FR link absent
AC-1445,AC,MOD-001,DATA-001,,True,True,True,True,True,,Finding,Direct FR link absent
AC-1446,AC,MOD-001,DATA-001,,True,True,True,True,True,,Finding,Direct FR link absent
AC-1447,AC,MOD-004,DATA-004,,True,True,True,True,True,,Finding,Direct FR link absent
AC-1448,AC,MOD-004,DATA-004,,True,True,True,True,True,,Finding,Direct FR link absent
AC-1449,AC,MOD-004,DATA-004,,True,True,True,True,True,,Finding,Direct FR link absent
AC-1450,AC,MOD-004,DATA-004,,True,True,True,True,True,,Finding,Direct FR link absent
AC-1451,AC,MOD-004,DATA-004,,True,True,True,True,True,,Finding,Direct FR link absent
AC-1452,AC,MOD-004,DATA-004,,True,True,True,True,True,,Finding,Direct FR link absent
AC-1453,AC,MOD-004,DATA-004,,True,True,True,True,True,,Finding,Direct FR link absent
AC-1454,AC,MOD-004,DATA-004,,True,True,True,True,True,,Finding,Direct FR link absent
AC-1455,AC,MOD-004,DATA-004,,True,True,True,True,True,,Finding,Direct FR link absent
AC-1456,AC,MOD-004,DATA-004,,True,True,True,True,True,,Finding,Direct FR link absent
AC-1457,AC,MOD-004,DATA-004,,True,True,True,True,True,,Finding,Direct FR link absent
AC-1458,AC,MOD-004,DATA-004,,True,True,True,True,True,,Finding,Direct FR link absent
AC-1459,AC,MOD-004,DATA-004,,True,True,True,True,True,,Finding,Direct FR link absent
AC-1460,AC,MOD-004,DATA-004,,True,True,True,True,True,,Finding,Direct FR link absent
AC-1461,AC,MOD-004,DATA-004,,True,True,True,True,True,,Finding,Direct FR link absent
AC-1462,AC,MOD-004,DATA-004,,True,True,True,True,True,,Finding,Direct FR link absent
AC-1463,AC,MOD-004,DATA-004,,True,True,True,True,True,,Finding,Direct FR link absent
AC-1464,AC,MOD-004,DATA-004,,True,True,True,True,True,,Finding,Direct FR link absent
AC-1465,AC,MOD-004,DATA-004,,True,True,True,True,True,,Finding,Direct FR link absent
AC-1466,AC,MOD-004,DATA-004,,True,True,True,True,True,,Finding,Direct FR link absent
AC-1467,AC,MOD-005,DATA-005,,True,True,True,True,True,,Finding,Direct FR link absent
AC-1468,AC,MOD-005,DATA-005,,True,True,True,True,True,,Finding,Direct FR link absent
AC-1469,AC,MOD-005,DATA-005,,True,True,True,True,True,,Finding,Direct FR link absent
AC-1470,AC,MOD-005,DATA-005,,True,True,True,True,True,,Finding,Direct FR link absent
AC-1471,AC,MOD-005,DATA-005,,True,True,True,True,True,,Finding,Direct FR link absent
AC-1472,AC,MOD-005,DATA-005,,True,True,True,True,True,,Finding,Direct FR link absent
AC-1473,AC,MOD-005,DATA-005,,True,True,True,True,True,,Finding,Direct FR link absent
AC-1474,AC,MOD-005,DATA-005,,True,True,True,True,True,,Finding,Direct FR link absent
AC-1475,AC,MOD-005,DATA-005,,True,True,True,True,True,,Finding,Direct FR link absent
AC-1476,AC,MOD-005,DATA-005,,True,True,True,True,True,,Finding,Direct FR link absent
AC-1477,AC,MOD-005,DATA-005,,True,True,True,True,True,,Finding,Direct FR link absent
AC-1478,AC,MOD-005,DATA-005,,True,True,True,True,True,,Finding,Direct FR link absent
AC-1479,AC,MOD-005,DATA-005,,True,True,True,True,True,,Finding,Direct FR link absent
AC-1480,AC,MOD-005,DATA-005,,True,True,True,True,True,,Finding,Direct FR link absent
AC-1481,AC,MOD-005,DATA-005,,True,True,True,True,True,,Finding,Direct FR link absent
AC-1482,AC,MOD-005,DATA-005,,True,True,True,True,True,,Finding,Direct FR link absent
AC-1483,AC,MOD-005,DATA-005,,True,True,True,True,True,,Finding,Direct FR link absent
AC-1484,AC,MOD-005,DATA-005,,True,True,True,True,True,,Finding,Direct FR link absent
AC-1485,AC,MOD-005,DATA-005,,True,True,True,True,True,,Finding,Direct FR link absent
AC-1486,AC,MOD-005,DATA-005,,True,True,True,True,True,корректно,Finding,Direct FR link absent
AC-1487,AC,MOD-005,DATA-005,,True,True,True,True,True,корректно,Finding,Direct FR link absent
AC-1488,AC,MOD-005,DATA-005,,True,True,True,True,True,,Finding,Direct FR link absent
AC-1489,AC,MOD-005,DATA-005,,True,True,True,True,True,,Finding,Direct FR link absent
AC-1490,AC,MOD-005,DATA-005,,True,True,True,True,True,,Finding,Direct FR link absent
AC-1491,AC,MOD-006,DATA-006,,True,True,True,True,True,,Finding,Direct FR link absent
AC-1492,AC,MOD-006,DATA-006,,True,True,True,True,True,,Finding,Direct FR link absent
AC-1493,AC,MOD-006,DATA-006,,True,True,True,True,True,,Finding,Direct FR link absent
AC-1494,AC,MOD-006,DATA-006,,True,True,True,True,True,,Finding,Direct FR link absent
AC-1495,AC,MOD-006,DATA-006,,True,True,True,True,True,,Finding,Direct FR link absent
AC-1496,AC,MOD-006,DATA-006,,True,True,True,True,True,,Finding,Direct FR link absent
AC-1497,AC,MOD-006,DATA-006,,True,True,True,True,True,,Finding,Direct FR link absent
AC-1498,AC,MOD-006,DATA-006,,True,True,True,True,True,,Finding,Direct FR link absent
AC-1499,AC,MOD-006,DATA-006,,True,True,True,True,True,,Finding,Direct FR link absent
AC-1500,AC,MOD-006,DATA-006,,True,True,True,True,True,,Finding,Direct FR link absent
AC-1501,AC,MOD-006,DATA-006,,True,True,True,True,True,корректно,Finding,Direct FR link absent
AC-1502,AC,MOD-006,DATA-006,,True,True,True,True,True,,Finding,Direct FR link absent
AC-1503,AC,MOD-006,DATA-006,,True,True,True,True,True,,Finding,Direct FR link absent
AC-1504,AC,MOD-006,DATA-006,,True,True,True,True,True,,Finding,Direct FR link absent
AC-1505,AC,MOD-006,DATA-006,,True,True,True,True,True,,Finding,Direct FR link absent
AC-1506,AC,MOD-006,DATA-006,,True,True,True,True,True,,Finding,Direct FR link absent
AC-1507,AC,MOD-006,DATA-006,,True,True,True,True,True,,Finding,Direct FR link absent
AC-1508,AC,MOD-006,DATA-006,,True,True,True,True,True,,Finding,Direct FR link absent
AC-1509,AC,MOD-006,DATA-006,,True,True,True,True,True,,Finding,Direct FR link absent
AC-1510,AC,MOD-006,DATA-006,,True,True,True,True,True,,Finding,Direct FR link absent
AC-1511,AC,MOD-006,DATA-006,,True,True,True,True,True,,Finding,Direct FR link absent
AC-1512,AC,MOD-006,DATA-006,,True,True,True,True,True,,Finding,Direct FR link absent
AC-1513,AC,MOD-006,DATA-006,,True,True,True,True,True,,Finding,Direct FR link absent
AC-1514,AC,MOD-006,DATA-006,,True,True,True,True,True,,Finding,Direct FR link absent
AC-1515,AC,MOD-007,DATA-007,,True,True,True,True,True,,Finding,Direct FR link absent
AC-1516,AC,MOD-007,DATA-007,,True,True,True,True,True,,Finding,Direct FR link absent
AC-1517,AC,MOD-007,DATA-007,,True,True,True,True,True,,Finding,Direct FR link absent
AC-1518,AC,MOD-007,DATA-007,,True,True,True,True,True,,Finding,Direct FR link absent
AC-1519,AC,MOD-007,DATA-007,,True,True,True,True,True,,Finding,Direct FR link absent
AC-1520,AC,MOD-007,DATA-007,,True,True,True,True,True,,Finding,Direct FR link absent
AC-1521,AC,MOD-007,DATA-007,,True,True,True,True,True,,Finding,Direct FR link absent
AC-1522,AC,MOD-007,DATA-007,,True,True,True,True,True,,Finding,Direct FR link absent
AC-1523,AC,MOD-007,DATA-007,,True,True,True,True,True,,Finding,Direct FR link absent
AC-1524,AC,MOD-007,DATA-007,,True,True,True,True,True,,Finding,Direct FR link absent
AC-1525,AC,MOD-007,DATA-007,,True,True,True,True,True,,Finding,Direct FR link absent
AC-1526,AC,MOD-007,DATA-007,,True,True,True,True,True,,Finding,Direct FR link absent
AC-1527,AC,MOD-007,DATA-007,,True,True,True,True,True,,Finding,Direct FR link absent
AC-1528,AC,MOD-007,DATA-007,,True,True,True,True,True,,Finding,Direct FR link absent
AC-1529,AC,MOD-007,DATA-007,,True,True,True,True,True,,Finding,Direct FR link absent
AC-1530,AC,MOD-007,DATA-007,,True,True,True,True,True,,Finding,Direct FR link absent
AC-1531,AC,MOD-007,DATA-007,,True,True,True,True,True,,Finding,Direct FR link absent
AC-1532,AC,MOD-007,DATA-007,,True,True,True,True,True,,Finding,Direct FR link absent
AC-1533,AC,MOD-007,DATA-007,,True,True,True,True,True,,Finding,Direct FR link absent
AC-1534,AC,MOD-007,DATA-007,,True,True,True,True,True,,Finding,Direct FR link absent
AC-1535,AC,MOD-007,DATA-007,,True,True,True,True,True,,Finding,Direct FR link absent
AC-1536,AC,MOD-007,DATA-007,,True,True,True,True,True,,Finding,Direct FR link absent
AC-1537,AC,MOD-007,DATA-007,,True,True,True,True,True,,Finding,Direct FR link absent
AC-1538,AC,MOD-007,DATA-007,,True,True,True,True,True,,Finding,Direct FR link absent
AC-1539,AC,MOD-008,DATA-008,,True,True,True,True,True,,Finding,Direct FR link absent
AC-1540,AC,MOD-008,DATA-008,,True,True,True,True,True,,Finding,Direct FR link absent
AC-1541,AC,MOD-008,DATA-008,,True,True,True,True,True,,Finding,Direct FR link absent
AC-1542,AC,MOD-008,DATA-008,,True,True,True,True,True,,Finding,Direct FR link absent
AC-1543,AC,MOD-008,DATA-008,,True,True,True,True,True,,Finding,Direct FR link absent
AC-1544,AC,MOD-008,DATA-008,,True,True,True,True,True,,Finding,Direct FR link absent
AC-1545,AC,MOD-008,DATA-008,,True,True,True,True,True,,Finding,Direct FR link absent
AC-1546,AC,MOD-008,DATA-008,,True,True,True,True,True,,Finding,Direct FR link absent
AC-1547,AC,MOD-008,DATA-008,,True,True,True,True,True,,Finding,Direct FR link absent
AC-1548,AC,MOD-008,DATA-008,,True,True,True,True,True,,Finding,Direct FR link absent
AC-1549,AC,MOD-008,DATA-008,,True,True,True,True,True,,Finding,Direct FR link absent
AC-1550,AC,MOD-008,DATA-008,,True,True,True,True,True,,Finding,Direct FR link absent
AC-1551,AC,MOD-008,DATA-008,,True,True,True,True,True,,Finding,Direct FR link absent
AC-1552,AC,MOD-008,DATA-008,,True,True,True,True,True,,Finding,Direct FR link absent
AC-1553,AC,MOD-008,DATA-008,,True,True,True,True,True,,Finding,Direct FR link absent
AC-1554,AC,MOD-008,DATA-008,,True,True,True,True,True,,Finding,Direct FR link absent
AC-1555,AC,MOD-008,DATA-008,,True,True,True,True,True,,Finding,Direct FR link absent
AC-1556,AC,MOD-008,DATA-008,,True,True,True,True,True,,Finding,Direct FR link absent
AC-1557,AC,MOD-008,DATA-008,,True,True,True,True,True,,Finding,Direct FR link absent
AC-1558,AC,MOD-008,DATA-008,,True,True,True,True,True,,Finding,Direct FR link absent
AC-1559,AC,MOD-008,DATA-008,,True,True,True,True,True,,Finding,Direct FR link absent
AC-1560,AC,MOD-008,DATA-008,,True,True,True,True,True,,Finding,Direct FR link absent
AC-1561,AC,MOD-008,DATA-008,,True,True,True,True,True,,Finding,Direct FR link absent
AC-1562,AC,MOD-008,DATA-008,,True,True,True,True,True,,Finding,Direct FR link absent
AC-1563,AC,MOD-009,DATA-009,,True,True,True,True,True,,Finding,Direct FR link absent
AC-1564,AC,MOD-009,DATA-009,,True,True,True,True,True,,Finding,Direct FR link absent
AC-1565,AC,MOD-009,DATA-009,,True,True,True,True,True,,Finding,Direct FR link absent
AC-1566,AC,MOD-009,DATA-009,,True,True,True,True,True,,Finding,Direct FR link absent
AC-1567,AC,MOD-009,DATA-009,,True,True,True,True,True,,Finding,Direct FR link absent
AC-1568,AC,MOD-009,DATA-009,,True,True,True,True,True,,Finding,Direct FR link absent
AC-1569,AC,MOD-009,DATA-009,,True,True,True,True,True,,Finding,Direct FR link absent
AC-1570,AC,MOD-009,DATA-009,,True,True,True,True,True,,Finding,Direct FR link absent
AC-1571,AC,MOD-009,DATA-009,,True,True,True,True,True,,Finding,Direct FR link absent
AC-1572,AC,MOD-009,DATA-009,,True,True,True,True,True,,Finding,Direct FR link absent
AC-1573,AC,MOD-009,DATA-009,,True,True,True,True,True,,Finding,Direct FR link absent
AC-1574,AC,MOD-009,DATA-009,,True,True,True,True,True,,Finding,Direct FR link absent
AC-1575,AC,MOD-009,DATA-009,,True,True,True,True,True,,Finding,Direct FR link absent
AC-1576,AC,MOD-009,DATA-009,,True,True,True,True,True,,Finding,Direct FR link absent
AC-1577,AC,MOD-009,DATA-009,,True,True,True,True,True,,Finding,Direct FR link absent
AC-1578,AC,MOD-009,DATA-009,,True,True,True,True,True,,Finding,Direct FR link absent
AC-1579,AC,MOD-009,DATA-009,,True,True,True,True,True,корректно,Finding,Direct FR link absent
AC-1580,AC,MOD-009,DATA-009,,True,True,True,True,True,,Finding,Direct FR link absent
AC-1581,AC,MOD-009,DATA-009,,True,True,True,True,True,,Finding,Direct FR link absent
AC-1582,AC,MOD-009,DATA-009,,True,True,True,True,True,,Finding,Direct FR link absent
AC-1583,AC,MOD-009,DATA-009,,True,True,True,True,True,,Finding,Direct FR link absent
AC-1584,AC,MOD-009,DATA-009,,True,True,True,True,True,,Finding,Direct FR link absent
AC-1585,AC,MOD-009,DATA-009,,True,True,True,True,True,,Finding,Direct FR link absent
AC-1586,AC,MOD-009,DATA-009,,True,True,True,True,True,,Finding,Direct FR link absent
AC-1587,AC,MOD-010,DATA-010,,True,True,True,True,True,,Finding,Direct FR link absent
AC-1588,AC,MOD-010,DATA-010,,True,True,True,True,True,,Finding,Direct FR link absent
AC-1589,AC,MOD-010,DATA-010,,True,True,True,True,True,,Finding,Direct FR link absent
AC-1590,AC,MOD-010,DATA-010,,True,True,True,True,True,,Finding,Direct FR link absent
AC-1591,AC,MOD-010,DATA-010,,True,True,True,True,True,,Finding,Direct FR link absent
AC-1592,AC,MOD-010,DATA-010,,True,True,True,True,True,,Finding,Direct FR link absent
AC-1593,AC,MOD-010,DATA-010,,True,True,True,True,True,,Finding,Direct FR link absent
AC-1594,AC,MOD-010,DATA-010,,True,True,True,True,True,,Finding,Direct FR link absent
AC-1595,AC,MOD-010,DATA-010,,True,True,True,True,True,,Finding,Direct FR link absent
AC-1596,AC,MOD-010,DATA-010,,True,True,True,True,True,,Finding,Direct FR link absent
AC-1597,AC,MOD-010,DATA-010,,True,True,True,True,True,,Finding,Direct FR link absent
AC-1598,AC,MOD-010,DATA-010,,True,True,True,True,True,,Finding,Direct FR link absent
AC-1599,AC,MOD-010,DATA-010,,True,True,True,True,True,,Finding,Direct FR link absent
AC-1600,AC,MOD-010,DATA-010,,True,True,True,True,True,,Finding,Direct FR link absent
AC-1601,AC,MOD-010,DATA-010,,True,True,True,True,True,,Finding,Direct FR link absent
AC-1602,AC,MOD-010,DATA-010,,True,True,True,True,True,,Finding,Direct FR link absent
AC-1603,AC,MOD-010,DATA-010,,True,True,True,True,True,,Finding,Direct FR link absent
AC-1604,AC,MOD-010,DATA-010,,True,True,True,True,True,,Finding,Direct FR link absent
AC-1605,AC,MOD-010,DATA-010,,True,True,True,True,True,,Finding,Direct FR link absent
AC-1606,AC,MOD-010,DATA-010,,True,True,True,True,True,,Finding,Direct FR link absent
AC-1607,AC,MOD-010,DATA-010,,True,True,True,True,True,,Finding,Direct FR link absent
AC-1608,AC,MOD-010,DATA-010,,True,True,True,True,True,,Finding,Direct FR link absent
AC-1609,AC,MOD-010,DATA-010,,True,True,True,True,True,,Finding,Direct FR link absent
AC-1610,AC,MOD-010,DATA-010,,True,True,True,True,True,,Finding,Direct FR link absent
AC-1611,AC,MOD-011,DATA-011,,True,True,True,True,True,,Finding,Direct FR link absent
AC-1612,AC,MOD-011,DATA-011,,True,True,True,True,True,,Finding,Direct FR link absent
AC-1613,AC,MOD-011,DATA-011,,True,True,True,True,True,,Finding,Direct FR link absent
AC-1614,AC,MOD-011,DATA-011,,True,True,True,True,True,,Finding,Direct FR link absent
AC-1615,AC,MOD-011,DATA-011,,True,True,True,True,True,,Finding,Direct FR link absent
AC-1616,AC,MOD-011,DATA-011,,True,True,True,True,True,,Finding,Direct FR link absent
AC-1617,AC,MOD-011,DATA-011,,True,True,True,True,True,,Finding,Direct FR link absent
AC-1618,AC,MOD-011,DATA-011,,True,True,True,True,True,,Finding,Direct FR link absent
AC-1619,AC,MOD-011,DATA-011,,True,True,True,True,True,,Finding,Direct FR link absent
AC-1620,AC,MOD-011,DATA-011,,True,True,True,True,True,,Finding,Direct FR link absent
AC-1621,AC,MOD-011,DATA-011,,True,True,True,True,True,,Finding,Direct FR link absent
AC-1622,AC,MOD-011,DATA-011,,True,True,True,True,True,,Finding,Direct FR link absent
AC-1623,AC,MOD-011,DATA-011,,True,True,True,True,True,,Finding,Direct FR link absent
AC-1624,AC,MOD-011,DATA-011,,True,True,True,True,True,,Finding,Direct FR link absent
AC-1625,AC,MOD-011,DATA-011,,True,True,True,True,True,,Finding,Direct FR link absent
AC-1626,AC,MOD-011,DATA-011,,True,True,True,True,True,,Finding,Direct FR link absent
AC-1627,AC,MOD-011,DATA-011,,True,True,True,True,True,,Finding,Direct FR link absent
AC-1628,AC,MOD-011,DATA-011,,True,True,True,True,True,,Finding,Direct FR link absent
AC-1629,AC,MOD-011,DATA-011,,True,True,True,True,True,,Finding,Direct FR link absent
AC-1630,AC,MOD-011,DATA-011,,True,True,True,True,True,,Finding,Direct FR link absent
AC-1631,AC,MOD-011,DATA-011,,True,True,True,True,True,,Finding,Direct FR link absent
AC-1632,AC,MOD-011,DATA-011,,True,True,True,True,True,,Finding,Direct FR link absent
AC-1633,AC,MOD-011,DATA-011,,True,True,True,True,True,,Finding,Direct FR link absent
AC-1634,AC,MOD-011,DATA-011,,True,True,True,True,True,,Finding,Direct FR link absent
AC-1635,AC,MOD-012,DATA-012,,True,True,True,True,True,,Finding,Direct FR link absent
AC-1636,AC,MOD-012,DATA-012,,True,True,True,True,True,,Finding,Direct FR link absent
AC-1637,AC,MOD-012,DATA-012,,True,True,True,True,True,,Finding,Direct FR link absent
AC-1638,AC,MOD-012,DATA-012,,True,True,True,True,True,,Finding,Direct FR link absent
AC-1639,AC,MOD-012,DATA-012,,True,True,True,True,True,,Finding,Direct FR link absent
AC-1640,AC,MOD-012,DATA-012,,True,True,True,True,True,,Finding,Direct FR link absent
AC-1641,AC,MOD-012,DATA-012,,True,True,True,True,True,,Finding,Direct FR link absent
AC-1642,AC,MOD-012,DATA-012,,True,True,True,True,True,,Finding,Direct FR link absent
AC-1643,AC,MOD-012,DATA-012,,True,True,True,True,True,,Finding,Direct FR link absent
AC-1644,AC,MOD-012,DATA-012,,True,True,True,True,True,,Finding,Direct FR link absent
AC-1645,AC,MOD-012,DATA-012,,True,True,True,True,True,,Finding,Direct FR link absent
AC-1646,AC,MOD-012,DATA-012,,True,True,True,True,True,,Finding,Direct FR link absent
AC-1647,AC,MOD-012,DATA-012,,True,True,True,True,True,,Finding,Direct FR link absent
AC-1648,AC,MOD-012,DATA-012,,True,True,True,True,True,,Finding,Direct FR link absent
AC-1649,AC,MOD-012,DATA-012,,True,True,True,True,True,,Finding,Direct FR link absent
AC-1650,AC,MOD-012,DATA-012,,True,True,True,True,True,,Finding,Direct FR link absent
AC-1651,AC,MOD-012,DATA-012,,True,True,True,True,True,,Finding,Direct FR link absent
AC-1652,AC,MOD-012,DATA-012,,True,True,True,True,True,,Finding,Direct FR link absent
AC-1653,AC,MOD-012,DATA-012,,True,True,True,True,True,,Finding,Direct FR link absent
AC-1654,AC,MOD-012,DATA-012,,True,True,True,True,True,,Finding,Direct FR link absent
AC-1655,AC,MOD-012,DATA-012,,True,True,True,True,True,,Finding,Direct FR link absent
AC-1656,AC,MOD-012,DATA-012,,True,True,True,True,True,,Finding,Direct FR link absent
AC-1657,AC,MOD-012,DATA-012,,True,True,True,True,True,,Finding,Direct FR link absent
AC-1658,AC,MOD-012,DATA-012,,True,True,True,True,True,,Finding,Direct FR link absent
AC-1659,AC,MOD-013,DATA-013,,True,True,True,True,True,,Finding,Direct FR link absent
AC-1660,AC,MOD-013,DATA-013,,True,True,True,True,True,,Finding,Direct FR link absent
AC-1661,AC,MOD-013,DATA-013,,True,True,True,True,True,,Finding,Direct FR link absent
AC-1662,AC,MOD-013,DATA-013,,True,True,True,True,True,,Finding,Direct FR link absent
AC-1663,AC,MOD-013,DATA-013,,True,True,True,True,True,,Finding,Direct FR link absent
AC-1664,AC,MOD-013,DATA-013,,True,True,True,True,True,,Finding,Direct FR link absent
AC-1665,AC,MOD-013,DATA-013,,True,True,True,True,True,,Finding,Direct FR link absent
AC-1666,AC,MOD-013,DATA-013,,True,True,True,True,True,,Finding,Direct FR link absent
AC-1667,AC,MOD-013,DATA-013,,True,True,True,True,True,,Finding,Direct FR link absent
AC-1668,AC,MOD-013,DATA-013,,True,True,True,True,True,,Finding,Direct FR link absent
AC-1669,AC,MOD-013,DATA-013,,True,True,True,True,True,,Finding,Direct FR link absent
AC-1670,AC,MOD-013,DATA-013,,True,True,True,True,True,,Finding,Direct FR link absent
AC-1671,AC,MOD-013,DATA-013,,True,True,True,True,True,,Finding,Direct FR link absent
AC-1672,AC,MOD-013,DATA-013,,True,True,True,True,True,,Finding,Direct FR link absent
AC-1673,AC,MOD-013,DATA-013,,True,True,True,True,True,,Finding,Direct FR link absent
AC-1674,AC,MOD-013,DATA-013,,True,True,True,True,True,,Finding,Direct FR link absent
AC-1675,AC,MOD-013,DATA-013,,True,True,True,True,True,,Finding,Direct FR link absent
AC-1676,AC,MOD-013,DATA-013,,True,True,True,True,True,,Finding,Direct FR link absent
AC-1677,AC,MOD-013,DATA-013,,True,True,True,True,True,,Finding,Direct FR link absent
AC-1678,AC,MOD-013,DATA-013,,True,True,True,True,True,,Finding,Direct FR link absent
AC-1679,AC,MOD-013,DATA-013,,True,True,True,True,True,,Finding,Direct FR link absent
AC-1680,AC,MOD-013,DATA-013,,True,True,True,True,True,,Finding,Direct FR link absent
AC-1681,AC,MOD-013,DATA-013,,True,True,True,True,True,,Finding,Direct FR link absent
AC-1682,AC,MOD-013,DATA-013,,True,True,True,True,True,,Finding,Direct FR link absent
AC-1683,AC,MOD-014,DATA-014,,True,True,True,True,True,,Finding,Direct FR link absent
AC-1684,AC,MOD-014,DATA-014,,True,True,True,True,True,,Finding,Direct FR link absent
AC-1685,AC,MOD-014,DATA-014,,True,True,True,True,True,,Finding,Direct FR link absent
AC-1686,AC,MOD-014,DATA-014,,True,True,True,True,True,,Finding,Direct FR link absent
AC-1687,AC,MOD-014,DATA-014,,True,True,True,True,True,,Finding,Direct FR link absent
AC-1688,AC,MOD-014,DATA-014,,True,True,True,True,True,,Finding,Direct FR link absent
AC-1689,AC,MOD-014,DATA-014,,True,True,True,True,True,,Finding,Direct FR link absent
AC-1690,AC,MOD-014,DATA-014,,True,True,True,True,True,,Finding,Direct FR link absent
AC-1691,AC,MOD-014,DATA-014,,True,True,True,True,True,,Finding,Direct FR link absent
AC-1692,AC,MOD-014,DATA-014,,True,True,True,True,True,,Finding,Direct FR link absent
AC-1693,AC,MOD-014,DATA-014,,True,True,True,True,True,,Finding,Direct FR link absent
AC-1694,AC,MOD-014,DATA-014,,True,True,True,True,True,,Finding,Direct FR link absent
AC-1695,AC,MOD-014,DATA-014,,True,True,True,True,True,,Finding,Direct FR link absent
AC-1696,AC,MOD-014,DATA-014,,True,True,True,True,True,,Finding,Direct FR link absent
AC-1697,AC,MOD-015,DATA-015,,True,True,True,True,True,,Finding,Direct FR link absent
AC-1698,AC,MOD-015,DATA-015,,True,True,True,True,True,,Finding,Direct FR link absent
AC-1699,AC,MOD-015,DATA-015,,True,True,True,True,True,,Finding,Direct FR link absent
AC-1700,AC,MOD-017,DATA-017,,True,True,True,True,True,,Finding,Direct FR link absent
AC-1701,AC,MOD-017,DATA-017,,True,True,True,True,True,,Finding,Direct FR link absent
AC-1702,AC,MOD-017,DATA-017,,True,True,True,True,True,,Finding,Direct FR link absent
AC-1703,AC,MOD-017,DATA-017,,True,True,True,True,True,,Finding,Direct FR link absent
AC-1704,AC,MOD-017,DATA-017,,True,True,True,True,True,,Finding,Direct FR link absent
AC-1705,AC,MOD-018,DATA-018,,True,True,True,True,True,,Finding,Direct FR link absent
AC-1706,AC,MOD-018,DATA-018,,True,True,True,True,True,,Finding,Direct FR link absent
AC-1707,AC,MOD-018,DATA-018,,True,True,True,True,True,,Finding,Direct FR link absent
AC-1708,AC,MOD-018,DATA-018,,True,True,True,True,True,,Finding,Direct FR link absent
AC-1709,AC,MOD-018,DATA-018,,True,True,True,True,True,корректно,Finding,Direct FR link absent
AC-1710,AC,MOD-018,DATA-018,,True,True,True,True,True,корректно,Finding,Direct FR link absent
AC-1711,AC,MOD-018,DATA-018,,True,True,True,True,True,,Finding,Direct FR link absent
AC-1712,AC,MOD-018,DATA-018,,True,True,True,True,True,,Finding,Direct FR link absent
AC-1713,AC,MOD-018,DATA-018,,True,True,True,True,True,,Finding,Direct FR link absent
AC-1714,AC,MOD-018,DATA-018,,True,True,True,True,True,,Finding,Direct FR link absent
AC-1715,AC,MOD-018,DATA-018,,True,True,True,True,True,корректно,Finding,Direct FR link absent
AC-1716,AC,MOD-018,DATA-018,,True,True,True,True,True,корректно,Finding,Direct FR link absent
AC-1717,AC,MOD-018,DATA-018,,True,True,True,True,True,,Finding,Direct FR link absent
AC-1718,AC,MOD-018,DATA-018,,True,True,True,True,True,,Finding,Direct FR link absent
AC-1719,AC,MOD-018,DATA-018,,True,True,True,True,True,,Finding,Direct FR link absent
AC-1720,AC,MOD-018,DATA-018,,True,True,True,True,True,,Finding,Direct FR link absent
AC-1721,AC,MOD-018,DATA-018,,True,True,True,True,True,,Finding,Direct FR link absent
AC-1722,AC,MOD-018,DATA-018,,True,True,True,True,True,,Finding,Direct FR link absent
AC-1723,AC,MOD-018,DATA-018,,True,True,True,True,True,,Finding,Direct FR link absent
AC-1724,AC,MOD-018,DATA-018,,True,True,True,True,True,,Finding,Direct FR link absent
AC-1725,AC,MOD-018,DATA-018,,True,True,True,True,True,,Finding,Direct FR link absent
AC-1726,AC,MOD-018,DATA-018,,True,True,True,True,True,,Finding,Direct FR link absent
AC-1727,AC,MOD-018,DATA-018,,True,True,True,True,True,,Finding,Direct FR link absent
AC-1728,AC,MOD-018,DATA-018,,True,True,True,True,True,,Finding,Direct FR link absent
AC-1729,AC,MOD-019,DATA-019,,True,True,True,True,True,,Finding,Direct FR link absent
AC-1730,AC,MOD-019,DATA-019,,True,True,True,True,True,,Finding,Direct FR link absent
AC-1731,AC,MOD-019,DATA-019,,True,True,True,True,True,,Finding,Direct FR link absent
AC-1732,AC,MOD-019,DATA-019,,True,True,True,True,True,,Finding,Direct FR link absent
AC-1733,AC,MOD-019,DATA-019,,True,True,True,True,True,,Finding,Direct FR link absent
AC-1734,AC,MOD-019,DATA-019,,True,True,True,True,True,,Finding,Direct FR link absent
AC-1735,AC,MOD-019,DATA-019,,True,True,True,True,True,,Finding,Direct FR link absent
AC-1736,AC,MOD-019,DATA-019,,True,True,True,True,True,,Finding,Direct FR link absent
AC-1737,AC,MOD-019,DATA-019,,True,True,True,True,True,,Finding,Direct FR link absent
AC-1738,AC,MOD-019,DATA-019,,True,True,True,True,True,,Finding,Direct FR link absent
AC-1739,AC,MOD-019,DATA-019,,True,True,True,True,True,,Finding,Direct FR link absent
AC-1740,AC,MOD-019,DATA-019,,True,True,True,True,True,,Finding,Direct FR link absent
AC-1741,AC,MOD-019,DATA-019,,True,True,True,True,True,,Finding,Direct FR link absent
AC-1742,AC,MOD-019,DATA-019,,True,True,True,True,True,,Finding,Direct FR link absent
AC-1743,AC,MOD-019,DATA-019,,True,True,True,True,True,,Finding,Direct FR link absent
AC-1744,AC,MOD-019,DATA-019,,True,True,True,True,True,,Finding,Direct FR link absent
AC-1745,AC,MOD-019,DATA-019,,True,True,True,True,True,,Finding,Direct FR link absent
AC-1746,AC,MOD-019,DATA-019,,True,True,True,True,True,,Finding,Direct FR link absent
AC-1747,AC,MOD-019,DATA-019,,True,True,True,True,True,,Finding,Direct FR link absent
AC-1748,AC,MOD-019,DATA-019,,True,True,True,True,True,,Finding,Direct FR link absent
AC-1749,AC,MOD-019,DATA-019,,True,True,True,True,True,,Finding,Direct FR link absent
AC-1750,AC,MOD-019,DATA-019,,True,True,True,True,True,,Finding,Direct FR link absent
AC-1751,AC,MOD-019,DATA-019,,True,True,True,True,True,,Finding,Direct FR link absent
AC-1752,AC,MOD-019,DATA-019,,True,True,True,True,True,,Finding,Direct FR link absent
AC-1753,AC,MOD-020,DATA-020,,True,True,True,True,True,,Finding,Direct FR link absent
AC-1754,AC,MOD-020,DATA-020,,True,True,True,True,True,,Finding,Direct FR link absent
AC-1755,AC,MOD-020,DATA-020,,True,True,True,True,True,,Finding,Direct FR link absent
AC-1756,AC,MOD-020,DATA-020,,True,True,True,True,True,,Finding,Direct FR link absent
AC-1757,AC,MOD-020,DATA-020,,True,True,True,True,True,,Finding,Direct FR link absent
AC-1758,AC,MOD-020,DATA-020,,True,True,True,True,True,,Finding,Direct FR link absent
AC-1759,AC,MOD-020,DATA-020,,True,True,True,True,True,,Finding,Direct FR link absent
AC-1760,AC,MOD-020,DATA-020,,True,True,True,True,True,,Finding,Direct FR link absent
AC-1761,AC,MOD-020,DATA-020,,True,True,True,True,True,,Finding,Direct FR link absent
AC-1762,AC,MOD-020,DATA-020,,True,True,True,True,True,,Finding,Direct FR link absent
AC-1763,AC,MOD-020,DATA-020,,True,True,True,True,True,,Finding,Direct FR link absent
AC-1764,AC,MOD-020,DATA-020,,True,True,True,True,True,,Finding,Direct FR link absent
AC-1765,AC,MOD-020,DATA-020,,True,True,True,True,True,,Finding,Direct FR link absent
AC-1766,AC,MOD-020,DATA-020,,True,True,True,True,True,,Finding,Direct FR link absent
AC-1767,AC,MOD-020,DATA-020,,True,True,True,True,True,корректно,Finding,Direct FR link absent
AC-1768,AC,MOD-020,DATA-020,,True,True,True,True,True,,Finding,Direct FR link absent
AC-1769,AC,MOD-020,DATA-020,,True,True,True,True,True,,Finding,Direct FR link absent
AC-1770,AC,MOD-020,DATA-020,,True,True,True,True,True,,Finding,Direct FR link absent
AC-1771,AC,MOD-020,DATA-020,,True,True,True,True,True,,Finding,Direct FR link absent
AC-1772,AC,MOD-020,DATA-020,,True,True,True,True,True,,Finding,Direct FR link absent
AC-1773,AC,MOD-020,DATA-020,,True,True,True,True,True,,Finding,Direct FR link absent
AC-1774,AC,MOD-020,DATA-020,,True,True,True,True,True,,Finding,Direct FR link absent
AC-1775,AC,MOD-020,DATA-020,,True,True,True,True,True,,Finding,Direct FR link absent
AC-1776,AC,MOD-020,DATA-020,,True,True,True,True,True,,Finding,Direct FR link absent
AC-1777,AC,MOD-021,DATA-021,,True,True,True,True,True,,Finding,Direct FR link absent
AC-1778,AC,MOD-021,DATA-021,,True,True,True,True,True,,Finding,Direct FR link absent
AC-1779,AC,MOD-021,DATA-021,,True,True,True,True,True,,Finding,Direct FR link absent
AC-1780,AC,MOD-021,DATA-021,,True,True,True,True,True,,Finding,Direct FR link absent
AC-1781,AC,MOD-021,DATA-021,,True,True,True,True,True,,Finding,Direct FR link absent
AC-1782,AC,MOD-021,DATA-021,,True,True,True,True,True,,Finding,Direct FR link absent
AC-1783,AC,MOD-021,DATA-021,,True,True,True,True,True,,Finding,Direct FR link absent
AC-1784,AC,MOD-021,DATA-021,,True,True,True,True,True,,Finding,Direct FR link absent
AC-1785,AC,MOD-021,DATA-021,,True,True,True,True,True,,Finding,Direct FR link absent
AC-1786,AC,MOD-021,DATA-021,,True,True,True,True,True,,Finding,Direct FR link absent
AC-1787,AC,MOD-021,DATA-021,,True,True,True,True,True,,Finding,Direct FR link absent
AC-1788,AC,MOD-021,DATA-021,,True,True,True,True,True,,Finding,Direct FR link absent
AC-1789,AC,MOD-021,DATA-021,,True,True,True,True,True,,Finding,Direct FR link absent
AC-1790,AC,MOD-018,FR-270,FR-270,True,True,True,True,True,,Pass,
AC-1791,AC,MOD-018,FR-271,FR-271,True,True,True,True,True,,Pass,
AC-1792,AC,MOD-018,BR-100,,True,True,True,True,True,,Finding,Direct FR link absent
AC-1793,AC,MOD-018,BR-100,,True,True,True,True,True,,Finding,Direct FR link absent
AC-1794,AC,MOD-018,BR-100,,True,True,True,True,True,,Finding,Direct FR link absent
AC-1795,AC,MOD-018,BR-100,,True,True,True,True,True,,Finding,Direct FR link absent
AC-1796,AC,MOD-018,FR-272,FR-272,True,True,True,True,True,,Pass,
AC-1797,AC,MOD-018,FR-271,FR-271,True,True,True,True,True,,Pass,
AC-1798,AC,MOD-018,FR-271,FR-271,True,True,True,True,True,,Pass,
AC-1799,AC,MOD-018,FR-274,FR-274,True,True,True,True,True,,Pass,
AC-1800,AC,MOD-018,FR-273,FR-273,True,True,True,True,True,,Pass,
AC-1801,AC,MOD-021,FR-269,FR-269,True,True,True,True,True,,Pass,
AC-1802,AC,MOD-018,BR-104,,True,True,True,True,True,,Finding,Direct FR link absent
AC-1803,AC,MOD-015,BR-103,,True,True,True,True,True,,Finding,Direct FR link absent
AC-1804,AC,MOD-014,FR-275,FR-275,True,True,True,True,True,,Pass,
AC-1805,AC,MOD-014,BR-105,,True,True,True,True,True,,Finding,Direct FR link absent
AC-1806,AC,MOD-014,BR-112,,True,True,True,True,True,,Finding,Direct FR link absent
AC-1807,AC,MOD-014,FR-276,FR-276,True,True,True,True,True,,Pass,
AC-1808,AC,MOD-014,BR-107,,True,True,True,True,True,,Finding,Direct FR link absent
AC-1809,AC,MOD-014,BR-107,,True,True,True,True,True,,Finding,Direct FR link absent
AC-1810,AC,MOD-014,FR-277,FR-277,True,True,True,True,True,,Pass,
AC-1811,AC,MOD-014,BR-108,,True,True,True,True,True,,Finding,Direct FR link absent
AC-1812,AC,MOD-014,FR-278,FR-278,True,True,True,True,True,,Pass,
AC-1813,AC,MOD-014,BR-109,,True,True,True,True,True,,Finding,Direct FR link absent
AC-1814,AC,MOD-014,FR-276,FR-276,True,True,True,True,True,,Pass,
AC-1815,AC,MOD-014,FR-276,FR-276,True,True,True,True,True,,Pass,
AC-1816,AC,MOD-014,FR-275,FR-275,True,True,True,True,True,,Pass,
AC-1817,AC,MOD-014,BR-112,,True,True,True,True,True,,Finding,Direct FR link absent
AC-1818,AC,MOD-014,BR-106,,True,True,True,True,True,,Finding,Direct FR link absent
AC-1819,AC,MOD-018,FR-271,FR-271,True,True,True,True,True,,Pass,
AC-1820,AC,MOD-014,FR-277,FR-277,True,True,True,True,True,,Pass,
AC-1821,AC,MOD-018,FR-272,FR-272,True,True,True,True,True,,Pass,
AC-1822,AC,MOD-015,FR-279,FR-279,True,True,True,True,True,,Pass,
AC-1823,AC,ALL,BR-113,,True,True,True,True,True,,Finding,Direct FR link absent
AC-1824,AC,MOD-018,FR-273,FR-273,True,True,True,True,True,,Pass,
