Requirement,Type,Module,Source,Source present,API refs valid,Permission refs valid,Stable error refs valid,AC refs valid,SCR,FLOW,STATE,Status,Notes
FR-001,FR,MOD-001,OpenAPI `POST_api_v1_auth_admin_reset_password`; Stage_3_Field_Traceability.csv,True,True,True,True,True,SCR-173,,STATE-007;STATE-008;STATE-009;STATE-014;STATE-017;STATE-018;STATE-020;STATE-021;STATE-024;STATE-026;STATE-031;STATE-032;STATE-033;STATE-034;STATE-039,Finding,Broken source filename
FR-002,FR,MOD-001,OpenAPI `POST_api_v1_auth_change_password`; Stage_3_Field_Traceability.csv,True,True,True,True,True,SCR-152,,STATE-007;STATE-014;STATE-017;STATE-018;STATE-020;STATE-021;STATE-024;STATE-026;STATE-031;STATE-032;STATE-033;STATE-039,Finding,Broken source filename
FR-003,FR,MOD-001,OpenAPI `POST_api_v1_auth_login`; Stage_3_Field_Traceability.csv,True,True,True,True,True,SCR-001,FLOW-001,STATE-020;STATE-021;STATE-026;STATE-032;STATE-033;STATE-037;STATE-038;STATE-039,Finding,Broken source filename
FR-004,FR,MOD-001,OpenAPI `GET_api_v1_auth_login_attempts`; Stage_3_Field_Traceability.csv,True,True,True,True,True,SCR-181,,STATE-008;STATE-021;STATE-026;STATE-031;STATE-032;STATE-033;STATE-034;STATE-039,Finding,Broken source filename
FR-005,FR,MOD-001,OpenAPI `POST_api_v1_auth_logout`; Stage_3_Field_Traceability.csv,True,True,True,True,True,SCR-161,FLOW-003,STATE-032;STATE-033;STATE-039,Finding,Broken source filename
FR-006,FR,MOD-001,OpenAPI `POST_api_v1_auth_logout_all`; Stage_3_Field_Traceability.csv,True,True,True,True,True,SCR-152;SCR-161,,STATE-008;STATE-031;STATE-032;STATE-033;STATE-034;STATE-039,Finding,Broken source filename
FR-007,FR,MOD-001,OpenAPI `POST_api_v1_auth_refresh`; Stage_3_Field_Traceability.csv,True,True,True,True,True,SCR-006,FLOW-002;FLOW-003;FLOW-024,STATE-007;STATE-014;STATE-017;STATE-018;STATE-020;STATE-021;STATE-024;STATE-026;STATE-031;STATE-032;STATE-033;STATE-039,Finding,Broken source filename
FR-008,FR,MOD-001,OpenAPI `GET_api_v1_auth_session`; Stage_3_Field_Traceability.csv,True,True,True,True,True,SCR-006;SCR-161,FLOW-002;FLOW-003;FLOW-024,STATE-032;STATE-033;STATE-039,Finding,Broken source filename
FR-009,FR,MOD-001,OpenAPI `GET_api_v1_auth_sessions`; Stage_3_Field_Traceability.csv,True,True,True,True,True,SCR-161;SCR-181,,STATE-008;STATE-031;STATE-032;STATE-033;STATE-034;STATE-039,Finding,Broken source filename
FR-010,FR,MOD-001,OpenAPI `POST_api_v1_auth_sessions_sessionId_revoke`; Stage_3_Field_Traceability.csv,True,True,True,True,True,SCR-161;SCR-181,,STATE-008;STATE-009;STATE-031;STATE-032;STATE-033;STATE-034;STATE-039,Finding,Broken source filename
FR-011,FR,MOD-002,OpenAPI `GET_api_v1_system_time`; Stage_3_Field_Traceability.csv,True,True,True,True,True,,,STATE-032;STATE-033;STATE-039,Finding,Broken source filename
FR-012,FR,MOD-002,OpenAPI `GET_api_v1_system_version`; Stage_3_Field_Traceability.csv,True,True,True,True,True,,,STATE-032;STATE-033;STATE-039,Finding,Broken source filename
FR-013,FR,MOD-002,OpenAPI `GET_health_live`; Stage_3_Field_Traceability.csv,True,True,True,True,True,,,STATE-010;STATE-021;STATE-022;STATE-026,Finding,Broken source filename
FR-014,FR,MOD-002,OpenAPI `GET_health_ready`; Stage_3_Field_Traceability.csv,True,True,True,True,True,,,STATE-010;STATE-021;STATE-022;STATE-026,Finding,Broken source filename
FR-015,FR,MOD-002,OpenAPI `GET_api_v1_capabilities`; Stage_3_Field_Traceability.csv,True,True,True,True,True,,,STATE-032;STATE-033;STATE-039,Finding,Broken source filename
FR-016,FR,MOD-002,OpenAPI `GET_api_v1_feature_flags`; Stage_3_Field_Traceability.csv,True,True,True,True,True,,,STATE-032;STATE-033;STATE-039,Finding,Broken source filename
FR-017,FR,MOD-003,OpenAPI `GET_api_v1_today`; Stage_3_Field_Traceability.csv,True,True,True,True,True,,,STATE-007;STATE-008;STATE-021;STATE-026;STATE-031;STATE-032;STATE-033;STATE-034;STATE-039,Finding,Broken source filename
FR-018,FR,MOD-004,OpenAPI `GET_api_v1_inbox_items`; Stage_3_Field_Traceability.csv,True,True,True,True,True,,,STATE-008;STATE-021;STATE-026;STATE-031;STATE-032;STATE-033;STATE-034;STATE-039,Finding,Broken source filename
FR-019,FR,MOD-004,OpenAPI `POST_api_v1_inbox_items`; Stage_3_Field_Traceability.csv,True,True,True,True,True,,FLOW-034,STATE-007;STATE-008;STATE-014;STATE-017;STATE-018;STATE-020;STATE-021;STATE-024;STATE-026;STATE-031;STATE-032;STATE-033;STATE-034;STATE-039,Finding,Broken source filename
FR-020,FR,MOD-004,OpenAPI `DELETE_api_v1_inbox_items_id`; Stage_3_Field_Traceability.csv,True,True,True,True,True,,,STATE-007;STATE-008;STATE-009;STATE-014;STATE-017;STATE-018;STATE-020;STATE-024;STATE-025;STATE-031;STATE-032;STATE-033;STATE-034;STATE-039,Finding,Broken source filename
FR-021,FR,MOD-004,OpenAPI `GET_api_v1_inbox_items_id`; Stage_3_Field_Traceability.csv,True,True,True,True,True,,,STATE-008;STATE-009;STATE-031;STATE-032;STATE-033;STATE-034;STATE-039,Finding,Broken source filename
FR-022,FR,MOD-004,OpenAPI `PATCH_api_v1_inbox_items_id`; Stage_3_Field_Traceability.csv,True,True,True,True,True,,,STATE-007;STATE-008;STATE-009;STATE-014;STATE-017;STATE-018;STATE-020;STATE-021;STATE-024;STATE-025;STATE-026;STATE-031;STATE-032;STATE-033;STATE-034;STATE-039,Finding,Broken source filename
FR-023,FR,MOD-004,OpenAPI `POST_api_v1_inbox_items_id_convert_to_catalog_item`; Stage_3_Field_Traceability.csv,True,True,True,True,True,,,STATE-007;STATE-008;STATE-009;STATE-014;STATE-017;STATE-018;STATE-020;STATE-021;STATE-024;STATE-025;STATE-026;STATE-031;STATE-032;STATE-033;STATE-034;STATE-039,Finding,Broken source filename
FR-024,FR,MOD-004,OpenAPI `POST_api_v1_inbox_items_id_convert_to_task`; Stage_3_Field_Traceability.csv,True,True,True,True,True,,FLOW-034,STATE-007;STATE-008;STATE-009;STATE-014;STATE-017;STATE-018;STATE-020;STATE-021;STATE-024;STATE-025;STATE-026;STATE-031;STATE-032;STATE-033;STATE-034;STATE-039,Finding,Broken source filename
FR-025,FR,MOD-004,OpenAPI `POST_api_v1_inbox_items_id_restore`; Stage_3_Field_Traceability.csv,True,True,True,True,True,,FLOW-028,STATE-007;STATE-008;STATE-009;STATE-014;STATE-017;STATE-018;STATE-020;STATE-024;STATE-025;STATE-031;STATE-032;STATE-033;STATE-034;STATE-039,Finding,Broken source filename
FR-026,FR,MOD-005,OpenAPI `GET_api_v1_tasks`; Stage_3_Field_Traceability.csv,True,True,True,True,True,,,STATE-008;STATE-021;STATE-026;STATE-031;STATE-032;STATE-033;STATE-034;STATE-039,Finding,Broken source filename
FR-027,FR,MOD-005,OpenAPI `POST_api_v1_tasks`; Stage_3_Field_Traceability.csv,True,True,True,True,True,SCR-022;SCR-023,FLOW-004;FLOW-005,STATE-007;STATE-008;STATE-014;STATE-017;STATE-018;STATE-020;STATE-021;STATE-024;STATE-026;STATE-031;STATE-032;STATE-033;STATE-034;STATE-039,Finding,Broken source filename
FR-028,FR,MOD-005,OpenAPI `POST_api_v1_tasks_bulk_transition`; Stage_3_Field_Traceability.csv,True,True,True,True,True,,FLOW-033,STATE-007;STATE-008;STATE-014;STATE-017;STATE-018;STATE-020;STATE-021;STATE-024;STATE-025;STATE-026;STATE-031;STATE-032;STATE-033;STATE-034;STATE-039,Finding,Broken source filename
FR-029,FR,MOD-005,OpenAPI `DELETE_api_v1_tasks_id`; Stage_3_Field_Traceability.csv,True,True,True,True,True,,FLOW-027,STATE-007;STATE-008;STATE-009;STATE-014;STATE-017;STATE-018;STATE-020;STATE-024;STATE-025;STATE-031;STATE-032;STATE-033;STATE-034;STATE-039,Finding,Broken source filename
FR-030,FR,MOD-005,OpenAPI `GET_api_v1_tasks_id`; Stage_3_Field_Traceability.csv,True,True,True,True,True,SCR-023;SCR-024,,STATE-008;STATE-009;STATE-031;STATE-032;STATE-033;STATE-034;STATE-039,Finding,Broken source filename
FR-031,FR,MOD-005,OpenAPI `PATCH_api_v1_tasks_id`; Stage_3_Field_Traceability.csv,True,True,True,True,True,SCR-023;SCR-047,,STATE-007;STATE-008;STATE-009;STATE-014;STATE-017;STATE-018;STATE-020;STATE-021;STATE-024;STATE-025;STATE-026;STATE-031;STATE-032;STATE-033;STATE-034;STATE-039,Finding,Broken source filename
FR-032,FR,MOD-005,OpenAPI `POST_api_v1_tasks_id_archive`; Stage_3_Field_Traceability.csv,True,True,True,True,True,,FLOW-026,STATE-007;STATE-008;STATE-009;STATE-014;STATE-017;STATE-018;STATE-020;STATE-024;STATE-025;STATE-031;STATE-032;STATE-033;STATE-034;STATE-039,Finding,Broken source filename
FR-033,FR,MOD-005,OpenAPI `PUT_api_v1_tasks_id_assignees`; Stage_3_Field_Traceability.csv,True,True,True,True,True,SCR-029,FLOW-006,STATE-007;STATE-008;STATE-009;STATE-014;STATE-017;STATE-018;STATE-020;STATE-021;STATE-024;STATE-025;STATE-026;STATE-031;STATE-032;STATE-033;STATE-034;STATE-039,Finding,Broken source filename
FR-034,FR,MOD-005,OpenAPI `POST_api_v1_tasks_id_dependencies`; Stage_3_Field_Traceability.csv,True,True,True,True,True,,,STATE-007;STATE-008;STATE-009;STATE-014;STATE-017;STATE-018;STATE-020;STATE-021;STATE-024;STATE-025;STATE-026;STATE-031;STATE-032;STATE-033;STATE-034;STATE-039,Finding,Broken source filename
FR-035,FR,MOD-005,OpenAPI `DELETE_api_v1_tasks_id_dependencies_dependencyId`; Stage_3_Field_Traceability.csv,True,True,True,True,True,,FLOW-027,STATE-007;STATE-008;STATE-009;STATE-014;STATE-017;STATE-018;STATE-020;STATE-024;STATE-025;STATE-031;STATE-032;STATE-033;STATE-034;STATE-039,Finding,Broken source filename
FR-036,FR,MOD-005,OpenAPI `POST_api_v1_tasks_id_move`; Stage_3_Field_Traceability.csv,True,True,True,True,True,SCR-023,FLOW-032,STATE-007;STATE-008;STATE-009;STATE-014;STATE-017;STATE-018;STATE-020;STATE-021;STATE-024;STATE-025;STATE-026;STATE-031;STATE-032;STATE-033;STATE-034;STATE-039,Finding,Broken source filename
FR-037,FR,MOD-005,OpenAPI `POST_api_v1_tasks_id_restore`; Stage_3_Field_Traceability.csv,True,True,True,True,True,,FLOW-028,STATE-007;STATE-008;STATE-009;STATE-014;STATE-017;STATE-018;STATE-020;STATE-024;STATE-025;STATE-031;STATE-032;STATE-033;STATE-034;STATE-039,Finding,Broken source filename
FR-038,FR,MOD-005,OpenAPI `POST_api_v1_tasks_id_transition`; Stage_3_Field_Traceability.csv,True,True,True,True,True,SCR-023,FLOW-007;FLOW-008,STATE-007;STATE-008;STATE-009;STATE-014;STATE-017;STATE-018;STATE-020;STATE-021;STATE-024;STATE-025;STATE-026;STATE-031;STATE-032;STATE-033;STATE-034;STATE-039,Finding,Broken source filename
FR-039,FR,MOD-005,OpenAPI `POST_api_v1_tasks_id_unarchive`; Stage_3_Field_Traceability.csv,True,True,True,True,True,,FLOW-026,STATE-007;STATE-008;STATE-009;STATE-014;STATE-017;STATE-018;STATE-020;STATE-024;STATE-025;STATE-031;STATE-032;STATE-033;STATE-034;STATE-039,Finding,Broken source filename
FR-040,FR,MOD-005,OpenAPI `PUT_api_v1_tasks_id_watchers`; Stage_3_Field_Traceability.csv,True,True,True,True,True,SCR-029,,STATE-007;STATE-008;STATE-009;STATE-014;STATE-017;STATE-018;STATE-020;STATE-021;STATE-024;STATE-025;STATE-026;STATE-031;STATE-032;STATE-033;STATE-034;STATE-039,Finding,Broken source filename
FR-041,FR,MOD-006,OpenAPI `GET_api_v1_tasks_taskId_checklists`; Stage_3_Field_Traceability.csv,True,True,True,True,True,,,STATE-008;STATE-021;STATE-026;STATE-031;STATE-032;STATE-033;STATE-034;STATE-039,Finding,Broken source filename
FR-042,FR,MOD-006,OpenAPI `POST_api_v1_tasks_taskId_checklists`; Stage_3_Field_Traceability.csv,True,True,True,True,True,SCR-033,,STATE-007;STATE-008;STATE-014;STATE-017;STATE-018;STATE-020;STATE-021;STATE-024;STATE-026;STATE-031;STATE-032;STATE-033;STATE-034;STATE-039,Finding,Broken source filename
FR-043,FR,MOD-006,OpenAPI `POST_api_v1_tasks_taskId_checklists_checklistId_items`; Stage_3_Field_Traceability.csv,True,True,True,True,True,SCR-033,,STATE-007;STATE-008;STATE-009;STATE-014;STATE-017;STATE-018;STATE-020;STATE-021;STATE-024;STATE-025;STATE-026;STATE-031;STATE-032;STATE-033;STATE-034;STATE-039,Finding,Broken source filename
FR-044,FR,MOD-006,OpenAPI `DELETE_api_v1_tasks_taskId_checklists_checklistId_items_itemId`; Stage_3_Field_Traceability.csv,True,True,True,True,True,,FLOW-027,STATE-007;STATE-008;STATE-009;STATE-014;STATE-017;STATE-018;STATE-020;STATE-024;STATE-025;STATE-031;STATE-032;STATE-033;STATE-034;STATE-039,Finding,Broken source filename
FR-045,FR,MOD-006,OpenAPI `PATCH_api_v1_tasks_taskId_checklists_checklistId_items_itemId`; Stage_3_Field_Traceability.csv,True,True,True,True,True,SCR-033,,STATE-007;STATE-008;STATE-009;STATE-014;STATE-017;STATE-018;STATE-020;STATE-021;STATE-024;STATE-025;STATE-026;STATE-031;STATE-032;STATE-033;STATE-034;STATE-039,Finding,Broken source filename
FR-046,FR,MOD-006,OpenAPI `POST_api_v1_tasks_taskId_checklists_checklistId_reorder`; Stage_3_Field_Traceability.csv,True,True,True,True,True,SCR-033,,STATE-007;STATE-008;STATE-009;STATE-014;STATE-017;STATE-018;STATE-020;STATE-021;STATE-024;STATE-025;STATE-026;STATE-031;STATE-032;STATE-033;STATE-034;STATE-039,Finding,Broken source filename
FR-047,FR,MOD-006,OpenAPI `DELETE_api_v1_tasks_taskId_checklists_id`; Stage_3_Field_Traceability.csv,True,True,True,True,True,,FLOW-027,STATE-007;STATE-008;STATE-009;STATE-014;STATE-017;STATE-018;STATE-020;STATE-024;STATE-025;STATE-031;STATE-032;STATE-033;STATE-034;STATE-039,Finding,Broken source filename
FR-048,FR,MOD-006,OpenAPI `GET_api_v1_tasks_taskId_checklists_id`; Stage_3_Field_Traceability.csv,True,True,True,True,True,,,STATE-008;STATE-009;STATE-031;STATE-032;STATE-033;STATE-034;STATE-039,Finding,Broken source filename
FR-049,FR,MOD-006,OpenAPI `PATCH_api_v1_tasks_taskId_checklists_id`; Stage_3_Field_Traceability.csv,True,True,True,True,True,SCR-033,,STATE-007;STATE-008;STATE-009;STATE-014;STATE-017;STATE-018;STATE-020;STATE-021;STATE-024;STATE-025;STATE-026;STATE-031;STATE-032;STATE-033;STATE-034;STATE-039,Finding,Broken source filename
FR-050,FR,MOD-006,OpenAPI `GET_api_v1_tasks_id_subtasks`; Stage_3_Field_Traceability.csv,True,True,True,True,True,,,STATE-008;STATE-009;STATE-031;STATE-032;STATE-033;STATE-034;STATE-039,Finding,Broken source filename
FR-051,FR,MOD-006,OpenAPI `POST_api_v1_tasks_id_subtasks`; Stage_3_Field_Traceability.csv,True,True,True,True,True,SCR-033,FLOW-009,STATE-007;STATE-008;STATE-009;STATE-014;STATE-017;STATE-018;STATE-020;STATE-021;STATE-024;STATE-025;STATE-026;STATE-031;STATE-032;STATE-033;STATE-034;STATE-039,Finding,Broken source filename
FR-052,FR,MOD-007,OpenAPI `GET_api_v1_recurrence_series`; Stage_3_Field_Traceability.csv,True,True,True,True,True,,,STATE-008;STATE-021;STATE-026;STATE-031;STATE-032;STATE-033;STATE-034;STATE-039,Finding,Broken source filename
FR-053,FR,MOD-007,OpenAPI `POST_api_v1_recurrence_series`; Stage_3_Field_Traceability.csv,True,True,True,True,True,SCR-026,FLOW-010,STATE-007;STATE-008;STATE-014;STATE-017;STATE-018;STATE-020;STATE-021;STATE-024;STATE-026;STATE-031;STATE-032;STATE-033;STATE-034;STATE-039,Finding,Broken source filename
FR-054,FR,MOD-007,OpenAPI `DELETE_api_v1_recurrence_series_id`; Stage_3_Field_Traceability.csv,True,True,True,True,True,SCR-026,,STATE-007;STATE-008;STATE-009;STATE-014;STATE-017;STATE-018;STATE-020;STATE-024;STATE-025;STATE-031;STATE-032;STATE-033;STATE-034;STATE-039,Finding,Broken source filename
FR-055,FR,MOD-007,OpenAPI `GET_api_v1_recurrence_series_id`; Stage_3_Field_Traceability.csv,True,True,True,True,True,SCR-026,,STATE-008;STATE-009;STATE-031;STATE-032;STATE-033;STATE-034;STATE-039,Finding,Broken source filename
FR-056,FR,MOD-007,OpenAPI `PATCH_api_v1_recurrence_series_id`; Stage_3_Field_Traceability.csv,True,True,True,True,True,SCR-026,,STATE-007;STATE-008;STATE-009;STATE-014;STATE-017;STATE-018;STATE-020;STATE-021;STATE-024;STATE-025;STATE-026;STATE-031;STATE-032;STATE-033;STATE-034;STATE-039,Finding,Broken source filename
FR-057,FR,MOD-007,OpenAPI `POST_api_v1_recurrence_series_id_apply_change`; Stage_3_Field_Traceability.csv,True,True,True,True,True,SCR-027,FLOW-011;FLOW-012,STATE-007;STATE-008;STATE-009;STATE-014;STATE-017;STATE-018;STATE-020;STATE-021;STATE-024;STATE-025;STATE-026;STATE-031;STATE-032;STATE-033;STATE-034;STATE-039,Finding,Broken source filename
FR-058,FR,MOD-007,OpenAPI `POST_api_v1_recurrence_series_id_generate`; Stage_3_Field_Traceability.csv,True,True,True,True,True,,,STATE-007;STATE-008;STATE-009;STATE-014;STATE-017;STATE-018;STATE-020;STATE-021;STATE-024;STATE-026;STATE-031;STATE-032;STATE-033;STATE-034;STATE-039,Finding,Broken source filename
FR-059,FR,MOD-007,OpenAPI `POST_api_v1_recurrence_series_id_preview`; Stage_3_Field_Traceability.csv,True,True,True,True,True,SCR-026,,STATE-007;STATE-008;STATE-009;STATE-021;STATE-026;STATE-031;STATE-032;STATE-033;STATE-034;STATE-039,Finding,Broken source filename
FR-060,FR,MOD-007,OpenAPI `POST_api_v1_recurrence_series_id_resume`; Stage_3_Field_Traceability.csv,True,True,True,True,True,,,STATE-007;STATE-008;STATE-009;STATE-014;STATE-017;STATE-018;STATE-020;STATE-024;STATE-025;STATE-031;STATE-032;STATE-033;STATE-034;STATE-039,Finding,Broken source filename
FR-061,FR,MOD-007,OpenAPI `POST_api_v1_recurrence_series_id_skip_occurrenceKey`; Stage_3_Field_Traceability.csv,True,True,True,True,True,SCR-026,,STATE-007;STATE-008;STATE-009;STATE-014;STATE-017;STATE-018;STATE-020;STATE-021;STATE-024;STATE-025;STATE-026;STATE-031;STATE-032;STATE-033;STATE-034;STATE-039,Finding,Broken source filename
FR-062,FR,MOD-008,OpenAPI `GET_api_v1_reminders`; Stage_3_Field_Traceability.csv,True,True,True,True,True,,,STATE-008;STATE-021;STATE-026;STATE-031;STATE-032;STATE-033;STATE-034;STATE-039,Finding,Broken source filename
FR-063,FR,MOD-008,OpenAPI `POST_api_v1_reminders`; Stage_3_Field_Traceability.csv,True,True,True,True,True,SCR-028,,STATE-007;STATE-008;STATE-014;STATE-017;STATE-018;STATE-020;STATE-021;STATE-024;STATE-026;STATE-031;STATE-032;STATE-033;STATE-034;STATE-039,Finding,Broken source filename
FR-064,FR,MOD-008,OpenAPI `GET_api_v1_reminders_upcoming`; Stage_3_Field_Traceability.csv,True,True,True,True,True,,,STATE-008;STATE-021;STATE-026;STATE-031;STATE-032;STATE-033;STATE-034;STATE-039,Finding,Broken source filename
FR-065,FR,MOD-008,OpenAPI `DELETE_api_v1_reminders_id`; Stage_3_Field_Traceability.csv,True,True,True,True,True,SCR-028,,STATE-007;STATE-008;STATE-009;STATE-014;STATE-017;STATE-018;STATE-020;STATE-024;STATE-025;STATE-031;STATE-032;STATE-033;STATE-034;STATE-039,Finding,Broken source filename
FR-066,FR,MOD-008,OpenAPI `GET_api_v1_reminders_id`; Stage_3_Field_Traceability.csv,True,True,True,True,True,SCR-028,,STATE-008;STATE-009;STATE-031;STATE-032;STATE-033;STATE-034;STATE-039,Finding,Broken source filename
FR-067,FR,MOD-008,OpenAPI `PATCH_api_v1_reminders_id`; Stage_3_Field_Traceability.csv,True,True,True,True,True,SCR-028,,STATE-007;STATE-008;STATE-009;STATE-014;STATE-017;STATE-018;STATE-020;STATE-021;STATE-024;STATE-025;STATE-026;STATE-031;STATE-032;STATE-033;STATE-034;STATE-039,Finding,Broken source filename
FR-068,FR,MOD-008,OpenAPI `POST_api_v1_reminders_id_dismiss`; Stage_3_Field_Traceability.csv,True,True,True,True,True,SCR-028,,STATE-007;STATE-008;STATE-009;STATE-014;STATE-017;STATE-018;STATE-020;STATE-024;STATE-025;STATE-031;STATE-032;STATE-033;STATE-034;STATE-039,Finding,Broken source filename
FR-069,FR,MOD-008,OpenAPI `POST_api_v1_reminders_id_reschedule`; Stage_3_Field_Traceability.csv,True,True,True,True,True,SCR-028,,STATE-007;STATE-008;STATE-009;STATE-014;STATE-017;STATE-018;STATE-020;STATE-024;STATE-025;STATE-031;STATE-032;STATE-033;STATE-034;STATE-039,Finding,Broken source filename
FR-070,FR,MOD-008,OpenAPI `POST_api_v1_reminders_id_snooze`; Stage_3_Field_Traceability.csv,True,True,True,True,True,SCR-028,FLOW-021,STATE-007;STATE-008;STATE-009;STATE-014;STATE-017;STATE-018;STATE-020;STATE-021;STATE-024;STATE-025;STATE-026;STATE-031;STATE-032;STATE-033;STATE-034;STATE-039,Finding,Broken source filename
FR-071,FR,MOD-009,OpenAPI `GET_api_v1_calendar`; Stage_3_Field_Traceability.csv,True,True,True,True,True,,,STATE-007;STATE-008;STATE-021;STATE-026;STATE-031;STATE-032;STATE-033;STATE-034;STATE-039,Finding,Broken source filename
FR-072,FR,MOD-009,OpenAPI `GET_api_v1_calendar_events`; Stage_3_Field_Traceability.csv,True,True,True,True,True,,,STATE-008;STATE-021;STATE-026;STATE-031;STATE-032;STATE-033;STATE-034;STATE-039,Finding,Broken source filename
FR-073,FR,MOD-009,OpenAPI `POST_api_v1_calendar_events`; Stage_3_Field_Traceability.csv,True,True,True,True,True,SCR-044,FLOW-031,STATE-007;STATE-008;STATE-014;STATE-017;STATE-018;STATE-020;STATE-021;STATE-024;STATE-026;STATE-031;STATE-032;STATE-033;STATE-034;STATE-039,Finding,Broken source filename
FR-074,FR,MOD-009,OpenAPI `DELETE_api_v1_calendar_events_id`; Stage_3_Field_Traceability.csv,True,True,True,True,True,,FLOW-027,STATE-007;STATE-008;STATE-009;STATE-014;STATE-017;STATE-018;STATE-020;STATE-024;STATE-025;STATE-031;STATE-032;STATE-033;STATE-034;STATE-039,Finding,Broken source filename
FR-075,FR,MOD-009,OpenAPI `GET_api_v1_calendar_events_id`; Stage_3_Field_Traceability.csv,True,True,True,True,True,SCR-044,,STATE-008;STATE-009;STATE-031;STATE-032;STATE-033;STATE-034;STATE-039,Finding,Broken source filename
FR-076,FR,MOD-009,OpenAPI `PATCH_api_v1_calendar_events_id`; Stage_3_Field_Traceability.csv,True,True,True,True,True,SCR-044;SCR-047,FLOW-032,STATE-007;STATE-008;STATE-009;STATE-014;STATE-017;STATE-018;STATE-020;STATE-021;STATE-024;STATE-025;STATE-026;STATE-031;STATE-032;STATE-033;STATE-034;STATE-039,Finding,Broken source filename
FR-077,FR,MOD-009,OpenAPI `POST_api_v1_calendar_events_id_archive`; Stage_3_Field_Traceability.csv,True,True,True,True,True,,FLOW-026,STATE-007;STATE-008;STATE-009;STATE-014;STATE-017;STATE-018;STATE-020;STATE-024;STATE-025;STATE-031;STATE-032;STATE-033;STATE-034;STATE-039,Finding,Broken source filename
FR-078,FR,MOD-009,OpenAPI `PUT_api_v1_calendar_events_id_attendees`; Stage_3_Field_Traceability.csv,True,True,True,True,True,SCR-044,,STATE-007;STATE-008;STATE-009;STATE-014;STATE-017;STATE-018;STATE-020;STATE-021;STATE-024;STATE-025;STATE-026;STATE-031;STATE-032;STATE-033;STATE-034;STATE-039,Finding,Broken source filename
FR-079,FR,MOD-009,OpenAPI `POST_api_v1_calendar_events_id_respond`; Stage_3_Field_Traceability.csv,True,True,True,True,True,SCR-044,,STATE-007;STATE-008;STATE-009;STATE-014;STATE-017;STATE-018;STATE-020;STATE-021;STATE-024;STATE-025;STATE-026;STATE-031;STATE-032;STATE-033;STATE-034;STATE-039,Finding,Broken source filename
FR-080,FR,MOD-009,OpenAPI `POST_api_v1_calendar_events_id_restore`; Stage_3_Field_Traceability.csv,True,True,True,True,True,,FLOW-028,STATE-007;STATE-008;STATE-009;STATE-014;STATE-017;STATE-018;STATE-020;STATE-024;STATE-025;STATE-031;STATE-032;STATE-033;STATE-034;STATE-039,Finding,Broken source filename
FR-081,FR,MOD-009,OpenAPI `POST_api_v1_calendar_events_id_unarchive`; Stage_3_Field_Traceability.csv,True,True,True,True,True,,FLOW-026,STATE-007;STATE-008;STATE-009;STATE-014;STATE-017;STATE-018;STATE-020;STATE-024;STATE-025;STATE-031;STATE-032;STATE-033;STATE-034;STATE-039,Finding,Broken source filename
FR-082,FR,MOD-009,OpenAPI `GET_api_v1_calendar_conflicts`; Stage_3_Field_Traceability.csv,True,True,True,True,True,,,STATE-007;STATE-008;STATE-021;STATE-026;STATE-031;STATE-032;STATE-033;STATE-034;STATE-039,Finding,Broken source filename
FR-083,FR,MOD-010,OpenAPI `GET_api_v1_projects`; Stage_3_Field_Traceability.csv,True,True,True,True,True,,,STATE-008;STATE-021;STATE-026;STATE-031;STATE-032;STATE-033;STATE-034;STATE-039,Finding,Broken source filename
FR-084,FR,MOD-010,OpenAPI `POST_api_v1_projects`; Stage_3_Field_Traceability.csv,True,True,True,True,True,SCR-070,FLOW-013,STATE-007;STATE-008;STATE-014;STATE-017;STATE-018;STATE-020;STATE-021;STATE-024;STATE-026;STATE-031;STATE-032;STATE-033;STATE-034;STATE-039,Finding,Broken source filename
FR-085,FR,MOD-010,OpenAPI `DELETE_api_v1_projects_id`; Stage_3_Field_Traceability.csv,True,True,True,True,True,SCR-072,FLOW-027,STATE-007;STATE-008;STATE-009;STATE-014;STATE-017;STATE-018;STATE-020;STATE-024;STATE-025;STATE-031;STATE-032;STATE-033;STATE-034;STATE-039,Finding,Broken source filename
FR-086,FR,MOD-010,OpenAPI `GET_api_v1_projects_id`; Stage_3_Field_Traceability.csv,True,True,True,True,True,SCR-070,,STATE-008;STATE-009;STATE-031;STATE-032;STATE-033;STATE-034;STATE-039,Finding,Broken source filename
FR-087,FR,MOD-010,OpenAPI `PATCH_api_v1_projects_id`; Stage_3_Field_Traceability.csv,True,True,True,True,True,SCR-070,,STATE-007;STATE-008;STATE-009;STATE-014;STATE-017;STATE-018;STATE-020;STATE-021;STATE-024;STATE-025;STATE-026;STATE-031;STATE-032;STATE-033;STATE-034;STATE-039,Finding,Broken source filename
FR-088,FR,MOD-010,OpenAPI `POST_api_v1_projects_id_archive`; Stage_3_Field_Traceability.csv,True,True,True,True,True,SCR-072,FLOW-026;FLOW-035,STATE-007;STATE-008;STATE-009;STATE-014;STATE-017;STATE-018;STATE-020;STATE-024;STATE-025;STATE-031;STATE-032;STATE-033;STATE-034;STATE-039,Finding,Broken source filename
FR-089,FR,MOD-010,OpenAPI `GET_api_v1_projects_id_members`; Stage_3_Field_Traceability.csv,True,True,True,True,True,SCR-064,,STATE-008;STATE-009;STATE-031;STATE-032;STATE-033;STATE-034;STATE-039,Finding,Broken source filename
FR-090,FR,MOD-010,OpenAPI `POST_api_v1_projects_id_members`; Stage_3_Field_Traceability.csv,True,True,True,True,True,SCR-064,FLOW-014;FLOW-030,STATE-007;STATE-008;STATE-009;STATE-014;STATE-017;STATE-018;STATE-020;STATE-021;STATE-024;STATE-025;STATE-026;STATE-031;STATE-032;STATE-033;STATE-034;STATE-039,Finding,Broken source filename
FR-091,FR,MOD-010,OpenAPI `DELETE_api_v1_projects_id_members_userId`; Stage_3_Field_Traceability.csv,True,True,True,True,True,SCR-064,FLOW-014;FLOW-030,STATE-007;STATE-008;STATE-009;STATE-014;STATE-017;STATE-018;STATE-020;STATE-024;STATE-025;STATE-031;STATE-032;STATE-033;STATE-034;STATE-039,Finding,Broken source filename
FR-092,FR,MOD-010,OpenAPI `PATCH_api_v1_projects_id_members_userId`; Stage_3_Field_Traceability.csv,True,True,True,True,True,SCR-064,FLOW-014;FLOW-030,STATE-007;STATE-008;STATE-009;STATE-014;STATE-017;STATE-018;STATE-020;STATE-021;STATE-024;STATE-025;STATE-026;STATE-031;STATE-032;STATE-033;STATE-034;STATE-039,Finding,Broken source filename
FR-093,FR,MOD-010,OpenAPI `PUT_api_v1_projects_id_members_userId_overrides`; Stage_3_Field_Traceability.csv,True,True,True,True,True,SCR-071,,STATE-007;STATE-008;STATE-009;STATE-014;STATE-017;STATE-018;STATE-020;STATE-021;STATE-024;STATE-025;STATE-026;STATE-031;STATE-032;STATE-033;STATE-034;STATE-039,Finding,Broken source filename
FR-094,FR,MOD-010,OpenAPI `POST_api_v1_projects_id_restore`; Stage_3_Field_Traceability.csv,True,True,True,True,True,SCR-072,FLOW-028,STATE-007;STATE-008;STATE-009;STATE-014;STATE-017;STATE-018;STATE-020;STATE-024;STATE-025;STATE-031;STATE-032;STATE-033;STATE-034;STATE-039,Finding,Broken source filename
FR-095,FR,MOD-010,OpenAPI `POST_api_v1_projects_id_transfer_ownership`; Stage_3_Field_Traceability.csv,True,True,True,True,True,SCR-064,,STATE-007;STATE-008;STATE-009;STATE-014;STATE-017;STATE-018;STATE-020;STATE-021;STATE-024;STATE-025;STATE-026;STATE-031;STATE-032;STATE-033;STATE-034;STATE-039,Finding,Broken source filename
FR-096,FR,MOD-010,OpenAPI `POST_api_v1_projects_id_unarchive`; Stage_3_Field_Traceability.csv,True,True,True,True,True,SCR-072,FLOW-026,STATE-007;STATE-008;STATE-009;STATE-014;STATE-017;STATE-018;STATE-020;STATE-024;STATE-025;STATE-031;STATE-032;STATE-033;STATE-034;STATE-039,Finding,Broken source filename
FR-097,FR,MOD-011,OpenAPI `GET_api_v1_catalog_items`; Stage_3_Field_Traceability.csv,True,True,True,True,True,,,STATE-008;STATE-021;STATE-026;STATE-031;STATE-032;STATE-033;STATE-034;STATE-039,Finding,Broken source filename
FR-098,FR,MOD-011,OpenAPI `POST_api_v1_catalog_items`; Stage_3_Field_Traceability.csv,True,True,True,True,True,,,STATE-007;STATE-008;STATE-014;STATE-017;STATE-018;STATE-020;STATE-021;STATE-024;STATE-026;STATE-031;STATE-032;STATE-033;STATE-034;STATE-039,Finding,Broken source filename
FR-099,FR,MOD-011,OpenAPI `DELETE_api_v1_catalog_items_id`; Stage_3_Field_Traceability.csv,True,True,True,True,True,,FLOW-027,STATE-007;STATE-008;STATE-009;STATE-014;STATE-017;STATE-018;STATE-020;STATE-024;STATE-025;STATE-031;STATE-032;STATE-033;STATE-034;STATE-039,Finding,Broken source filename
FR-100,FR,MOD-011,OpenAPI `GET_api_v1_catalog_items_id`; Stage_3_Field_Traceability.csv,True,True,True,True,True,,,STATE-008;STATE-009;STATE-031;STATE-032;STATE-033;STATE-034;STATE-039,Finding,Broken source filename
FR-101,FR,MOD-011,OpenAPI `PATCH_api_v1_catalog_items_id`; Stage_3_Field_Traceability.csv,True,True,True,True,True,,,STATE-007;STATE-008;STATE-009;STATE-014;STATE-017;STATE-018;STATE-020;STATE-021;STATE-024;STATE-025;STATE-026;STATE-031;STATE-032;STATE-033;STATE-034;STATE-039,Finding,Broken source filename
FR-102,FR,MOD-011,OpenAPI `POST_api_v1_catalog_items_id_archive`; Stage_3_Field_Traceability.csv,True,True,True,True,True,,FLOW-026,STATE-007;STATE-008;STATE-009;STATE-014;STATE-017;STATE-018;STATE-020;STATE-024;STATE-025;STATE-031;STATE-032;STATE-033;STATE-034;STATE-039,Finding,Broken source filename
FR-103,FR,MOD-011,OpenAPI `GET_api_v1_catalog_items_id_locations`; Stage_3_Field_Traceability.csv,True,True,True,True,True,SCR-083,,STATE-008;STATE-009;STATE-031;STATE-032;STATE-033;STATE-034;STATE-039,Finding,Broken source filename
FR-104,FR,MOD-011,OpenAPI `POST_api_v1_catalog_items_id_locations`; Stage_3_Field_Traceability.csv,True,True,True,True,True,SCR-083;SCR-087,FLOW-036,STATE-007;STATE-008;STATE-009;STATE-014;STATE-017;STATE-018;STATE-020;STATE-021;STATE-024;STATE-025;STATE-026;STATE-031;STATE-032;STATE-033;STATE-034;STATE-039,Finding,Broken source filename
FR-105,FR,MOD-011,OpenAPI `DELETE_api_v1_catalog_items_id_locations_locationId`; Stage_3_Field_Traceability.csv,True,True,True,True,True,SCR-083,FLOW-027,STATE-007;STATE-008;STATE-009;STATE-014;STATE-017;STATE-018;STATE-020;STATE-024;STATE-025;STATE-031;STATE-032;STATE-033;STATE-034;STATE-039,Finding,Broken source filename
FR-106,FR,MOD-011,OpenAPI `PATCH_api_v1_catalog_items_id_locations_locationId`; Stage_3_Field_Traceability.csv,True,True,True,True,True,SCR-083;SCR-086,,STATE-007;STATE-008;STATE-009;STATE-014;STATE-017;STATE-018;STATE-020;STATE-021;STATE-024;STATE-025;STATE-026;STATE-031;STATE-032;STATE-033;STATE-034;STATE-039,Finding,Broken source filename
FR-107,FR,MOD-011,OpenAPI `POST_api_v1_catalog_items_id_move`; Stage_3_Field_Traceability.csv,True,True,True,True,True,,,STATE-007;STATE-008;STATE-009;STATE-014;STATE-017;STATE-018;STATE-020;STATE-021;STATE-024;STATE-025;STATE-026;STATE-031;STATE-032;STATE-033;STATE-034;STATE-039,Finding,Broken source filename
FR-108,FR,MOD-011,OpenAPI `POST_api_v1_catalog_items_id_resolve_location`; Stage_3_Field_Traceability.csv,True,True,True,True,True,SCR-090,,STATE-007;STATE-008;STATE-009;STATE-014;STATE-017;STATE-018;STATE-020;STATE-021;STATE-024;STATE-026;STATE-031;STATE-032;STATE-033;STATE-034;STATE-039,Finding,Broken source filename
FR-109,FR,MOD-011,OpenAPI `POST_api_v1_catalog_items_id_restore`; Stage_3_Field_Traceability.csv,True,True,True,True,True,,FLOW-028,STATE-007;STATE-008;STATE-009;STATE-014;STATE-017;STATE-018;STATE-020;STATE-024;STATE-025;STATE-031;STATE-032;STATE-033;STATE-034;STATE-039,Finding,Broken source filename
FR-110,FR,MOD-011,OpenAPI `POST_api_v1_catalog_items_id_unarchive`; Stage_3_Field_Traceability.csv,True,True,True,True,True,,FLOW-026,STATE-007;STATE-008;STATE-009;STATE-014;STATE-017;STATE-018;STATE-020;STATE-024;STATE-025;STATE-031;STATE-032;STATE-033;STATE-034;STATE-039,Finding,Broken source filename
FR-111,FR,MOD-011,OpenAPI `GET_api_v1_catalog_tree`; Stage_3_Field_Traceability.csv,True,True,True,True,True,,,STATE-008;STATE-021;STATE-026;STATE-031;STATE-032;STATE-033;STATE-034;STATE-039,Finding,Broken source filename
FR-112,FR,MOD-011,OpenAPI `POST_api_v1_file_locations_id_check_result`; Stage_3_Field_Traceability.csv,True,True,True,True,True,SCR-090,,STATE-007;STATE-008;STATE-009;STATE-021;STATE-026;STATE-031;STATE-032;STATE-033;STATE-034;STATE-039,Finding,Broken source filename
FR-113,FR,MOD-012,OpenAPI `GET_api_v1_companies`; Stage_3_Field_Traceability.csv,True,True,True,True,True,,,STATE-008;STATE-021;STATE-026;STATE-031;STATE-032;STATE-033;STATE-034;STATE-039,Finding,Broken source filename
FR-114,FR,MOD-012,OpenAPI `POST_api_v1_companies`; Stage_3_Field_Traceability.csv,True,True,True,True,True,SCR-114,,STATE-007;STATE-008;STATE-014;STATE-017;STATE-018;STATE-020;STATE-021;STATE-024;STATE-026;STATE-031;STATE-032;STATE-033;STATE-034;STATE-039,Finding,Broken source filename
FR-115,FR,MOD-012,OpenAPI `DELETE_api_v1_companies_id`; Stage_3_Field_Traceability.csv,True,True,True,True,True,,FLOW-027,STATE-007;STATE-008;STATE-009;STATE-014;STATE-017;STATE-018;STATE-020;STATE-024;STATE-025;STATE-031;STATE-032;STATE-033;STATE-034;STATE-039,Finding,Broken source filename
FR-116,FR,MOD-012,OpenAPI `GET_api_v1_companies_id`; Stage_3_Field_Traceability.csv,True,True,True,True,True,SCR-114,,STATE-008;STATE-009;STATE-031;STATE-032;STATE-033;STATE-034;STATE-039,Finding,Broken source filename
FR-117,FR,MOD-012,OpenAPI `PATCH_api_v1_companies_id`; Stage_3_Field_Traceability.csv,True,True,True,True,True,SCR-114,,STATE-007;STATE-008;STATE-009;STATE-014;STATE-017;STATE-018;STATE-020;STATE-021;STATE-024;STATE-025;STATE-026;STATE-031;STATE-032;STATE-033;STATE-034;STATE-039,Finding,Broken source filename
FR-118,FR,MOD-012,OpenAPI `POST_api_v1_companies_id_archive`; Stage_3_Field_Traceability.csv,True,True,True,True,True,,FLOW-026,STATE-007;STATE-008;STATE-009;STATE-014;STATE-017;STATE-018;STATE-020;STATE-024;STATE-025;STATE-031;STATE-032;STATE-033;STATE-034;STATE-039,Finding,Broken source filename
FR-119,FR,MOD-012,OpenAPI `POST_api_v1_companies_id_contacts`; Stage_3_Field_Traceability.csv,True,True,True,True,True,SCR-114,,STATE-007;STATE-008;STATE-009;STATE-014;STATE-017;STATE-018;STATE-020;STATE-021;STATE-024;STATE-025;STATE-026;STATE-031;STATE-032;STATE-033;STATE-034;STATE-039,Finding,Broken source filename
FR-120,FR,MOD-012,OpenAPI `DELETE_api_v1_companies_id_contacts_contactId`; Stage_3_Field_Traceability.csv,True,True,True,True,True,,FLOW-027,STATE-007;STATE-008;STATE-009;STATE-014;STATE-017;STATE-018;STATE-020;STATE-024;STATE-025;STATE-031;STATE-032;STATE-033;STATE-034;STATE-039,Finding,Broken source filename
FR-121,FR,MOD-012,OpenAPI `POST_api_v1_companies_id_restore`; Stage_3_Field_Traceability.csv,True,True,True,True,True,,FLOW-028,STATE-007;STATE-008;STATE-009;STATE-014;STATE-017;STATE-018;STATE-020;STATE-024;STATE-025;STATE-031;STATE-032;STATE-033;STATE-034;STATE-039,Finding,Broken source filename
FR-122,FR,MOD-012,OpenAPI `POST_api_v1_companies_id_unarchive`; Stage_3_Field_Traceability.csv,True,True,True,True,True,,FLOW-026,STATE-007;STATE-008;STATE-009;STATE-014;STATE-017;STATE-018;STATE-020;STATE-024;STATE-025;STATE-031;STATE-032;STATE-033;STATE-034;STATE-039,Finding,Broken source filename
FR-123,FR,MOD-012,OpenAPI `GET_api_v1_contacts`; Stage_3_Field_Traceability.csv,True,True,True,True,True,,,STATE-008;STATE-021;STATE-026;STATE-031;STATE-032;STATE-033;STATE-034;STATE-039,Finding,Broken source filename
FR-124,FR,MOD-012,OpenAPI `POST_api_v1_contacts`; Stage_3_Field_Traceability.csv,True,True,True,True,True,SCR-112,FLOW-018,STATE-007;STATE-008;STATE-014;STATE-017;STATE-018;STATE-020;STATE-021;STATE-024;STATE-026;STATE-031;STATE-032;STATE-033;STATE-034;STATE-039,Finding,Broken source filename
FR-125,FR,MOD-012,OpenAPI `DELETE_api_v1_contacts_id`; Stage_3_Field_Traceability.csv,True,True,True,True,True,,FLOW-027,STATE-007;STATE-008;STATE-009;STATE-014;STATE-017;STATE-018;STATE-020;STATE-024;STATE-025;STATE-031;STATE-032;STATE-033;STATE-034;STATE-039,Finding,Broken source filename
FR-126,FR,MOD-012,OpenAPI `GET_api_v1_contacts_id`; Stage_3_Field_Traceability.csv,True,True,True,True,True,SCR-112,,STATE-008;STATE-009;STATE-031;STATE-032;STATE-033;STATE-034;STATE-039,Finding,Broken source filename
FR-127,FR,MOD-012,OpenAPI `PATCH_api_v1_contacts_id`; Stage_3_Field_Traceability.csv,True,True,True,True,True,SCR-112,,STATE-007;STATE-008;STATE-009;STATE-014;STATE-017;STATE-018;STATE-020;STATE-021;STATE-024;STATE-025;STATE-026;STATE-031;STATE-032;STATE-033;STATE-034;STATE-039,Finding,Broken source filename
FR-128,FR,MOD-012,OpenAPI `POST_api_v1_contacts_id_addresses`; Stage_3_Field_Traceability.csv,True,True,True,True,True,SCR-115,,STATE-007;STATE-008;STATE-009;STATE-014;STATE-017;STATE-018;STATE-020;STATE-021;STATE-024;STATE-025;STATE-026;STATE-031;STATE-032;STATE-033;STATE-034;STATE-039,Finding,Broken source filename
FR-129,FR,MOD-012,OpenAPI `POST_api_v1_contacts_id_archive`; Stage_3_Field_Traceability.csv,True,True,True,True,True,,FLOW-026,STATE-007;STATE-008;STATE-009;STATE-014;STATE-017;STATE-018;STATE-020;STATE-024;STATE-025;STATE-031;STATE-032;STATE-033;STATE-034;STATE-039,Finding,Broken source filename
FR-130,FR,MOD-012,OpenAPI `POST_api_v1_contacts_id_channels`; Stage_3_Field_Traceability.csv,True,True,True,True,True,SCR-115,,STATE-007;STATE-008;STATE-009;STATE-014;STATE-017;STATE-018;STATE-020;STATE-021;STATE-024;STATE-025;STATE-026;STATE-031;STATE-032;STATE-033;STATE-034;STATE-039,Finding,Broken source filename
FR-131,FR,MOD-012,OpenAPI `DELETE_api_v1_contacts_id_channels_channelId`; Stage_3_Field_Traceability.csv,True,True,True,True,True,,FLOW-027,STATE-007;STATE-008;STATE-009;STATE-014;STATE-017;STATE-018;STATE-020;STATE-024;STATE-025;STATE-031;STATE-032;STATE-033;STATE-034;STATE-039,Finding,Broken source filename
FR-132,FR,MOD-012,OpenAPI `PATCH_api_v1_contacts_id_channels_channelId`; Stage_3_Field_Traceability.csv,True,True,True,True,True,SCR-115,,STATE-007;STATE-008;STATE-009;STATE-014;STATE-017;STATE-018;STATE-020;STATE-021;STATE-024;STATE-025;STATE-026;STATE-031;STATE-032;STATE-033;STATE-034;STATE-039,Finding,Broken source filename
FR-133,FR,MOD-012,OpenAPI `POST_api_v1_contacts_id_restore`; Stage_3_Field_Traceability.csv,True,True,True,True,True,,FLOW-028,STATE-007;STATE-008;STATE-009;STATE-014;STATE-017;STATE-018;STATE-020;STATE-024;STATE-025;STATE-031;STATE-032;STATE-033;STATE-034;STATE-039,Finding,Broken source filename
FR-134,FR,MOD-012,OpenAPI `POST_api_v1_contacts_id_unarchive`; Stage_3_Field_Traceability.csv,True,True,True,True,True,,FLOW-026,STATE-007;STATE-008;STATE-009;STATE-014;STATE-017;STATE-018;STATE-020;STATE-024;STATE-025;STATE-031;STATE-032;STATE-033;STATE-034;STATE-039,Finding,Broken source filename
FR-135,FR,MOD-013,OpenAPI `POST_api_v1_comments_id_restore`; Stage_3_Field_Traceability.csv,True,True,True,True,True,,FLOW-028,STATE-007;STATE-008;STATE-009;STATE-014;STATE-017;STATE-018;STATE-020;STATE-024;STATE-025;STATE-031;STATE-032;STATE-033;STATE-034;STATE-039,Finding,Broken source filename
FR-136,FR,MOD-013,OpenAPI `GET_api_v1_comments_id_versions`; Stage_3_Field_Traceability.csv,True,True,True,True,True,,,STATE-008;STATE-009;STATE-031;STATE-032;STATE-033;STATE-034;STATE-039,Finding,Broken source filename
FR-137,FR,MOD-013,OpenAPI `GET_api_v1_objects_objectId_comments`; Stage_3_Field_Traceability.csv,True,True,True,True,True,,,STATE-008;STATE-021;STATE-026;STATE-031;STATE-032;STATE-033;STATE-034;STATE-039,Finding,Broken source filename
FR-138,FR,MOD-013,OpenAPI `POST_api_v1_objects_objectId_comments`; Stage_3_Field_Traceability.csv,True,True,True,True,True,,,STATE-007;STATE-008;STATE-014;STATE-017;STATE-018;STATE-020;STATE-021;STATE-024;STATE-026;STATE-031;STATE-032;STATE-033;STATE-034;STATE-039,Finding,Broken source filename
FR-139,FR,MOD-013,OpenAPI `DELETE_api_v1_objects_objectId_comments_id`; Stage_3_Field_Traceability.csv,True,True,True,True,True,,,STATE-007;STATE-008;STATE-009;STATE-014;STATE-017;STATE-018;STATE-020;STATE-024;STATE-025;STATE-031;STATE-032;STATE-033;STATE-034;STATE-039,Finding,Broken source filename
FR-140,FR,MOD-013,OpenAPI `GET_api_v1_objects_objectId_comments_id`; Stage_3_Field_Traceability.csv,True,True,True,True,True,,,STATE-008;STATE-009;STATE-031;STATE-032;STATE-033;STATE-034;STATE-039,Finding,Broken source filename
FR-141,FR,MOD-013,OpenAPI `PATCH_api_v1_objects_objectId_comments_id`; Stage_3_Field_Traceability.csv,True,True,True,True,True,,,STATE-007;STATE-008;STATE-009;STATE-014;STATE-017;STATE-018;STATE-020;STATE-021;STATE-024;STATE-025;STATE-026;STATE-031;STATE-032;STATE-033;STATE-034;STATE-039,Finding,Broken source filename
FR-142,FR,MOD-013,OpenAPI `GET_api_v1_interactions`; Stage_3_Field_Traceability.csv,True,True,True,True,True,,,STATE-008;STATE-021;STATE-026;STATE-031;STATE-032;STATE-033;STATE-034;STATE-039,Finding,Broken source filename
FR-143,FR,MOD-013,OpenAPI `POST_api_v1_interactions`; Stage_3_Field_Traceability.csv,True,True,True,True,True,,FLOW-037,STATE-007;STATE-008;STATE-014;STATE-017;STATE-018;STATE-020;STATE-021;STATE-024;STATE-026;STATE-031;STATE-032;STATE-033;STATE-034;STATE-039,Finding,Broken source filename
FR-144,FR,MOD-013,OpenAPI `DELETE_api_v1_interactions_id`; Stage_3_Field_Traceability.csv,True,True,True,True,True,,,STATE-007;STATE-008;STATE-009;STATE-014;STATE-017;STATE-018;STATE-020;STATE-024;STATE-025;STATE-031;STATE-032;STATE-033;STATE-034;STATE-039,Finding,Broken source filename
FR-145,FR,MOD-013,OpenAPI `GET_api_v1_interactions_id`; Stage_3_Field_Traceability.csv,True,True,True,True,True,,,STATE-008;STATE-009;STATE-031;STATE-032;STATE-033;STATE-034;STATE-039,Finding,Broken source filename
FR-146,FR,MOD-013,OpenAPI `PATCH_api_v1_interactions_id`; Stage_3_Field_Traceability.csv,True,True,True,True,True,,,STATE-007;STATE-008;STATE-009;STATE-014;STATE-017;STATE-018;STATE-020;STATE-021;STATE-024;STATE-025;STATE-026;STATE-031;STATE-032;STATE-033;STATE-034;STATE-039,Finding,Broken source filename
FR-147,FR,MOD-013,OpenAPI `PUT_api_v1_interactions_id_participants`; Stage_3_Field_Traceability.csv,True,True,True,True,True,,,STATE-007;STATE-008;STATE-009;STATE-014;STATE-017;STATE-018;STATE-020;STATE-021;STATE-024;STATE-025;STATE-026;STATE-031;STATE-032;STATE-033;STATE-034;STATE-039,Finding,Broken source filename
FR-148,FR,MOD-013,OpenAPI `POST_api_v1_interactions_id_restore`; Stage_3_Field_Traceability.csv,True,True,True,True,True,,FLOW-028,STATE-007;STATE-008;STATE-009;STATE-014;STATE-017;STATE-018;STATE-020;STATE-024;STATE-025;STATE-031;STATE-032;STATE-033;STATE-034;STATE-039,Finding,Broken source filename
FR-149,FR,MOD-013,OpenAPI `GET_api_v1_objects_objectId_links`; Stage_3_Field_Traceability.csv,True,True,True,True,True,SCR-203,,STATE-008;STATE-009;STATE-031;STATE-032;STATE-033;STATE-034;STATE-039,Finding,Broken source filename
FR-150,FR,MOD-013,OpenAPI `POST_api_v1_objects_objectId_links`; Stage_3_Field_Traceability.csv,True,True,True,True,True,SCR-203,,STATE-007;STATE-008;STATE-009;STATE-014;STATE-017;STATE-018;STATE-020;STATE-021;STATE-024;STATE-025;STATE-026;STATE-031;STATE-032;STATE-033;STATE-034;STATE-039,Finding,Broken source filename
FR-151,FR,MOD-013,OpenAPI `DELETE_api_v1_objects_objectId_links_linkId`; Stage_3_Field_Traceability.csv,True,True,True,True,True,SCR-203,,STATE-007;STATE-008;STATE-009;STATE-014;STATE-017;STATE-018;STATE-020;STATE-024;STATE-025;STATE-031;STATE-032;STATE-033;STATE-034;STATE-039,Finding,Broken source filename
FR-152,FR,MOD-013,OpenAPI `PUT_api_v1_objects_objectId_tags`; Stage_3_Field_Traceability.csv,True,True,True,True,True,SCR-203,,STATE-007;STATE-008;STATE-009;STATE-014;STATE-017;STATE-018;STATE-020;STATE-021;STATE-024;STATE-025;STATE-026;STATE-031;STATE-032;STATE-033;STATE-034;STATE-039,Finding,Broken source filename
FR-153,FR,MOD-013,OpenAPI `GET_api_v1_tags`; Stage_3_Field_Traceability.csv,True,True,True,True,True,,,STATE-008;STATE-021;STATE-026;STATE-031;STATE-032;STATE-033;STATE-034;STATE-039,Finding,Broken source filename
FR-154,FR,MOD-013,OpenAPI `POST_api_v1_tags`; Stage_3_Field_Traceability.csv,True,True,True,True,True,,,STATE-007;STATE-008;STATE-014;STATE-017;STATE-018;STATE-020;STATE-021;STATE-024;STATE-026;STATE-031;STATE-032;STATE-033;STATE-034;STATE-039,Finding,Broken source filename
FR-155,FR,MOD-013,OpenAPI `DELETE_api_v1_tags_id`; Stage_3_Field_Traceability.csv,True,True,True,True,True,,,STATE-007;STATE-008;STATE-009;STATE-014;STATE-017;STATE-018;STATE-020;STATE-024;STATE-025;STATE-031;STATE-032;STATE-033;STATE-034;STATE-039,Finding,Broken source filename
FR-156,FR,MOD-013,OpenAPI `GET_api_v1_tags_id`; Stage_3_Field_Traceability.csv,True,True,True,True,True,,,STATE-008;STATE-009;STATE-031;STATE-032;STATE-033;STATE-034;STATE-039,Finding,Broken source filename
FR-157,FR,MOD-013,OpenAPI `PATCH_api_v1_tags_id`; Stage_3_Field_Traceability.csv,True,True,True,True,True,,,STATE-007;STATE-008;STATE-009;STATE-014;STATE-017;STATE-018;STATE-020;STATE-021;STATE-024;STATE-025;STATE-026;STATE-031;STATE-032;STATE-033;STATE-034;STATE-039,Finding,Broken source filename
FR-158,FR,MOD-013,OpenAPI `POST_api_v1_tags_id_restore`; Stage_3_Field_Traceability.csv,True,True,True,True,True,,FLOW-028,STATE-007;STATE-008;STATE-009;STATE-014;STATE-017;STATE-018;STATE-020;STATE-024;STATE-025;STATE-031;STATE-032;STATE-033;STATE-034;STATE-039,Finding,Broken source filename
FR-159,FR,MOD-014,Stage 2.3.1 OpenAPI 1.2.0-stage2.3; Stage 3.5 UX baseline; Stage 4.1.2 delta,True,True,True,True,True,SCR-133;SCR-134;SCR-135,FLOW-019,STATE-007;STATE-008;STATE-021;STATE-026;STATE-027;STATE-031;STATE-032;STATE-033;STATE-034;STATE-036;STATE-039,Pass,
FR-160,FR,MOD-014,Stage 2.3.1 OpenAPI 1.2.0-stage2.3; Stage 3.5 UX baseline; Stage 4.1.2 delta,True,True,True,True,True,,FLOW-019,STATE-008;STATE-021;STATE-026;STATE-031;STATE-032;STATE-033;STATE-034;STATE-039,Pass,
FR-161,FR,MOD-015,OpenAPI `GET_api_v1_notifications`; Stage_3_Field_Traceability.csv,True,True,True,True,True,,,STATE-008;STATE-021;STATE-026;STATE-031;STATE-032;STATE-033;STATE-034;STATE-039,Finding,Broken source filename
FR-162,FR,MOD-015,OpenAPI `POST_api_v1_notifications_read_all`; Stage_3_Field_Traceability.csv,True,True,True,True,True,,,STATE-008;STATE-021;STATE-026;STATE-031;STATE-032;STATE-033;STATE-034;STATE-039,Finding,Broken source filename
FR-163,FR,MOD-015,OpenAPI `GET_api_v1_notifications_id`; Stage_3_Field_Traceability.csv,True,True,True,True,True,,,STATE-008;STATE-009;STATE-031;STATE-032;STATE-033;STATE-034;STATE-039,Finding,Broken source filename
FR-164,FR,MOD-015,OpenAPI `POST_api_v1_notifications_id_action`; Stage_3_Field_Traceability.csv,True,True,True,True,True,,FLOW-020,STATE-007;STATE-008;STATE-009;STATE-014;STATE-017;STATE-018;STATE-020;STATE-021;STATE-024;STATE-025;STATE-026;STATE-031;STATE-032;STATE-033;STATE-034;STATE-039,Finding,Broken source filename
FR-165,FR,MOD-015,OpenAPI `POST_api_v1_notifications_id_read`; Stage_3_Field_Traceability.csv,True,True,True,True,True,,,STATE-007;STATE-008;STATE-009;STATE-014;STATE-017;STATE-018;STATE-020;STATE-024;STATE-031;STATE-032;STATE-033;STATE-034;STATE-039,Finding,Broken source filename
FR-166,FR,MOD-016,OpenAPI `GET_api_v1_archive`; Stage_3_Field_Traceability.csv,True,True,True,True,True,,FLOW-026,STATE-008;STATE-021;STATE-026;STATE-031;STATE-032;STATE-033;STATE-034;STATE-039,Finding,Broken source filename
FR-167,FR,MOD-016,OpenAPI `POST_api_v1_archive_objectId_restore`; Stage_3_Field_Traceability.csv,True,True,True,True,True,,FLOW-026,STATE-007;STATE-008;STATE-009;STATE-014;STATE-017;STATE-018;STATE-020;STATE-024;STATE-025;STATE-031;STATE-032;STATE-033;STATE-034;STATE-039,Finding,Broken source filename
FR-168,FR,MOD-017,OpenAPI `GET_api_v1_trash`; Stage_3_Field_Traceability.csv,True,True,True,True,True,,,STATE-008;STATE-021;STATE-026;STATE-031;STATE-032;STATE-033;STATE-034;STATE-039,Finding,Broken source filename
FR-169,FR,MOD-017,OpenAPI `DELETE_api_v1_trash_objectId`; Stage_3_Field_Traceability.csv,True,True,True,True,True,,FLOW-028,STATE-007;STATE-008;STATE-009;STATE-014;STATE-017;STATE-018;STATE-020;STATE-021;STATE-024;STATE-025;STATE-026;STATE-031;STATE-032;STATE-033;STATE-034;STATE-039,Finding,Broken source filename
FR-170,FR,MOD-017,OpenAPI `POST_api_v1_trash_objectId_restore`; Stage_3_Field_Traceability.csv,True,True,True,True,True,,FLOW-028,STATE-007;STATE-008;STATE-009;STATE-014;STATE-017;STATE-018;STATE-020;STATE-021;STATE-024;STATE-025;STATE-026;STATE-031;STATE-032;STATE-033;STATE-034;STATE-039,Finding,Broken source filename
FR-171,FR,MOD-018,OpenAPI `GET_api_v1_notifications_preferences`; Stage_3_Field_Traceability.csv,True,True,True,True,True,SCR-153,,STATE-032;STATE-033;STATE-039,Finding,Broken source filename
FR-172,FR,MOD-018,OpenAPI `PUT_api_v1_notifications_preferences`; Stage_3_Field_Traceability.csv,True,True,True,True,True,SCR-153,,STATE-007;STATE-014;STATE-017;STATE-018;STATE-020;STATE-021;STATE-024;STATE-025;STATE-026;STATE-031;STATE-032;STATE-033;STATE-039,Finding,Broken source filename
FR-173,FR,MOD-018,OpenAPI `GET_api_v1_settings_me`; Stage_3_Field_Traceability.csv,True,True,True,True,True,SCR-151;SCR-154;SCR-155,,STATE-032;STATE-033;STATE-039,Finding,Broken source filename
FR-174,FR,MOD-018,OpenAPI `PATCH_api_v1_settings_me`; Stage_3_Field_Traceability.csv,True,True,True,True,True,SCR-151;SCR-154;SCR-155,,STATE-007;STATE-014;STATE-017;STATE-018;STATE-020;STATE-021;STATE-024;STATE-025;STATE-026;STATE-031;STATE-032;STATE-033;STATE-039,Finding,Broken source filename
FR-175,FR,MOD-018,OpenAPI `GET_api_v1_settings_organization`; Stage_3_Field_Traceability.csv,True,True,True,True,True,SCR-187,,STATE-008;STATE-031;STATE-032;STATE-033;STATE-034;STATE-039,Finding,Broken source filename
FR-176,FR,MOD-018,OpenAPI `PATCH_api_v1_settings_organization`; Stage_3_Field_Traceability.csv,True,True,True,True,True,SCR-187,,STATE-007;STATE-008;STATE-014;STATE-017;STATE-018;STATE-020;STATE-021;STATE-024;STATE-025;STATE-026;STATE-031;STATE-032;STATE-033;STATE-034;STATE-039,Finding,Broken source filename
FR-177,FR,MOD-019,OpenAPI `GET_api_v1_admin_backups`; Stage_3_Field_Traceability.csv,True,True,True,True,True,,,STATE-008;STATE-031;STATE-032;STATE-033;STATE-034;STATE-039,Finding,Broken source filename
FR-178,FR,MOD-019,OpenAPI `POST_api_v1_admin_backups`; Stage_3_Field_Traceability.csv,True,True,True,True,True,,,STATE-007;STATE-008;STATE-014;STATE-017;STATE-018;STATE-020;STATE-021;STATE-024;STATE-026;STATE-031;STATE-032;STATE-033;STATE-034;STATE-039,Finding,Broken source filename
FR-179,FR,MOD-019,OpenAPI `POST_api_v1_admin_backups_id_restore`; Stage_3_Field_Traceability.csv,True,True,True,True,True,,FLOW-028,STATE-007;STATE-008;STATE-009;STATE-014;STATE-017;STATE-018;STATE-020;STATE-021;STATE-024;STATE-026;STATE-031;STATE-032;STATE-033;STATE-034;STATE-039,Finding,Broken source filename
FR-180,FR,MOD-019,OpenAPI `POST_api_v1_admin_backups_id_verify`; Stage_3_Field_Traceability.csv,True,True,True,True,True,,,STATE-007;STATE-008;STATE-009;STATE-014;STATE-017;STATE-018;STATE-020;STATE-021;STATE-024;STATE-026;STATE-031;STATE-032;STATE-033;STATE-034;STATE-039,Finding,Broken source filename
FR-181,FR,MOD-019,OpenAPI `POST_api_v1_admin_change_feed_compact`; Stage_3_Field_Traceability.csv,True,True,True,True,True,,,STATE-007;STATE-008;STATE-014;STATE-017;STATE-018;STATE-020;STATE-021;STATE-024;STATE-026;STATE-031;STATE-032;STATE-033;STATE-034;STATE-039,Finding,Broken source filename
FR-182,FR,MOD-019,OpenAPI `PUT_api_v1_admin_feature_flags_key`; Stage_3_Field_Traceability.csv,True,True,True,True,True,,,STATE-007;STATE-008;STATE-009;STATE-014;STATE-017;STATE-018;STATE-020;STATE-021;STATE-024;STATE-025;STATE-026;STATE-031;STATE-032;STATE-033;STATE-034;STATE-039,Finding,Broken source filename
FR-183,FR,MOD-019,OpenAPI `GET_api_v1_admin_jobs`; Stage_3_Field_Traceability.csv,True,True,True,True,True,,,STATE-008;STATE-031;STATE-032;STATE-033;STATE-034;STATE-039,Finding,Broken source filename
FR-184,FR,MOD-019,OpenAPI `POST_api_v1_admin_jobs_code_run`; Stage_3_Field_Traceability.csv,True,True,True,True,True,,,STATE-007;STATE-008;STATE-014;STATE-017;STATE-018;STATE-020;STATE-021;STATE-024;STATE-026;STATE-031;STATE-032;STATE-033;STATE-034;STATE-039,Finding,Broken source filename
FR-185,FR,MOD-019,OpenAPI `GET_api_v1_admin_jobs_code_runs`; Stage_3_Field_Traceability.csv,True,True,True,True,True,,,STATE-008;STATE-009;STATE-031;STATE-032;STATE-033;STATE-034;STATE-039,Finding,Broken source filename
FR-186,FR,MOD-019,OpenAPI `POST_api_v1_admin_maintenance_mode`; Stage_3_Field_Traceability.csv,True,True,True,True,True,,,STATE-007;STATE-008;STATE-014;STATE-017;STATE-018;STATE-020;STATE-021;STATE-024;STATE-025;STATE-026;STATE-031;STATE-032;STATE-033;STATE-034;STATE-039,Finding,Broken source filename
FR-187,FR,MOD-019,OpenAPI `POST_api_v1_admin_search_reindex`; Stage_3_Field_Traceability.csv,True,True,True,True,True,,,STATE-007;STATE-008;STATE-014;STATE-017;STATE-018;STATE-020;STATE-021;STATE-024;STATE-026;STATE-031;STATE-032;STATE-033;STATE-034;STATE-039,Finding,Broken source filename
FR-188,FR,MOD-019,OpenAPI `GET_api_v1_admin_server_capabilities`; Stage_3_Field_Traceability.csv,True,True,True,True,True,,,STATE-008;STATE-031;STATE-032;STATE-033;STATE-034;STATE-039,Finding,Broken source filename
FR-189,FR,MOD-019,OpenAPI `GET_api_v1_admin_storage`; Stage_3_Field_Traceability.csv,True,True,True,True,True,,,STATE-008;STATE-010;STATE-022;STATE-031;STATE-032;STATE-033;STATE-034;STATE-039,Finding,Broken source filename
FR-190,FR,MOD-019,OpenAPI `GET_api_v1_departments`; Stage_3_Field_Traceability.csv,True,True,True,True,True,,,STATE-008;STATE-021;STATE-026;STATE-031;STATE-032;STATE-033;STATE-034;STATE-039,Finding,Broken source filename
FR-191,FR,MOD-019,OpenAPI `POST_api_v1_departments`; Stage_3_Field_Traceability.csv,True,True,True,True,True,SCR-176,,STATE-007;STATE-008;STATE-014;STATE-017;STATE-018;STATE-020;STATE-021;STATE-024;STATE-026;STATE-031;STATE-032;STATE-033;STATE-034;STATE-039,Finding,Broken source filename
FR-192,FR,MOD-019,OpenAPI `GET_api_v1_departments_tree`; Stage_3_Field_Traceability.csv,True,True,True,True,True,,,STATE-008;STATE-031;STATE-032;STATE-033;STATE-034;STATE-039,Finding,Broken source filename
FR-193,FR,MOD-019,OpenAPI `DELETE_api_v1_departments_id`; Stage_3_Field_Traceability.csv,True,True,True,True,True,,,STATE-007;STATE-008;STATE-009;STATE-014;STATE-017;STATE-018;STATE-020;STATE-024;STATE-025;STATE-031;STATE-032;STATE-033;STATE-034;STATE-039,Finding,Broken source filename
FR-194,FR,MOD-019,OpenAPI `GET_api_v1_departments_id`; Stage_3_Field_Traceability.csv,True,True,True,True,True,SCR-176,,STATE-008;STATE-009;STATE-031;STATE-032;STATE-033;STATE-034;STATE-039,Finding,Broken source filename
FR-195,FR,MOD-019,OpenAPI `PATCH_api_v1_departments_id`; Stage_3_Field_Traceability.csv,True,True,True,True,True,SCR-176,,STATE-007;STATE-008;STATE-009;STATE-014;STATE-017;STATE-018;STATE-020;STATE-021;STATE-024;STATE-025;STATE-026;STATE-031;STATE-032;STATE-033;STATE-034;STATE-039,Finding,Broken source filename
FR-196,FR,MOD-019,OpenAPI `POST_api_v1_departments_id_archive`; Stage_3_Field_Traceability.csv,True,True,True,True,True,,FLOW-026,STATE-007;STATE-008;STATE-009;STATE-014;STATE-017;STATE-018;STATE-020;STATE-024;STATE-025;STATE-031;STATE-032;STATE-033;STATE-034;STATE-039,Finding,Broken source filename
FR-197,FR,MOD-019,OpenAPI `PUT_api_v1_departments_id_managers`; Stage_3_Field_Traceability.csv,True,True,True,True,True,SCR-176,,STATE-007;STATE-008;STATE-009;STATE-014;STATE-017;STATE-018;STATE-020;STATE-021;STATE-024;STATE-025;STATE-026;STATE-031;STATE-032;STATE-033;STATE-034;STATE-039,Finding,Broken source filename
FR-198,FR,MOD-019,OpenAPI `POST_api_v1_departments_id_restore`; Stage_3_Field_Traceability.csv,True,True,True,True,True,,FLOW-028,STATE-007;STATE-008;STATE-009;STATE-014;STATE-017;STATE-018;STATE-020;STATE-024;STATE-025;STATE-031;STATE-032;STATE-033;STATE-034;STATE-039,Finding,Broken source filename
FR-199,FR,MOD-019,OpenAPI `POST_api_v1_departments_id_unarchive`; Stage_3_Field_Traceability.csv,True,True,True,True,True,,FLOW-026,STATE-007;STATE-008;STATE-009;STATE-014;STATE-017;STATE-018;STATE-020;STATE-024;STATE-025;STATE-031;STATE-032;STATE-033;STATE-034;STATE-039,Finding,Broken source filename
FR-200,FR,MOD-019,OpenAPI `GET_api_v1_devices`; Stage_3_Field_Traceability.csv,True,True,True,True,True,,,STATE-008;STATE-021;STATE-026;STATE-031;STATE-032;STATE-033;STATE-034;STATE-039,Finding,Broken source filename
FR-201,FR,MOD-019,OpenAPI `GET_api_v1_devices_id`; Stage_3_Field_Traceability.csv,True,True,True,True,True,SCR-180,,STATE-008;STATE-009;STATE-031;STATE-032;STATE-033;STATE-034;STATE-039,Finding,Broken source filename
FR-202,FR,MOD-019,OpenAPI `PATCH_api_v1_devices_id`; Stage_3_Field_Traceability.csv,True,True,True,True,True,SCR-155;SCR-180,,STATE-007;STATE-008;STATE-009;STATE-014;STATE-017;STATE-018;STATE-020;STATE-021;STATE-024;STATE-025;STATE-026;STATE-031;STATE-032;STATE-033;STATE-034;STATE-039,Finding,Broken source filename
FR-203,FR,MOD-019,OpenAPI `POST_api_v1_devices_id_heartbeat`; Stage_3_Field_Traceability.csv,True,True,True,True,True,,,STATE-008;STATE-009;STATE-021;STATE-026;STATE-031;STATE-032;STATE-033;STATE-034;STATE-039,Finding,Broken source filename
FR-204,FR,MOD-019,OpenAPI `POST_api_v1_devices_id_revoke`; Stage_3_Field_Traceability.csv,True,True,True,True,True,SCR-180,,STATE-007;STATE-008;STATE-009;STATE-014;STATE-017;STATE-018;STATE-020;STATE-024;STATE-025;STATE-031;STATE-032;STATE-033;STATE-034;STATE-039,Finding,Broken source filename
FR-205,FR,MOD-019,OpenAPI `GET_api_v1_network_resources`; Stage_3_Field_Traceability.csv,True,True,True,True,True,SCR-182,,STATE-008;STATE-031;STATE-032;STATE-033;STATE-034;STATE-039,Finding,Broken source filename
FR-206,FR,MOD-019,OpenAPI `POST_api_v1_network_resources`; Stage_3_Field_Traceability.csv,True,True,True,True,True,SCR-182,,STATE-007;STATE-008;STATE-014;STATE-017;STATE-018;STATE-020;STATE-021;STATE-024;STATE-026;STATE-031;STATE-032;STATE-033;STATE-034;STATE-039,Finding,Broken source filename
FR-207,FR,MOD-019,OpenAPI `PATCH_api_v1_network_resources_id`; Stage_3_Field_Traceability.csv,True,True,True,True,True,SCR-182,,STATE-007;STATE-008;STATE-009;STATE-014;STATE-017;STATE-018;STATE-020;STATE-021;STATE-024;STATE-025;STATE-026;STATE-031;STATE-032;STATE-033;STATE-034;STATE-039,Finding,Broken source filename
FR-208,FR,MOD-019,OpenAPI `POST_api_v1_network_resources_id_probe`; Stage_3_Field_Traceability.csv,True,True,True,True,True,SCR-182,,STATE-007;STATE-008;STATE-009;STATE-021;STATE-026;STATE-031;STATE-032;STATE-033;STATE-034;STATE-039,Finding,Broken source filename
FR-209,FR,MOD-019,OpenAPI `GET_health_details`; Stage_3_Field_Traceability.csv,True,True,True,True,True,,,STATE-008;STATE-010;STATE-022;STATE-031;STATE-032;STATE-033;STATE-034;STATE-039,Finding,Broken source filename
FR-210,FR,MOD-019,OpenAPI `GET_api_v1_permissions`; Stage_3_Field_Traceability.csv,True,True,True,True,True,,,STATE-008;STATE-031;STATE-032;STATE-033;STATE-034;STATE-039,Finding,Broken source filename
FR-211,FR,MOD-019,OpenAPI `GET_api_v1_project_roles`; Stage_3_Field_Traceability.csv,True,True,True,True,True,,,STATE-008;STATE-031;STATE-032;STATE-033;STATE-034;STATE-039,Finding,Broken source filename
FR-212,FR,MOD-019,OpenAPI `PUT_api_v1_project_roles_id_permissions`; Stage_3_Field_Traceability.csv,True,True,True,True,True,SCR-071;SCR-178,,STATE-007;STATE-008;STATE-009;STATE-014;STATE-017;STATE-018;STATE-020;STATE-021;STATE-024;STATE-025;STATE-026;STATE-031;STATE-032;STATE-033;STATE-034;STATE-039,Finding,Broken source filename
FR-213,FR,MOD-019,OpenAPI `GET_api_v1_roles`; Stage_3_Field_Traceability.csv,True,True,True,True,True,,,STATE-008;STATE-021;STATE-026;STATE-031;STATE-032;STATE-033;STATE-034;STATE-039,Finding,Broken source filename
FR-214,FR,MOD-019,OpenAPI `POST_api_v1_roles`; Stage_3_Field_Traceability.csv,True,True,True,True,True,SCR-178,,STATE-007;STATE-008;STATE-014;STATE-017;STATE-018;STATE-020;STATE-021;STATE-024;STATE-026;STATE-031;STATE-032;STATE-033;STATE-034;STATE-039,Finding,Broken source filename
FR-215,FR,MOD-019,OpenAPI `DELETE_api_v1_roles_id`; Stage_3_Field_Traceability.csv,True,True,True,True,True,,,STATE-007;STATE-008;STATE-009;STATE-014;STATE-017;STATE-018;STATE-020;STATE-024;STATE-025;STATE-031;STATE-032;STATE-033;STATE-034;STATE-039,Finding,Broken source filename
FR-216,FR,MOD-019,OpenAPI `GET_api_v1_roles_id`; Stage_3_Field_Traceability.csv,True,True,True,True,True,SCR-178,,STATE-008;STATE-009;STATE-031;STATE-032;STATE-033;STATE-034;STATE-039,Finding,Broken source filename
FR-217,FR,MOD-019,OpenAPI `PATCH_api_v1_roles_id`; Stage_3_Field_Traceability.csv,True,True,True,True,True,SCR-178,,STATE-007;STATE-008;STATE-009;STATE-014;STATE-017;STATE-018;STATE-020;STATE-021;STATE-024;STATE-025;STATE-026;STATE-031;STATE-032;STATE-033;STATE-034;STATE-039,Finding,Broken source filename
FR-218,FR,MOD-019,OpenAPI `POST_api_v1_roles_id_activate`; Stage_3_Field_Traceability.csv,True,True,True,True,True,,,STATE-007;STATE-008;STATE-009;STATE-014;STATE-017;STATE-018;STATE-020;STATE-024;STATE-025;STATE-031;STATE-032;STATE-033;STATE-034;STATE-039,Finding,Broken source filename
FR-219,FR,MOD-019,OpenAPI `PUT_api_v1_roles_id_permissions`; Stage_3_Field_Traceability.csv,True,True,True,True,True,SCR-178,,STATE-007;STATE-008;STATE-009;STATE-014;STATE-017;STATE-018;STATE-020;STATE-021;STATE-024;STATE-025;STATE-026;STATE-031;STATE-032;STATE-033;STATE-034;STATE-039,Finding,Broken source filename
FR-220,FR,MOD-019,OpenAPI `PUT_api_v1_users_id_roles`; Stage_3_Field_Traceability.csv,True,True,True,True,True,SCR-172,,STATE-007;STATE-008;STATE-009;STATE-014;STATE-017;STATE-018;STATE-020;STATE-021;STATE-024;STATE-025;STATE-026;STATE-031;STATE-032;STATE-033;STATE-034;STATE-039,Finding,Broken source filename
FR-221,FR,MOD-019,OpenAPI `GET_api_v1_users`; Stage_3_Field_Traceability.csv,True,True,True,True,True,,,STATE-008;STATE-021;STATE-026;STATE-031;STATE-032;STATE-033;STATE-034;STATE-039,Finding,Broken source filename
FR-222,FR,MOD-019,OpenAPI `POST_api_v1_users`; Stage_3_Field_Traceability.csv,True,True,True,True,True,SCR-173,,STATE-007;STATE-008;STATE-014;STATE-017;STATE-018;STATE-020;STATE-021;STATE-024;STATE-026;STATE-031;STATE-032;STATE-033;STATE-034;STATE-039,Finding,Broken source filename
FR-223,FR,MOD-019,OpenAPI `GET_api_v1_users_id`; Stage_3_Field_Traceability.csv,True,True,True,True,True,SCR-172,,STATE-008;STATE-009;STATE-031;STATE-032;STATE-033;STATE-034;STATE-039,Finding,Broken source filename
FR-224,FR,MOD-019,OpenAPI `PATCH_api_v1_users_id`; Stage_3_Field_Traceability.csv,True,True,True,True,True,SCR-172,,STATE-007;STATE-008;STATE-009;STATE-014;STATE-017;STATE-018;STATE-020;STATE-021;STATE-024;STATE-025;STATE-026;STATE-031;STATE-032;STATE-033;STATE-034;STATE-039,Finding,Broken source filename
FR-225,FR,MOD-019,OpenAPI `POST_api_v1_users_id_activate`; Stage_3_Field_Traceability.csv,True,True,True,True,True,SCR-173,,STATE-007;STATE-008;STATE-009;STATE-014;STATE-017;STATE-018;STATE-020;STATE-024;STATE-025;STATE-031;STATE-032;STATE-033;STATE-034;STATE-039,Finding,Broken source filename
FR-226,FR,MOD-019,OpenAPI `POST_api_v1_users_id_block`; Stage_3_Field_Traceability.csv,True,True,True,True,True,SCR-174,FLOW-029,STATE-007;STATE-008;STATE-009;STATE-014;STATE-017;STATE-018;STATE-020;STATE-024;STATE-025;STATE-031;STATE-032;STATE-033;STATE-034;STATE-039,Finding,Broken source filename
FR-227,FR,MOD-019,OpenAPI `POST_api_v1_users_id_deactivate`; Stage_3_Field_Traceability.csv,True,True,True,True,True,SCR-174,,STATE-007;STATE-008;STATE-009;STATE-014;STATE-017;STATE-018;STATE-020;STATE-024;STATE-025;STATE-031;STATE-032;STATE-033;STATE-034;STATE-039,Finding,Broken source filename
FR-228,FR,MOD-019,OpenAPI `GET_api_v1_users_id_effective_permissions`; Stage_3_Field_Traceability.csv,True,True,True,True,True,,,STATE-008;STATE-009;STATE-021;STATE-026;STATE-031;STATE-032;STATE-033;STATE-034;STATE-039,Finding,Broken source filename
FR-229,FR,MOD-019,OpenAPI `POST_api_v1_users_id_reactivate`; Stage_3_Field_Traceability.csv,True,True,True,True,True,SCR-174,,STATE-007;STATE-008;STATE-009;STATE-014;STATE-017;STATE-018;STATE-020;STATE-024;STATE-025;STATE-031;STATE-032;STATE-033;STATE-034;STATE-039,Finding,Broken source filename
FR-230,FR,MOD-019,OpenAPI `POST_api_v1_users_id_unblock`; Stage_3_Field_Traceability.csv,True,True,True,True,True,SCR-174,,STATE-007;STATE-008;STATE-009;STATE-014;STATE-017;STATE-018;STATE-020;STATE-024;STATE-025;STATE-031;STATE-032;STATE-033;STATE-034;STATE-039,Finding,Broken source filename
FR-231,FR,MOD-020,OpenAPI `GET_api_v1_realtime_negotiate`; Stage_3_Field_Traceability.csv,True,True,True,True,True,,FLOW-022;FLOW-024,STATE-007;STATE-008;STATE-014;STATE-017;STATE-018;STATE-020;STATE-024;STATE-031;STATE-032;STATE-033;STATE-034;STATE-039,Finding,Broken source filename
FR-232,FR,MOD-020,OpenAPI `POST_api_v1_sync_ack`; Stage_3_Field_Traceability.csv,True,True,True,True,True,,FLOW-001;FLOW-002;FLOW-024,STATE-007;STATE-008;STATE-014;STATE-017;STATE-018;STATE-020;STATE-021;STATE-024;STATE-025;STATE-026;STATE-031;STATE-032;STATE-033;STATE-034;STATE-039,Finding,Broken source filename
FR-233,FR,MOD-020,OpenAPI `POST_api_v1_sync_bootstrap`; Stage_3_Field_Traceability.csv,True,True,True,True,True,,FLOW-001;FLOW-024,STATE-007;STATE-008;STATE-014;STATE-017;STATE-018;STATE-020;STATE-021;STATE-024;STATE-026;STATE-031;STATE-032;STATE-033;STATE-034;STATE-039,Finding,Broken source filename
FR-234,FR,MOD-020,OpenAPI `GET_api_v1_sync_changes`; Stage_3_Field_Traceability.csv,True,True,True,True,True,,FLOW-002;FLOW-024;FLOW-030,STATE-007;STATE-008;STATE-014;STATE-017;STATE-018;STATE-020;STATE-021;STATE-024;STATE-026;STATE-027;STATE-031;STATE-032;STATE-033;STATE-034;STATE-036;STATE-039,Finding,Broken source filename
FR-235,FR,MOD-021,OpenAPI `GET_api_v1_audit`; Stage_3_Field_Traceability.csv,True,True,True,True,True,,,STATE-008;STATE-021;STATE-026;STATE-031;STATE-032;STATE-033;STATE-034;STATE-039,Finding,Broken source filename
FR-236,FR,MOD-021,OpenAPI `GET_api_v1_audit_export`; Stage_3_Field_Traceability.csv,True,True,True,True,True,,,STATE-008;STATE-020;STATE-021;STATE-026;STATE-031;STATE-032;STATE-033;STATE-034;STATE-039,Finding,Broken source filename
FR-237,FR,MOD-021,OpenAPI `GET_api_v1_objects_objectId_history`; Stage_3_Field_Traceability.csv,True,True,True,True,True,,,STATE-008;STATE-009;STATE-031;STATE-032;STATE-033;STATE-034;STATE-039,Finding,Broken source filename
FR-238,FR,MOD-021,OpenAPI `GET_api_v1_objects_objectId_history_version`; Stage_3_Field_Traceability.csv,True,True,True,True,True,,,STATE-008;STATE-009;STATE-031;STATE-032;STATE-033;STATE-034;STATE-039,Finding,Broken source filename
FR-239,FR,MOD-021,OpenAPI `GET_api_v1_projects_id_history`; Stage_3_Field_Traceability.csv,True,True,True,True,True,,,STATE-008;STATE-009;STATE-031;STATE-032;STATE-033;STATE-034;STATE-039,Finding,Broken source filename
FR-240,FR,MOD-021,OpenAPI `GET_api_v1_tasks_id_history`; Stage_3_Field_Traceability.csv,True,True,True,True,True,,,STATE-008;STATE-009;STATE-031;STATE-032;STATE-033;STATE-034;STATE-039,Finding,Broken source filename
FR-241,FR,MOD-021,OpenAPI `GET_api_v1_users_id_history`; Stage_3_Field_Traceability.csv,True,True,True,True,True,,,STATE-008;STATE-009;STATE-031;STATE-032;STATE-033;STATE-034;STATE-039,Finding,Broken source filename
FR-242,FR,MOD-001,Stage 3.4 UX Architecture/Decision Log,True,True,True,True,True,SCR-001;SCR-002;SCR-006;SCR-161,FLOW-001;FLOW-002;FLOW-003,STATE-008;STATE-010;STATE-014;STATE-032,Finding,Historical baseline used as active source
FR-243,FR,MOD-002,Stage 2.3.1 OpenAPI 1.2.0-stage2.3; Stage 3.5 UX baseline; Stage 4.1.2 delta,True,True,True,True,True,SCR-004;SCR-005;SCR-007;SCR-008;SCR-200;SCR-204;SCR-205;SCR-207;SCR-208;SCR-209;SCR-211;SCR-212;SCR-213,FLOW-002;FLOW-005;FLOW-020,STATE-008;STATE-010;STATE-014;STATE-032,Pass,
FR-244,FR,MOD-002,Stage 2.3.1 OpenAPI 1.2.0-stage2.3; Stage 3.5 UX baseline; Stage 4.1.2 delta,True,True,True,True,True,SCR-004;SCR-005;SCR-007;SCR-008;SCR-200;SCR-204;SCR-205;SCR-207;SCR-208;SCR-209;SCR-211;SCR-212;SCR-213,FLOW-002;FLOW-005;FLOW-020,STATE-008;STATE-010;STATE-014;STATE-032,Pass,
FR-245,FR,MOD-002,Stage 3.4 UX Architecture/Decision Log,True,True,True,True,True,SCR-004;SCR-005;SCR-007;SCR-008;SCR-200;SCR-204;SCR-205;SCR-207;SCR-208;SCR-209;SCR-211;SCR-212;SCR-213,FLOW-002;FLOW-005;FLOW-020,STATE-008;STATE-010;STATE-014;STATE-032,Finding,Historical baseline used as active source
FR-246,FR,MOD-003,Stage 3.4 UX Architecture/Decision Log,True,True,True,True,True,SCR-010;SCR-011,FLOW-005;FLOW-007;FLOW-008;FLOW-020;FLOW-021,STATE-008;STATE-010;STATE-014;STATE-032,Finding,Historical baseline used as active source
FR-247,FR,MOD-004,Stage 3.4 UX Architecture/Decision Log,True,True,True,True,True,SCR-012;SCR-013;SCR-014,FLOW-034,STATE-008;STATE-010;STATE-014;STATE-032,Finding,Historical baseline used as active source
FR-248,FR,MOD-005,Stage 3.4 UX Architecture/Decision Log,True,True,True,True,True,SCR-020;SCR-021;SCR-022;SCR-023;SCR-024;SCR-025;SCR-029;SCR-030;SCR-031;SCR-032;SCR-034,FLOW-004;FLOW-005;FLOW-006;FLOW-007;FLOW-008;FLOW-025;FLOW-033,STATE-008;STATE-010;STATE-014;STATE-032,Finding,Historical baseline used as active source
FR-249,FR,MOD-005,Stage 3.4 UX Architecture/Decision Log,True,True,True,True,True,SCR-020;SCR-021;SCR-022;SCR-023;SCR-024;SCR-025;SCR-029;SCR-030;SCR-031;SCR-032;SCR-034,FLOW-004;FLOW-005;FLOW-006;FLOW-007;FLOW-008;FLOW-025;FLOW-033,STATE-008;STATE-010;STATE-014;STATE-032,Finding,Historical baseline used as active source
FR-250,FR,MOD-005,Stage 3.4 UX Architecture/Decision Log,True,True,True,True,True,SCR-020;SCR-021;SCR-022;SCR-023;SCR-024;SCR-025;SCR-029;SCR-030;SCR-031;SCR-032;SCR-034,FLOW-004;FLOW-005;FLOW-006;FLOW-007;FLOW-008;FLOW-025;FLOW-033,STATE-008;STATE-010;STATE-014;STATE-032,Finding,Historical baseline used as active source
FR-251,FR,MOD-006,Stage 3.4 UX Architecture/Decision Log,True,True,True,True,True,SCR-033,FLOW-009,STATE-008;STATE-010;STATE-014;STATE-032,Finding,Historical baseline used as active source
FR-252,FR,MOD-007,Stage 3.4 UX Architecture/Decision Log,True,True,True,True,True,SCR-026;SCR-027,FLOW-010;FLOW-011;FLOW-012,STATE-008;STATE-010;STATE-014;STATE-032,Finding,Historical baseline used as active source
FR-253,FR,MOD-008,Stage 3.4 UX Architecture/Decision Log,True,True,True,True,True,SCR-028,FLOW-021,STATE-008;STATE-010;STATE-014;STATE-032,Finding,Historical baseline used as active source
FR-254,FR,MOD-009,Stage 3.4 UX Architecture/Decision Log,True,True,True,True,True,SCR-040;SCR-041;SCR-042;SCR-043;SCR-044;SCR-045;SCR-046;SCR-047,FLOW-031;FLOW-032,STATE-008;STATE-010;STATE-014;STATE-032,Finding,Historical baseline used as active source
FR-255,FR,MOD-010,Stage 3.4 UX Architecture/Decision Log,True,True,True,True,True,SCR-060;SCR-061;SCR-062;SCR-063;SCR-064;SCR-065;SCR-066;SCR-067;SCR-068;SCR-069;SCR-070;SCR-071;SCR-072,FLOW-013;FLOW-014;FLOW-035,STATE-008;STATE-010;STATE-014;STATE-032,Finding,Historical baseline used as active source
FR-256,FR,MOD-011,Stage 3.4 UX Architecture/Decision Log,True,True,True,True,True,SCR-080;SCR-081;SCR-082;SCR-083;SCR-084;SCR-085;SCR-086;SCR-087;SCR-088;SCR-089;SCR-090;SCR-210,FLOW-015;FLOW-016;FLOW-017;FLOW-036,STATE-008;STATE-010;STATE-014;STATE-032,Finding,Historical baseline used as active source
FR-257,FR,MOD-011,Stage 3.4 UX Architecture/Decision Log,True,True,True,True,True,SCR-080;SCR-081;SCR-082;SCR-083;SCR-084;SCR-085;SCR-086;SCR-087;SCR-088;SCR-089;SCR-090;SCR-210,FLOW-015;FLOW-016;FLOW-017;FLOW-036,STATE-008;STATE-010;STATE-014;STATE-032,Finding,Historical baseline used as active source
FR-258,FR,MOD-012,Stage 3.4 UX Architecture/Decision Log,True,True,True,True,True,SCR-110;SCR-111;SCR-112;SCR-113;SCR-114;SCR-115;SCR-118;SCR-119,FLOW-018,STATE-008;STATE-010;STATE-014;STATE-032,Finding,Historical baseline used as active source
FR-259,FR,MOD-013,Stage 3.4 UX Architecture/Decision Log,True,True,True,True,True,SCR-035;SCR-067;SCR-116;SCR-117;SCR-202;SCR-203,FLOW-037,STATE-008;STATE-010;STATE-014;STATE-032,Finding,Historical baseline used as active source
FR-260,FR,MOD-014,Stage 2.3.1 OpenAPI 1.2.0-stage2.3; Stage 3.5 UX baseline; Stage 4.1.2 delta,True,True,True,True,True,SCR-133;SCR-134;SCR-135;SCR-136,FLOW-019,STATE-008;STATE-010;STATE-014;STATE-032,Pass,
FR-261,FR,MOD-015,Stage 2.3.1 OpenAPI 1.2.0-stage2.3; Stage 3.5 UX baseline; Stage 4.1.2 delta,True,True,True,True,True,SCR-130;SCR-131;SCR-132;SCR-212,FLOW-020,STATE-008;STATE-010;STATE-014;STATE-032,Pass,
FR-262,FR,MOD-016,Stage 3.4 UX Architecture/Decision Log,True,True,True,True,True,SCR-140,FLOW-026,STATE-008;STATE-010;STATE-014;STATE-032,Finding,Historical baseline used as active source
FR-263,FR,MOD-017,Stage 3.4 UX Architecture/Decision Log,True,True,True,True,True,SCR-141;SCR-142;SCR-143,FLOW-027;FLOW-028,STATE-008;STATE-010;STATE-014;STATE-032,Finding,Historical baseline used as active source
FR-264,FR,MOD-018,Stage 2.3.1 OpenAPI 1.2.0-stage2.3; Stage 3.5 UX baseline; Stage 4.1.2 delta,True,True,True,True,True,SCR-153;CMP-001,FLOW-038,STATE-008;STATE-010;STATE-014;STATE-032,Finding,FLOW-038 downstream alias lacks addressable Stage 3.5 definition
FR-265,FR,MOD-019,Stage 2.3.1 OpenAPI 1.2.0-stage2.3; Stage 3.5 UX baseline; Stage 4.1.2 delta,True,True,True,True,True,SCR-170;SCR-171;SCR-172;SCR-173;SCR-174;SCR-175;SCR-176;SCR-177;SCR-178;SCR-179;SCR-180;SCR-181;SCR-182;SCR-183;SCR-184;SCR-185;SCR-186;SCR-187;SCR-188,FLOW-029;FLOW-030,STATE-008;STATE-010;STATE-014;STATE-032,Pass,
FR-266,FR,MOD-020,Stage 2.3.1 OpenAPI 1.2.0-stage2.3; Stage 3.5 UX baseline; Stage 4.1.2 delta,True,True,True,True,True,SCR-003;SCR-032;SCR-047;SCR-136;SCR-156;SCR-160;SCR-205;SCR-206;SCR-209,FLOW-022;FLOW-023;FLOW-024;FLOW-025;FLOW-030;FLOW-038,STATE-008;STATE-010;STATE-014;STATE-032,Finding,FLOW-038 downstream alias lacks addressable Stage 3.5 definition
FR-267,FR,MOD-020,Stage 3.4 UX Architecture/Decision Log,True,True,True,True,True,SCR-003;SCR-032;SCR-047;SCR-136;SCR-156;SCR-160;SCR-205;SCR-206;SCR-209,FLOW-022;FLOW-023;FLOW-024;FLOW-025;FLOW-030,STATE-008;STATE-010;STATE-014;STATE-032,Finding,Historical baseline used as active source
FR-268,FR,MOD-020,Stage 3.4 UX Architecture/Decision Log,True,True,True,True,True,SCR-003;SCR-032;SCR-047;SCR-136;SCR-156;SCR-160;SCR-205;SCR-206;SCR-209,FLOW-022;FLOW-023;FLOW-024;FLOW-025;FLOW-030,STATE-008;STATE-010;STATE-014;STATE-032,Finding,Historical baseline used as active source
FR-269,FR,MOD-021,Stage 2.3.1 OpenAPI 1.2.0-stage2.3; Stage 3.5 UX baseline; Stage 4.1.2 delta,True,True,True,True,True,SCR-036;SCR-068;SCR-172;SCR-186;SCR-201,FLOW-025;FLOW-029;FLOW-030;FLOW-038,STATE-008;STATE-010;STATE-014;STATE-032,Finding,FLOW-038 downstream alias lacks addressable Stage 3.5 definition
BR-001,BR,ALL,Концепция §3.1; Архитектура A1-11,True,True,True,True,True,,,,Pass,
BR-002,BR,ALL,Этап 2.2 C-03,True,True,True,True,True,,,,Pass,
BR-003,BR,ALL,Архитектура A1-01/A1-03; DEC-006,True,True,True,True,True,,,,Pass,
BR-004,BR,ALL,ADR-002; DEC-004,True,True,True,True,True,,,,Pass,
BR-005,BR,ALL,DEC-005,True,True,True,True,True,,,,Pass,
BR-006,BR,ALL,ADR-011; DEC-023,True,True,True,True,True,,,,Pass,
BR-007,BR,ALL,Концепция §22.2; DEC-018,True,True,True,True,True,,,,Pass,
BR-008,BR,ALL,Архитектура A1-06; GAP-004,True,True,True,True,True,,,,Pass,
BR-009,BR,ALL,ADR-004; DEC-038,True,True,True,True,True,,,,Pass,
BR-010,BR,ALL,Этап 2.2 idempotency,True,True,True,True,True,,,,Pass,
BR-011,BR,ALL,ADR-009; архитектура,True,True,True,True,True,,,,Pass,
BR-012,BR,ALL,ADR-005,True,True,True,True,True,,,,Pass,
BR-013,BR,ALL,DEC-040; Search Contract,True,True,True,True,True,,,,Pass,
BR-014,BR,ALL,DEC-030,True,True,True,True,True,,,,Pass,
BR-015,BR,ALL,DEC-037,True,True,True,True,True,,,,Pass,
BR-016,BR,MOD-001,"§§3.2, 24, 25, 29; Stage 3.4",True,True,True,True,True,SCR-001;SCR-002;SCR-006;SCR-161,FLOW-001;FLOW-002;FLOW-003,,Finding,Historical baseline used as active source
BR-017,BR,MOD-001,"§§3.2, 24, 25, 29; Stage 3.4",True,True,True,True,True,SCR-001;SCR-002;SCR-006;SCR-161,FLOW-001;FLOW-002;FLOW-003,,Finding,Historical baseline used as active source
BR-018,BR,MOD-001,"§§3.2, 24, 25, 29; Stage 3.4",True,True,True,True,True,SCR-001;SCR-002;SCR-006;SCR-161,FLOW-001;FLOW-002;FLOW-003,,Finding,Historical baseline used as active source
BR-019,BR,MOD-001,"§§3.2, 24, 25, 29; Stage 3.4",True,True,True,True,True,SCR-001;SCR-002;SCR-006;SCR-161,FLOW-001;FLOW-002;FLOW-003,,Finding,Historical baseline used as active source
BR-020,BR,MOD-002,"§8, §17.2, §23.5, §29; Stage 3.4",True,True,True,True,True,SCR-004;SCR-005;SCR-007;SCR-008;SCR-200;SCR-204;SCR-205;SCR-207;SCR-208;SCR-209;SCR-211;SCR-212;SCR-213,FLOW-002;FLOW-005;FLOW-020,,Finding,Historical baseline used as active source
BR-021,BR,MOD-002,"§8, §17.2, §23.5, §29; Stage 3.4",True,True,True,True,True,SCR-004;SCR-005;SCR-007;SCR-008;SCR-200;SCR-204;SCR-205;SCR-207;SCR-208;SCR-209;SCR-211;SCR-212;SCR-213,FLOW-002;FLOW-005;FLOW-020,,Finding,Historical baseline used as active source
BR-022,BR,MOD-002,"§8, §17.2, §23.5, §29; Stage 3.4",True,True,True,True,True,SCR-004;SCR-005;SCR-007;SCR-008;SCR-200;SCR-204;SCR-205;SCR-207;SCR-208;SCR-209;SCR-211;SCR-212;SCR-213,FLOW-002;FLOW-005;FLOW-020,,Finding,Historical baseline used as active source
BR-023,BR,MOD-002,"§8, §17.2, §23.5, §29; Stage 3.4",True,True,True,True,True,SCR-004;SCR-005;SCR-007;SCR-008;SCR-200;SCR-204;SCR-205;SCR-207;SCR-208;SCR-209;SCR-211;SCR-212;SCR-213,FLOW-002;FLOW-005;FLOW-020,,Finding,Historical baseline used as active source
BR-024,BR,MOD-003,"§9, §27.1.17, §29; Stage 3.4",True,True,True,True,True,SCR-010;SCR-011,FLOW-005;FLOW-007;FLOW-008;FLOW-020;FLOW-021,,Finding,Historical baseline used as active source
BR-025,BR,MOD-003,"§9, §27.1.17, §29; Stage 3.4",True,True,True,True,True,SCR-010;SCR-011,FLOW-005;FLOW-007;FLOW-008;FLOW-020;FLOW-021,,Finding,Historical baseline used as active source
BR-026,BR,MOD-003,"§9, §27.1.17, §29; Stage 3.4",True,True,True,True,True,SCR-010;SCR-011,FLOW-005;FLOW-007;FLOW-008;FLOW-020;FLOW-021,,Finding,Historical baseline used as active source
BR-027,BR,MOD-003,"§9, §27.1.17, §29; Stage 3.4",True,True,True,True,True,SCR-010;SCR-011,FLOW-005;FLOW-007;FLOW-008;FLOW-020;FLOW-021,,Finding,Historical baseline used as active source
BR-028,BR,MOD-004,"§10, §27.1, §33; Stage 3.4",True,True,True,True,True,SCR-012;SCR-013;SCR-014,FLOW-034,,Finding,Historical baseline used as active source
BR-029,BR,MOD-004,"§10, §27.1, §33; Stage 3.4",True,True,True,True,True,SCR-012;SCR-013;SCR-014,FLOW-034,,Finding,Historical baseline used as active source
BR-030,BR,MOD-004,"§10, §27.1, §33; Stage 3.4",True,True,True,True,True,SCR-012;SCR-013;SCR-014,FLOW-034,,Finding,Historical baseline used as active source
BR-031,BR,MOD-005,"§11, §27.1.5–16, §29, §33; Stage 3.4",True,True,True,True,True,SCR-020;SCR-021;SCR-022;SCR-023;SCR-024;SCR-025;SCR-029;SCR-030;SCR-031;SCR-032;SCR-034,FLOW-004;FLOW-005;FLOW-006;FLOW-007;FLOW-008;FLOW-025;FLOW-033,,Finding,Historical baseline used as active source
BR-032,BR,MOD-005,"§11, §27.1.5–16, §29, §33; Stage 3.4",True,True,True,True,True,SCR-020;SCR-021;SCR-022;SCR-023;SCR-024;SCR-025;SCR-029;SCR-030;SCR-031;SCR-032;SCR-034,FLOW-004;FLOW-005;FLOW-006;FLOW-007;FLOW-008;FLOW-025;FLOW-033,,Finding,Historical baseline used as active source
BR-033,BR,MOD-005,"§11, §27.1.5–16, §29, §33; Stage 3.4",True,True,True,True,True,SCR-020;SCR-021;SCR-022;SCR-023;SCR-024;SCR-025;SCR-029;SCR-030;SCR-031;SCR-032;SCR-034,FLOW-004;FLOW-005;FLOW-006;FLOW-007;FLOW-008;FLOW-025;FLOW-033,,Finding,Historical baseline used as active source
BR-034,BR,MOD-005,"§11, §27.1.5–16, §29, §33; Stage 3.4",True,True,True,True,True,SCR-020;SCR-021;SCR-022;SCR-023;SCR-024;SCR-025;SCR-029;SCR-030;SCR-031;SCR-032;SCR-034,FLOW-004;FLOW-005;FLOW-006;FLOW-007;FLOW-008;FLOW-025;FLOW-033,,Finding,Historical baseline used as active source
BR-035,BR,MOD-005,"§11, §27.1.5–16, §29, §33; Stage 3.4",True,True,True,True,True,SCR-020;SCR-021;SCR-022;SCR-023;SCR-024;SCR-025;SCR-029;SCR-030;SCR-031;SCR-032;SCR-034,FLOW-004;FLOW-005;FLOW-006;FLOW-007;FLOW-008;FLOW-025;FLOW-033,,Finding,Historical baseline used as active source
BR-036,BR,MOD-006,"§11.4–11.5, §27.1.9–10; Stage 3.4",True,True,True,True,True,SCR-033,FLOW-009,,Finding,Historical baseline used as active source
BR-037,BR,MOD-006,"§11.4–11.5, §27.1.9–10; Stage 3.4",True,True,True,True,True,SCR-033,FLOW-009,,Finding,Historical baseline used as active source
BR-038,BR,MOD-006,"§11.4–11.5, §27.1.9–10; Stage 3.4",True,True,True,True,True,SCR-033,FLOW-009,,Finding,Historical baseline used as active source
BR-039,BR,MOD-006,"§11.4–11.5, §27.1.9–10; Stage 3.4",True,True,True,True,True,SCR-033,FLOW-009,,Finding,Historical baseline used as active source
BR-040,BR,MOD-007,"§11.6, §27.1.16; Stage 3.4",True,True,True,True,True,SCR-026;SCR-027,FLOW-010;FLOW-011;FLOW-012,,Finding,Historical baseline used as active source
BR-041,BR,MOD-007,"§11.6, §27.1.16; Stage 3.4",True,True,True,True,True,SCR-026;SCR-027,FLOW-010;FLOW-011;FLOW-012,,Finding,Historical baseline used as active source
BR-042,BR,MOD-007,"§11.6, §27.1.16; Stage 3.4",True,True,True,True,True,SCR-026;SCR-027,FLOW-010;FLOW-011;FLOW-012,,Finding,Historical baseline used as active source
BR-043,BR,MOD-007,"§11.6, §27.1.16; Stage 3.4",True,True,True,True,True,SCR-026;SCR-027,FLOW-010;FLOW-011;FLOW-012,,Finding,Historical baseline used as active source
BR-044,BR,MOD-008,"§17, §27.1.19–21; Stage 3.4",True,True,True,True,True,SCR-028,FLOW-021,,Finding,Historical baseline used as active source
BR-045,BR,MOD-008,"§17, §27.1.19–21; Stage 3.4",True,True,True,True,True,SCR-028,FLOW-021,,Finding,Historical baseline used as active source
BR-046,BR,MOD-008,"§17, §27.1.19–21; Stage 3.4",True,True,True,True,True,SCR-028,FLOW-021,,Finding,Historical baseline used as active source
BR-047,BR,MOD-009,"§12, §27.1.18, §29; Stage 3.4",True,True,True,True,True,SCR-040;SCR-041;SCR-042;SCR-043;SCR-044;SCR-045;SCR-046;SCR-047,FLOW-031;FLOW-032,,Finding,Historical baseline used as active source
BR-048,BR,MOD-009,"§12, §27.1.18, §29; Stage 3.4",True,True,True,True,True,SCR-040;SCR-041;SCR-042;SCR-043;SCR-044;SCR-045;SCR-046;SCR-047,FLOW-031;FLOW-032,,Finding,Historical baseline used as active source
BR-049,BR,MOD-009,"§12, §27.1.18, §29; Stage 3.4",True,True,True,True,True,SCR-040;SCR-041;SCR-042;SCR-043;SCR-044;SCR-045;SCR-046;SCR-047,FLOW-031;FLOW-032,,Finding,Historical baseline used as active source
BR-050,BR,MOD-009,"§12, §27.1.18, §29; Stage 3.4",True,True,True,True,True,SCR-040;SCR-041;SCR-042;SCR-043;SCR-044;SCR-045;SCR-046;SCR-047,FLOW-031;FLOW-032,,Finding,Historical baseline used as active source
BR-051,BR,MOD-010,"§13, §27.1.7–8, §29, §33; Stage 3.4",True,True,True,True,True,SCR-060;SCR-061;SCR-062;SCR-063;SCR-064;SCR-065;SCR-066;SCR-067;SCR-068;SCR-069;SCR-070;SCR-071;SCR-072,FLOW-013;FLOW-014;FLOW-035,,Finding,Historical baseline used as active source
BR-052,BR,MOD-010,"§13, §27.1.7–8, §29, §33; Stage 3.4",True,True,True,True,True,SCR-060;SCR-061;SCR-062;SCR-063;SCR-064;SCR-065;SCR-066;SCR-067;SCR-068;SCR-069;SCR-070;SCR-071;SCR-072,FLOW-013;FLOW-014;FLOW-035,,Finding,Historical baseline used as active source
BR-053,BR,MOD-010,"§13, §27.1.7–8, §29, §33; Stage 3.4",True,True,True,True,True,SCR-060;SCR-061;SCR-062;SCR-063;SCR-064;SCR-065;SCR-066;SCR-067;SCR-068;SCR-069;SCR-070;SCR-071;SCR-072,FLOW-013;FLOW-014;FLOW-035,,Finding,Historical baseline used as active source
BR-054,BR,MOD-010,"§13, §27.1.7–8, §29, §33; Stage 3.4",True,True,True,True,True,SCR-060;SCR-061;SCR-062;SCR-063;SCR-064;SCR-065;SCR-066;SCR-067;SCR-068;SCR-069;SCR-070;SCR-071;SCR-072,FLOW-013;FLOW-014;FLOW-035,,Finding,Historical baseline used as active source
BR-055,BR,MOD-011,"§§14–15, §27.1.22–31, §29; Stage 3.4",True,True,True,True,True,SCR-080;SCR-081;SCR-082;SCR-083;SCR-084;SCR-085;SCR-086;SCR-087;SCR-088;SCR-089;SCR-090;SCR-210,FLOW-015;FLOW-016;FLOW-017;FLOW-036,,Finding,Historical baseline used as active source
BR-056,BR,MOD-011,"§§14–15, §27.1.22–31, §29; Stage 3.4",True,True,True,True,True,SCR-080;SCR-081;SCR-082;SCR-083;SCR-084;SCR-085;SCR-086;SCR-087;SCR-088;SCR-089;SCR-090;SCR-210,FLOW-015;FLOW-016;FLOW-017;FLOW-036,,Finding,Historical baseline used as active source
BR-057,BR,MOD-011,"§§14–15, §27.1.22–31, §29; Stage 3.4",True,True,True,True,True,SCR-080;SCR-081;SCR-082;SCR-083;SCR-084;SCR-085;SCR-086;SCR-087;SCR-088;SCR-089;SCR-090;SCR-210,FLOW-015;FLOW-016;FLOW-017;FLOW-036,,Finding,Historical baseline used as active source
BR-058,BR,MOD-011,"§§14–15, §27.1.22–31, §29; Stage 3.4",True,True,True,True,True,SCR-080;SCR-081;SCR-082;SCR-083;SCR-084;SCR-085;SCR-086;SCR-087;SCR-088;SCR-089;SCR-090;SCR-210,FLOW-015;FLOW-016;FLOW-017;FLOW-036,,Finding,Historical baseline used as active source
BR-059,BR,MOD-011,"§§14–15, §27.1.22–31, §29; Stage 3.4",True,True,True,True,True,SCR-080;SCR-081;SCR-082;SCR-083;SCR-084;SCR-085;SCR-086;SCR-087;SCR-088;SCR-089;SCR-090;SCR-210,FLOW-015;FLOW-016;FLOW-017;FLOW-036,,Finding,Historical baseline used as active source
BR-060,BR,MOD-012,"§16, §27.1.32, §29; Stage 3.4",True,True,True,True,True,SCR-110;SCR-111;SCR-112;SCR-113;SCR-114;SCR-115;SCR-118;SCR-119,FLOW-018,,Finding,Historical baseline used as active source
BR-061,BR,MOD-012,"§16, §27.1.32, §29; Stage 3.4",True,True,True,True,True,SCR-110;SCR-111;SCR-112;SCR-113;SCR-114;SCR-115;SCR-118;SCR-119,FLOW-018,,Finding,Historical baseline used as active source
BR-062,BR,MOD-012,"§16, §27.1.32, §29; Stage 3.4",True,True,True,True,True,SCR-110;SCR-111;SCR-112;SCR-113;SCR-114;SCR-115;SCR-118;SCR-119,FLOW-018,,Finding,Historical baseline used as active source
BR-063,BR,MOD-013,"§16.5, §18, §21, §27.1.33; Stage 3.4",True,True,True,True,True,SCR-035;SCR-067;SCR-116;SCR-117;SCR-202;SCR-203,FLOW-037,,Finding,Historical baseline used as active source
BR-064,BR,MOD-013,"§16.5, §18, §21, §27.1.33; Stage 3.4",True,True,True,True,True,SCR-035;SCR-067;SCR-116;SCR-117;SCR-202;SCR-203,FLOW-037,,Finding,Historical baseline used as active source
BR-065,BR,MOD-013,"§16.5, §18, §21, §27.1.33; Stage 3.4",True,True,True,True,True,SCR-035;SCR-067;SCR-116;SCR-117;SCR-202;SCR-203,FLOW-037,,Finding,Historical baseline used as active source
BR-066,BR,MOD-013,"§16.5, §18, §21, §27.1.33; Stage 3.4",True,True,True,True,True,SCR-035;SCR-067;SCR-116;SCR-117;SCR-202;SCR-203,FLOW-037,,Finding,Historical baseline used as active source
BR-067,BR,MOD-014,"§20, §27.1.35; Stage 3.4",True,True,True,True,True,SCR-133;SCR-134;SCR-135;SCR-136,FLOW-019,,Finding,Historical baseline used as active source
BR-068,BR,MOD-014,"§20, §27.1.35; Stage 3.4",True,True,True,True,True,SCR-133;SCR-134;SCR-135;SCR-136,FLOW-019,,Finding,Historical baseline used as active source
BR-069,BR,MOD-014,"§20, §27.1.35; Stage 3.4",True,True,True,True,True,SCR-133;SCR-134;SCR-135;SCR-136,FLOW-019,,Finding,Historical baseline used as active source
BR-070,BR,MOD-014,"§20, §27.1.35; Stage 3.4",True,True,True,True,True,SCR-133;SCR-134;SCR-135;SCR-136,FLOW-019,,Finding,Historical baseline used as active source
BR-071,BR,MOD-015,"§17, §27.1.19–21, §29; Stage 3.4",True,True,True,True,True,SCR-130;SCR-131;SCR-132;SCR-212,FLOW-020,,Finding,Historical baseline used as active source
BR-072,BR,MOD-015,"§17, §27.1.19–21, §29; Stage 3.4",True,True,True,True,True,SCR-130;SCR-131;SCR-132;SCR-212,FLOW-020,,Finding,Historical baseline used as active source
BR-073,BR,MOD-015,"§17, §27.1.19–21, §29; Stage 3.4",True,True,True,True,True,SCR-130;SCR-131;SCR-132;SCR-212,FLOW-020,,Finding,Historical baseline used as active source
BR-074,BR,MOD-015,"§17, §27.1.19–21, §29; Stage 3.4",True,True,True,True,True,SCR-130;SCR-131;SCR-132;SCR-212,FLOW-020,,Finding,Historical baseline used as active source
BR-075,BR,MOD-016,"§22.1, §27.1.36; Stage 3.4",True,True,True,True,True,SCR-140,FLOW-026,,Finding,Historical baseline used as active source
BR-076,BR,MOD-016,"§22.1, §27.1.36; Stage 3.4",True,True,True,True,True,SCR-140,FLOW-026,,Finding,Historical baseline used as active source
BR-077,BR,MOD-016,"§22.1, §27.1.36; Stage 3.4",True,True,True,True,True,SCR-140,FLOW-026,,Finding,Historical baseline used as active source
BR-078,BR,MOD-017,"§22.2, §27.1.37, §29; Stage 3.4",True,True,True,True,True,SCR-141;SCR-142;SCR-143,FLOW-027;FLOW-028,,Finding,Historical baseline used as active source
BR-079,BR,MOD-017,"§22.2, §27.1.37, §29; Stage 3.4",True,True,True,True,True,SCR-141;SCR-142;SCR-143,FLOW-027;FLOW-028,,Finding,Historical baseline used as active source
BR-080,BR,MOD-017,"§22.2, §27.1.37, §29; Stage 3.4",True,True,True,True,True,SCR-141;SCR-142;SCR-143,FLOW-027;FLOW-028,,Finding,Historical baseline used as active source
BR-081,BR,MOD-017,"§22.2, §27.1.37, §29; Stage 3.4",True,True,True,True,True,SCR-141;SCR-142;SCR-143,FLOW-027;FLOW-028,,Finding,Historical baseline used as active source
BR-082,BR,MOD-018,"§23, §24; Stage 3.4",True,True,True,True,True,SCR-150;SCR-151;SCR-152;SCR-153;SCR-154;SCR-155;SCR-156;SCR-157;SCR-158;SCR-159;SCR-161,FLOW-002;FLOW-003,,Finding,Historical baseline used as active source
BR-083,BR,MOD-018,"§23, §24; Stage 3.4",True,True,True,True,True,SCR-150;SCR-151;SCR-152;SCR-153;SCR-154;SCR-155;SCR-156;SCR-157;SCR-158;SCR-159;SCR-161,FLOW-002;FLOW-003,,Finding,Historical baseline used as active source
BR-084,BR,MOD-018,"§23, §24; Stage 3.4",True,True,True,True,True,SCR-150;SCR-151;SCR-152;SCR-153;SCR-154;SCR-155;SCR-156;SCR-157;SCR-158;SCR-159;SCR-161,FLOW-002;FLOW-003,,Finding,Historical baseline used as active source
BR-085,BR,MOD-019,"§7.1, §24–26, §29; Stage 3.4",True,True,True,True,True,SCR-170;SCR-171;SCR-172;SCR-173;SCR-174;SCR-175;SCR-176;SCR-177;SCR-178;SCR-179;SCR-180;SCR-181;SCR-182;SCR-183;SCR-184;SCR-185;SCR-186;SCR-187;SCR-188,FLOW-029;FLOW-030,,Finding,Historical baseline used as active source
BR-086,BR,MOD-019,"§7.1, §24–26, §29; Stage 3.4",True,True,True,True,True,SCR-170;SCR-171;SCR-172;SCR-173;SCR-174;SCR-175;SCR-176;SCR-177;SCR-178;SCR-179;SCR-180;SCR-181;SCR-182;SCR-183;SCR-184;SCR-185;SCR-186;SCR-187;SCR-188,FLOW-029;FLOW-030,,Finding,Historical baseline used as active source
BR-087,BR,MOD-019,"§7.1, §24–26, §29; Stage 3.4",True,True,True,True,True,SCR-170;SCR-171;SCR-172;SCR-173;SCR-174;SCR-175;SCR-176;SCR-177;SCR-178;SCR-179;SCR-180;SCR-181;SCR-182;SCR-183;SCR-184;SCR-185;SCR-186;SCR-187;SCR-188,FLOW-029;FLOW-030,,Finding,Historical baseline used as active source
BR-088,BR,MOD-019,"§7.1, §24–26, §29; Stage 3.4",True,True,True,True,True,SCR-170;SCR-171;SCR-172;SCR-173;SCR-174;SCR-175;SCR-176;SCR-177;SCR-178;SCR-179;SCR-180;SCR-181;SCR-182;SCR-183;SCR-184;SCR-185;SCR-186;SCR-187;SCR-188,FLOW-029;FLOW-030,,Finding,Historical baseline used as active source
BR-089,BR,MOD-020,"§18–19, §27.2, §29; Stage 3.4",True,True,True,True,True,SCR-003;SCR-032;SCR-047;SCR-136;SCR-156;SCR-160;SCR-205;SCR-206;SCR-209,FLOW-022;FLOW-023;FLOW-024;FLOW-025;FLOW-030,,Finding,Historical baseline used as active source
BR-090,BR,MOD-020,"§18–19, §27.2, §29; Stage 3.4",True,True,True,True,True,SCR-003;SCR-032;SCR-047;SCR-136;SCR-156;SCR-160;SCR-205;SCR-206;SCR-209,FLOW-022;FLOW-023;FLOW-024;FLOW-025;FLOW-030,,Finding,Historical baseline used as active source
BR-091,BR,MOD-020,"§18–19, §27.2, §29; Stage 3.4",True,True,True,True,True,SCR-003;SCR-032;SCR-047;SCR-136;SCR-156;SCR-160;SCR-205;SCR-206;SCR-209,FLOW-022;FLOW-023;FLOW-024;FLOW-025;FLOW-030,,Finding,Historical baseline used as active source
BR-092,BR,MOD-020,"§18–19, §27.2, §29; Stage 3.4",True,True,True,True,True,SCR-003;SCR-032;SCR-047;SCR-136;SCR-156;SCR-160;SCR-205;SCR-206;SCR-209,FLOW-022;FLOW-023;FLOW-024;FLOW-025;FLOW-030,,Finding,Historical baseline used as active source
BR-093,BR,MOD-020,"§18–19, §27.2, §29; Stage 3.4",True,True,True,True,True,SCR-003;SCR-032;SCR-047;SCR-136;SCR-156;SCR-160;SCR-205;SCR-206;SCR-209,FLOW-022;FLOW-023;FLOW-024;FLOW-025;FLOW-030,,Finding,Historical baseline used as active source
BR-094,BR,MOD-021,"§21, §25, §27.1.34; Stage 3.4",True,True,True,True,True,SCR-036;SCR-068;SCR-172;SCR-186;SCR-201,FLOW-025;FLOW-029;FLOW-030,,Finding,Historical baseline used as active source
BR-095,BR,MOD-021,"§21, §25, §27.1.34; Stage 3.4",True,True,True,True,True,SCR-036;SCR-068;SCR-172;SCR-186;SCR-201,FLOW-025;FLOW-029;FLOW-030,,Finding,Historical baseline used as active source
BR-096,BR,MOD-021,"§21, §25, §27.1.34; Stage 3.4",True,True,True,True,True,SCR-036;SCR-068;SCR-172;SCR-186;SCR-201,FLOW-025;FLOW-029;FLOW-030,,Finding,Historical baseline used as active source
BR-097,BR,MOD-021,"§21, §25, §27.1.34; Stage 3.4",True,True,True,True,True,SCR-036;SCR-068;SCR-172;SCR-186;SCR-201,FLOW-025;FLOW-029;FLOW-030,,Finding,Historical baseline used as active source
DATA-001,DATA,MOD-001,DEC-036/037/041,True,True,True,True,True,SCR-001;SCR-002;SCR-006;SCR-161,FLOW-001;FLOW-002;FLOW-003,STATE-007;STATE-028;STATE-029;STATE-030,Finding,Broken source filename
DATA-002,DATA,MOD-002,DEC-036/037/041,True,True,True,True,False,SCR-004;SCR-005;SCR-007;SCR-008;SCR-200;SCR-204;SCR-205;SCR-207;SCR-208;SCR-209;SCR-211;SCR-212;SCR-213,FLOW-002;FLOW-005;FLOW-020,STATE-007;STATE-028;STATE-029;STATE-030,Finding,Broken source filename; No AC
DATA-003,DATA,MOD-003,DEC-036/037/041,True,True,True,True,False,SCR-010;SCR-011,FLOW-005;FLOW-007;FLOW-008;FLOW-020;FLOW-021,STATE-007;STATE-028;STATE-029;STATE-030,Finding,Broken source filename; No AC
DATA-004,DATA,MOD-004,DEC-036/037/041,True,True,True,True,True,SCR-012;SCR-013;SCR-014,FLOW-034,STATE-007;STATE-028;STATE-029;STATE-030,Finding,Broken source filename
DATA-005,DATA,MOD-005,DEC-036/037/041,True,True,True,True,True,SCR-020;SCR-021;SCR-022;SCR-023;SCR-024;SCR-025;SCR-029;SCR-030;SCR-031;SCR-032;SCR-034,FLOW-004;FLOW-005;FLOW-006;FLOW-007;FLOW-008;FLOW-025;FLOW-033,STATE-007;STATE-028;STATE-029;STATE-030,Finding,Broken source filename
DATA-006,DATA,MOD-006,DEC-036/037/041,True,True,True,True,True,SCR-033,FLOW-009,STATE-007;STATE-028;STATE-029;STATE-030,Finding,Broken source filename
DATA-007,DATA,MOD-007,DEC-036/037/041,True,True,True,True,True,SCR-026;SCR-027,FLOW-010;FLOW-011;FLOW-012,STATE-007;STATE-028;STATE-029;STATE-030,Finding,Broken source filename
DATA-008,DATA,MOD-008,DEC-036/037/041,True,True,True,True,True,SCR-028,FLOW-021,STATE-007;STATE-028;STATE-029;STATE-030,Finding,Broken source filename
DATA-009,DATA,MOD-009,DEC-036/037/041,True,True,True,True,True,SCR-040;SCR-041;SCR-042;SCR-043;SCR-044;SCR-045;SCR-046;SCR-047,FLOW-031;FLOW-032,STATE-007;STATE-028;STATE-029;STATE-030,Finding,Broken source filename
DATA-010,DATA,MOD-010,DEC-036/037/041,True,True,True,True,True,SCR-060;SCR-061;SCR-062;SCR-063;SCR-064;SCR-065;SCR-066;SCR-067;SCR-068;SCR-069;SCR-070;SCR-071;SCR-072,FLOW-013;FLOW-014;FLOW-035,STATE-007;STATE-028;STATE-029;STATE-030,Finding,Broken source filename
DATA-011,DATA,MOD-011,DEC-036/037/041,True,True,True,True,True,SCR-080;SCR-081;SCR-082;SCR-083;SCR-084;SCR-085;SCR-086;SCR-087;SCR-088;SCR-089;SCR-090;SCR-210,FLOW-015;FLOW-016;FLOW-017;FLOW-036,STATE-007;STATE-028;STATE-029;STATE-030,Finding,Broken source filename
DATA-012,DATA,MOD-012,DEC-036/037/041,True,True,True,True,True,SCR-110;SCR-111;SCR-112;SCR-113;SCR-114;SCR-115;SCR-118;SCR-119,FLOW-018,STATE-007;STATE-028;STATE-029;STATE-030,Finding,Broken source filename
DATA-013,DATA,MOD-013,DEC-036/037/041,True,True,True,True,True,SCR-035;SCR-067;SCR-116;SCR-117;SCR-202;SCR-203,FLOW-037,STATE-007;STATE-028;STATE-029;STATE-030,Finding,Broken source filename
DATA-014,DATA,MOD-014,DEC-036/037/041,True,True,True,True,True,SCR-133;SCR-134;SCR-135;SCR-136,FLOW-019,STATE-007;STATE-028;STATE-029;STATE-030,Finding,Broken source filename
DATA-015,DATA,MOD-015,DEC-036/037/041,True,True,True,True,True,SCR-130;SCR-131;SCR-132;SCR-212,FLOW-020,STATE-007;STATE-028;STATE-029;STATE-030,Finding,Broken source filename
DATA-016,DATA,MOD-016,DEC-036/037/041,True,True,True,True,False,SCR-140,FLOW-026,STATE-007;STATE-028;STATE-029;STATE-030,Finding,Broken source filename; No AC
DATA-017,DATA,MOD-017,DEC-036/037/041,True,True,True,True,True,SCR-141;SCR-142;SCR-143,FLOW-027;FLOW-028,STATE-007;STATE-028;STATE-029;STATE-030,Finding,Broken source filename
DATA-018,DATA,MOD-018,DEC-036/037/041,True,True,True,True,True,SCR-150;SCR-151;SCR-152;SCR-153;SCR-154;SCR-155;SCR-156;SCR-157;SCR-158;SCR-159;SCR-161,FLOW-002;FLOW-003,STATE-007;STATE-028;STATE-029;STATE-030,Finding,Broken source filename
DATA-019,DATA,MOD-019,DEC-036/037/041,True,True,True,True,True,SCR-170;SCR-171;SCR-172;SCR-173;SCR-174;SCR-175;SCR-176;SCR-177;SCR-178;SCR-179;SCR-180;SCR-181;SCR-182;SCR-183;SCR-184;SCR-185;SCR-186;SCR-187;SCR-188,FLOW-029;FLOW-030,STATE-007;STATE-028;STATE-029;STATE-030,Finding,Broken source filename
DATA-020,DATA,MOD-020,DEC-036/037/041,True,True,True,True,True,SCR-003;SCR-032;SCR-047;SCR-136;SCR-156;SCR-160;SCR-205;SCR-206;SCR-209,FLOW-022;FLOW-023;FLOW-024;FLOW-025;FLOW-030,STATE-007;STATE-028;STATE-029;STATE-030,Finding,Broken source filename
DATA-021,DATA,MOD-021,DEC-036/037/041,True,True,True,True,True,SCR-036;SCR-068;SCR-172;SCR-186;SCR-201,FLOW-025;FLOW-029;FLOW-030,STATE-007;STATE-028;STATE-029;STATE-030,Finding,Broken source filename
PERM-001,PERM,MOD-001,DEC-004/030; OpenAPI,True,True,True,True,False,SCR-001;SCR-002;SCR-006;SCR-161,FLOW-001;FLOW-002;FLOW-003,STATE-008;STATE-009;STATE-030,Finding,No AC
PERM-002,PERM,MOD-002,DEC-004/030; OpenAPI,True,True,True,True,False,SCR-004;SCR-005;SCR-007;SCR-008;SCR-200;SCR-204;SCR-205;SCR-207;SCR-208;SCR-209;SCR-211;SCR-212;SCR-213,FLOW-002;FLOW-005;FLOW-020,STATE-008;STATE-009;STATE-030,Finding,No AC
PERM-003,PERM,MOD-003,DEC-004/030; OpenAPI,True,True,True,True,False,SCR-010;SCR-011,FLOW-005;FLOW-007;FLOW-008;FLOW-020;FLOW-021,STATE-008;STATE-009;STATE-030,Finding,No AC
PERM-004,PERM,MOD-004,DEC-004/030; OpenAPI,True,True,True,True,False,SCR-012;SCR-013;SCR-014,FLOW-034,STATE-008;STATE-009;STATE-030,Finding,No AC
PERM-005,PERM,MOD-005,DEC-004/030; OpenAPI,True,True,True,True,False,SCR-020;SCR-021;SCR-022;SCR-023;SCR-024;SCR-025;SCR-029;SCR-030;SCR-031;SCR-032;SCR-034,FLOW-004;FLOW-005;FLOW-006;FLOW-007;FLOW-008;FLOW-025;FLOW-033,STATE-008;STATE-009;STATE-030,Finding,No AC
PERM-006,PERM,MOD-006,DEC-004/030; OpenAPI,True,True,True,True,False,SCR-033,FLOW-009,STATE-008;STATE-009;STATE-030,Finding,No AC
PERM-007,PERM,MOD-007,DEC-004/030; OpenAPI,True,True,True,True,False,SCR-026;SCR-027,FLOW-010;FLOW-011;FLOW-012,STATE-008;STATE-009;STATE-030,Finding,No AC
PERM-008,PERM,MOD-008,DEC-004/030; OpenAPI,True,True,True,True,False,SCR-028,FLOW-021,STATE-008;STATE-009;STATE-030,Finding,No AC
PERM-009,PERM,MOD-009,DEC-004/030; OpenAPI,True,True,True,True,False,SCR-040;SCR-041;SCR-042;SCR-043;SCR-044;SCR-045;SCR-046;SCR-047,FLOW-031;FLOW-032,STATE-008;STATE-009;STATE-030,Finding,No AC
PERM-010,PERM,MOD-010,DEC-004/030; OpenAPI,True,True,True,True,False,SCR-060;SCR-061;SCR-062;SCR-063;SCR-064;SCR-065;SCR-066;SCR-067;SCR-068;SCR-069;SCR-070;SCR-071;SCR-072,FLOW-013;FLOW-014;FLOW-035,STATE-008;STATE-009;STATE-030,Finding,No AC
PERM-011,PERM,MOD-011,DEC-004/030; OpenAPI,True,True,True,True,False,SCR-080;SCR-081;SCR-082;SCR-083;SCR-084;SCR-085;SCR-086;SCR-087;SCR-088;SCR-089;SCR-090;SCR-210,FLOW-015;FLOW-016;FLOW-017;FLOW-036,STATE-008;STATE-009;STATE-030,Finding,No AC
PERM-012,PERM,MOD-012,DEC-004/030; OpenAPI,True,True,True,True,False,SCR-110;SCR-111;SCR-112;SCR-113;SCR-114;SCR-115;SCR-118;SCR-119,FLOW-018,STATE-008;STATE-009;STATE-030,Finding,No AC
PERM-013,PERM,MOD-013,DEC-004/030; OpenAPI,True,True,True,True,False,SCR-035;SCR-067;SCR-116;SCR-117;SCR-202;SCR-203,FLOW-037,STATE-008;STATE-009;STATE-030,Finding,No AC
PERM-014,PERM,MOD-014,DEC-004/030; OpenAPI,True,True,True,True,False,SCR-133;SCR-134;SCR-135;SCR-136,FLOW-019,STATE-008;STATE-009;STATE-030,Finding,No AC
PERM-015,PERM,MOD-015,DEC-004/030; OpenAPI,True,True,True,True,False,SCR-130;SCR-131;SCR-132;SCR-212,FLOW-020,STATE-008;STATE-009;STATE-030,Finding,No AC
PERM-016,PERM,MOD-016,DEC-004/030; OpenAPI,True,True,True,True,False,SCR-140,FLOW-026,STATE-008;STATE-009;STATE-030,Finding,No AC
PERM-017,PERM,MOD-017,DEC-004/030; OpenAPI,True,True,True,True,False,SCR-141;SCR-142;SCR-143,FLOW-027;FLOW-028,STATE-008;STATE-009;STATE-030,Finding,No AC
PERM-018,PERM,MOD-018,DEC-004/030; OpenAPI,True,True,True,True,False,SCR-150;SCR-151;SCR-152;SCR-153;SCR-154;SCR-155;SCR-156;SCR-157;SCR-158;SCR-159;SCR-161,FLOW-002;FLOW-003,STATE-008;STATE-009;STATE-030,Finding,No AC
PERM-019,PERM,MOD-019,DEC-004/030; OpenAPI,True,True,True,True,False,SCR-170;SCR-171;SCR-172;SCR-173;SCR-174;SCR-175;SCR-176;SCR-177;SCR-178;SCR-179;SCR-180;SCR-181;SCR-182;SCR-183;SCR-184;SCR-185;SCR-186;SCR-187;SCR-188,FLOW-029;FLOW-030,STATE-008;STATE-009;STATE-030,Finding,No AC
PERM-020,PERM,MOD-020,DEC-004/030; OpenAPI,True,True,True,True,False,SCR-003;SCR-032;SCR-047;SCR-136;SCR-156;SCR-160;SCR-205;SCR-206;SCR-209,FLOW-022;FLOW-023;FLOW-024;FLOW-025;FLOW-030,STATE-008;STATE-009;STATE-030,Finding,No AC
PERM-021,PERM,MOD-021,DEC-004/030; OpenAPI,True,True,True,True,False,SCR-036;SCR-068;SCR-172;SCR-186;SCR-201,FLOW-025;FLOW-029;FLOW-030,STATE-008;STATE-009;STATE-030,Finding,No AC
ERR-001,ERR,MOD-001,errors.csv; State Matrix,True,True,True,True,False,SCR-001;SCR-002;SCR-006;SCR-161,FLOW-001;FLOW-002;FLOW-003,STATE-007;STATE-008;STATE-021;STATE-026;STATE-031;STATE-032;STATE-033;STATE-034;STATE-039,Finding,No AC
ERR-002,ERR,MOD-002,errors.csv; State Matrix,True,True,True,True,False,SCR-004;SCR-005;SCR-007;SCR-008;SCR-200;SCR-204;SCR-205;SCR-207;SCR-208;SCR-209;SCR-211;SCR-212;SCR-213,FLOW-002;FLOW-005;FLOW-020,STATE-010;STATE-021;STATE-022;STATE-026;STATE-032;STATE-033;STATE-039,Finding,No AC
ERR-003,ERR,MOD-003,errors.csv; State Matrix,True,True,True,True,False,SCR-010;SCR-011,FLOW-005;FLOW-007;FLOW-008;FLOW-020;FLOW-021,STATE-007;STATE-008;STATE-021;STATE-026;STATE-031;STATE-032;STATE-033;STATE-034;STATE-039,Finding,No AC
ERR-004,ERR,MOD-004,errors.csv; State Matrix,True,True,True,True,False,SCR-012;SCR-013;SCR-014,FLOW-034,STATE-007;STATE-008;STATE-020;STATE-031;STATE-032;STATE-033;STATE-034;STATE-039,Finding,No AC
ERR-005,ERR,MOD-005,errors.csv; State Matrix,True,True,True,True,False,SCR-020;SCR-021;SCR-022;SCR-023;SCR-024;SCR-025;SCR-029;SCR-030;SCR-031;SCR-032;SCR-034,FLOW-004;FLOW-005;FLOW-006;FLOW-007;FLOW-008;FLOW-025;FLOW-033,STATE-007;STATE-008;STATE-020;STATE-031;STATE-032;STATE-033;STATE-034;STATE-039,Finding,No AC
ERR-006,ERR,MOD-006,errors.csv; State Matrix,True,True,True,True,False,SCR-033,FLOW-009,STATE-007;STATE-008;STATE-009;STATE-020;STATE-031;STATE-032;STATE-033;STATE-034;STATE-039,Finding,No AC
ERR-007,ERR,MOD-007,errors.csv; State Matrix,True,True,True,True,False,SCR-026;SCR-027,FLOW-010;FLOW-011;FLOW-012,STATE-007;STATE-008;STATE-009;STATE-021;STATE-026;STATE-031;STATE-032;STATE-033;STATE-034;STATE-039,Finding,No AC
ERR-008,ERR,MOD-008,errors.csv; State Matrix,True,True,True,True,False,SCR-028,FLOW-021,STATE-007;STATE-008;STATE-020;STATE-031;STATE-032;STATE-033;STATE-034;STATE-039,Finding,No AC
ERR-009,ERR,MOD-009,errors.csv; State Matrix,True,True,True,True,False,SCR-040;SCR-041;SCR-042;SCR-043;SCR-044;SCR-045;SCR-046;SCR-047,FLOW-031;FLOW-032,STATE-007;STATE-008;STATE-031;STATE-032;STATE-033;STATE-034;STATE-039,Finding,No AC
ERR-010,ERR,MOD-010,errors.csv; State Matrix,True,True,True,True,False,SCR-060;SCR-061;SCR-062;SCR-063;SCR-064;SCR-065;SCR-066;SCR-067;SCR-068;SCR-069;SCR-070;SCR-071;SCR-072,FLOW-013;FLOW-014;FLOW-035,STATE-007;STATE-008;STATE-009;STATE-020;STATE-031;STATE-032;STATE-033;STATE-034;STATE-039,Finding,No AC
ERR-011,ERR,MOD-011,errors.csv; State Matrix,True,True,True,True,False,SCR-080;SCR-081;SCR-082;SCR-083;SCR-084;SCR-085;SCR-086;SCR-087;SCR-088;SCR-089;SCR-090;SCR-210,FLOW-015;FLOW-016;FLOW-017;FLOW-036,STATE-007;STATE-008;STATE-009;STATE-020;STATE-031;STATE-032;STATE-033;STATE-034;STATE-039,Finding,No AC
ERR-012,ERR,MOD-012,errors.csv; State Matrix,True,True,True,True,False,SCR-110;SCR-111;SCR-112;SCR-113;SCR-114;SCR-115;SCR-118;SCR-119,FLOW-018,STATE-007;STATE-008;STATE-020;STATE-031;STATE-032;STATE-033;STATE-034;STATE-039,Finding,No AC
ERR-013,ERR,MOD-013,errors.csv; State Matrix,True,True,True,True,False,SCR-035;SCR-067;SCR-116;SCR-117;SCR-202;SCR-203,FLOW-037,STATE-007;STATE-008;STATE-009;STATE-020;STATE-031;STATE-032;STATE-033;STATE-034;STATE-039,Finding,No AC
ERR-014,ERR,MOD-014,errors.csv; State Matrix,True,True,True,True,False,SCR-133;SCR-134;SCR-135;SCR-136,FLOW-019,STATE-007;STATE-008;STATE-021;STATE-026;STATE-031;STATE-032;STATE-033;STATE-034;STATE-039,Finding,No AC
ERR-015,ERR,MOD-015,errors.csv; State Matrix,True,True,True,True,False,SCR-130;SCR-131;SCR-132;SCR-212,FLOW-020,STATE-007;STATE-008;STATE-009;STATE-021;STATE-026;STATE-031;STATE-032;STATE-033;STATE-034;STATE-039,Finding,No AC
ERR-016,ERR,MOD-016,errors.csv; State Matrix,True,True,True,True,False,SCR-140,FLOW-026,STATE-007;STATE-008;STATE-021;STATE-026;STATE-031;STATE-032;STATE-033;STATE-034;STATE-039,Finding,No AC
ERR-017,ERR,MOD-017,errors.csv; State Matrix,True,True,True,True,False,SCR-141;SCR-142;SCR-143,FLOW-027;FLOW-028,STATE-007;STATE-008;STATE-021;STATE-026;STATE-031;STATE-032;STATE-033;STATE-034;STATE-039,Finding,No AC
ERR-018,ERR,MOD-018,errors.csv; State Matrix,True,True,True,True,False,SCR-150;SCR-151;SCR-152;SCR-153;SCR-154;SCR-155;SCR-156;SCR-157;SCR-158;SCR-159;SCR-161,FLOW-002;FLOW-003,STATE-007;STATE-020;STATE-021;STATE-031;STATE-032;STATE-033;STATE-039,Finding,No AC
ERR-019,ERR,MOD-019,errors.csv; State Matrix,True,True,True,True,False,SCR-170;SCR-171;SCR-172;SCR-173;SCR-174;SCR-175;SCR-176;SCR-177;SCR-178;SCR-179;SCR-180;SCR-181;SCR-182;SCR-183;SCR-184;SCR-185;SCR-186;SCR-187;SCR-188,FLOW-029;FLOW-030,STATE-007;STATE-008;STATE-020;STATE-031;STATE-032;STATE-033;STATE-034;STATE-039,Finding,No AC
ERR-020,ERR,MOD-020,errors.csv; State Matrix,True,True,True,True,False,SCR-003;SCR-032;SCR-047;SCR-136;SCR-156;SCR-160;SCR-205;SCR-206;SCR-209,FLOW-022;FLOW-023;FLOW-024;FLOW-025;FLOW-030,STATE-007;STATE-008;STATE-014;STATE-017;STATE-018;STATE-020;STATE-031;STATE-032;STATE-034;STATE-039,Finding,No AC
ERR-021,ERR,MOD-021,errors.csv; State Matrix,True,True,True,True,False,SCR-036;SCR-068;SCR-172;SCR-186;SCR-201,FLOW-025;FLOW-029;FLOW-030,STATE-008;STATE-009;STATE-020;STATE-021;STATE-026;STATE-031;STATE-032;STATE-033;STATE-034;STATE-039,Finding,No AC
SYNC-001,SYNC,MOD-001,ADR-005/015; DEC-006/032,True,True,True,True,False,SCR-001;SCR-002;SCR-006;SCR-161,FLOW-001;FLOW-002;FLOW-003,STATE-010;STATE-011;STATE-012;STATE-014;STATE-015;STATE-024;STATE-036,Finding,No AC
SYNC-002,SYNC,MOD-002,ADR-005/015; DEC-006/032,True,True,True,True,False,SCR-004;SCR-005;SCR-007;SCR-008;SCR-200;SCR-204;SCR-205;SCR-207;SCR-208;SCR-209;SCR-211;SCR-212;SCR-213,FLOW-002;FLOW-005;FLOW-020,STATE-010;STATE-011;STATE-012;STATE-014;STATE-015;STATE-024;STATE-036,Finding,No AC
SYNC-003,SYNC,MOD-003,ADR-005/015; DEC-006/032,True,True,True,True,False,SCR-010;SCR-011,FLOW-005;FLOW-007;FLOW-008;FLOW-020;FLOW-021,STATE-010;STATE-011;STATE-012;STATE-014;STATE-015;STATE-024;STATE-036,Finding,No AC
SYNC-004,SYNC,MOD-004,ADR-005/015; DEC-006/032,True,True,True,True,False,SCR-012;SCR-013;SCR-014,FLOW-034,STATE-010;STATE-011;STATE-012;STATE-014;STATE-015;STATE-024;STATE-036,Finding,No AC
SYNC-005,SYNC,MOD-005,ADR-005/015; DEC-006/032,True,True,True,True,False,SCR-020;SCR-021;SCR-022;SCR-023;SCR-024;SCR-025;SCR-029;SCR-030;SCR-031;SCR-032;SCR-034,FLOW-004;FLOW-005;FLOW-006;FLOW-007;FLOW-008;FLOW-025;FLOW-033,STATE-010;STATE-011;STATE-012;STATE-014;STATE-015;STATE-024;STATE-036,Finding,No AC
SYNC-006,SYNC,MOD-006,ADR-005/015; DEC-006/032,True,True,True,True,False,SCR-033,FLOW-009,STATE-010;STATE-011;STATE-012;STATE-014;STATE-015;STATE-024;STATE-036,Finding,No AC
SYNC-007,SYNC,MOD-007,ADR-005/015; DEC-006/032,True,True,True,True,False,SCR-026;SCR-027,FLOW-010;FLOW-011;FLOW-012,STATE-010;STATE-011;STATE-012;STATE-014;STATE-015;STATE-024;STATE-036,Finding,No AC
SYNC-008,SYNC,MOD-008,ADR-005/015; DEC-006/032,True,True,True,True,False,SCR-028,FLOW-021,STATE-010;STATE-011;STATE-012;STATE-014;STATE-015;STATE-024;STATE-036,Finding,No AC
SYNC-009,SYNC,MOD-009,ADR-005/015; DEC-006/032,True,True,True,True,False,SCR-040;SCR-041;SCR-042;SCR-043;SCR-044;SCR-045;SCR-046;SCR-047,FLOW-031;FLOW-032,STATE-010;STATE-011;STATE-012;STATE-014;STATE-015;STATE-024;STATE-036,Finding,No AC
SYNC-010,SYNC,MOD-010,ADR-005/015; DEC-006/032,True,True,True,True,False,SCR-060;SCR-061;SCR-062;SCR-063;SCR-064;SCR-065;SCR-066;SCR-067;SCR-068;SCR-069;SCR-070;SCR-071;SCR-072,FLOW-013;FLOW-014;FLOW-035,STATE-010;STATE-011;STATE-012;STATE-014;STATE-015;STATE-024;STATE-036,Finding,No AC
SYNC-011,SYNC,MOD-011,ADR-005/015; DEC-006/032,True,True,True,True,False,SCR-080;SCR-081;SCR-082;SCR-083;SCR-084;SCR-085;SCR-086;SCR-087;SCR-088;SCR-089;SCR-090;SCR-210,FLOW-015;FLOW-016;FLOW-017;FLOW-036,STATE-010;STATE-011;STATE-012;STATE-014;STATE-015;STATE-024;STATE-036,Finding,No AC
SYNC-012,SYNC,MOD-012,ADR-005/015; DEC-006/032,True,True,True,True,False,SCR-110;SCR-111;SCR-112;SCR-113;SCR-114;SCR-115;SCR-118;SCR-119,FLOW-018,STATE-010;STATE-011;STATE-012;STATE-014;STATE-015;STATE-024;STATE-036,Finding,No AC
SYNC-013,SYNC,MOD-013,ADR-005/015; DEC-006/032,True,True,True,True,False,SCR-035;SCR-067;SCR-116;SCR-117;SCR-202;SCR-203,FLOW-037,STATE-010;STATE-011;STATE-012;STATE-014;STATE-015;STATE-024;STATE-036,Finding,No AC
SYNC-014,SYNC,MOD-014,ADR-005/015; DEC-006/032,True,True,True,True,False,SCR-133;SCR-134;SCR-135;SCR-136,FLOW-019,STATE-010;STATE-011;STATE-012;STATE-014;STATE-015;STATE-024;STATE-036,Finding,No AC
SYNC-015,SYNC,MOD-015,ADR-005/015; DEC-006/032,True,True,True,True,False,SCR-130;SCR-131;SCR-132;SCR-212,FLOW-020,STATE-010;STATE-011;STATE-012;STATE-014;STATE-015;STATE-024;STATE-036,Finding,No AC
SYNC-016,SYNC,MOD-016,ADR-005/015; DEC-006/032,True,True,True,True,False,SCR-140,FLOW-026,STATE-010;STATE-011;STATE-012;STATE-014;STATE-015;STATE-024;STATE-036,Finding,No AC
SYNC-017,SYNC,MOD-017,ADR-005/015; DEC-006/032,True,True,True,True,False,SCR-141;SCR-142;SCR-143,FLOW-027;FLOW-028,STATE-010;STATE-011;STATE-012;STATE-014;STATE-015;STATE-024;STATE-036,Finding,No AC
SYNC-018,SYNC,MOD-018,ADR-005/015; DEC-006/032,True,True,True,True,False,SCR-150;SCR-151;SCR-152;SCR-153;SCR-154;SCR-155;SCR-156;SCR-157;SCR-158;SCR-159;SCR-161,FLOW-002;FLOW-003,STATE-010;STATE-011;STATE-012;STATE-014;STATE-015;STATE-024;STATE-036,Finding,No AC
SYNC-019,SYNC,MOD-019,ADR-005/015; DEC-006/032,True,True,True,True,False,SCR-170;SCR-171;SCR-172;SCR-173;SCR-174;SCR-175;SCR-176;SCR-177;SCR-178;SCR-179;SCR-180;SCR-181;SCR-182;SCR-183;SCR-184;SCR-185;SCR-186;SCR-187;SCR-188,FLOW-029;FLOW-030,STATE-010;STATE-011;STATE-012;STATE-014;STATE-015;STATE-024;STATE-036,Finding,No AC
SYNC-020,SYNC,MOD-020,ADR-005/015; DEC-006/032,True,True,True,True,False,SCR-003;SCR-032;SCR-047;SCR-136;SCR-156;SCR-160;SCR-205;SCR-206;SCR-209,FLOW-022;FLOW-023;FLOW-024;FLOW-025;FLOW-030,STATE-010;STATE-011;STATE-012;STATE-014;STATE-015;STATE-024;STATE-036,Finding,No AC
SYNC-021,SYNC,MOD-021,ADR-005/015; DEC-006/032,True,True,True,True,False,SCR-036;SCR-068;SCR-172;SCR-186;SCR-201,FLOW-025;FLOW-029;FLOW-030,STATE-010;STATE-011;STATE-012;STATE-014;STATE-015;STATE-024;STATE-036,Finding,No AC
AUDIT-001,AUDIT,MOD-001,Architecture audit principles; OpenAPI side effects,True,True,True,True,False,SCR-001;SCR-002;SCR-006;SCR-161,FLOW-001;FLOW-002;FLOW-003,STATE-008;STATE-009;STATE-030,Finding,No AC
AUDIT-002,AUDIT,MOD-002,Architecture audit principles; OpenAPI side effects,True,True,True,True,False,SCR-004;SCR-005;SCR-007;SCR-008;SCR-200;SCR-204;SCR-205;SCR-207;SCR-208;SCR-209;SCR-211;SCR-212;SCR-213,FLOW-002;FLOW-005;FLOW-020,STATE-008;STATE-009;STATE-030,Finding,No AC
AUDIT-003,AUDIT,MOD-003,Architecture audit principles; OpenAPI side effects,True,True,True,True,False,SCR-010;SCR-011,FLOW-005;FLOW-007;FLOW-008;FLOW-020;FLOW-021,STATE-008;STATE-009;STATE-030,Finding,No AC
AUDIT-004,AUDIT,MOD-004,Architecture audit principles; OpenAPI side effects,True,True,True,True,False,SCR-012;SCR-013;SCR-014,FLOW-034,STATE-008;STATE-009;STATE-030,Finding,No AC
AUDIT-005,AUDIT,MOD-005,Architecture audit principles; OpenAPI side effects,True,True,True,True,False,SCR-020;SCR-021;SCR-022;SCR-023;SCR-024;SCR-025;SCR-029;SCR-030;SCR-031;SCR-032;SCR-034,FLOW-004;FLOW-005;FLOW-006;FLOW-007;FLOW-008;FLOW-025;FLOW-033,STATE-008;STATE-009;STATE-030,Finding,No AC
AUDIT-006,AUDIT,MOD-006,Architecture audit principles; OpenAPI side effects,True,True,True,True,False,SCR-033,FLOW-009,STATE-008;STATE-009;STATE-030,Finding,No AC
AUDIT-007,AUDIT,MOD-007,Architecture audit principles; OpenAPI side effects,True,True,True,True,False,SCR-026;SCR-027,FLOW-010;FLOW-011;FLOW-012,STATE-008;STATE-009;STATE-030,Finding,No AC
AUDIT-008,AUDIT,MOD-008,Architecture audit principles; OpenAPI side effects,True,True,True,True,False,SCR-028,FLOW-021,STATE-008;STATE-009;STATE-030,Finding,No AC
AUDIT-009,AUDIT,MOD-009,Architecture audit principles; OpenAPI side effects,True,True,True,True,False,SCR-040;SCR-041;SCR-042;SCR-043;SCR-044;SCR-045;SCR-046;SCR-047,FLOW-031;FLOW-032,STATE-008;STATE-009;STATE-030,Finding,No AC
AUDIT-010,AUDIT,MOD-010,Architecture audit principles; OpenAPI side effects,True,True,True,True,False,SCR-060;SCR-061;SCR-062;SCR-063;SCR-064;SCR-065;SCR-066;SCR-067;SCR-068;SCR-069;SCR-070;SCR-071;SCR-072,FLOW-013;FLOW-014;FLOW-035,STATE-008;STATE-009;STATE-030,Finding,No AC
AUDIT-011,AUDIT,MOD-011,Architecture audit principles; OpenAPI side effects,True,True,True,True,False,SCR-080;SCR-081;SCR-082;SCR-083;SCR-084;SCR-085;SCR-086;SCR-087;SCR-088;SCR-089;SCR-090;SCR-210,FLOW-015;FLOW-016;FLOW-017;FLOW-036,STATE-008;STATE-009;STATE-030,Finding,No AC
AUDIT-012,AUDIT,MOD-012,Architecture audit principles; OpenAPI side effects,True,True,True,True,False,SCR-110;SCR-111;SCR-112;SCR-113;SCR-114;SCR-115;SCR-118;SCR-119,FLOW-018,STATE-008;STATE-009;STATE-030,Finding,No AC
AUDIT-013,AUDIT,MOD-013,Architecture audit principles; OpenAPI side effects,True,True,True,True,False,SCR-035;SCR-067;SCR-116;SCR-117;SCR-202;SCR-203,FLOW-037,STATE-008;STATE-009;STATE-030,Finding,No AC
AUDIT-014,AUDIT,MOD-014,Architecture audit principles; OpenAPI side effects,True,True,True,True,False,SCR-133;SCR-134;SCR-135;SCR-136,FLOW-019,STATE-008;STATE-009;STATE-030,Finding,No AC
AUDIT-015,AUDIT,MOD-015,Architecture audit principles; OpenAPI side effects,True,True,True,True,False,SCR-130;SCR-131;SCR-132;SCR-212,FLOW-020,STATE-008;STATE-009;STATE-030,Finding,No AC
AUDIT-016,AUDIT,MOD-016,Architecture audit principles; OpenAPI side effects,True,True,True,True,False,SCR-140,FLOW-026,STATE-008;STATE-009;STATE-030,Finding,No AC
AUDIT-017,AUDIT,MOD-017,Architecture audit principles; OpenAPI side effects,True,True,True,True,False,SCR-141;SCR-142;SCR-143,FLOW-027;FLOW-028,STATE-008;STATE-009;STATE-030,Finding,No AC
AUDIT-018,AUDIT,MOD-018,Architecture audit principles; OpenAPI side effects,True,True,True,True,False,SCR-150;SCR-151;SCR-152;SCR-153;SCR-154;SCR-155;SCR-156;SCR-157;SCR-158;SCR-159;SCR-161,FLOW-002;FLOW-003,STATE-008;STATE-009;STATE-030,Finding,No AC
AUDIT-019,AUDIT,MOD-019,Architecture audit principles; OpenAPI side effects,True,True,True,True,False,SCR-170;SCR-171;SCR-172;SCR-173;SCR-174;SCR-175;SCR-176;SCR-177;SCR-178;SCR-179;SCR-180;SCR-181;SCR-182;SCR-183;SCR-184;SCR-185;SCR-186;SCR-187;SCR-188,FLOW-029;FLOW-030,STATE-008;STATE-009;STATE-030,Finding,No AC
AUDIT-020,AUDIT,MOD-020,Architecture audit principles; OpenAPI side effects,True,True,True,True,False,SCR-003;SCR-032;SCR-047;SCR-136;SCR-156;SCR-160;SCR-205;SCR-206;SCR-209,FLOW-022;FLOW-023;FLOW-024;FLOW-025;FLOW-030,STATE-008;STATE-009;STATE-030,Finding,No AC
AUDIT-021,AUDIT,MOD-021,Architecture audit principles; OpenAPI side effects,True,True,True,True,False,SCR-036;SCR-068;SCR-172;SCR-186;SCR-201,FLOW-025;FLOW-029;FLOW-030,STATE-008;STATE-009;STATE-030,Finding,No AC
FR-270,FR,MOD-018,Stage 2.3.1 OpenAPI 1.2.0-stage2.3; Stage 3.5 UX baseline; Stage 4.1.2 delta,True,True,True,True,True,SCR-153;CMP-001,FLOW-038,STATE-002;STATE-004;STATE-008;STATE-010;STATE-011;STATE-015,Finding,FLOW-038 downstream alias lacks addressable Stage 3.5 definition
FR-271,FR,MOD-018,Stage 2.3.1 OpenAPI 1.2.0-stage2.3; Stage 3.5 UX baseline; Stage 4.1.2 delta,True,True,True,True,True,SCR-153;CMP-001,FLOW-038,STATE-007;STATE-008;STATE-010;STATE-011;STATE-014;STATE-025,Finding,FLOW-038 downstream alias lacks addressable Stage 3.5 definition
FR-272,FR,MOD-018,Stage 2.3.1 OpenAPI 1.2.0-stage2.3; Stage 3.5 UX baseline; Stage 4.1.2 delta,True,True,True,True,True,SCR-153;CMP-001,FLOW-038,STATE-008;STATE-010;STATE-011;STATE-014;STATE-025,Finding,FLOW-038 downstream alias lacks addressable Stage 3.5 definition
FR-273,FR,MOD-018,Stage 2.3.1 OpenAPI 1.2.0-stage2.3; Stage 3.5 UX baseline; Stage 4.1.2 delta,True,True,True,True,True,SCR-153;CMP-001,FLOW-038,STATE-004;STATE-007;STATE-008;STATE-016,Finding,FLOW-038 downstream alias lacks addressable Stage 3.5 definition
FR-274,FR,MOD-018,Stage 2.3.1 OpenAPI 1.2.0-stage2.3; Stage 3.5 UX baseline; Stage 4.1.2 delta,True,True,True,True,True,SCR-153;CMP-001,FLOW-038;FLOW-022;FLOW-023;FLOW-025,STATE-007;STATE-010;STATE-011;STATE-014;STATE-025,Finding,FLOW-038 downstream alias lacks addressable Stage 3.5 definition
FR-275,FR,MOD-014,Stage 2.3.1 OpenAPI 1.2.0-stage2.3; Stage 3.5 UX baseline; Stage 4.1.2 delta,True,True,True,True,True,SCR-133;SCR-134;SCR-135;CMP-002,FLOW-019,STATE-004;STATE-005;STATE-006;STATE-016,Pass,
FR-276,FR,MOD-014,Stage 2.3.1 OpenAPI 1.2.0-stage2.3; Stage 3.5 UX baseline; Stage 4.1.2 delta,True,True,True,True,True,SCR-133;SCR-134;CMP-002,FLOW-019,STATE-009;STATE-015;STATE-030,Pass,
FR-277,FR,MOD-014,Stage 2.3.1 OpenAPI 1.2.0-stage2.3; Stage 3.5 UX baseline; Stage 4.1.2 delta,True,True,True,True,True,SCR-133;SCR-134;CMP-002,FLOW-019,STATE-008;STATE-016;STATE-030,Pass,
FR-278,FR,MOD-014,Stage 2.3.1 OpenAPI 1.2.0-stage2.3; Stage 3.5 UX baseline; Stage 4.1.2 delta,True,True,True,True,True,SCR-133;SCR-134;SCR-135;CMP-002,FLOW-019,STATE-010;STATE-015;STATE-026;STATE-027,Pass,
FR-279,FR,MOD-015,Stage 2.3.1 OpenAPI 1.2.0-stage2.3; Stage 3.5 UX baseline; Stage 4.1.2 delta,True,True,True,True,True,SCR-130;SCR-153;CMP-001,FLOW-020;FLOW-038,STATE-010;STATE-011;STATE-015,Finding,FLOW-038 downstream alias lacks addressable Stage 3.5 definition
BR-098,BR,MOD-018,Stage 2.3.1 OpenAPI 1.2.0-stage2.3; Stage 3.5 UX baseline; Stage 4.1.2 delta,True,True,True,True,True,SCR-153;CMP-001,FLOW-038,STATE-007;STATE-008;STATE-010;STATE-014;STATE-015;STATE-016;STATE-025;STATE-026;STATE-027;STATE-030,Finding,FLOW-038 downstream alias lacks addressable Stage 3.5 definition
BR-099,BR,MOD-018,Stage 2.3.1 OpenAPI 1.2.0-stage2.3; Stage 3.5 UX baseline; Stage 4.1.2 delta,True,True,True,True,True,SCR-153;CMP-001,FLOW-038,STATE-007;STATE-008;STATE-010;STATE-014;STATE-015;STATE-016;STATE-025;STATE-026;STATE-027;STATE-030,Finding,FLOW-038 downstream alias lacks addressable Stage 3.5 definition
BR-100,BR,MOD-018,Stage 2.3.1 OpenAPI 1.2.0-stage2.3; Stage 3.5 UX baseline; Stage 4.1.2 delta,True,True,True,True,True,SCR-153;CMP-001,FLOW-038,STATE-007;STATE-008;STATE-010;STATE-014;STATE-015;STATE-016;STATE-025;STATE-026;STATE-027;STATE-030,Finding,FLOW-038 downstream alias lacks addressable Stage 3.5 definition
BR-101,BR,MOD-018,Stage 2.3.1 OpenAPI 1.2.0-stage2.3; Stage 3.5 UX baseline; Stage 4.1.2 delta,True,True,True,True,True,SCR-153;CMP-001,FLOW-038,STATE-007;STATE-008;STATE-010;STATE-014;STATE-015;STATE-016;STATE-025;STATE-026;STATE-027;STATE-030,Finding,FLOW-038 downstream alias lacks addressable Stage 3.5 definition
BR-102,BR,MOD-018,Stage 2.3.1 OpenAPI 1.2.0-stage2.3; Stage 3.5 UX baseline; Stage 4.1.2 delta,True,True,True,True,True,SCR-153;CMP-001,FLOW-038,STATE-007;STATE-008;STATE-010;STATE-014;STATE-015;STATE-016;STATE-025;STATE-026;STATE-027;STATE-030,Finding,FLOW-038 downstream alias lacks addressable Stage 3.5 definition
BR-103,BR,MOD-015,Stage 2.3.1 OpenAPI 1.2.0-stage2.3; Stage 3.5 UX baseline; Stage 4.1.2 delta,True,True,True,True,True,SCR-153;CMP-001,FLOW-038,STATE-007;STATE-008;STATE-010;STATE-014;STATE-015;STATE-016;STATE-025;STATE-026;STATE-027;STATE-030,Finding,FLOW-038 downstream alias lacks addressable Stage 3.5 definition
BR-104,BR,MOD-018,Stage 2.3.1 OpenAPI 1.2.0-stage2.3; Stage 3.5 UX baseline; Stage 4.1.2 delta,True,True,True,True,True,SCR-153;CMP-001,FLOW-038,STATE-007;STATE-008;STATE-010;STATE-014;STATE-015;STATE-016;STATE-025;STATE-026;STATE-027;STATE-030,Finding,FLOW-038 downstream alias lacks addressable Stage 3.5 definition
BR-105,BR,MOD-014,Stage 2.3.1 OpenAPI 1.2.0-stage2.3; Stage 3.5 UX baseline; Stage 4.1.2 delta,True,True,True,True,True,SCR-133;SCR-134;SCR-135;CMP-002,FLOW-019,STATE-007;STATE-008;STATE-010;STATE-014;STATE-015;STATE-016;STATE-025;STATE-026;STATE-027;STATE-030,Pass,
BR-106,BR,MOD-014,Stage 2.3.1 OpenAPI 1.2.0-stage2.3; Stage 3.5 UX baseline; Stage 4.1.2 delta,True,True,True,True,True,SCR-133;SCR-134;SCR-135;CMP-002,FLOW-019,STATE-007;STATE-008;STATE-010;STATE-014;STATE-015;STATE-016;STATE-025;STATE-026;STATE-027;STATE-030,Pass,
BR-107,BR,MOD-014,Stage 2.3.1 OpenAPI 1.2.0-stage2.3; Stage 3.5 UX baseline; Stage 4.1.2 delta,True,True,True,True,True,SCR-133;SCR-134;SCR-135;CMP-002,FLOW-019,STATE-007;STATE-008;STATE-010;STATE-014;STATE-015;STATE-016;STATE-025;STATE-026;STATE-027;STATE-030,Pass,
BR-108,BR,MOD-014,Stage 2.3.1 OpenAPI 1.2.0-stage2.3; Stage 3.5 UX baseline; Stage 4.1.2 delta,True,True,True,True,True,SCR-133;SCR-134;SCR-135;CMP-002,FLOW-019,STATE-007;STATE-008;STATE-010;STATE-014;STATE-015;STATE-016;STATE-025;STATE-026;STATE-027;STATE-030,Pass,
BR-109,BR,MOD-014,Stage 2.3.1 OpenAPI 1.2.0-stage2.3; Stage 3.5 UX baseline; Stage 4.1.2 delta,True,True,True,True,True,SCR-133;SCR-134;SCR-135;CMP-002,FLOW-019,STATE-007;STATE-008;STATE-010;STATE-014;STATE-015;STATE-016;STATE-025;STATE-026;STATE-027;STATE-030,Pass,
BR-110,BR,MOD-014,Stage 2.3.1 OpenAPI 1.2.0-stage2.3; Stage 3.5 UX baseline; Stage 4.1.2 delta,True,True,True,True,True,SCR-133;SCR-134;SCR-135;CMP-002,FLOW-019,STATE-007;STATE-008;STATE-010;STATE-014;STATE-015;STATE-016;STATE-025;STATE-026;STATE-027;STATE-030,Pass,
BR-111,BR,MOD-014,Stage 2.3.1 OpenAPI 1.2.0-stage2.3; Stage 3.5 UX baseline; Stage 4.1.2 delta,True,True,True,True,True,SCR-133;SCR-134;SCR-135;CMP-002,FLOW-019,STATE-007;STATE-008;STATE-010;STATE-014;STATE-015;STATE-016;STATE-025;STATE-026;STATE-027;STATE-030,Pass,
BR-112,BR,MOD-014,Stage 2.3.1 OpenAPI 1.2.0-stage2.3; Stage 3.5 UX baseline; Stage 4.1.2 delta,True,True,True,True,True,SCR-133;SCR-134;SCR-135;CMP-002,FLOW-019,STATE-007;STATE-008;STATE-010;STATE-014;STATE-015;STATE-016;STATE-025;STATE-026;STATE-027;STATE-030,Pass,
BR-113,BR,ALL,Stage 2.3.1 OpenAPI 1.2.0-stage2.3; Stage 3.5 UX baseline; Stage 4.1.2 delta,True,True,True,True,True,SCR-133;SCR-153,FLOW-019;FLOW-038,STATE-007;STATE-008;STATE-010;STATE-014;STATE-015;STATE-016;STATE-025;STATE-026;STATE-027;STATE-030,Finding,FLOW-038 downstream alias lacks addressable Stage 3.5 definition
