AC ID,Owner,Module,Unique ID,Valid owner,Given,When,Then,Nonempty result,Known references,No duplicate,No cyclic replacement,No deprecated,Known permission/error/UX,Definite wording,Single Then block,Single behavior,Result,Evidence
AC-1912,DATA-002,MOD-002,PASS,PASS,PASS,PASS,PASS,PASS,PASS,PASS,PASS,PASS,PASS,PASS,PASS,PASS,PASS,refs=FR-012; automated deterministic structural gate
AC-1913,DATA-002,MOD-002,PASS,PASS,PASS,PASS,PASS,PASS,PASS,PASS,PASS,PASS,PASS,PASS,PASS,PASS,PASS,refs=FR-013; automated deterministic structural gate
AC-1914,DATA-002,MOD-002,PASS,PASS,PASS,PASS,PASS,PASS,PASS,PASS,PASS,PASS,PASS,PASS,PASS,PASS,PASS,refs=FR-014; automated deterministic structural gate
AC-1915,DATA-002,MOD-002,PASS,PASS,PASS,PASS,PASS,PASS,PASS,PASS,PASS,PASS,PASS,PASS,PASS,PASS,PASS,refs=FR-015; automated deterministic structural gate
AC-1916,DATA-002,MOD-002,PASS,PASS,PASS,PASS,PASS,PASS,PASS,PASS,PASS,PASS,PASS,PASS,PASS,PASS,PASS,refs=FR-016; automated deterministic structural gate
AC-1917,DATA-002,MOD-002,PASS,PASS,PASS,PASS,PASS,PASS,PASS,PASS,PASS,PASS,PASS,PASS,PASS,PASS,PASS,refs=FR-243; automated deterministic structural gate
AC-1918,DATA-002,MOD-002,PASS,PASS,PASS,PASS,PASS,PASS,PASS,PASS,PASS,PASS,PASS,PASS,PASS,PASS,PASS,refs=FR-244; automated deterministic structural gate
AC-1919,DATA-002,MOD-002,PASS,PASS,PASS,PASS,PASS,PASS,PASS,PASS,PASS,PASS,PASS,PASS,PASS,PASS,PASS,refs=FR-245; automated deterministic structural gate
AC-1920,DATA-003,MOD-003,PASS,PASS,PASS,PASS,PASS,PASS,PASS,PASS,PASS,PASS,PASS,PASS,PASS,PASS,PASS,refs=FR-246; automated deterministic structural gate
AC-1921,DATA-016,MOD-016,PASS,PASS,PASS,PASS,PASS,PASS,PASS,PASS,PASS,PASS,PASS,PASS,PASS,PASS,PASS,refs=FR-167; automated deterministic structural gate
AC-1922,DATA-016,MOD-016,PASS,PASS,PASS,PASS,PASS,PASS,PASS,PASS,PASS,PASS,PASS,PASS,PASS,PASS,PASS,refs=FR-262; automated deterministic structural gate
AC-1923,PERM-001,MOD-001,PASS,PASS,PASS,PASS,PASS,PASS,PASS,PASS,PASS,PASS,PASS,PASS,PASS,PASS,PASS,refs=FR-002; automated deterministic structural gate
AC-1924,PERM-001,MOD-001,PASS,PASS,PASS,PASS,PASS,PASS,PASS,PASS,PASS,PASS,PASS,PASS,PASS,PASS,PASS,refs=FR-003; automated deterministic structural gate
AC-1925,PERM-001,MOD-001,PASS,PASS,PASS,PASS,PASS,PASS,PASS,PASS,PASS,PASS,PASS,PASS,PASS,PASS,PASS,refs=FR-004; automated deterministic structural gate
AC-1926,PERM-001,MOD-001,PASS,PASS,PASS,PASS,PASS,PASS,PASS,PASS,PASS,PASS,PASS,PASS,PASS,PASS,PASS,refs=FR-005; automated deterministic structural gate
AC-1927,PERM-001,MOD-001,PASS,PASS,PASS,PASS,PASS,PASS,PASS,PASS,PASS,PASS,PASS,PASS,PASS,PASS,PASS,refs=FR-006; automated deterministic structural gate
AC-1928,PERM-001,MOD-001,PASS,PASS,PASS,PASS,PASS,PASS,PASS,PASS,PASS,PASS,PASS,PASS,PASS,PASS,PASS,refs=FR-007; automated deterministic structural gate
AC-1929,PERM-001,MOD-001,PASS,PASS,PASS,PASS,PASS,PASS,PASS,PASS,PASS,PASS,PASS,PASS,PASS,PASS,PASS,refs=FR-008; automated deterministic structural gate
AC-1930,PERM-001,MOD-001,PASS,PASS,PASS,PASS,PASS,PASS,PASS,PASS,PASS,PASS,PASS,PASS,PASS,PASS,PASS,refs=FR-009; automated deterministic structural gate
AC-1931,PERM-001,MOD-001,PASS,PASS,PASS,PASS,PASS,PASS,PASS,PASS,PASS,PASS,PASS,PASS,PASS,PASS,PASS,refs=FR-010; automated deterministic structural gate
AC-1932,PERM-001,MOD-001,PASS,PASS,PASS,PASS,PASS,PASS,PASS,PASS,PASS,PASS,PASS,PASS,PASS,PASS,PASS,refs=FR-242; automated deterministic structural gate
AC-1933,PERM-002,MOD-002,PASS,PASS,PASS,PASS,PASS,PASS,PASS,PASS,PASS,PASS,PASS,PASS,PASS,PASS,PASS,refs=FR-012; automated deterministic structural gate
AC-1934,PERM-002,MOD-002,PASS,PASS,PASS,PASS,PASS,PASS,PASS,PASS,PASS,PASS,PASS,PASS,PASS,PASS,PASS,refs=FR-013; automated deterministic structural gate
AC-1935,PERM-002,MOD-002,PASS,PASS,PASS,PASS,PASS,PASS,PASS,PASS,PASS,PASS,PASS,PASS,PASS,PASS,PASS,refs=FR-014; automated deterministic structural gate
AC-1936,PERM-002,MOD-002,PASS,PASS,PASS,PASS,PASS,PASS,PASS,PASS,PASS,PASS,PASS,PASS,PASS,PASS,PASS,refs=FR-015; automated deterministic structural gate
AC-1937,PERM-002,MOD-002,PASS,PASS,PASS,PASS,PASS,PASS,PASS,PASS,PASS,PASS,PASS,PASS,PASS,PASS,PASS,refs=FR-016; automated deterministic structural gate
AC-1938,PERM-002,MOD-002,PASS,PASS,PASS,PASS,PASS,PASS,PASS,PASS,PASS,PASS,PASS,PASS,PASS,PASS,PASS,refs=FR-243; automated deterministic structural gate
AC-1939,PERM-002,MOD-002,PASS,PASS,PASS,PASS,PASS,PASS,PASS,PASS,PASS,PASS,PASS,PASS,PASS,PASS,PASS,refs=FR-244; automated deterministic structural gate
AC-1940,PERM-002,MOD-002,PASS,PASS,PASS,PASS,PASS,PASS,PASS,PASS,PASS,PASS,PASS,PASS,PASS,PASS,PASS,refs=FR-245; automated deterministic structural gate
AC-1941,PERM-003,MOD-003,PASS,PASS,PASS,PASS,PASS,PASS,PASS,PASS,PASS,PASS,PASS,PASS,PASS,PASS,PASS,refs=FR-246; automated deterministic structural gate
AC-1942,PERM-004,MOD-004,PASS,PASS,PASS,PASS,PASS,PASS,PASS,PASS,PASS,PASS,PASS,PASS,PASS,PASS,PASS,refs=FR-019; automated deterministic structural gate
AC-1943,PERM-004,MOD-004,PASS,PASS,PASS,PASS,PASS,PASS,PASS,PASS,PASS,PASS,PASS,PASS,PASS,PASS,PASS,refs=FR-020; automated deterministic structural gate
AC-1944,PERM-004,MOD-004,PASS,PASS,PASS,PASS,PASS,PASS,PASS,PASS,PASS,PASS,PASS,PASS,PASS,PASS,PASS,refs=FR-021; automated deterministic structural gate
AC-1945,PERM-004,MOD-004,PASS,PASS,PASS,PASS,PASS,PASS,PASS,PASS,PASS,PASS,PASS,PASS,PASS,PASS,PASS,refs=FR-022; automated deterministic structural gate
AC-1946,PERM-004,MOD-004,PASS,PASS,PASS,PASS,PASS,PASS,PASS,PASS,PASS,PASS,PASS,PASS,PASS,PASS,PASS,refs=FR-023; automated deterministic structural gate
AC-1947,PERM-004,MOD-004,PASS,PASS,PASS,PASS,PASS,PASS,PASS,PASS,PASS,PASS,PASS,PASS,PASS,PASS,PASS,refs=FR-024; automated deterministic structural gate
AC-1948,PERM-004,MOD-004,PASS,PASS,PASS,PASS,PASS,PASS,PASS,PASS,PASS,PASS,PASS,PASS,PASS,PASS,PASS,refs=FR-025; automated deterministic structural gate
AC-1949,PERM-004,MOD-004,PASS,PASS,PASS,PASS,PASS,PASS,PASS,PASS,PASS,PASS,PASS,PASS,PASS,PASS,PASS,refs=FR-247; automated deterministic structural gate
AC-1950,PERM-005,MOD-005,PASS,PASS,PASS,PASS,PASS,PASS,PASS,PASS,PASS,PASS,PASS,PASS,PASS,PASS,PASS,refs=FR-027; automated deterministic structural gate
AC-1951,PERM-005,MOD-005,PASS,PASS,PASS,PASS,PASS,PASS,PASS,PASS,PASS,PASS,PASS,PASS,PASS,PASS,PASS,refs=FR-028; automated deterministic structural gate
AC-1952,PERM-005,MOD-005,PASS,PASS,PASS,PASS,PASS,PASS,PASS,PASS,PASS,PASS,PASS,PASS,PASS,PASS,PASS,refs=FR-029; automated deterministic structural gate
AC-1953,PERM-005,MOD-005,PASS,PASS,PASS,PASS,PASS,PASS,PASS,PASS,PASS,PASS,PASS,PASS,PASS,PASS,PASS,refs=FR-030; automated deterministic structural gate
AC-1954,PERM-005,MOD-005,PASS,PASS,PASS,PASS,PASS,PASS,PASS,PASS,PASS,PASS,PASS,PASS,PASS,PASS,PASS,refs=FR-031; automated deterministic structural gate
AC-1955,PERM-005,MOD-005,PASS,PASS,PASS,PASS,PASS,PASS,PASS,PASS,PASS,PASS,PASS,PASS,PASS,PASS,PASS,refs=FR-032; automated deterministic structural gate
AC-1956,PERM-005,MOD-005,PASS,PASS,PASS,PASS,PASS,PASS,PASS,PASS,PASS,PASS,PASS,PASS,PASS,PASS,PASS,refs=FR-033; automated deterministic structural gate
AC-1957,PERM-005,MOD-005,PASS,PASS,PASS,PASS,PASS,PASS,PASS,PASS,PASS,PASS,PASS,PASS,PASS,PASS,PASS,refs=FR-034; automated deterministic structural gate
AC-1958,PERM-005,MOD-005,PASS,PASS,PASS,PASS,PASS,PASS,PASS,PASS,PASS,PASS,PASS,PASS,PASS,PASS,PASS,refs=FR-035; automated deterministic structural gate
AC-1959,PERM-005,MOD-005,PASS,PASS,PASS,PASS,PASS,PASS,PASS,PASS,PASS,PASS,PASS,PASS,PASS,PASS,PASS,refs=FR-036; automated deterministic structural gate
AC-1960,PERM-005,MOD-005,PASS,PASS,PASS,PASS,PASS,PASS,PASS,PASS,PASS,PASS,PASS,PASS,PASS,PASS,PASS,refs=FR-037; automated deterministic structural gate
AC-1961,PERM-005,MOD-005,PASS,PASS,PASS,PASS,PASS,PASS,PASS,PASS,PASS,PASS,PASS,PASS,PASS,PASS,PASS,refs=FR-038; automated deterministic structural gate
AC-1962,PERM-005,MOD-005,PASS,PASS,PASS,PASS,PASS,PASS,PASS,PASS,PASS,PASS,PASS,PASS,PASS,PASS,PASS,refs=FR-039; automated deterministic structural gate
AC-1963,PERM-005,MOD-005,PASS,PASS,PASS,PASS,PASS,PASS,PASS,PASS,PASS,PASS,PASS,PASS,PASS,PASS,PASS,refs=FR-040; automated deterministic structural gate
AC-1964,PERM-005,MOD-005,PASS,PASS,PASS,PASS,PASS,PASS,PASS,PASS,PASS,PASS,PASS,PASS,PASS,PASS,PASS,refs=FR-248; automated deterministic structural gate
AC-1965,PERM-005,MOD-005,PASS,PASS,PASS,PASS,PASS,PASS,PASS,PASS,PASS,PASS,PASS,PASS,PASS,PASS,PASS,refs=FR-249; automated deterministic structural gate
AC-1966,PERM-005,MOD-005,PASS,PASS,PASS,PASS,PASS,PASS,PASS,PASS,PASS,PASS,PASS,PASS,PASS,PASS,PASS,refs=FR-250; automated deterministic structural gate
AC-1967,PERM-006,MOD-006,PASS,PASS,PASS,PASS,PASS,PASS,PASS,PASS,PASS,PASS,PASS,PASS,PASS,PASS,PASS,refs=FR-042; automated deterministic structural gate
AC-1968,PERM-006,MOD-006,PASS,PASS,PASS,PASS,PASS,PASS,PASS,PASS,PASS,PASS,PASS,PASS,PASS,PASS,PASS,refs=FR-043; automated deterministic structural gate
AC-1969,PERM-006,MOD-006,PASS,PASS,PASS,PASS,PASS,PASS,PASS,PASS,PASS,PASS,PASS,PASS,PASS,PASS,PASS,refs=FR-044; automated deterministic structural gate
AC-1970,PERM-006,MOD-006,PASS,PASS,PASS,PASS,PASS,PASS,PASS,PASS,PASS,PASS,PASS,PASS,PASS,PASS,PASS,refs=FR-045; automated deterministic structural gate
AC-1971,PERM-006,MOD-006,PASS,PASS,PASS,PASS,PASS,PASS,PASS,PASS,PASS,PASS,PASS,PASS,PASS,PASS,PASS,refs=FR-046; automated deterministic structural gate
AC-1972,PERM-006,MOD-006,PASS,PASS,PASS,PASS,PASS,PASS,PASS,PASS,PASS,PASS,PASS,PASS,PASS,PASS,PASS,refs=FR-047; automated deterministic structural gate
AC-1973,PERM-006,MOD-006,PASS,PASS,PASS,PASS,PASS,PASS,PASS,PASS,PASS,PASS,PASS,PASS,PASS,PASS,PASS,refs=FR-048; automated deterministic structural gate
AC-1974,PERM-006,MOD-006,PASS,PASS,PASS,PASS,PASS,PASS,PASS,PASS,PASS,PASS,PASS,PASS,PASS,PASS,PASS,refs=FR-049; automated deterministic structural gate
AC-1975,PERM-006,MOD-006,PASS,PASS,PASS,PASS,PASS,PASS,PASS,PASS,PASS,PASS,PASS,PASS,PASS,PASS,PASS,refs=FR-050; automated deterministic structural gate
AC-1976,PERM-006,MOD-006,PASS,PASS,PASS,PASS,PASS,PASS,PASS,PASS,PASS,PASS,PASS,PASS,PASS,PASS,PASS,refs=FR-051; automated deterministic structural gate
AC-1977,PERM-006,MOD-006,PASS,PASS,PASS,PASS,PASS,PASS,PASS,PASS,PASS,PASS,PASS,PASS,PASS,PASS,PASS,refs=FR-251; automated deterministic structural gate
AC-1978,PERM-007,MOD-007,PASS,PASS,PASS,PASS,PASS,PASS,PASS,PASS,PASS,PASS,PASS,PASS,PASS,PASS,PASS,refs=FR-053; automated deterministic structural gate
AC-1979,PERM-007,MOD-007,PASS,PASS,PASS,PASS,PASS,PASS,PASS,PASS,PASS,PASS,PASS,PASS,PASS,PASS,PASS,refs=FR-054; automated deterministic structural gate
AC-1980,PERM-007,MOD-007,PASS,PASS,PASS,PASS,PASS,PASS,PASS,PASS,PASS,PASS,PASS,PASS,PASS,PASS,PASS,refs=FR-055; automated deterministic structural gate
AC-1981,PERM-007,MOD-007,PASS,PASS,PASS,PASS,PASS,PASS,PASS,PASS,PASS,PASS,PASS,PASS,PASS,PASS,PASS,refs=FR-056; automated deterministic structural gate
AC-1982,PERM-007,MOD-007,PASS,PASS,PASS,PASS,PASS,PASS,PASS,PASS,PASS,PASS,PASS,PASS,PASS,PASS,PASS,refs=FR-057; automated deterministic structural gate
AC-1983,PERM-007,MOD-007,PASS,PASS,PASS,PASS,PASS,PASS,PASS,PASS,PASS,PASS,PASS,PASS,PASS,PASS,PASS,refs=FR-058; automated deterministic structural gate
AC-1984,PERM-007,MOD-007,PASS,PASS,PASS,PASS,PASS,PASS,PASS,PASS,PASS,PASS,PASS,PASS,PASS,PASS,PASS,refs=FR-059; automated deterministic structural gate
AC-1985,PERM-007,MOD-007,PASS,PASS,PASS,PASS,PASS,PASS,PASS,PASS,PASS,PASS,PASS,PASS,PASS,PASS,PASS,refs=FR-060; automated deterministic structural gate
AC-1986,PERM-007,MOD-007,PASS,PASS,PASS,PASS,PASS,PASS,PASS,PASS,PASS,PASS,PASS,PASS,PASS,PASS,PASS,refs=FR-061; automated deterministic structural gate
AC-1987,PERM-007,MOD-007,PASS,PASS,PASS,PASS,PASS,PASS,PASS,PASS,PASS,PASS,PASS,PASS,PASS,PASS,PASS,refs=FR-252; automated deterministic structural gate
AC-1988,PERM-008,MOD-008,PASS,PASS,PASS,PASS,PASS,PASS,PASS,PASS,PASS,PASS,PASS,PASS,PASS,PASS,PASS,refs=FR-063; automated deterministic structural gate
AC-1989,PERM-008,MOD-008,PASS,PASS,PASS,PASS,PASS,PASS,PASS,PASS,PASS,PASS,PASS,PASS,PASS,PASS,PASS,refs=FR-064; automated deterministic structural gate
AC-1990,PERM-008,MOD-008,PASS,PASS,PASS,PASS,PASS,PASS,PASS,PASS,PASS,PASS,PASS,PASS,PASS,PASS,PASS,refs=FR-065; automated deterministic structural gate
AC-1991,PERM-008,MOD-008,PASS,PASS,PASS,PASS,PASS,PASS,PASS,PASS,PASS,PASS,PASS,PASS,PASS,PASS,PASS,refs=FR-066; automated deterministic structural gate
AC-1992,PERM-008,MOD-008,PASS,PASS,PASS,PASS,PASS,PASS,PASS,PASS,PASS,PASS,PASS,PASS,PASS,PASS,PASS,refs=FR-067; automated deterministic structural gate
AC-1993,PERM-008,MOD-008,PASS,PASS,PASS,PASS,PASS,PASS,PASS,PASS,PASS,PASS,PASS,PASS,PASS,PASS,PASS,refs=FR-068; automated deterministic structural gate
AC-1994,PERM-008,MOD-008,PASS,PASS,PASS,PASS,PASS,PASS,PASS,PASS,PASS,PASS,PASS,PASS,PASS,PASS,PASS,refs=FR-069; automated deterministic structural gate
AC-1995,PERM-008,MOD-008,PASS,PASS,PASS,PASS,PASS,PASS,PASS,PASS,PASS,PASS,PASS,PASS,PASS,PASS,PASS,refs=FR-070; automated deterministic structural gate
AC-1996,PERM-008,MOD-008,PASS,PASS,PASS,PASS,PASS,PASS,PASS,PASS,PASS,PASS,PASS,PASS,PASS,PASS,PASS,refs=FR-253; automated deterministic structural gate
AC-1997,PERM-009,MOD-009,PASS,PASS,PASS,PASS,PASS,PASS,PASS,PASS,PASS,PASS,PASS,PASS,PASS,PASS,PASS,refs=FR-072; automated deterministic structural gate
AC-1998,PERM-009,MOD-009,PASS,PASS,PASS,PASS,PASS,PASS,PASS,PASS,PASS,PASS,PASS,PASS,PASS,PASS,PASS,refs=FR-073; automated deterministic structural gate
AC-1999,PERM-009,MOD-009,PASS,PASS,PASS,PASS,PASS,PASS,PASS,PASS,PASS,PASS,PASS,PASS,PASS,PASS,PASS,refs=FR-074; automated deterministic structural gate
AC-2000,PERM-009,MOD-009,PASS,PASS,PASS,PASS,PASS,PASS,PASS,PASS,PASS,PASS,PASS,PASS,PASS,PASS,PASS,refs=FR-075; automated deterministic structural gate
AC-2001,PERM-009,MOD-009,PASS,PASS,PASS,PASS,PASS,PASS,PASS,PASS,PASS,PASS,PASS,PASS,PASS,PASS,PASS,refs=FR-076; automated deterministic structural gate
AC-2002,PERM-009,MOD-009,PASS,PASS,PASS,PASS,PASS,PASS,PASS,PASS,PASS,PASS,PASS,PASS,PASS,PASS,PASS,refs=FR-077; automated deterministic structural gate
AC-2003,PERM-009,MOD-009,PASS,PASS,PASS,PASS,PASS,PASS,PASS,PASS,PASS,PASS,PASS,PASS,PASS,PASS,PASS,refs=FR-078; automated deterministic structural gate
AC-2004,PERM-009,MOD-009,PASS,PASS,PASS,PASS,PASS,PASS,PASS,PASS,PASS,PASS,PASS,PASS,PASS,PASS,PASS,refs=FR-079; automated deterministic structural gate
AC-2005,PERM-009,MOD-009,PASS,PASS,PASS,PASS,PASS,PASS,PASS,PASS,PASS,PASS,PASS,PASS,PASS,PASS,PASS,refs=FR-080; automated deterministic structural gate
AC-2006,PERM-009,MOD-009,PASS,PASS,PASS,PASS,PASS,PASS,PASS,PASS,PASS,PASS,PASS,PASS,PASS,PASS,PASS,refs=FR-081; automated deterministic structural gate
AC-2007,PERM-009,MOD-009,PASS,PASS,PASS,PASS,PASS,PASS,PASS,PASS,PASS,PASS,PASS,PASS,PASS,PASS,PASS,refs=FR-082; automated deterministic structural gate
AC-2008,PERM-009,MOD-009,PASS,PASS,PASS,PASS,PASS,PASS,PASS,PASS,PASS,PASS,PASS,PASS,PASS,PASS,PASS,refs=FR-254; automated deterministic structural gate
AC-2009,PERM-010,MOD-010,PASS,PASS,PASS,PASS,PASS,PASS,PASS,PASS,PASS,PASS,PASS,PASS,PASS,PASS,PASS,refs=FR-084; automated deterministic structural gate
AC-2010,PERM-010,MOD-010,PASS,PASS,PASS,PASS,PASS,PASS,PASS,PASS,PASS,PASS,PASS,PASS,PASS,PASS,PASS,refs=FR-085; automated deterministic structural gate
AC-2011,PERM-010,MOD-010,PASS,PASS,PASS,PASS,PASS,PASS,PASS,PASS,PASS,PASS,PASS,PASS,PASS,PASS,PASS,refs=FR-086; automated deterministic structural gate
AC-2012,PERM-010,MOD-010,PASS,PASS,PASS,PASS,PASS,PASS,PASS,PASS,PASS,PASS,PASS,PASS,PASS,PASS,PASS,refs=FR-087; automated deterministic structural gate
AC-2013,PERM-010,MOD-010,PASS,PASS,PASS,PASS,PASS,PASS,PASS,PASS,PASS,PASS,PASS,PASS,PASS,PASS,PASS,refs=FR-088; automated deterministic structural gate
AC-2014,PERM-010,MOD-010,PASS,PASS,PASS,PASS,PASS,PASS,PASS,PASS,PASS,PASS,PASS,PASS,PASS,PASS,PASS,refs=FR-089; automated deterministic structural gate
AC-2015,PERM-010,MOD-010,PASS,PASS,PASS,PASS,PASS,PASS,PASS,PASS,PASS,PASS,PASS,PASS,PASS,PASS,PASS,refs=FR-090; automated deterministic structural gate
AC-2016,PERM-010,MOD-010,PASS,PASS,PASS,PASS,PASS,PASS,PASS,PASS,PASS,PASS,PASS,PASS,PASS,PASS,PASS,refs=FR-091; automated deterministic structural gate
AC-2017,PERM-010,MOD-010,PASS,PASS,PASS,PASS,PASS,PASS,PASS,PASS,PASS,PASS,PASS,PASS,PASS,PASS,PASS,refs=FR-092; automated deterministic structural gate
AC-2018,PERM-010,MOD-010,PASS,PASS,PASS,PASS,PASS,PASS,PASS,PASS,PASS,PASS,PASS,PASS,PASS,PASS,PASS,refs=FR-093; automated deterministic structural gate
AC-2019,PERM-010,MOD-010,PASS,PASS,PASS,PASS,PASS,PASS,PASS,PASS,PASS,PASS,PASS,PASS,PASS,PASS,PASS,refs=FR-094; automated deterministic structural gate
AC-2020,PERM-010,MOD-010,PASS,PASS,PASS,PASS,PASS,PASS,PASS,PASS,PASS,PASS,PASS,PASS,PASS,PASS,PASS,refs=FR-095; automated deterministic structural gate
AC-2021,PERM-010,MOD-010,PASS,PASS,PASS,PASS,PASS,PASS,PASS,PASS,PASS,PASS,PASS,PASS,PASS,PASS,PASS,refs=FR-096; automated deterministic structural gate
AC-2022,PERM-010,MOD-010,PASS,PASS,PASS,PASS,PASS,PASS,PASS,PASS,PASS,PASS,PASS,PASS,PASS,PASS,PASS,refs=FR-255; automated deterministic structural gate
AC-2023,PERM-011,MOD-011,PASS,PASS,PASS,PASS,PASS,PASS,PASS,PASS,PASS,PASS,PASS,PASS,PASS,PASS,PASS,refs=FR-098; automated deterministic structural gate
AC-2024,PERM-011,MOD-011,PASS,PASS,PASS,PASS,PASS,PASS,PASS,PASS,PASS,PASS,PASS,PASS,PASS,PASS,PASS,refs=FR-099; automated deterministic structural gate
AC-2025,PERM-011,MOD-011,PASS,PASS,PASS,PASS,PASS,PASS,PASS,PASS,PASS,PASS,PASS,PASS,PASS,PASS,PASS,refs=FR-100; automated deterministic structural gate
AC-2026,PERM-011,MOD-011,PASS,PASS,PASS,PASS,PASS,PASS,PASS,PASS,PASS,PASS,PASS,PASS,PASS,PASS,PASS,refs=FR-101; automated deterministic structural gate
AC-2027,PERM-011,MOD-011,PASS,PASS,PASS,PASS,PASS,PASS,PASS,PASS,PASS,PASS,PASS,PASS,PASS,PASS,PASS,refs=FR-102; automated deterministic structural gate
AC-2028,PERM-011,MOD-011,PASS,PASS,PASS,PASS,PASS,PASS,PASS,PASS,PASS,PASS,PASS,PASS,PASS,PASS,PASS,refs=FR-103; automated deterministic structural gate
AC-2029,PERM-011,MOD-011,PASS,PASS,PASS,PASS,PASS,PASS,PASS,PASS,PASS,PASS,PASS,PASS,PASS,PASS,PASS,refs=FR-104; automated deterministic structural gate
AC-2030,PERM-011,MOD-011,PASS,PASS,PASS,PASS,PASS,PASS,PASS,PASS,PASS,PASS,PASS,PASS,PASS,PASS,PASS,refs=FR-105; automated deterministic structural gate
AC-2031,PERM-011,MOD-011,PASS,PASS,PASS,PASS,PASS,PASS,PASS,PASS,PASS,PASS,PASS,PASS,PASS,PASS,PASS,refs=FR-106; automated deterministic structural gate
AC-2032,PERM-011,MOD-011,PASS,PASS,PASS,PASS,PASS,PASS,PASS,PASS,PASS,PASS,PASS,PASS,PASS,PASS,PASS,refs=FR-107; automated deterministic structural gate
AC-2033,PERM-011,MOD-011,PASS,PASS,PASS,PASS,PASS,PASS,PASS,PASS,PASS,PASS,PASS,PASS,PASS,PASS,PASS,refs=FR-108; automated deterministic structural gate
AC-2034,PERM-011,MOD-011,PASS,PASS,PASS,PASS,PASS,PASS,PASS,PASS,PASS,PASS,PASS,PASS,PASS,PASS,PASS,refs=FR-109; automated deterministic structural gate
AC-2035,PERM-011,MOD-011,PASS,PASS,PASS,PASS,PASS,PASS,PASS,PASS,PASS,PASS,PASS,PASS,PASS,PASS,PASS,refs=FR-110; automated deterministic structural gate
AC-2036,PERM-011,MOD-011,PASS,PASS,PASS,PASS,PASS,PASS,PASS,PASS,PASS,PASS,PASS,PASS,PASS,PASS,PASS,refs=FR-111; automated deterministic structural gate
AC-2037,PERM-011,MOD-011,PASS,PASS,PASS,PASS,PASS,PASS,PASS,PASS,PASS,PASS,PASS,PASS,PASS,PASS,PASS,refs=FR-112; automated deterministic structural gate
AC-2038,PERM-011,MOD-011,PASS,PASS,PASS,PASS,PASS,PASS,PASS,PASS,PASS,PASS,PASS,PASS,PASS,PASS,PASS,refs=FR-256; automated deterministic structural gate
AC-2039,PERM-011,MOD-011,PASS,PASS,PASS,PASS,PASS,PASS,PASS,PASS,PASS,PASS,PASS,PASS,PASS,PASS,PASS,refs=FR-257; automated deterministic structural gate
AC-2040,PERM-012,MOD-012,PASS,PASS,PASS,PASS,PASS,PASS,PASS,PASS,PASS,PASS,PASS,PASS,PASS,PASS,PASS,refs=FR-114; automated deterministic structural gate
AC-2041,PERM-012,MOD-012,PASS,PASS,PASS,PASS,PASS,PASS,PASS,PASS,PASS,PASS,PASS,PASS,PASS,PASS,PASS,refs=FR-115; automated deterministic structural gate
AC-2042,PERM-012,MOD-012,PASS,PASS,PASS,PASS,PASS,PASS,PASS,PASS,PASS,PASS,PASS,PASS,PASS,PASS,PASS,refs=FR-116; automated deterministic structural gate
AC-2043,PERM-012,MOD-012,PASS,PASS,PASS,PASS,PASS,PASS,PASS,PASS,PASS,PASS,PASS,PASS,PASS,PASS,PASS,refs=FR-117; automated deterministic structural gate
AC-2044,PERM-012,MOD-012,PASS,PASS,PASS,PASS,PASS,PASS,PASS,PASS,PASS,PASS,PASS,PASS,PASS,PASS,PASS,refs=FR-118; automated deterministic structural gate
AC-2045,PERM-012,MOD-012,PASS,PASS,PASS,PASS,PASS,PASS,PASS,PASS,PASS,PASS,PASS,PASS,PASS,PASS,PASS,refs=FR-119; automated deterministic structural gate
AC-2046,PERM-012,MOD-012,PASS,PASS,PASS,PASS,PASS,PASS,PASS,PASS,PASS,PASS,PASS,PASS,PASS,PASS,PASS,refs=FR-120; automated deterministic structural gate
AC-2047,PERM-012,MOD-012,PASS,PASS,PASS,PASS,PASS,PASS,PASS,PASS,PASS,PASS,PASS,PASS,PASS,PASS,PASS,refs=FR-121; automated deterministic structural gate
AC-2048,PERM-012,MOD-012,PASS,PASS,PASS,PASS,PASS,PASS,PASS,PASS,PASS,PASS,PASS,PASS,PASS,PASS,PASS,refs=FR-122; automated deterministic structural gate
AC-2049,PERM-012,MOD-012,PASS,PASS,PASS,PASS,PASS,PASS,PASS,PASS,PASS,PASS,PASS,PASS,PASS,PASS,PASS,refs=FR-123; automated deterministic structural gate
AC-2050,PERM-012,MOD-012,PASS,PASS,PASS,PASS,PASS,PASS,PASS,PASS,PASS,PASS,PASS,PASS,PASS,PASS,PASS,refs=FR-124; automated deterministic structural gate
AC-2051,PERM-012,MOD-012,PASS,PASS,PASS,PASS,PASS,PASS,PASS,PASS,PASS,PASS,PASS,PASS,PASS,PASS,PASS,refs=FR-125; automated deterministic structural gate
AC-2052,PERM-012,MOD-012,PASS,PASS,PASS,PASS,PASS,PASS,PASS,PASS,PASS,PASS,PASS,PASS,PASS,PASS,PASS,refs=FR-126; automated deterministic structural gate
AC-2053,PERM-012,MOD-012,PASS,PASS,PASS,PASS,PASS,PASS,PASS,PASS,PASS,PASS,PASS,PASS,PASS,PASS,PASS,refs=FR-127; automated deterministic structural gate
AC-2054,PERM-012,MOD-012,PASS,PASS,PASS,PASS,PASS,PASS,PASS,PASS,PASS,PASS,PASS,PASS,PASS,PASS,PASS,refs=FR-128; automated deterministic structural gate
AC-2055,PERM-012,MOD-012,PASS,PASS,PASS,PASS,PASS,PASS,PASS,PASS,PASS,PASS,PASS,PASS,PASS,PASS,PASS,refs=FR-129; automated deterministic structural gate
AC-2056,PERM-012,MOD-012,PASS,PASS,PASS,PASS,PASS,PASS,PASS,PASS,PASS,PASS,PASS,PASS,PASS,PASS,PASS,refs=FR-130; automated deterministic structural gate
AC-2057,PERM-012,MOD-012,PASS,PASS,PASS,PASS,PASS,PASS,PASS,PASS,PASS,PASS,PASS,PASS,PASS,PASS,PASS,refs=FR-131; automated deterministic structural gate
AC-2058,PERM-012,MOD-012,PASS,PASS,PASS,PASS,PASS,PASS,PASS,PASS,PASS,PASS,PASS,PASS,PASS,PASS,PASS,refs=FR-132; automated deterministic structural gate
AC-2059,PERM-012,MOD-012,PASS,PASS,PASS,PASS,PASS,PASS,PASS,PASS,PASS,PASS,PASS,PASS,PASS,PASS,PASS,refs=FR-133; automated deterministic structural gate
AC-2060,PERM-012,MOD-012,PASS,PASS,PASS,PASS,PASS,PASS,PASS,PASS,PASS,PASS,PASS,PASS,PASS,PASS,PASS,refs=FR-134; automated deterministic structural gate
AC-2061,PERM-012,MOD-012,PASS,PASS,PASS,PASS,PASS,PASS,PASS,PASS,PASS,PASS,PASS,PASS,PASS,PASS,PASS,refs=FR-258; automated deterministic structural gate
AC-2062,PERM-013,MOD-013,PASS,PASS,PASS,PASS,PASS,PASS,PASS,PASS,PASS,PASS,PASS,PASS,PASS,PASS,PASS,refs=FR-136; automated deterministic structural gate
AC-2063,PERM-013,MOD-013,PASS,PASS,PASS,PASS,PASS,PASS,PASS,PASS,PASS,PASS,PASS,PASS,PASS,PASS,PASS,refs=FR-137; automated deterministic structural gate
AC-2064,PERM-013,MOD-013,PASS,PASS,PASS,PASS,PASS,PASS,PASS,PASS,PASS,PASS,PASS,PASS,PASS,PASS,PASS,refs=FR-138; automated deterministic structural gate
AC-2065,PERM-013,MOD-013,PASS,PASS,PASS,PASS,PASS,PASS,PASS,PASS,PASS,PASS,PASS,PASS,PASS,PASS,PASS,refs=FR-139; automated deterministic structural gate
AC-2066,PERM-013,MOD-013,PASS,PASS,PASS,PASS,PASS,PASS,PASS,PASS,PASS,PASS,PASS,PASS,PASS,PASS,PASS,refs=FR-140; automated deterministic structural gate
AC-2067,PERM-013,MOD-013,PASS,PASS,PASS,PASS,PASS,PASS,PASS,PASS,PASS,PASS,PASS,PASS,PASS,PASS,PASS,refs=FR-141; automated deterministic structural gate
AC-2068,PERM-013,MOD-013,PASS,PASS,PASS,PASS,PASS,PASS,PASS,PASS,PASS,PASS,PASS,PASS,PASS,PASS,PASS,refs=FR-142; automated deterministic structural gate
AC-2069,PERM-013,MOD-013,PASS,PASS,PASS,PASS,PASS,PASS,PASS,PASS,PASS,PASS,PASS,PASS,PASS,PASS,PASS,refs=FR-143; automated deterministic structural gate
AC-2070,PERM-013,MOD-013,PASS,PASS,PASS,PASS,PASS,PASS,PASS,PASS,PASS,PASS,PASS,PASS,PASS,PASS,PASS,refs=FR-144; automated deterministic structural gate
AC-2071,PERM-013,MOD-013,PASS,PASS,PASS,PASS,PASS,PASS,PASS,PASS,PASS,PASS,PASS,PASS,PASS,PASS,PASS,refs=FR-145; automated deterministic structural gate
AC-2072,PERM-013,MOD-013,PASS,PASS,PASS,PASS,PASS,PASS,PASS,PASS,PASS,PASS,PASS,PASS,PASS,PASS,PASS,refs=FR-146; automated deterministic structural gate
AC-2073,PERM-013,MOD-013,PASS,PASS,PASS,PASS,PASS,PASS,PASS,PASS,PASS,PASS,PASS,PASS,PASS,PASS,PASS,refs=FR-147; automated deterministic structural gate
AC-2074,PERM-013,MOD-013,PASS,PASS,PASS,PASS,PASS,PASS,PASS,PASS,PASS,PASS,PASS,PASS,PASS,PASS,PASS,refs=FR-148; automated deterministic structural gate
AC-2075,PERM-013,MOD-013,PASS,PASS,PASS,PASS,PASS,PASS,PASS,PASS,PASS,PASS,PASS,PASS,PASS,PASS,PASS,refs=FR-149; automated deterministic structural gate
AC-2076,PERM-013,MOD-013,PASS,PASS,PASS,PASS,PASS,PASS,PASS,PASS,PASS,PASS,PASS,PASS,PASS,PASS,PASS,refs=FR-150; automated deterministic structural gate
AC-2077,PERM-013,MOD-013,PASS,PASS,PASS,PASS,PASS,PASS,PASS,PASS,PASS,PASS,PASS,PASS,PASS,PASS,PASS,refs=FR-151; automated deterministic structural gate
AC-2078,PERM-013,MOD-013,PASS,PASS,PASS,PASS,PASS,PASS,PASS,PASS,PASS,PASS,PASS,PASS,PASS,PASS,PASS,refs=FR-152; automated deterministic structural gate
AC-2079,PERM-013,MOD-013,PASS,PASS,PASS,PASS,PASS,PASS,PASS,PASS,PASS,PASS,PASS,PASS,PASS,PASS,PASS,refs=FR-153; automated deterministic structural gate
AC-2080,PERM-013,MOD-013,PASS,PASS,PASS,PASS,PASS,PASS,PASS,PASS,PASS,PASS,PASS,PASS,PASS,PASS,PASS,refs=FR-154; automated deterministic structural gate
AC-2081,PERM-013,MOD-013,PASS,PASS,PASS,PASS,PASS,PASS,PASS,PASS,PASS,PASS,PASS,PASS,PASS,PASS,PASS,refs=FR-155; automated deterministic structural gate
AC-2082,PERM-013,MOD-013,PASS,PASS,PASS,PASS,PASS,PASS,PASS,PASS,PASS,PASS,PASS,PASS,PASS,PASS,PASS,refs=FR-156; automated deterministic structural gate
AC-2083,PERM-013,MOD-013,PASS,PASS,PASS,PASS,PASS,PASS,PASS,PASS,PASS,PASS,PASS,PASS,PASS,PASS,PASS,refs=FR-157; automated deterministic structural gate
AC-2084,PERM-013,MOD-013,PASS,PASS,PASS,PASS,PASS,PASS,PASS,PASS,PASS,PASS,PASS,PASS,PASS,PASS,PASS,refs=FR-158; automated deterministic structural gate
AC-2085,PERM-013,MOD-013,PASS,PASS,PASS,PASS,PASS,PASS,PASS,PASS,PASS,PASS,PASS,PASS,PASS,PASS,PASS,refs=FR-259; automated deterministic structural gate
AC-2086,PERM-014,MOD-014,PASS,PASS,PASS,PASS,PASS,PASS,PASS,PASS,PASS,PASS,PASS,PASS,PASS,PASS,PASS,refs=FR-160; automated deterministic structural gate
AC-2087,PERM-014,MOD-014,PASS,PASS,PASS,PASS,PASS,PASS,PASS,PASS,PASS,PASS,PASS,PASS,PASS,PASS,PASS,refs=FR-260; automated deterministic structural gate
AC-2088,PERM-014,MOD-014,PASS,PASS,PASS,PASS,PASS,PASS,PASS,PASS,PASS,PASS,PASS,PASS,PASS,PASS,PASS,refs=FR-275; automated deterministic structural gate
AC-2089,PERM-014,MOD-014,PASS,PASS,PASS,PASS,PASS,PASS,PASS,PASS,PASS,PASS,PASS,PASS,PASS,PASS,PASS,refs=FR-276; automated deterministic structural gate
AC-2090,PERM-014,MOD-014,PASS,PASS,PASS,PASS,PASS,PASS,PASS,PASS,PASS,PASS,PASS,PASS,PASS,PASS,PASS,refs=FR-277; automated deterministic structural gate
AC-2091,PERM-014,MOD-014,PASS,PASS,PASS,PASS,PASS,PASS,PASS,PASS,PASS,PASS,PASS,PASS,PASS,PASS,PASS,refs=FR-278; automated deterministic structural gate
AC-2092,PERM-015,MOD-015,PASS,PASS,PASS,PASS,PASS,PASS,PASS,PASS,PASS,PASS,PASS,PASS,PASS,PASS,PASS,refs=FR-162; automated deterministic structural gate
AC-2093,PERM-015,MOD-015,PASS,PASS,PASS,PASS,PASS,PASS,PASS,PASS,PASS,PASS,PASS,PASS,PASS,PASS,PASS,refs=FR-163; automated deterministic structural gate
AC-2094,PERM-015,MOD-015,PASS,PASS,PASS,PASS,PASS,PASS,PASS,PASS,PASS,PASS,PASS,PASS,PASS,PASS,PASS,refs=FR-164; automated deterministic structural gate
AC-2095,PERM-015,MOD-015,PASS,PASS,PASS,PASS,PASS,PASS,PASS,PASS,PASS,PASS,PASS,PASS,PASS,PASS,PASS,refs=FR-165; automated deterministic structural gate
AC-2096,PERM-015,MOD-015,PASS,PASS,PASS,PASS,PASS,PASS,PASS,PASS,PASS,PASS,PASS,PASS,PASS,PASS,PASS,refs=FR-261; automated deterministic structural gate
AC-2097,PERM-015,MOD-015,PASS,PASS,PASS,PASS,PASS,PASS,PASS,PASS,PASS,PASS,PASS,PASS,PASS,PASS,PASS,refs=FR-279; automated deterministic structural gate
AC-2098,PERM-016,MOD-016,PASS,PASS,PASS,PASS,PASS,PASS,PASS,PASS,PASS,PASS,PASS,PASS,PASS,PASS,PASS,refs=FR-167; automated deterministic structural gate
AC-2099,PERM-016,MOD-016,PASS,PASS,PASS,PASS,PASS,PASS,PASS,PASS,PASS,PASS,PASS,PASS,PASS,PASS,PASS,refs=FR-262; automated deterministic structural gate
AC-2100,PERM-017,MOD-017,PASS,PASS,PASS,PASS,PASS,PASS,PASS,PASS,PASS,PASS,PASS,PASS,PASS,PASS,PASS,refs=FR-169; automated deterministic structural gate
AC-2101,PERM-017,MOD-017,PASS,PASS,PASS,PASS,PASS,PASS,PASS,PASS,PASS,PASS,PASS,PASS,PASS,PASS,PASS,refs=FR-170; automated deterministic structural gate
AC-2102,PERM-017,MOD-017,PASS,PASS,PASS,PASS,PASS,PASS,PASS,PASS,PASS,PASS,PASS,PASS,PASS,PASS,PASS,refs=FR-263; automated deterministic structural gate
AC-2103,PERM-018,MOD-018,PASS,PASS,PASS,PASS,PASS,PASS,PASS,PASS,PASS,PASS,PASS,PASS,PASS,PASS,PASS,refs=FR-172; automated deterministic structural gate
AC-2104,PERM-018,MOD-018,PASS,PASS,PASS,PASS,PASS,PASS,PASS,PASS,PASS,PASS,PASS,PASS,PASS,PASS,PASS,refs=FR-173; automated deterministic structural gate
AC-2105,PERM-018,MOD-018,PASS,PASS,PASS,PASS,PASS,PASS,PASS,PASS,PASS,PASS,PASS,PASS,PASS,PASS,PASS,refs=FR-174; automated deterministic structural gate
AC-2106,PERM-018,MOD-018,PASS,PASS,PASS,PASS,PASS,PASS,PASS,PASS,PASS,PASS,PASS,PASS,PASS,PASS,PASS,refs=FR-175; automated deterministic structural gate
AC-2107,PERM-018,MOD-018,PASS,PASS,PASS,PASS,PASS,PASS,PASS,PASS,PASS,PASS,PASS,PASS,PASS,PASS,PASS,refs=FR-176; automated deterministic structural gate
AC-2108,PERM-018,MOD-018,PASS,PASS,PASS,PASS,PASS,PASS,PASS,PASS,PASS,PASS,PASS,PASS,PASS,PASS,PASS,refs=FR-264; automated deterministic structural gate
AC-2109,PERM-018,MOD-018,PASS,PASS,PASS,PASS,PASS,PASS,PASS,PASS,PASS,PASS,PASS,PASS,PASS,PASS,PASS,refs=FR-270; automated deterministic structural gate
AC-2110,PERM-018,MOD-018,PASS,PASS,PASS,PASS,PASS,PASS,PASS,PASS,PASS,PASS,PASS,PASS,PASS,PASS,PASS,refs=FR-271; automated deterministic structural gate
AC-2111,PERM-018,MOD-018,PASS,PASS,PASS,PASS,PASS,PASS,PASS,PASS,PASS,PASS,PASS,PASS,PASS,PASS,PASS,refs=FR-272; automated deterministic structural gate
AC-2112,PERM-018,MOD-018,PASS,PASS,PASS,PASS,PASS,PASS,PASS,PASS,PASS,PASS,PASS,PASS,PASS,PASS,PASS,refs=FR-273; automated deterministic structural gate
AC-2113,PERM-018,MOD-018,PASS,PASS,PASS,PASS,PASS,PASS,PASS,PASS,PASS,PASS,PASS,PASS,PASS,PASS,PASS,refs=FR-274; automated deterministic structural gate
AC-2114,PERM-019,MOD-019,PASS,PASS,PASS,PASS,PASS,PASS,PASS,PASS,PASS,PASS,PASS,PASS,PASS,PASS,PASS,refs=FR-178; automated deterministic structural gate
AC-2115,PERM-019,MOD-019,PASS,PASS,PASS,PASS,PASS,PASS,PASS,PASS,PASS,PASS,PASS,PASS,PASS,PASS,PASS,refs=FR-179; automated deterministic structural gate
AC-2116,PERM-019,MOD-019,PASS,PASS,PASS,PASS,PASS,PASS,PASS,PASS,PASS,PASS,PASS,PASS,PASS,PASS,PASS,refs=FR-180; automated deterministic structural gate
AC-2117,PERM-019,MOD-019,PASS,PASS,PASS,PASS,PASS,PASS,PASS,PASS,PASS,PASS,PASS,PASS,PASS,PASS,PASS,refs=FR-181; automated deterministic structural gate
AC-2118,PERM-019,MOD-019,PASS,PASS,PASS,PASS,PASS,PASS,PASS,PASS,PASS,PASS,PASS,PASS,PASS,PASS,PASS,refs=FR-182; automated deterministic structural gate
AC-2119,PERM-019,MOD-019,PASS,PASS,PASS,PASS,PASS,PASS,PASS,PASS,PASS,PASS,PASS,PASS,PASS,PASS,PASS,refs=FR-183; automated deterministic structural gate
AC-2120,PERM-019,MOD-019,PASS,PASS,PASS,PASS,PASS,PASS,PASS,PASS,PASS,PASS,PASS,PASS,PASS,PASS,PASS,refs=FR-184; automated deterministic structural gate
AC-2121,PERM-019,MOD-019,PASS,PASS,PASS,PASS,PASS,PASS,PASS,PASS,PASS,PASS,PASS,PASS,PASS,PASS,PASS,refs=FR-185; automated deterministic structural gate
AC-2122,PERM-019,MOD-019,PASS,PASS,PASS,PASS,PASS,PASS,PASS,PASS,PASS,PASS,PASS,PASS,PASS,PASS,PASS,refs=FR-186; automated deterministic structural gate
AC-2123,PERM-019,MOD-019,PASS,PASS,PASS,PASS,PASS,PASS,PASS,PASS,PASS,PASS,PASS,PASS,PASS,PASS,PASS,refs=FR-187; automated deterministic structural gate
AC-2124,PERM-019,MOD-019,PASS,PASS,PASS,PASS,PASS,PASS,PASS,PASS,PASS,PASS,PASS,PASS,PASS,PASS,PASS,refs=FR-188; automated deterministic structural gate
AC-2125,PERM-019,MOD-019,PASS,PASS,PASS,PASS,PASS,PASS,PASS,PASS,PASS,PASS,PASS,PASS,PASS,PASS,PASS,refs=FR-189; automated deterministic structural gate
AC-2126,PERM-019,MOD-019,PASS,PASS,PASS,PASS,PASS,PASS,PASS,PASS,PASS,PASS,PASS,PASS,PASS,PASS,PASS,refs=FR-190; automated deterministic structural gate
AC-2127,PERM-019,MOD-019,PASS,PASS,PASS,PASS,PASS,PASS,PASS,PASS,PASS,PASS,PASS,PASS,PASS,PASS,PASS,refs=FR-191; automated deterministic structural gate
AC-2128,PERM-019,MOD-019,PASS,PASS,PASS,PASS,PASS,PASS,PASS,PASS,PASS,PASS,PASS,PASS,PASS,PASS,PASS,refs=FR-192; automated deterministic structural gate
AC-2129,PERM-019,MOD-019,PASS,PASS,PASS,PASS,PASS,PASS,PASS,PASS,PASS,PASS,PASS,PASS,PASS,PASS,PASS,refs=FR-193; automated deterministic structural gate
AC-2130,PERM-019,MOD-019,PASS,PASS,PASS,PASS,PASS,PASS,PASS,PASS,PASS,PASS,PASS,PASS,PASS,PASS,PASS,refs=FR-194; automated deterministic structural gate
AC-2131,PERM-019,MOD-019,PASS,PASS,PASS,PASS,PASS,PASS,PASS,PASS,PASS,PASS,PASS,PASS,PASS,PASS,PASS,refs=FR-195; automated deterministic structural gate
AC-2132,PERM-019,MOD-019,PASS,PASS,PASS,PASS,PASS,PASS,PASS,PASS,PASS,PASS,PASS,PASS,PASS,PASS,PASS,refs=FR-196; automated deterministic structural gate
AC-2133,PERM-019,MOD-019,PASS,PASS,PASS,PASS,PASS,PASS,PASS,PASS,PASS,PASS,PASS,PASS,PASS,PASS,PASS,refs=FR-197; automated deterministic structural gate
AC-2134,PERM-019,MOD-019,PASS,PASS,PASS,PASS,PASS,PASS,PASS,PASS,PASS,PASS,PASS,PASS,PASS,PASS,PASS,refs=FR-198; automated deterministic structural gate
AC-2135,PERM-019,MOD-019,PASS,PASS,PASS,PASS,PASS,PASS,PASS,PASS,PASS,PASS,PASS,PASS,PASS,PASS,PASS,refs=FR-199; automated deterministic structural gate
AC-2136,PERM-019,MOD-019,PASS,PASS,PASS,PASS,PASS,PASS,PASS,PASS,PASS,PASS,PASS,PASS,PASS,PASS,PASS,refs=FR-200; automated deterministic structural gate
AC-2137,PERM-019,MOD-019,PASS,PASS,PASS,PASS,PASS,PASS,PASS,PASS,PASS,PASS,PASS,PASS,PASS,PASS,PASS,refs=FR-201; automated deterministic structural gate
AC-2138,PERM-019,MOD-019,PASS,PASS,PASS,PASS,PASS,PASS,PASS,PASS,PASS,PASS,PASS,PASS,PASS,PASS,PASS,refs=FR-202; automated deterministic structural gate
AC-2139,PERM-019,MOD-019,PASS,PASS,PASS,PASS,PASS,PASS,PASS,PASS,PASS,PASS,PASS,PASS,PASS,PASS,PASS,refs=FR-203; automated deterministic structural gate
AC-2140,PERM-019,MOD-019,PASS,PASS,PASS,PASS,PASS,PASS,PASS,PASS,PASS,PASS,PASS,PASS,PASS,PASS,PASS,refs=FR-204; automated deterministic structural gate
AC-2141,PERM-019,MOD-019,PASS,PASS,PASS,PASS,PASS,PASS,PASS,PASS,PASS,PASS,PASS,PASS,PASS,PASS,PASS,refs=FR-205; automated deterministic structural gate
AC-2142,PERM-019,MOD-019,PASS,PASS,PASS,PASS,PASS,PASS,PASS,PASS,PASS,PASS,PASS,PASS,PASS,PASS,PASS,refs=FR-206; automated deterministic structural gate
AC-2143,PERM-019,MOD-019,PASS,PASS,PASS,PASS,PASS,PASS,PASS,PASS,PASS,PASS,PASS,PASS,PASS,PASS,PASS,refs=FR-207; automated deterministic structural gate
AC-2144,PERM-019,MOD-019,PASS,PASS,PASS,PASS,PASS,PASS,PASS,PASS,PASS,PASS,PASS,PASS,PASS,PASS,PASS,refs=FR-208; automated deterministic structural gate
AC-2145,PERM-019,MOD-019,PASS,PASS,PASS,PASS,PASS,PASS,PASS,PASS,PASS,PASS,PASS,PASS,PASS,PASS,PASS,refs=FR-209; automated deterministic structural gate
AC-2146,PERM-019,MOD-019,PASS,PASS,PASS,PASS,PASS,PASS,PASS,PASS,PASS,PASS,PASS,PASS,PASS,PASS,PASS,refs=FR-210; automated deterministic structural gate
AC-2147,PERM-019,MOD-019,PASS,PASS,PASS,PASS,PASS,PASS,PASS,PASS,PASS,PASS,PASS,PASS,PASS,PASS,PASS,refs=FR-211; automated deterministic structural gate
AC-2148,PERM-019,MOD-019,PASS,PASS,PASS,PASS,PASS,PASS,PASS,PASS,PASS,PASS,PASS,PASS,PASS,PASS,PASS,refs=FR-212; automated deterministic structural gate
AC-2149,PERM-019,MOD-019,PASS,PASS,PASS,PASS,PASS,PASS,PASS,PASS,PASS,PASS,PASS,PASS,PASS,PASS,PASS,refs=FR-213; automated deterministic structural gate
AC-2150,PERM-019,MOD-019,PASS,PASS,PASS,PASS,PASS,PASS,PASS,PASS,PASS,PASS,PASS,PASS,PASS,PASS,PASS,refs=FR-214; automated deterministic structural gate
AC-2151,PERM-019,MOD-019,PASS,PASS,PASS,PASS,PASS,PASS,PASS,PASS,PASS,PASS,PASS,PASS,PASS,PASS,PASS,refs=FR-215; automated deterministic structural gate
AC-2152,PERM-019,MOD-019,PASS,PASS,PASS,PASS,PASS,PASS,PASS,PASS,PASS,PASS,PASS,PASS,PASS,PASS,PASS,refs=FR-216; automated deterministic structural gate
AC-2153,PERM-019,MOD-019,PASS,PASS,PASS,PASS,PASS,PASS,PASS,PASS,PASS,PASS,PASS,PASS,PASS,PASS,PASS,refs=FR-217; automated deterministic structural gate
AC-2154,PERM-019,MOD-019,PASS,PASS,PASS,PASS,PASS,PASS,PASS,PASS,PASS,PASS,PASS,PASS,PASS,PASS,PASS,refs=FR-218; automated deterministic structural gate
AC-2155,PERM-019,MOD-019,PASS,PASS,PASS,PASS,PASS,PASS,PASS,PASS,PASS,PASS,PASS,PASS,PASS,PASS,PASS,refs=FR-219; automated deterministic structural gate
AC-2156,PERM-019,MOD-019,PASS,PASS,PASS,PASS,PASS,PASS,PASS,PASS,PASS,PASS,PASS,PASS,PASS,PASS,PASS,refs=FR-220; automated deterministic structural gate
AC-2157,PERM-019,MOD-019,PASS,PASS,PASS,PASS,PASS,PASS,PASS,PASS,PASS,PASS,PASS,PASS,PASS,PASS,PASS,refs=FR-221; automated deterministic structural gate
AC-2158,PERM-019,MOD-019,PASS,PASS,PASS,PASS,PASS,PASS,PASS,PASS,PASS,PASS,PASS,PASS,PASS,PASS,PASS,refs=FR-222; automated deterministic structural gate
AC-2159,PERM-019,MOD-019,PASS,PASS,PASS,PASS,PASS,PASS,PASS,PASS,PASS,PASS,PASS,PASS,PASS,PASS,PASS,refs=FR-223; automated deterministic structural gate
AC-2160,PERM-019,MOD-019,PASS,PASS,PASS,PASS,PASS,PASS,PASS,PASS,PASS,PASS,PASS,PASS,PASS,PASS,PASS,refs=FR-224; automated deterministic structural gate
AC-2161,PERM-019,MOD-019,PASS,PASS,PASS,PASS,PASS,PASS,PASS,PASS,PASS,PASS,PASS,PASS,PASS,PASS,PASS,refs=FR-225; automated deterministic structural gate
AC-2162,PERM-019,MOD-019,PASS,PASS,PASS,PASS,PASS,PASS,PASS,PASS,PASS,PASS,PASS,PASS,PASS,PASS,PASS,refs=FR-226; automated deterministic structural gate
AC-2163,PERM-019,MOD-019,PASS,PASS,PASS,PASS,PASS,PASS,PASS,PASS,PASS,PASS,PASS,PASS,PASS,PASS,PASS,refs=FR-227; automated deterministic structural gate
AC-2164,PERM-019,MOD-019,PASS,PASS,PASS,PASS,PASS,PASS,PASS,PASS,PASS,PASS,PASS,PASS,PASS,PASS,PASS,refs=FR-228; automated deterministic structural gate
AC-2165,PERM-019,MOD-019,PASS,PASS,PASS,PASS,PASS,PASS,PASS,PASS,PASS,PASS,PASS,PASS,PASS,PASS,PASS,refs=FR-229; automated deterministic structural gate
AC-2166,PERM-019,MOD-019,PASS,PASS,PASS,PASS,PASS,PASS,PASS,PASS,PASS,PASS,PASS,PASS,PASS,PASS,PASS,refs=FR-230; automated deterministic structural gate
AC-2167,PERM-019,MOD-019,PASS,PASS,PASS,PASS,PASS,PASS,PASS,PASS,PASS,PASS,PASS,PASS,PASS,PASS,PASS,refs=FR-265; automated deterministic structural gate
AC-2168,PERM-020,MOD-020,PASS,PASS,PASS,PASS,PASS,PASS,PASS,PASS,PASS,PASS,PASS,PASS,PASS,PASS,PASS,refs=FR-232; automated deterministic structural gate
AC-2169,PERM-020,MOD-020,PASS,PASS,PASS,PASS,PASS,PASS,PASS,PASS,PASS,PASS,PASS,PASS,PASS,PASS,PASS,refs=FR-233; automated deterministic structural gate
AC-2170,PERM-020,MOD-020,PASS,PASS,PASS,PASS,PASS,PASS,PASS,PASS,PASS,PASS,PASS,PASS,PASS,PASS,PASS,refs=FR-234; automated deterministic structural gate
AC-2171,PERM-020,MOD-020,PASS,PASS,PASS,PASS,PASS,PASS,PASS,PASS,PASS,PASS,PASS,PASS,PASS,PASS,PASS,refs=FR-266; automated deterministic structural gate
AC-2172,PERM-020,MOD-020,PASS,PASS,PASS,PASS,PASS,PASS,PASS,PASS,PASS,PASS,PASS,PASS,PASS,PASS,PASS,refs=FR-267; automated deterministic structural gate
AC-2173,PERM-020,MOD-020,PASS,PASS,PASS,PASS,PASS,PASS,PASS,PASS,PASS,PASS,PASS,PASS,PASS,PASS,PASS,refs=FR-268; automated deterministic structural gate
AC-2174,PERM-021,MOD-021,PASS,PASS,PASS,PASS,PASS,PASS,PASS,PASS,PASS,PASS,PASS,PASS,PASS,PASS,PASS,refs=FR-236; automated deterministic structural gate
AC-2175,PERM-021,MOD-021,PASS,PASS,PASS,PASS,PASS,PASS,PASS,PASS,PASS,PASS,PASS,PASS,PASS,PASS,PASS,refs=FR-237; automated deterministic structural gate
AC-2176,PERM-021,MOD-021,PASS,PASS,PASS,PASS,PASS,PASS,PASS,PASS,PASS,PASS,PASS,PASS,PASS,PASS,PASS,refs=FR-238; automated deterministic structural gate
AC-2177,PERM-021,MOD-021,PASS,PASS,PASS,PASS,PASS,PASS,PASS,PASS,PASS,PASS,PASS,PASS,PASS,PASS,PASS,refs=FR-239; automated deterministic structural gate
AC-2178,PERM-021,MOD-021,PASS,PASS,PASS,PASS,PASS,PASS,PASS,PASS,PASS,PASS,PASS,PASS,PASS,PASS,PASS,refs=FR-240; automated deterministic structural gate
AC-2179,PERM-021,MOD-021,PASS,PASS,PASS,PASS,PASS,PASS,PASS,PASS,PASS,PASS,PASS,PASS,PASS,PASS,PASS,refs=FR-241; automated deterministic structural gate
AC-2180,PERM-021,MOD-021,PASS,PASS,PASS,PASS,PASS,PASS,PASS,PASS,PASS,PASS,PASS,PASS,PASS,PASS,PASS,refs=FR-269; automated deterministic structural gate
AC-2181,ERR-001,MOD-001,PASS,PASS,PASS,PASS,PASS,PASS,PASS,PASS,PASS,PASS,PASS,PASS,PASS,PASS,PASS,refs=FR-002; automated deterministic structural gate
AC-2182,ERR-001,MOD-001,PASS,PASS,PASS,PASS,PASS,PASS,PASS,PASS,PASS,PASS,PASS,PASS,PASS,PASS,PASS,refs=FR-003; automated deterministic structural gate
AC-2183,ERR-001,MOD-001,PASS,PASS,PASS,PASS,PASS,PASS,PASS,PASS,PASS,PASS,PASS,PASS,PASS,PASS,PASS,refs=FR-004; automated deterministic structural gate
AC-2184,ERR-001,MOD-001,PASS,PASS,PASS,PASS,PASS,PASS,PASS,PASS,PASS,PASS,PASS,PASS,PASS,PASS,PASS,refs=FR-005; automated deterministic structural gate
AC-2185,ERR-001,MOD-001,PASS,PASS,PASS,PASS,PASS,PASS,PASS,PASS,PASS,PASS,PASS,PASS,PASS,PASS,PASS,refs=FR-006; automated deterministic structural gate
AC-2186,ERR-001,MOD-001,PASS,PASS,PASS,PASS,PASS,PASS,PASS,PASS,PASS,PASS,PASS,PASS,PASS,PASS,PASS,refs=FR-007; automated deterministic structural gate
AC-2187,ERR-001,MOD-001,PASS,PASS,PASS,PASS,PASS,PASS,PASS,PASS,PASS,PASS,PASS,PASS,PASS,PASS,PASS,refs=FR-008; automated deterministic structural gate
AC-2188,ERR-001,MOD-001,PASS,PASS,PASS,PASS,PASS,PASS,PASS,PASS,PASS,PASS,PASS,PASS,PASS,PASS,PASS,refs=FR-009; automated deterministic structural gate
AC-2189,ERR-001,MOD-001,PASS,PASS,PASS,PASS,PASS,PASS,PASS,PASS,PASS,PASS,PASS,PASS,PASS,PASS,PASS,refs=FR-010; automated deterministic structural gate
AC-2190,ERR-001,MOD-001,PASS,PASS,PASS,PASS,PASS,PASS,PASS,PASS,PASS,PASS,PASS,PASS,PASS,PASS,PASS,refs=FR-242; automated deterministic structural gate
AC-2191,ERR-002,MOD-002,PASS,PASS,PASS,PASS,PASS,PASS,PASS,PASS,PASS,PASS,PASS,PASS,PASS,PASS,PASS,refs=FR-012; automated deterministic structural gate
AC-2192,ERR-002,MOD-002,PASS,PASS,PASS,PASS,PASS,PASS,PASS,PASS,PASS,PASS,PASS,PASS,PASS,PASS,PASS,refs=FR-013; automated deterministic structural gate
AC-2193,ERR-002,MOD-002,PASS,PASS,PASS,PASS,PASS,PASS,PASS,PASS,PASS,PASS,PASS,PASS,PASS,PASS,PASS,refs=FR-014; automated deterministic structural gate
AC-2194,ERR-002,MOD-002,PASS,PASS,PASS,PASS,PASS,PASS,PASS,PASS,PASS,PASS,PASS,PASS,PASS,PASS,PASS,refs=FR-015; automated deterministic structural gate
AC-2195,ERR-002,MOD-002,PASS,PASS,PASS,PASS,PASS,PASS,PASS,PASS,PASS,PASS,PASS,PASS,PASS,PASS,PASS,refs=FR-016; automated deterministic structural gate
AC-2196,ERR-002,MOD-002,PASS,PASS,PASS,PASS,PASS,PASS,PASS,PASS,PASS,PASS,PASS,PASS,PASS,PASS,PASS,refs=FR-243; automated deterministic structural gate
AC-2197,ERR-002,MOD-002,PASS,PASS,PASS,PASS,PASS,PASS,PASS,PASS,PASS,PASS,PASS,PASS,PASS,PASS,PASS,refs=FR-244; automated deterministic structural gate
AC-2198,ERR-002,MOD-002,PASS,PASS,PASS,PASS,PASS,PASS,PASS,PASS,PASS,PASS,PASS,PASS,PASS,PASS,PASS,refs=FR-245; automated deterministic structural gate
AC-2199,ERR-003,MOD-003,PASS,PASS,PASS,PASS,PASS,PASS,PASS,PASS,PASS,PASS,PASS,PASS,PASS,PASS,PASS,refs=FR-246; automated deterministic structural gate
AC-2200,ERR-004,MOD-004,PASS,PASS,PASS,PASS,PASS,PASS,PASS,PASS,PASS,PASS,PASS,PASS,PASS,PASS,PASS,refs=FR-019; automated deterministic structural gate
AC-2201,ERR-004,MOD-004,PASS,PASS,PASS,PASS,PASS,PASS,PASS,PASS,PASS,PASS,PASS,PASS,PASS,PASS,PASS,refs=FR-020; automated deterministic structural gate
AC-2202,ERR-004,MOD-004,PASS,PASS,PASS,PASS,PASS,PASS,PASS,PASS,PASS,PASS,PASS,PASS,PASS,PASS,PASS,refs=FR-021; automated deterministic structural gate
AC-2203,ERR-004,MOD-004,PASS,PASS,PASS,PASS,PASS,PASS,PASS,PASS,PASS,PASS,PASS,PASS,PASS,PASS,PASS,refs=FR-022; automated deterministic structural gate
AC-2204,ERR-004,MOD-004,PASS,PASS,PASS,PASS,PASS,PASS,PASS,PASS,PASS,PASS,PASS,PASS,PASS,PASS,PASS,refs=FR-023; automated deterministic structural gate
AC-2205,ERR-004,MOD-004,PASS,PASS,PASS,PASS,PASS,PASS,PASS,PASS,PASS,PASS,PASS,PASS,PASS,PASS,PASS,refs=FR-024; automated deterministic structural gate
AC-2206,ERR-004,MOD-004,PASS,PASS,PASS,PASS,PASS,PASS,PASS,PASS,PASS,PASS,PASS,PASS,PASS,PASS,PASS,refs=FR-025; automated deterministic structural gate
AC-2207,ERR-004,MOD-004,PASS,PASS,PASS,PASS,PASS,PASS,PASS,PASS,PASS,PASS,PASS,PASS,PASS,PASS,PASS,refs=FR-247; automated deterministic structural gate
AC-2208,ERR-005,MOD-005,PASS,PASS,PASS,PASS,PASS,PASS,PASS,PASS,PASS,PASS,PASS,PASS,PASS,PASS,PASS,refs=FR-027; automated deterministic structural gate
AC-2209,ERR-005,MOD-005,PASS,PASS,PASS,PASS,PASS,PASS,PASS,PASS,PASS,PASS,PASS,PASS,PASS,PASS,PASS,refs=FR-028; automated deterministic structural gate
AC-2210,ERR-005,MOD-005,PASS,PASS,PASS,PASS,PASS,PASS,PASS,PASS,PASS,PASS,PASS,PASS,PASS,PASS,PASS,refs=FR-029; automated deterministic structural gate
AC-2211,ERR-005,MOD-005,PASS,PASS,PASS,PASS,PASS,PASS,PASS,PASS,PASS,PASS,PASS,PASS,PASS,PASS,PASS,refs=FR-030; automated deterministic structural gate
AC-2212,ERR-005,MOD-005,PASS,PASS,PASS,PASS,PASS,PASS,PASS,PASS,PASS,PASS,PASS,PASS,PASS,PASS,PASS,refs=FR-031; automated deterministic structural gate
AC-2213,ERR-005,MOD-005,PASS,PASS,PASS,PASS,PASS,PASS,PASS,PASS,PASS,PASS,PASS,PASS,PASS,PASS,PASS,refs=FR-032; automated deterministic structural gate
AC-2214,ERR-005,MOD-005,PASS,PASS,PASS,PASS,PASS,PASS,PASS,PASS,PASS,PASS,PASS,PASS,PASS,PASS,PASS,refs=FR-033; automated deterministic structural gate
AC-2215,ERR-005,MOD-005,PASS,PASS,PASS,PASS,PASS,PASS,PASS,PASS,PASS,PASS,PASS,PASS,PASS,PASS,PASS,refs=FR-034; automated deterministic structural gate
AC-2216,ERR-005,MOD-005,PASS,PASS,PASS,PASS,PASS,PASS,PASS,PASS,PASS,PASS,PASS,PASS,PASS,PASS,PASS,refs=FR-035; automated deterministic structural gate
AC-2217,ERR-005,MOD-005,PASS,PASS,PASS,PASS,PASS,PASS,PASS,PASS,PASS,PASS,PASS,PASS,PASS,PASS,PASS,refs=FR-036; automated deterministic structural gate
AC-2218,ERR-005,MOD-005,PASS,PASS,PASS,PASS,PASS,PASS,PASS,PASS,PASS,PASS,PASS,PASS,PASS,PASS,PASS,refs=FR-037; automated deterministic structural gate
AC-2219,ERR-005,MOD-005,PASS,PASS,PASS,PASS,PASS,PASS,PASS,PASS,PASS,PASS,PASS,PASS,PASS,PASS,PASS,refs=FR-038; automated deterministic structural gate
AC-2220,ERR-005,MOD-005,PASS,PASS,PASS,PASS,PASS,PASS,PASS,PASS,PASS,PASS,PASS,PASS,PASS,PASS,PASS,refs=FR-039; automated deterministic structural gate
AC-2221,ERR-005,MOD-005,PASS,PASS,PASS,PASS,PASS,PASS,PASS,PASS,PASS,PASS,PASS,PASS,PASS,PASS,PASS,refs=FR-040; automated deterministic structural gate
AC-2222,ERR-005,MOD-005,PASS,PASS,PASS,PASS,PASS,PASS,PASS,PASS,PASS,PASS,PASS,PASS,PASS,PASS,PASS,refs=FR-248; automated deterministic structural gate
AC-2223,ERR-005,MOD-005,PASS,PASS,PASS,PASS,PASS,PASS,PASS,PASS,PASS,PASS,PASS,PASS,PASS,PASS,PASS,refs=FR-249; automated deterministic structural gate
AC-2224,ERR-005,MOD-005,PASS,PASS,PASS,PASS,PASS,PASS,PASS,PASS,PASS,PASS,PASS,PASS,PASS,PASS,PASS,refs=FR-250; automated deterministic structural gate
AC-2225,ERR-006,MOD-006,PASS,PASS,PASS,PASS,PASS,PASS,PASS,PASS,PASS,PASS,PASS,PASS,PASS,PASS,PASS,refs=FR-042; automated deterministic structural gate
AC-2226,ERR-006,MOD-006,PASS,PASS,PASS,PASS,PASS,PASS,PASS,PASS,PASS,PASS,PASS,PASS,PASS,PASS,PASS,refs=FR-043; automated deterministic structural gate
AC-2227,ERR-006,MOD-006,PASS,PASS,PASS,PASS,PASS,PASS,PASS,PASS,PASS,PASS,PASS,PASS,PASS,PASS,PASS,refs=FR-044; automated deterministic structural gate
AC-2228,ERR-006,MOD-006,PASS,PASS,PASS,PASS,PASS,PASS,PASS,PASS,PASS,PASS,PASS,PASS,PASS,PASS,PASS,refs=FR-045; automated deterministic structural gate
AC-2229,ERR-006,MOD-006,PASS,PASS,PASS,PASS,PASS,PASS,PASS,PASS,PASS,PASS,PASS,PASS,PASS,PASS,PASS,refs=FR-046; automated deterministic structural gate
AC-2230,ERR-006,MOD-006,PASS,PASS,PASS,PASS,PASS,PASS,PASS,PASS,PASS,PASS,PASS,PASS,PASS,PASS,PASS,refs=FR-047; automated deterministic structural gate
AC-2231,ERR-006,MOD-006,PASS,PASS,PASS,PASS,PASS,PASS,PASS,PASS,PASS,PASS,PASS,PASS,PASS,PASS,PASS,refs=FR-048; automated deterministic structural gate
AC-2232,ERR-006,MOD-006,PASS,PASS,PASS,PASS,PASS,PASS,PASS,PASS,PASS,PASS,PASS,PASS,PASS,PASS,PASS,refs=FR-049; automated deterministic structural gate
AC-2233,ERR-006,MOD-006,PASS,PASS,PASS,PASS,PASS,PASS,PASS,PASS,PASS,PASS,PASS,PASS,PASS,PASS,PASS,refs=FR-050; automated deterministic structural gate
AC-2234,ERR-006,MOD-006,PASS,PASS,PASS,PASS,PASS,PASS,PASS,PASS,PASS,PASS,PASS,PASS,PASS,PASS,PASS,refs=FR-051; automated deterministic structural gate
AC-2235,ERR-006,MOD-006,PASS,PASS,PASS,PASS,PASS,PASS,PASS,PASS,PASS,PASS,PASS,PASS,PASS,PASS,PASS,refs=FR-251; automated deterministic structural gate
AC-2236,ERR-007,MOD-007,PASS,PASS,PASS,PASS,PASS,PASS,PASS,PASS,PASS,PASS,PASS,PASS,PASS,PASS,PASS,refs=FR-053; automated deterministic structural gate
AC-2237,ERR-007,MOD-007,PASS,PASS,PASS,PASS,PASS,PASS,PASS,PASS,PASS,PASS,PASS,PASS,PASS,PASS,PASS,refs=FR-054; automated deterministic structural gate
AC-2238,ERR-007,MOD-007,PASS,PASS,PASS,PASS,PASS,PASS,PASS,PASS,PASS,PASS,PASS,PASS,PASS,PASS,PASS,refs=FR-055; automated deterministic structural gate
AC-2239,ERR-007,MOD-007,PASS,PASS,PASS,PASS,PASS,PASS,PASS,PASS,PASS,PASS,PASS,PASS,PASS,PASS,PASS,refs=FR-056; automated deterministic structural gate
AC-2240,ERR-007,MOD-007,PASS,PASS,PASS,PASS,PASS,PASS,PASS,PASS,PASS,PASS,PASS,PASS,PASS,PASS,PASS,refs=FR-057; automated deterministic structural gate
AC-2241,ERR-007,MOD-007,PASS,PASS,PASS,PASS,PASS,PASS,PASS,PASS,PASS,PASS,PASS,PASS,PASS,PASS,PASS,refs=FR-058; automated deterministic structural gate
AC-2242,ERR-007,MOD-007,PASS,PASS,PASS,PASS,PASS,PASS,PASS,PASS,PASS,PASS,PASS,PASS,PASS,PASS,PASS,refs=FR-059; automated deterministic structural gate
AC-2243,ERR-007,MOD-007,PASS,PASS,PASS,PASS,PASS,PASS,PASS,PASS,PASS,PASS,PASS,PASS,PASS,PASS,PASS,refs=FR-060; automated deterministic structural gate
AC-2244,ERR-007,MOD-007,PASS,PASS,PASS,PASS,PASS,PASS,PASS,PASS,PASS,PASS,PASS,PASS,PASS,PASS,PASS,refs=FR-061; automated deterministic structural gate
AC-2245,ERR-007,MOD-007,PASS,PASS,PASS,PASS,PASS,PASS,PASS,PASS,PASS,PASS,PASS,PASS,PASS,PASS,PASS,refs=FR-252; automated deterministic structural gate
AC-2246,ERR-008,MOD-008,PASS,PASS,PASS,PASS,PASS,PASS,PASS,PASS,PASS,PASS,PASS,PASS,PASS,PASS,PASS,refs=FR-063; automated deterministic structural gate
AC-2247,ERR-008,MOD-008,PASS,PASS,PASS,PASS,PASS,PASS,PASS,PASS,PASS,PASS,PASS,PASS,PASS,PASS,PASS,refs=FR-064; automated deterministic structural gate
AC-2248,ERR-008,MOD-008,PASS,PASS,PASS,PASS,PASS,PASS,PASS,PASS,PASS,PASS,PASS,PASS,PASS,PASS,PASS,refs=FR-065; automated deterministic structural gate
AC-2249,ERR-008,MOD-008,PASS,PASS,PASS,PASS,PASS,PASS,PASS,PASS,PASS,PASS,PASS,PASS,PASS,PASS,PASS,refs=FR-066; automated deterministic structural gate
AC-2250,ERR-008,MOD-008,PASS,PASS,PASS,PASS,PASS,PASS,PASS,PASS,PASS,PASS,PASS,PASS,PASS,PASS,PASS,refs=FR-067; automated deterministic structural gate
AC-2251,ERR-008,MOD-008,PASS,PASS,PASS,PASS,PASS,PASS,PASS,PASS,PASS,PASS,PASS,PASS,PASS,PASS,PASS,refs=FR-068; automated deterministic structural gate
AC-2252,ERR-008,MOD-008,PASS,PASS,PASS,PASS,PASS,PASS,PASS,PASS,PASS,PASS,PASS,PASS,PASS,PASS,PASS,refs=FR-069; automated deterministic structural gate
AC-2253,ERR-008,MOD-008,PASS,PASS,PASS,PASS,PASS,PASS,PASS,PASS,PASS,PASS,PASS,PASS,PASS,PASS,PASS,refs=FR-070; automated deterministic structural gate
AC-2254,ERR-008,MOD-008,PASS,PASS,PASS,PASS,PASS,PASS,PASS,PASS,PASS,PASS,PASS,PASS,PASS,PASS,PASS,refs=FR-253; automated deterministic structural gate
AC-2255,ERR-009,MOD-009,PASS,PASS,PASS,PASS,PASS,PASS,PASS,PASS,PASS,PASS,PASS,PASS,PASS,PASS,PASS,refs=FR-072; automated deterministic structural gate
AC-2256,ERR-009,MOD-009,PASS,PASS,PASS,PASS,PASS,PASS,PASS,PASS,PASS,PASS,PASS,PASS,PASS,PASS,PASS,refs=FR-073; automated deterministic structural gate
AC-2257,ERR-009,MOD-009,PASS,PASS,PASS,PASS,PASS,PASS,PASS,PASS,PASS,PASS,PASS,PASS,PASS,PASS,PASS,refs=FR-074; automated deterministic structural gate
AC-2258,ERR-009,MOD-009,PASS,PASS,PASS,PASS,PASS,PASS,PASS,PASS,PASS,PASS,PASS,PASS,PASS,PASS,PASS,refs=FR-075; automated deterministic structural gate
AC-2259,ERR-009,MOD-009,PASS,PASS,PASS,PASS,PASS,PASS,PASS,PASS,PASS,PASS,PASS,PASS,PASS,PASS,PASS,refs=FR-076; automated deterministic structural gate
AC-2260,ERR-009,MOD-009,PASS,PASS,PASS,PASS,PASS,PASS,PASS,PASS,PASS,PASS,PASS,PASS,PASS,PASS,PASS,refs=FR-077; automated deterministic structural gate
AC-2261,ERR-009,MOD-009,PASS,PASS,PASS,PASS,PASS,PASS,PASS,PASS,PASS,PASS,PASS,PASS,PASS,PASS,PASS,refs=FR-078; automated deterministic structural gate
AC-2262,ERR-009,MOD-009,PASS,PASS,PASS,PASS,PASS,PASS,PASS,PASS,PASS,PASS,PASS,PASS,PASS,PASS,PASS,refs=FR-079; automated deterministic structural gate
AC-2263,ERR-009,MOD-009,PASS,PASS,PASS,PASS,PASS,PASS,PASS,PASS,PASS,PASS,PASS,PASS,PASS,PASS,PASS,refs=FR-080; automated deterministic structural gate
AC-2264,ERR-009,MOD-009,PASS,PASS,PASS,PASS,PASS,PASS,PASS,PASS,PASS,PASS,PASS,PASS,PASS,PASS,PASS,refs=FR-081; automated deterministic structural gate
AC-2265,ERR-009,MOD-009,PASS,PASS,PASS,PASS,PASS,PASS,PASS,PASS,PASS,PASS,PASS,PASS,PASS,PASS,PASS,refs=FR-082; automated deterministic structural gate
AC-2266,ERR-009,MOD-009,PASS,PASS,PASS,PASS,PASS,PASS,PASS,PASS,PASS,PASS,PASS,PASS,PASS,PASS,PASS,refs=FR-254; automated deterministic structural gate
AC-2267,ERR-010,MOD-010,PASS,PASS,PASS,PASS,PASS,PASS,PASS,PASS,PASS,PASS,PASS,PASS,PASS,PASS,PASS,refs=FR-084; automated deterministic structural gate
AC-2268,ERR-010,MOD-010,PASS,PASS,PASS,PASS,PASS,PASS,PASS,PASS,PASS,PASS,PASS,PASS,PASS,PASS,PASS,refs=FR-085; automated deterministic structural gate
AC-2269,ERR-010,MOD-010,PASS,PASS,PASS,PASS,PASS,PASS,PASS,PASS,PASS,PASS,PASS,PASS,PASS,PASS,PASS,refs=FR-086; automated deterministic structural gate
AC-2270,ERR-010,MOD-010,PASS,PASS,PASS,PASS,PASS,PASS,PASS,PASS,PASS,PASS,PASS,PASS,PASS,PASS,PASS,refs=FR-087; automated deterministic structural gate
AC-2271,ERR-010,MOD-010,PASS,PASS,PASS,PASS,PASS,PASS,PASS,PASS,PASS,PASS,PASS,PASS,PASS,PASS,PASS,refs=FR-088; automated deterministic structural gate
AC-2272,ERR-010,MOD-010,PASS,PASS,PASS,PASS,PASS,PASS,PASS,PASS,PASS,PASS,PASS,PASS,PASS,PASS,PASS,refs=FR-089; automated deterministic structural gate
AC-2273,ERR-010,MOD-010,PASS,PASS,PASS,PASS,PASS,PASS,PASS,PASS,PASS,PASS,PASS,PASS,PASS,PASS,PASS,refs=FR-090; automated deterministic structural gate
AC-2274,ERR-010,MOD-010,PASS,PASS,PASS,PASS,PASS,PASS,PASS,PASS,PASS,PASS,PASS,PASS,PASS,PASS,PASS,refs=FR-091; automated deterministic structural gate
AC-2275,ERR-010,MOD-010,PASS,PASS,PASS,PASS,PASS,PASS,PASS,PASS,PASS,PASS,PASS,PASS,PASS,PASS,PASS,refs=FR-092; automated deterministic structural gate
AC-2276,ERR-010,MOD-010,PASS,PASS,PASS,PASS,PASS,PASS,PASS,PASS,PASS,PASS,PASS,PASS,PASS,PASS,PASS,refs=FR-093; automated deterministic structural gate
AC-2277,ERR-010,MOD-010,PASS,PASS,PASS,PASS,PASS,PASS,PASS,PASS,PASS,PASS,PASS,PASS,PASS,PASS,PASS,refs=FR-094; automated deterministic structural gate
AC-2278,ERR-010,MOD-010,PASS,PASS,PASS,PASS,PASS,PASS,PASS,PASS,PASS,PASS,PASS,PASS,PASS,PASS,PASS,refs=FR-095; automated deterministic structural gate
AC-2279,ERR-010,MOD-010,PASS,PASS,PASS,PASS,PASS,PASS,PASS,PASS,PASS,PASS,PASS,PASS,PASS,PASS,PASS,refs=FR-096; automated deterministic structural gate
AC-2280,ERR-010,MOD-010,PASS,PASS,PASS,PASS,PASS,PASS,PASS,PASS,PASS,PASS,PASS,PASS,PASS,PASS,PASS,refs=FR-255; automated deterministic structural gate
AC-2281,ERR-011,MOD-011,PASS,PASS,PASS,PASS,PASS,PASS,PASS,PASS,PASS,PASS,PASS,PASS,PASS,PASS,PASS,refs=FR-098; automated deterministic structural gate
AC-2282,ERR-011,MOD-011,PASS,PASS,PASS,PASS,PASS,PASS,PASS,PASS,PASS,PASS,PASS,PASS,PASS,PASS,PASS,refs=FR-099; automated deterministic structural gate
AC-2283,ERR-011,MOD-011,PASS,PASS,PASS,PASS,PASS,PASS,PASS,PASS,PASS,PASS,PASS,PASS,PASS,PASS,PASS,refs=FR-100; automated deterministic structural gate
AC-2284,ERR-011,MOD-011,PASS,PASS,PASS,PASS,PASS,PASS,PASS,PASS,PASS,PASS,PASS,PASS,PASS,PASS,PASS,refs=FR-101; automated deterministic structural gate
AC-2285,ERR-011,MOD-011,PASS,PASS,PASS,PASS,PASS,PASS,PASS,PASS,PASS,PASS,PASS,PASS,PASS,PASS,PASS,refs=FR-102; automated deterministic structural gate
AC-2286,ERR-011,MOD-011,PASS,PASS,PASS,PASS,PASS,PASS,PASS,PASS,PASS,PASS,PASS,PASS,PASS,PASS,PASS,refs=FR-103; automated deterministic structural gate
AC-2287,ERR-011,MOD-011,PASS,PASS,PASS,PASS,PASS,PASS,PASS,PASS,PASS,PASS,PASS,PASS,PASS,PASS,PASS,refs=FR-104; automated deterministic structural gate
AC-2288,ERR-011,MOD-011,PASS,PASS,PASS,PASS,PASS,PASS,PASS,PASS,PASS,PASS,PASS,PASS,PASS,PASS,PASS,refs=FR-105; automated deterministic structural gate
AC-2289,ERR-011,MOD-011,PASS,PASS,PASS,PASS,PASS,PASS,PASS,PASS,PASS,PASS,PASS,PASS,PASS,PASS,PASS,refs=FR-106; automated deterministic structural gate
AC-2290,ERR-011,MOD-011,PASS,PASS,PASS,PASS,PASS,PASS,PASS,PASS,PASS,PASS,PASS,PASS,PASS,PASS,PASS,refs=FR-107; automated deterministic structural gate
AC-2291,ERR-011,MOD-011,PASS,PASS,PASS,PASS,PASS,PASS,PASS,PASS,PASS,PASS,PASS,PASS,PASS,PASS,PASS,refs=FR-108; automated deterministic structural gate
AC-2292,ERR-011,MOD-011,PASS,PASS,PASS,PASS,PASS,PASS,PASS,PASS,PASS,PASS,PASS,PASS,PASS,PASS,PASS,refs=FR-109; automated deterministic structural gate
AC-2293,ERR-011,MOD-011,PASS,PASS,PASS,PASS,PASS,PASS,PASS,PASS,PASS,PASS,PASS,PASS,PASS,PASS,PASS,refs=FR-110; automated deterministic structural gate
AC-2294,ERR-011,MOD-011,PASS,PASS,PASS,PASS,PASS,PASS,PASS,PASS,PASS,PASS,PASS,PASS,PASS,PASS,PASS,refs=FR-111; automated deterministic structural gate
AC-2295,ERR-011,MOD-011,PASS,PASS,PASS,PASS,PASS,PASS,PASS,PASS,PASS,PASS,PASS,PASS,PASS,PASS,PASS,refs=FR-112; automated deterministic structural gate
AC-2296,ERR-011,MOD-011,PASS,PASS,PASS,PASS,PASS,PASS,PASS,PASS,PASS,PASS,PASS,PASS,PASS,PASS,PASS,refs=FR-256; automated deterministic structural gate
AC-2297,ERR-011,MOD-011,PASS,PASS,PASS,PASS,PASS,PASS,PASS,PASS,PASS,PASS,PASS,PASS,PASS,PASS,PASS,refs=FR-257; automated deterministic structural gate
AC-2298,ERR-012,MOD-012,PASS,PASS,PASS,PASS,PASS,PASS,PASS,PASS,PASS,PASS,PASS,PASS,PASS,PASS,PASS,refs=FR-114; automated deterministic structural gate
AC-2299,ERR-012,MOD-012,PASS,PASS,PASS,PASS,PASS,PASS,PASS,PASS,PASS,PASS,PASS,PASS,PASS,PASS,PASS,refs=FR-115; automated deterministic structural gate
AC-2300,ERR-012,MOD-012,PASS,PASS,PASS,PASS,PASS,PASS,PASS,PASS,PASS,PASS,PASS,PASS,PASS,PASS,PASS,refs=FR-116; automated deterministic structural gate
AC-2301,ERR-012,MOD-012,PASS,PASS,PASS,PASS,PASS,PASS,PASS,PASS,PASS,PASS,PASS,PASS,PASS,PASS,PASS,refs=FR-117; automated deterministic structural gate
AC-2302,ERR-012,MOD-012,PASS,PASS,PASS,PASS,PASS,PASS,PASS,PASS,PASS,PASS,PASS,PASS,PASS,PASS,PASS,refs=FR-118; automated deterministic structural gate
AC-2303,ERR-012,MOD-012,PASS,PASS,PASS,PASS,PASS,PASS,PASS,PASS,PASS,PASS,PASS,PASS,PASS,PASS,PASS,refs=FR-119; automated deterministic structural gate
AC-2304,ERR-012,MOD-012,PASS,PASS,PASS,PASS,PASS,PASS,PASS,PASS,PASS,PASS,PASS,PASS,PASS,PASS,PASS,refs=FR-120; automated deterministic structural gate
AC-2305,ERR-012,MOD-012,PASS,PASS,PASS,PASS,PASS,PASS,PASS,PASS,PASS,PASS,PASS,PASS,PASS,PASS,PASS,refs=FR-121; automated deterministic structural gate
AC-2306,ERR-012,MOD-012,PASS,PASS,PASS,PASS,PASS,PASS,PASS,PASS,PASS,PASS,PASS,PASS,PASS,PASS,PASS,refs=FR-122; automated deterministic structural gate
AC-2307,ERR-012,MOD-012,PASS,PASS,PASS,PASS,PASS,PASS,PASS,PASS,PASS,PASS,PASS,PASS,PASS,PASS,PASS,refs=FR-123; automated deterministic structural gate
AC-2308,ERR-012,MOD-012,PASS,PASS,PASS,PASS,PASS,PASS,PASS,PASS,PASS,PASS,PASS,PASS,PASS,PASS,PASS,refs=FR-124; automated deterministic structural gate
AC-2309,ERR-012,MOD-012,PASS,PASS,PASS,PASS,PASS,PASS,PASS,PASS,PASS,PASS,PASS,PASS,PASS,PASS,PASS,refs=FR-125; automated deterministic structural gate
AC-2310,ERR-012,MOD-012,PASS,PASS,PASS,PASS,PASS,PASS,PASS,PASS,PASS,PASS,PASS,PASS,PASS,PASS,PASS,refs=FR-126; automated deterministic structural gate
AC-2311,ERR-012,MOD-012,PASS,PASS,PASS,PASS,PASS,PASS,PASS,PASS,PASS,PASS,PASS,PASS,PASS,PASS,PASS,refs=FR-127; automated deterministic structural gate
AC-2312,ERR-012,MOD-012,PASS,PASS,PASS,PASS,PASS,PASS,PASS,PASS,PASS,PASS,PASS,PASS,PASS,PASS,PASS,refs=FR-128; automated deterministic structural gate
AC-2313,ERR-012,MOD-012,PASS,PASS,PASS,PASS,PASS,PASS,PASS,PASS,PASS,PASS,PASS,PASS,PASS,PASS,PASS,refs=FR-129; automated deterministic structural gate
AC-2314,ERR-012,MOD-012,PASS,PASS,PASS,PASS,PASS,PASS,PASS,PASS,PASS,PASS,PASS,PASS,PASS,PASS,PASS,refs=FR-130; automated deterministic structural gate
AC-2315,ERR-012,MOD-012,PASS,PASS,PASS,PASS,PASS,PASS,PASS,PASS,PASS,PASS,PASS,PASS,PASS,PASS,PASS,refs=FR-131; automated deterministic structural gate
AC-2316,ERR-012,MOD-012,PASS,PASS,PASS,PASS,PASS,PASS,PASS,PASS,PASS,PASS,PASS,PASS,PASS,PASS,PASS,refs=FR-132; automated deterministic structural gate
AC-2317,ERR-012,MOD-012,PASS,PASS,PASS,PASS,PASS,PASS,PASS,PASS,PASS,PASS,PASS,PASS,PASS,PASS,PASS,refs=FR-133; automated deterministic structural gate
AC-2318,ERR-012,MOD-012,PASS,PASS,PASS,PASS,PASS,PASS,PASS,PASS,PASS,PASS,PASS,PASS,PASS,PASS,PASS,refs=FR-134; automated deterministic structural gate
AC-2319,ERR-012,MOD-012,PASS,PASS,PASS,PASS,PASS,PASS,PASS,PASS,PASS,PASS,PASS,PASS,PASS,PASS,PASS,refs=FR-258; automated deterministic structural gate
AC-2320,ERR-013,MOD-013,PASS,PASS,PASS,PASS,PASS,PASS,PASS,PASS,PASS,PASS,PASS,PASS,PASS,PASS,PASS,refs=FR-136; automated deterministic structural gate
AC-2321,ERR-013,MOD-013,PASS,PASS,PASS,PASS,PASS,PASS,PASS,PASS,PASS,PASS,PASS,PASS,PASS,PASS,PASS,refs=FR-137; automated deterministic structural gate
AC-2322,ERR-013,MOD-013,PASS,PASS,PASS,PASS,PASS,PASS,PASS,PASS,PASS,PASS,PASS,PASS,PASS,PASS,PASS,refs=FR-138; automated deterministic structural gate
AC-2323,ERR-013,MOD-013,PASS,PASS,PASS,PASS,PASS,PASS,PASS,PASS,PASS,PASS,PASS,PASS,PASS,PASS,PASS,refs=FR-139; automated deterministic structural gate
AC-2324,ERR-013,MOD-013,PASS,PASS,PASS,PASS,PASS,PASS,PASS,PASS,PASS,PASS,PASS,PASS,PASS,PASS,PASS,refs=FR-140; automated deterministic structural gate
AC-2325,ERR-013,MOD-013,PASS,PASS,PASS,PASS,PASS,PASS,PASS,PASS,PASS,PASS,PASS,PASS,PASS,PASS,PASS,refs=FR-141; automated deterministic structural gate
AC-2326,ERR-013,MOD-013,PASS,PASS,PASS,PASS,PASS,PASS,PASS,PASS,PASS,PASS,PASS,PASS,PASS,PASS,PASS,refs=FR-142; automated deterministic structural gate
AC-2327,ERR-013,MOD-013,PASS,PASS,PASS,PASS,PASS,PASS,PASS,PASS,PASS,PASS,PASS,PASS,PASS,PASS,PASS,refs=FR-143; automated deterministic structural gate
AC-2328,ERR-013,MOD-013,PASS,PASS,PASS,PASS,PASS,PASS,PASS,PASS,PASS,PASS,PASS,PASS,PASS,PASS,PASS,refs=FR-144; automated deterministic structural gate
AC-2329,ERR-013,MOD-013,PASS,PASS,PASS,PASS,PASS,PASS,PASS,PASS,PASS,PASS,PASS,PASS,PASS,PASS,PASS,refs=FR-145; automated deterministic structural gate
AC-2330,ERR-013,MOD-013,PASS,PASS,PASS,PASS,PASS,PASS,PASS,PASS,PASS,PASS,PASS,PASS,PASS,PASS,PASS,refs=FR-146; automated deterministic structural gate
AC-2331,ERR-013,MOD-013,PASS,PASS,PASS,PASS,PASS,PASS,PASS,PASS,PASS,PASS,PASS,PASS,PASS,PASS,PASS,refs=FR-147; automated deterministic structural gate
AC-2332,ERR-013,MOD-013,PASS,PASS,PASS,PASS,PASS,PASS,PASS,PASS,PASS,PASS,PASS,PASS,PASS,PASS,PASS,refs=FR-148; automated deterministic structural gate
AC-2333,ERR-013,MOD-013,PASS,PASS,PASS,PASS,PASS,PASS,PASS,PASS,PASS,PASS,PASS,PASS,PASS,PASS,PASS,refs=FR-149; automated deterministic structural gate
AC-2334,ERR-013,MOD-013,PASS,PASS,PASS,PASS,PASS,PASS,PASS,PASS,PASS,PASS,PASS,PASS,PASS,PASS,PASS,refs=FR-150; automated deterministic structural gate
AC-2335,ERR-013,MOD-013,PASS,PASS,PASS,PASS,PASS,PASS,PASS,PASS,PASS,PASS,PASS,PASS,PASS,PASS,PASS,refs=FR-151; automated deterministic structural gate
AC-2336,ERR-013,MOD-013,PASS,PASS,PASS,PASS,PASS,PASS,PASS,PASS,PASS,PASS,PASS,PASS,PASS,PASS,PASS,refs=FR-152; automated deterministic structural gate
AC-2337,ERR-013,MOD-013,PASS,PASS,PASS,PASS,PASS,PASS,PASS,PASS,PASS,PASS,PASS,PASS,PASS,PASS,PASS,refs=FR-153; automated deterministic structural gate
AC-2338,ERR-013,MOD-013,PASS,PASS,PASS,PASS,PASS,PASS,PASS,PASS,PASS,PASS,PASS,PASS,PASS,PASS,PASS,refs=FR-154; automated deterministic structural gate
AC-2339,ERR-013,MOD-013,PASS,PASS,PASS,PASS,PASS,PASS,PASS,PASS,PASS,PASS,PASS,PASS,PASS,PASS,PASS,refs=FR-155; automated deterministic structural gate
AC-2340,ERR-013,MOD-013,PASS,PASS,PASS,PASS,PASS,PASS,PASS,PASS,PASS,PASS,PASS,PASS,PASS,PASS,PASS,refs=FR-156; automated deterministic structural gate
AC-2341,ERR-013,MOD-013,PASS,PASS,PASS,PASS,PASS,PASS,PASS,PASS,PASS,PASS,PASS,PASS,PASS,PASS,PASS,refs=FR-157; automated deterministic structural gate
AC-2342,ERR-013,MOD-013,PASS,PASS,PASS,PASS,PASS,PASS,PASS,PASS,PASS,PASS,PASS,PASS,PASS,PASS,PASS,refs=FR-158; automated deterministic structural gate
AC-2343,ERR-013,MOD-013,PASS,PASS,PASS,PASS,PASS,PASS,PASS,PASS,PASS,PASS,PASS,PASS,PASS,PASS,PASS,refs=FR-259; automated deterministic structural gate
AC-2344,ERR-014,MOD-014,PASS,PASS,PASS,PASS,PASS,PASS,PASS,PASS,PASS,PASS,PASS,PASS,PASS,PASS,PASS,refs=FR-160; automated deterministic structural gate
AC-2345,ERR-014,MOD-014,PASS,PASS,PASS,PASS,PASS,PASS,PASS,PASS,PASS,PASS,PASS,PASS,PASS,PASS,PASS,refs=FR-260; automated deterministic structural gate
AC-2346,ERR-014,MOD-014,PASS,PASS,PASS,PASS,PASS,PASS,PASS,PASS,PASS,PASS,PASS,PASS,PASS,PASS,PASS,refs=FR-275; automated deterministic structural gate
AC-2347,ERR-014,MOD-014,PASS,PASS,PASS,PASS,PASS,PASS,PASS,PASS,PASS,PASS,PASS,PASS,PASS,PASS,PASS,refs=FR-276; automated deterministic structural gate
AC-2348,ERR-014,MOD-014,PASS,PASS,PASS,PASS,PASS,PASS,PASS,PASS,PASS,PASS,PASS,PASS,PASS,PASS,PASS,refs=FR-277; automated deterministic structural gate
AC-2349,ERR-014,MOD-014,PASS,PASS,PASS,PASS,PASS,PASS,PASS,PASS,PASS,PASS,PASS,PASS,PASS,PASS,PASS,refs=FR-278; automated deterministic structural gate
AC-2350,ERR-015,MOD-015,PASS,PASS,PASS,PASS,PASS,PASS,PASS,PASS,PASS,PASS,PASS,PASS,PASS,PASS,PASS,refs=FR-162; automated deterministic structural gate
AC-2351,ERR-015,MOD-015,PASS,PASS,PASS,PASS,PASS,PASS,PASS,PASS,PASS,PASS,PASS,PASS,PASS,PASS,PASS,refs=FR-163; automated deterministic structural gate
AC-2352,ERR-015,MOD-015,PASS,PASS,PASS,PASS,PASS,PASS,PASS,PASS,PASS,PASS,PASS,PASS,PASS,PASS,PASS,refs=FR-164; automated deterministic structural gate
AC-2353,ERR-015,MOD-015,PASS,PASS,PASS,PASS,PASS,PASS,PASS,PASS,PASS,PASS,PASS,PASS,PASS,PASS,PASS,refs=FR-165; automated deterministic structural gate
AC-2354,ERR-015,MOD-015,PASS,PASS,PASS,PASS,PASS,PASS,PASS,PASS,PASS,PASS,PASS,PASS,PASS,PASS,PASS,refs=FR-261; automated deterministic structural gate
AC-2355,ERR-015,MOD-015,PASS,PASS,PASS,PASS,PASS,PASS,PASS,PASS,PASS,PASS,PASS,PASS,PASS,PASS,PASS,refs=FR-279; automated deterministic structural gate
AC-2356,ERR-016,MOD-016,PASS,PASS,PASS,PASS,PASS,PASS,PASS,PASS,PASS,PASS,PASS,PASS,PASS,PASS,PASS,refs=FR-167; automated deterministic structural gate
AC-2357,ERR-016,MOD-016,PASS,PASS,PASS,PASS,PASS,PASS,PASS,PASS,PASS,PASS,PASS,PASS,PASS,PASS,PASS,refs=FR-262; automated deterministic structural gate
AC-2358,ERR-017,MOD-017,PASS,PASS,PASS,PASS,PASS,PASS,PASS,PASS,PASS,PASS,PASS,PASS,PASS,PASS,PASS,refs=FR-169; automated deterministic structural gate
AC-2359,ERR-017,MOD-017,PASS,PASS,PASS,PASS,PASS,PASS,PASS,PASS,PASS,PASS,PASS,PASS,PASS,PASS,PASS,refs=FR-170; automated deterministic structural gate
AC-2360,ERR-017,MOD-017,PASS,PASS,PASS,PASS,PASS,PASS,PASS,PASS,PASS,PASS,PASS,PASS,PASS,PASS,PASS,refs=FR-263; automated deterministic structural gate
AC-2361,ERR-018,MOD-018,PASS,PASS,PASS,PASS,PASS,PASS,PASS,PASS,PASS,PASS,PASS,PASS,PASS,PASS,PASS,refs=FR-172; automated deterministic structural gate
AC-2362,ERR-018,MOD-018,PASS,PASS,PASS,PASS,PASS,PASS,PASS,PASS,PASS,PASS,PASS,PASS,PASS,PASS,PASS,refs=FR-173; automated deterministic structural gate
AC-2363,ERR-018,MOD-018,PASS,PASS,PASS,PASS,PASS,PASS,PASS,PASS,PASS,PASS,PASS,PASS,PASS,PASS,PASS,refs=FR-174; automated deterministic structural gate
AC-2364,ERR-018,MOD-018,PASS,PASS,PASS,PASS,PASS,PASS,PASS,PASS,PASS,PASS,PASS,PASS,PASS,PASS,PASS,refs=FR-175; automated deterministic structural gate
AC-2365,ERR-018,MOD-018,PASS,PASS,PASS,PASS,PASS,PASS,PASS,PASS,PASS,PASS,PASS,PASS,PASS,PASS,PASS,refs=FR-176; automated deterministic structural gate
AC-2366,ERR-018,MOD-018,PASS,PASS,PASS,PASS,PASS,PASS,PASS,PASS,PASS,PASS,PASS,PASS,PASS,PASS,PASS,refs=FR-264; automated deterministic structural gate
AC-2367,ERR-018,MOD-018,PASS,PASS,PASS,PASS,PASS,PASS,PASS,PASS,PASS,PASS,PASS,PASS,PASS,PASS,PASS,refs=FR-270; automated deterministic structural gate
AC-2368,ERR-018,MOD-018,PASS,PASS,PASS,PASS,PASS,PASS,PASS,PASS,PASS,PASS,PASS,PASS,PASS,PASS,PASS,refs=FR-271; automated deterministic structural gate
AC-2369,ERR-018,MOD-018,PASS,PASS,PASS,PASS,PASS,PASS,PASS,PASS,PASS,PASS,PASS,PASS,PASS,PASS,PASS,refs=FR-272; automated deterministic structural gate
AC-2370,ERR-018,MOD-018,PASS,PASS,PASS,PASS,PASS,PASS,PASS,PASS,PASS,PASS,PASS,PASS,PASS,PASS,PASS,refs=FR-273; automated deterministic structural gate
AC-2371,ERR-018,MOD-018,PASS,PASS,PASS,PASS,PASS,PASS,PASS,PASS,PASS,PASS,PASS,PASS,PASS,PASS,PASS,refs=FR-274; automated deterministic structural gate
AC-2372,ERR-019,MOD-019,PASS,PASS,PASS,PASS,PASS,PASS,PASS,PASS,PASS,PASS,PASS,PASS,PASS,PASS,PASS,refs=FR-178; automated deterministic structural gate
AC-2373,ERR-019,MOD-019,PASS,PASS,PASS,PASS,PASS,PASS,PASS,PASS,PASS,PASS,PASS,PASS,PASS,PASS,PASS,refs=FR-179; automated deterministic structural gate
AC-2374,ERR-019,MOD-019,PASS,PASS,PASS,PASS,PASS,PASS,PASS,PASS,PASS,PASS,PASS,PASS,PASS,PASS,PASS,refs=FR-180; automated deterministic structural gate
AC-2375,ERR-019,MOD-019,PASS,PASS,PASS,PASS,PASS,PASS,PASS,PASS,PASS,PASS,PASS,PASS,PASS,PASS,PASS,refs=FR-181; automated deterministic structural gate
AC-2376,ERR-019,MOD-019,PASS,PASS,PASS,PASS,PASS,PASS,PASS,PASS,PASS,PASS,PASS,PASS,PASS,PASS,PASS,refs=FR-182; automated deterministic structural gate
AC-2377,ERR-019,MOD-019,PASS,PASS,PASS,PASS,PASS,PASS,PASS,PASS,PASS,PASS,PASS,PASS,PASS,PASS,PASS,refs=FR-183; automated deterministic structural gate
AC-2378,ERR-019,MOD-019,PASS,PASS,PASS,PASS,PASS,PASS,PASS,PASS,PASS,PASS,PASS,PASS,PASS,PASS,PASS,refs=FR-184; automated deterministic structural gate
AC-2379,ERR-019,MOD-019,PASS,PASS,PASS,PASS,PASS,PASS,PASS,PASS,PASS,PASS,PASS,PASS,PASS,PASS,PASS,refs=FR-185; automated deterministic structural gate
AC-2380,ERR-019,MOD-019,PASS,PASS,PASS,PASS,PASS,PASS,PASS,PASS,PASS,PASS,PASS,PASS,PASS,PASS,PASS,refs=FR-186; automated deterministic structural gate
AC-2381,ERR-019,MOD-019,PASS,PASS,PASS,PASS,PASS,PASS,PASS,PASS,PASS,PASS,PASS,PASS,PASS,PASS,PASS,refs=FR-187; automated deterministic structural gate
AC-2382,ERR-019,MOD-019,PASS,PASS,PASS,PASS,PASS,PASS,PASS,PASS,PASS,PASS,PASS,PASS,PASS,PASS,PASS,refs=FR-188; automated deterministic structural gate
AC-2383,ERR-019,MOD-019,PASS,PASS,PASS,PASS,PASS,PASS,PASS,PASS,PASS,PASS,PASS,PASS,PASS,PASS,PASS,refs=FR-189; automated deterministic structural gate
AC-2384,ERR-019,MOD-019,PASS,PASS,PASS,PASS,PASS,PASS,PASS,PASS,PASS,PASS,PASS,PASS,PASS,PASS,PASS,refs=FR-190; automated deterministic structural gate
AC-2385,ERR-019,MOD-019,PASS,PASS,PASS,PASS,PASS,PASS,PASS,PASS,PASS,PASS,PASS,PASS,PASS,PASS,PASS,refs=FR-191; automated deterministic structural gate
AC-2386,ERR-019,MOD-019,PASS,PASS,PASS,PASS,PASS,PASS,PASS,PASS,PASS,PASS,PASS,PASS,PASS,PASS,PASS,refs=FR-192; automated deterministic structural gate
AC-2387,ERR-019,MOD-019,PASS,PASS,PASS,PASS,PASS,PASS,PASS,PASS,PASS,PASS,PASS,PASS,PASS,PASS,PASS,refs=FR-193; automated deterministic structural gate
AC-2388,ERR-019,MOD-019,PASS,PASS,PASS,PASS,PASS,PASS,PASS,PASS,PASS,PASS,PASS,PASS,PASS,PASS,PASS,refs=FR-194; automated deterministic structural gate
AC-2389,ERR-019,MOD-019,PASS,PASS,PASS,PASS,PASS,PASS,PASS,PASS,PASS,PASS,PASS,PASS,PASS,PASS,PASS,refs=FR-195; automated deterministic structural gate
AC-2390,ERR-019,MOD-019,PASS,PASS,PASS,PASS,PASS,PASS,PASS,PASS,PASS,PASS,PASS,PASS,PASS,PASS,PASS,refs=FR-196; automated deterministic structural gate
AC-2391,ERR-019,MOD-019,PASS,PASS,PASS,PASS,PASS,PASS,PASS,PASS,PASS,PASS,PASS,PASS,PASS,PASS,PASS,refs=FR-197; automated deterministic structural gate
AC-2392,ERR-019,MOD-019,PASS,PASS,PASS,PASS,PASS,PASS,PASS,PASS,PASS,PASS,PASS,PASS,PASS,PASS,PASS,refs=FR-198; automated deterministic structural gate
AC-2393,ERR-019,MOD-019,PASS,PASS,PASS,PASS,PASS,PASS,PASS,PASS,PASS,PASS,PASS,PASS,PASS,PASS,PASS,refs=FR-199; automated deterministic structural gate
AC-2394,ERR-019,MOD-019,PASS,PASS,PASS,PASS,PASS,PASS,PASS,PASS,PASS,PASS,PASS,PASS,PASS,PASS,PASS,refs=FR-200; automated deterministic structural gate
AC-2395,ERR-019,MOD-019,PASS,PASS,PASS,PASS,PASS,PASS,PASS,PASS,PASS,PASS,PASS,PASS,PASS,PASS,PASS,refs=FR-201; automated deterministic structural gate
AC-2396,ERR-019,MOD-019,PASS,PASS,PASS,PASS,PASS,PASS,PASS,PASS,PASS,PASS,PASS,PASS,PASS,PASS,PASS,refs=FR-202; automated deterministic structural gate
AC-2397,ERR-019,MOD-019,PASS,PASS,PASS,PASS,PASS,PASS,PASS,PASS,PASS,PASS,PASS,PASS,PASS,PASS,PASS,refs=FR-203; automated deterministic structural gate
AC-2398,ERR-019,MOD-019,PASS,PASS,PASS,PASS,PASS,PASS,PASS,PASS,PASS,PASS,PASS,PASS,PASS,PASS,PASS,refs=FR-204; automated deterministic structural gate
AC-2399,ERR-019,MOD-019,PASS,PASS,PASS,PASS,PASS,PASS,PASS,PASS,PASS,PASS,PASS,PASS,PASS,PASS,PASS,refs=FR-205; automated deterministic structural gate
AC-2400,ERR-019,MOD-019,PASS,PASS,PASS,PASS,PASS,PASS,PASS,PASS,PASS,PASS,PASS,PASS,PASS,PASS,PASS,refs=FR-206; automated deterministic structural gate
AC-2401,ERR-019,MOD-019,PASS,PASS,PASS,PASS,PASS,PASS,PASS,PASS,PASS,PASS,PASS,PASS,PASS,PASS,PASS,refs=FR-207; automated deterministic structural gate
AC-2402,ERR-019,MOD-019,PASS,PASS,PASS,PASS,PASS,PASS,PASS,PASS,PASS,PASS,PASS,PASS,PASS,PASS,PASS,refs=FR-208; automated deterministic structural gate
AC-2403,ERR-019,MOD-019,PASS,PASS,PASS,PASS,PASS,PASS,PASS,PASS,PASS,PASS,PASS,PASS,PASS,PASS,PASS,refs=FR-209; automated deterministic structural gate
AC-2404,ERR-019,MOD-019,PASS,PASS,PASS,PASS,PASS,PASS,PASS,PASS,PASS,PASS,PASS,PASS,PASS,PASS,PASS,refs=FR-210; automated deterministic structural gate
AC-2405,ERR-019,MOD-019,PASS,PASS,PASS,PASS,PASS,PASS,PASS,PASS,PASS,PASS,PASS,PASS,PASS,PASS,PASS,refs=FR-211; automated deterministic structural gate
AC-2406,ERR-019,MOD-019,PASS,PASS,PASS,PASS,PASS,PASS,PASS,PASS,PASS,PASS,PASS,PASS,PASS,PASS,PASS,refs=FR-212; automated deterministic structural gate
AC-2407,ERR-019,MOD-019,PASS,PASS,PASS,PASS,PASS,PASS,PASS,PASS,PASS,PASS,PASS,PASS,PASS,PASS,PASS,refs=FR-213; automated deterministic structural gate
AC-2408,ERR-019,MOD-019,PASS,PASS,PASS,PASS,PASS,PASS,PASS,PASS,PASS,PASS,PASS,PASS,PASS,PASS,PASS,refs=FR-214; automated deterministic structural gate
AC-2409,ERR-019,MOD-019,PASS,PASS,PASS,PASS,PASS,PASS,PASS,PASS,PASS,PASS,PASS,PASS,PASS,PASS,PASS,refs=FR-215; automated deterministic structural gate
AC-2410,ERR-019,MOD-019,PASS,PASS,PASS,PASS,PASS,PASS,PASS,PASS,PASS,PASS,PASS,PASS,PASS,PASS,PASS,refs=FR-216; automated deterministic structural gate
AC-2411,ERR-019,MOD-019,PASS,PASS,PASS,PASS,PASS,PASS,PASS,PASS,PASS,PASS,PASS,PASS,PASS,PASS,PASS,refs=FR-217; automated deterministic structural gate
AC-2412,ERR-019,MOD-019,PASS,PASS,PASS,PASS,PASS,PASS,PASS,PASS,PASS,PASS,PASS,PASS,PASS,PASS,PASS,refs=FR-218; automated deterministic structural gate
AC-2413,ERR-019,MOD-019,PASS,PASS,PASS,PASS,PASS,PASS,PASS,PASS,PASS,PASS,PASS,PASS,PASS,PASS,PASS,refs=FR-219; automated deterministic structural gate
AC-2414,ERR-019,MOD-019,PASS,PASS,PASS,PASS,PASS,PASS,PASS,PASS,PASS,PASS,PASS,PASS,PASS,PASS,PASS,refs=FR-220; automated deterministic structural gate
AC-2415,ERR-019,MOD-019,PASS,PASS,PASS,PASS,PASS,PASS,PASS,PASS,PASS,PASS,PASS,PASS,PASS,PASS,PASS,refs=FR-221; automated deterministic structural gate
AC-2416,ERR-019,MOD-019,PASS,PASS,PASS,PASS,PASS,PASS,PASS,PASS,PASS,PASS,PASS,PASS,PASS,PASS,PASS,refs=FR-222; automated deterministic structural gate
AC-2417,ERR-019,MOD-019,PASS,PASS,PASS,PASS,PASS,PASS,PASS,PASS,PASS,PASS,PASS,PASS,PASS,PASS,PASS,refs=FR-223; automated deterministic structural gate
AC-2418,ERR-019,MOD-019,PASS,PASS,PASS,PASS,PASS,PASS,PASS,PASS,PASS,PASS,PASS,PASS,PASS,PASS,PASS,refs=FR-224; automated deterministic structural gate
AC-2419,ERR-019,MOD-019,PASS,PASS,PASS,PASS,PASS,PASS,PASS,PASS,PASS,PASS,PASS,PASS,PASS,PASS,PASS,refs=FR-225; automated deterministic structural gate
AC-2420,ERR-019,MOD-019,PASS,PASS,PASS,PASS,PASS,PASS,PASS,PASS,PASS,PASS,PASS,PASS,PASS,PASS,PASS,refs=FR-226; automated deterministic structural gate
AC-2421,ERR-019,MOD-019,PASS,PASS,PASS,PASS,PASS,PASS,PASS,PASS,PASS,PASS,PASS,PASS,PASS,PASS,PASS,refs=FR-227; automated deterministic structural gate
AC-2422,ERR-019,MOD-019,PASS,PASS,PASS,PASS,PASS,PASS,PASS,PASS,PASS,PASS,PASS,PASS,PASS,PASS,PASS,refs=FR-228; automated deterministic structural gate
AC-2423,ERR-019,MOD-019,PASS,PASS,PASS,PASS,PASS,PASS,PASS,PASS,PASS,PASS,PASS,PASS,PASS,PASS,PASS,refs=FR-229; automated deterministic structural gate
AC-2424,ERR-019,MOD-019,PASS,PASS,PASS,PASS,PASS,PASS,PASS,PASS,PASS,PASS,PASS,PASS,PASS,PASS,PASS,refs=FR-230; automated deterministic structural gate
AC-2425,ERR-019,MOD-019,PASS,PASS,PASS,PASS,PASS,PASS,PASS,PASS,PASS,PASS,PASS,PASS,PASS,PASS,PASS,refs=FR-265; automated deterministic structural gate
AC-2426,ERR-020,MOD-020,PASS,PASS,PASS,PASS,PASS,PASS,PASS,PASS,PASS,PASS,PASS,PASS,PASS,PASS,PASS,refs=FR-232; automated deterministic structural gate
AC-2427,ERR-020,MOD-020,PASS,PASS,PASS,PASS,PASS,PASS,PASS,PASS,PASS,PASS,PASS,PASS,PASS,PASS,PASS,refs=FR-233; automated deterministic structural gate
AC-2428,ERR-020,MOD-020,PASS,PASS,PASS,PASS,PASS,PASS,PASS,PASS,PASS,PASS,PASS,PASS,PASS,PASS,PASS,refs=FR-234; automated deterministic structural gate
AC-2429,ERR-020,MOD-020,PASS,PASS,PASS,PASS,PASS,PASS,PASS,PASS,PASS,PASS,PASS,PASS,PASS,PASS,PASS,refs=FR-266; automated deterministic structural gate
AC-2430,ERR-020,MOD-020,PASS,PASS,PASS,PASS,PASS,PASS,PASS,PASS,PASS,PASS,PASS,PASS,PASS,PASS,PASS,refs=FR-267; automated deterministic structural gate
AC-2431,ERR-020,MOD-020,PASS,PASS,PASS,PASS,PASS,PASS,PASS,PASS,PASS,PASS,PASS,PASS,PASS,PASS,PASS,refs=FR-268; automated deterministic structural gate
AC-2432,ERR-021,MOD-021,PASS,PASS,PASS,PASS,PASS,PASS,PASS,PASS,PASS,PASS,PASS,PASS,PASS,PASS,PASS,refs=FR-236; automated deterministic structural gate
AC-2433,ERR-021,MOD-021,PASS,PASS,PASS,PASS,PASS,PASS,PASS,PASS,PASS,PASS,PASS,PASS,PASS,PASS,PASS,refs=FR-237; automated deterministic structural gate
AC-2434,ERR-021,MOD-021,PASS,PASS,PASS,PASS,PASS,PASS,PASS,PASS,PASS,PASS,PASS,PASS,PASS,PASS,PASS,refs=FR-238; automated deterministic structural gate
AC-2435,ERR-021,MOD-021,PASS,PASS,PASS,PASS,PASS,PASS,PASS,PASS,PASS,PASS,PASS,PASS,PASS,PASS,PASS,refs=FR-239; automated deterministic structural gate
AC-2436,ERR-021,MOD-021,PASS,PASS,PASS,PASS,PASS,PASS,PASS,PASS,PASS,PASS,PASS,PASS,PASS,PASS,PASS,refs=FR-240; automated deterministic structural gate
AC-2437,ERR-021,MOD-021,PASS,PASS,PASS,PASS,PASS,PASS,PASS,PASS,PASS,PASS,PASS,PASS,PASS,PASS,PASS,refs=FR-241; automated deterministic structural gate
AC-2438,ERR-021,MOD-021,PASS,PASS,PASS,PASS,PASS,PASS,PASS,PASS,PASS,PASS,PASS,PASS,PASS,PASS,PASS,refs=FR-269; automated deterministic structural gate
AC-2439,SYNC-001,MOD-001,PASS,PASS,PASS,PASS,PASS,PASS,PASS,PASS,PASS,PASS,PASS,PASS,PASS,PASS,PASS,refs=FR-002; automated deterministic structural gate
AC-2440,SYNC-001,MOD-001,PASS,PASS,PASS,PASS,PASS,PASS,PASS,PASS,PASS,PASS,PASS,PASS,PASS,PASS,PASS,refs=FR-003; automated deterministic structural gate
AC-2441,SYNC-001,MOD-001,PASS,PASS,PASS,PASS,PASS,PASS,PASS,PASS,PASS,PASS,PASS,PASS,PASS,PASS,PASS,refs=FR-004; automated deterministic structural gate
AC-2442,SYNC-001,MOD-001,PASS,PASS,PASS,PASS,PASS,PASS,PASS,PASS,PASS,PASS,PASS,PASS,PASS,PASS,PASS,refs=FR-005; automated deterministic structural gate
AC-2443,SYNC-001,MOD-001,PASS,PASS,PASS,PASS,PASS,PASS,PASS,PASS,PASS,PASS,PASS,PASS,PASS,PASS,PASS,refs=FR-006; automated deterministic structural gate
AC-2444,SYNC-001,MOD-001,PASS,PASS,PASS,PASS,PASS,PASS,PASS,PASS,PASS,PASS,PASS,PASS,PASS,PASS,PASS,refs=FR-007; automated deterministic structural gate
AC-2445,SYNC-001,MOD-001,PASS,PASS,PASS,PASS,PASS,PASS,PASS,PASS,PASS,PASS,PASS,PASS,PASS,PASS,PASS,refs=FR-008; automated deterministic structural gate
AC-2446,SYNC-001,MOD-001,PASS,PASS,PASS,PASS,PASS,PASS,PASS,PASS,PASS,PASS,PASS,PASS,PASS,PASS,PASS,refs=FR-009; automated deterministic structural gate
AC-2447,SYNC-001,MOD-001,PASS,PASS,PASS,PASS,PASS,PASS,PASS,PASS,PASS,PASS,PASS,PASS,PASS,PASS,PASS,refs=FR-010; automated deterministic structural gate
AC-2448,SYNC-001,MOD-001,PASS,PASS,PASS,PASS,PASS,PASS,PASS,PASS,PASS,PASS,PASS,PASS,PASS,PASS,PASS,refs=FR-242; automated deterministic structural gate
AC-2449,SYNC-002,MOD-002,PASS,PASS,PASS,PASS,PASS,PASS,PASS,PASS,PASS,PASS,PASS,PASS,PASS,PASS,PASS,refs=FR-012; automated deterministic structural gate
AC-2450,SYNC-002,MOD-002,PASS,PASS,PASS,PASS,PASS,PASS,PASS,PASS,PASS,PASS,PASS,PASS,PASS,PASS,PASS,refs=FR-013; automated deterministic structural gate
AC-2451,SYNC-002,MOD-002,PASS,PASS,PASS,PASS,PASS,PASS,PASS,PASS,PASS,PASS,PASS,PASS,PASS,PASS,PASS,refs=FR-014; automated deterministic structural gate
AC-2452,SYNC-002,MOD-002,PASS,PASS,PASS,PASS,PASS,PASS,PASS,PASS,PASS,PASS,PASS,PASS,PASS,PASS,PASS,refs=FR-015; automated deterministic structural gate
AC-2453,SYNC-002,MOD-002,PASS,PASS,PASS,PASS,PASS,PASS,PASS,PASS,PASS,PASS,PASS,PASS,PASS,PASS,PASS,refs=FR-016; automated deterministic structural gate
AC-2454,SYNC-002,MOD-002,PASS,PASS,PASS,PASS,PASS,PASS,PASS,PASS,PASS,PASS,PASS,PASS,PASS,PASS,PASS,refs=FR-243; automated deterministic structural gate
AC-2455,SYNC-002,MOD-002,PASS,PASS,PASS,PASS,PASS,PASS,PASS,PASS,PASS,PASS,PASS,PASS,PASS,PASS,PASS,refs=FR-244; automated deterministic structural gate
AC-2456,SYNC-002,MOD-002,PASS,PASS,PASS,PASS,PASS,PASS,PASS,PASS,PASS,PASS,PASS,PASS,PASS,PASS,PASS,refs=FR-245; automated deterministic structural gate
AC-2457,SYNC-003,MOD-003,PASS,PASS,PASS,PASS,PASS,PASS,PASS,PASS,PASS,PASS,PASS,PASS,PASS,PASS,PASS,refs=FR-246; automated deterministic structural gate
AC-2458,SYNC-004,MOD-004,PASS,PASS,PASS,PASS,PASS,PASS,PASS,PASS,PASS,PASS,PASS,PASS,PASS,PASS,PASS,refs=FR-019; automated deterministic structural gate
AC-2459,SYNC-004,MOD-004,PASS,PASS,PASS,PASS,PASS,PASS,PASS,PASS,PASS,PASS,PASS,PASS,PASS,PASS,PASS,refs=FR-020; automated deterministic structural gate
AC-2460,SYNC-004,MOD-004,PASS,PASS,PASS,PASS,PASS,PASS,PASS,PASS,PASS,PASS,PASS,PASS,PASS,PASS,PASS,refs=FR-021; automated deterministic structural gate
AC-2461,SYNC-004,MOD-004,PASS,PASS,PASS,PASS,PASS,PASS,PASS,PASS,PASS,PASS,PASS,PASS,PASS,PASS,PASS,refs=FR-022; automated deterministic structural gate
AC-2462,SYNC-004,MOD-004,PASS,PASS,PASS,PASS,PASS,PASS,PASS,PASS,PASS,PASS,PASS,PASS,PASS,PASS,PASS,refs=FR-023; automated deterministic structural gate
AC-2463,SYNC-004,MOD-004,PASS,PASS,PASS,PASS,PASS,PASS,PASS,PASS,PASS,PASS,PASS,PASS,PASS,PASS,PASS,refs=FR-024; automated deterministic structural gate
AC-2464,SYNC-004,MOD-004,PASS,PASS,PASS,PASS,PASS,PASS,PASS,PASS,PASS,PASS,PASS,PASS,PASS,PASS,PASS,refs=FR-025; automated deterministic structural gate
AC-2465,SYNC-004,MOD-004,PASS,PASS,PASS,PASS,PASS,PASS,PASS,PASS,PASS,PASS,PASS,PASS,PASS,PASS,PASS,refs=FR-247; automated deterministic structural gate
AC-2466,SYNC-005,MOD-005,PASS,PASS,PASS,PASS,PASS,PASS,PASS,PASS,PASS,PASS,PASS,PASS,PASS,PASS,PASS,refs=FR-027; automated deterministic structural gate
AC-2467,SYNC-005,MOD-005,PASS,PASS,PASS,PASS,PASS,PASS,PASS,PASS,PASS,PASS,PASS,PASS,PASS,PASS,PASS,refs=FR-028; automated deterministic structural gate
AC-2468,SYNC-005,MOD-005,PASS,PASS,PASS,PASS,PASS,PASS,PASS,PASS,PASS,PASS,PASS,PASS,PASS,PASS,PASS,refs=FR-029; automated deterministic structural gate
AC-2469,SYNC-005,MOD-005,PASS,PASS,PASS,PASS,PASS,PASS,PASS,PASS,PASS,PASS,PASS,PASS,PASS,PASS,PASS,refs=FR-030; automated deterministic structural gate
AC-2470,SYNC-005,MOD-005,PASS,PASS,PASS,PASS,PASS,PASS,PASS,PASS,PASS,PASS,PASS,PASS,PASS,PASS,PASS,refs=FR-031; automated deterministic structural gate
AC-2471,SYNC-005,MOD-005,PASS,PASS,PASS,PASS,PASS,PASS,PASS,PASS,PASS,PASS,PASS,PASS,PASS,PASS,PASS,refs=FR-032; automated deterministic structural gate
AC-2472,SYNC-005,MOD-005,PASS,PASS,PASS,PASS,PASS,PASS,PASS,PASS,PASS,PASS,PASS,PASS,PASS,PASS,PASS,refs=FR-033; automated deterministic structural gate
AC-2473,SYNC-005,MOD-005,PASS,PASS,PASS,PASS,PASS,PASS,PASS,PASS,PASS,PASS,PASS,PASS,PASS,PASS,PASS,refs=FR-034; automated deterministic structural gate
AC-2474,SYNC-005,MOD-005,PASS,PASS,PASS,PASS,PASS,PASS,PASS,PASS,PASS,PASS,PASS,PASS,PASS,PASS,PASS,refs=FR-035; automated deterministic structural gate
AC-2475,SYNC-005,MOD-005,PASS,PASS,PASS,PASS,PASS,PASS,PASS,PASS,PASS,PASS,PASS,PASS,PASS,PASS,PASS,refs=FR-036; automated deterministic structural gate
AC-2476,SYNC-005,MOD-005,PASS,PASS,PASS,PASS,PASS,PASS,PASS,PASS,PASS,PASS,PASS,PASS,PASS,PASS,PASS,refs=FR-037; automated deterministic structural gate
AC-2477,SYNC-005,MOD-005,PASS,PASS,PASS,PASS,PASS,PASS,PASS,PASS,PASS,PASS,PASS,PASS,PASS,PASS,PASS,refs=FR-038; automated deterministic structural gate
AC-2478,SYNC-005,MOD-005,PASS,PASS,PASS,PASS,PASS,PASS,PASS,PASS,PASS,PASS,PASS,PASS,PASS,PASS,PASS,refs=FR-039; automated deterministic structural gate
AC-2479,SYNC-005,MOD-005,PASS,PASS,PASS,PASS,PASS,PASS,PASS,PASS,PASS,PASS,PASS,PASS,PASS,PASS,PASS,refs=FR-040; automated deterministic structural gate
AC-2480,SYNC-005,MOD-005,PASS,PASS,PASS,PASS,PASS,PASS,PASS,PASS,PASS,PASS,PASS,PASS,PASS,PASS,PASS,refs=FR-248; automated deterministic structural gate
AC-2481,SYNC-005,MOD-005,PASS,PASS,PASS,PASS,PASS,PASS,PASS,PASS,PASS,PASS,PASS,PASS,PASS,PASS,PASS,refs=FR-249; automated deterministic structural gate
AC-2482,SYNC-005,MOD-005,PASS,PASS,PASS,PASS,PASS,PASS,PASS,PASS,PASS,PASS,PASS,PASS,PASS,PASS,PASS,refs=FR-250; automated deterministic structural gate
AC-2483,SYNC-006,MOD-006,PASS,PASS,PASS,PASS,PASS,PASS,PASS,PASS,PASS,PASS,PASS,PASS,PASS,PASS,PASS,refs=FR-042; automated deterministic structural gate
AC-2484,SYNC-006,MOD-006,PASS,PASS,PASS,PASS,PASS,PASS,PASS,PASS,PASS,PASS,PASS,PASS,PASS,PASS,PASS,refs=FR-043; automated deterministic structural gate
AC-2485,SYNC-006,MOD-006,PASS,PASS,PASS,PASS,PASS,PASS,PASS,PASS,PASS,PASS,PASS,PASS,PASS,PASS,PASS,refs=FR-044; automated deterministic structural gate
AC-2486,SYNC-006,MOD-006,PASS,PASS,PASS,PASS,PASS,PASS,PASS,PASS,PASS,PASS,PASS,PASS,PASS,PASS,PASS,refs=FR-045; automated deterministic structural gate
AC-2487,SYNC-006,MOD-006,PASS,PASS,PASS,PASS,PASS,PASS,PASS,PASS,PASS,PASS,PASS,PASS,PASS,PASS,PASS,refs=FR-046; automated deterministic structural gate
AC-2488,SYNC-006,MOD-006,PASS,PASS,PASS,PASS,PASS,PASS,PASS,PASS,PASS,PASS,PASS,PASS,PASS,PASS,PASS,refs=FR-047; automated deterministic structural gate
AC-2489,SYNC-006,MOD-006,PASS,PASS,PASS,PASS,PASS,PASS,PASS,PASS,PASS,PASS,PASS,PASS,PASS,PASS,PASS,refs=FR-048; automated deterministic structural gate
AC-2490,SYNC-006,MOD-006,PASS,PASS,PASS,PASS,PASS,PASS,PASS,PASS,PASS,PASS,PASS,PASS,PASS,PASS,PASS,refs=FR-049; automated deterministic structural gate
AC-2491,SYNC-006,MOD-006,PASS,PASS,PASS,PASS,PASS,PASS,PASS,PASS,PASS,PASS,PASS,PASS,PASS,PASS,PASS,refs=FR-050; automated deterministic structural gate
AC-2492,SYNC-006,MOD-006,PASS,PASS,PASS,PASS,PASS,PASS,PASS,PASS,PASS,PASS,PASS,PASS,PASS,PASS,PASS,refs=FR-051; automated deterministic structural gate
AC-2493,SYNC-006,MOD-006,PASS,PASS,PASS,PASS,PASS,PASS,PASS,PASS,PASS,PASS,PASS,PASS,PASS,PASS,PASS,refs=FR-251; automated deterministic structural gate
AC-2494,SYNC-007,MOD-007,PASS,PASS,PASS,PASS,PASS,PASS,PASS,PASS,PASS,PASS,PASS,PASS,PASS,PASS,PASS,refs=FR-053; automated deterministic structural gate
AC-2495,SYNC-007,MOD-007,PASS,PASS,PASS,PASS,PASS,PASS,PASS,PASS,PASS,PASS,PASS,PASS,PASS,PASS,PASS,refs=FR-054; automated deterministic structural gate
AC-2496,SYNC-007,MOD-007,PASS,PASS,PASS,PASS,PASS,PASS,PASS,PASS,PASS,PASS,PASS,PASS,PASS,PASS,PASS,refs=FR-055; automated deterministic structural gate
AC-2497,SYNC-007,MOD-007,PASS,PASS,PASS,PASS,PASS,PASS,PASS,PASS,PASS,PASS,PASS,PASS,PASS,PASS,PASS,refs=FR-056; automated deterministic structural gate
AC-2498,SYNC-007,MOD-007,PASS,PASS,PASS,PASS,PASS,PASS,PASS,PASS,PASS,PASS,PASS,PASS,PASS,PASS,PASS,refs=FR-057; automated deterministic structural gate
AC-2499,SYNC-007,MOD-007,PASS,PASS,PASS,PASS,PASS,PASS,PASS,PASS,PASS,PASS,PASS,PASS,PASS,PASS,PASS,refs=FR-058; automated deterministic structural gate
AC-2500,SYNC-007,MOD-007,PASS,PASS,PASS,PASS,PASS,PASS,PASS,PASS,PASS,PASS,PASS,PASS,PASS,PASS,PASS,refs=FR-059; automated deterministic structural gate
AC-2501,SYNC-007,MOD-007,PASS,PASS,PASS,PASS,PASS,PASS,PASS,PASS,PASS,PASS,PASS,PASS,PASS,PASS,PASS,refs=FR-060; automated deterministic structural gate
AC-2502,SYNC-007,MOD-007,PASS,PASS,PASS,PASS,PASS,PASS,PASS,PASS,PASS,PASS,PASS,PASS,PASS,PASS,PASS,refs=FR-061; automated deterministic structural gate
AC-2503,SYNC-007,MOD-007,PASS,PASS,PASS,PASS,PASS,PASS,PASS,PASS,PASS,PASS,PASS,PASS,PASS,PASS,PASS,refs=FR-252; automated deterministic structural gate
AC-2504,SYNC-008,MOD-008,PASS,PASS,PASS,PASS,PASS,PASS,PASS,PASS,PASS,PASS,PASS,PASS,PASS,PASS,PASS,refs=FR-063; automated deterministic structural gate
AC-2505,SYNC-008,MOD-008,PASS,PASS,PASS,PASS,PASS,PASS,PASS,PASS,PASS,PASS,PASS,PASS,PASS,PASS,PASS,refs=FR-064; automated deterministic structural gate
AC-2506,SYNC-008,MOD-008,PASS,PASS,PASS,PASS,PASS,PASS,PASS,PASS,PASS,PASS,PASS,PASS,PASS,PASS,PASS,refs=FR-065; automated deterministic structural gate
AC-2507,SYNC-008,MOD-008,PASS,PASS,PASS,PASS,PASS,PASS,PASS,PASS,PASS,PASS,PASS,PASS,PASS,PASS,PASS,refs=FR-066; automated deterministic structural gate
AC-2508,SYNC-008,MOD-008,PASS,PASS,PASS,PASS,PASS,PASS,PASS,PASS,PASS,PASS,PASS,PASS,PASS,PASS,PASS,refs=FR-067; automated deterministic structural gate
AC-2509,SYNC-008,MOD-008,PASS,PASS,PASS,PASS,PASS,PASS,PASS,PASS,PASS,PASS,PASS,PASS,PASS,PASS,PASS,refs=FR-068; automated deterministic structural gate
AC-2510,SYNC-008,MOD-008,PASS,PASS,PASS,PASS,PASS,PASS,PASS,PASS,PASS,PASS,PASS,PASS,PASS,PASS,PASS,refs=FR-069; automated deterministic structural gate
AC-2511,SYNC-008,MOD-008,PASS,PASS,PASS,PASS,PASS,PASS,PASS,PASS,PASS,PASS,PASS,PASS,PASS,PASS,PASS,refs=FR-070; automated deterministic structural gate
AC-2512,SYNC-008,MOD-008,PASS,PASS,PASS,PASS,PASS,PASS,PASS,PASS,PASS,PASS,PASS,PASS,PASS,PASS,PASS,refs=FR-253; automated deterministic structural gate
AC-2513,SYNC-009,MOD-009,PASS,PASS,PASS,PASS,PASS,PASS,PASS,PASS,PASS,PASS,PASS,PASS,PASS,PASS,PASS,refs=FR-072; automated deterministic structural gate
AC-2514,SYNC-009,MOD-009,PASS,PASS,PASS,PASS,PASS,PASS,PASS,PASS,PASS,PASS,PASS,PASS,PASS,PASS,PASS,refs=FR-073; automated deterministic structural gate
AC-2515,SYNC-009,MOD-009,PASS,PASS,PASS,PASS,PASS,PASS,PASS,PASS,PASS,PASS,PASS,PASS,PASS,PASS,PASS,refs=FR-074; automated deterministic structural gate
AC-2516,SYNC-009,MOD-009,PASS,PASS,PASS,PASS,PASS,PASS,PASS,PASS,PASS,PASS,PASS,PASS,PASS,PASS,PASS,refs=FR-075; automated deterministic structural gate
AC-2517,SYNC-009,MOD-009,PASS,PASS,PASS,PASS,PASS,PASS,PASS,PASS,PASS,PASS,PASS,PASS,PASS,PASS,PASS,refs=FR-076; automated deterministic structural gate
AC-2518,SYNC-009,MOD-009,PASS,PASS,PASS,PASS,PASS,PASS,PASS,PASS,PASS,PASS,PASS,PASS,PASS,PASS,PASS,refs=FR-077; automated deterministic structural gate
AC-2519,SYNC-009,MOD-009,PASS,PASS,PASS,PASS,PASS,PASS,PASS,PASS,PASS,PASS,PASS,PASS,PASS,PASS,PASS,refs=FR-078; automated deterministic structural gate
AC-2520,SYNC-009,MOD-009,PASS,PASS,PASS,PASS,PASS,PASS,PASS,PASS,PASS,PASS,PASS,PASS,PASS,PASS,PASS,refs=FR-079; automated deterministic structural gate
AC-2521,SYNC-009,MOD-009,PASS,PASS,PASS,PASS,PASS,PASS,PASS,PASS,PASS,PASS,PASS,PASS,PASS,PASS,PASS,refs=FR-080; automated deterministic structural gate
AC-2522,SYNC-009,MOD-009,PASS,PASS,PASS,PASS,PASS,PASS,PASS,PASS,PASS,PASS,PASS,PASS,PASS,PASS,PASS,refs=FR-081; automated deterministic structural gate
AC-2523,SYNC-009,MOD-009,PASS,PASS,PASS,PASS,PASS,PASS,PASS,PASS,PASS,PASS,PASS,PASS,PASS,PASS,PASS,refs=FR-082; automated deterministic structural gate
AC-2524,SYNC-009,MOD-009,PASS,PASS,PASS,PASS,PASS,PASS,PASS,PASS,PASS,PASS,PASS,PASS,PASS,PASS,PASS,refs=FR-254; automated deterministic structural gate
AC-2525,SYNC-010,MOD-010,PASS,PASS,PASS,PASS,PASS,PASS,PASS,PASS,PASS,PASS,PASS,PASS,PASS,PASS,PASS,refs=FR-084; automated deterministic structural gate
AC-2526,SYNC-010,MOD-010,PASS,PASS,PASS,PASS,PASS,PASS,PASS,PASS,PASS,PASS,PASS,PASS,PASS,PASS,PASS,refs=FR-085; automated deterministic structural gate
AC-2527,SYNC-010,MOD-010,PASS,PASS,PASS,PASS,PASS,PASS,PASS,PASS,PASS,PASS,PASS,PASS,PASS,PASS,PASS,refs=FR-086; automated deterministic structural gate
AC-2528,SYNC-010,MOD-010,PASS,PASS,PASS,PASS,PASS,PASS,PASS,PASS,PASS,PASS,PASS,PASS,PASS,PASS,PASS,refs=FR-087; automated deterministic structural gate
AC-2529,SYNC-010,MOD-010,PASS,PASS,PASS,PASS,PASS,PASS,PASS,PASS,PASS,PASS,PASS,PASS,PASS,PASS,PASS,refs=FR-088; automated deterministic structural gate
AC-2530,SYNC-010,MOD-010,PASS,PASS,PASS,PASS,PASS,PASS,PASS,PASS,PASS,PASS,PASS,PASS,PASS,PASS,PASS,refs=FR-089; automated deterministic structural gate
AC-2531,SYNC-010,MOD-010,PASS,PASS,PASS,PASS,PASS,PASS,PASS,PASS,PASS,PASS,PASS,PASS,PASS,PASS,PASS,refs=FR-090; automated deterministic structural gate
AC-2532,SYNC-010,MOD-010,PASS,PASS,PASS,PASS,PASS,PASS,PASS,PASS,PASS,PASS,PASS,PASS,PASS,PASS,PASS,refs=FR-091; automated deterministic structural gate
AC-2533,SYNC-010,MOD-010,PASS,PASS,PASS,PASS,PASS,PASS,PASS,PASS,PASS,PASS,PASS,PASS,PASS,PASS,PASS,refs=FR-092; automated deterministic structural gate
AC-2534,SYNC-010,MOD-010,PASS,PASS,PASS,PASS,PASS,PASS,PASS,PASS,PASS,PASS,PASS,PASS,PASS,PASS,PASS,refs=FR-093; automated deterministic structural gate
AC-2535,SYNC-010,MOD-010,PASS,PASS,PASS,PASS,PASS,PASS,PASS,PASS,PASS,PASS,PASS,PASS,PASS,PASS,PASS,refs=FR-094; automated deterministic structural gate
AC-2536,SYNC-010,MOD-010,PASS,PASS,PASS,PASS,PASS,PASS,PASS,PASS,PASS,PASS,PASS,PASS,PASS,PASS,PASS,refs=FR-095; automated deterministic structural gate
AC-2537,SYNC-010,MOD-010,PASS,PASS,PASS,PASS,PASS,PASS,PASS,PASS,PASS,PASS,PASS,PASS,PASS,PASS,PASS,refs=FR-096; automated deterministic structural gate
AC-2538,SYNC-010,MOD-010,PASS,PASS,PASS,PASS,PASS,PASS,PASS,PASS,PASS,PASS,PASS,PASS,PASS,PASS,PASS,refs=FR-255; automated deterministic structural gate
AC-2539,SYNC-011,MOD-011,PASS,PASS,PASS,PASS,PASS,PASS,PASS,PASS,PASS,PASS,PASS,PASS,PASS,PASS,PASS,refs=FR-098; automated deterministic structural gate
AC-2540,SYNC-011,MOD-011,PASS,PASS,PASS,PASS,PASS,PASS,PASS,PASS,PASS,PASS,PASS,PASS,PASS,PASS,PASS,refs=FR-099; automated deterministic structural gate
AC-2541,SYNC-011,MOD-011,PASS,PASS,PASS,PASS,PASS,PASS,PASS,PASS,PASS,PASS,PASS,PASS,PASS,PASS,PASS,refs=FR-100; automated deterministic structural gate
AC-2542,SYNC-011,MOD-011,PASS,PASS,PASS,PASS,PASS,PASS,PASS,PASS,PASS,PASS,PASS,PASS,PASS,PASS,PASS,refs=FR-101; automated deterministic structural gate
AC-2543,SYNC-011,MOD-011,PASS,PASS,PASS,PASS,PASS,PASS,PASS,PASS,PASS,PASS,PASS,PASS,PASS,PASS,PASS,refs=FR-102; automated deterministic structural gate
AC-2544,SYNC-011,MOD-011,PASS,PASS,PASS,PASS,PASS,PASS,PASS,PASS,PASS,PASS,PASS,PASS,PASS,PASS,PASS,refs=FR-103; automated deterministic structural gate
AC-2545,SYNC-011,MOD-011,PASS,PASS,PASS,PASS,PASS,PASS,PASS,PASS,PASS,PASS,PASS,PASS,PASS,PASS,PASS,refs=FR-104; automated deterministic structural gate
AC-2546,SYNC-011,MOD-011,PASS,PASS,PASS,PASS,PASS,PASS,PASS,PASS,PASS,PASS,PASS,PASS,PASS,PASS,PASS,refs=FR-105; automated deterministic structural gate
AC-2547,SYNC-011,MOD-011,PASS,PASS,PASS,PASS,PASS,PASS,PASS,PASS,PASS,PASS,PASS,PASS,PASS,PASS,PASS,refs=FR-106; automated deterministic structural gate
AC-2548,SYNC-011,MOD-011,PASS,PASS,PASS,PASS,PASS,PASS,PASS,PASS,PASS,PASS,PASS,PASS,PASS,PASS,PASS,refs=FR-107; automated deterministic structural gate
AC-2549,SYNC-011,MOD-011,PASS,PASS,PASS,PASS,PASS,PASS,PASS,PASS,PASS,PASS,PASS,PASS,PASS,PASS,PASS,refs=FR-108; automated deterministic structural gate
AC-2550,SYNC-011,MOD-011,PASS,PASS,PASS,PASS,PASS,PASS,PASS,PASS,PASS,PASS,PASS,PASS,PASS,PASS,PASS,refs=FR-109; automated deterministic structural gate
AC-2551,SYNC-011,MOD-011,PASS,PASS,PASS,PASS,PASS,PASS,PASS,PASS,PASS,PASS,PASS,PASS,PASS,PASS,PASS,refs=FR-110; automated deterministic structural gate
AC-2552,SYNC-011,MOD-011,PASS,PASS,PASS,PASS,PASS,PASS,PASS,PASS,PASS,PASS,PASS,PASS,PASS,PASS,PASS,refs=FR-111; automated deterministic structural gate
AC-2553,SYNC-011,MOD-011,PASS,PASS,PASS,PASS,PASS,PASS,PASS,PASS,PASS,PASS,PASS,PASS,PASS,PASS,PASS,refs=FR-112; automated deterministic structural gate
AC-2554,SYNC-011,MOD-011,PASS,PASS,PASS,PASS,PASS,PASS,PASS,PASS,PASS,PASS,PASS,PASS,PASS,PASS,PASS,refs=FR-256; automated deterministic structural gate
AC-2555,SYNC-011,MOD-011,PASS,PASS,PASS,PASS,PASS,PASS,PASS,PASS,PASS,PASS,PASS,PASS,PASS,PASS,PASS,refs=FR-257; automated deterministic structural gate
AC-2556,SYNC-012,MOD-012,PASS,PASS,PASS,PASS,PASS,PASS,PASS,PASS,PASS,PASS,PASS,PASS,PASS,PASS,PASS,refs=FR-114; automated deterministic structural gate
AC-2557,SYNC-012,MOD-012,PASS,PASS,PASS,PASS,PASS,PASS,PASS,PASS,PASS,PASS,PASS,PASS,PASS,PASS,PASS,refs=FR-115; automated deterministic structural gate
AC-2558,SYNC-012,MOD-012,PASS,PASS,PASS,PASS,PASS,PASS,PASS,PASS,PASS,PASS,PASS,PASS,PASS,PASS,PASS,refs=FR-116; automated deterministic structural gate
AC-2559,SYNC-012,MOD-012,PASS,PASS,PASS,PASS,PASS,PASS,PASS,PASS,PASS,PASS,PASS,PASS,PASS,PASS,PASS,refs=FR-117; automated deterministic structural gate
AC-2560,SYNC-012,MOD-012,PASS,PASS,PASS,PASS,PASS,PASS,PASS,PASS,PASS,PASS,PASS,PASS,PASS,PASS,PASS,refs=FR-118; automated deterministic structural gate
AC-2561,SYNC-012,MOD-012,PASS,PASS,PASS,PASS,PASS,PASS,PASS,PASS,PASS,PASS,PASS,PASS,PASS,PASS,PASS,refs=FR-119; automated deterministic structural gate
AC-2562,SYNC-012,MOD-012,PASS,PASS,PASS,PASS,PASS,PASS,PASS,PASS,PASS,PASS,PASS,PASS,PASS,PASS,PASS,refs=FR-120; automated deterministic structural gate
AC-2563,SYNC-012,MOD-012,PASS,PASS,PASS,PASS,PASS,PASS,PASS,PASS,PASS,PASS,PASS,PASS,PASS,PASS,PASS,refs=FR-121; automated deterministic structural gate
AC-2564,SYNC-012,MOD-012,PASS,PASS,PASS,PASS,PASS,PASS,PASS,PASS,PASS,PASS,PASS,PASS,PASS,PASS,PASS,refs=FR-122; automated deterministic structural gate
AC-2565,SYNC-012,MOD-012,PASS,PASS,PASS,PASS,PASS,PASS,PASS,PASS,PASS,PASS,PASS,PASS,PASS,PASS,PASS,refs=FR-123; automated deterministic structural gate
AC-2566,SYNC-012,MOD-012,PASS,PASS,PASS,PASS,PASS,PASS,PASS,PASS,PASS,PASS,PASS,PASS,PASS,PASS,PASS,refs=FR-124; automated deterministic structural gate
AC-2567,SYNC-012,MOD-012,PASS,PASS,PASS,PASS,PASS,PASS,PASS,PASS,PASS,PASS,PASS,PASS,PASS,PASS,PASS,refs=FR-125; automated deterministic structural gate
AC-2568,SYNC-012,MOD-012,PASS,PASS,PASS,PASS,PASS,PASS,PASS,PASS,PASS,PASS,PASS,PASS,PASS,PASS,PASS,refs=FR-126; automated deterministic structural gate
AC-2569,SYNC-012,MOD-012,PASS,PASS,PASS,PASS,PASS,PASS,PASS,PASS,PASS,PASS,PASS,PASS,PASS,PASS,PASS,refs=FR-127; automated deterministic structural gate
AC-2570,SYNC-012,MOD-012,PASS,PASS,PASS,PASS,PASS,PASS,PASS,PASS,PASS,PASS,PASS,PASS,PASS,PASS,PASS,refs=FR-128; automated deterministic structural gate
AC-2571,SYNC-012,MOD-012,PASS,PASS,PASS,PASS,PASS,PASS,PASS,PASS,PASS,PASS,PASS,PASS,PASS,PASS,PASS,refs=FR-129; automated deterministic structural gate
AC-2572,SYNC-012,MOD-012,PASS,PASS,PASS,PASS,PASS,PASS,PASS,PASS,PASS,PASS,PASS,PASS,PASS,PASS,PASS,refs=FR-130; automated deterministic structural gate
AC-2573,SYNC-012,MOD-012,PASS,PASS,PASS,PASS,PASS,PASS,PASS,PASS,PASS,PASS,PASS,PASS,PASS,PASS,PASS,refs=FR-131; automated deterministic structural gate
AC-2574,SYNC-012,MOD-012,PASS,PASS,PASS,PASS,PASS,PASS,PASS,PASS,PASS,PASS,PASS,PASS,PASS,PASS,PASS,refs=FR-132; automated deterministic structural gate
AC-2575,SYNC-012,MOD-012,PASS,PASS,PASS,PASS,PASS,PASS,PASS,PASS,PASS,PASS,PASS,PASS,PASS,PASS,PASS,refs=FR-133; automated deterministic structural gate
AC-2576,SYNC-012,MOD-012,PASS,PASS,PASS,PASS,PASS,PASS,PASS,PASS,PASS,PASS,PASS,PASS,PASS,PASS,PASS,refs=FR-134; automated deterministic structural gate
AC-2577,SYNC-012,MOD-012,PASS,PASS,PASS,PASS,PASS,PASS,PASS,PASS,PASS,PASS,PASS,PASS,PASS,PASS,PASS,refs=FR-258; automated deterministic structural gate
AC-2578,SYNC-013,MOD-013,PASS,PASS,PASS,PASS,PASS,PASS,PASS,PASS,PASS,PASS,PASS,PASS,PASS,PASS,PASS,refs=FR-136; automated deterministic structural gate
AC-2579,SYNC-013,MOD-013,PASS,PASS,PASS,PASS,PASS,PASS,PASS,PASS,PASS,PASS,PASS,PASS,PASS,PASS,PASS,refs=FR-137; automated deterministic structural gate
AC-2580,SYNC-013,MOD-013,PASS,PASS,PASS,PASS,PASS,PASS,PASS,PASS,PASS,PASS,PASS,PASS,PASS,PASS,PASS,refs=FR-138; automated deterministic structural gate
AC-2581,SYNC-013,MOD-013,PASS,PASS,PASS,PASS,PASS,PASS,PASS,PASS,PASS,PASS,PASS,PASS,PASS,PASS,PASS,refs=FR-139; automated deterministic structural gate
AC-2582,SYNC-013,MOD-013,PASS,PASS,PASS,PASS,PASS,PASS,PASS,PASS,PASS,PASS,PASS,PASS,PASS,PASS,PASS,refs=FR-140; automated deterministic structural gate
AC-2583,SYNC-013,MOD-013,PASS,PASS,PASS,PASS,PASS,PASS,PASS,PASS,PASS,PASS,PASS,PASS,PASS,PASS,PASS,refs=FR-141; automated deterministic structural gate
AC-2584,SYNC-013,MOD-013,PASS,PASS,PASS,PASS,PASS,PASS,PASS,PASS,PASS,PASS,PASS,PASS,PASS,PASS,PASS,refs=FR-142; automated deterministic structural gate
AC-2585,SYNC-013,MOD-013,PASS,PASS,PASS,PASS,PASS,PASS,PASS,PASS,PASS,PASS,PASS,PASS,PASS,PASS,PASS,refs=FR-143; automated deterministic structural gate
AC-2586,SYNC-013,MOD-013,PASS,PASS,PASS,PASS,PASS,PASS,PASS,PASS,PASS,PASS,PASS,PASS,PASS,PASS,PASS,refs=FR-144; automated deterministic structural gate
AC-2587,SYNC-013,MOD-013,PASS,PASS,PASS,PASS,PASS,PASS,PASS,PASS,PASS,PASS,PASS,PASS,PASS,PASS,PASS,refs=FR-145; automated deterministic structural gate
AC-2588,SYNC-013,MOD-013,PASS,PASS,PASS,PASS,PASS,PASS,PASS,PASS,PASS,PASS,PASS,PASS,PASS,PASS,PASS,refs=FR-146; automated deterministic structural gate
AC-2589,SYNC-013,MOD-013,PASS,PASS,PASS,PASS,PASS,PASS,PASS,PASS,PASS,PASS,PASS,PASS,PASS,PASS,PASS,refs=FR-147; automated deterministic structural gate
AC-2590,SYNC-013,MOD-013,PASS,PASS,PASS,PASS,PASS,PASS,PASS,PASS,PASS,PASS,PASS,PASS,PASS,PASS,PASS,refs=FR-148; automated deterministic structural gate
AC-2591,SYNC-013,MOD-013,PASS,PASS,PASS,PASS,PASS,PASS,PASS,PASS,PASS,PASS,PASS,PASS,PASS,PASS,PASS,refs=FR-149; automated deterministic structural gate
AC-2592,SYNC-013,MOD-013,PASS,PASS,PASS,PASS,PASS,PASS,PASS,PASS,PASS,PASS,PASS,PASS,PASS,PASS,PASS,refs=FR-150; automated deterministic structural gate
AC-2593,SYNC-013,MOD-013,PASS,PASS,PASS,PASS,PASS,PASS,PASS,PASS,PASS,PASS,PASS,PASS,PASS,PASS,PASS,refs=FR-151; automated deterministic structural gate
AC-2594,SYNC-013,MOD-013,PASS,PASS,PASS,PASS,PASS,PASS,PASS,PASS,PASS,PASS,PASS,PASS,PASS,PASS,PASS,refs=FR-152; automated deterministic structural gate
AC-2595,SYNC-013,MOD-013,PASS,PASS,PASS,PASS,PASS,PASS,PASS,PASS,PASS,PASS,PASS,PASS,PASS,PASS,PASS,refs=FR-153; automated deterministic structural gate
AC-2596,SYNC-013,MOD-013,PASS,PASS,PASS,PASS,PASS,PASS,PASS,PASS,PASS,PASS,PASS,PASS,PASS,PASS,PASS,refs=FR-154; automated deterministic structural gate
AC-2597,SYNC-013,MOD-013,PASS,PASS,PASS,PASS,PASS,PASS,PASS,PASS,PASS,PASS,PASS,PASS,PASS,PASS,PASS,refs=FR-155; automated deterministic structural gate
AC-2598,SYNC-013,MOD-013,PASS,PASS,PASS,PASS,PASS,PASS,PASS,PASS,PASS,PASS,PASS,PASS,PASS,PASS,PASS,refs=FR-156; automated deterministic structural gate
AC-2599,SYNC-013,MOD-013,PASS,PASS,PASS,PASS,PASS,PASS,PASS,PASS,PASS,PASS,PASS,PASS,PASS,PASS,PASS,refs=FR-157; automated deterministic structural gate
AC-2600,SYNC-013,MOD-013,PASS,PASS,PASS,PASS,PASS,PASS,PASS,PASS,PASS,PASS,PASS,PASS,PASS,PASS,PASS,refs=FR-158; automated deterministic structural gate
AC-2601,SYNC-013,MOD-013,PASS,PASS,PASS,PASS,PASS,PASS,PASS,PASS,PASS,PASS,PASS,PASS,PASS,PASS,PASS,refs=FR-259; automated deterministic structural gate
AC-2602,SYNC-014,MOD-014,PASS,PASS,PASS,PASS,PASS,PASS,PASS,PASS,PASS,PASS,PASS,PASS,PASS,PASS,PASS,refs=FR-160; automated deterministic structural gate
AC-2603,SYNC-014,MOD-014,PASS,PASS,PASS,PASS,PASS,PASS,PASS,PASS,PASS,PASS,PASS,PASS,PASS,PASS,PASS,refs=FR-260; automated deterministic structural gate
AC-2604,SYNC-014,MOD-014,PASS,PASS,PASS,PASS,PASS,PASS,PASS,PASS,PASS,PASS,PASS,PASS,PASS,PASS,PASS,refs=FR-275; automated deterministic structural gate
AC-2605,SYNC-014,MOD-014,PASS,PASS,PASS,PASS,PASS,PASS,PASS,PASS,PASS,PASS,PASS,PASS,PASS,PASS,PASS,refs=FR-276; automated deterministic structural gate
AC-2606,SYNC-014,MOD-014,PASS,PASS,PASS,PASS,PASS,PASS,PASS,PASS,PASS,PASS,PASS,PASS,PASS,PASS,PASS,refs=FR-277; automated deterministic structural gate
AC-2607,SYNC-014,MOD-014,PASS,PASS,PASS,PASS,PASS,PASS,PASS,PASS,PASS,PASS,PASS,PASS,PASS,PASS,PASS,refs=FR-278; automated deterministic structural gate
AC-2608,SYNC-015,MOD-015,PASS,PASS,PASS,PASS,PASS,PASS,PASS,PASS,PASS,PASS,PASS,PASS,PASS,PASS,PASS,refs=FR-162; automated deterministic structural gate
AC-2609,SYNC-015,MOD-015,PASS,PASS,PASS,PASS,PASS,PASS,PASS,PASS,PASS,PASS,PASS,PASS,PASS,PASS,PASS,refs=FR-163; automated deterministic structural gate
AC-2610,SYNC-015,MOD-015,PASS,PASS,PASS,PASS,PASS,PASS,PASS,PASS,PASS,PASS,PASS,PASS,PASS,PASS,PASS,refs=FR-164; automated deterministic structural gate
AC-2611,SYNC-015,MOD-015,PASS,PASS,PASS,PASS,PASS,PASS,PASS,PASS,PASS,PASS,PASS,PASS,PASS,PASS,PASS,refs=FR-165; automated deterministic structural gate
AC-2612,SYNC-015,MOD-015,PASS,PASS,PASS,PASS,PASS,PASS,PASS,PASS,PASS,PASS,PASS,PASS,PASS,PASS,PASS,refs=FR-261; automated deterministic structural gate
AC-2613,SYNC-015,MOD-015,PASS,PASS,PASS,PASS,PASS,PASS,PASS,PASS,PASS,PASS,PASS,PASS,PASS,PASS,PASS,refs=FR-279; automated deterministic structural gate
AC-2614,SYNC-016,MOD-016,PASS,PASS,PASS,PASS,PASS,PASS,PASS,PASS,PASS,PASS,PASS,PASS,PASS,PASS,PASS,refs=FR-167; automated deterministic structural gate
AC-2615,SYNC-016,MOD-016,PASS,PASS,PASS,PASS,PASS,PASS,PASS,PASS,PASS,PASS,PASS,PASS,PASS,PASS,PASS,refs=FR-262; automated deterministic structural gate
AC-2616,SYNC-017,MOD-017,PASS,PASS,PASS,PASS,PASS,PASS,PASS,PASS,PASS,PASS,PASS,PASS,PASS,PASS,PASS,refs=FR-169; automated deterministic structural gate
AC-2617,SYNC-017,MOD-017,PASS,PASS,PASS,PASS,PASS,PASS,PASS,PASS,PASS,PASS,PASS,PASS,PASS,PASS,PASS,refs=FR-170; automated deterministic structural gate
AC-2618,SYNC-017,MOD-017,PASS,PASS,PASS,PASS,PASS,PASS,PASS,PASS,PASS,PASS,PASS,PASS,PASS,PASS,PASS,refs=FR-263; automated deterministic structural gate
AC-2619,SYNC-018,MOD-018,PASS,PASS,PASS,PASS,PASS,PASS,PASS,PASS,PASS,PASS,PASS,PASS,PASS,PASS,PASS,refs=FR-172; automated deterministic structural gate
AC-2620,SYNC-018,MOD-018,PASS,PASS,PASS,PASS,PASS,PASS,PASS,PASS,PASS,PASS,PASS,PASS,PASS,PASS,PASS,refs=FR-173; automated deterministic structural gate
AC-2621,SYNC-018,MOD-018,PASS,PASS,PASS,PASS,PASS,PASS,PASS,PASS,PASS,PASS,PASS,PASS,PASS,PASS,PASS,refs=FR-174; automated deterministic structural gate
AC-2622,SYNC-018,MOD-018,PASS,PASS,PASS,PASS,PASS,PASS,PASS,PASS,PASS,PASS,PASS,PASS,PASS,PASS,PASS,refs=FR-175; automated deterministic structural gate
AC-2623,SYNC-018,MOD-018,PASS,PASS,PASS,PASS,PASS,PASS,PASS,PASS,PASS,PASS,PASS,PASS,PASS,PASS,PASS,refs=FR-176; automated deterministic structural gate
AC-2624,SYNC-018,MOD-018,PASS,PASS,PASS,PASS,PASS,PASS,PASS,PASS,PASS,PASS,PASS,PASS,PASS,PASS,PASS,refs=FR-264; automated deterministic structural gate
AC-2625,SYNC-018,MOD-018,PASS,PASS,PASS,PASS,PASS,PASS,PASS,PASS,PASS,PASS,PASS,PASS,PASS,PASS,PASS,refs=FR-270; automated deterministic structural gate
AC-2626,SYNC-018,MOD-018,PASS,PASS,PASS,PASS,PASS,PASS,PASS,PASS,PASS,PASS,PASS,PASS,PASS,PASS,PASS,refs=FR-271; automated deterministic structural gate
AC-2627,SYNC-018,MOD-018,PASS,PASS,PASS,PASS,PASS,PASS,PASS,PASS,PASS,PASS,PASS,PASS,PASS,PASS,PASS,refs=FR-272; automated deterministic structural gate
AC-2628,SYNC-018,MOD-018,PASS,PASS,PASS,PASS,PASS,PASS,PASS,PASS,PASS,PASS,PASS,PASS,PASS,PASS,PASS,refs=FR-273; automated deterministic structural gate
AC-2629,SYNC-018,MOD-018,PASS,PASS,PASS,PASS,PASS,PASS,PASS,PASS,PASS,PASS,PASS,PASS,PASS,PASS,PASS,refs=FR-274; automated deterministic structural gate
AC-2630,SYNC-019,MOD-019,PASS,PASS,PASS,PASS,PASS,PASS,PASS,PASS,PASS,PASS,PASS,PASS,PASS,PASS,PASS,refs=FR-178; automated deterministic structural gate
AC-2631,SYNC-019,MOD-019,PASS,PASS,PASS,PASS,PASS,PASS,PASS,PASS,PASS,PASS,PASS,PASS,PASS,PASS,PASS,refs=FR-179; automated deterministic structural gate
AC-2632,SYNC-019,MOD-019,PASS,PASS,PASS,PASS,PASS,PASS,PASS,PASS,PASS,PASS,PASS,PASS,PASS,PASS,PASS,refs=FR-180; automated deterministic structural gate
AC-2633,SYNC-019,MOD-019,PASS,PASS,PASS,PASS,PASS,PASS,PASS,PASS,PASS,PASS,PASS,PASS,PASS,PASS,PASS,refs=FR-181; automated deterministic structural gate
AC-2634,SYNC-019,MOD-019,PASS,PASS,PASS,PASS,PASS,PASS,PASS,PASS,PASS,PASS,PASS,PASS,PASS,PASS,PASS,refs=FR-182; automated deterministic structural gate
AC-2635,SYNC-019,MOD-019,PASS,PASS,PASS,PASS,PASS,PASS,PASS,PASS,PASS,PASS,PASS,PASS,PASS,PASS,PASS,refs=FR-183; automated deterministic structural gate
AC-2636,SYNC-019,MOD-019,PASS,PASS,PASS,PASS,PASS,PASS,PASS,PASS,PASS,PASS,PASS,PASS,PASS,PASS,PASS,refs=FR-184; automated deterministic structural gate
AC-2637,SYNC-019,MOD-019,PASS,PASS,PASS,PASS,PASS,PASS,PASS,PASS,PASS,PASS,PASS,PASS,PASS,PASS,PASS,refs=FR-185; automated deterministic structural gate
AC-2638,SYNC-019,MOD-019,PASS,PASS,PASS,PASS,PASS,PASS,PASS,PASS,PASS,PASS,PASS,PASS,PASS,PASS,PASS,refs=FR-186; automated deterministic structural gate
AC-2639,SYNC-019,MOD-019,PASS,PASS,PASS,PASS,PASS,PASS,PASS,PASS,PASS,PASS,PASS,PASS,PASS,PASS,PASS,refs=FR-187; automated deterministic structural gate
AC-2640,SYNC-019,MOD-019,PASS,PASS,PASS,PASS,PASS,PASS,PASS,PASS,PASS,PASS,PASS,PASS,PASS,PASS,PASS,refs=FR-188; automated deterministic structural gate
AC-2641,SYNC-019,MOD-019,PASS,PASS,PASS,PASS,PASS,PASS,PASS,PASS,PASS,PASS,PASS,PASS,PASS,PASS,PASS,refs=FR-189; automated deterministic structural gate
AC-2642,SYNC-019,MOD-019,PASS,PASS,PASS,PASS,PASS,PASS,PASS,PASS,PASS,PASS,PASS,PASS,PASS,PASS,PASS,refs=FR-190; automated deterministic structural gate
AC-2643,SYNC-019,MOD-019,PASS,PASS,PASS,PASS,PASS,PASS,PASS,PASS,PASS,PASS,PASS,PASS,PASS,PASS,PASS,refs=FR-191; automated deterministic structural gate
AC-2644,SYNC-019,MOD-019,PASS,PASS,PASS,PASS,PASS,PASS,PASS,PASS,PASS,PASS,PASS,PASS,PASS,PASS,PASS,refs=FR-192; automated deterministic structural gate
AC-2645,SYNC-019,MOD-019,PASS,PASS,PASS,PASS,PASS,PASS,PASS,PASS,PASS,PASS,PASS,PASS,PASS,PASS,PASS,refs=FR-193; automated deterministic structural gate
AC-2646,SYNC-019,MOD-019,PASS,PASS,PASS,PASS,PASS,PASS,PASS,PASS,PASS,PASS,PASS,PASS,PASS,PASS,PASS,refs=FR-194; automated deterministic structural gate
AC-2647,SYNC-019,MOD-019,PASS,PASS,PASS,PASS,PASS,PASS,PASS,PASS,PASS,PASS,PASS,PASS,PASS,PASS,PASS,refs=FR-195; automated deterministic structural gate
AC-2648,SYNC-019,MOD-019,PASS,PASS,PASS,PASS,PASS,PASS,PASS,PASS,PASS,PASS,PASS,PASS,PASS,PASS,PASS,refs=FR-196; automated deterministic structural gate
AC-2649,SYNC-019,MOD-019,PASS,PASS,PASS,PASS,PASS,PASS,PASS,PASS,PASS,PASS,PASS,PASS,PASS,PASS,PASS,refs=FR-197; automated deterministic structural gate
AC-2650,SYNC-019,MOD-019,PASS,PASS,PASS,PASS,PASS,PASS,PASS,PASS,PASS,PASS,PASS,PASS,PASS,PASS,PASS,refs=FR-198; automated deterministic structural gate
AC-2651,SYNC-019,MOD-019,PASS,PASS,PASS,PASS,PASS,PASS,PASS,PASS,PASS,PASS,PASS,PASS,PASS,PASS,PASS,refs=FR-199; automated deterministic structural gate
AC-2652,SYNC-019,MOD-019,PASS,PASS,PASS,PASS,PASS,PASS,PASS,PASS,PASS,PASS,PASS,PASS,PASS,PASS,PASS,refs=FR-200; automated deterministic structural gate
AC-2653,SYNC-019,MOD-019,PASS,PASS,PASS,PASS,PASS,PASS,PASS,PASS,PASS,PASS,PASS,PASS,PASS,PASS,PASS,refs=FR-201; automated deterministic structural gate
AC-2654,SYNC-019,MOD-019,PASS,PASS,PASS,PASS,PASS,PASS,PASS,PASS,PASS,PASS,PASS,PASS,PASS,PASS,PASS,refs=FR-202; automated deterministic structural gate
AC-2655,SYNC-019,MOD-019,PASS,PASS,PASS,PASS,PASS,PASS,PASS,PASS,PASS,PASS,PASS,PASS,PASS,PASS,PASS,refs=FR-203; automated deterministic structural gate
AC-2656,SYNC-019,MOD-019,PASS,PASS,PASS,PASS,PASS,PASS,PASS,PASS,PASS,PASS,PASS,PASS,PASS,PASS,PASS,refs=FR-204; automated deterministic structural gate
AC-2657,SYNC-019,MOD-019,PASS,PASS,PASS,PASS,PASS,PASS,PASS,PASS,PASS,PASS,PASS,PASS,PASS,PASS,PASS,refs=FR-205; automated deterministic structural gate
AC-2658,SYNC-019,MOD-019,PASS,PASS,PASS,PASS,PASS,PASS,PASS,PASS,PASS,PASS,PASS,PASS,PASS,PASS,PASS,refs=FR-206; automated deterministic structural gate
AC-2659,SYNC-019,MOD-019,PASS,PASS,PASS,PASS,PASS,PASS,PASS,PASS,PASS,PASS,PASS,PASS,PASS,PASS,PASS,refs=FR-207; automated deterministic structural gate
AC-2660,SYNC-019,MOD-019,PASS,PASS,PASS,PASS,PASS,PASS,PASS,PASS,PASS,PASS,PASS,PASS,PASS,PASS,PASS,refs=FR-208; automated deterministic structural gate
AC-2661,SYNC-019,MOD-019,PASS,PASS,PASS,PASS,PASS,PASS,PASS,PASS,PASS,PASS,PASS,PASS,PASS,PASS,PASS,refs=FR-209; automated deterministic structural gate
AC-2662,SYNC-019,MOD-019,PASS,PASS,PASS,PASS,PASS,PASS,PASS,PASS,PASS,PASS,PASS,PASS,PASS,PASS,PASS,refs=FR-210; automated deterministic structural gate
AC-2663,SYNC-019,MOD-019,PASS,PASS,PASS,PASS,PASS,PASS,PASS,PASS,PASS,PASS,PASS,PASS,PASS,PASS,PASS,refs=FR-211; automated deterministic structural gate
AC-2664,SYNC-019,MOD-019,PASS,PASS,PASS,PASS,PASS,PASS,PASS,PASS,PASS,PASS,PASS,PASS,PASS,PASS,PASS,refs=FR-212; automated deterministic structural gate
AC-2665,SYNC-019,MOD-019,PASS,PASS,PASS,PASS,PASS,PASS,PASS,PASS,PASS,PASS,PASS,PASS,PASS,PASS,PASS,refs=FR-213; automated deterministic structural gate
AC-2666,SYNC-019,MOD-019,PASS,PASS,PASS,PASS,PASS,PASS,PASS,PASS,PASS,PASS,PASS,PASS,PASS,PASS,PASS,refs=FR-214; automated deterministic structural gate
AC-2667,SYNC-019,MOD-019,PASS,PASS,PASS,PASS,PASS,PASS,PASS,PASS,PASS,PASS,PASS,PASS,PASS,PASS,PASS,refs=FR-215; automated deterministic structural gate
AC-2668,SYNC-019,MOD-019,PASS,PASS,PASS,PASS,PASS,PASS,PASS,PASS,PASS,PASS,PASS,PASS,PASS,PASS,PASS,refs=FR-216; automated deterministic structural gate
AC-2669,SYNC-019,MOD-019,PASS,PASS,PASS,PASS,PASS,PASS,PASS,PASS,PASS,PASS,PASS,PASS,PASS,PASS,PASS,refs=FR-217; automated deterministic structural gate
AC-2670,SYNC-019,MOD-019,PASS,PASS,PASS,PASS,PASS,PASS,PASS,PASS,PASS,PASS,PASS,PASS,PASS,PASS,PASS,refs=FR-218; automated deterministic structural gate
AC-2671,SYNC-019,MOD-019,PASS,PASS,PASS,PASS,PASS,PASS,PASS,PASS,PASS,PASS,PASS,PASS,PASS,PASS,PASS,refs=FR-219; automated deterministic structural gate
AC-2672,SYNC-019,MOD-019,PASS,PASS,PASS,PASS,PASS,PASS,PASS,PASS,PASS,PASS,PASS,PASS,PASS,PASS,PASS,refs=FR-220; automated deterministic structural gate
AC-2673,SYNC-019,MOD-019,PASS,PASS,PASS,PASS,PASS,PASS,PASS,PASS,PASS,PASS,PASS,PASS,PASS,PASS,PASS,refs=FR-221; automated deterministic structural gate
AC-2674,SYNC-019,MOD-019,PASS,PASS,PASS,PASS,PASS,PASS,PASS,PASS,PASS,PASS,PASS,PASS,PASS,PASS,PASS,refs=FR-222; automated deterministic structural gate
AC-2675,SYNC-019,MOD-019,PASS,PASS,PASS,PASS,PASS,PASS,PASS,PASS,PASS,PASS,PASS,PASS,PASS,PASS,PASS,refs=FR-223; automated deterministic structural gate
AC-2676,SYNC-019,MOD-019,PASS,PASS,PASS,PASS,PASS,PASS,PASS,PASS,PASS,PASS,PASS,PASS,PASS,PASS,PASS,refs=FR-224; automated deterministic structural gate
AC-2677,SYNC-019,MOD-019,PASS,PASS,PASS,PASS,PASS,PASS,PASS,PASS,PASS,PASS,PASS,PASS,PASS,PASS,PASS,refs=FR-225; automated deterministic structural gate
AC-2678,SYNC-019,MOD-019,PASS,PASS,PASS,PASS,PASS,PASS,PASS,PASS,PASS,PASS,PASS,PASS,PASS,PASS,PASS,refs=FR-226; automated deterministic structural gate
AC-2679,SYNC-019,MOD-019,PASS,PASS,PASS,PASS,PASS,PASS,PASS,PASS,PASS,PASS,PASS,PASS,PASS,PASS,PASS,refs=FR-227; automated deterministic structural gate
AC-2680,SYNC-019,MOD-019,PASS,PASS,PASS,PASS,PASS,PASS,PASS,PASS,PASS,PASS,PASS,PASS,PASS,PASS,PASS,refs=FR-228; automated deterministic structural gate
AC-2681,SYNC-019,MOD-019,PASS,PASS,PASS,PASS,PASS,PASS,PASS,PASS,PASS,PASS,PASS,PASS,PASS,PASS,PASS,refs=FR-229; automated deterministic structural gate
AC-2682,SYNC-019,MOD-019,PASS,PASS,PASS,PASS,PASS,PASS,PASS,PASS,PASS,PASS,PASS,PASS,PASS,PASS,PASS,refs=FR-230; automated deterministic structural gate
AC-2683,SYNC-019,MOD-019,PASS,PASS,PASS,PASS,PASS,PASS,PASS,PASS,PASS,PASS,PASS,PASS,PASS,PASS,PASS,refs=FR-265; automated deterministic structural gate
AC-2684,SYNC-020,MOD-020,PASS,PASS,PASS,PASS,PASS,PASS,PASS,PASS,PASS,PASS,PASS,PASS,PASS,PASS,PASS,refs=FR-232; automated deterministic structural gate
AC-2685,SYNC-020,MOD-020,PASS,PASS,PASS,PASS,PASS,PASS,PASS,PASS,PASS,PASS,PASS,PASS,PASS,PASS,PASS,refs=FR-233; automated deterministic structural gate
AC-2686,SYNC-020,MOD-020,PASS,PASS,PASS,PASS,PASS,PASS,PASS,PASS,PASS,PASS,PASS,PASS,PASS,PASS,PASS,refs=FR-234; automated deterministic structural gate
AC-2687,SYNC-020,MOD-020,PASS,PASS,PASS,PASS,PASS,PASS,PASS,PASS,PASS,PASS,PASS,PASS,PASS,PASS,PASS,refs=FR-266; automated deterministic structural gate
AC-2688,SYNC-020,MOD-020,PASS,PASS,PASS,PASS,PASS,PASS,PASS,PASS,PASS,PASS,PASS,PASS,PASS,PASS,PASS,refs=FR-267; automated deterministic structural gate
AC-2689,SYNC-020,MOD-020,PASS,PASS,PASS,PASS,PASS,PASS,PASS,PASS,PASS,PASS,PASS,PASS,PASS,PASS,PASS,refs=FR-268; automated deterministic structural gate
AC-2690,SYNC-021,MOD-021,PASS,PASS,PASS,PASS,PASS,PASS,PASS,PASS,PASS,PASS,PASS,PASS,PASS,PASS,PASS,refs=FR-236; automated deterministic structural gate
AC-2691,SYNC-021,MOD-021,PASS,PASS,PASS,PASS,PASS,PASS,PASS,PASS,PASS,PASS,PASS,PASS,PASS,PASS,PASS,refs=FR-237; automated deterministic structural gate
AC-2692,SYNC-021,MOD-021,PASS,PASS,PASS,PASS,PASS,PASS,PASS,PASS,PASS,PASS,PASS,PASS,PASS,PASS,PASS,refs=FR-238; automated deterministic structural gate
AC-2693,SYNC-021,MOD-021,PASS,PASS,PASS,PASS,PASS,PASS,PASS,PASS,PASS,PASS,PASS,PASS,PASS,PASS,PASS,refs=FR-239; automated deterministic structural gate
AC-2694,SYNC-021,MOD-021,PASS,PASS,PASS,PASS,PASS,PASS,PASS,PASS,PASS,PASS,PASS,PASS,PASS,PASS,PASS,refs=FR-240; automated deterministic structural gate
AC-2695,SYNC-021,MOD-021,PASS,PASS,PASS,PASS,PASS,PASS,PASS,PASS,PASS,PASS,PASS,PASS,PASS,PASS,PASS,refs=FR-241; automated deterministic structural gate
AC-2696,SYNC-021,MOD-021,PASS,PASS,PASS,PASS,PASS,PASS,PASS,PASS,PASS,PASS,PASS,PASS,PASS,PASS,PASS,refs=FR-269; automated deterministic structural gate
AC-2697,AUDIT-001,MOD-001,PASS,PASS,PASS,PASS,PASS,PASS,PASS,PASS,PASS,PASS,PASS,PASS,PASS,PASS,PASS,refs=FR-002; automated deterministic structural gate
AC-2698,AUDIT-001,MOD-001,PASS,PASS,PASS,PASS,PASS,PASS,PASS,PASS,PASS,PASS,PASS,PASS,PASS,PASS,PASS,refs=FR-003; automated deterministic structural gate
AC-2699,AUDIT-001,MOD-001,PASS,PASS,PASS,PASS,PASS,PASS,PASS,PASS,PASS,PASS,PASS,PASS,PASS,PASS,PASS,refs=FR-004; automated deterministic structural gate
AC-2700,AUDIT-001,MOD-001,PASS,PASS,PASS,PASS,PASS,PASS,PASS,PASS,PASS,PASS,PASS,PASS,PASS,PASS,PASS,refs=FR-005; automated deterministic structural gate
AC-2701,AUDIT-001,MOD-001,PASS,PASS,PASS,PASS,PASS,PASS,PASS,PASS,PASS,PASS,PASS,PASS,PASS,PASS,PASS,refs=FR-006; automated deterministic structural gate
AC-2702,AUDIT-001,MOD-001,PASS,PASS,PASS,PASS,PASS,PASS,PASS,PASS,PASS,PASS,PASS,PASS,PASS,PASS,PASS,refs=FR-007; automated deterministic structural gate
AC-2703,AUDIT-001,MOD-001,PASS,PASS,PASS,PASS,PASS,PASS,PASS,PASS,PASS,PASS,PASS,PASS,PASS,PASS,PASS,refs=FR-008; automated deterministic structural gate
AC-2704,AUDIT-001,MOD-001,PASS,PASS,PASS,PASS,PASS,PASS,PASS,PASS,PASS,PASS,PASS,PASS,PASS,PASS,PASS,refs=FR-009; automated deterministic structural gate
AC-2705,AUDIT-001,MOD-001,PASS,PASS,PASS,PASS,PASS,PASS,PASS,PASS,PASS,PASS,PASS,PASS,PASS,PASS,PASS,refs=FR-010; automated deterministic structural gate
AC-2706,AUDIT-001,MOD-001,PASS,PASS,PASS,PASS,PASS,PASS,PASS,PASS,PASS,PASS,PASS,PASS,PASS,PASS,PASS,refs=FR-242; automated deterministic structural gate
AC-2707,AUDIT-002,MOD-002,PASS,PASS,PASS,PASS,PASS,PASS,PASS,PASS,PASS,PASS,PASS,PASS,PASS,PASS,PASS,refs=FR-012; automated deterministic structural gate
AC-2708,AUDIT-002,MOD-002,PASS,PASS,PASS,PASS,PASS,PASS,PASS,PASS,PASS,PASS,PASS,PASS,PASS,PASS,PASS,refs=FR-013; automated deterministic structural gate
AC-2709,AUDIT-002,MOD-002,PASS,PASS,PASS,PASS,PASS,PASS,PASS,PASS,PASS,PASS,PASS,PASS,PASS,PASS,PASS,refs=FR-014; automated deterministic structural gate
AC-2710,AUDIT-002,MOD-002,PASS,PASS,PASS,PASS,PASS,PASS,PASS,PASS,PASS,PASS,PASS,PASS,PASS,PASS,PASS,refs=FR-015; automated deterministic structural gate
AC-2711,AUDIT-002,MOD-002,PASS,PASS,PASS,PASS,PASS,PASS,PASS,PASS,PASS,PASS,PASS,PASS,PASS,PASS,PASS,refs=FR-016; automated deterministic structural gate
AC-2712,AUDIT-002,MOD-002,PASS,PASS,PASS,PASS,PASS,PASS,PASS,PASS,PASS,PASS,PASS,PASS,PASS,PASS,PASS,refs=FR-243; automated deterministic structural gate
AC-2713,AUDIT-002,MOD-002,PASS,PASS,PASS,PASS,PASS,PASS,PASS,PASS,PASS,PASS,PASS,PASS,PASS,PASS,PASS,refs=FR-244; automated deterministic structural gate
AC-2714,AUDIT-002,MOD-002,PASS,PASS,PASS,PASS,PASS,PASS,PASS,PASS,PASS,PASS,PASS,PASS,PASS,PASS,PASS,refs=FR-245; automated deterministic structural gate
AC-2715,AUDIT-003,MOD-003,PASS,PASS,PASS,PASS,PASS,PASS,PASS,PASS,PASS,PASS,PASS,PASS,PASS,PASS,PASS,refs=FR-246; automated deterministic structural gate
AC-2716,AUDIT-004,MOD-004,PASS,PASS,PASS,PASS,PASS,PASS,PASS,PASS,PASS,PASS,PASS,PASS,PASS,PASS,PASS,refs=FR-019; automated deterministic structural gate
AC-2717,AUDIT-004,MOD-004,PASS,PASS,PASS,PASS,PASS,PASS,PASS,PASS,PASS,PASS,PASS,PASS,PASS,PASS,PASS,refs=FR-020; automated deterministic structural gate
AC-2718,AUDIT-004,MOD-004,PASS,PASS,PASS,PASS,PASS,PASS,PASS,PASS,PASS,PASS,PASS,PASS,PASS,PASS,PASS,refs=FR-021; automated deterministic structural gate
AC-2719,AUDIT-004,MOD-004,PASS,PASS,PASS,PASS,PASS,PASS,PASS,PASS,PASS,PASS,PASS,PASS,PASS,PASS,PASS,refs=FR-022; automated deterministic structural gate
AC-2720,AUDIT-004,MOD-004,PASS,PASS,PASS,PASS,PASS,PASS,PASS,PASS,PASS,PASS,PASS,PASS,PASS,PASS,PASS,refs=FR-023; automated deterministic structural gate
AC-2721,AUDIT-004,MOD-004,PASS,PASS,PASS,PASS,PASS,PASS,PASS,PASS,PASS,PASS,PASS,PASS,PASS,PASS,PASS,refs=FR-024; automated deterministic structural gate
AC-2722,AUDIT-004,MOD-004,PASS,PASS,PASS,PASS,PASS,PASS,PASS,PASS,PASS,PASS,PASS,PASS,PASS,PASS,PASS,refs=FR-025; automated deterministic structural gate
AC-2723,AUDIT-004,MOD-004,PASS,PASS,PASS,PASS,PASS,PASS,PASS,PASS,PASS,PASS,PASS,PASS,PASS,PASS,PASS,refs=FR-247; automated deterministic structural gate
AC-2724,AUDIT-005,MOD-005,PASS,PASS,PASS,PASS,PASS,PASS,PASS,PASS,PASS,PASS,PASS,PASS,PASS,PASS,PASS,refs=FR-027; automated deterministic structural gate
AC-2725,AUDIT-005,MOD-005,PASS,PASS,PASS,PASS,PASS,PASS,PASS,PASS,PASS,PASS,PASS,PASS,PASS,PASS,PASS,refs=FR-028; automated deterministic structural gate
AC-2726,AUDIT-005,MOD-005,PASS,PASS,PASS,PASS,PASS,PASS,PASS,PASS,PASS,PASS,PASS,PASS,PASS,PASS,PASS,refs=FR-029; automated deterministic structural gate
AC-2727,AUDIT-005,MOD-005,PASS,PASS,PASS,PASS,PASS,PASS,PASS,PASS,PASS,PASS,PASS,PASS,PASS,PASS,PASS,refs=FR-030; automated deterministic structural gate
AC-2728,AUDIT-005,MOD-005,PASS,PASS,PASS,PASS,PASS,PASS,PASS,PASS,PASS,PASS,PASS,PASS,PASS,PASS,PASS,refs=FR-031; automated deterministic structural gate
AC-2729,AUDIT-005,MOD-005,PASS,PASS,PASS,PASS,PASS,PASS,PASS,PASS,PASS,PASS,PASS,PASS,PASS,PASS,PASS,refs=FR-032; automated deterministic structural gate
AC-2730,AUDIT-005,MOD-005,PASS,PASS,PASS,PASS,PASS,PASS,PASS,PASS,PASS,PASS,PASS,PASS,PASS,PASS,PASS,refs=FR-033; automated deterministic structural gate
AC-2731,AUDIT-005,MOD-005,PASS,PASS,PASS,PASS,PASS,PASS,PASS,PASS,PASS,PASS,PASS,PASS,PASS,PASS,PASS,refs=FR-034; automated deterministic structural gate
AC-2732,AUDIT-005,MOD-005,PASS,PASS,PASS,PASS,PASS,PASS,PASS,PASS,PASS,PASS,PASS,PASS,PASS,PASS,PASS,refs=FR-035; automated deterministic structural gate
AC-2733,AUDIT-005,MOD-005,PASS,PASS,PASS,PASS,PASS,PASS,PASS,PASS,PASS,PASS,PASS,PASS,PASS,PASS,PASS,refs=FR-036; automated deterministic structural gate
AC-2734,AUDIT-005,MOD-005,PASS,PASS,PASS,PASS,PASS,PASS,PASS,PASS,PASS,PASS,PASS,PASS,PASS,PASS,PASS,refs=FR-037; automated deterministic structural gate
AC-2735,AUDIT-005,MOD-005,PASS,PASS,PASS,PASS,PASS,PASS,PASS,PASS,PASS,PASS,PASS,PASS,PASS,PASS,PASS,refs=FR-038; automated deterministic structural gate
AC-2736,AUDIT-005,MOD-005,PASS,PASS,PASS,PASS,PASS,PASS,PASS,PASS,PASS,PASS,PASS,PASS,PASS,PASS,PASS,refs=FR-039; automated deterministic structural gate
AC-2737,AUDIT-005,MOD-005,PASS,PASS,PASS,PASS,PASS,PASS,PASS,PASS,PASS,PASS,PASS,PASS,PASS,PASS,PASS,refs=FR-040; automated deterministic structural gate
AC-2738,AUDIT-005,MOD-005,PASS,PASS,PASS,PASS,PASS,PASS,PASS,PASS,PASS,PASS,PASS,PASS,PASS,PASS,PASS,refs=FR-248; automated deterministic structural gate
AC-2739,AUDIT-005,MOD-005,PASS,PASS,PASS,PASS,PASS,PASS,PASS,PASS,PASS,PASS,PASS,PASS,PASS,PASS,PASS,refs=FR-249; automated deterministic structural gate
AC-2740,AUDIT-005,MOD-005,PASS,PASS,PASS,PASS,PASS,PASS,PASS,PASS,PASS,PASS,PASS,PASS,PASS,PASS,PASS,refs=FR-250; automated deterministic structural gate
AC-2741,AUDIT-006,MOD-006,PASS,PASS,PASS,PASS,PASS,PASS,PASS,PASS,PASS,PASS,PASS,PASS,PASS,PASS,PASS,refs=FR-042; automated deterministic structural gate
AC-2742,AUDIT-006,MOD-006,PASS,PASS,PASS,PASS,PASS,PASS,PASS,PASS,PASS,PASS,PASS,PASS,PASS,PASS,PASS,refs=FR-043; automated deterministic structural gate
AC-2743,AUDIT-006,MOD-006,PASS,PASS,PASS,PASS,PASS,PASS,PASS,PASS,PASS,PASS,PASS,PASS,PASS,PASS,PASS,refs=FR-044; automated deterministic structural gate
AC-2744,AUDIT-006,MOD-006,PASS,PASS,PASS,PASS,PASS,PASS,PASS,PASS,PASS,PASS,PASS,PASS,PASS,PASS,PASS,refs=FR-045; automated deterministic structural gate
AC-2745,AUDIT-006,MOD-006,PASS,PASS,PASS,PASS,PASS,PASS,PASS,PASS,PASS,PASS,PASS,PASS,PASS,PASS,PASS,refs=FR-046; automated deterministic structural gate
AC-2746,AUDIT-006,MOD-006,PASS,PASS,PASS,PASS,PASS,PASS,PASS,PASS,PASS,PASS,PASS,PASS,PASS,PASS,PASS,refs=FR-047; automated deterministic structural gate
AC-2747,AUDIT-006,MOD-006,PASS,PASS,PASS,PASS,PASS,PASS,PASS,PASS,PASS,PASS,PASS,PASS,PASS,PASS,PASS,refs=FR-048; automated deterministic structural gate
AC-2748,AUDIT-006,MOD-006,PASS,PASS,PASS,PASS,PASS,PASS,PASS,PASS,PASS,PASS,PASS,PASS,PASS,PASS,PASS,refs=FR-049; automated deterministic structural gate
AC-2749,AUDIT-006,MOD-006,PASS,PASS,PASS,PASS,PASS,PASS,PASS,PASS,PASS,PASS,PASS,PASS,PASS,PASS,PASS,refs=FR-050; automated deterministic structural gate
AC-2750,AUDIT-006,MOD-006,PASS,PASS,PASS,PASS,PASS,PASS,PASS,PASS,PASS,PASS,PASS,PASS,PASS,PASS,PASS,refs=FR-051; automated deterministic structural gate
AC-2751,AUDIT-006,MOD-006,PASS,PASS,PASS,PASS,PASS,PASS,PASS,PASS,PASS,PASS,PASS,PASS,PASS,PASS,PASS,refs=FR-251; automated deterministic structural gate
AC-2752,AUDIT-007,MOD-007,PASS,PASS,PASS,PASS,PASS,PASS,PASS,PASS,PASS,PASS,PASS,PASS,PASS,PASS,PASS,refs=FR-053; automated deterministic structural gate
AC-2753,AUDIT-007,MOD-007,PASS,PASS,PASS,PASS,PASS,PASS,PASS,PASS,PASS,PASS,PASS,PASS,PASS,PASS,PASS,refs=FR-054; automated deterministic structural gate
AC-2754,AUDIT-007,MOD-007,PASS,PASS,PASS,PASS,PASS,PASS,PASS,PASS,PASS,PASS,PASS,PASS,PASS,PASS,PASS,refs=FR-055; automated deterministic structural gate
AC-2755,AUDIT-007,MOD-007,PASS,PASS,PASS,PASS,PASS,PASS,PASS,PASS,PASS,PASS,PASS,PASS,PASS,PASS,PASS,refs=FR-056; automated deterministic structural gate
AC-2756,AUDIT-007,MOD-007,PASS,PASS,PASS,PASS,PASS,PASS,PASS,PASS,PASS,PASS,PASS,PASS,PASS,PASS,PASS,refs=FR-057; automated deterministic structural gate
AC-2757,AUDIT-007,MOD-007,PASS,PASS,PASS,PASS,PASS,PASS,PASS,PASS,PASS,PASS,PASS,PASS,PASS,PASS,PASS,refs=FR-058; automated deterministic structural gate
AC-2758,AUDIT-007,MOD-007,PASS,PASS,PASS,PASS,PASS,PASS,PASS,PASS,PASS,PASS,PASS,PASS,PASS,PASS,PASS,refs=FR-059; automated deterministic structural gate
AC-2759,AUDIT-007,MOD-007,PASS,PASS,PASS,PASS,PASS,PASS,PASS,PASS,PASS,PASS,PASS,PASS,PASS,PASS,PASS,refs=FR-060; automated deterministic structural gate
AC-2760,AUDIT-007,MOD-007,PASS,PASS,PASS,PASS,PASS,PASS,PASS,PASS,PASS,PASS,PASS,PASS,PASS,PASS,PASS,refs=FR-061; automated deterministic structural gate
AC-2761,AUDIT-007,MOD-007,PASS,PASS,PASS,PASS,PASS,PASS,PASS,PASS,PASS,PASS,PASS,PASS,PASS,PASS,PASS,refs=FR-252; automated deterministic structural gate
AC-2762,AUDIT-008,MOD-008,PASS,PASS,PASS,PASS,PASS,PASS,PASS,PASS,PASS,PASS,PASS,PASS,PASS,PASS,PASS,refs=FR-063; automated deterministic structural gate
AC-2763,AUDIT-008,MOD-008,PASS,PASS,PASS,PASS,PASS,PASS,PASS,PASS,PASS,PASS,PASS,PASS,PASS,PASS,PASS,refs=FR-064; automated deterministic structural gate
AC-2764,AUDIT-008,MOD-008,PASS,PASS,PASS,PASS,PASS,PASS,PASS,PASS,PASS,PASS,PASS,PASS,PASS,PASS,PASS,refs=FR-065; automated deterministic structural gate
AC-2765,AUDIT-008,MOD-008,PASS,PASS,PASS,PASS,PASS,PASS,PASS,PASS,PASS,PASS,PASS,PASS,PASS,PASS,PASS,refs=FR-066; automated deterministic structural gate
AC-2766,AUDIT-008,MOD-008,PASS,PASS,PASS,PASS,PASS,PASS,PASS,PASS,PASS,PASS,PASS,PASS,PASS,PASS,PASS,refs=FR-067; automated deterministic structural gate
AC-2767,AUDIT-008,MOD-008,PASS,PASS,PASS,PASS,PASS,PASS,PASS,PASS,PASS,PASS,PASS,PASS,PASS,PASS,PASS,refs=FR-068; automated deterministic structural gate
AC-2768,AUDIT-008,MOD-008,PASS,PASS,PASS,PASS,PASS,PASS,PASS,PASS,PASS,PASS,PASS,PASS,PASS,PASS,PASS,refs=FR-069; automated deterministic structural gate
AC-2769,AUDIT-008,MOD-008,PASS,PASS,PASS,PASS,PASS,PASS,PASS,PASS,PASS,PASS,PASS,PASS,PASS,PASS,PASS,refs=FR-070; automated deterministic structural gate
AC-2770,AUDIT-008,MOD-008,PASS,PASS,PASS,PASS,PASS,PASS,PASS,PASS,PASS,PASS,PASS,PASS,PASS,PASS,PASS,refs=FR-253; automated deterministic structural gate
AC-2771,AUDIT-009,MOD-009,PASS,PASS,PASS,PASS,PASS,PASS,PASS,PASS,PASS,PASS,PASS,PASS,PASS,PASS,PASS,refs=FR-072; automated deterministic structural gate
AC-2772,AUDIT-009,MOD-009,PASS,PASS,PASS,PASS,PASS,PASS,PASS,PASS,PASS,PASS,PASS,PASS,PASS,PASS,PASS,refs=FR-073; automated deterministic structural gate
AC-2773,AUDIT-009,MOD-009,PASS,PASS,PASS,PASS,PASS,PASS,PASS,PASS,PASS,PASS,PASS,PASS,PASS,PASS,PASS,refs=FR-074; automated deterministic structural gate
AC-2774,AUDIT-009,MOD-009,PASS,PASS,PASS,PASS,PASS,PASS,PASS,PASS,PASS,PASS,PASS,PASS,PASS,PASS,PASS,refs=FR-075; automated deterministic structural gate
AC-2775,AUDIT-009,MOD-009,PASS,PASS,PASS,PASS,PASS,PASS,PASS,PASS,PASS,PASS,PASS,PASS,PASS,PASS,PASS,refs=FR-076; automated deterministic structural gate
AC-2776,AUDIT-009,MOD-009,PASS,PASS,PASS,PASS,PASS,PASS,PASS,PASS,PASS,PASS,PASS,PASS,PASS,PASS,PASS,refs=FR-077; automated deterministic structural gate
AC-2777,AUDIT-009,MOD-009,PASS,PASS,PASS,PASS,PASS,PASS,PASS,PASS,PASS,PASS,PASS,PASS,PASS,PASS,PASS,refs=FR-078; automated deterministic structural gate
AC-2778,AUDIT-009,MOD-009,PASS,PASS,PASS,PASS,PASS,PASS,PASS,PASS,PASS,PASS,PASS,PASS,PASS,PASS,PASS,refs=FR-079; automated deterministic structural gate
AC-2779,AUDIT-009,MOD-009,PASS,PASS,PASS,PASS,PASS,PASS,PASS,PASS,PASS,PASS,PASS,PASS,PASS,PASS,PASS,refs=FR-080; automated deterministic structural gate
AC-2780,AUDIT-009,MOD-009,PASS,PASS,PASS,PASS,PASS,PASS,PASS,PASS,PASS,PASS,PASS,PASS,PASS,PASS,PASS,refs=FR-081; automated deterministic structural gate
AC-2781,AUDIT-009,MOD-009,PASS,PASS,PASS,PASS,PASS,PASS,PASS,PASS,PASS,PASS,PASS,PASS,PASS,PASS,PASS,refs=FR-082; automated deterministic structural gate
AC-2782,AUDIT-009,MOD-009,PASS,PASS,PASS,PASS,PASS,PASS,PASS,PASS,PASS,PASS,PASS,PASS,PASS,PASS,PASS,refs=FR-254; automated deterministic structural gate
AC-2783,AUDIT-010,MOD-010,PASS,PASS,PASS,PASS,PASS,PASS,PASS,PASS,PASS,PASS,PASS,PASS,PASS,PASS,PASS,refs=FR-084; automated deterministic structural gate
AC-2784,AUDIT-010,MOD-010,PASS,PASS,PASS,PASS,PASS,PASS,PASS,PASS,PASS,PASS,PASS,PASS,PASS,PASS,PASS,refs=FR-085; automated deterministic structural gate
AC-2785,AUDIT-010,MOD-010,PASS,PASS,PASS,PASS,PASS,PASS,PASS,PASS,PASS,PASS,PASS,PASS,PASS,PASS,PASS,refs=FR-086; automated deterministic structural gate
AC-2786,AUDIT-010,MOD-010,PASS,PASS,PASS,PASS,PASS,PASS,PASS,PASS,PASS,PASS,PASS,PASS,PASS,PASS,PASS,refs=FR-087; automated deterministic structural gate
AC-2787,AUDIT-010,MOD-010,PASS,PASS,PASS,PASS,PASS,PASS,PASS,PASS,PASS,PASS,PASS,PASS,PASS,PASS,PASS,refs=FR-088; automated deterministic structural gate
AC-2788,AUDIT-010,MOD-010,PASS,PASS,PASS,PASS,PASS,PASS,PASS,PASS,PASS,PASS,PASS,PASS,PASS,PASS,PASS,refs=FR-089; automated deterministic structural gate
AC-2789,AUDIT-010,MOD-010,PASS,PASS,PASS,PASS,PASS,PASS,PASS,PASS,PASS,PASS,PASS,PASS,PASS,PASS,PASS,refs=FR-090; automated deterministic structural gate
AC-2790,AUDIT-010,MOD-010,PASS,PASS,PASS,PASS,PASS,PASS,PASS,PASS,PASS,PASS,PASS,PASS,PASS,PASS,PASS,refs=FR-091; automated deterministic structural gate
AC-2791,AUDIT-010,MOD-010,PASS,PASS,PASS,PASS,PASS,PASS,PASS,PASS,PASS,PASS,PASS,PASS,PASS,PASS,PASS,refs=FR-092; automated deterministic structural gate
AC-2792,AUDIT-010,MOD-010,PASS,PASS,PASS,PASS,PASS,PASS,PASS,PASS,PASS,PASS,PASS,PASS,PASS,PASS,PASS,refs=FR-093; automated deterministic structural gate
AC-2793,AUDIT-010,MOD-010,PASS,PASS,PASS,PASS,PASS,PASS,PASS,PASS,PASS,PASS,PASS,PASS,PASS,PASS,PASS,refs=FR-094; automated deterministic structural gate
AC-2794,AUDIT-010,MOD-010,PASS,PASS,PASS,PASS,PASS,PASS,PASS,PASS,PASS,PASS,PASS,PASS,PASS,PASS,PASS,refs=FR-095; automated deterministic structural gate
AC-2795,AUDIT-010,MOD-010,PASS,PASS,PASS,PASS,PASS,PASS,PASS,PASS,PASS,PASS,PASS,PASS,PASS,PASS,PASS,refs=FR-096; automated deterministic structural gate
AC-2796,AUDIT-010,MOD-010,PASS,PASS,PASS,PASS,PASS,PASS,PASS,PASS,PASS,PASS,PASS,PASS,PASS,PASS,PASS,refs=FR-255; automated deterministic structural gate
AC-2797,AUDIT-011,MOD-011,PASS,PASS,PASS,PASS,PASS,PASS,PASS,PASS,PASS,PASS,PASS,PASS,PASS,PASS,PASS,refs=FR-098; automated deterministic structural gate
AC-2798,AUDIT-011,MOD-011,PASS,PASS,PASS,PASS,PASS,PASS,PASS,PASS,PASS,PASS,PASS,PASS,PASS,PASS,PASS,refs=FR-099; automated deterministic structural gate
AC-2799,AUDIT-011,MOD-011,PASS,PASS,PASS,PASS,PASS,PASS,PASS,PASS,PASS,PASS,PASS,PASS,PASS,PASS,PASS,refs=FR-100; automated deterministic structural gate
AC-2800,AUDIT-011,MOD-011,PASS,PASS,PASS,PASS,PASS,PASS,PASS,PASS,PASS,PASS,PASS,PASS,PASS,PASS,PASS,refs=FR-101; automated deterministic structural gate
AC-2801,AUDIT-011,MOD-011,PASS,PASS,PASS,PASS,PASS,PASS,PASS,PASS,PASS,PASS,PASS,PASS,PASS,PASS,PASS,refs=FR-102; automated deterministic structural gate
AC-2802,AUDIT-011,MOD-011,PASS,PASS,PASS,PASS,PASS,PASS,PASS,PASS,PASS,PASS,PASS,PASS,PASS,PASS,PASS,refs=FR-103; automated deterministic structural gate
AC-2803,AUDIT-011,MOD-011,PASS,PASS,PASS,PASS,PASS,PASS,PASS,PASS,PASS,PASS,PASS,PASS,PASS,PASS,PASS,refs=FR-104; automated deterministic structural gate
AC-2804,AUDIT-011,MOD-011,PASS,PASS,PASS,PASS,PASS,PASS,PASS,PASS,PASS,PASS,PASS,PASS,PASS,PASS,PASS,refs=FR-105; automated deterministic structural gate
AC-2805,AUDIT-011,MOD-011,PASS,PASS,PASS,PASS,PASS,PASS,PASS,PASS,PASS,PASS,PASS,PASS,PASS,PASS,PASS,refs=FR-106; automated deterministic structural gate
AC-2806,AUDIT-011,MOD-011,PASS,PASS,PASS,PASS,PASS,PASS,PASS,PASS,PASS,PASS,PASS,PASS,PASS,PASS,PASS,refs=FR-107; automated deterministic structural gate
AC-2807,AUDIT-011,MOD-011,PASS,PASS,PASS,PASS,PASS,PASS,PASS,PASS,PASS,PASS,PASS,PASS,PASS,PASS,PASS,refs=FR-108; automated deterministic structural gate
AC-2808,AUDIT-011,MOD-011,PASS,PASS,PASS,PASS,PASS,PASS,PASS,PASS,PASS,PASS,PASS,PASS,PASS,PASS,PASS,refs=FR-109; automated deterministic structural gate
AC-2809,AUDIT-011,MOD-011,PASS,PASS,PASS,PASS,PASS,PASS,PASS,PASS,PASS,PASS,PASS,PASS,PASS,PASS,PASS,refs=FR-110; automated deterministic structural gate
AC-2810,AUDIT-011,MOD-011,PASS,PASS,PASS,PASS,PASS,PASS,PASS,PASS,PASS,PASS,PASS,PASS,PASS,PASS,PASS,refs=FR-111; automated deterministic structural gate
AC-2811,AUDIT-011,MOD-011,PASS,PASS,PASS,PASS,PASS,PASS,PASS,PASS,PASS,PASS,PASS,PASS,PASS,PASS,PASS,refs=FR-112; automated deterministic structural gate
AC-2812,AUDIT-011,MOD-011,PASS,PASS,PASS,PASS,PASS,PASS,PASS,PASS,PASS,PASS,PASS,PASS,PASS,PASS,PASS,refs=FR-256; automated deterministic structural gate
AC-2813,AUDIT-011,MOD-011,PASS,PASS,PASS,PASS,PASS,PASS,PASS,PASS,PASS,PASS,PASS,PASS,PASS,PASS,PASS,refs=FR-257; automated deterministic structural gate
AC-2814,AUDIT-012,MOD-012,PASS,PASS,PASS,PASS,PASS,PASS,PASS,PASS,PASS,PASS,PASS,PASS,PASS,PASS,PASS,refs=FR-114; automated deterministic structural gate
AC-2815,AUDIT-012,MOD-012,PASS,PASS,PASS,PASS,PASS,PASS,PASS,PASS,PASS,PASS,PASS,PASS,PASS,PASS,PASS,refs=FR-115; automated deterministic structural gate
AC-2816,AUDIT-012,MOD-012,PASS,PASS,PASS,PASS,PASS,PASS,PASS,PASS,PASS,PASS,PASS,PASS,PASS,PASS,PASS,refs=FR-116; automated deterministic structural gate
AC-2817,AUDIT-012,MOD-012,PASS,PASS,PASS,PASS,PASS,PASS,PASS,PASS,PASS,PASS,PASS,PASS,PASS,PASS,PASS,refs=FR-117; automated deterministic structural gate
AC-2818,AUDIT-012,MOD-012,PASS,PASS,PASS,PASS,PASS,PASS,PASS,PASS,PASS,PASS,PASS,PASS,PASS,PASS,PASS,refs=FR-118; automated deterministic structural gate
AC-2819,AUDIT-012,MOD-012,PASS,PASS,PASS,PASS,PASS,PASS,PASS,PASS,PASS,PASS,PASS,PASS,PASS,PASS,PASS,refs=FR-119; automated deterministic structural gate
AC-2820,AUDIT-012,MOD-012,PASS,PASS,PASS,PASS,PASS,PASS,PASS,PASS,PASS,PASS,PASS,PASS,PASS,PASS,PASS,refs=FR-120; automated deterministic structural gate
AC-2821,AUDIT-012,MOD-012,PASS,PASS,PASS,PASS,PASS,PASS,PASS,PASS,PASS,PASS,PASS,PASS,PASS,PASS,PASS,refs=FR-121; automated deterministic structural gate
AC-2822,AUDIT-012,MOD-012,PASS,PASS,PASS,PASS,PASS,PASS,PASS,PASS,PASS,PASS,PASS,PASS,PASS,PASS,PASS,refs=FR-122; automated deterministic structural gate
AC-2823,AUDIT-012,MOD-012,PASS,PASS,PASS,PASS,PASS,PASS,PASS,PASS,PASS,PASS,PASS,PASS,PASS,PASS,PASS,refs=FR-123; automated deterministic structural gate
AC-2824,AUDIT-012,MOD-012,PASS,PASS,PASS,PASS,PASS,PASS,PASS,PASS,PASS,PASS,PASS,PASS,PASS,PASS,PASS,refs=FR-124; automated deterministic structural gate
AC-2825,AUDIT-012,MOD-012,PASS,PASS,PASS,PASS,PASS,PASS,PASS,PASS,PASS,PASS,PASS,PASS,PASS,PASS,PASS,refs=FR-125; automated deterministic structural gate
AC-2826,AUDIT-012,MOD-012,PASS,PASS,PASS,PASS,PASS,PASS,PASS,PASS,PASS,PASS,PASS,PASS,PASS,PASS,PASS,refs=FR-126; automated deterministic structural gate
AC-2827,AUDIT-012,MOD-012,PASS,PASS,PASS,PASS,PASS,PASS,PASS,PASS,PASS,PASS,PASS,PASS,PASS,PASS,PASS,refs=FR-127; automated deterministic structural gate
AC-2828,AUDIT-012,MOD-012,PASS,PASS,PASS,PASS,PASS,PASS,PASS,PASS,PASS,PASS,PASS,PASS,PASS,PASS,PASS,refs=FR-128; automated deterministic structural gate
AC-2829,AUDIT-012,MOD-012,PASS,PASS,PASS,PASS,PASS,PASS,PASS,PASS,PASS,PASS,PASS,PASS,PASS,PASS,PASS,refs=FR-129; automated deterministic structural gate
AC-2830,AUDIT-012,MOD-012,PASS,PASS,PASS,PASS,PASS,PASS,PASS,PASS,PASS,PASS,PASS,PASS,PASS,PASS,PASS,refs=FR-130; automated deterministic structural gate
AC-2831,AUDIT-012,MOD-012,PASS,PASS,PASS,PASS,PASS,PASS,PASS,PASS,PASS,PASS,PASS,PASS,PASS,PASS,PASS,refs=FR-131; automated deterministic structural gate
AC-2832,AUDIT-012,MOD-012,PASS,PASS,PASS,PASS,PASS,PASS,PASS,PASS,PASS,PASS,PASS,PASS,PASS,PASS,PASS,refs=FR-132; automated deterministic structural gate
AC-2833,AUDIT-012,MOD-012,PASS,PASS,PASS,PASS,PASS,PASS,PASS,PASS,PASS,PASS,PASS,PASS,PASS,PASS,PASS,refs=FR-133; automated deterministic structural gate
AC-2834,AUDIT-012,MOD-012,PASS,PASS,PASS,PASS,PASS,PASS,PASS,PASS,PASS,PASS,PASS,PASS,PASS,PASS,PASS,refs=FR-134; automated deterministic structural gate
AC-2835,AUDIT-012,MOD-012,PASS,PASS,PASS,PASS,PASS,PASS,PASS,PASS,PASS,PASS,PASS,PASS,PASS,PASS,PASS,refs=FR-258; automated deterministic structural gate
AC-2836,AUDIT-013,MOD-013,PASS,PASS,PASS,PASS,PASS,PASS,PASS,PASS,PASS,PASS,PASS,PASS,PASS,PASS,PASS,refs=FR-136; automated deterministic structural gate
AC-2837,AUDIT-013,MOD-013,PASS,PASS,PASS,PASS,PASS,PASS,PASS,PASS,PASS,PASS,PASS,PASS,PASS,PASS,PASS,refs=FR-137; automated deterministic structural gate
AC-2838,AUDIT-013,MOD-013,PASS,PASS,PASS,PASS,PASS,PASS,PASS,PASS,PASS,PASS,PASS,PASS,PASS,PASS,PASS,refs=FR-138; automated deterministic structural gate
AC-2839,AUDIT-013,MOD-013,PASS,PASS,PASS,PASS,PASS,PASS,PASS,PASS,PASS,PASS,PASS,PASS,PASS,PASS,PASS,refs=FR-139; automated deterministic structural gate
AC-2840,AUDIT-013,MOD-013,PASS,PASS,PASS,PASS,PASS,PASS,PASS,PASS,PASS,PASS,PASS,PASS,PASS,PASS,PASS,refs=FR-140; automated deterministic structural gate
AC-2841,AUDIT-013,MOD-013,PASS,PASS,PASS,PASS,PASS,PASS,PASS,PASS,PASS,PASS,PASS,PASS,PASS,PASS,PASS,refs=FR-141; automated deterministic structural gate
AC-2842,AUDIT-013,MOD-013,PASS,PASS,PASS,PASS,PASS,PASS,PASS,PASS,PASS,PASS,PASS,PASS,PASS,PASS,PASS,refs=FR-142; automated deterministic structural gate
AC-2843,AUDIT-013,MOD-013,PASS,PASS,PASS,PASS,PASS,PASS,PASS,PASS,PASS,PASS,PASS,PASS,PASS,PASS,PASS,refs=FR-143; automated deterministic structural gate
AC-2844,AUDIT-013,MOD-013,PASS,PASS,PASS,PASS,PASS,PASS,PASS,PASS,PASS,PASS,PASS,PASS,PASS,PASS,PASS,refs=FR-144; automated deterministic structural gate
AC-2845,AUDIT-013,MOD-013,PASS,PASS,PASS,PASS,PASS,PASS,PASS,PASS,PASS,PASS,PASS,PASS,PASS,PASS,PASS,refs=FR-145; automated deterministic structural gate
AC-2846,AUDIT-013,MOD-013,PASS,PASS,PASS,PASS,PASS,PASS,PASS,PASS,PASS,PASS,PASS,PASS,PASS,PASS,PASS,refs=FR-146; automated deterministic structural gate
AC-2847,AUDIT-013,MOD-013,PASS,PASS,PASS,PASS,PASS,PASS,PASS,PASS,PASS,PASS,PASS,PASS,PASS,PASS,PASS,refs=FR-147; automated deterministic structural gate
AC-2848,AUDIT-013,MOD-013,PASS,PASS,PASS,PASS,PASS,PASS,PASS,PASS,PASS,PASS,PASS,PASS,PASS,PASS,PASS,refs=FR-148; automated deterministic structural gate
AC-2849,AUDIT-013,MOD-013,PASS,PASS,PASS,PASS,PASS,PASS,PASS,PASS,PASS,PASS,PASS,PASS,PASS,PASS,PASS,refs=FR-149; automated deterministic structural gate
AC-2850,AUDIT-013,MOD-013,PASS,PASS,PASS,PASS,PASS,PASS,PASS,PASS,PASS,PASS,PASS,PASS,PASS,PASS,PASS,refs=FR-150; automated deterministic structural gate
AC-2851,AUDIT-013,MOD-013,PASS,PASS,PASS,PASS,PASS,PASS,PASS,PASS,PASS,PASS,PASS,PASS,PASS,PASS,PASS,refs=FR-151; automated deterministic structural gate
AC-2852,AUDIT-013,MOD-013,PASS,PASS,PASS,PASS,PASS,PASS,PASS,PASS,PASS,PASS,PASS,PASS,PASS,PASS,PASS,refs=FR-152; automated deterministic structural gate
AC-2853,AUDIT-013,MOD-013,PASS,PASS,PASS,PASS,PASS,PASS,PASS,PASS,PASS,PASS,PASS,PASS,PASS,PASS,PASS,refs=FR-153; automated deterministic structural gate
AC-2854,AUDIT-013,MOD-013,PASS,PASS,PASS,PASS,PASS,PASS,PASS,PASS,PASS,PASS,PASS,PASS,PASS,PASS,PASS,refs=FR-154; automated deterministic structural gate
AC-2855,AUDIT-013,MOD-013,PASS,PASS,PASS,PASS,PASS,PASS,PASS,PASS,PASS,PASS,PASS,PASS,PASS,PASS,PASS,refs=FR-155; automated deterministic structural gate
AC-2856,AUDIT-013,MOD-013,PASS,PASS,PASS,PASS,PASS,PASS,PASS,PASS,PASS,PASS,PASS,PASS,PASS,PASS,PASS,refs=FR-156; automated deterministic structural gate
AC-2857,AUDIT-013,MOD-013,PASS,PASS,PASS,PASS,PASS,PASS,PASS,PASS,PASS,PASS,PASS,PASS,PASS,PASS,PASS,refs=FR-157; automated deterministic structural gate
AC-2858,AUDIT-013,MOD-013,PASS,PASS,PASS,PASS,PASS,PASS,PASS,PASS,PASS,PASS,PASS,PASS,PASS,PASS,PASS,refs=FR-158; automated deterministic structural gate
AC-2859,AUDIT-013,MOD-013,PASS,PASS,PASS,PASS,PASS,PASS,PASS,PASS,PASS,PASS,PASS,PASS,PASS,PASS,PASS,refs=FR-259; automated deterministic structural gate
AC-2860,AUDIT-014,MOD-014,PASS,PASS,PASS,PASS,PASS,PASS,PASS,PASS,PASS,PASS,PASS,PASS,PASS,PASS,PASS,refs=FR-160; automated deterministic structural gate
AC-2861,AUDIT-014,MOD-014,PASS,PASS,PASS,PASS,PASS,PASS,PASS,PASS,PASS,PASS,PASS,PASS,PASS,PASS,PASS,refs=FR-260; automated deterministic structural gate
AC-2862,AUDIT-014,MOD-014,PASS,PASS,PASS,PASS,PASS,PASS,PASS,PASS,PASS,PASS,PASS,PASS,PASS,PASS,PASS,refs=FR-275; automated deterministic structural gate
AC-2863,AUDIT-014,MOD-014,PASS,PASS,PASS,PASS,PASS,PASS,PASS,PASS,PASS,PASS,PASS,PASS,PASS,PASS,PASS,refs=FR-276; automated deterministic structural gate
AC-2864,AUDIT-014,MOD-014,PASS,PASS,PASS,PASS,PASS,PASS,PASS,PASS,PASS,PASS,PASS,PASS,PASS,PASS,PASS,refs=FR-277; automated deterministic structural gate
AC-2865,AUDIT-014,MOD-014,PASS,PASS,PASS,PASS,PASS,PASS,PASS,PASS,PASS,PASS,PASS,PASS,PASS,PASS,PASS,refs=FR-278; automated deterministic structural gate
AC-2866,AUDIT-015,MOD-015,PASS,PASS,PASS,PASS,PASS,PASS,PASS,PASS,PASS,PASS,PASS,PASS,PASS,PASS,PASS,refs=FR-162; automated deterministic structural gate
AC-2867,AUDIT-015,MOD-015,PASS,PASS,PASS,PASS,PASS,PASS,PASS,PASS,PASS,PASS,PASS,PASS,PASS,PASS,PASS,refs=FR-163; automated deterministic structural gate
AC-2868,AUDIT-015,MOD-015,PASS,PASS,PASS,PASS,PASS,PASS,PASS,PASS,PASS,PASS,PASS,PASS,PASS,PASS,PASS,refs=FR-164; automated deterministic structural gate
AC-2869,AUDIT-015,MOD-015,PASS,PASS,PASS,PASS,PASS,PASS,PASS,PASS,PASS,PASS,PASS,PASS,PASS,PASS,PASS,refs=FR-165; automated deterministic structural gate
AC-2870,AUDIT-015,MOD-015,PASS,PASS,PASS,PASS,PASS,PASS,PASS,PASS,PASS,PASS,PASS,PASS,PASS,PASS,PASS,refs=FR-261; automated deterministic structural gate
AC-2871,AUDIT-015,MOD-015,PASS,PASS,PASS,PASS,PASS,PASS,PASS,PASS,PASS,PASS,PASS,PASS,PASS,PASS,PASS,refs=FR-279; automated deterministic structural gate
AC-2872,AUDIT-016,MOD-016,PASS,PASS,PASS,PASS,PASS,PASS,PASS,PASS,PASS,PASS,PASS,PASS,PASS,PASS,PASS,refs=FR-167; automated deterministic structural gate
AC-2873,AUDIT-016,MOD-016,PASS,PASS,PASS,PASS,PASS,PASS,PASS,PASS,PASS,PASS,PASS,PASS,PASS,PASS,PASS,refs=FR-262; automated deterministic structural gate
AC-2874,AUDIT-017,MOD-017,PASS,PASS,PASS,PASS,PASS,PASS,PASS,PASS,PASS,PASS,PASS,PASS,PASS,PASS,PASS,refs=FR-169; automated deterministic structural gate
AC-2875,AUDIT-017,MOD-017,PASS,PASS,PASS,PASS,PASS,PASS,PASS,PASS,PASS,PASS,PASS,PASS,PASS,PASS,PASS,refs=FR-170; automated deterministic structural gate
AC-2876,AUDIT-017,MOD-017,PASS,PASS,PASS,PASS,PASS,PASS,PASS,PASS,PASS,PASS,PASS,PASS,PASS,PASS,PASS,refs=FR-263; automated deterministic structural gate
AC-2877,AUDIT-018,MOD-018,PASS,PASS,PASS,PASS,PASS,PASS,PASS,PASS,PASS,PASS,PASS,PASS,PASS,PASS,PASS,refs=FR-172; automated deterministic structural gate
AC-2878,AUDIT-018,MOD-018,PASS,PASS,PASS,PASS,PASS,PASS,PASS,PASS,PASS,PASS,PASS,PASS,PASS,PASS,PASS,refs=FR-173; automated deterministic structural gate
AC-2879,AUDIT-018,MOD-018,PASS,PASS,PASS,PASS,PASS,PASS,PASS,PASS,PASS,PASS,PASS,PASS,PASS,PASS,PASS,refs=FR-174; automated deterministic structural gate
AC-2880,AUDIT-018,MOD-018,PASS,PASS,PASS,PASS,PASS,PASS,PASS,PASS,PASS,PASS,PASS,PASS,PASS,PASS,PASS,refs=FR-175; automated deterministic structural gate
AC-2881,AUDIT-018,MOD-018,PASS,PASS,PASS,PASS,PASS,PASS,PASS,PASS,PASS,PASS,PASS,PASS,PASS,PASS,PASS,refs=FR-176; automated deterministic structural gate
AC-2882,AUDIT-018,MOD-018,PASS,PASS,PASS,PASS,PASS,PASS,PASS,PASS,PASS,PASS,PASS,PASS,PASS,PASS,PASS,refs=FR-264; automated deterministic structural gate
AC-2883,AUDIT-018,MOD-018,PASS,PASS,PASS,PASS,PASS,PASS,PASS,PASS,PASS,PASS,PASS,PASS,PASS,PASS,PASS,refs=FR-270; automated deterministic structural gate
AC-2884,AUDIT-018,MOD-018,PASS,PASS,PASS,PASS,PASS,PASS,PASS,PASS,PASS,PASS,PASS,PASS,PASS,PASS,PASS,refs=FR-271; automated deterministic structural gate
AC-2885,AUDIT-018,MOD-018,PASS,PASS,PASS,PASS,PASS,PASS,PASS,PASS,PASS,PASS,PASS,PASS,PASS,PASS,PASS,refs=FR-272; automated deterministic structural gate
AC-2886,AUDIT-018,MOD-018,PASS,PASS,PASS,PASS,PASS,PASS,PASS,PASS,PASS,PASS,PASS,PASS,PASS,PASS,PASS,refs=FR-273; automated deterministic structural gate
AC-2887,AUDIT-018,MOD-018,PASS,PASS,PASS,PASS,PASS,PASS,PASS,PASS,PASS,PASS,PASS,PASS,PASS,PASS,PASS,refs=FR-274; automated deterministic structural gate
AC-2888,AUDIT-019,MOD-019,PASS,PASS,PASS,PASS,PASS,PASS,PASS,PASS,PASS,PASS,PASS,PASS,PASS,PASS,PASS,refs=FR-178; automated deterministic structural gate
AC-2889,AUDIT-019,MOD-019,PASS,PASS,PASS,PASS,PASS,PASS,PASS,PASS,PASS,PASS,PASS,PASS,PASS,PASS,PASS,refs=FR-179; automated deterministic structural gate
AC-2890,AUDIT-019,MOD-019,PASS,PASS,PASS,PASS,PASS,PASS,PASS,PASS,PASS,PASS,PASS,PASS,PASS,PASS,PASS,refs=FR-180; automated deterministic structural gate
AC-2891,AUDIT-019,MOD-019,PASS,PASS,PASS,PASS,PASS,PASS,PASS,PASS,PASS,PASS,PASS,PASS,PASS,PASS,PASS,refs=FR-181; automated deterministic structural gate
AC-2892,AUDIT-019,MOD-019,PASS,PASS,PASS,PASS,PASS,PASS,PASS,PASS,PASS,PASS,PASS,PASS,PASS,PASS,PASS,refs=FR-182; automated deterministic structural gate
AC-2893,AUDIT-019,MOD-019,PASS,PASS,PASS,PASS,PASS,PASS,PASS,PASS,PASS,PASS,PASS,PASS,PASS,PASS,PASS,refs=FR-183; automated deterministic structural gate
AC-2894,AUDIT-019,MOD-019,PASS,PASS,PASS,PASS,PASS,PASS,PASS,PASS,PASS,PASS,PASS,PASS,PASS,PASS,PASS,refs=FR-184; automated deterministic structural gate
AC-2895,AUDIT-019,MOD-019,PASS,PASS,PASS,PASS,PASS,PASS,PASS,PASS,PASS,PASS,PASS,PASS,PASS,PASS,PASS,refs=FR-185; automated deterministic structural gate
AC-2896,AUDIT-019,MOD-019,PASS,PASS,PASS,PASS,PASS,PASS,PASS,PASS,PASS,PASS,PASS,PASS,PASS,PASS,PASS,refs=FR-186; automated deterministic structural gate
AC-2897,AUDIT-019,MOD-019,PASS,PASS,PASS,PASS,PASS,PASS,PASS,PASS,PASS,PASS,PASS,PASS,PASS,PASS,PASS,refs=FR-187; automated deterministic structural gate
AC-2898,AUDIT-019,MOD-019,PASS,PASS,PASS,PASS,PASS,PASS,PASS,PASS,PASS,PASS,PASS,PASS,PASS,PASS,PASS,refs=FR-188; automated deterministic structural gate
AC-2899,AUDIT-019,MOD-019,PASS,PASS,PASS,PASS,PASS,PASS,PASS,PASS,PASS,PASS,PASS,PASS,PASS,PASS,PASS,refs=FR-189; automated deterministic structural gate
AC-2900,AUDIT-019,MOD-019,PASS,PASS,PASS,PASS,PASS,PASS,PASS,PASS,PASS,PASS,PASS,PASS,PASS,PASS,PASS,refs=FR-190; automated deterministic structural gate
AC-2901,AUDIT-019,MOD-019,PASS,PASS,PASS,PASS,PASS,PASS,PASS,PASS,PASS,PASS,PASS,PASS,PASS,PASS,PASS,refs=FR-191; automated deterministic structural gate
AC-2902,AUDIT-019,MOD-019,PASS,PASS,PASS,PASS,PASS,PASS,PASS,PASS,PASS,PASS,PASS,PASS,PASS,PASS,PASS,refs=FR-192; automated deterministic structural gate
AC-2903,AUDIT-019,MOD-019,PASS,PASS,PASS,PASS,PASS,PASS,PASS,PASS,PASS,PASS,PASS,PASS,PASS,PASS,PASS,refs=FR-193; automated deterministic structural gate
AC-2904,AUDIT-019,MOD-019,PASS,PASS,PASS,PASS,PASS,PASS,PASS,PASS,PASS,PASS,PASS,PASS,PASS,PASS,PASS,refs=FR-194; automated deterministic structural gate
AC-2905,AUDIT-019,MOD-019,PASS,PASS,PASS,PASS,PASS,PASS,PASS,PASS,PASS,PASS,PASS,PASS,PASS,PASS,PASS,refs=FR-195; automated deterministic structural gate
AC-2906,AUDIT-019,MOD-019,PASS,PASS,PASS,PASS,PASS,PASS,PASS,PASS,PASS,PASS,PASS,PASS,PASS,PASS,PASS,refs=FR-196; automated deterministic structural gate
AC-2907,AUDIT-019,MOD-019,PASS,PASS,PASS,PASS,PASS,PASS,PASS,PASS,PASS,PASS,PASS,PASS,PASS,PASS,PASS,refs=FR-197; automated deterministic structural gate
AC-2908,AUDIT-019,MOD-019,PASS,PASS,PASS,PASS,PASS,PASS,PASS,PASS,PASS,PASS,PASS,PASS,PASS,PASS,PASS,refs=FR-198; automated deterministic structural gate
AC-2909,AUDIT-019,MOD-019,PASS,PASS,PASS,PASS,PASS,PASS,PASS,PASS,PASS,PASS,PASS,PASS,PASS,PASS,PASS,refs=FR-199; automated deterministic structural gate
AC-2910,AUDIT-019,MOD-019,PASS,PASS,PASS,PASS,PASS,PASS,PASS,PASS,PASS,PASS,PASS,PASS,PASS,PASS,PASS,refs=FR-200; automated deterministic structural gate
AC-2911,AUDIT-019,MOD-019,PASS,PASS,PASS,PASS,PASS,PASS,PASS,PASS,PASS,PASS,PASS,PASS,PASS,PASS,PASS,refs=FR-201; automated deterministic structural gate
AC-2912,AUDIT-019,MOD-019,PASS,PASS,PASS,PASS,PASS,PASS,PASS,PASS,PASS,PASS,PASS,PASS,PASS,PASS,PASS,refs=FR-202; automated deterministic structural gate
AC-2913,AUDIT-019,MOD-019,PASS,PASS,PASS,PASS,PASS,PASS,PASS,PASS,PASS,PASS,PASS,PASS,PASS,PASS,PASS,refs=FR-203; automated deterministic structural gate
AC-2914,AUDIT-019,MOD-019,PASS,PASS,PASS,PASS,PASS,PASS,PASS,PASS,PASS,PASS,PASS,PASS,PASS,PASS,PASS,refs=FR-204; automated deterministic structural gate
AC-2915,AUDIT-019,MOD-019,PASS,PASS,PASS,PASS,PASS,PASS,PASS,PASS,PASS,PASS,PASS,PASS,PASS,PASS,PASS,refs=FR-205; automated deterministic structural gate
AC-2916,AUDIT-019,MOD-019,PASS,PASS,PASS,PASS,PASS,PASS,PASS,PASS,PASS,PASS,PASS,PASS,PASS,PASS,PASS,refs=FR-206; automated deterministic structural gate
AC-2917,AUDIT-019,MOD-019,PASS,PASS,PASS,PASS,PASS,PASS,PASS,PASS,PASS,PASS,PASS,PASS,PASS,PASS,PASS,refs=FR-207; automated deterministic structural gate
AC-2918,AUDIT-019,MOD-019,PASS,PASS,PASS,PASS,PASS,PASS,PASS,PASS,PASS,PASS,PASS,PASS,PASS,PASS,PASS,refs=FR-208; automated deterministic structural gate
AC-2919,AUDIT-019,MOD-019,PASS,PASS,PASS,PASS,PASS,PASS,PASS,PASS,PASS,PASS,PASS,PASS,PASS,PASS,PASS,refs=FR-209; automated deterministic structural gate
AC-2920,AUDIT-019,MOD-019,PASS,PASS,PASS,PASS,PASS,PASS,PASS,PASS,PASS,PASS,PASS,PASS,PASS,PASS,PASS,refs=FR-210; automated deterministic structural gate
AC-2921,AUDIT-019,MOD-019,PASS,PASS,PASS,PASS,PASS,PASS,PASS,PASS,PASS,PASS,PASS,PASS,PASS,PASS,PASS,refs=FR-211; automated deterministic structural gate
AC-2922,AUDIT-019,MOD-019,PASS,PASS,PASS,PASS,PASS,PASS,PASS,PASS,PASS,PASS,PASS,PASS,PASS,PASS,PASS,refs=FR-212; automated deterministic structural gate
AC-2923,AUDIT-019,MOD-019,PASS,PASS,PASS,PASS,PASS,PASS,PASS,PASS,PASS,PASS,PASS,PASS,PASS,PASS,PASS,refs=FR-213; automated deterministic structural gate
AC-2924,AUDIT-019,MOD-019,PASS,PASS,PASS,PASS,PASS,PASS,PASS,PASS,PASS,PASS,PASS,PASS,PASS,PASS,PASS,refs=FR-214; automated deterministic structural gate
AC-2925,AUDIT-019,MOD-019,PASS,PASS,PASS,PASS,PASS,PASS,PASS,PASS,PASS,PASS,PASS,PASS,PASS,PASS,PASS,refs=FR-215; automated deterministic structural gate
AC-2926,AUDIT-019,MOD-019,PASS,PASS,PASS,PASS,PASS,PASS,PASS,PASS,PASS,PASS,PASS,PASS,PASS,PASS,PASS,refs=FR-216; automated deterministic structural gate
AC-2927,AUDIT-019,MOD-019,PASS,PASS,PASS,PASS,PASS,PASS,PASS,PASS,PASS,PASS,PASS,PASS,PASS,PASS,PASS,refs=FR-217; automated deterministic structural gate
AC-2928,AUDIT-019,MOD-019,PASS,PASS,PASS,PASS,PASS,PASS,PASS,PASS,PASS,PASS,PASS,PASS,PASS,PASS,PASS,refs=FR-218; automated deterministic structural gate
AC-2929,AUDIT-019,MOD-019,PASS,PASS,PASS,PASS,PASS,PASS,PASS,PASS,PASS,PASS,PASS,PASS,PASS,PASS,PASS,refs=FR-219; automated deterministic structural gate
AC-2930,AUDIT-019,MOD-019,PASS,PASS,PASS,PASS,PASS,PASS,PASS,PASS,PASS,PASS,PASS,PASS,PASS,PASS,PASS,refs=FR-220; automated deterministic structural gate
AC-2931,AUDIT-019,MOD-019,PASS,PASS,PASS,PASS,PASS,PASS,PASS,PASS,PASS,PASS,PASS,PASS,PASS,PASS,PASS,refs=FR-221; automated deterministic structural gate
AC-2932,AUDIT-019,MOD-019,PASS,PASS,PASS,PASS,PASS,PASS,PASS,PASS,PASS,PASS,PASS,PASS,PASS,PASS,PASS,refs=FR-222; automated deterministic structural gate
AC-2933,AUDIT-019,MOD-019,PASS,PASS,PASS,PASS,PASS,PASS,PASS,PASS,PASS,PASS,PASS,PASS,PASS,PASS,PASS,refs=FR-223; automated deterministic structural gate
AC-2934,AUDIT-019,MOD-019,PASS,PASS,PASS,PASS,PASS,PASS,PASS,PASS,PASS,PASS,PASS,PASS,PASS,PASS,PASS,refs=FR-224; automated deterministic structural gate
AC-2935,AUDIT-019,MOD-019,PASS,PASS,PASS,PASS,PASS,PASS,PASS,PASS,PASS,PASS,PASS,PASS,PASS,PASS,PASS,refs=FR-225; automated deterministic structural gate
AC-2936,AUDIT-019,MOD-019,PASS,PASS,PASS,PASS,PASS,PASS,PASS,PASS,PASS,PASS,PASS,PASS,PASS,PASS,PASS,refs=FR-226; automated deterministic structural gate
AC-2937,AUDIT-019,MOD-019,PASS,PASS,PASS,PASS,PASS,PASS,PASS,PASS,PASS,PASS,PASS,PASS,PASS,PASS,PASS,refs=FR-227; automated deterministic structural gate
AC-2938,AUDIT-019,MOD-019,PASS,PASS,PASS,PASS,PASS,PASS,PASS,PASS,PASS,PASS,PASS,PASS,PASS,PASS,PASS,refs=FR-228; automated deterministic structural gate
AC-2939,AUDIT-019,MOD-019,PASS,PASS,PASS,PASS,PASS,PASS,PASS,PASS,PASS,PASS,PASS,PASS,PASS,PASS,PASS,refs=FR-229; automated deterministic structural gate
AC-2940,AUDIT-019,MOD-019,PASS,PASS,PASS,PASS,PASS,PASS,PASS,PASS,PASS,PASS,PASS,PASS,PASS,PASS,PASS,refs=FR-230; automated deterministic structural gate
AC-2941,AUDIT-019,MOD-019,PASS,PASS,PASS,PASS,PASS,PASS,PASS,PASS,PASS,PASS,PASS,PASS,PASS,PASS,PASS,refs=FR-265; automated deterministic structural gate
AC-2942,AUDIT-020,MOD-020,PASS,PASS,PASS,PASS,PASS,PASS,PASS,PASS,PASS,PASS,PASS,PASS,PASS,PASS,PASS,refs=FR-232; automated deterministic structural gate
AC-2943,AUDIT-020,MOD-020,PASS,PASS,PASS,PASS,PASS,PASS,PASS,PASS,PASS,PASS,PASS,PASS,PASS,PASS,PASS,refs=FR-233; automated deterministic structural gate
AC-2944,AUDIT-020,MOD-020,PASS,PASS,PASS,PASS,PASS,PASS,PASS,PASS,PASS,PASS,PASS,PASS,PASS,PASS,PASS,refs=FR-234; automated deterministic structural gate
AC-2945,AUDIT-020,MOD-020,PASS,PASS,PASS,PASS,PASS,PASS,PASS,PASS,PASS,PASS,PASS,PASS,PASS,PASS,PASS,refs=FR-266; automated deterministic structural gate
AC-2946,AUDIT-020,MOD-020,PASS,PASS,PASS,PASS,PASS,PASS,PASS,PASS,PASS,PASS,PASS,PASS,PASS,PASS,PASS,refs=FR-267; automated deterministic structural gate
AC-2947,AUDIT-020,MOD-020,PASS,PASS,PASS,PASS,PASS,PASS,PASS,PASS,PASS,PASS,PASS,PASS,PASS,PASS,PASS,refs=FR-268; automated deterministic structural gate
AC-2948,AUDIT-021,MOD-021,PASS,PASS,PASS,PASS,PASS,PASS,PASS,PASS,PASS,PASS,PASS,PASS,PASS,PASS,PASS,refs=FR-236; automated deterministic structural gate
AC-2949,AUDIT-021,MOD-021,PASS,PASS,PASS,PASS,PASS,PASS,PASS,PASS,PASS,PASS,PASS,PASS,PASS,PASS,PASS,refs=FR-237; automated deterministic structural gate
AC-2950,AUDIT-021,MOD-021,PASS,PASS,PASS,PASS,PASS,PASS,PASS,PASS,PASS,PASS,PASS,PASS,PASS,PASS,PASS,refs=FR-238; automated deterministic structural gate
AC-2951,AUDIT-021,MOD-021,PASS,PASS,PASS,PASS,PASS,PASS,PASS,PASS,PASS,PASS,PASS,PASS,PASS,PASS,PASS,refs=FR-239; automated deterministic structural gate
AC-2952,AUDIT-021,MOD-021,PASS,PASS,PASS,PASS,PASS,PASS,PASS,PASS,PASS,PASS,PASS,PASS,PASS,PASS,PASS,refs=FR-240; automated deterministic structural gate
AC-2953,AUDIT-021,MOD-021,PASS,PASS,PASS,PASS,PASS,PASS,PASS,PASS,PASS,PASS,PASS,PASS,PASS,PASS,PASS,refs=FR-241; automated deterministic structural gate
AC-2954,AUDIT-021,MOD-021,PASS,PASS,PASS,PASS,PASS,PASS,PASS,PASS,PASS,PASS,PASS,PASS,PASS,PASS,PASS,refs=FR-269; automated deterministic structural gate
