Operation ID,Method,Path,OpenAPI line,Request,Response,Permission,HTTP codes,Idempotency,Locking,FR IDs,AC IDs,UX IDs,Permission refs valid,Stable error refs valid,Coverage status,Evidence
GET_api_v1_admin_backups,GET,/api/v1/admin/backups,80,"query:type,status,from,to,page",Page<BackupRun>,Backup.Read,"200,401,403",Safe,—,FR-177,AC-1088;AC-1089;AC-1090,STATE-008;STATE-031;STATE-032;STATE-033;STATE-034;STATE-039,True,True,Trace-mapped,Operation-level: OpenAPI + api_catalog.csv + Stage_4_Requirements_Traceability_4.1.2.csv
POST_api_v1_admin_backups,POST,/api/v1/admin/backups,171,BackupRequest,BackupRun,Backup.Execute,"202,400,401,403,409,429",Idempotency-Key,—,FR-178;FR-179;FR-180,AC-1091;AC-1092;AC-1093;AC-1094;AC-1095;AC-1096;AC-1097;AC-1098;AC-1099;AC-1100;AC-1101;AC-1102;AC-1103;AC-1104;AC-1105;AC-1106;AC-1107;AC-1108;AC-1109,FLOW-028;STATE-007;STATE-008;STATE-009;STATE-014;STATE-017;STATE-018;STATE-020;STATE-021;STATE-024;STATE-026;STATE-031;STATE-032;STATE-033;STATE-034;STATE-039,True,True,Trace-mapped,Operation-level: OpenAPI + api_catalog.csv + Stage_4_Requirements_Traceability_4.1.2.csv
POST_api_v1_admin_backups_id_restore,POST,/api/v1/admin/backups/{id}/restore,259,RestoreBackupRequest,RestorePlan,Backup.Restore,"202,400,401,403,404,409,422",Idempotency-Key,—,FR-179,AC-1097;AC-1098;AC-1099;AC-1100;AC-1101;AC-1102;AC-1103,FLOW-028;STATE-007;STATE-008;STATE-009;STATE-014;STATE-017;STATE-018;STATE-020;STATE-021;STATE-024;STATE-026;STATE-031;STATE-032;STATE-033;STATE-034;STATE-039,True,True,Trace-mapped,Operation-level: OpenAPI + api_catalog.csv + Stage_4_Requirements_Traceability_4.1.2.csv
POST_api_v1_admin_backups_id_verify,POST,/api/v1/admin/backups/{id}/verify,366,BackupVerifyRequest,BackupRun,Backup.RestoreTest,"202,400,401,403,404,409",Idempotency-Key,—,FR-180,AC-1104;AC-1105;AC-1106;AC-1107;AC-1108;AC-1109,STATE-007;STATE-008;STATE-009;STATE-014;STATE-017;STATE-018;STATE-020;STATE-021;STATE-024;STATE-026;STATE-031;STATE-032;STATE-033;STATE-034;STATE-039,True,True,Trace-mapped,Operation-level: OpenAPI + api_catalog.csv + Stage_4_Requirements_Traceability_4.1.2.csv
POST_api_v1_admin_change_feed_compact,POST,/api/v1/admin/change-feed/compact,460,CompactionRequest,BackgroundJobRun,System.Configure,"202,400,401,403,409",Idempotency-Key,—,FR-181,AC-1110;AC-1111;AC-1112;AC-1113;AC-1114;AC-1115,STATE-007;STATE-008;STATE-014;STATE-017;STATE-018;STATE-020;STATE-021;STATE-024;STATE-026;STATE-031;STATE-032;STATE-033;STATE-034;STATE-039,True,True,Trace-mapped,Operation-level: OpenAPI + api_catalog.csv + Stage_4_Requirements_Traceability_4.1.2.csv
PUT_api_v1_admin_feature_flags_key,PUT,/api/v1/admin/feature-flags/{key},541,FeatureFlagPatch,FeatureFlag,System.Configure,"200,400,401,403,404,409,412,422,428",Idempotency-Key,If-Match,FR-182,AC-1116;AC-1117;AC-1118;AC-1119;AC-1120;AC-1121;AC-1122,STATE-007;STATE-008;STATE-009;STATE-014;STATE-017;STATE-018;STATE-020;STATE-021;STATE-024;STATE-025;STATE-026;STATE-031;STATE-032;STATE-033;STATE-034;STATE-039,True,True,Trace-mapped,Operation-level: OpenAPI + api_catalog.csv + Stage_4_Requirements_Traceability_4.1.2.csv
GET_api_v1_admin_jobs,GET,/api/v1/admin/jobs,663,"query:status,page",Page<BackgroundJob>,System.HealthRead,"200,401,403",Safe,—,FR-183;FR-185,AC-1123;AC-1124;AC-1125;AC-1132;AC-1133;AC-1134,STATE-008;STATE-009;STATE-031;STATE-032;STATE-033;STATE-034;STATE-039,True,True,Trace-mapped,Operation-level: OpenAPI + api_catalog.csv + Stage_4_Requirements_Traceability_4.1.2.csv
POST_api_v1_admin_jobs_code_run,POST,/api/v1/admin/jobs/{code}/run,730,JobRunRequest,BackgroundJobRun,System.Configure,"202,400,401,403,409,429",Idempotency-Key,—,FR-184,AC-1126;AC-1127;AC-1128;AC-1129;AC-1130;AC-1131,STATE-007;STATE-008;STATE-014;STATE-017;STATE-018;STATE-020;STATE-021;STATE-024;STATE-026;STATE-031;STATE-032;STATE-033;STATE-034;STATE-039,True,True,Trace-mapped,Operation-level: OpenAPI + api_catalog.csv + Stage_4_Requirements_Traceability_4.1.2.csv
GET_api_v1_admin_jobs_code_runs,GET,/api/v1/admin/jobs/{code}/runs,824,"query:from,to,status,page",Page<BackgroundJobRun>,System.HealthRead,"200,401,403,404",Safe,—,FR-185,AC-1132;AC-1133;AC-1134,STATE-008;STATE-009;STATE-031;STATE-032;STATE-033;STATE-034;STATE-039,True,True,Trace-mapped,Operation-level: OpenAPI + api_catalog.csv + Stage_4_Requirements_Traceability_4.1.2.csv
POST_api_v1_admin_maintenance_mode,POST,/api/v1/admin/maintenance-mode,922,MaintenanceModeRequest,MaintenanceMode,System.Configure,"200,400,401,403,409,412,428",Idempotency-Key,If-Match,FR-186,AC-1135;AC-1136;AC-1137;AC-1138;AC-1139;AC-1140,STATE-007;STATE-008;STATE-014;STATE-017;STATE-018;STATE-020;STATE-021;STATE-024;STATE-025;STATE-026;STATE-031;STATE-032;STATE-033;STATE-034;STATE-039,True,True,Trace-mapped,Operation-level: OpenAPI + api_catalog.csv + Stage_4_Requirements_Traceability_4.1.2.csv
POST_api_v1_admin_search_reindex,POST,/api/v1/admin/search/reindex,1018,ReindexRequest,BackgroundJobRun,System.Configure,"202,400,401,403,409",Idempotency-Key,—,FR-187,AC-1141;AC-1142;AC-1143;AC-1144;AC-1145;AC-1146,STATE-007;STATE-008;STATE-014;STATE-017;STATE-018;STATE-020;STATE-021;STATE-024;STATE-026;STATE-031;STATE-032;STATE-033;STATE-034;STATE-039,True,True,Trace-mapped,Operation-level: OpenAPI + api_catalog.csv + Stage_4_Requirements_Traceability_4.1.2.csv
GET_api_v1_admin_server_capabilities,GET,/api/v1/admin/server-capabilities,1099,—,ServerCapabilities,System.Configure,"200,401,403",Safe,—,FR-188,AC-1147;AC-1148;AC-1149,STATE-008;STATE-031;STATE-032;STATE-033;STATE-034;STATE-039,True,True,Trace-mapped,Operation-level: OpenAPI + api_catalog.csv + Stage_4_Requirements_Traceability_4.1.2.csv
GET_api_v1_admin_storage,GET,/api/v1/admin/storage,1147,—,StorageStatus,System.HealthRead,"200,401,403,503",Safe,—,FR-189,AC-1150;AC-1151;AC-1152,STATE-008;STATE-010;STATE-022;STATE-031;STATE-032;STATE-033;STATE-034;STATE-039,True,True,Trace-mapped,Operation-level: OpenAPI + api_catalog.csv + Stage_4_Requirements_Traceability_4.1.2.csv
GET_api_v1_archive,GET,/api/v1/archive,1204,"query:type,projectId,page",Page<ArchiveEntry>,History.Read,"200,400,401,403",Safe,—,FR-166,AC-1032;AC-1033;AC-1034,FLOW-026;STATE-008;STATE-021;STATE-026;STATE-031;STATE-032;STATE-033;STATE-034;STATE-039,True,True,Trace-mapped,Operation-level: OpenAPI + api_catalog.csv + Stage_4_Requirements_Traceability_4.1.2.csv
POST_api_v1_archive_objectId_restore,POST,/api/v1/archive/{objectId}/restore,1286,—,ObjectReference,Archive.Restore,"200,401,403,404,409,412,422,428",Idempotent,If-Match,FR-167,AC-1035;AC-1036;AC-1037;AC-1038;AC-1039;AC-1040,FLOW-026;STATE-007;STATE-008;STATE-009;STATE-014;STATE-017;STATE-018;STATE-020;STATE-024;STATE-025;STATE-031;STATE-032;STATE-033;STATE-034;STATE-039,True,True,Trace-mapped,Operation-level: OpenAPI + api_catalog.csv + Stage_4_Requirements_Traceability_4.1.2.csv
GET_api_v1_audit,GET,/api/v1/audit,1391,"query:actor,action,object,outcome,from,to,cursor",Page<AuditEntry>,Audit.ReadAll,"200,400,401,403",Safe,—,FR-235;FR-236,AC-1381;AC-1382;AC-1383;AC-1384;AC-1385;AC-1386;AC-1387,STATE-008;STATE-020;STATE-021;STATE-026;STATE-031;STATE-032;STATE-033;STATE-034;STATE-039,True,True,Trace-mapped,Operation-level: OpenAPI + api_catalog.csv + Stage_4_Requirements_Traceability_4.1.2.csv
GET_api_v1_audit_export,GET,/api/v1/audit/export,1510,"query:filters,format",ExportJob,Audit.ReadAll,"202,400,401,403,429",Idempotency-Key,—,FR-236,AC-1384;AC-1385;AC-1386;AC-1387,STATE-008;STATE-020;STATE-021;STATE-026;STATE-031;STATE-032;STATE-033;STATE-034;STATE-039,True,True,Trace-mapped,Operation-level: OpenAPI + api_catalog.csv + Stage_4_Requirements_Traceability_4.1.2.csv
POST_api_v1_auth_admin_reset_password,POST,/api/v1/auth/admin-reset-password,1594,AdminResetPasswordRequest,TemporaryCredentialReceipt,User.ResetPassword,"200,400,401,403,404,409",Idempotency-Key,target version,FR-001,AC-098;AC-099;AC-100;AC-101;AC-102;AC-103,SCR-173;STATE-007;STATE-008;STATE-009;STATE-014;STATE-017;STATE-018;STATE-020;STATE-021;STATE-024;STATE-026;STATE-031;STATE-032;STATE-033;STATE-034;STATE-039,True,True,Trace-mapped,Operation-level: OpenAPI + api_catalog.csv + Stage_4_Requirements_Traceability_4.1.2.csv
POST_api_v1_auth_change_password,POST,/api/v1/auth/change-password,1682,ChangePasswordRequest,204,Authenticated,"204,400,401,409,422",Idempotency-Key,security stamp,FR-002,AC-104;AC-105;AC-106;AC-107;AC-108;AC-109,SCR-152;STATE-007;STATE-014;STATE-017;STATE-018;STATE-020;STATE-021;STATE-024;STATE-026;STATE-031;STATE-032;STATE-033;STATE-039,True,True,Trace-mapped,Operation-level: OpenAPI + api_catalog.csv + Stage_4_Requirements_Traceability_4.1.2.csv
POST_api_v1_auth_login,POST,/api/v1/auth/login,1760,LoginRequest,SessionTokens,Anonymous,"200,400,401,423,429",Idempotency-Key optional,—,FR-003,AC-110;AC-111;AC-112,FLOW-001;SCR-001;STATE-020;STATE-021;STATE-026;STATE-032;STATE-033;STATE-037;STATE-038;STATE-039,True,True,Trace-mapped,Operation-level: OpenAPI + api_catalog.csv + Stage_4_Requirements_Traceability_4.1.2.csv
GET_api_v1_auth_login_attempts,GET,/api/v1/auth/login-attempts,1832,"query:userId,result,from,to,page",Page<LoginAttempt>,SecurityAudit.Read,"200,400,401,403",Safe,—,FR-004,AC-113;AC-114;AC-115,SCR-181;STATE-008;STATE-021;STATE-026;STATE-031;STATE-032;STATE-033;STATE-034;STATE-039,True,True,Trace-mapped,Operation-level: OpenAPI + api_catalog.csv + Stage_4_Requirements_Traceability_4.1.2.csv
POST_api_v1_auth_logout,POST,/api/v1/auth/logout,1932,—,204,Authenticated,"204,401",Idempotent,—,FR-005;FR-006,AC-116;AC-117;AC-118;AC-119;AC-120;AC-121;AC-122;AC-123,FLOW-003;SCR-152;SCR-161;STATE-008;STATE-031;STATE-032;STATE-033;STATE-034;STATE-039,True,True,Trace-mapped,Operation-level: OpenAPI + api_catalog.csv + Stage_4_Requirements_Traceability_4.1.2.csv
POST_api_v1_auth_logout_all,POST,/api/v1/auth/logout-all,1965,LogoutAllRequest,RevocationSummary,Authenticated,"200,401,403",Idempotency-Key,user security version,FR-006,AC-119;AC-120;AC-121;AC-122;AC-123,SCR-152;SCR-161;STATE-008;STATE-031;STATE-032;STATE-033;STATE-034;STATE-039,True,True,Trace-mapped,Operation-level: OpenAPI + api_catalog.csv + Stage_4_Requirements_Traceability_4.1.2.csv
POST_api_v1_auth_refresh,POST,/api/v1/auth/refresh,2022,RefreshRequest,SessionTokens,Anonymous.SessionRefresh,"200,400,401,409",Single-use token,token family version,FR-007,AC-124;AC-125;AC-126;AC-127,FLOW-002;FLOW-003;FLOW-024;SCR-006;STATE-007;STATE-014;STATE-017;STATE-018;STATE-020;STATE-021;STATE-024;STATE-026;STATE-031;STATE-032;STATE-033;STATE-039,True,True,Trace-mapped,Operation-level: OpenAPI + api_catalog.csv + Stage_4_Requirements_Traceability_4.1.2.csv
GET_api_v1_auth_session,GET,/api/v1/auth/session,2091,—,CurrentSession,Authenticated,"200,401",Safe,—,FR-008;FR-009,AC-128;AC-129;AC-130;AC-131;AC-132,FLOW-002;FLOW-003;FLOW-024;SCR-006;SCR-161;SCR-181;STATE-008;STATE-031;STATE-032;STATE-033;STATE-034;STATE-039,True,True,Trace-mapped,Operation-level: OpenAPI + api_catalog.csv + Stage_4_Requirements_Traceability_4.1.2.csv
GET_api_v1_auth_sessions,GET,/api/v1/auth/sessions,2129,"query:userId,page",Page<Session>,Session.ReadOwnOrAll,"200,401,403",Safe,—,FR-009,AC-130;AC-131;AC-132,SCR-161;SCR-181;STATE-008;STATE-031;STATE-032;STATE-033;STATE-034;STATE-039,True,True,Trace-mapped,Operation-level: OpenAPI + api_catalog.csv + Stage_4_Requirements_Traceability_4.1.2.csv
POST_api_v1_auth_sessions_sessionId_revoke,POST,/api/v1/auth/sessions/{sessionId}/revoke,2196,path:sessionId,204,Session.RevokeOwnOrAll,"204,401,403,404",Idempotent,—,FR-010,AC-133;AC-134;AC-135;AC-136,SCR-161;SCR-181;STATE-008;STATE-009;STATE-031;STATE-032;STATE-033;STATE-034;STATE-039,True,True,Trace-mapped,Operation-level: OpenAPI + api_catalog.csv + Stage_4_Requirements_Traceability_4.1.2.csv
GET_api_v1_calendar,GET,/api/v1/calendar,2252,"query:from,to,users,departments,projects,status,timezone,cursor",SchedulePage,Calendar.Read,"200,400,401,403,422",Safe,—,FR-071;FR-072;FR-075;FR-082,AC-471;AC-472;AC-473;AC-474;AC-475;AC-476;AC-477;AC-491;AC-492;AC-493;AC-539;AC-540;AC-541;AC-542,SCR-044;STATE-007;STATE-008;STATE-009;STATE-021;STATE-026;STATE-031;STATE-032;STATE-033;STATE-034;STATE-039,True,True,Trace-mapped,Operation-level: OpenAPI + api_catalog.csv + Stage_4_Requirements_Traceability_4.1.2.csv
GET_api_v1_calendar_events,GET,/api/v1/calendar-events,2404,"query: filter,sort,page,cursor",Page<CalendarEvent>,Calendar.Read,"200,400,401,403",Safe,—,FR-072;FR-075,AC-475;AC-476;AC-477;AC-491;AC-492;AC-493,SCR-044;STATE-008;STATE-009;STATE-021;STATE-026;STATE-031;STATE-032;STATE-033;STATE-034;STATE-039,True,True,Trace-mapped,Operation-level: OpenAPI + api_catalog.csv + Stage_4_Requirements_Traceability_4.1.2.csv
POST_api_v1_calendar_events,POST,/api/v1/calendar-events,2495,CalendarEventCreate,CalendarEvent,CalendarEvent.Create,"201,400,401,403,409,422",Idempotency-Key,—,FR-073;FR-077;FR-079;FR-080;FR-081,AC-478;AC-479;AC-480;AC-481;AC-482;AC-483;AC-484;AC-501;AC-502;AC-503;AC-504;AC-505;AC-506;AC-507;AC-508;AC-517;AC-518;AC-519;AC-520;AC-521;AC-522;AC-523;AC-524;AC-525;AC-526;AC-527;AC-528;AC-529;AC-530;AC-531;AC-532;AC-533;AC-534;AC-535;AC-536;AC-537;AC-538,FLOW-026;FLOW-028;FLOW-031;SCR-044;STATE-007;STATE-008;STATE-009;STATE-014;STATE-017;STATE-018;STATE-020;STATE-021;STATE-024;STATE-025;STATE-026;STATE-031;STATE-032;STATE-033;STATE-034;STATE-039,True,True,Trace-mapped,Operation-level: OpenAPI + api_catalog.csv + Stage_4_Requirements_Traceability_4.1.2.csv
DELETE_api_v1_calendar_events_id,DELETE,/api/v1/calendar-events/{id},2589,path:id,DeletionReceipt,CalendarEvent.Delete,"202,401,403,404,409,412,428",Idempotent,If-Match required,FR-074,AC-485;AC-486;AC-487;AC-488;AC-489;AC-490,FLOW-027;STATE-007;STATE-008;STATE-009;STATE-014;STATE-017;STATE-018;STATE-020;STATE-024;STATE-025;STATE-031;STATE-032;STATE-033;STATE-034;STATE-039,True,True,Trace-mapped,Operation-level: OpenAPI + api_catalog.csv + Stage_4_Requirements_Traceability_4.1.2.csv
GET_api_v1_calendar_events_id,GET,/api/v1/calendar-events/{id},2680,path:id,CalendarEvent,Calendar.Read,"200,401,403,404",Safe,—,FR-075,AC-491;AC-492;AC-493,SCR-044;STATE-008;STATE-009;STATE-031;STATE-032;STATE-033;STATE-034;STATE-039,True,True,Trace-mapped,Operation-level: OpenAPI + api_catalog.csv + Stage_4_Requirements_Traceability_4.1.2.csv
PATCH_api_v1_calendar_events_id,PATCH,/api/v1/calendar-events/{id},2740,CalendarEventPatch,CalendarEvent,CalendarEvent.Update,"200,400,401,403,404,409,412,422,428",Conditional,If-Match required,FR-076,AC-494;AC-495;AC-496;AC-497;AC-498;AC-499;AC-500,FLOW-032;SCR-044;SCR-047;STATE-007;STATE-008;STATE-009;STATE-014;STATE-017;STATE-018;STATE-020;STATE-021;STATE-024;STATE-025;STATE-026;STATE-031;STATE-032;STATE-033;STATE-034;STATE-039,True,True,Trace-mapped,Operation-level: OpenAPI + api_catalog.csv + Stage_4_Requirements_Traceability_4.1.2.csv
POST_api_v1_calendar_events_id_archive,POST,/api/v1/calendar-events/{id}/archive,2859,ArchiveRequest,CalendarEvent,CalendarEvent.Update,"200,401,403,404,409,412,422,428",Idempotency-Key,If-Match required,FR-077,AC-501;AC-502;AC-503;AC-504;AC-505;AC-506;AC-507;AC-508,FLOW-026;STATE-007;STATE-008;STATE-009;STATE-014;STATE-017;STATE-018;STATE-020;STATE-024;STATE-025;STATE-031;STATE-032;STATE-033;STATE-034;STATE-039,True,True,Trace-mapped,Operation-level: OpenAPI + api_catalog.csv + Stage_4_Requirements_Traceability_4.1.2.csv
PUT_api_v1_calendar_events_id_attendees,PUT,/api/v1/calendar-events/{id}/attendees,2973,AttendeesReplace,CalendarEvent,CalendarEvent.Update,"200,400,401,403,404,409,412,422,428",Idempotency-Key,If-Match event,FR-078,AC-509;AC-510;AC-511;AC-512;AC-513;AC-514;AC-515;AC-516,SCR-044;STATE-007;STATE-008;STATE-009;STATE-014;STATE-017;STATE-018;STATE-020;STATE-021;STATE-024;STATE-025;STATE-026;STATE-031;STATE-032;STATE-033;STATE-034;STATE-039,True,True,Trace-mapped,Operation-level: OpenAPI + api_catalog.csv + Stage_4_Requirements_Traceability_4.1.2.csv
POST_api_v1_calendar_events_id_respond,POST,/api/v1/calendar-events/{id}/respond,3095,AttendeeResponse,EventAttendee,CalendarEvent.Respond,"200,400,401,403,404,409,412,422,428",Idempotency-Key,If-Match attendee,FR-079,AC-517;AC-518;AC-519;AC-520;AC-521;AC-522;AC-523;AC-524,SCR-044;STATE-007;STATE-008;STATE-009;STATE-014;STATE-017;STATE-018;STATE-020;STATE-021;STATE-024;STATE-025;STATE-026;STATE-031;STATE-032;STATE-033;STATE-034;STATE-039,True,True,Trace-mapped,Operation-level: OpenAPI + api_catalog.csv + Stage_4_Requirements_Traceability_4.1.2.csv
POST_api_v1_calendar_events_id_restore,POST,/api/v1/calendar-events/{id}/restore,3217,RestoreRequest,CalendarEvent,CalendarEvent.Delete,"200,401,403,404,409,412,422,428",Idempotency-Key,If-Match/trashed version,FR-080,AC-525;AC-526;AC-527;AC-528;AC-529;AC-530;AC-531;AC-532,FLOW-028;STATE-007;STATE-008;STATE-009;STATE-014;STATE-017;STATE-018;STATE-020;STATE-024;STATE-025;STATE-031;STATE-032;STATE-033;STATE-034;STATE-039,True,True,Trace-mapped,Operation-level: OpenAPI + api_catalog.csv + Stage_4_Requirements_Traceability_4.1.2.csv
POST_api_v1_calendar_events_id_unarchive,POST,/api/v1/calendar-events/{id}/unarchive,3331,—,CalendarEvent,CalendarEvent.Update,"200,401,403,404,409,412,428",Idempotent,If-Match required,FR-081,AC-533;AC-534;AC-535;AC-536;AC-537;AC-538,FLOW-026;STATE-007;STATE-008;STATE-009;STATE-014;STATE-017;STATE-018;STATE-020;STATE-024;STATE-025;STATE-031;STATE-032;STATE-033;STATE-034;STATE-039,True,True,Trace-mapped,Operation-level: OpenAPI + api_catalog.csv + Stage_4_Requirements_Traceability_4.1.2.csv
GET_api_v1_calendar_conflicts,GET,/api/v1/calendar/conflicts,3423,"query:from,to,userIds,excludeObjectId",ScheduleConflict[],Calendar.Read,"200,400,401,403,422",Safe,—,FR-082,AC-539;AC-540;AC-541;AC-542,STATE-007;STATE-008;STATE-021;STATE-026;STATE-031;STATE-032;STATE-033;STATE-034;STATE-039,True,True,Trace-mapped,Operation-level: OpenAPI + api_catalog.csv + Stage_4_Requirements_Traceability_4.1.2.csv
GET_api_v1_capabilities,GET,/api/v1/capabilities,3533,—,ServerCapabilities,Authenticated,"200,401",Safe,—,FR-015,AC-143;AC-144,STATE-032;STATE-033;STATE-039,True,True,Trace-mapped,Operation-level: OpenAPI + api_catalog.csv + Stage_4_Requirements_Traceability_4.1.2.csv
GET_api_v1_catalog_items,GET,/api/v1/catalog-items,3571,"query: filter,sort,page,cursor",Page<CatalogItem>,FileCatalog.Read,"200,400,401,403",Safe,—,FR-097;FR-100;FR-103,AC-633;AC-634;AC-635;AC-649;AC-650;AC-651;AC-667;AC-668;AC-669,SCR-083;STATE-008;STATE-009;STATE-021;STATE-026;STATE-031;STATE-032;STATE-033;STATE-034;STATE-039,True,True,Trace-mapped,Operation-level: OpenAPI + api_catalog.csv + Stage_4_Requirements_Traceability_4.1.2.csv
POST_api_v1_catalog_items,POST,/api/v1/catalog-items,3662,CatalogItemCreate,CatalogItem,FileCatalog.Create,"201,400,401,403,409,422",Idempotency-Key,—,FR-098;FR-102;FR-104;FR-107;FR-108;FR-109;FR-110,AC-636;AC-637;AC-638;AC-639;AC-640;AC-641;AC-642;AC-659;AC-660;AC-661;AC-662;AC-663;AC-664;AC-665;AC-666;AC-670;AC-671;AC-672;AC-673;AC-674;AC-675;AC-676;AC-677;AC-693;AC-694;AC-695;AC-696;AC-697;AC-698;AC-699;AC-700;AC-701;AC-702;AC-703;AC-704;AC-705;AC-706;AC-707;AC-708;AC-709;AC-710;AC-711;AC-712;AC-713;AC-714;AC-715;AC-716;AC-717;AC-718;AC-719;AC-720;AC-721;AC-722,FLOW-026;FLOW-028;FLOW-036;SCR-083;SCR-087;SCR-090;STATE-007;STATE-008;STATE-009;STATE-014;STATE-017;STATE-018;STATE-020;STATE-021;STATE-024;STATE-025;STATE-026;STATE-031;STATE-032;STATE-033;STATE-034;STATE-039,True,True,Trace-mapped,Operation-level: OpenAPI + api_catalog.csv + Stage_4_Requirements_Traceability_4.1.2.csv
DELETE_api_v1_catalog_items_id,DELETE,/api/v1/catalog-items/{id},3756,path:id,DeletionReceipt,FileCatalog.Delete,"202,401,403,404,409,412,428",Idempotent,If-Match required,FR-099;FR-105,AC-643;AC-644;AC-645;AC-646;AC-647;AC-648;AC-678;AC-679;AC-680;AC-681;AC-682;AC-683;AC-684,FLOW-027;SCR-083;STATE-007;STATE-008;STATE-009;STATE-014;STATE-017;STATE-018;STATE-020;STATE-024;STATE-025;STATE-031;STATE-032;STATE-033;STATE-034;STATE-039,True,True,Trace-mapped,Operation-level: OpenAPI + api_catalog.csv + Stage_4_Requirements_Traceability_4.1.2.csv
GET_api_v1_catalog_items_id,GET,/api/v1/catalog-items/{id},3847,path:id,CatalogItem,FileCatalog.Read,"200,401,403,404",Safe,—,FR-100;FR-103,AC-649;AC-650;AC-651;AC-667;AC-668;AC-669,SCR-083;STATE-008;STATE-009;STATE-031;STATE-032;STATE-033;STATE-034;STATE-039,True,True,Trace-mapped,Operation-level: OpenAPI + api_catalog.csv + Stage_4_Requirements_Traceability_4.1.2.csv
PATCH_api_v1_catalog_items_id,PATCH,/api/v1/catalog-items/{id},3907,CatalogItemPatch,CatalogItem,FileCatalog.Update,"200,400,401,403,404,409,412,422,428",Conditional,If-Match required,FR-101;FR-106,AC-652;AC-653;AC-654;AC-655;AC-656;AC-657;AC-658;AC-685;AC-686;AC-687;AC-688;AC-689;AC-690;AC-691;AC-692,SCR-083;SCR-086;STATE-007;STATE-008;STATE-009;STATE-014;STATE-017;STATE-018;STATE-020;STATE-021;STATE-024;STATE-025;STATE-026;STATE-031;STATE-032;STATE-033;STATE-034;STATE-039,True,True,Trace-mapped,Operation-level: OpenAPI + api_catalog.csv + Stage_4_Requirements_Traceability_4.1.2.csv
POST_api_v1_catalog_items_id_archive,POST,/api/v1/catalog-items/{id}/archive,4026,ArchiveRequest,CatalogItem,FileCatalog.Update,"200,401,403,404,409,412,422,428",Idempotency-Key,If-Match required,FR-102,AC-659;AC-660;AC-661;AC-662;AC-663;AC-664;AC-665;AC-666,FLOW-026;STATE-007;STATE-008;STATE-009;STATE-014;STATE-017;STATE-018;STATE-020;STATE-024;STATE-025;STATE-031;STATE-032;STATE-033;STATE-034;STATE-039,True,True,Trace-mapped,Operation-level: OpenAPI + api_catalog.csv + Stage_4_Requirements_Traceability_4.1.2.csv
GET_api_v1_catalog_items_id_locations,GET,/api/v1/catalog-items/{id}/locations,4140,query:deviceId,FileLocation[],FileReference.Open,"200,401,403,404",Safe,—,FR-103,AC-667;AC-668;AC-669,SCR-083;STATE-008;STATE-009;STATE-031;STATE-032;STATE-033;STATE-034;STATE-039,True,True,Trace-mapped,Operation-level: OpenAPI + api_catalog.csv + Stage_4_Requirements_Traceability_4.1.2.csv
POST_api_v1_catalog_items_id_locations,POST,/api/v1/catalog-items/{id}/locations,4212,FileLocationCreate,FileLocation,FileLocation.Update,"201,400,401,403,404,409,412,422,428",Idempotency-Key,If-Match item,FR-104,AC-670;AC-671;AC-672;AC-673;AC-674;AC-675;AC-676;AC-677,FLOW-036;SCR-083;SCR-087;STATE-007;STATE-008;STATE-009;STATE-014;STATE-017;STATE-018;STATE-020;STATE-021;STATE-024;STATE-025;STATE-026;STATE-031;STATE-032;STATE-033;STATE-034;STATE-039,True,True,Trace-mapped,Operation-level: OpenAPI + api_catalog.csv + Stage_4_Requirements_Traceability_4.1.2.csv
DELETE_api_v1_catalog_items_id_locations_locationId,DELETE,/api/v1/catalog-items/{id}/locations/{locationId},4335,—,204,FileLocation.Update,"204,401,403,404,409,412,422,428",Idempotent,If-Match item,FR-105,AC-678;AC-679;AC-680;AC-681;AC-682;AC-683;AC-684,FLOW-027;SCR-083;STATE-007;STATE-008;STATE-009;STATE-014;STATE-017;STATE-018;STATE-020;STATE-024;STATE-025;STATE-031;STATE-032;STATE-033;STATE-034;STATE-039,True,True,Trace-mapped,Operation-level: OpenAPI + api_catalog.csv + Stage_4_Requirements_Traceability_4.1.2.csv
PATCH_api_v1_catalog_items_id_locations_locationId,PATCH,/api/v1/catalog-items/{id}/locations/{locationId},4439,FileLocationPatch,FileLocation,FileLocation.Update,"200,400,401,403,404,409,412,422,428",Idempotency-Key,If-Match location/item,FR-106,AC-685;AC-686;AC-687;AC-688;AC-689;AC-690;AC-691;AC-692,SCR-083;SCR-086;STATE-007;STATE-008;STATE-009;STATE-014;STATE-017;STATE-018;STATE-020;STATE-021;STATE-024;STATE-025;STATE-026;STATE-031;STATE-032;STATE-033;STATE-034;STATE-039,True,True,Trace-mapped,Operation-level: OpenAPI + api_catalog.csv + Stage_4_Requirements_Traceability_4.1.2.csv
POST_api_v1_catalog_items_id_move,POST,/api/v1/catalog-items/{id}/move,4567,CatalogMoveRequest,CatalogItem,FileCatalog.Update,"200,400,401,403,404,409,412,422,428",Idempotency-Key,If-Match,FR-107,AC-693;AC-694;AC-695;AC-696;AC-697;AC-698;AC-699;AC-700,STATE-007;STATE-008;STATE-009;STATE-014;STATE-017;STATE-018;STATE-020;STATE-021;STATE-024;STATE-025;STATE-026;STATE-031;STATE-032;STATE-033;STATE-034;STATE-039,True,True,Trace-mapped,Operation-level: OpenAPI + api_catalog.csv + Stage_4_Requirements_Traceability_4.1.2.csv
POST_api_v1_catalog_items_id_resolve_location,POST,/api/v1/catalog-items/{id}/resolve-location,4689,ResolveLocationRequest,ResolvedLocation,FileReference.Open,"200,400,401,403,404,409,422",Idempotency-Key,—,FR-108,AC-701;AC-702;AC-703;AC-704;AC-705;AC-706;AC-707;AC-708,SCR-090;STATE-007;STATE-008;STATE-009;STATE-014;STATE-017;STATE-018;STATE-020;STATE-021;STATE-024;STATE-026;STATE-031;STATE-032;STATE-033;STATE-034;STATE-039,True,True,Trace-mapped,Operation-level: OpenAPI + api_catalog.csv + Stage_4_Requirements_Traceability_4.1.2.csv
POST_api_v1_catalog_items_id_restore,POST,/api/v1/catalog-items/{id}/restore,4797,RestoreRequest,CatalogItem,FileCatalog.Restore,"200,401,403,404,409,412,422,428",Idempotency-Key,If-Match/trashed version,FR-109,AC-709;AC-710;AC-711;AC-712;AC-713;AC-714;AC-715;AC-716,FLOW-028;STATE-007;STATE-008;STATE-009;STATE-014;STATE-017;STATE-018;STATE-020;STATE-024;STATE-025;STATE-031;STATE-032;STATE-033;STATE-034;STATE-039,True,True,Trace-mapped,Operation-level: OpenAPI + api_catalog.csv + Stage_4_Requirements_Traceability_4.1.2.csv
POST_api_v1_catalog_items_id_unarchive,POST,/api/v1/catalog-items/{id}/unarchive,4911,—,CatalogItem,FileCatalog.Update,"200,401,403,404,409,412,428",Idempotent,If-Match required,FR-110,AC-717;AC-718;AC-719;AC-720;AC-721;AC-722,FLOW-026;STATE-007;STATE-008;STATE-009;STATE-014;STATE-017;STATE-018;STATE-020;STATE-024;STATE-025;STATE-031;STATE-032;STATE-033;STATE-034;STATE-039,True,True,Trace-mapped,Operation-level: OpenAPI + api_catalog.csv + Stage_4_Requirements_Traceability_4.1.2.csv
GET_api_v1_catalog_tree,GET,/api/v1/catalog/tree,5003,"query:parentId,depth,includeArchived",CatalogTree,FileCatalog.Read,"200,400,401,403",Safe,—,FR-111,AC-723;AC-724;AC-725,STATE-008;STATE-021;STATE-026;STATE-031;STATE-032;STATE-033;STATE-034;STATE-039,True,True,Trace-mapped,Operation-level: OpenAPI + api_catalog.csv + Stage_4_Requirements_Traceability_4.1.2.csv
POST_api_v1_comments_id_restore,POST,/api/v1/comments/{id}/restore,5082,—,Comment,Comment.Moderate,"200,401,403,404,409,412,428",Idempotent,If-Match,FR-135,AC-872;AC-873;AC-874;AC-875;AC-876;AC-877,FLOW-028;STATE-007;STATE-008;STATE-009;STATE-014;STATE-017;STATE-018;STATE-020;STATE-024;STATE-025;STATE-031;STATE-032;STATE-033;STATE-034;STATE-039,True,True,Trace-mapped,Operation-level: OpenAPI + api_catalog.csv + Stage_4_Requirements_Traceability_4.1.2.csv
GET_api_v1_comments_id_versions,GET,/api/v1/comments/{id}/versions,5174,query:page,Page<CommentVersion>,History.Read,"200,401,403,404",Safe,—,FR-136,AC-878;AC-879;AC-880,STATE-008;STATE-009;STATE-031;STATE-032;STATE-033;STATE-034;STATE-039,True,True,Trace-mapped,Operation-level: OpenAPI + api_catalog.csv + Stage_4_Requirements_Traceability_4.1.2.csv
GET_api_v1_companies,GET,/api/v1/companies,5247,"query: filter,sort,page,cursor",Page<Company>,Contact.Read,"200,400,401,403",Safe,—,FR-113;FR-116,AC-732;AC-733;AC-734;AC-748;AC-749;AC-750,SCR-114;STATE-008;STATE-009;STATE-021;STATE-026;STATE-031;STATE-032;STATE-033;STATE-034;STATE-039,True,True,Trace-mapped,Operation-level: OpenAPI + api_catalog.csv + Stage_4_Requirements_Traceability_4.1.2.csv
POST_api_v1_companies,POST,/api/v1/companies,5338,CompanyCreate,Company,Contact.Create,"201,400,401,403,409,422",Idempotency-Key,—,FR-114;FR-118;FR-119;FR-121;FR-122,AC-735;AC-736;AC-737;AC-738;AC-739;AC-740;AC-741;AC-758;AC-759;AC-760;AC-761;AC-762;AC-763;AC-764;AC-765;AC-766;AC-767;AC-768;AC-769;AC-770;AC-771;AC-772;AC-773;AC-780;AC-781;AC-782;AC-783;AC-784;AC-785;AC-786;AC-787;AC-788;AC-789;AC-790;AC-791;AC-792;AC-793,FLOW-026;FLOW-028;SCR-114;STATE-007;STATE-008;STATE-009;STATE-014;STATE-017;STATE-018;STATE-020;STATE-021;STATE-024;STATE-025;STATE-026;STATE-031;STATE-032;STATE-033;STATE-034;STATE-039,True,True,Trace-mapped,Operation-level: OpenAPI + api_catalog.csv + Stage_4_Requirements_Traceability_4.1.2.csv
DELETE_api_v1_companies_id,DELETE,/api/v1/companies/{id},5432,path:id,DeletionReceipt,Contact.Delete,"202,401,403,404,409,412,428",Idempotent,If-Match required,FR-115;FR-120,AC-742;AC-743;AC-744;AC-745;AC-746;AC-747;AC-774;AC-775;AC-776;AC-777;AC-778;AC-779,FLOW-027;STATE-007;STATE-008;STATE-009;STATE-014;STATE-017;STATE-018;STATE-020;STATE-024;STATE-025;STATE-031;STATE-032;STATE-033;STATE-034;STATE-039,True,True,Trace-mapped,Operation-level: OpenAPI + api_catalog.csv + Stage_4_Requirements_Traceability_4.1.2.csv
GET_api_v1_companies_id,GET,/api/v1/companies/{id},5523,path:id,Company,Contact.Read,"200,401,403,404",Safe,—,FR-116,AC-748;AC-749;AC-750,SCR-114;STATE-008;STATE-009;STATE-031;STATE-032;STATE-033;STATE-034;STATE-039,True,True,Trace-mapped,Operation-level: OpenAPI + api_catalog.csv + Stage_4_Requirements_Traceability_4.1.2.csv
PATCH_api_v1_companies_id,PATCH,/api/v1/companies/{id},5583,CompanyPatch,Company,Contact.Update,"200,400,401,403,404,409,412,422,428",Conditional,If-Match required,FR-117,AC-751;AC-752;AC-753;AC-754;AC-755;AC-756;AC-757,SCR-114;STATE-007;STATE-008;STATE-009;STATE-014;STATE-017;STATE-018;STATE-020;STATE-021;STATE-024;STATE-025;STATE-026;STATE-031;STATE-032;STATE-033;STATE-034;STATE-039,True,True,Trace-mapped,Operation-level: OpenAPI + api_catalog.csv + Stage_4_Requirements_Traceability_4.1.2.csv
POST_api_v1_companies_id_archive,POST,/api/v1/companies/{id}/archive,5702,ArchiveRequest,Company,Contact.Update,"200,401,403,404,409,412,422,428",Idempotency-Key,If-Match required,FR-118,AC-758;AC-759;AC-760;AC-761;AC-762;AC-763;AC-764;AC-765,FLOW-026;STATE-007;STATE-008;STATE-009;STATE-014;STATE-017;STATE-018;STATE-020;STATE-024;STATE-025;STATE-031;STATE-032;STATE-033;STATE-034;STATE-039,True,True,Trace-mapped,Operation-level: OpenAPI + api_catalog.csv + Stage_4_Requirements_Traceability_4.1.2.csv
POST_api_v1_companies_id_contacts,POST,/api/v1/companies/{id}/contacts,5816,ContactCompanyRoleCreate,ContactCompanyRole,Contact.Update,"201,400,401,403,404,409,412,422,428",Idempotency-Key,If-Match company,FR-119,AC-766;AC-767;AC-768;AC-769;AC-770;AC-771;AC-772;AC-773,SCR-114;STATE-007;STATE-008;STATE-009;STATE-014;STATE-017;STATE-018;STATE-020;STATE-021;STATE-024;STATE-025;STATE-026;STATE-031;STATE-032;STATE-033;STATE-034;STATE-039,True,True,Trace-mapped,Operation-level: OpenAPI + api_catalog.csv + Stage_4_Requirements_Traceability_4.1.2.csv
DELETE_api_v1_companies_id_contacts_contactId,DELETE,/api/v1/companies/{id}/contacts/{contactId},5938,—,204,Contact.Update,"204,401,403,404,409,412,428",Idempotent,If-Match company,FR-120,AC-774;AC-775;AC-776;AC-777;AC-778;AC-779,FLOW-027;STATE-007;STATE-008;STATE-009;STATE-014;STATE-017;STATE-018;STATE-020;STATE-024;STATE-025;STATE-031;STATE-032;STATE-033;STATE-034;STATE-039,True,True,Trace-mapped,Operation-level: OpenAPI + api_catalog.csv + Stage_4_Requirements_Traceability_4.1.2.csv
POST_api_v1_companies_id_restore,POST,/api/v1/companies/{id}/restore,6030,RestoreRequest,Company,Contact.Restore,"200,401,403,404,409,412,422,428",Idempotency-Key,If-Match/trashed version,FR-121,AC-780;AC-781;AC-782;AC-783;AC-784;AC-785;AC-786;AC-787,FLOW-028;STATE-007;STATE-008;STATE-009;STATE-014;STATE-017;STATE-018;STATE-020;STATE-024;STATE-025;STATE-031;STATE-032;STATE-033;STATE-034;STATE-039,True,True,Trace-mapped,Operation-level: OpenAPI + api_catalog.csv + Stage_4_Requirements_Traceability_4.1.2.csv
POST_api_v1_companies_id_unarchive,POST,/api/v1/companies/{id}/unarchive,6144,—,Company,Contact.Update,"200,401,403,404,409,412,428",Idempotent,If-Match required,FR-122,AC-788;AC-789;AC-790;AC-791;AC-792;AC-793,FLOW-026;STATE-007;STATE-008;STATE-009;STATE-014;STATE-017;STATE-018;STATE-020;STATE-024;STATE-025;STATE-031;STATE-032;STATE-033;STATE-034;STATE-039,True,True,Trace-mapped,Operation-level: OpenAPI + api_catalog.csv + Stage_4_Requirements_Traceability_4.1.2.csv
GET_api_v1_contacts,GET,/api/v1/contacts,6236,"query: filter,sort,page,cursor",Page<Contact>,Contact.Read,"200,400,401,403",Safe,—,FR-123;FR-126,AC-794;AC-795;AC-796;AC-810;AC-811;AC-812,SCR-112;STATE-008;STATE-009;STATE-021;STATE-026;STATE-031;STATE-032;STATE-033;STATE-034;STATE-039,True,True,Trace-mapped,Operation-level: OpenAPI + api_catalog.csv + Stage_4_Requirements_Traceability_4.1.2.csv
POST_api_v1_contacts,POST,/api/v1/contacts,6327,ContactCreate,Contact,Contact.Create,"201,400,401,403,409,422",Idempotency-Key,—,FR-124;FR-128;FR-129;FR-130;FR-133;FR-134,AC-797;AC-798;AC-799;AC-800;AC-801;AC-802;AC-803;AC-820;AC-821;AC-822;AC-823;AC-824;AC-825;AC-826;AC-827;AC-828;AC-829;AC-830;AC-831;AC-832;AC-833;AC-834;AC-835;AC-836;AC-837;AC-838;AC-839;AC-840;AC-841;AC-842;AC-843;AC-858;AC-859;AC-860;AC-861;AC-862;AC-863;AC-864;AC-865;AC-866;AC-867;AC-868;AC-869;AC-870;AC-871,FLOW-018;FLOW-026;FLOW-028;SCR-112;SCR-115;STATE-007;STATE-008;STATE-009;STATE-014;STATE-017;STATE-018;STATE-020;STATE-021;STATE-024;STATE-025;STATE-026;STATE-031;STATE-032;STATE-033;STATE-034;STATE-039,True,True,Trace-mapped,Operation-level: OpenAPI + api_catalog.csv + Stage_4_Requirements_Traceability_4.1.2.csv
DELETE_api_v1_contacts_id,DELETE,/api/v1/contacts/{id},6421,path:id,DeletionReceipt,Contact.Delete,"202,401,403,404,409,412,428",Idempotent,If-Match required,FR-125;FR-131,AC-804;AC-805;AC-806;AC-807;AC-808;AC-809;AC-844;AC-845;AC-846;AC-847;AC-848;AC-849,FLOW-027;STATE-007;STATE-008;STATE-009;STATE-014;STATE-017;STATE-018;STATE-020;STATE-024;STATE-025;STATE-031;STATE-032;STATE-033;STATE-034;STATE-039,True,True,Trace-mapped,Operation-level: OpenAPI + api_catalog.csv + Stage_4_Requirements_Traceability_4.1.2.csv
GET_api_v1_contacts_id,GET,/api/v1/contacts/{id},6512,path:id,Contact,Contact.Read,"200,401,403,404",Safe,—,FR-126,AC-810;AC-811;AC-812,SCR-112;STATE-008;STATE-009;STATE-031;STATE-032;STATE-033;STATE-034;STATE-039,True,True,Trace-mapped,Operation-level: OpenAPI + api_catalog.csv + Stage_4_Requirements_Traceability_4.1.2.csv
PATCH_api_v1_contacts_id,PATCH,/api/v1/contacts/{id},6572,ContactPatch,Contact,Contact.Update,"200,400,401,403,404,409,412,422,428",Conditional,If-Match required,FR-127;FR-132,AC-813;AC-814;AC-815;AC-816;AC-817;AC-818;AC-819;AC-850;AC-851;AC-852;AC-853;AC-854;AC-855;AC-856;AC-857,SCR-112;SCR-115;STATE-007;STATE-008;STATE-009;STATE-014;STATE-017;STATE-018;STATE-020;STATE-021;STATE-024;STATE-025;STATE-026;STATE-031;STATE-032;STATE-033;STATE-034;STATE-039,True,True,Trace-mapped,Operation-level: OpenAPI + api_catalog.csv + Stage_4_Requirements_Traceability_4.1.2.csv
POST_api_v1_contacts_id_addresses,POST,/api/v1/contacts/{id}/addresses,6691,AddressCreate,Address,Contact.Update,"201,400,401,403,404,409,412,422,428",Idempotency-Key,If-Match contact,FR-128,AC-820;AC-821;AC-822;AC-823;AC-824;AC-825;AC-826;AC-827,SCR-115;STATE-007;STATE-008;STATE-009;STATE-014;STATE-017;STATE-018;STATE-020;STATE-021;STATE-024;STATE-025;STATE-026;STATE-031;STATE-032;STATE-033;STATE-034;STATE-039,True,True,Trace-mapped,Operation-level: OpenAPI + api_catalog.csv + Stage_4_Requirements_Traceability_4.1.2.csv
POST_api_v1_contacts_id_archive,POST,/api/v1/contacts/{id}/archive,6813,ArchiveRequest,Contact,Contact.Update,"200,401,403,404,409,412,422,428",Idempotency-Key,If-Match required,FR-129,AC-828;AC-829;AC-830;AC-831;AC-832;AC-833;AC-834;AC-835,FLOW-026;STATE-007;STATE-008;STATE-009;STATE-014;STATE-017;STATE-018;STATE-020;STATE-024;STATE-025;STATE-031;STATE-032;STATE-033;STATE-034;STATE-039,True,True,Trace-mapped,Operation-level: OpenAPI + api_catalog.csv + Stage_4_Requirements_Traceability_4.1.2.csv
POST_api_v1_contacts_id_channels,POST,/api/v1/contacts/{id}/channels,6927,CommunicationChannelCreate,CommunicationChannel,Contact.Update,"201,400,401,403,404,409,412,422,428",Idempotency-Key,If-Match contact,FR-130,AC-836;AC-837;AC-838;AC-839;AC-840;AC-841;AC-842;AC-843,SCR-115;STATE-007;STATE-008;STATE-009;STATE-014;STATE-017;STATE-018;STATE-020;STATE-021;STATE-024;STATE-025;STATE-026;STATE-031;STATE-032;STATE-033;STATE-034;STATE-039,True,True,Trace-mapped,Operation-level: OpenAPI + api_catalog.csv + Stage_4_Requirements_Traceability_4.1.2.csv
DELETE_api_v1_contacts_id_channels_channelId,DELETE,/api/v1/contacts/{id}/channels/{channelId},7049,—,204,Contact.Update,"204,401,403,404,409,412,428",Idempotent,If-Match contact,FR-131,AC-844;AC-845;AC-846;AC-847;AC-848;AC-849,FLOW-027;STATE-007;STATE-008;STATE-009;STATE-014;STATE-017;STATE-018;STATE-020;STATE-024;STATE-025;STATE-031;STATE-032;STATE-033;STATE-034;STATE-039,True,True,Trace-mapped,Operation-level: OpenAPI + api_catalog.csv + Stage_4_Requirements_Traceability_4.1.2.csv
PATCH_api_v1_contacts_id_channels_channelId,PATCH,/api/v1/contacts/{id}/channels/{channelId},7140,CommunicationChannelPatch,CommunicationChannel,Contact.Update,"200,400,401,403,404,409,412,422,428",Idempotency-Key,If-Match contact,FR-132,AC-850;AC-851;AC-852;AC-853;AC-854;AC-855;AC-856;AC-857,SCR-115;STATE-007;STATE-008;STATE-009;STATE-014;STATE-017;STATE-018;STATE-020;STATE-021;STATE-024;STATE-025;STATE-026;STATE-031;STATE-032;STATE-033;STATE-034;STATE-039,True,True,Trace-mapped,Operation-level: OpenAPI + api_catalog.csv + Stage_4_Requirements_Traceability_4.1.2.csv
POST_api_v1_contacts_id_restore,POST,/api/v1/contacts/{id}/restore,7268,RestoreRequest,Contact,Contact.Restore,"200,401,403,404,409,412,422,428",Idempotency-Key,If-Match/trashed version,FR-133,AC-858;AC-859;AC-860;AC-861;AC-862;AC-863;AC-864;AC-865,FLOW-028;STATE-007;STATE-008;STATE-009;STATE-014;STATE-017;STATE-018;STATE-020;STATE-024;STATE-025;STATE-031;STATE-032;STATE-033;STATE-034;STATE-039,True,True,Trace-mapped,Operation-level: OpenAPI + api_catalog.csv + Stage_4_Requirements_Traceability_4.1.2.csv
POST_api_v1_contacts_id_unarchive,POST,/api/v1/contacts/{id}/unarchive,7382,—,Contact,Contact.Update,"200,401,403,404,409,412,428",Idempotent,If-Match required,FR-134,AC-866;AC-867;AC-868;AC-869;AC-870;AC-871,FLOW-026;STATE-007;STATE-008;STATE-009;STATE-014;STATE-017;STATE-018;STATE-020;STATE-024;STATE-025;STATE-031;STATE-032;STATE-033;STATE-034;STATE-039,True,True,Trace-mapped,Operation-level: OpenAPI + api_catalog.csv + Stage_4_Requirements_Traceability_4.1.2.csv
GET_api_v1_departments,GET,/api/v1/departments,7474,"query: filter,sort,page,cursor",Page<Department>,Department.Read,"200,400,401,403",Safe,—,FR-190;FR-192;FR-194,AC-1153;AC-1154;AC-1155;AC-1163;AC-1164;AC-1165;AC-1171;AC-1172;AC-1173,SCR-176;STATE-008;STATE-009;STATE-021;STATE-026;STATE-031;STATE-032;STATE-033;STATE-034;STATE-039,True,True,Trace-mapped,Operation-level: OpenAPI + api_catalog.csv + Stage_4_Requirements_Traceability_4.1.2.csv
POST_api_v1_departments,POST,/api/v1/departments,7565,DepartmentCreate,Department,Department.Manage,"201,400,401,403,409,422",Idempotency-Key,—,FR-191;FR-196;FR-198;FR-199,AC-1156;AC-1157;AC-1158;AC-1159;AC-1160;AC-1161;AC-1162;AC-1180;AC-1181;AC-1182;AC-1183;AC-1184;AC-1185;AC-1186;AC-1194;AC-1195;AC-1196;AC-1197;AC-1198;AC-1199;AC-1200;AC-1201;AC-1202;AC-1203;AC-1204;AC-1205,FLOW-026;FLOW-028;SCR-176;STATE-007;STATE-008;STATE-009;STATE-014;STATE-017;STATE-018;STATE-020;STATE-021;STATE-024;STATE-025;STATE-026;STATE-031;STATE-032;STATE-033;STATE-034;STATE-039,True,True,Trace-mapped,Operation-level: OpenAPI + api_catalog.csv + Stage_4_Requirements_Traceability_4.1.2.csv
GET_api_v1_departments_tree,GET,/api/v1/departments/tree,7659,query:includeArchived,DepartmentTree,Department.Read,"200,401,403",Safe,—,FR-192,AC-1163;AC-1164;AC-1165,STATE-008;STATE-031;STATE-032;STATE-033;STATE-034;STATE-039,True,True,Trace-mapped,Operation-level: OpenAPI + api_catalog.csv + Stage_4_Requirements_Traceability_4.1.2.csv
DELETE_api_v1_departments_id,DELETE,/api/v1/departments/{id},7714,path:id,DeletionReceipt,Department.Manage,"202,401,403,404,409,412,428",Idempotent,If-Match required,FR-193,AC-1166;AC-1167;AC-1168;AC-1169;AC-1170,STATE-007;STATE-008;STATE-009;STATE-014;STATE-017;STATE-018;STATE-020;STATE-024;STATE-025;STATE-031;STATE-032;STATE-033;STATE-034;STATE-039,True,True,Trace-mapped,Operation-level: OpenAPI + api_catalog.csv + Stage_4_Requirements_Traceability_4.1.2.csv
GET_api_v1_departments_id,GET,/api/v1/departments/{id},7805,path:id,Department,Department.Read,"200,401,403,404",Safe,—,FR-194,AC-1171;AC-1172;AC-1173,SCR-176;STATE-008;STATE-009;STATE-031;STATE-032;STATE-033;STATE-034;STATE-039,True,True,Trace-mapped,Operation-level: OpenAPI + api_catalog.csv + Stage_4_Requirements_Traceability_4.1.2.csv
PATCH_api_v1_departments_id,PATCH,/api/v1/departments/{id},7865,DepartmentPatch,Department,Department.Manage,"200,400,401,403,404,409,412,422,428",Conditional,If-Match required,FR-195,AC-1174;AC-1175;AC-1176;AC-1177;AC-1178;AC-1179,SCR-176;STATE-007;STATE-008;STATE-009;STATE-014;STATE-017;STATE-018;STATE-020;STATE-021;STATE-024;STATE-025;STATE-026;STATE-031;STATE-032;STATE-033;STATE-034;STATE-039,True,True,Trace-mapped,Operation-level: OpenAPI + api_catalog.csv + Stage_4_Requirements_Traceability_4.1.2.csv
POST_api_v1_departments_id_archive,POST,/api/v1/departments/{id}/archive,7984,ArchiveRequest,Department,Department.Manage,"200,401,403,404,409,412,422,428",Idempotency-Key,If-Match required,FR-196,AC-1180;AC-1181;AC-1182;AC-1183;AC-1184;AC-1185;AC-1186,FLOW-026;STATE-007;STATE-008;STATE-009;STATE-014;STATE-017;STATE-018;STATE-020;STATE-024;STATE-025;STATE-031;STATE-032;STATE-033;STATE-034;STATE-039,True,True,Trace-mapped,Operation-level: OpenAPI + api_catalog.csv + Stage_4_Requirements_Traceability_4.1.2.csv
PUT_api_v1_departments_id_managers,PUT,/api/v1/departments/{id}/managers,8098,DepartmentManagersReplace,Department,Department.Manage,"200,400,401,403,404,409,412,422,428",Idempotency-Key,If-Match,FR-197,AC-1187;AC-1188;AC-1189;AC-1190;AC-1191;AC-1192;AC-1193,SCR-176;STATE-007;STATE-008;STATE-009;STATE-014;STATE-017;STATE-018;STATE-020;STATE-021;STATE-024;STATE-025;STATE-026;STATE-031;STATE-032;STATE-033;STATE-034;STATE-039,True,True,Trace-mapped,Operation-level: OpenAPI + api_catalog.csv + Stage_4_Requirements_Traceability_4.1.2.csv
POST_api_v1_departments_id_restore,POST,/api/v1/departments/{id}/restore,8220,RestoreRequest,Department,Department.Manage,"200,401,403,404,409,412,422,428",Idempotency-Key,If-Match/trashed version,FR-198,AC-1194;AC-1195;AC-1196;AC-1197;AC-1198;AC-1199;AC-1200,FLOW-028;STATE-007;STATE-008;STATE-009;STATE-014;STATE-017;STATE-018;STATE-020;STATE-024;STATE-025;STATE-031;STATE-032;STATE-033;STATE-034;STATE-039,True,True,Trace-mapped,Operation-level: OpenAPI + api_catalog.csv + Stage_4_Requirements_Traceability_4.1.2.csv
POST_api_v1_departments_id_unarchive,POST,/api/v1/departments/{id}/unarchive,8334,—,Department,Department.Manage,"200,401,403,404,409,412,428",Idempotent,If-Match required,FR-199,AC-1201;AC-1202;AC-1203;AC-1204;AC-1205,FLOW-026;STATE-007;STATE-008;STATE-009;STATE-014;STATE-017;STATE-018;STATE-020;STATE-024;STATE-025;STATE-031;STATE-032;STATE-033;STATE-034;STATE-039,True,True,Trace-mapped,Operation-level: OpenAPI + api_catalog.csv + Stage_4_Requirements_Traceability_4.1.2.csv
GET_api_v1_devices,GET,/api/v1/devices,8426,"query: filter,sort,page,cursor",Page<Device>,Device.ReadOwnOrAll,"200,400,401,403",Safe,—,FR-200;FR-201,AC-1206;AC-1207;AC-1208;AC-1209;AC-1210;AC-1211,SCR-180;STATE-008;STATE-009;STATE-021;STATE-026;STATE-031;STATE-032;STATE-033;STATE-034;STATE-039,True,True,Trace-mapped,Operation-level: OpenAPI + api_catalog.csv + Stage_4_Requirements_Traceability_4.1.2.csv
GET_api_v1_devices_id,GET,/api/v1/devices/{id},8518,path:id,Device,Device.ReadOwnOrAll,"200,401,403,404",Safe,—,FR-201,AC-1209;AC-1210;AC-1211,SCR-180;STATE-008;STATE-009;STATE-031;STATE-032;STATE-033;STATE-034;STATE-039,True,True,Trace-mapped,Operation-level: OpenAPI + api_catalog.csv + Stage_4_Requirements_Traceability_4.1.2.csv
PATCH_api_v1_devices_id,PATCH,/api/v1/devices/{id},8578,DevicePatch,Device,Device.UpdateOwnOrAll,"200,400,401,403,404,409,412,422,428",Conditional,If-Match required,FR-202,AC-1212;AC-1213;AC-1214;AC-1215;AC-1216;AC-1217,SCR-155;SCR-180;STATE-007;STATE-008;STATE-009;STATE-014;STATE-017;STATE-018;STATE-020;STATE-021;STATE-024;STATE-025;STATE-026;STATE-031;STATE-032;STATE-033;STATE-034;STATE-039,True,True,Trace-mapped,Operation-level: OpenAPI + api_catalog.csv + Stage_4_Requirements_Traceability_4.1.2.csv
POST_api_v1_devices_id_heartbeat,POST,/api/v1/devices/{id}/heartbeat,8697,DeviceHeartbeat,204,Authenticated,"204,400,401,403,404",Idempotent,—,FR-203,AC-1218;AC-1219;AC-1220,STATE-008;STATE-009;STATE-021;STATE-026;STATE-031;STATE-032;STATE-033;STATE-034;STATE-039,True,True,Trace-mapped,Operation-level: OpenAPI + api_catalog.csv + Stage_4_Requirements_Traceability_4.1.2.csv
POST_api_v1_devices_id_revoke,POST,/api/v1/devices/{id}/revoke,8765,RevokeDeviceRequest,Device,Device.Revoke,"200,401,403,404,409,412,428",Idempotency-Key,If-Match,FR-204,AC-1221;AC-1222;AC-1223;AC-1224;AC-1225;AC-1226,SCR-180;STATE-007;STATE-008;STATE-009;STATE-014;STATE-017;STATE-018;STATE-020;STATE-024;STATE-025;STATE-031;STATE-032;STATE-033;STATE-034;STATE-039,True,True,Trace-mapped,Operation-level: OpenAPI + api_catalog.csv + Stage_4_Requirements_Traceability_4.1.2.csv
GET_api_v1_feature_flags,GET,/api/v1/feature-flags,8866,—,FeatureFlags,Authenticated,"200,401",Safe,—,FR-016,AC-145;AC-146,STATE-032;STATE-033;STATE-039,True,True,Trace-mapped,Operation-level: OpenAPI + api_catalog.csv + Stage_4_Requirements_Traceability_4.1.2.csv
POST_api_v1_file_locations_id_check_result,POST,/api/v1/file-locations/{id}/check-result,8904,FileLocationCheckCreate,204,FileReference.Open,"204,400,401,403,404,422",Idempotency-Key,—,FR-112,AC-726;AC-727;AC-728;AC-729;AC-730;AC-731,SCR-090;STATE-007;STATE-008;STATE-009;STATE-021;STATE-026;STATE-031;STATE-032;STATE-033;STATE-034;STATE-039,True,True,Trace-mapped,Operation-level: OpenAPI + api_catalog.csv + Stage_4_Requirements_Traceability_4.1.2.csv
GET_api_v1_inbox_items,GET,/api/v1/inbox-items,8990,"query: filter,sort,page,cursor",Page<InboxItem>,Inbox.ReadOwn,"200,400,401,403",Safe,—,FR-018;FR-021,AC-151;AC-152;AC-153;AC-167;AC-168;AC-169,STATE-008;STATE-009;STATE-021;STATE-026;STATE-031;STATE-032;STATE-033;STATE-034;STATE-039,True,True,Trace-mapped,Operation-level: OpenAPI + api_catalog.csv + Stage_4_Requirements_Traceability_4.1.2.csv
POST_api_v1_inbox_items,POST,/api/v1/inbox-items,9081,InboxItemCreate,InboxItem,Inbox.ManageOwn,"201,400,401,403,409,422",Idempotency-Key,—,FR-019;FR-023;FR-024;FR-025,AC-154;AC-155;AC-156;AC-157;AC-158;AC-159;AC-160;AC-177;AC-178;AC-179;AC-180;AC-181;AC-182;AC-183;AC-184;AC-185;AC-186;AC-187;AC-188;AC-189;AC-190;AC-191;AC-192;AC-193;AC-194;AC-195;AC-196;AC-197;AC-198;AC-199;AC-200,FLOW-028;FLOW-034;STATE-007;STATE-008;STATE-009;STATE-014;STATE-017;STATE-018;STATE-020;STATE-021;STATE-024;STATE-025;STATE-026;STATE-031;STATE-032;STATE-033;STATE-034;STATE-039,True,True,Trace-mapped,Operation-level: OpenAPI + api_catalog.csv + Stage_4_Requirements_Traceability_4.1.2.csv
DELETE_api_v1_inbox_items_id,DELETE,/api/v1/inbox-items/{id},9175,path:id,DeletionReceipt,Inbox.ManageOwn,"202,401,403,404,409,412,428",Idempotent,If-Match required,FR-020,AC-161;AC-162;AC-163;AC-164;AC-165;AC-166,STATE-007;STATE-008;STATE-009;STATE-014;STATE-017;STATE-018;STATE-020;STATE-024;STATE-025;STATE-031;STATE-032;STATE-033;STATE-034;STATE-039,True,True,Trace-mapped,Operation-level: OpenAPI + api_catalog.csv + Stage_4_Requirements_Traceability_4.1.2.csv
GET_api_v1_inbox_items_id,GET,/api/v1/inbox-items/{id},9266,path:id,InboxItem,Inbox.ReadOwn,"200,401,403,404",Safe,—,FR-021,AC-167;AC-168;AC-169,STATE-008;STATE-009;STATE-031;STATE-032;STATE-033;STATE-034;STATE-039,True,True,Trace-mapped,Operation-level: OpenAPI + api_catalog.csv + Stage_4_Requirements_Traceability_4.1.2.csv
PATCH_api_v1_inbox_items_id,PATCH,/api/v1/inbox-items/{id},9326,InboxItemPatch,InboxItem,Inbox.ManageOwn,"200,400,401,403,404,409,412,422,428",Conditional,If-Match required,FR-022,AC-170;AC-171;AC-172;AC-173;AC-174;AC-175;AC-176,STATE-007;STATE-008;STATE-009;STATE-014;STATE-017;STATE-018;STATE-020;STATE-021;STATE-024;STATE-025;STATE-026;STATE-031;STATE-032;STATE-033;STATE-034;STATE-039,True,True,Trace-mapped,Operation-level: OpenAPI + api_catalog.csv + Stage_4_Requirements_Traceability_4.1.2.csv
POST_api_v1_inbox_items_id_convert_to_catalog_item,POST,/api/v1/inbox-items/{id}/convert-to-catalog-item,9445,InboxConvertCatalog,CatalogItem,Inbox.ManageOwn,"201,400,401,403,404,409,412,422,428",Idempotency-Key,If-Match inbox item,FR-023,AC-177;AC-178;AC-179;AC-180;AC-181;AC-182;AC-183;AC-184,STATE-007;STATE-008;STATE-009;STATE-014;STATE-017;STATE-018;STATE-020;STATE-021;STATE-024;STATE-025;STATE-026;STATE-031;STATE-032;STATE-033;STATE-034;STATE-039,True,True,Trace-mapped,Operation-level: OpenAPI + api_catalog.csv + Stage_4_Requirements_Traceability_4.1.2.csv
POST_api_v1_inbox_items_id_convert_to_task,POST,/api/v1/inbox-items/{id}/convert-to-task,9567,InboxConvertTask,Task,Inbox.ManageOwn,"201,400,401,403,404,409,412,422,428",Idempotency-Key,If-Match inbox item,FR-024,AC-185;AC-186;AC-187;AC-188;AC-189;AC-190;AC-191;AC-192,FLOW-034;STATE-007;STATE-008;STATE-009;STATE-014;STATE-017;STATE-018;STATE-020;STATE-021;STATE-024;STATE-025;STATE-026;STATE-031;STATE-032;STATE-033;STATE-034;STATE-039,True,True,Trace-mapped,Operation-level: OpenAPI + api_catalog.csv + Stage_4_Requirements_Traceability_4.1.2.csv
POST_api_v1_inbox_items_id_restore,POST,/api/v1/inbox-items/{id}/restore,9689,RestoreRequest,InboxItem,Inbox.ManageOwn,"200,401,403,404,409,412,422,428",Idempotency-Key,If-Match/trashed version,FR-025,AC-193;AC-194;AC-195;AC-196;AC-197;AC-198;AC-199;AC-200,FLOW-028;STATE-007;STATE-008;STATE-009;STATE-014;STATE-017;STATE-018;STATE-020;STATE-024;STATE-025;STATE-031;STATE-032;STATE-033;STATE-034;STATE-039,True,True,Trace-mapped,Operation-level: OpenAPI + api_catalog.csv + Stage_4_Requirements_Traceability_4.1.2.csv
GET_api_v1_interactions,GET,/api/v1/interactions,9803,"query: filter,sort,page,cursor",Page<Interaction>,Contact.Read,"200,400,401,403",Safe,—,FR-142;FR-145,AC-907;AC-908;AC-909;AC-923;AC-924;AC-925,STATE-008;STATE-009;STATE-021;STATE-026;STATE-031;STATE-032;STATE-033;STATE-034;STATE-039,True,True,Trace-mapped,Operation-level: OpenAPI + api_catalog.csv + Stage_4_Requirements_Traceability_4.1.2.csv
POST_api_v1_interactions,POST,/api/v1/interactions,9894,InteractionCreate,Interaction,Interaction.Create,"201,400,401,403,409,422",Idempotency-Key,—,FR-143;FR-148,AC-910;AC-911;AC-912;AC-913;AC-914;AC-915;AC-916;AC-941;AC-942;AC-943;AC-944;AC-945;AC-946;AC-947;AC-948,FLOW-028;FLOW-037;STATE-007;STATE-008;STATE-009;STATE-014;STATE-017;STATE-018;STATE-020;STATE-021;STATE-024;STATE-025;STATE-026;STATE-031;STATE-032;STATE-033;STATE-034;STATE-039,True,True,Trace-mapped,Operation-level: OpenAPI + api_catalog.csv + Stage_4_Requirements_Traceability_4.1.2.csv
DELETE_api_v1_interactions_id,DELETE,/api/v1/interactions/{id},9988,path:id,DeletionReceipt,Interaction.Update,"202,401,403,404,409,412,428",Idempotent,If-Match required,FR-144,AC-917;AC-918;AC-919;AC-920;AC-921;AC-922,STATE-007;STATE-008;STATE-009;STATE-014;STATE-017;STATE-018;STATE-020;STATE-024;STATE-025;STATE-031;STATE-032;STATE-033;STATE-034;STATE-039,True,True,Trace-mapped,Operation-level: OpenAPI + api_catalog.csv + Stage_4_Requirements_Traceability_4.1.2.csv
GET_api_v1_interactions_id,GET,/api/v1/interactions/{id},10079,path:id,Interaction,Contact.Read,"200,401,403,404",Safe,—,FR-145,AC-923;AC-924;AC-925,STATE-008;STATE-009;STATE-031;STATE-032;STATE-033;STATE-034;STATE-039,True,True,Trace-mapped,Operation-level: OpenAPI + api_catalog.csv + Stage_4_Requirements_Traceability_4.1.2.csv
PATCH_api_v1_interactions_id,PATCH,/api/v1/interactions/{id},10139,InteractionPatch,Interaction,Interaction.Update,"200,400,401,403,404,409,412,422,428",Conditional,If-Match required,FR-146,AC-926;AC-927;AC-928;AC-929;AC-930;AC-931;AC-932,STATE-007;STATE-008;STATE-009;STATE-014;STATE-017;STATE-018;STATE-020;STATE-021;STATE-024;STATE-025;STATE-026;STATE-031;STATE-032;STATE-033;STATE-034;STATE-039,True,True,Trace-mapped,Operation-level: OpenAPI + api_catalog.csv + Stage_4_Requirements_Traceability_4.1.2.csv
PUT_api_v1_interactions_id_participants,PUT,/api/v1/interactions/{id}/participants,10258,InteractionParticipants,Interaction,Interaction.Update,"200,400,401,403,404,409,412,422,428",Idempotency-Key,If-Match,FR-147,AC-933;AC-934;AC-935;AC-936;AC-937;AC-938;AC-939;AC-940,STATE-007;STATE-008;STATE-009;STATE-014;STATE-017;STATE-018;STATE-020;STATE-021;STATE-024;STATE-025;STATE-026;STATE-031;STATE-032;STATE-033;STATE-034;STATE-039,True,True,Trace-mapped,Operation-level: OpenAPI + api_catalog.csv + Stage_4_Requirements_Traceability_4.1.2.csv
POST_api_v1_interactions_id_restore,POST,/api/v1/interactions/{id}/restore,10380,RestoreRequest,Interaction,Interaction.Update,"200,401,403,404,409,412,422,428",Idempotency-Key,If-Match/trashed version,FR-148,AC-941;AC-942;AC-943;AC-944;AC-945;AC-946;AC-947;AC-948,FLOW-028;STATE-007;STATE-008;STATE-009;STATE-014;STATE-017;STATE-018;STATE-020;STATE-024;STATE-025;STATE-031;STATE-032;STATE-033;STATE-034;STATE-039,True,True,Trace-mapped,Operation-level: OpenAPI + api_catalog.csv + Stage_4_Requirements_Traceability_4.1.2.csv
GET_api_v1_network_resources,GET,/api/v1/network-resources,10494,"query:status,page",Page<NetworkResource>,FileCatalog.Read,"200,401,403",Safe,—,FR-205,AC-1227;AC-1228;AC-1229,SCR-182;STATE-008;STATE-031;STATE-032;STATE-033;STATE-034;STATE-039,True,True,Trace-mapped,Operation-level: OpenAPI + api_catalog.csv + Stage_4_Requirements_Traceability_4.1.2.csv
POST_api_v1_network_resources,POST,/api/v1/network-resources,10560,NetworkResourceCreate,NetworkResource,NetworkResource.Manage,"201,400,401,403,409,422",Idempotency-Key,—,FR-206;FR-208,AC-1230;AC-1231;AC-1232;AC-1233;AC-1234;AC-1235;AC-1236;AC-1244;AC-1245;AC-1246;AC-1247;AC-1248;AC-1249,SCR-182;STATE-007;STATE-008;STATE-009;STATE-014;STATE-017;STATE-018;STATE-020;STATE-021;STATE-024;STATE-026;STATE-031;STATE-032;STATE-033;STATE-034;STATE-039,True,True,Trace-mapped,Operation-level: OpenAPI + api_catalog.csv + Stage_4_Requirements_Traceability_4.1.2.csv
PATCH_api_v1_network_resources_id,PATCH,/api/v1/network-resources/{id},10654,NetworkResourcePatch,NetworkResource,NetworkResource.Manage,"200,400,401,403,404,409,412,422,428",Idempotency-Key,If-Match,FR-207,AC-1237;AC-1238;AC-1239;AC-1240;AC-1241;AC-1242;AC-1243,SCR-182;STATE-007;STATE-008;STATE-009;STATE-014;STATE-017;STATE-018;STATE-020;STATE-021;STATE-024;STATE-025;STATE-026;STATE-031;STATE-032;STATE-033;STATE-034;STATE-039,True,True,Trace-mapped,Operation-level: OpenAPI + api_catalog.csv + Stage_4_Requirements_Traceability_4.1.2.csv
POST_api_v1_network_resources_id_probe,POST,/api/v1/network-resources/{id}/probe,10776,ProbeRequest,ProbeResult,NetworkResource.Manage,"200,400,401,403,404,422",Idempotency-Key,—,FR-208,AC-1244;AC-1245;AC-1246;AC-1247;AC-1248;AC-1249,SCR-182;STATE-007;STATE-008;STATE-009;STATE-021;STATE-026;STATE-031;STATE-032;STATE-033;STATE-034;STATE-039,True,True,Trace-mapped,Operation-level: OpenAPI + api_catalog.csv + Stage_4_Requirements_Traceability_4.1.2.csv
GET_api_v1_notifications,GET,/api/v1/notifications,10868,"query: filter,sort,page,cursor",Page<Notification>,Notification.ReadOwn,"200,400,401,403",Safe,—,FR-161;FR-163;FR-171,AC-1009;AC-1010;AC-1011;AC-1017;AC-1018;AC-1019;AC-1058;AC-1059;AC-1060,SCR-153;STATE-008;STATE-009;STATE-021;STATE-026;STATE-031;STATE-032;STATE-033;STATE-034;STATE-039,True,True,Trace-mapped,Operation-level: OpenAPI + api_catalog.csv + Stage_4_Requirements_Traceability_4.1.2.csv
GET_api_v1_notifications_preferences,GET,/api/v1/notifications/preferences,10960,—,NotificationPreferences,Settings.ReadOwn,"200,401",Safe,—,FR-171,AC-1058;AC-1059;AC-1060,SCR-153;STATE-032;STATE-033;STATE-039,True,True,Trace-mapped,Operation-level: OpenAPI + api_catalog.csv + Stage_4_Requirements_Traceability_4.1.2.csv
PUT_api_v1_notifications_preferences,PUT,/api/v1/notifications/preferences,10998,NotificationPreferencesPatch,NotificationPreferences,Settings.UpdateOwn,"200,400,401,409,412,422,428",Idempotency-Key,If-Match,FR-172,AC-1061;AC-1062;AC-1063;AC-1064;AC-1065;AC-1066;AC-1067,SCR-153;STATE-007;STATE-014;STATE-017;STATE-018;STATE-020;STATE-021;STATE-024;STATE-025;STATE-026;STATE-031;STATE-032;STATE-033;STATE-039,True,True,Trace-mapped,Operation-level: OpenAPI + api_catalog.csv + Stage_4_Requirements_Traceability_4.1.2.csv
POST_api_v1_notifications_read_all,POST,/api/v1/notifications/read-all,11098,ReadAllRequest,ReadAllResult,Notification.ReadOwn,"200,400,401,403",Idempotency-Key,—,FR-162,AC-1012;AC-1013;AC-1014;AC-1015;AC-1016,STATE-008;STATE-021;STATE-026;STATE-031;STATE-032;STATE-033;STATE-034;STATE-039,True,True,Trace-mapped,Operation-level: OpenAPI + api_catalog.csv + Stage_4_Requirements_Traceability_4.1.2.csv
GET_api_v1_notifications_id,GET,/api/v1/notifications/{id},11164,path:id,Notification,Notification.ReadOwn,"200,401,403,404",Safe,—,FR-163,AC-1017;AC-1018;AC-1019,STATE-008;STATE-009;STATE-031;STATE-032;STATE-033;STATE-034;STATE-039,True,True,Trace-mapped,Operation-level: OpenAPI + api_catalog.csv + Stage_4_Requirements_Traceability_4.1.2.csv
POST_api_v1_notifications_id_action,POST,/api/v1/notifications/{id}/action,11225,NotificationActionRequest,ActionResult,Notification.ManageOwn,"200,400,401,403,404,409,412,422,428",Idempotency-Key,target If-Match when required,FR-164,AC-1020;AC-1021;AC-1022;AC-1023;AC-1024;AC-1025;AC-1026,FLOW-020;STATE-007;STATE-008;STATE-009;STATE-014;STATE-017;STATE-018;STATE-020;STATE-021;STATE-024;STATE-025;STATE-026;STATE-031;STATE-032;STATE-033;STATE-034;STATE-039,True,True,Trace-mapped,Operation-level: OpenAPI + api_catalog.csv + Stage_4_Requirements_Traceability_4.1.2.csv
POST_api_v1_notifications_id_read,POST,/api/v1/notifications/{id}/read,11347,—,Notification,Notification.ReadOwn,"200,401,403,404,409",Idempotent,If-Match optional,FR-165,AC-1027;AC-1028;AC-1029;AC-1030;AC-1031,STATE-007;STATE-008;STATE-009;STATE-014;STATE-017;STATE-018;STATE-020;STATE-024;STATE-031;STATE-032;STATE-033;STATE-034;STATE-039,True,True,Trace-mapped,Operation-level: OpenAPI + api_catalog.csv + Stage_4_Requirements_Traceability_4.1.2.csv
GET_api_v1_objects_objectId_comments,GET,/api/v1/objects/{objectId}/comments,11425,"query: filter,sort,page,cursor",Page<Comment>,Comment.Read,"200,400,401,403",Safe,—,FR-137;FR-140,AC-881;AC-882;AC-883;AC-897;AC-898;AC-899,STATE-008;STATE-009;STATE-021;STATE-026;STATE-031;STATE-032;STATE-033;STATE-034;STATE-039,True,True,Trace-mapped,Operation-level: OpenAPI + api_catalog.csv + Stage_4_Requirements_Traceability_4.1.2.csv
POST_api_v1_objects_objectId_comments,POST,/api/v1/objects/{objectId}/comments,11522,CommentCreate,Comment,Comment.Create,"201,400,401,403,409,422",Idempotency-Key,—,FR-138,AC-884;AC-885;AC-886;AC-887;AC-888;AC-889;AC-890,STATE-007;STATE-008;STATE-014;STATE-017;STATE-018;STATE-020;STATE-021;STATE-024;STATE-026;STATE-031;STATE-032;STATE-033;STATE-034;STATE-039,True,True,Trace-mapped,Operation-level: OpenAPI + api_catalog.csv + Stage_4_Requirements_Traceability_4.1.2.csv
DELETE_api_v1_objects_objectId_comments_id,DELETE,/api/v1/objects/{objectId}/comments/{id},11622,path:id,DeletionReceipt,Comment.DeleteOwnOrModerate,"202,401,403,404,409,412,428",Idempotent,If-Match required,FR-139,AC-891;AC-892;AC-893;AC-894;AC-895;AC-896,STATE-007;STATE-008;STATE-009;STATE-014;STATE-017;STATE-018;STATE-020;STATE-024;STATE-025;STATE-031;STATE-032;STATE-033;STATE-034;STATE-039,True,True,Trace-mapped,Operation-level: OpenAPI + api_catalog.csv + Stage_4_Requirements_Traceability_4.1.2.csv
GET_api_v1_objects_objectId_comments_id,GET,/api/v1/objects/{objectId}/comments/{id},11719,path:id,Comment,Comment.Read,"200,401,403,404",Safe,—,FR-140,AC-897;AC-898;AC-899,STATE-008;STATE-009;STATE-031;STATE-032;STATE-033;STATE-034;STATE-039,True,True,Trace-mapped,Operation-level: OpenAPI + api_catalog.csv + Stage_4_Requirements_Traceability_4.1.2.csv
PATCH_api_v1_objects_objectId_comments_id,PATCH,/api/v1/objects/{objectId}/comments/{id},11785,CommentPatch,Comment,Comment.UpdateOwnOrModerate,"200,400,401,403,404,409,412,422,428",Conditional,If-Match required,FR-141,AC-900;AC-901;AC-902;AC-903;AC-904;AC-905;AC-906,STATE-007;STATE-008;STATE-009;STATE-014;STATE-017;STATE-018;STATE-020;STATE-021;STATE-024;STATE-025;STATE-026;STATE-031;STATE-032;STATE-033;STATE-034;STATE-039,True,True,Trace-mapped,Operation-level: OpenAPI + api_catalog.csv + Stage_4_Requirements_Traceability_4.1.2.csv
GET_api_v1_objects_objectId_history,GET,/api/v1/objects/{objectId}/history,11910,"query:cursor,limit",Page<HistoryEntry>,History.Read,"200,401,403,404",Safe,—,FR-237;FR-238,AC-1388;AC-1389;AC-1390;AC-1391;AC-1392;AC-1393,STATE-008;STATE-009;STATE-031;STATE-032;STATE-033;STATE-034;STATE-039,True,True,Trace-mapped,Operation-level: OpenAPI + api_catalog.csv + Stage_4_Requirements_Traceability_4.1.2.csv
GET_api_v1_objects_objectId_history_version,GET,/api/v1/objects/{objectId}/history/{version},11994,path:version,HistoryVersion,History.Read,"200,401,403,404",Safe,—,FR-238,AC-1391;AC-1392;AC-1393,STATE-008;STATE-009;STATE-031;STATE-032;STATE-033;STATE-034;STATE-039,True,True,Trace-mapped,Operation-level: OpenAPI + api_catalog.csv + Stage_4_Requirements_Traceability_4.1.2.csv
GET_api_v1_objects_objectId_links,GET,/api/v1/objects/{objectId}/links,12062,"query:type,page",Page<ObjectLink>,ObjectLink.Read,"200,401,403,404",Safe,—,FR-149,AC-949;AC-950;AC-951,SCR-203;STATE-008;STATE-009;STATE-031;STATE-032;STATE-033;STATE-034;STATE-039,True,True,Trace-mapped,Operation-level: OpenAPI + api_catalog.csv + Stage_4_Requirements_Traceability_4.1.2.csv
POST_api_v1_objects_objectId_links,POST,/api/v1/objects/{objectId}/links,12141,ObjectLinkCreate,ObjectLink,ObjectLink.Create,"201,400,401,403,404,409,412,422,428",Idempotency-Key,If-Match source,FR-150,AC-952;AC-953;AC-954;AC-955;AC-956;AC-957;AC-958,SCR-203;STATE-007;STATE-008;STATE-009;STATE-014;STATE-017;STATE-018;STATE-020;STATE-021;STATE-024;STATE-025;STATE-026;STATE-031;STATE-032;STATE-033;STATE-034;STATE-039,True,True,Trace-mapped,Operation-level: OpenAPI + api_catalog.csv + Stage_4_Requirements_Traceability_4.1.2.csv
DELETE_api_v1_objects_objectId_links_linkId,DELETE,/api/v1/objects/{objectId}/links/{linkId},12263,—,204,ObjectLink.Delete,"204,401,403,404,409,412,428",Idempotent,If-Match source,FR-151,AC-959;AC-960;AC-961;AC-962;AC-963,SCR-203;STATE-007;STATE-008;STATE-009;STATE-014;STATE-017;STATE-018;STATE-020;STATE-024;STATE-025;STATE-031;STATE-032;STATE-033;STATE-034;STATE-039,True,True,Trace-mapped,Operation-level: OpenAPI + api_catalog.csv + Stage_4_Requirements_Traceability_4.1.2.csv
PUT_api_v1_objects_objectId_tags,PUT,/api/v1/objects/{objectId}/tags,12355,TagIds,Tag[],Tag.Assign,"200,400,401,403,404,409,412,422,428",Idempotency-Key,If-Match object,FR-152,AC-964;AC-965;AC-966;AC-967;AC-968;AC-969;AC-970,SCR-203;STATE-007;STATE-008;STATE-009;STATE-014;STATE-017;STATE-018;STATE-020;STATE-021;STATE-024;STATE-025;STATE-026;STATE-031;STATE-032;STATE-033;STATE-034;STATE-039,True,True,Trace-mapped,Operation-level: OpenAPI + api_catalog.csv + Stage_4_Requirements_Traceability_4.1.2.csv
GET_api_v1_permissions,GET,/api/v1/permissions,12480,query:resource,Permission[],Role.Read,"200,401,403",Safe,—,FR-210,AC-1253;AC-1254;AC-1255,STATE-008;STATE-031;STATE-032;STATE-033;STATE-034;STATE-039,True,True,Trace-mapped,Operation-level: OpenAPI + api_catalog.csv + Stage_4_Requirements_Traceability_4.1.2.csv
GET_api_v1_project_roles,GET,/api/v1/project-roles,12539,—,ProjectRole[],Project.Read,"200,401,403",Safe,—,FR-211,AC-1256;AC-1257;AC-1258,STATE-008;STATE-031;STATE-032;STATE-033;STATE-034;STATE-039,True,True,Trace-mapped,Operation-level: OpenAPI + api_catalog.csv + Stage_4_Requirements_Traceability_4.1.2.csv
PUT_api_v1_project_roles_id_permissions,PUT,/api/v1/project-roles/{id}/permissions,12590,PermissionCodes,ProjectRole,Role.Manage,"200,400,401,403,404,409,412,428",Idempotency-Key,If-Match,FR-212,AC-1259;AC-1260;AC-1261;AC-1262;AC-1263;AC-1264,SCR-071;SCR-178;STATE-007;STATE-008;STATE-009;STATE-014;STATE-017;STATE-018;STATE-020;STATE-021;STATE-024;STATE-025;STATE-026;STATE-031;STATE-032;STATE-033;STATE-034;STATE-039,True,True,Trace-mapped,Operation-level: OpenAPI + api_catalog.csv + Stage_4_Requirements_Traceability_4.1.2.csv
GET_api_v1_projects,GET,/api/v1/projects,12699,"query: filter,sort,page,cursor",Page<Project>,Project.Read,"200,400,401,403",Safe,—,FR-083;FR-086;FR-089;FR-239,AC-1394;AC-1395;AC-1396;AC-543;AC-544;AC-545;AC-559;AC-560;AC-561;AC-577;AC-578;AC-579,SCR-064;SCR-070;STATE-008;STATE-009;STATE-021;STATE-026;STATE-031;STATE-032;STATE-033;STATE-034;STATE-039,True,True,Trace-mapped,Operation-level: OpenAPI + api_catalog.csv + Stage_4_Requirements_Traceability_4.1.2.csv
POST_api_v1_projects,POST,/api/v1/projects,12790,ProjectCreate,Project,Project.Create,"201,400,401,403,409,422",Idempotency-Key,—,FR-084;FR-088;FR-090;FR-094;FR-095;FR-096,AC-546;AC-547;AC-548;AC-549;AC-550;AC-551;AC-552;AC-569;AC-570;AC-571;AC-572;AC-573;AC-574;AC-575;AC-576;AC-580;AC-581;AC-582;AC-583;AC-584;AC-585;AC-586;AC-587;AC-611;AC-612;AC-613;AC-614;AC-615;AC-616;AC-617;AC-618;AC-619;AC-620;AC-621;AC-622;AC-623;AC-624;AC-625;AC-626;AC-627;AC-628;AC-629;AC-630;AC-631;AC-632,FLOW-013;FLOW-014;FLOW-026;FLOW-028;FLOW-030;FLOW-035;SCR-064;SCR-070;SCR-072;STATE-007;STATE-008;STATE-009;STATE-014;STATE-017;STATE-018;STATE-020;STATE-021;STATE-024;STATE-025;STATE-026;STATE-031;STATE-032;STATE-033;STATE-034;STATE-039,True,True,Trace-mapped,Operation-level: OpenAPI + api_catalog.csv + Stage_4_Requirements_Traceability_4.1.2.csv
DELETE_api_v1_projects_id,DELETE,/api/v1/projects/{id},12884,path:id,DeletionReceipt,Project.Delete,"202,401,403,404,409,412,428",Idempotent,If-Match required,FR-085;FR-091,AC-553;AC-554;AC-555;AC-556;AC-557;AC-558;AC-588;AC-589;AC-590;AC-591;AC-592;AC-593;AC-594,FLOW-014;FLOW-027;FLOW-030;SCR-064;SCR-072;STATE-007;STATE-008;STATE-009;STATE-014;STATE-017;STATE-018;STATE-020;STATE-024;STATE-025;STATE-031;STATE-032;STATE-033;STATE-034;STATE-039,True,True,Trace-mapped,Operation-level: OpenAPI + api_catalog.csv + Stage_4_Requirements_Traceability_4.1.2.csv
GET_api_v1_projects_id,GET,/api/v1/projects/{id},12975,path:id,Project,Project.Read,"200,401,403,404",Safe,—,FR-086;FR-089;FR-239,AC-1394;AC-1395;AC-1396;AC-559;AC-560;AC-561;AC-577;AC-578;AC-579,SCR-064;SCR-070;STATE-008;STATE-009;STATE-031;STATE-032;STATE-033;STATE-034;STATE-039,True,True,Trace-mapped,Operation-level: OpenAPI + api_catalog.csv + Stage_4_Requirements_Traceability_4.1.2.csv
PATCH_api_v1_projects_id,PATCH,/api/v1/projects/{id},13035,ProjectPatch,Project,Project.Update,"200,400,401,403,404,409,412,422,428",Conditional,If-Match required,FR-087;FR-092,AC-562;AC-563;AC-564;AC-565;AC-566;AC-567;AC-568;AC-595;AC-596;AC-597;AC-598;AC-599;AC-600;AC-601;AC-602,FLOW-014;FLOW-030;SCR-064;SCR-070;STATE-007;STATE-008;STATE-009;STATE-014;STATE-017;STATE-018;STATE-020;STATE-021;STATE-024;STATE-025;STATE-026;STATE-031;STATE-032;STATE-033;STATE-034;STATE-039,True,True,Trace-mapped,Operation-level: OpenAPI + api_catalog.csv + Stage_4_Requirements_Traceability_4.1.2.csv
POST_api_v1_projects_id_archive,POST,/api/v1/projects/{id}/archive,13154,ArchiveRequest,Project,Project.Archive,"200,401,403,404,409,412,422,428",Idempotency-Key,If-Match required,FR-088,AC-569;AC-570;AC-571;AC-572;AC-573;AC-574;AC-575;AC-576,FLOW-026;FLOW-035;SCR-072;STATE-007;STATE-008;STATE-009;STATE-014;STATE-017;STATE-018;STATE-020;STATE-024;STATE-025;STATE-031;STATE-032;STATE-033;STATE-034;STATE-039,True,True,Trace-mapped,Operation-level: OpenAPI + api_catalog.csv + Stage_4_Requirements_Traceability_4.1.2.csv
GET_api_v1_projects_id_history,GET,/api/v1/projects/{id}/history,13268,"query:cursor,page",Page<HistoryEntry>,History.Read,"200,401,403,404",Safe,—,FR-239,AC-1394;AC-1395;AC-1396,STATE-008;STATE-009;STATE-031;STATE-032;STATE-033;STATE-034;STATE-039,True,True,Trace-mapped,Operation-level: OpenAPI + api_catalog.csv + Stage_4_Requirements_Traceability_4.1.2.csv
GET_api_v1_projects_id_members,GET,/api/v1/projects/{id}/members,13351,"query:status,page",Page<ProjectMember>,Project.ManageMembers,"200,401,403,404",Safe,—,FR-089,AC-577;AC-578;AC-579,SCR-064;STATE-008;STATE-009;STATE-031;STATE-032;STATE-033;STATE-034;STATE-039,True,True,Trace-mapped,Operation-level: OpenAPI + api_catalog.csv + Stage_4_Requirements_Traceability_4.1.2.csv
POST_api_v1_projects_id_members,POST,/api/v1/projects/{id}/members,13430,ProjectMemberCreate,ProjectMember,Project.ManageMembers,"201,400,401,403,404,409,412,422,428",Idempotency-Key,If-Match project,FR-090,AC-580;AC-581;AC-582;AC-583;AC-584;AC-585;AC-586;AC-587,FLOW-014;FLOW-030;SCR-064;STATE-007;STATE-008;STATE-009;STATE-014;STATE-017;STATE-018;STATE-020;STATE-021;STATE-024;STATE-025;STATE-026;STATE-031;STATE-032;STATE-033;STATE-034;STATE-039,True,True,Trace-mapped,Operation-level: OpenAPI + api_catalog.csv + Stage_4_Requirements_Traceability_4.1.2.csv
DELETE_api_v1_projects_id_members_userId,DELETE,/api/v1/projects/{id}/members/{userId},13552,—,204,Project.ManageMembers,"204,401,403,404,409,412,422,428",Idempotent,If-Match project,FR-091,AC-588;AC-589;AC-590;AC-591;AC-592;AC-593;AC-594,FLOW-014;FLOW-030;SCR-064;STATE-007;STATE-008;STATE-009;STATE-014;STATE-017;STATE-018;STATE-020;STATE-024;STATE-025;STATE-031;STATE-032;STATE-033;STATE-034;STATE-039,True,True,Trace-mapped,Operation-level: OpenAPI + api_catalog.csv + Stage_4_Requirements_Traceability_4.1.2.csv
PATCH_api_v1_projects_id_members_userId,PATCH,/api/v1/projects/{id}/members/{userId},13656,ProjectMemberPatch,ProjectMember,Project.ManageMembers,"200,400,401,403,404,409,412,422,428",Idempotency-Key,If-Match member/project,FR-092,AC-595;AC-596;AC-597;AC-598;AC-599;AC-600;AC-601;AC-602,FLOW-014;FLOW-030;SCR-064;STATE-007;STATE-008;STATE-009;STATE-014;STATE-017;STATE-018;STATE-020;STATE-021;STATE-024;STATE-025;STATE-026;STATE-031;STATE-032;STATE-033;STATE-034;STATE-039,True,True,Trace-mapped,Operation-level: OpenAPI + api_catalog.csv + Stage_4_Requirements_Traceability_4.1.2.csv
PUT_api_v1_projects_id_members_userId_overrides,PUT,/api/v1/projects/{id}/members/{userId}/overrides,13784,PermissionOverrides,ProjectMember,Project.ManageMembers,"200,400,401,403,404,409,412,422,428",Idempotency-Key,If-Match member,FR-093,AC-603;AC-604;AC-605;AC-606;AC-607;AC-608;AC-609;AC-610,SCR-071;STATE-007;STATE-008;STATE-009;STATE-014;STATE-017;STATE-018;STATE-020;STATE-021;STATE-024;STATE-025;STATE-026;STATE-031;STATE-032;STATE-033;STATE-034;STATE-039,True,True,Trace-mapped,Operation-level: OpenAPI + api_catalog.csv + Stage_4_Requirements_Traceability_4.1.2.csv
POST_api_v1_projects_id_restore,POST,/api/v1/projects/{id}/restore,13912,RestoreRequest,Project,Project.Restore,"200,401,403,404,409,412,422,428",Idempotency-Key,If-Match/trashed version,FR-094,AC-611;AC-612;AC-613;AC-614;AC-615;AC-616;AC-617;AC-618,FLOW-028;SCR-072;STATE-007;STATE-008;STATE-009;STATE-014;STATE-017;STATE-018;STATE-020;STATE-024;STATE-025;STATE-031;STATE-032;STATE-033;STATE-034;STATE-039,True,True,Trace-mapped,Operation-level: OpenAPI + api_catalog.csv + Stage_4_Requirements_Traceability_4.1.2.csv
POST_api_v1_projects_id_transfer_ownership,POST,/api/v1/projects/{id}/transfer-ownership,14026,TransferOwnershipRequest,Project,Project.TransferOwnership,"200,400,401,403,404,409,412,422,428",Idempotency-Key,If-Match project,FR-095,AC-619;AC-620;AC-621;AC-622;AC-623;AC-624;AC-625;AC-626,SCR-064;STATE-007;STATE-008;STATE-009;STATE-014;STATE-017;STATE-018;STATE-020;STATE-021;STATE-024;STATE-025;STATE-026;STATE-031;STATE-032;STATE-033;STATE-034;STATE-039,True,True,Trace-mapped,Operation-level: OpenAPI + api_catalog.csv + Stage_4_Requirements_Traceability_4.1.2.csv
POST_api_v1_projects_id_unarchive,POST,/api/v1/projects/{id}/unarchive,14148,—,Project,Project.Archive,"200,401,403,404,409,412,428",Idempotent,If-Match required,FR-096,AC-627;AC-628;AC-629;AC-630;AC-631;AC-632,FLOW-026;SCR-072;STATE-007;STATE-008;STATE-009;STATE-014;STATE-017;STATE-018;STATE-020;STATE-024;STATE-025;STATE-031;STATE-032;STATE-033;STATE-034;STATE-039,True,True,Trace-mapped,Operation-level: OpenAPI + api_catalog.csv + Stage_4_Requirements_Traceability_4.1.2.csv
GET_api_v1_realtime_negotiate,GET,/api/v1/realtime/negotiate,14240,query:cursor,RealtimeNegotiation,Authenticated,"200,401,403,409",Safe,—,FR-231,AC-1361;AC-1362;AC-1363,FLOW-022;FLOW-024;STATE-007;STATE-008;STATE-014;STATE-017;STATE-018;STATE-020;STATE-024;STATE-031;STATE-032;STATE-033;STATE-034;STATE-039,True,True,Trace-mapped,Operation-level: OpenAPI + api_catalog.csv + Stage_4_Requirements_Traceability_4.1.2.csv
GET_api_v1_recurrence_series,GET,/api/v1/recurrence-series,14316,"query: filter,sort,page,cursor",Page<RecurrenceSeries>,Task.Read,"200,400,401,403",Safe,—,FR-052;FR-055,AC-370;AC-371;AC-372;AC-385;AC-386;AC-387,SCR-026;STATE-008;STATE-009;STATE-021;STATE-026;STATE-031;STATE-032;STATE-033;STATE-034;STATE-039,True,True,Trace-mapped,Operation-level: OpenAPI + api_catalog.csv + Stage_4_Requirements_Traceability_4.1.2.csv
POST_api_v1_recurrence_series,POST,/api/v1/recurrence-series,14407,RecurrenceSeriesCreate,RecurrenceSeries,Task.ManageRecurrence,"201,400,401,403,409,422",Idempotency-Key,—,FR-053;FR-057;FR-058;FR-059;FR-060;FR-061,AC-373;AC-374;AC-375;AC-376;AC-377;AC-378;AC-379;AC-394;AC-395;AC-396;AC-397;AC-398;AC-399;AC-400;AC-401;AC-402;AC-403;AC-404;AC-405;AC-406;AC-407;AC-408;AC-409;AC-410;AC-411;AC-412;AC-413;AC-414;AC-415;AC-416;AC-417;AC-418;AC-419;AC-420;AC-421;AC-422;AC-423;AC-424,FLOW-010;FLOW-011;FLOW-012;SCR-026;SCR-027;STATE-007;STATE-008;STATE-009;STATE-014;STATE-017;STATE-018;STATE-020;STATE-021;STATE-024;STATE-025;STATE-026;STATE-031;STATE-032;STATE-033;STATE-034;STATE-039,True,True,Trace-mapped,Operation-level: OpenAPI + api_catalog.csv + Stage_4_Requirements_Traceability_4.1.2.csv
DELETE_api_v1_recurrence_series_id,DELETE,/api/v1/recurrence-series/{id},14501,path:id,RecurrenceSeries,Task.ManageRecurrence,"202,401,403,404,409,412,428",Idempotent,If-Match required,FR-054,AC-380;AC-381;AC-382;AC-383;AC-384,SCR-026;STATE-007;STATE-008;STATE-009;STATE-014;STATE-017;STATE-018;STATE-020;STATE-024;STATE-025;STATE-031;STATE-032;STATE-033;STATE-034;STATE-039,True,True,Trace-mapped,Operation-level: OpenAPI + api_catalog.csv + Stage_4_Requirements_Traceability_4.1.2.csv
GET_api_v1_recurrence_series_id,GET,/api/v1/recurrence-series/{id},14592,path:id,RecurrenceSeries,Task.Read,"200,401,403,404",Safe,—,FR-055,AC-385;AC-386;AC-387,SCR-026;STATE-008;STATE-009;STATE-031;STATE-032;STATE-033;STATE-034;STATE-039,True,True,Trace-mapped,Operation-level: OpenAPI + api_catalog.csv + Stage_4_Requirements_Traceability_4.1.2.csv
PATCH_api_v1_recurrence_series_id,PATCH,/api/v1/recurrence-series/{id},14652,RecurrenceSeriesPatch,RecurrenceSeries,Task.ManageRecurrence,"200,400,401,403,404,409,412,422,428",Conditional,If-Match required,FR-056,AC-388;AC-389;AC-390;AC-391;AC-392;AC-393,SCR-026;STATE-007;STATE-008;STATE-009;STATE-014;STATE-017;STATE-018;STATE-020;STATE-021;STATE-024;STATE-025;STATE-026;STATE-031;STATE-032;STATE-033;STATE-034;STATE-039,True,True,Trace-mapped,Operation-level: OpenAPI + api_catalog.csv + Stage_4_Requirements_Traceability_4.1.2.csv
POST_api_v1_recurrence_series_id_apply_change,POST,/api/v1/recurrence-series/{id}/apply-change,14771,RecurrenceScopedChange,RecurrenceChangeResult,Task.ManageRecurrence,"200,400,401,403,404,409,412,422,428",Idempotency-Key,If-Match series/task,FR-057,AC-394;AC-395;AC-396;AC-397;AC-398;AC-399;AC-400,FLOW-011;FLOW-012;SCR-027;STATE-007;STATE-008;STATE-009;STATE-014;STATE-017;STATE-018;STATE-020;STATE-021;STATE-024;STATE-025;STATE-026;STATE-031;STATE-032;STATE-033;STATE-034;STATE-039,True,True,Trace-mapped,Operation-level: OpenAPI + api_catalog.csv + Stage_4_Requirements_Traceability_4.1.2.csv
POST_api_v1_recurrence_series_id_generate,POST,/api/v1/recurrence-series/{id}/generate,14893,GenerateOccurrencesRequest,GenerationSummary,System.JobRun,"200,400,401,403,404,409",Idempotency-Key,advisory lock series,FR-058,AC-401;AC-402;AC-403;AC-404;AC-405;AC-406,STATE-007;STATE-008;STATE-009;STATE-014;STATE-017;STATE-018;STATE-020;STATE-021;STATE-024;STATE-026;STATE-031;STATE-032;STATE-033;STATE-034;STATE-039,True,True,Trace-mapped,Operation-level: OpenAPI + api_catalog.csv + Stage_4_Requirements_Traceability_4.1.2.csv
POST_api_v1_recurrence_series_id_preview,POST,/api/v1/recurrence-series/{id}/preview,14987,RecurrencePreviewRequest,OccurrencePreview[],Task.Read,"200,400,401,403,404,422",Safe,—,FR-059,AC-407;AC-408;AC-409;AC-410;AC-411,SCR-026;STATE-007;STATE-008;STATE-009;STATE-021;STATE-026;STATE-031;STATE-032;STATE-033;STATE-034;STATE-039,True,True,Trace-mapped,Operation-level: OpenAPI + api_catalog.csv + Stage_4_Requirements_Traceability_4.1.2.csv
POST_api_v1_recurrence_series_id_resume,POST,/api/v1/recurrence-series/{id}/resume,15078,RestoreRequest,RecurrenceSeries,Task.ManageRecurrence,"200,401,403,404,409,412,422,428",Idempotency-Key,If-Match/trashed version,FR-060,AC-412;AC-413;AC-414;AC-415;AC-416;AC-417;AC-418,STATE-007;STATE-008;STATE-009;STATE-014;STATE-017;STATE-018;STATE-020;STATE-024;STATE-025;STATE-031;STATE-032;STATE-033;STATE-034;STATE-039,True,True,Trace-mapped,Operation-level: OpenAPI + api_catalog.csv + Stage_4_Requirements_Traceability_4.1.2.csv
POST_api_v1_recurrence_series_id_skip_occurrenceKey,POST,/api/v1/recurrence-series/{id}/skip/{occurrenceKey},15192,SkipOccurrenceRequest,RecurrenceOccurrence,Task.ManageRecurrence,"200,400,401,403,404,409,412,428",Idempotency-Key,If-Match series,FR-061,AC-419;AC-420;AC-421;AC-422;AC-423;AC-424,SCR-026;STATE-007;STATE-008;STATE-009;STATE-014;STATE-017;STATE-018;STATE-020;STATE-021;STATE-024;STATE-025;STATE-026;STATE-031;STATE-032;STATE-033;STATE-034;STATE-039,True,True,Trace-mapped,Operation-level: OpenAPI + api_catalog.csv + Stage_4_Requirements_Traceability_4.1.2.csv
GET_api_v1_reminders,GET,/api/v1/reminders,15308,"query: filter,sort,page,cursor",Page<Reminder>,Reminder.ManageOwn,"200,400,401,403",Safe,—,FR-062;FR-064;FR-066,AC-425;AC-426;AC-427;AC-435;AC-436;AC-437;AC-443;AC-444;AC-445,SCR-028;STATE-008;STATE-009;STATE-021;STATE-026;STATE-031;STATE-032;STATE-033;STATE-034;STATE-039,True,True,Trace-mapped,Operation-level: OpenAPI + api_catalog.csv + Stage_4_Requirements_Traceability_4.1.2.csv
POST_api_v1_reminders,POST,/api/v1/reminders,15399,ReminderCreate,Reminder,Reminder.ManageOwn,"201,400,401,403,409,422",Idempotency-Key,—,FR-063;FR-068;FR-069;FR-070,AC-428;AC-429;AC-430;AC-431;AC-432;AC-433;AC-434;AC-452;AC-453;AC-454;AC-455;AC-456;AC-457;AC-458;AC-459;AC-460;AC-461;AC-462;AC-463;AC-464;AC-465;AC-466;AC-467;AC-468;AC-469;AC-470,FLOW-021;SCR-028;STATE-007;STATE-008;STATE-009;STATE-014;STATE-017;STATE-018;STATE-020;STATE-021;STATE-024;STATE-025;STATE-026;STATE-031;STATE-032;STATE-033;STATE-034;STATE-039,True,True,Trace-mapped,Operation-level: OpenAPI + api_catalog.csv + Stage_4_Requirements_Traceability_4.1.2.csv
GET_api_v1_reminders_upcoming,GET,/api/v1/reminders/upcoming,15493,"query:until,limit",ReminderOccurrence[],Reminder.ManageOwn,"200,400,401,403",Safe,—,FR-064,AC-435;AC-436;AC-437,STATE-008;STATE-021;STATE-026;STATE-031;STATE-032;STATE-033;STATE-034;STATE-039,True,True,Trace-mapped,Operation-level: OpenAPI + api_catalog.csv + Stage_4_Requirements_Traceability_4.1.2.csv
DELETE_api_v1_reminders_id,DELETE,/api/v1/reminders/{id},15571,path:id,Reminder,Reminder.ManageOwn,"202,401,403,404,409,412,428",Idempotent,If-Match required,FR-065,AC-438;AC-439;AC-440;AC-441;AC-442,SCR-028;STATE-007;STATE-008;STATE-009;STATE-014;STATE-017;STATE-018;STATE-020;STATE-024;STATE-025;STATE-031;STATE-032;STATE-033;STATE-034;STATE-039,True,True,Trace-mapped,Operation-level: OpenAPI + api_catalog.csv + Stage_4_Requirements_Traceability_4.1.2.csv
GET_api_v1_reminders_id,GET,/api/v1/reminders/{id},15662,path:id,Reminder,Reminder.ManageOwn,"200,401,403,404",Safe,—,FR-066,AC-443;AC-444;AC-445,SCR-028;STATE-008;STATE-009;STATE-031;STATE-032;STATE-033;STATE-034;STATE-039,True,True,Trace-mapped,Operation-level: OpenAPI + api_catalog.csv + Stage_4_Requirements_Traceability_4.1.2.csv
PATCH_api_v1_reminders_id,PATCH,/api/v1/reminders/{id},15722,ReminderPatch,Reminder,Reminder.ManageOwn,"200,400,401,403,404,409,412,422,428",Conditional,If-Match required,FR-067,AC-446;AC-447;AC-448;AC-449;AC-450;AC-451,SCR-028;STATE-007;STATE-008;STATE-009;STATE-014;STATE-017;STATE-018;STATE-020;STATE-021;STATE-024;STATE-025;STATE-026;STATE-031;STATE-032;STATE-033;STATE-034;STATE-039,True,True,Trace-mapped,Operation-level: OpenAPI + api_catalog.csv + Stage_4_Requirements_Traceability_4.1.2.csv
POST_api_v1_reminders_id_dismiss,POST,/api/v1/reminders/{id}/dismiss,15841,DismissReminderRequest,204,Reminder.ManageOwn,"204,401,403,404,409,412,428",Idempotent,If-Match occurrence,FR-068,AC-452;AC-453;AC-454;AC-455;AC-456,SCR-028;STATE-007;STATE-008;STATE-009;STATE-014;STATE-017;STATE-018;STATE-020;STATE-024;STATE-025;STATE-031;STATE-032;STATE-033;STATE-034;STATE-039,True,True,Trace-mapped,Operation-level: OpenAPI + api_catalog.csv + Stage_4_Requirements_Traceability_4.1.2.csv
POST_api_v1_reminders_id_reschedule,POST,/api/v1/reminders/{id}/reschedule,15933,RestoreRequest,Reminder,Reminder.ManageOwn,"200,401,403,404,409,412,422,428",Idempotency-Key,If-Match/trashed version,FR-069,AC-457;AC-458;AC-459;AC-460;AC-461;AC-462;AC-463,SCR-028;STATE-007;STATE-008;STATE-009;STATE-014;STATE-017;STATE-018;STATE-020;STATE-024;STATE-025;STATE-031;STATE-032;STATE-033;STATE-034;STATE-039,True,True,Trace-mapped,Operation-level: OpenAPI + api_catalog.csv + Stage_4_Requirements_Traceability_4.1.2.csv
POST_api_v1_reminders_id_snooze,POST,/api/v1/reminders/{id}/snooze,16047,SnoozeRequest,ReminderOccurrence,Reminder.ManageOwn,"200,400,401,403,404,409,412,422,428",Idempotency-Key,If-Match occurrence,FR-070,AC-464;AC-465;AC-466;AC-467;AC-468;AC-469;AC-470,FLOW-021;SCR-028;STATE-007;STATE-008;STATE-009;STATE-014;STATE-017;STATE-018;STATE-020;STATE-021;STATE-024;STATE-025;STATE-026;STATE-031;STATE-032;STATE-033;STATE-034;STATE-039,True,True,Trace-mapped,Operation-level: OpenAPI + api_catalog.csv + Stage_4_Requirements_Traceability_4.1.2.csv
GET_api_v1_roles,GET,/api/v1/roles,16169,"query: filter,sort,page,cursor",Page<Role>,Role.Read,"200,400,401,403",Safe,—,FR-213;FR-216,AC-1265;AC-1266;AC-1267;AC-1280;AC-1281;AC-1282,SCR-178;STATE-008;STATE-009;STATE-021;STATE-026;STATE-031;STATE-032;STATE-033;STATE-034;STATE-039,True,True,Trace-mapped,Operation-level: OpenAPI + api_catalog.csv + Stage_4_Requirements_Traceability_4.1.2.csv
POST_api_v1_roles,POST,/api/v1/roles,16260,RoleCreate,Role,Role.Manage,"201,400,401,403,409,422",Idempotency-Key,—,FR-214;FR-218,AC-1268;AC-1269;AC-1270;AC-1271;AC-1272;AC-1273;AC-1274;AC-1289;AC-1290;AC-1291;AC-1292;AC-1293;AC-1294;AC-1295,SCR-178;STATE-007;STATE-008;STATE-009;STATE-014;STATE-017;STATE-018;STATE-020;STATE-021;STATE-024;STATE-025;STATE-026;STATE-031;STATE-032;STATE-033;STATE-034;STATE-039,True,True,Trace-mapped,Operation-level: OpenAPI + api_catalog.csv + Stage_4_Requirements_Traceability_4.1.2.csv
DELETE_api_v1_roles_id,DELETE,/api/v1/roles/{id},16354,path:id,Role,Role.Manage,"202,401,403,404,409,412,428",Idempotent,If-Match required,FR-215,AC-1275;AC-1276;AC-1277;AC-1278;AC-1279,STATE-007;STATE-008;STATE-009;STATE-014;STATE-017;STATE-018;STATE-020;STATE-024;STATE-025;STATE-031;STATE-032;STATE-033;STATE-034;STATE-039,True,True,Trace-mapped,Operation-level: OpenAPI + api_catalog.csv + Stage_4_Requirements_Traceability_4.1.2.csv
GET_api_v1_roles_id,GET,/api/v1/roles/{id},16445,path:id,Role,Role.Read,"200,401,403,404",Safe,—,FR-216,AC-1280;AC-1281;AC-1282,SCR-178;STATE-008;STATE-009;STATE-031;STATE-032;STATE-033;STATE-034;STATE-039,True,True,Trace-mapped,Operation-level: OpenAPI + api_catalog.csv + Stage_4_Requirements_Traceability_4.1.2.csv
PATCH_api_v1_roles_id,PATCH,/api/v1/roles/{id},16505,RolePatch,Role,Role.Manage,"200,400,401,403,404,409,412,422,428",Conditional,If-Match required,FR-217,AC-1283;AC-1284;AC-1285;AC-1286;AC-1287;AC-1288,SCR-178;STATE-007;STATE-008;STATE-009;STATE-014;STATE-017;STATE-018;STATE-020;STATE-021;STATE-024;STATE-025;STATE-026;STATE-031;STATE-032;STATE-033;STATE-034;STATE-039,True,True,Trace-mapped,Operation-level: OpenAPI + api_catalog.csv + Stage_4_Requirements_Traceability_4.1.2.csv
POST_api_v1_roles_id_activate,POST,/api/v1/roles/{id}/activate,16624,RestoreRequest,Role,Role.Manage,"200,401,403,404,409,412,422,428",Idempotency-Key,If-Match/trashed version,FR-218,AC-1289;AC-1290;AC-1291;AC-1292;AC-1293;AC-1294;AC-1295,STATE-007;STATE-008;STATE-009;STATE-014;STATE-017;STATE-018;STATE-020;STATE-024;STATE-025;STATE-031;STATE-032;STATE-033;STATE-034;STATE-039,True,True,Trace-mapped,Operation-level: OpenAPI + api_catalog.csv + Stage_4_Requirements_Traceability_4.1.2.csv
PUT_api_v1_roles_id_permissions,PUT,/api/v1/roles/{id}/permissions,16738,PermissionCodes,Role,Role.Manage,"200,400,401,403,404,409,412,422,428",Idempotency-Key,If-Match,FR-219,AC-1296;AC-1297;AC-1298;AC-1299;AC-1300;AC-1301;AC-1302,SCR-178;STATE-007;STATE-008;STATE-009;STATE-014;STATE-017;STATE-018;STATE-020;STATE-021;STATE-024;STATE-025;STATE-026;STATE-031;STATE-032;STATE-033;STATE-034;STATE-039,True,True,Trace-mapped,Operation-level: OpenAPI + api_catalog.csv + Stage_4_Requirements_Traceability_4.1.2.csv
GET_api_v1_search,GET,/api/v1/search,16860,"query:q,types,projectIds,userIds,departments,contactIds,hasFiles,lifecycle,from,to,cursor,limit",SearchPage,Search.Use,"200,400,401,403,410,422",Safe,—,FR-159;FR-160,AC-1002;AC-1003;AC-1004;AC-1005;AC-1006;AC-1007;AC-1008,FLOW-019;SCR-133;SCR-134;SCR-135;STATE-007;STATE-008;STATE-021;STATE-026;STATE-027;STATE-031;STATE-032;STATE-033;STATE-034;STATE-036;STATE-039,True,True,Trace-mapped,Operation-level: OpenAPI + api_catalog.csv + Stage_4_Requirements_Traceability_4.1.2.csv
GET_api_v1_search_suggestions,GET,/api/v1/search/suggestions,17161,"query:q,types,limit",SearchSuggestion[],Search.Use,"200,400,401,403",Safe,—,FR-160,AC-1006;AC-1007;AC-1008,FLOW-019;STATE-008;STATE-021;STATE-026;STATE-031;STATE-032;STATE-033;STATE-034;STATE-039,True,True,Trace-mapped,Operation-level: OpenAPI + api_catalog.csv + Stage_4_Requirements_Traceability_4.1.2.csv
GET_api_v1_settings_me,GET,/api/v1/settings/me,17263,—,UserSettings,Settings.ReadOwn,"200,401",Safe,—,FR-173,AC-1068;AC-1069;AC-1070,SCR-151;SCR-154;SCR-155;STATE-032;STATE-033;STATE-039,True,True,Trace-mapped,Operation-level: OpenAPI + api_catalog.csv + Stage_4_Requirements_Traceability_4.1.2.csv
PATCH_api_v1_settings_me,PATCH,/api/v1/settings/me,17301,UserSettingsPatch,UserSettings,Settings.UpdateOwn,"200,400,401,409,412,422,428",Idempotency-Key,If-Match,FR-174,AC-1071;AC-1072;AC-1073;AC-1074;AC-1075;AC-1076;AC-1077,SCR-151;SCR-154;SCR-155;STATE-007;STATE-014;STATE-017;STATE-018;STATE-020;STATE-021;STATE-024;STATE-025;STATE-026;STATE-031;STATE-032;STATE-033;STATE-039,True,True,Trace-mapped,Operation-level: OpenAPI + api_catalog.csv + Stage_4_Requirements_Traceability_4.1.2.csv
GET_api_v1_settings_organization,GET,/api/v1/settings/organization,17401,—,OrganizationSettings,Organization.Read,"200,401,403",Safe,—,FR-175,AC-1078;AC-1079;AC-1080,SCR-187;STATE-008;STATE-031;STATE-032;STATE-033;STATE-034;STATE-039,True,True,Trace-mapped,Operation-level: OpenAPI + api_catalog.csv + Stage_4_Requirements_Traceability_4.1.2.csv
PATCH_api_v1_settings_organization,PATCH,/api/v1/settings/organization,17448,OrganizationSettingsPatch,OrganizationSettings,Organization.Update,"200,400,401,403,409,412,422,428",Idempotency-Key,If-Match,FR-176,AC-1081;AC-1082;AC-1083;AC-1084;AC-1085;AC-1086;AC-1087,SCR-187;STATE-007;STATE-008;STATE-014;STATE-017;STATE-018;STATE-020;STATE-021;STATE-024;STATE-025;STATE-026;STATE-031;STATE-032;STATE-033;STATE-034;STATE-039,True,True,Trace-mapped,Operation-level: OpenAPI + api_catalog.csv + Stage_4_Requirements_Traceability_4.1.2.csv
POST_api_v1_sync_ack,POST,/api/v1/sync/ack,17557,SyncAck,204,Sync.Read,"204,400,401,403,409,412,428",Idempotent,If-Match state,FR-232,AC-1364;AC-1365;AC-1366;AC-1367;AC-1368,FLOW-001;FLOW-002;FLOW-024;STATE-007;STATE-008;STATE-014;STATE-017;STATE-018;STATE-020;STATE-021;STATE-024;STATE-025;STATE-026;STATE-031;STATE-032;STATE-033;STATE-034;STATE-039,True,True,Trace-mapped,Operation-level: OpenAPI + api_catalog.csv + Stage_4_Requirements_Traceability_4.1.2.csv
POST_api_v1_sync_bootstrap,POST,/api/v1/sync/bootstrap,17644,SyncBootstrapRequest,SyncBatch,Sync.Read,"200,400,401,403,409,413,422",Idempotency-Key,scope version,FR-233,AC-1369;AC-1370;AC-1371;AC-1372;AC-1373;AC-1374;AC-1375,FLOW-001;FLOW-024;STATE-007;STATE-008;STATE-014;STATE-017;STATE-018;STATE-020;STATE-021;STATE-024;STATE-026;STATE-031;STATE-032;STATE-033;STATE-034;STATE-039,True,True,Trace-mapped,Operation-level: OpenAPI + api_catalog.csv + Stage_4_Requirements_Traceability_4.1.2.csv
GET_api_v1_sync_changes,GET,/api/v1/sync/changes,17745,"query:cursor,limit,scopeVersion",SyncBatch,Sync.Read,"200,400,401,403,409,410,422",Safe,—,FR-234,AC-1376;AC-1377;AC-1378;AC-1379;AC-1380,FLOW-002;FLOW-024;FLOW-030;STATE-007;STATE-008;STATE-014;STATE-017;STATE-018;STATE-020;STATE-021;STATE-024;STATE-026;STATE-027;STATE-031;STATE-032;STATE-033;STATE-034;STATE-036;STATE-039,True,True,Trace-mapped,Operation-level: OpenAPI + api_catalog.csv + Stage_4_Requirements_Traceability_4.1.2.csv
GET_api_v1_system_time,GET,/api/v1/system/time,17868,—,ServerTime,Authenticated,"200,401",Safe,—,FR-011,AC-137;AC-138,STATE-032;STATE-033;STATE-039,True,True,Trace-mapped,Operation-level: OpenAPI + api_catalog.csv + Stage_4_Requirements_Traceability_4.1.2.csv
GET_api_v1_system_version,GET,/api/v1/system/version,17906,—,SystemVersion,Authenticated,"200,401",Safe,—,FR-012,AC-139;AC-140,STATE-032;STATE-033;STATE-039,True,True,Trace-mapped,Operation-level: OpenAPI + api_catalog.csv + Stage_4_Requirements_Traceability_4.1.2.csv
GET_api_v1_tags,GET,/api/v1/tags,17944,"query: filter,sort,page,cursor",Page<Tag>,Tag.Read,"200,400,401,403",Safe,—,FR-153;FR-156,AC-971;AC-972;AC-973;AC-986;AC-987;AC-988,STATE-008;STATE-009;STATE-021;STATE-026;STATE-031;STATE-032;STATE-033;STATE-034;STATE-039,True,True,Trace-mapped,Operation-level: OpenAPI + api_catalog.csv + Stage_4_Requirements_Traceability_4.1.2.csv
POST_api_v1_tags,POST,/api/v1/tags,18035,TagCreate,Tag,Tag.Manage,"201,400,401,403,409,422",Idempotency-Key,—,FR-154;FR-158,AC-1000;AC-1001;AC-974;AC-975;AC-976;AC-977;AC-978;AC-979;AC-980;AC-995;AC-996;AC-997;AC-998;AC-999,FLOW-028;STATE-007;STATE-008;STATE-009;STATE-014;STATE-017;STATE-018;STATE-020;STATE-021;STATE-024;STATE-025;STATE-026;STATE-031;STATE-032;STATE-033;STATE-034;STATE-039,True,True,Trace-mapped,Operation-level: OpenAPI + api_catalog.csv + Stage_4_Requirements_Traceability_4.1.2.csv
DELETE_api_v1_tags_id,DELETE,/api/v1/tags/{id},18129,path:id,DeletionReceipt,Tag.Manage,"202,401,403,404,409,412,428",Idempotent,If-Match required,FR-155,AC-981;AC-982;AC-983;AC-984;AC-985,STATE-007;STATE-008;STATE-009;STATE-014;STATE-017;STATE-018;STATE-020;STATE-024;STATE-025;STATE-031;STATE-032;STATE-033;STATE-034;STATE-039,True,True,Trace-mapped,Operation-level: OpenAPI + api_catalog.csv + Stage_4_Requirements_Traceability_4.1.2.csv
GET_api_v1_tags_id,GET,/api/v1/tags/{id},18220,path:id,Tag,Tag.Read,"200,401,403,404",Safe,—,FR-156,AC-986;AC-987;AC-988,STATE-008;STATE-009;STATE-031;STATE-032;STATE-033;STATE-034;STATE-039,True,True,Trace-mapped,Operation-level: OpenAPI + api_catalog.csv + Stage_4_Requirements_Traceability_4.1.2.csv
PATCH_api_v1_tags_id,PATCH,/api/v1/tags/{id},18280,TagPatch,Tag,Tag.Manage,"200,400,401,403,404,409,412,422,428",Conditional,If-Match required,FR-157,AC-989;AC-990;AC-991;AC-992;AC-993;AC-994,STATE-007;STATE-008;STATE-009;STATE-014;STATE-017;STATE-018;STATE-020;STATE-021;STATE-024;STATE-025;STATE-026;STATE-031;STATE-032;STATE-033;STATE-034;STATE-039,True,True,Trace-mapped,Operation-level: OpenAPI + api_catalog.csv + Stage_4_Requirements_Traceability_4.1.2.csv
POST_api_v1_tags_id_restore,POST,/api/v1/tags/{id}/restore,18399,RestoreRequest,Tag,Tag.Manage,"200,401,403,404,409,412,422,428",Idempotency-Key,If-Match/trashed version,FR-158,AC-1000;AC-1001;AC-995;AC-996;AC-997;AC-998;AC-999,FLOW-028;STATE-007;STATE-008;STATE-009;STATE-014;STATE-017;STATE-018;STATE-020;STATE-024;STATE-025;STATE-031;STATE-032;STATE-033;STATE-034;STATE-039,True,True,Trace-mapped,Operation-level: OpenAPI + api_catalog.csv + Stage_4_Requirements_Traceability_4.1.2.csv
GET_api_v1_tasks,GET,/api/v1/tasks,18513,"query: filter,sort,page,cursor",Page<Task>,Task.Read,"200,400,401,403",Safe,—,FR-026;FR-030;FR-041;FR-048;FR-050;FR-240,AC-1397;AC-1398;AC-1399;AC-201;AC-202;AC-203;AC-225;AC-226;AC-227;AC-302;AC-303;AC-304;AC-349;AC-350;AC-351;AC-359;AC-360;AC-361,SCR-023;SCR-024;STATE-008;STATE-009;STATE-021;STATE-026;STATE-031;STATE-032;STATE-033;STATE-034;STATE-039,True,True,Trace-mapped,Operation-level: OpenAPI + api_catalog.csv + Stage_4_Requirements_Traceability_4.1.2.csv
POST_api_v1_tasks,POST,/api/v1/tasks,18604,TaskCreate,Task,Task.Create,"201,400,401,403,409,422",Idempotency-Key,—,FR-027;FR-028;FR-032;FR-034;FR-036;FR-037;FR-038;FR-039;FR-042;FR-043;FR-046;FR-051,AC-204;AC-205;AC-206;AC-207;AC-208;AC-209;AC-210;AC-211;AC-212;AC-213;AC-214;AC-215;AC-216;AC-217;AC-218;AC-235;AC-236;AC-237;AC-238;AC-239;AC-240;AC-241;AC-242;AC-251;AC-252;AC-253;AC-254;AC-255;AC-256;AC-257;AC-258;AC-265;AC-266;AC-267;AC-268;AC-269;AC-270;AC-271;AC-272;AC-273;AC-274;AC-275;AC-276;AC-277;AC-278;AC-279;AC-280;AC-281;AC-282;AC-283;AC-284;AC-285;AC-286;AC-287;AC-288;AC-289;AC-290;AC-291;AC-292;AC-293;AC-294;AC-305;AC-306;AC-307;AC-308;AC-309;AC-310;AC-311;AC-312;AC-313;AC-314;AC-315;AC-316;AC-317;AC-318;AC-319;AC-320;AC-335;AC-336;AC-337;AC-338;AC-339;AC-340;AC-341;AC-342;AC-362;AC-363;AC-364;AC-365;AC-366;AC-367;AC-368;AC-369,FLOW-004;FLOW-005;FLOW-007;FLOW-008;FLOW-009;FLOW-026;FLOW-028;FLOW-032;FLOW-033;SCR-022;SCR-023;SCR-033;STATE-007;STATE-008;STATE-009;STATE-014;STATE-017;STATE-018;STATE-020;STATE-021;STATE-024;STATE-025;STATE-026;STATE-031;STATE-032;STATE-033;STATE-034;STATE-039,True,True,Trace-mapped,Operation-level: OpenAPI + api_catalog.csv + Stage_4_Requirements_Traceability_4.1.2.csv
POST_api_v1_tasks_bulk_transition,POST,/api/v1/tasks/bulk-transition,18698,BulkTaskTransition,BulkOperationResult,Task.ChangeStatus,"200,207,400,401,403,409,412,422,428",Idempotency-Key,Per-item If-Match,FR-028,AC-211;AC-212;AC-213;AC-214;AC-215;AC-216;AC-217;AC-218,FLOW-033;STATE-007;STATE-008;STATE-014;STATE-017;STATE-018;STATE-020;STATE-021;STATE-024;STATE-025;STATE-026;STATE-031;STATE-032;STATE-033;STATE-034;STATE-039,True,True,Trace-mapped,Operation-level: OpenAPI + api_catalog.csv + Stage_4_Requirements_Traceability_4.1.2.csv
DELETE_api_v1_tasks_id,DELETE,/api/v1/tasks/{id},18818,path:id,DeletionReceipt,Task.Delete,"202,401,403,404,409,412,428",Idempotent,If-Match required,FR-029;FR-035,AC-219;AC-220;AC-221;AC-222;AC-223;AC-224;AC-259;AC-260;AC-261;AC-262;AC-263;AC-264,FLOW-027;STATE-007;STATE-008;STATE-009;STATE-014;STATE-017;STATE-018;STATE-020;STATE-024;STATE-025;STATE-031;STATE-032;STATE-033;STATE-034;STATE-039,True,True,Trace-mapped,Operation-level: OpenAPI + api_catalog.csv + Stage_4_Requirements_Traceability_4.1.2.csv
GET_api_v1_tasks_id,GET,/api/v1/tasks/{id},18909,path:id,Task,Task.Read,"200,401,403,404",Safe,—,FR-030;FR-050;FR-240,AC-1397;AC-1398;AC-1399;AC-225;AC-226;AC-227;AC-359;AC-360;AC-361,SCR-023;SCR-024;STATE-008;STATE-009;STATE-031;STATE-032;STATE-033;STATE-034;STATE-039,True,True,Trace-mapped,Operation-level: OpenAPI + api_catalog.csv + Stage_4_Requirements_Traceability_4.1.2.csv
PATCH_api_v1_tasks_id,PATCH,/api/v1/tasks/{id},18969,TaskPatch,Task,Task.Update,"200,400,401,403,404,409,412,422,428",Conditional,If-Match required,FR-031,AC-228;AC-229;AC-230;AC-231;AC-232;AC-233;AC-234,SCR-023;SCR-047;STATE-007;STATE-008;STATE-009;STATE-014;STATE-017;STATE-018;STATE-020;STATE-021;STATE-024;STATE-025;STATE-026;STATE-031;STATE-032;STATE-033;STATE-034;STATE-039,True,True,Trace-mapped,Operation-level: OpenAPI + api_catalog.csv + Stage_4_Requirements_Traceability_4.1.2.csv
POST_api_v1_tasks_id_archive,POST,/api/v1/tasks/{id}/archive,19088,ArchiveRequest,Task,Task.Archive,"200,401,403,404,409,412,422,428",Idempotency-Key,If-Match required,FR-032,AC-235;AC-236;AC-237;AC-238;AC-239;AC-240;AC-241;AC-242,FLOW-026;STATE-007;STATE-008;STATE-009;STATE-014;STATE-017;STATE-018;STATE-020;STATE-024;STATE-025;STATE-031;STATE-032;STATE-033;STATE-034;STATE-039,True,True,Trace-mapped,Operation-level: OpenAPI + api_catalog.csv + Stage_4_Requirements_Traceability_4.1.2.csv
PUT_api_v1_tasks_id_assignees,PUT,/api/v1/tasks/{id}/assignees,19202,TaskAssigneesReplace,Task,Task.Assign,"200,400,401,403,404,409,412,422,428",Idempotency-Key,If-Match required,FR-033,AC-243;AC-244;AC-245;AC-246;AC-247;AC-248;AC-249;AC-250,FLOW-006;SCR-029;STATE-007;STATE-008;STATE-009;STATE-014;STATE-017;STATE-018;STATE-020;STATE-021;STATE-024;STATE-025;STATE-026;STATE-031;STATE-032;STATE-033;STATE-034;STATE-039,True,True,Trace-mapped,Operation-level: OpenAPI + api_catalog.csv + Stage_4_Requirements_Traceability_4.1.2.csv
POST_api_v1_tasks_id_dependencies,POST,/api/v1/tasks/{id}/dependencies,19324,TaskDependencyCreate,TaskDependency,Task.Update,"201,400,401,403,404,409,412,422,428",Idempotency-Key,If-Match task,FR-034,AC-251;AC-252;AC-253;AC-254;AC-255;AC-256;AC-257;AC-258,STATE-007;STATE-008;STATE-009;STATE-014;STATE-017;STATE-018;STATE-020;STATE-021;STATE-024;STATE-025;STATE-026;STATE-031;STATE-032;STATE-033;STATE-034;STATE-039,True,True,Trace-mapped,Operation-level: OpenAPI + api_catalog.csv + Stage_4_Requirements_Traceability_4.1.2.csv
DELETE_api_v1_tasks_id_dependencies_dependencyId,DELETE,/api/v1/tasks/{id}/dependencies/{dependencyId},19446,—,204,Task.Update,"204,401,403,404,409,412,428",Idempotent,If-Match task,FR-035,AC-259;AC-260;AC-261;AC-262;AC-263;AC-264,FLOW-027;STATE-007;STATE-008;STATE-009;STATE-014;STATE-017;STATE-018;STATE-020;STATE-024;STATE-025;STATE-031;STATE-032;STATE-033;STATE-034;STATE-039,True,True,Trace-mapped,Operation-level: OpenAPI + api_catalog.csv + Stage_4_Requirements_Traceability_4.1.2.csv
GET_api_v1_tasks_id_history,GET,/api/v1/tasks/{id}/history,19538,"query:cursor,page",Page<HistoryEntry>,History.Read,"200,401,403,404",Safe,—,FR-240,AC-1397;AC-1398;AC-1399,STATE-008;STATE-009;STATE-031;STATE-032;STATE-033;STATE-034;STATE-039,True,True,Trace-mapped,Operation-level: OpenAPI + api_catalog.csv + Stage_4_Requirements_Traceability_4.1.2.csv
POST_api_v1_tasks_id_move,POST,/api/v1/tasks/{id}/move,19621,TaskMoveRequest,Task,Task.Update,"200,400,401,403,404,409,412,422,428",Idempotency-Key,If-Match required,FR-036,AC-265;AC-266;AC-267;AC-268;AC-269;AC-270;AC-271;AC-272,FLOW-032;SCR-023;STATE-007;STATE-008;STATE-009;STATE-014;STATE-017;STATE-018;STATE-020;STATE-021;STATE-024;STATE-025;STATE-026;STATE-031;STATE-032;STATE-033;STATE-034;STATE-039,True,True,Trace-mapped,Operation-level: OpenAPI + api_catalog.csv + Stage_4_Requirements_Traceability_4.1.2.csv
POST_api_v1_tasks_id_restore,POST,/api/v1/tasks/{id}/restore,19743,RestoreRequest,Task,Task.Restore,"200,401,403,404,409,412,422,428",Idempotency-Key,If-Match/trashed version,FR-037,AC-273;AC-274;AC-275;AC-276;AC-277;AC-278;AC-279;AC-280,FLOW-028;STATE-007;STATE-008;STATE-009;STATE-014;STATE-017;STATE-018;STATE-020;STATE-024;STATE-025;STATE-031;STATE-032;STATE-033;STATE-034;STATE-039,True,True,Trace-mapped,Operation-level: OpenAPI + api_catalog.csv + Stage_4_Requirements_Traceability_4.1.2.csv
GET_api_v1_tasks_id_subtasks,GET,/api/v1/tasks/{id}/subtasks,19857,query:sort,Task[],Task.Read,"200,401,403,404",Safe,—,FR-050,AC-359;AC-360;AC-361,STATE-008;STATE-009;STATE-031;STATE-032;STATE-033;STATE-034;STATE-039,True,True,Trace-mapped,Operation-level: OpenAPI + api_catalog.csv + Stage_4_Requirements_Traceability_4.1.2.csv
POST_api_v1_tasks_id_subtasks,POST,/api/v1/tasks/{id}/subtasks,19928,TaskCreate,Task,Task.Create,"201,400,401,403,404,409,412,422,428",Idempotency-Key,If-Match parent,FR-051,AC-362;AC-363;AC-364;AC-365;AC-366;AC-367;AC-368;AC-369,FLOW-009;SCR-033;STATE-007;STATE-008;STATE-009;STATE-014;STATE-017;STATE-018;STATE-020;STATE-021;STATE-024;STATE-025;STATE-026;STATE-031;STATE-032;STATE-033;STATE-034;STATE-039,True,True,Trace-mapped,Operation-level: OpenAPI + api_catalog.csv + Stage_4_Requirements_Traceability_4.1.2.csv
POST_api_v1_tasks_id_transition,POST,/api/v1/tasks/{id}/transition,20050,TaskTransitionRequest,Task,Task.ChangeStatus,"200,400,401,403,404,409,412,422,428",Idempotency-Key,If-Match required,FR-038,AC-281;AC-282;AC-283;AC-284;AC-285;AC-286;AC-287;AC-288,FLOW-007;FLOW-008;SCR-023;STATE-007;STATE-008;STATE-009;STATE-014;STATE-017;STATE-018;STATE-020;STATE-021;STATE-024;STATE-025;STATE-026;STATE-031;STATE-032;STATE-033;STATE-034;STATE-039,True,True,Trace-mapped,Operation-level: OpenAPI + api_catalog.csv + Stage_4_Requirements_Traceability_4.1.2.csv
POST_api_v1_tasks_id_unarchive,POST,/api/v1/tasks/{id}/unarchive,20172,—,Task,Task.Archive,"200,401,403,404,409,412,428",Idempotent,If-Match required,FR-039,AC-289;AC-290;AC-291;AC-292;AC-293;AC-294,FLOW-026;STATE-007;STATE-008;STATE-009;STATE-014;STATE-017;STATE-018;STATE-020;STATE-024;STATE-025;STATE-031;STATE-032;STATE-033;STATE-034;STATE-039,True,True,Trace-mapped,Operation-level: OpenAPI + api_catalog.csv + Stage_4_Requirements_Traceability_4.1.2.csv
PUT_api_v1_tasks_id_watchers,PUT,/api/v1/tasks/{id}/watchers,20264,TaskWatchersReplace,Task,Task.ManageWatchers,"200,400,401,403,404,409,412,428",Idempotency-Key,If-Match required,FR-040,AC-295;AC-296;AC-297;AC-298;AC-299;AC-300;AC-301,SCR-029;STATE-007;STATE-008;STATE-009;STATE-014;STATE-017;STATE-018;STATE-020;STATE-021;STATE-024;STATE-025;STATE-026;STATE-031;STATE-032;STATE-033;STATE-034;STATE-039,True,True,Trace-mapped,Operation-level: OpenAPI + api_catalog.csv + Stage_4_Requirements_Traceability_4.1.2.csv
GET_api_v1_tasks_taskId_checklists,GET,/api/v1/tasks/{taskId}/checklists,20373,"query: filter,sort,page,cursor",Page<Checklist>,Task.Read,"200,400,401,403",Safe,—,FR-041;FR-048,AC-302;AC-303;AC-304;AC-349;AC-350;AC-351,STATE-008;STATE-009;STATE-021;STATE-026;STATE-031;STATE-032;STATE-033;STATE-034;STATE-039,True,True,Trace-mapped,Operation-level: OpenAPI + api_catalog.csv + Stage_4_Requirements_Traceability_4.1.2.csv
POST_api_v1_tasks_taskId_checklists,POST,/api/v1/tasks/{taskId}/checklists,20470,ChecklistCreate,Checklist,Task.Update,"201,400,401,403,409,422",Idempotency-Key,—,FR-042;FR-043;FR-046,AC-305;AC-306;AC-307;AC-308;AC-309;AC-310;AC-311;AC-312;AC-313;AC-314;AC-315;AC-316;AC-317;AC-318;AC-319;AC-320;AC-335;AC-336;AC-337;AC-338;AC-339;AC-340;AC-341;AC-342,SCR-033;STATE-007;STATE-008;STATE-009;STATE-014;STATE-017;STATE-018;STATE-020;STATE-021;STATE-024;STATE-025;STATE-026;STATE-031;STATE-032;STATE-033;STATE-034;STATE-039,True,True,Trace-mapped,Operation-level: OpenAPI + api_catalog.csv + Stage_4_Requirements_Traceability_4.1.2.csv
POST_api_v1_tasks_taskId_checklists_checklistId_items,POST,/api/v1/tasks/{taskId}/checklists/{checklistId}/items,20570,ChecklistItemCreate,ChecklistItem,Task.Update,"201,400,401,403,404,409,412,422,428",Idempotency-Key,If-Match task,FR-043,AC-313;AC-314;AC-315;AC-316;AC-317;AC-318;AC-319;AC-320,SCR-033;STATE-007;STATE-008;STATE-009;STATE-014;STATE-017;STATE-018;STATE-020;STATE-021;STATE-024;STATE-025;STATE-026;STATE-031;STATE-032;STATE-033;STATE-034;STATE-039,True,True,Trace-mapped,Operation-level: OpenAPI + api_catalog.csv + Stage_4_Requirements_Traceability_4.1.2.csv
DELETE_api_v1_tasks_taskId_checklists_checklistId_items_itemId,DELETE,/api/v1/tasks/{taskId}/checklists/{checklistId}/items/{itemId},20698,—,204,Task.Update,"204,401,403,404,409,412,428",Idempotent,If-Match task,FR-044,AC-321;AC-322;AC-323;AC-324;AC-325;AC-326,FLOW-027;STATE-007;STATE-008;STATE-009;STATE-014;STATE-017;STATE-018;STATE-020;STATE-024;STATE-025;STATE-031;STATE-032;STATE-033;STATE-034;STATE-039,True,True,Trace-mapped,Operation-level: OpenAPI + api_catalog.csv + Stage_4_Requirements_Traceability_4.1.2.csv
PATCH_api_v1_tasks_taskId_checklists_checklistId_items_itemId,PATCH,/api/v1/tasks/{taskId}/checklists/{checklistId}/items/{itemId},20795,ChecklistItemPatch,ChecklistItem,Task.ChangeStatus,"200,400,401,403,404,409,412,422,428",Idempotency-Key,If-Match task,FR-045,AC-327;AC-328;AC-329;AC-330;AC-331;AC-332;AC-333;AC-334,SCR-033;STATE-007;STATE-008;STATE-009;STATE-014;STATE-017;STATE-018;STATE-020;STATE-021;STATE-024;STATE-025;STATE-026;STATE-031;STATE-032;STATE-033;STATE-034;STATE-039,True,True,Trace-mapped,Operation-level: OpenAPI + api_catalog.csv + Stage_4_Requirements_Traceability_4.1.2.csv
POST_api_v1_tasks_taskId_checklists_checklistId_reorder,POST,/api/v1/tasks/{taskId}/checklists/{checklistId}/reorder,20929,OrderKeys,Checklist,Task.Update,"200,400,401,403,404,409,412,422,428",Idempotency-Key,If-Match task,FR-046,AC-335;AC-336;AC-337;AC-338;AC-339;AC-340;AC-341;AC-342,SCR-033;STATE-007;STATE-008;STATE-009;STATE-014;STATE-017;STATE-018;STATE-020;STATE-021;STATE-024;STATE-025;STATE-026;STATE-031;STATE-032;STATE-033;STATE-034;STATE-039,True,True,Trace-mapped,Operation-level: OpenAPI + api_catalog.csv + Stage_4_Requirements_Traceability_4.1.2.csv
DELETE_api_v1_tasks_taskId_checklists_id,DELETE,/api/v1/tasks/{taskId}/checklists/{id},21057,path:id,DeletionReceipt,Task.Update,"202,401,403,404,409,412,428",Idempotent,If-Match required,FR-047,AC-343;AC-344;AC-345;AC-346;AC-347;AC-348,FLOW-027;STATE-007;STATE-008;STATE-009;STATE-014;STATE-017;STATE-018;STATE-020;STATE-024;STATE-025;STATE-031;STATE-032;STATE-033;STATE-034;STATE-039,True,True,Trace-mapped,Operation-level: OpenAPI + api_catalog.csv + Stage_4_Requirements_Traceability_4.1.2.csv
GET_api_v1_tasks_taskId_checklists_id,GET,/api/v1/tasks/{taskId}/checklists/{id},21154,path:id,Checklist,Task.Read,"200,401,403,404",Safe,—,FR-048,AC-349;AC-350;AC-351,STATE-008;STATE-009;STATE-031;STATE-032;STATE-033;STATE-034;STATE-039,True,True,Trace-mapped,Operation-level: OpenAPI + api_catalog.csv + Stage_4_Requirements_Traceability_4.1.2.csv
PATCH_api_v1_tasks_taskId_checklists_id,PATCH,/api/v1/tasks/{taskId}/checklists/{id},21220,ChecklistPatch,Checklist,Task.Update,"200,400,401,403,404,409,412,422,428",Conditional,If-Match required,FR-049,AC-352;AC-353;AC-354;AC-355;AC-356;AC-357;AC-358,SCR-033;STATE-007;STATE-008;STATE-009;STATE-014;STATE-017;STATE-018;STATE-020;STATE-021;STATE-024;STATE-025;STATE-026;STATE-031;STATE-032;STATE-033;STATE-034;STATE-039,True,True,Trace-mapped,Operation-level: OpenAPI + api_catalog.csv + Stage_4_Requirements_Traceability_4.1.2.csv
GET_api_v1_today,GET,/api/v1/today,21345,"query:timezone,cursor,limit",TodayPage,Calendar.Read,"200,400,401,403,422",Safe,—,FR-017,AC-147;AC-148;AC-149;AC-150,STATE-007;STATE-008;STATE-021;STATE-026;STATE-031;STATE-032;STATE-033;STATE-034;STATE-039,True,True,Trace-mapped,Operation-level: OpenAPI + api_catalog.csv + Stage_4_Requirements_Traceability_4.1.2.csv
GET_api_v1_trash,GET,/api/v1/trash,21445,"query:type,deletedBy,purgeBefore,page",Page<TrashEntry>,Trash.Read,"200,400,401,403",Safe,—,FR-168,AC-1041;AC-1042;AC-1043,STATE-008;STATE-021;STATE-026;STATE-031;STATE-032;STATE-033;STATE-034;STATE-039,True,True,Trace-mapped,Operation-level: OpenAPI + api_catalog.csv + Stage_4_Requirements_Traceability_4.1.2.csv
DELETE_api_v1_trash_objectId,DELETE,/api/v1/trash/{objectId},21536,PurgeRequest,BackgroundJobRun,Trash.Purge,"202,400,401,403,404,409,412,422,428",Idempotency-Key,If-Match,FR-169,AC-1044;AC-1045;AC-1046;AC-1047;AC-1048;AC-1049;AC-1050,FLOW-028;STATE-007;STATE-008;STATE-009;STATE-014;STATE-017;STATE-018;STATE-020;STATE-021;STATE-024;STATE-025;STATE-026;STATE-031;STATE-032;STATE-033;STATE-034;STATE-039,True,True,Trace-mapped,Operation-level: OpenAPI + api_catalog.csv + Stage_4_Requirements_Traceability_4.1.2.csv
POST_api_v1_trash_objectId_restore,POST,/api/v1/trash/{objectId}/restore,21658,RestoreRequest,ObjectReference,Trash.Restore,"200,400,401,403,404,409,412,422,428",Idempotency-Key,If-Match,FR-170,AC-1051;AC-1052;AC-1053;AC-1054;AC-1055;AC-1056;AC-1057,FLOW-028;STATE-007;STATE-008;STATE-009;STATE-014;STATE-017;STATE-018;STATE-020;STATE-021;STATE-024;STATE-025;STATE-026;STATE-031;STATE-032;STATE-033;STATE-034;STATE-039,True,True,Trace-mapped,Operation-level: OpenAPI + api_catalog.csv + Stage_4_Requirements_Traceability_4.1.2.csv
GET_api_v1_users,GET,/api/v1/users,21780,"query: filter,sort,page,cursor",Page<User>,User.Read,"200,400,401,403",Safe,—,FR-221;FR-223;FR-228;FR-241,AC-1310;AC-1311;AC-1312;AC-1320;AC-1321;AC-1322;AC-1348;AC-1349;AC-1350;AC-1400;AC-1401;AC-1402,SCR-172;STATE-008;STATE-009;STATE-021;STATE-026;STATE-031;STATE-032;STATE-033;STATE-034;STATE-039,True,True,Trace-mapped,Operation-level: OpenAPI + api_catalog.csv + Stage_4_Requirements_Traceability_4.1.2.csv
POST_api_v1_users,POST,/api/v1/users,21871,UserCreate,User,User.Create,"201,400,401,403,409,422",Idempotency-Key,—,FR-222;FR-225;FR-226;FR-227;FR-229;FR-230,AC-1313;AC-1314;AC-1315;AC-1316;AC-1317;AC-1318;AC-1319;AC-1329;AC-1330;AC-1331;AC-1332;AC-1333;AC-1334;AC-1335;AC-1336;AC-1337;AC-1338;AC-1339;AC-1340;AC-1341;AC-1342;AC-1343;AC-1344;AC-1345;AC-1346;AC-1347;AC-1351;AC-1352;AC-1353;AC-1354;AC-1355;AC-1356;AC-1357;AC-1358;AC-1359;AC-1360,FLOW-029;SCR-173;SCR-174;STATE-007;STATE-008;STATE-009;STATE-014;STATE-017;STATE-018;STATE-020;STATE-021;STATE-024;STATE-025;STATE-026;STATE-031;STATE-032;STATE-033;STATE-034;STATE-039,True,True,Trace-mapped,Operation-level: OpenAPI + api_catalog.csv + Stage_4_Requirements_Traceability_4.1.2.csv
GET_api_v1_users_id,GET,/api/v1/users/{id},21965,path:id,User,User.Read,"200,401,403,404",Safe,—,FR-223;FR-228;FR-241,AC-1320;AC-1321;AC-1322;AC-1348;AC-1349;AC-1350;AC-1400;AC-1401;AC-1402,SCR-172;STATE-008;STATE-009;STATE-021;STATE-026;STATE-031;STATE-032;STATE-033;STATE-034;STATE-039,True,True,Trace-mapped,Operation-level: OpenAPI + api_catalog.csv + Stage_4_Requirements_Traceability_4.1.2.csv
PATCH_api_v1_users_id,PATCH,/api/v1/users/{id},22025,UserPatch,User,User.Update,"200,400,401,403,404,409,412,422,428",Conditional,If-Match required,FR-224,AC-1323;AC-1324;AC-1325;AC-1326;AC-1327;AC-1328,SCR-172;STATE-007;STATE-008;STATE-009;STATE-014;STATE-017;STATE-018;STATE-020;STATE-021;STATE-024;STATE-025;STATE-026;STATE-031;STATE-032;STATE-033;STATE-034;STATE-039,True,True,Trace-mapped,Operation-level: OpenAPI + api_catalog.csv + Stage_4_Requirements_Traceability_4.1.2.csv
POST_api_v1_users_id_activate,POST,/api/v1/users/{id}/activate,22144,ActivationRequest,User,User.Create,"200,401,403,404,409,412,422,428",Idempotency-Key,If-Match,FR-225,AC-1329;AC-1330;AC-1331;AC-1332;AC-1333;AC-1334;AC-1335,SCR-173;STATE-007;STATE-008;STATE-009;STATE-014;STATE-017;STATE-018;STATE-020;STATE-024;STATE-025;STATE-031;STATE-032;STATE-033;STATE-034;STATE-039,True,True,Trace-mapped,Operation-level: OpenAPI + api_catalog.csv + Stage_4_Requirements_Traceability_4.1.2.csv
POST_api_v1_users_id_block,POST,/api/v1/users/{id}/block,22258,BlockUserRequest,User,User.Block,"200,401,403,404,409,412,428",Idempotency-Key,If-Match,FR-226,AC-1336;AC-1337;AC-1338;AC-1339;AC-1340;AC-1341,FLOW-029;SCR-174;STATE-007;STATE-008;STATE-009;STATE-014;STATE-017;STATE-018;STATE-020;STATE-024;STATE-025;STATE-031;STATE-032;STATE-033;STATE-034;STATE-039,True,True,Trace-mapped,Operation-level: OpenAPI + api_catalog.csv + Stage_4_Requirements_Traceability_4.1.2.csv
POST_api_v1_users_id_deactivate,POST,/api/v1/users/{id}/deactivate,22359,DeactivateUserRequest,User,User.Block,"200,401,403,404,409,412,428",Idempotency-Key,If-Match required,FR-227,AC-1342;AC-1343;AC-1344;AC-1345;AC-1346;AC-1347,SCR-174;STATE-007;STATE-008;STATE-009;STATE-014;STATE-017;STATE-018;STATE-020;STATE-024;STATE-025;STATE-031;STATE-032;STATE-033;STATE-034;STATE-039,True,True,Trace-mapped,Operation-level: OpenAPI + api_catalog.csv + Stage_4_Requirements_Traceability_4.1.2.csv
GET_api_v1_users_id_effective_permissions,GET,/api/v1/users/{id}/effective-permissions,22460,"query:objectType,objectId",EffectivePermissions,Authorization.Explain,"200,400,401,403,404",Safe,—,FR-228,AC-1348;AC-1349;AC-1350,STATE-008;STATE-009;STATE-021;STATE-026;STATE-031;STATE-032;STATE-033;STATE-034;STATE-039,True,True,Trace-mapped,Operation-level: OpenAPI + api_catalog.csv + Stage_4_Requirements_Traceability_4.1.2.csv
GET_api_v1_users_id_history,GET,/api/v1/users/{id}/history,22544,"query:cursor,page",Page<HistoryEntry>,History.Read,"200,401,403,404",Safe,—,FR-241,AC-1400;AC-1401;AC-1402,STATE-008;STATE-009;STATE-031;STATE-032;STATE-033;STATE-034;STATE-039,True,True,Trace-mapped,Operation-level: OpenAPI + api_catalog.csv + Stage_4_Requirements_Traceability_4.1.2.csv
POST_api_v1_users_id_reactivate,POST,/api/v1/users/{id}/reactivate,22627,—,User,User.Block,"200,401,403,404,409,412,428",Idempotent,If-Match required,FR-229,AC-1351;AC-1352;AC-1353;AC-1354;AC-1355,SCR-174;STATE-007;STATE-008;STATE-009;STATE-014;STATE-017;STATE-018;STATE-020;STATE-024;STATE-025;STATE-031;STATE-032;STATE-033;STATE-034;STATE-039,True,True,Trace-mapped,Operation-level: OpenAPI + api_catalog.csv + Stage_4_Requirements_Traceability_4.1.2.csv
PUT_api_v1_users_id_roles,PUT,/api/v1/users/{id}/roles,22719,UserRolesReplace,UserRole[],User.ManageRoles,"200,400,401,403,404,409,412,422,428",Idempotency-Key,If-Match user,FR-220,AC-1303;AC-1304;AC-1305;AC-1306;AC-1307;AC-1308;AC-1309,SCR-172;STATE-007;STATE-008;STATE-009;STATE-014;STATE-017;STATE-018;STATE-020;STATE-021;STATE-024;STATE-025;STATE-026;STATE-031;STATE-032;STATE-033;STATE-034;STATE-039,True,True,Trace-mapped,Operation-level: OpenAPI + api_catalog.csv + Stage_4_Requirements_Traceability_4.1.2.csv
POST_api_v1_users_id_unblock,POST,/api/v1/users/{id}/unblock,22844,—,User,User.Block,"200,401,403,404,409,412,428",Idempotent,If-Match,FR-230,AC-1356;AC-1357;AC-1358;AC-1359;AC-1360,SCR-174;STATE-007;STATE-008;STATE-009;STATE-014;STATE-017;STATE-018;STATE-020;STATE-024;STATE-025;STATE-031;STATE-032;STATE-033;STATE-034;STATE-039,True,True,Trace-mapped,Operation-level: OpenAPI + api_catalog.csv + Stage_4_Requirements_Traceability_4.1.2.csv
GET_health_details,GET,/health/details,22936,—,HealthDetails,System.HealthRead,"200,401,403,503",Safe,—,FR-209,AC-1250;AC-1251;AC-1252,STATE-008;STATE-010;STATE-022;STATE-031;STATE-032;STATE-033;STATE-034;STATE-039,True,True,Trace-mapped,Operation-level: OpenAPI + api_catalog.csv + Stage_4_Requirements_Traceability_4.1.2.csv
GET_health_live,GET,/health/live,22993,—,Health,Anonymous/Network allowlist,"200,503",Safe,—,FR-013,AC-141,STATE-010;STATE-021;STATE-022;STATE-026,True,True,Trace-mapped,Operation-level: OpenAPI + api_catalog.csv + Stage_4_Requirements_Traceability_4.1.2.csv
GET_health_ready,GET,/health/ready,23038,—,Health,Anonymous/Network allowlist,"200,503",Safe,—,FR-014,AC-142,STATE-010;STATE-021;STATE-022;STATE-026,True,True,Trace-mapped,Operation-level: OpenAPI + api_catalog.csv + Stage_4_Requirements_Traceability_4.1.2.csv
GET_api_v1_settings_notification_urgency_scale,GET,/api/v1/settings/notification-urgency-scale,23083,—,NotificationUrgencyScale,Settings.ReadOwn,"200,401,403",Safe,—,FR-270,AC-1790,CMP-001;FLOW-038;SCR-153;STATE-002;STATE-004;STATE-008;STATE-010;STATE-011;STATE-015,True,True,Trace-mapped,Operation-level: OpenAPI + api_catalog.csv + Stage_4_Requirements_Traceability_4.1.2.csv
PUT_api_v1_settings_notification_urgency_scale,PUT,/api/v1/settings/notification-urgency-scale,23117,NotificationUrgencyScalePatch,NotificationUrgencyScale,System.Configure,"200,400,401,403,409,412,422,428",Idempotency-Key,If-Match,FR-271,AC-1791;AC-1797;AC-1798;AC-1801;AC-1819,CMP-001;FLOW-038;SCR-153;STATE-007;STATE-008;STATE-010;STATE-011;STATE-014;STATE-025,True,True,Trace-mapped,Operation-level: OpenAPI + api_catalog.csv + Stage_4_Requirements_Traceability_4.1.2.csv
POST_api_v1_settings_notification_urgency_scale_reset,POST,/api/v1/settings/notification-urgency-scale/reset,23202,—,NotificationUrgencyScale,System.Configure,"200,401,403,409,412,428",Idempotency-Key,If-Match,FR-272,AC-1796;AC-1821,CMP-001;FLOW-038;SCR-153;STATE-008;STATE-010;STATE-011;STATE-014;STATE-025,True,True,Trace-mapped,Operation-level: OpenAPI + api_catalog.csv + Stage_4_Requirements_Traceability_4.1.2.csv
